t,ex,ey,ez,cx,cy,cz,vcx,vcy,vcz,acx,acy,acz,b1x,b1y,bex,bey,q1,q2,q3,q4,qd1,qd2,qd3,qd4
0.000,0.179933,0.177720,1.139311,0.000013,-0.000109,1.275455,0.000000,0.000000,0.000000,0.000000,0.000000,0.000000,0.707107,-0.707107,0.707107,-0.707107,0.000000,0.436332,0.523599,0.000000,0.000000,0.000000,0.000000,0.000000
0.020,0.179933,0.177720,1.139311,0.000013,-0.000109,1.275455,0.000000,0.000000,0.000000,0.000002,0.000002,0.000001,0.707107,-0.707107,0.707107,-0.707107,0.000000,0.436332,0.523599,-0.000000,0.000000,-0.000001,0.000041,-0.000000
0.040,0.179933,0.177719,1.139310,0.000013,-0.000109,1.275455,0.000000,0.000000,0.000000,0.000014,0.000015,0.000005,0.707107,-0.707107,0.707107,-0.707107,0.000000,0.436332,0.523601,-0.000000,0.000000,-0.000002,0.000156,-0.000001
0.060,0.179932,0.177719,1.139310,0.000013,-0.000109,1.275455,0.000001,0.000001,0.000000,0.000047,0.000048,0.000017,0.707107,-0.707107,0.707107,-0.707107,0.000000,0.436332,0.523606,-0.000000,0.000000,-0.000004,0.000334,-0.000003
0.080,0.179931,0.177718,1.139309,0.000013,-0.000109,1.275455,0.000002,0.000002,0.000001,0.000108,0.000111,0.000037,0.707107,-0.707107,0.707107,-0.707107,0.000000,0.436332,0.523615,-0.000000,0.000000,-0.000005,0.000565,-0.000004
0.100,0.179930,0.177716,1.139308,0.000013,-0.000109,1.275455,0.000005,0.000005,0.000002,0.000204,0.000209,0.000069,0.707107,-0.707107,0.707107,-0.707107,0.000000,0.436332,0.523629,-0.000000,0.000000,-0.000005,0.000839,-0.000006
0.120,0.179928,0.177714,1.139307,0.000013,-0.000108,1.275455,0.000011,0.000011,0.000004,0.000340,0.000348,0.000112,0.707107,-0.707106,0.707107,-0.707107,0.000000,0.436332,0.523648,-0.000000,0.000000,-0.000002,0.001145,-0.000007
0.140,0.179925,0.177712,1.139304,0.000013,-0.000108,1.275455,0.000019,0.000020,0.000006,0.000522,0.000533,0.000168,0.707107,-0.707106,0.707107,-0.707107,0.000000,0.436332,0.523675,-0.000001,0.000000,0.000004,0.001476,-0.000009
0.160,0.179922,0.177708,1.139302,0.000014,-0.000108,1.275455,0.000032,0.000033,0.000010,0.000751,0.000766,0.000235,0.707107,-0.707106,0.707107,-0.707106,0.000000,0.436332,0.523708,-0.000001,0.000000,0.000014,0.001823,-0.000010
0.180,0.179918,0.177705,1.139299,0.000015,-0.000107,1.275455,0.000050,0.000051,0.000016,0.001030,0.001050,0.000314,0.707108,-0.707106,0.707107,-0.707106,0.000000,0.436333,0.523748,-0.000001,0.000000,0.000029,0.002178,-0.000011
0.200,0.179914,0.177701,1.139295,0.000016,-0.000105,1.275456,0.000073,0.000075,0.000023,0.001362,0.001387,0.000402,0.707108,-0.707106,0.707107,-0.707106,0.000000,0.436333,0.523795,-0.000001,0.000000,0.000051,0.002534,-0.000011
0.220,0.179909,0.177696,1.139291,0.000018,-0.000104,1.275456,0.000104,0.000106,0.000032,0.001746,0.001777,0.000499,0.707108,-0.707106,0.707107,-0.707106,0.000000,0.436335,0.523849,-0.000001,0.000000,0.000080,0.002884,-0.000011
0.240,0.179904,0.177692,1.139287,0.000020,-0.000101,1.275457,0.000144,0.000146,0.000043,0.002183,0.002219,0.000603,0.707108,-0.707105,0.707108,-0.707106,0.000000,0.436337,0.523910,-0.000002,0.000000,0.000117,0.003222,-0.000011
0.260,0.179900,0.177687,1.139282,0.000023,-0.000098,1.275458,0.000192,0.000196,0.000056,0.002671,0.002713,0.000711,0.707108,-0.707105,0.707108,-0.707106,0.000000,0.436339,0.523978,-0.000002,0.000000,0.000164,0.003542,-0.000010
0.280,0.179896,0.177683,1.139277,0.000028,-0.000093,1.275459,0.000251,0.000255,0.000072,0.003209,0.003257,0.000821,0.707109,-0.707105,0.707108,-0.707106,0.000000,0.436343,0.524051,-0.000002,0.000000,0.000222,0.003840,-0.000009
0.300,0.179892,0.177680,1.139272,0.000033,-0.000087,1.275461,0.000321,0.000326,0.000089,0.003797,0.003849,0.000931,0.707109,-0.707105,0.707108,-0.707106,0.000000,0.436348,0.524131,-0.000002,0.000000,0.000293,0.004111,-0.000007
0.320,0.179889,0.177677,1.139267,0.000041,-0.000080,1.275463,0.000403,0.000409,0.000109,0.004430,0.004487,0.001037,0.707109,-0.707105,0.707108,-0.707106,0.000000,0.436355,0.524216,-0.000002,0.000000,0.000377,0.004351,-0.000004
0.340,0.179888,0.177676,1.139262,0.000050,-0.000071,1.275465,0.000498,0.000506,0.000130,0.005108,0.005168,0.001137,0.707109,-0.707104,0.707108,-0.707105,0.000000,0.436364,0.524305,-0.000002,0.000000,0.000476,0.004556,-0.000002
0.360,0.179888,0.177676,1.139257,0.000061,-0.000060,1.275468,0.000608,0.000616,0.000154,0.005826,0.005888,0.001228,0.707109,-0.707104,0.707108,-0.707105,0.000000,0.436374,0.524398,-0.000002,0.000000,0.000591,0.004724,0.000002
0.380,0.179890,0.177678,1.139252,0.000074,-0.000046,1.275471,0.000732,0.000742,0.000180,0.006583,0.006646,0.001308,0.707109,-0.707104,0.707108,-0.707105,0.000000,0.436387,0.524493,-0.000002,0.000000,0.000725,0.004852,0.000005
0.400,0.179894,0.177682,1.139247,0.000090,-0.000030,1.275475,0.000871,0.000882,0.000206,0.007374,0.007438,0.001373,0.707109,-0.707104,0.707108,-0.707105,0.000000,0.436403,0.524591,-0.000002,0.000000,0.000878,0.004939,0.000009
0.420,0.179900,0.177689,1.139243,0.000109,-0.000011,1.275480,0.001027,0.001039,0.000234,0.008198,0.008260,0.001421,0.707109,-0.707104,0.707108,-0.707105,0.000000,0.436423,0.524691,-0.000002,0.000000,0.001052,0.004984,0.000013
0.440,0.179910,0.177699,1.139239,0.000131,0.000012,1.275484,0.001199,0.001213,0.000263,0.009051,0.009110,0.001449,0.707109,-0.707105,0.707108,-0.707105,0.000000,0.436446,0.524791,-0.000002,0.000000,0.001248,0.004985,0.000017
0.460,0.179924,0.177713,1.139236,0.000157,0.000038,1.275490,0.001389,0.001404,0.000292,0.009931,0.009985,0.001457,0.707109,-0.707105,0.707108,-0.707105,0.000000,0.436473,0.524890,-0.000001,0.000000,0.001470,0.004943,0.000021
0.480,0.179941,0.177730,1.139234,0.000187,0.000068,1.275496,0.001597,0.001613,0.000321,0.010835,0.010883,0.001441,0.707109,-0.707105,0.707108,-0.707105,0.000000,0.436505,0.524988,-0.000001,0.000000,0.001717,0.004858,0.000025
0.500,0.179962,0.177752,1.139232,0.000221,0.000102,1.275503,0.001823,0.001839,0.000350,0.011760,0.011800,0.001400,0.707108,-0.707105,0.707108,-0.707105,0.000000,0.436542,0.525084,-0.000000,0.000000,0.001992,0.004730,0.000029
0.520,0.179988,0.177778,1.139231,0.000260,0.000142,1.275510,0.002067,0.002085,0.000377,0.012705,0.012736,0.001334,0.707108,-0.707106,0.707108,-0.707106,0.000000,0.436584,0.525177,0.000000,0.000000,0.002298,0.004563,0.000032
0.540,0.180020,0.177810,1.139231,0.000304,0.000186,1.275518,0.002331,0.002349,0.000403,0.013669,0.013690,0.001242,0.707107,-0.707106,0.707108,-0.707106,0.000000,0.436634,0.525266,0.000001,0.000000,0.002634,0.004356,0.000034
0.560,0.180057,0.177848,1.139231,0.000353,0.000236,1.275526,0.002614,0.002632,0.000427,0.014651,0.014660,0.001123,0.707107,-0.707107,0.707108,-0.707106,0.000000,0.436690,0.525351,0.000002,0.000000,0.003004,0.004112,0.000036
0.580,0.180100,0.177891,1.139233,0.000409,0.000291,1.275535,0.002917,0.002935,0.000448,0.015650,0.015646,0.000977,0.707106,-0.707107,0.707107,-0.707106,0.000000,0.436754,0.525430,0.000003,0.000000,0.003409,0.003830,0.000037
0.600,0.180150,0.177941,1.139235,0.000470,0.000353,1.275544,0.003240,0.003258,0.000465,0.016666,0.016649,0.000806,0.707106,-0.707108,0.707107,-0.707106,0.000000,0.436827,0.525504,0.000003,0.000000,0.003851,0.003513,0.000036
0.620,0.180207,0.177998,1.139237,0.000538,0.000422,1.275554,0.003584,0.003602,0.000480,0.017700,0.017669,0.000610,0.707105,-0.707108,0.707107,-0.707107,0.000000,0.436908,0.525571,0.000004,0.000000,0.004331,0.003161,0.000035
0.640,0.180271,0.178063,1.139241,0.000614,0.000497,1.275563,0.003948,0.003965,0.000490,0.018751,0.018707,0.000390,0.707105,-0.707109,0.707107,-0.707107,0.000000,0.437000,0.525630,0.000005,0.000000,0.004851,0.002773,0.000032
0.660,0.180343,0.178135,1.139245,0.000696,0.000581,1.275573,0.004334,0.004350,0.000495,0.019820,0.019763,0.000148,0.707104,-0.707109,0.707106,-0.707107,0.000000,0.437103,0.525681,0.000005,0.000000,0.005412,0.002350,0.000028
0.680,0.180423,0.178215,1.139250,0.000787,0.000672,1.275583,0.004741,0.004756,0.000495,0.020908,0.020840,-0.000116,0.707104,-0.707110,0.707106,-0.707107,0.000000,0.437217,0.525724,0.000006,0.000000,0.006015,0.001893,0.000022
0.700,0.180513,0.178305,1.139255,0.000886,0.000771,1.275593,0.005170,0.005184,0.000490,0.022017,0.021938,-0.000398,0.707103,-0.707110,0.707106,-0.707108,0.000000,0.437344,0.525757,0.000006,0.000000,0.006663,0.001400,0.000015
0.720,0.180611,0.178404,1.139261,0.000994,0.000879,1.275603,0.005622,0.005634,0.000479,0.023146,0.023059,-0.000698,0.707103,-0.707111,0.707105,-0.707108,0.000000,0.437484,0.525780,0.000006,0.000000,0.007356,0.000872,0.000007
0.740,0.180720,0.178512,1.139267,0.001111,0.000996,1.275612,0.006096,0.006106,0.000462,0.024298,0.024204,-0.001012,0.707102,-0.707111,0.707105,-0.707109,0.000000,0.437638,0.525791,0.000006,0.000000,0.008096,0.000308,-0.000003
0.760,0.180838,0.178631,1.139273,0.001238,0.001124,1.275621,0.006594,0.006602,0.000439,0.025474,0.025376,-0.001340,0.707102,-0.707111,0.707105,-0.707109,0.000000,0.437808,0.525792,0.000006,0.000000,0.008883,-0.000294,-0.000015
0.780,0.180968,0.178760,1.139280,0.001375,0.001261,1.275630,0.007115,0.007121,0.000409,0.026675,0.026577,-0.001678,0.707102,-0.707112,0.707104,-0.707109,0.000000,0.437994,0.525779,0.000006,0.000000,0.009719,-0.000935,-0.000029
0.800,0.181109,0.178901,1.139286,0.001523,0.001409,1.275637,0.007661,0.007665,0.000372,0.027902,0.027807,-0.002024,0.707102,-0.707112,0.707104,-0.707110,0.000000,0.438197,0.525754,0.000005,0.000000,0.010606,-0.001615,-0.000044
0.820,0.181261,0.179054,1.139293,0.001682,0.001567,1.275644,0.008232,0.008234,0.000328,0.029157,0.029069,-0.002376,0.707102,-0.707112,0.707103,-0.707110,0.000000,0.438418,0.525715,0.000004,0.000000,0.011543,-0.002336,-0.000061
0.840,0.181427,0.179219,1.139300,0.001852,0.001738,1.275650,0.008828,0.008828,0.000277,0.030440,0.030364,-0.002731,0.707102,-0.707112,0.707103,-0.707111,0.000000,0.438659,0.525660,0.000003,0.000000,0.012533,-0.003101,-0.000079
0.860,0.181605,0.179397,1.139306,0.002035,0.001921,1.275655,0.009450,0.009449,0.000218,0.031752,0.031694,-0.003088,0.707102,-0.707112,0.707102,-0.707112,0.000000,0.438920,0.525590,0.000001,0.000000,0.013576,-0.003911,-0.000099
0.880,0.181796,0.179588,1.139313,0.002230,0.002116,1.275659,0.010098,0.010096,0.000153,0.033096,0.033060,-0.003444,0.707102,-0.707112,0.707101,-0.707112,0.000000,0.439202,0.525504,-0.000001,0.000000,0.014672,-0.004768,-0.000121
0.900,0.182002,0.179794,1.139319,0.002439,0.002325,1.275661,0.010774,0.010771,0.000081,0.034470,0.034463,-0.003796,0.707102,-0.707112,0.707100,-0.707113,0.000000,0.439507,0.525399,-0.000004,0.000000,0.015824,-0.005675,-0.000144
0.920,0.182223,0.180014,1.139324,0.002662,0.002547,1.275662,0.011477,0.011475,0.000001,0.035876,0.035904,-0.004144,0.707102,-0.707111,0.707099,-0.707114,0.000000,0.439836,0.525276,-0.000007,0.000000,0.017030,-0.006635,-0.000169
0.940,0.182459,0.180249,1.139329,0.002898,0.002784,1.275661,0.012209,0.012208,-0.000085,0.037313,0.037383,-0.004484,0.707103,-0.707111,0.707098,-0.707115,0.000000,0.440189,0.525133,-0.000011,0.000000,0.018293,-0.007650,-0.000195
0.960,0.182711,0.180501,1.139334,0.003150,0.003036,1.275659,0.012970,0.012971,-0.000178,0.038781,0.038900,-0.004817,0.707103,-0.707111,0.707097,-0.707117,0.000000,0.440568,0.524970,-0.000015,0.000000,0.019613,-0.008723,-0.000223
0.980,0.182980,0.180769,1.139338,0.003417,0.003303,1.275654,0.013760,0.013764,-0.000278,0.040281,0.040456,-0.005139,0.707103,-0.707110,0.707095,-0.707118,0.000000,0.440974,0.524784,-0.000020,0.000000,0.020990,-0.009858,-0.000252
1.000,0.183266,0.181055,1.139341,0.003701,0.003587,1.275648,0.014581,0.014589,-0.000384,0.041810,0.042049,-0.005450,0.707103,-0.707110,0.707093,-0.707120,0.000000,0.441408,0.524575,-0.000025,0.000000,0.022426,-0.011059,-0.000282
1.020,0.183571,0.181359,1.139344,0.004001,0.003887,1.275639,0.015433,0.015446,-0.000496,0.043367,0.043679,-0.005750,0.707104,-0.707110,0.707091,-0.707122,0.000000,0.441871,0.524341,-0.000031,0.000000,0.023920,-0.012329,-0.000313
1.040,0.183894,0.181682,1.139347,0.004318,0.004205,1.275628,0.016316,0.016336,-0.000613,0.044952,0.045343,-0.006037,0.707104,-0.707110,0.707089,-0.707125,0.000000,0.442365,0.524081,-0.000038,0.000000,0.025472,-0.013670,-0.000345
1.060,0.184237,0.182024,1.139348,0.004654,0.004540,1.275614,0.017231,0.017260,-0.000737,0.046561,0.047040,-0.006311,0.707104,-0.707110,0.707086,-0.707128,0.000000,0.442890,0.523794,-0.000045,0.000000,0.027084,-0.015087,-0.000378
1.080,0.184601,0.182386,1.139349,0.005008,0.004895,1.275598,0.018179,0.018218,-0.000866,0.048191,0.048767,-0.006572,0.707103,-0.707110,0.707082,-0.707131,0.000000,0.443449,0.523477,-0.000053,0.000000,0.028756,-0.016582,-0.000412
1.100,0.184985,0.182770,1.139349,0.005381,0.005269,1.275580,0.019159,0.019211,-0.001000,0.049841,0.050522,-0.006821,0.707103,-0.707111,0.707078,-0.707135,0.000000,0.444041,0.523130,-0.000061,0.000000,0.030486,-0.018158,-0.000447
1.120,0.185392,0.183176,1.139349,0.005774,0.005664,1.275558,0.020172,0.020239,-0.001139,0.051508,0.052301,-0.007058,0.707102,-0.707111,0.707074,-0.707140,0.000000,0.444669,0.522751,-0.000071,0.000000,0.032277,-0.019815,-0.000482
1.140,0.185821,0.183605,1.139348,0.006188,0.006079,1.275534,0.021219,0.021303,-0.001282,0.053186,0.054101,-0.007282,0.707101,-0.707113,0.707069,-0.707145,0.000000,0.445333,0.522337,-0.000081,0.000000,0.034126,-0.021557,-0.000518
1.160,0.186275,0.184057,1.139346,0.006623,0.006516,1.275507,0.022300,0.022403,-0.001430,0.054874,0.055918,-0.007496,0.707099,-0.707114,0.707063,-0.707151,0.000000,0.446034,0.521888,-0.000091,0.000000,0.036035,-0.023384,-0.000554
1.180,0.186752,0.184534,1.139344,0.007080,0.006976,1.275477,0.023414,0.023540,-0.001582,0.056567,0.057750,-0.007700,0.707097,-0.707117,0.707056,-0.707158,0.000000,0.446774,0.521401,-0.000103,0.000000,0.038002,-0.025297,-0.000592
1.200,0.187255,0.185037,1.139341,0.007560,0.007458,1.275444,0.024563,0.024713,-0.001738,0.058262,0.059591,-0.007894,0.707094,-0.707119,0.707048,-0.707165,0.000000,0.447555,0.520875,-0.000115,0.000000,0.040028,-0.027296,-0.000629
1.220,0.187784,0.185565,1.139338,0.008063,0.007964,1.275407,0.025745,0.025924,-0.001897,0.059954,0.061437,-0.008080,0.707091,-0.707123,0.707039,-0.707174,0.000000,0.448376,0.520309,-0.000128,0.000000,0.042112,-0.029384,-0.000668
1.240,0.188341,0.186121,1.139335,0.008590,0.008495,1.275368,0.026961,0.027171,-0.002061,0.061638,0.063285,-0.008259,0.707086,-0.707128,0.707029,-0.707184,0.000000,0.449239,0.519699,-0.000142,0.000000,0.044252,-0.031558,-0.000707
1.260,0.188925,0.186704,1.139331,0.009142,0.009052,1.275325,0.028210,0.028455,-0.002228,0.063312,0.065129,-0.008432,0.707081,-0.707133,0.707018,-0.707195,0.000000,0.450146,0.519046,-0.000156,0.000000,0.046450,-0.033819,-0.000746
1.280,0.189537,0.187316,1.139327,0.009719,0.009634,1.275279,0.029493,0.029776,-0.002398,0.064970,0.066966,-0.008600,0.707074,-0.707140,0.707005,-0.707208,0.000000,0.451098,0.518346,-0.000171,0.000000,0.048702,-0.036166,-0.000786
1.300,0.190180,0.187958,1.139323,0.010322,0.010243,1.275229,0.030809,0.031134,-0.002572,0.066608,0.068792,-0.008765,0.707066,-0.707147,0.706991,-0.707222,0.000000,0.452095,0.517599,-0.000188,0.000000,0.051010,-0.038598,-0.000827
1.320,0.190852,0.188631,1.139319,0.010951,0.010879,1.275176,0.032157,0.032528,-0.002749,0.068222,0.070602,-0.008928,0.707057,-0.707157,0.706975,-0.707238,0.000000,0.453139,0.516802,-0.000205,0.000000,0.053371,-0.041114,-0.000868
1.340,0.191556,0.189334,1.139315,0.011608,0.011544,1.275119,0.033538,0.033958,-0.002929,0.069808,0.072391,-0.009089,0.707046,-0.707167,0.706957,-0.707256,0.000000,0.454230,0.515953,-0.000222,0.000000,0.055784,-0.043711,-0.000911
1.360,0.192292,0.190070,1.139311,0.012293,0.012238,1.275059,0.034949,0.035423,-0.003112,0.071362,0.074156,-0.009250,0.707034,-0.707180,0.706938,-0.707276,0.000000,0.455370,0.515053,-0.000241,0.000000,0.058249,-0.046389,-0.000954
1.380,0.193060,0.190838,1.139307,0.013006,0.012961,1.274994,0.036392,0.036924,-0.003299,0.072879,0.075894,-0.009413,0.707020,-0.707194,0.706916,-0.707298,0.000000,0.456560,0.514097,-0.000261,0.000000,0.060764,-0.049144,-0.000998
1.400,0.193862,0.191640,1.139303,0.013749,0.013715,1.274927,0.037864,0.038459,-0.003489,0.074356,0.077599,-0.009577,0.707003,-0.707210,0.706891,-0.707322,0.000000,0.457801,0.513086,-0.000281,0.000000,0.063327,-0.051974,-0.001042
1.420,0.194699,0.192476,1.139300,0.014521,0.014500,1.274855,0.039366,0.040027,-0.003682,0.075789,0.079269,-0.009745,0.706985,-0.707229,0.706864,-0.707350,0.000000,0.459094,0.512018,-0.000302,0.000000,0.065937,-0.054875,-0.001089
1.440,0.195570,0.193347,1.139297,0.015324,0.015316,1.274779,0.040895,0.041629,-0.003879,0.077175,0.080900,-0.009916,0.706963,-0.707250,0.706834,-0.707379,0.000000,0.460439,0.510891,-0.000324,0.000000,0.068592,-0.057845,-0.001136
1.460,0.196477,0.194254,1.139294,0.016157,0.016165,1.274700,0.042452,0.043263,-0.004079,0.078511,0.082489,-0.010091,0.706940,-0.707274,0.706801,-0.707412,0.000000,0.461838,0.509704,-0.000348,0.000000,0.071290,-0.060879,-0.001184
1.480,0.197421,0.195198,1.139291,0.017022,0.017047,1.274616,0.044036,0.044928,-0.004282,0.079793,0.084035,-0.010271,0.706913,-0.707301,0.706765,-0.707449,0.000000,0.463291,0.508455,-0.000372,0.000000,0.074030,-0.063973,-0.001234
1.500,0.198401,0.196178,1.139289,0.017919,0.017963,1.274528,0.045644,0.046624,-0.004490,0.081020,0.085534,-0.010455,0.706883,-0.707331,0.706725,-0.707489,0.000000,0.464799,0.507144,-0.000397,0.000000,0.076810,-0.067124,-0.001286
1.520,0.199420,0.197196,1.139287,0.018848,0.018912,1.274437,0.047276,0.048349,-0.004701,0.082188,0.086984,-0.010645,0.706850,-0.707364,0.706681,-0.707532,0.000000,0.466363,0.505770,-0.000423,0.000000,0.079627,-0.070326,-0.001339
1.540,0.200476,0.198252,1.139286,0.019810,0.019897,1.274340,0.048931,0.050103,-0.004915,0.083297,0.088385,-0.010838,0.706813,-0.707401,0.706633,-0.707580,0.000000,0.467984,0.504331,-0.000451,0.000000,0.082479,-0.073575,-0.001394
1.560,0.201572,0.199347,1.139285,0.020805,0.020917,1.274240,0.050607,0.051885,-0.005134,0.084344,0.089734,-0.011036,0.706772,-0.707442,0.706581,-0.707633,0.000000,0.469663,0.502827,-0.000479,0.000000,0.085364,-0.076865,-0.001451
1.580,0.202707,0.200481,1.139285,0.021834,0.021972,1.274135,0.052304,0.053692,-0.005357,0.085329,0.091032,-0.011237,0.706726,-0.707487,0.706524,-0.707690,0.000000,0.471399,0.501256,-0.000509,0.000000,0.088280,-0.080194,-0.001510
1.600,0.203881,0.201655,1.139285,0.022898,0.023064,1.274026,0.054020,0.055525,-0.005584,0.086249,0.092278,-0.011441,0.706676,-0.707537,0.706461,-0.707752,0.000000,0.473194,0.499619,-0.000539,0.000000,0.091223,-0.083555,-0.001570
1.620,0.205097,0.202869,1.139285,0.023995,0.024194,1.273912,0.055754,0.057383,-0.005814,0.087106,0.093471,-0.011646,0.706621,-0.707592,0.706394,-0.707819,0.000000,0.475048,0.497914,-0.000571,0.000000,0.094191,-0.086945,-0.001633
1.640,0.206353,0.204123,1.139286,0.025128,0.025360,1.273793,0.057504,0.059264,-0.006049,0.087897,0.094611,-0.011853,0.706561,-0.707652,0.706320,-0.707892,0.000000,0.476962,0.496141,-0.000605,0.000000,0.097180,-0.090359,-0.001697
1.660,0.207650,0.205419,1.139287,0.026295,0.026564,1.273670,0.059269,0.061167,-0.006289,0.088623,0.095699,-0.012058,0.706496,-0.707717,0.706241,-0.707972,0.000000,0.478936,0.494299,-0.000639,0.000000,0.100188,-0.093791,-0.001763
1.680,0.208989,0.206755,1.139289,0.027499,0.027807,1.273541,0.061048,0.063092,-0.006532,0.089283,0.096735,-0.012262,0.706424,-0.707789,0.706155,-0.708057,0.000000,0.480970,0.492389,-0.000675,0.000000,0.103211,-0.097239,-0.001831
1.700,0.210371,0.208134,1.139291,0.028738,0.029088,1.273408,0.062840,0.065036,-0.006779,0.089879,0.097720,-0.012462,0.706346,-0.707867,0.706062,-0.708150,0.000000,0.483064,0.490410,-0.000713,0.000000,0.106245,-0.100696,-0.001900
1.720,0.211794,0.209554,1.139293,0.030012,0.030408,1.273270,0.064643,0.067000,-0.007030,0.090409,0.098653,-0.012658,0.706261,-0.707952,0.705962,-0.708250,0.000000,0.485219,0.488361,-0.000751,0.000000,0.109288,-0.104159,-0.001970
1.740,0.213260,0.211015,1.139295,0.031323,0.031768,1.273127,0.066456,0.068982,-0.007285,0.090875,0.099537,-0.012847,0.706169,-0.708044,0.705853,-0.708358,0.000000,0.487436,0.486243,-0.000791,0.000000,0.112335,-0.107623,-0.002041
1.760,0.214770,0.212520,1.139298,0.032671,0.033168,1.272979,0.068278,0.070981,-0.007544,0.091277,0.100371,-0.013028,0.706069,-0.708143,0.705737,-0.708474,0.000000,0.489713,0.484056,-0.000833,0.000000,0.115382,-0.111083,-0.002113
1.780,0.216322,0.214066,1.139301,0.034054,0.034607,1.272825,0.070107,0.072997,-0.007806,0.091615,0.101157,-0.013199,0.705961,-0.708251,0.705612,-0.708598,0.000000,0.492051,0.481800,-0.000876,0.000000,0.118426,-0.114534,-0.002185
1.800,0.217918,0.215655,1.139304,0.035475,0.036088,1.272666,0.071942,0.075027,-0.008072,0.091891,0.101895,-0.013359,0.705844,-0.708367,0.705478,-0.708732,0.000000,0.494450,0.479475,-0.000920,0.000000,0.121461,-0.117973,-0.002257
1.820,0.219557,0.217287,1.139307,0.036932,0.037609,1.272502,0.073782,0.077072,-0.008341,0.092105,0.102586,-0.013505,0.705719,-0.708492,0.705334,-0.708875,0.000000,0.496909,0.477081,-0.000966,0.000000,0.124483,-0.121394,-0.002329
1.840,0.221240,0.218962,1.139310,0.038426,0.039171,1.272333,0.075626,0.079130,-0.008612,0.092257,0.103232,-0.013636,0.705584,-0.708627,0.705180,-0.709029,0.000000,0.499429,0.474619,-0.001013,0.000000,0.127489,-0.124794,-0.002400
1.860,0.222968,0.220679,1.139312,0.039957,0.040774,1.272158,0.077472,0.081201,-0.008886,0.092350,0.103832,-0.013751,0.705438,-0.708772,0.705015,-0.709193,0.000000,0.502009,0.472090,-0.001062,0.000000,0.130473,-0.128167,-0.002470
1.880,0.224739,0.222439,1.139315,0.041525,0.042419,1.271977,0.079319,0.083283,-0.009162,0.092383,0.104386,-0.013846,0.705282,-0.708927,0.704839,-0.709368,0.000000,0.504648,0.469493,-0.001112,0.000000,0.133430,-0.131509,-0.002538
1.900,0.226554,0.224242,1.139318,0.043130,0.044105,1.271791,0.081167,0.085376,-0.009440,0.092358,0.104897,-0.013922,0.705114,-0.709094,0.704651,-0.709555,0.000000,0.507346,0.466830,-0.001164,0.000000,0.136355,-0.134815,-0.002604
1.920,0.228414,0.226087,1.139320,0.044772,0.045834,1.271600,0.083013,0.087479,-0.009719,0.092275,0.105363,-0.013975,0.704935,-0.709272,0.704450,-0.709754,0.000000,0.510102,0.464101,-0.001216,0.000000,0.139243,-0.138081,-0.002667
1.940,0.230317,0.227976,1.139322,0.046450,0.047605,1.271403,0.084857,0.089590,-0.009999,0.092136,0.105786,-0.014004,0.704743,-0.709463,0.704237,-0.709965,0.000000,0.512915,0.461307,-0.001270,0.000000,0.142089,-0.141303,-0.002728
1.960,0.232265,0.229907,1.139324,0.048166,0.049418,1.271200,0.086698,0.091710,-0.010279,0.091940,0.106164,-0.014008,0.704538,-0.709666,0.704009,-0.710191,0.000000,0.515785,0.458449,-0.001325,0.000000,0.144887,-0.144475,-0.002784
1.980,0.234258,0.231880,1.139326,0.049918,0.051273,1.270991,0.088535,0.093837,-0.010559,0.091690,0.106497,-0.013986,0.704319,-0.709883,0.703768,-0.710430,0.000000,0.518710,0.455528,-0.001382,0.000000,0.147632,-0.147594,-0.002836
2.000,0.236294,0.233896,1.139328,0.051707,0.053171,1.270778,0.090365,0.095970,-0.010838,0.091384,0.106785,-0.013935,0.704086,-0.710115,0.703511,-0.710684,0.000000,0.521690,0.452545,-0.001439,0.000000,0.150317,-0.150654,-0.002882
2.020,0.238375,0.235954,1.139329,0.053533,0.055112,1.270558,0.092190,0.098108,-0.011116,0.091023,0.107027,-0.013854,0.703837,-0.710362,0.703239,-0.710953,0.000000,0.524722,0.449502,-0.001497,0.000000,0.152937,-0.153651,-0.002923
2.040,0.240500,0.238053,1.139329,0.055395,0.057095,1.270333,0.094006,0.100250,-0.011392,0.090609,0.107221,-0.013743,0.703572,-0.710624,0.702951,-0.711239,0.000000,0.527807,0.446400,-0.001556,0.000000,0.155486,-0.156581,-0.002958
2.060,0.242669,0.240195,1.139330,0.057293,0.059122,1.270102,0.095814,0.102396,-0.011665,0.090141,0.107366,-0.013600,0.703291,-0.710902,0.702645,-0.711540,0.000000,0.530941,0.443240,-0.001615,0.000000,0.157959,-0.159439,-0.002985
2.080,0.244881,0.242378,1.139330,0.059227,0.061191,1.269866,0.097611,0.104545,-0.011936,0.089619,0.107460,-0.013424,0.702992,-0.711198,0.702322,-0.711860,0.000000,0.534125,0.440023,-0.001675,0.000000,0.160349,-0.162219,-0.003006
2.100,0.247138,0.244602,1.139330,0.061198,0.063304,1.269625,0.099398,0.106694,-0.012202,0.089043,0.107501,-0.013214,0.702674,-0.711512,0.701980,-0.712197,0.000000,0.537355,0.436751,-0.001735,0.000000,0.162650,-0.164917,-0.003019
2.120,0.249438,0.246867,1.139329,0.063203,0.065459,1.269378,0.101173,0.108844,-0.012464,0.088413,0.107487,-0.012970,0.702337,-0.711844,0.701619,-0.712553,0.000000,0.540630,0.433427,-0.001796,0.000000,0.164858,-0.167527,-0.003023
2.140,0.251782,0.249172,1.139328,0.065244,0.067657,1.269126,0.102934,0.110993,-0.012721,0.087731,0.107417,-0.012691,0.701981,-0.712196,0.701237,-0.712928,0.000000,0.543948,0.430051,-0.001856,0.000000,0.166966,-0.170045,-0.003020
2.160,0.254169,0.251518,1.139327,0.067321,0.069899,1.268869,0.104681,0.113141,-0.012971,0.086994,0.107288,-0.012376,0.701603,-0.712568,0.700835,-0.713323,0.000000,0.547308,0.426626,-0.001917,0.000000,0.168970,-0.172464,-0.003007
2.180,0.256599,0.253903,1.139326,0.069431,0.072183,1.268608,0.106414,0.115284,-0.013215,0.086204,0.107097,-0.012024,0.701204,-0.712961,0.700411,-0.713740,0.000000,0.550706,0.423153,-0.001977,0.000000,0.170862,-0.174779,-0.002987
2.200,0.259072,0.256327,1.139324,0.071577,0.074510,1.268341,0.108129,0.117424,-0.013452,0.085360,0.106843,-0.011637,0.700782,-0.713376,0.699965,-0.714177,0.000000,0.554142,0.419635,-0.002036,0.000000,0.172638,-0.176985,-0.002957
2.220,0.261588,0.258789,1.139322,0.073757,0.076880,1.268070,0.109828,0.119558,-0.013681,0.084462,0.106523,-0.011212,0.700336,-0.713813,0.699495,-0.714638,0.000000,0.557611,0.416074,-0.002095,0.000000,0.174292,-0.179076,-0.002919
2.240,0.264146,0.261290,1.139320,0.075970,0.079292,1.267794,0.111507,0.121684,-0.013900,0.083510,0.106135,-0.010750,0.699866,-0.714274,0.699001,-0.715121,0.000000,0.561112,0.412473,-0.002153,0.000000,0.175818,-0.181046,-0.002872
2.260,0.266745,0.263829,1.139318,0.078217,0.081747,1.267514,0.113168,0.123803,-0.014110,0.082505,0.105677,-0.010252,0.699371,-0.714759,0.698482,-0.715628,0.000000,0.564643,0.408833,-0.002210,0.000000,0.177212,-0.182889,-0.002816
2.280,0.269387,0.266404,1.139316,0.080496,0.084244,1.267229,0.114807,0.125911,-0.014310,0.081446,0.105148,-0.009716,0.698849,-0.715270,0.697937,-0.716160,0.000000,0.568200,0.405158,-0.002265,0.000000,0.178467,-0.184598,-0.002752
2.300,0.272069,0.269016,1.139313,0.082809,0.086784,1.266941,0.116425,0.128008,-0.014499,0.080333,0.104544,-0.009144,0.698299,-0.715806,0.697365,-0.716717,0.000000,0.571781,0.401450,-0.002320,0.000000,0.179579,-0.186169,-0.002679
2.320,0.274792,0.271663,1.139311,0.085153,0.089365,1.266649,0.118020,0.130092,-0.014676,0.079167,0.103865,-0.008536,0.697722,-0.716369,0.696765,-0.717300,0.000000,0.575382,0.397712,-0.002372,0.000000,0.180541,-0.187594,-0.002599
2.340,0.277556,0.274345,1.139309,0.087530,0.091987,1.266354,0.119591,0.132162,-0.014840,0.077948,0.103109,-0.007891,0.697115,-0.716959,0.696136,-0.717910,0.000000,0.579001,0.393948,-0.002423,0.000000,0.181349,-0.188867,-0.002511
2.360,0.280360,0.277061,1.139306,0.089937,0.094651,1.266056,0.121138,0.134216,-0.014991,0.076677,0.102275,-0.007211,0.696478,-0.717578,0.695478,-0.718547,0.000000,0.582635,0.390159,-0.002473,0.000000,0.181997,-0.189982,-0.002415
2.380,0.283203,0.279811,1.139304,0.092375,0.097356,1.265755,0.122658,0.136253,-0.015128,0.075353,0.101363,-0.006496,0.695809,-0.718226,0.694790,-0.719213,0.000000,0.586280,0.386349,-0.002520,0.000000,0.182480,-0.190931,-0.002313
2.400,0.286084,0.282592,1.139302,0.094843,0.100101,1.265451,0.124152,0.138270,-0.015251,0.073978,0.100370,-0.005748,0.695109,-0.718904,0.694069,-0.719908,0.000000,0.589933,0.382523,-0.002565,0.000000,0.182792,-0.191709,-0.002205
2.420,0.289005,0.285405,1.139301,0.097341,0.102886,1.265145,0.125617,0.140267,-0.015358,0.072552,0.099298,-0.004966,0.694375,-0.719613,0.693317,-0.720633,0.000000,0.593591,0.378682,-0.002608,0.000000,0.182928,-0.192308,-0.002090
2.440,0.291963,0.288249,1.139299,0.099867,0.105712,1.264837,0.127053,0.142242,-0.015449,0.071076,0.098146,-0.004151,0.693607,-0.720354,0.692531,-0.721388,0.000000,0.597249,0.374832,-0.002649,0.000000,0.182884,-0.192721,-0.001971
2.460,0.294958,0.291122,1.139298,0.102423,0.108576,1.264527,0.128460,0.144192,-0.015524,0.069552,0.096916,-0.003306,0.692803,-0.721127,0.691710,-0.722175,0.000000,0.600905,0.370975,-0.002687,0.000000,0.182653,-0.192941,-0.001848
2.480,0.297990,0.294024,1.139297,0.105006,0.111479,1.264216,0.129835,0.146118,-0.015581,0.067981,0.095607,-0.002431,0.691963,-0.721932,0.690854,-0.722994,0.000000,0.604554,0.367115,-0.002723,0.000000,0.182232,-0.192961,-0.001720
2.500,0.301058,0.296953,1.139296,0.107616,0.114420,1.263904,0.131179,0.148016,-0.015621,0.066363,0.094221,-0.001527,0.691086,-0.722772,0.689962,-0.723846,0.000000,0.608193,0.363258,-0.002756,0.000000,0.181614,-0.192774,-0.001590
2.520,0.304161,0.299909,1.139296,0.110253,0.117400,1.263591,0.132489,0.149886,-0.015642,0.064702,0.092761,-0.000596,0.690171,-0.723646,0.689032,-0.724731,0.000000,0.611817,0.359406,-0.002786,0.000000,0.180795,-0.192373,-0.001458
2.540,0.307299,0.302889,1.139296,0.112915,0.120416,1.263278,0.133766,0.151726,-0.015644,0.062998,0.091228,0.000361,0.689216,-0.724556,0.688064,-0.725650,0.000000,0.615423,0.355564,-0.002814,0.000000,0.179770,-0.191751,-0.001325
2.560,0.310471,0.305894,1.139296,0.115603,0.123468,1.262966,0.135009,0.153535,-0.015627,0.061253,0.089625,0.001341,0.688221,-0.725502,0.687056,-0.726604,0.000000,0.619007,0.351737,-0.002839,0.000000,0.178538,-0.190904,-0.001191
2.580,0.313675,0.308922,1.139296,0.118315,0.126557,1.262653,0.136216,0.155311,-0.015591,0.059471,0.087956,0.002344,0.687184,-0.726484,0.686008,-0.727594,0.000000,0.622563,0.347930,-0.002862,0.000000,0.177093,-0.189827,-0.001057
2.600,0.316912,0.311970,1.139297,0.121051,0.129681,1.262342,0.137388,0.157053,-0.015534,0.057652,0.086224,0.003367,0.686104,-0.727503,0.684919,-0.728619,0.000000,0.626089,0.344146,-0.002882,0.000000,0.175434,-0.188516,-0.000924
2.620,0.320180,0.315040,1.139298,0.123811,0.132839,1.262032,0.138522,0.158759,-0.015456,0.055800,0.084433,0.004409,0.684982,-0.728560,0.683787,-0.729682,0.000000,0.629579,0.340391,-0.002899,0.000000,0.173558,-0.186966,-0.000791
2.640,0.323479,0.318128,1.139299,0.126592,0.136031,1.261724,0.139619,0.160429,-0.015357,0.053917,0.082586,0.005467,0.683814,-0.729656,0.682611,-0.730782,0.000000,0.633030,0.336669,-0.002913,0.000000,0.171464,-0.185175,-0.000660
2.660,0.326808,0.321234,1.139301,0.129395,0.139256,1.261418,0.140679,0.162062,-0.015237,0.052006,0.080688,0.006540,0.682601,-0.730791,0.681390,-0.731920,0.000000,0.636436,0.332985,-0.002925,0.000000,0.169150,-0.183140,-0.000531
2.680,0.330165,0.324356,1.139302,0.132219,0.142513,1.261115,0.141699,0.163657,-0.015095,0.050070,0.078743,0.007625,0.681341,-0.731966,0.680124,-0.733097,0.000000,0.639794,0.329345,-0.002934,0.000000,0.166617,-0.180860,-0.000405
2.700,0.333551,0.327493,1.139304,0.135063,0.145802,1.260814,0.142681,0.165212,-0.014932,0.048112,0.076757,0.008720,0.680033,-0.733182,0.678811,-0.734313,0.000000,0.643099,0.325752,-0.002941,0.000000,0.163863,-0.178333,-0.000281
2.720,0.336964,0.330643,1.139306,0.137926,0.149121,1.260517,0.143624,0.166727,-0.014747,0.046134,0.074733,0.009823,0.678676,-0.734438,0.677450,-0.735569,0.000000,0.646347,0.322213,-0.002946,0.000000,0.160888,-0.175560,-0.000159
2.740,0.340403,0.333806,1.139307,0.140807,0.152470,1.260225,0.144526,0.168201,-0.014539,0.044140,0.072677,0.010932,0.677269,-0.735735,0.676039,-0.736866,0.000000,0.649533,0.318732,-0.002948,0.000000,0.157695,-0.172540,-0.000041
2.760,0.343868,0.336979,1.139309,0.143707,0.155849,1.259936,0.145389,0.169634,-0.014309,0.042133,0.070594,0.012044,0.675811,-0.737075,0.674578,-0.738203,0.000000,0.652654,0.315313,-0.002947,0.000000,0.154283,-0.169273,0.000074
2.780,0.347357,0.340162,1.139311,0.146623,0.159256,1.259652,0.146212,0.171024,-0.014057,0.040116,0.068488,0.013158,0.674301,-0.738457,0.673066,-0.739582,0.000000,0.655703,0.311962,-0.002945,0.000000,0.150655,-0.165762,0.000185
2.800,0.350869,0.343353,1.139313,0.149555,0.162690,1.259374,0.146994,0.172373,-0.013783,0.038093,0.066366,0.014269,0.672737,-0.739882,0.671502,-0.741003,0.000000,0.658678,0.308684,-0.002940,0.000000,0.146813,-0.162007,0.000294
2.820,0.354405,0.346550,1.139315,0.152502,0.166150,1.259101,0.147735,0.173679,-0.013487,0.036066,0.064231,0.015377,0.671119,-0.741350,0.669883,-0.742467,0.000000,0.661575,0.305484,-0.002933,0.000000,0.142760,-0.158012,0.000398
2.840,0.357961,0.349752,1.139316,0.155464,0.169636,1.258835,0.148436,0.174942,-0.013168,0.034040,0.062089,0.016479,0.669444,-0.742862,0.668210,-0.743973,0.000000,0.664387,0.302365,-0.002924,0.000000,0.138499,-0.153780,0.000500
2.860,0.361539,0.352958,1.139318,0.158439,0.173148,1.258575,0.149097,0.176162,-0.012827,0.032017,0.059944,0.017572,0.667713,-0.744419,0.666480,-0.745523,0.000000,0.667113,0.299334,-0.002913,0.000000,0.134034,-0.149315,0.000598
2.880,0.365136,0.356166,1.139319,0.161428,0.176683,1.258322,0.149717,0.177340,-0.012465,0.030001,0.057802,0.018654,0.665924,-0.746020,0.664693,-0.747117,0.000000,0.669747,0.296394,-0.002900,0.000000,0.129369,-0.144620,0.000693
2.900,0.368753,0.359375,1.139320,0.164428,0.180241,1.258076,0.150297,0.178475,-0.012081,0.027996,0.055667,0.019723,0.664075,-0.747666,0.662847,-0.748755,0.000000,0.672287,0.293551,-0.002885,0.000000,0.124509,-0.139702,0.000785
2.920,0.372387,0.362583,1.139321,0.167439,0.183821,1.257839,0.150837,0.179567,-0.011676,0.026004,0.053544,0.020775,0.662165,-0.749358,0.660941,-0.750438,0.000000,0.674727,0.290808,-0.002869,0.000000,0.119458,-0.134565,0.000875
2.940,0.376038,0.365789,1.139322,0.170461,0.187423,1.257609,0.151337,0.180616,-0.011250,0.024030,0.051436,0.021809,0.660194,-0.751095,0.658974,-0.752166,0.000000,0.677064,0.288170,-0.002850,0.000000,0.114223,-0.129216,0.000962
2.960,0.379706,0.368992,1.139322,0.173493,0.191046,1.257389,0.151798,0.181624,-0.010804,0.022076,0.049347,0.022822,0.658159,-0.752879,0.656944,-0.753939,0.000000,0.679294,0.285640,-0.002830,0.000000,0.108810,-0.123661,0.001047
2.980,0.383388,0.372191,1.139322,0.176533,0.194688,1.257177,0.152221,0.182591,-0.010338,0.020146,0.047282,0.023812,0.656060,-0.754709,0.654851,-0.755758,0.000000,0.681415,0.283224,-0.002809,0.000000,0.103226,-0.117909,0.001130
3.000,0.387085,0.375383,1.139322,0.179581,0.198349,1.256975,0.152605,0.183516,-0.009852,0.018243,0.045243,0.024776,0.653894,-0.756586,0.652692,-0.757623,0.000000,0.683422,0.280925,-0.002785,0.000000,0.097477,-0.111967,0.001212
3.020,0.390795,0.378568,1.139322,0.182637,0.202028,1.256783,0.152951,0.184400,-0.009347,0.016371,0.043234,0.025713,0.651662,-0.758510,0.650467,-0.759534,0.000000,0.685313,0.278747,-0.002760,0.000000,0.091571,-0.105843,0.001294
3.040,0.394518,0.381745,1.139321,0.185699,0.205725,1.256602,0.153260,0.185245,-0.008824,0.014532,0.041257,0.026619,0.649361,-0.760481,0.648174,-0.761492,0.000000,0.687084,0.276693,-0.002733,0.000000,0.085514,-0.099545,0.001375
3.060,0.398253,0.384911,1.139320,0.188767,0.209438,1.256430,0.153532,0.186051,-0.008282,0.012729,0.039315,0.027493,0.646990,-0.762499,0.645812,-0.763497,0.000000,0.688733,0.274766,-0.002705,0.000000,0.079314,-0.093081,0.001455
3.080,0.401998,0.388067,1.139319,0.191840,0.213167,1.256270,0.153769,0.186818,-0.007724,0.010967,0.037411,0.028332,0.644547,-0.764565,0.643379,-0.765548,0.000000,0.690256,0.272971,-0.002675,0.000000,0.072979,-0.086459,0.001536
3.100,0.405753,0.391210,1.139318,0.194917,0.216910,1.256122,0.153971,0.187548,-0.007149,0.009246,0.035545,0.029135,0.642032,-0.766678,0.640873,-0.767647,0.000000,0.691651,0.271309,-0.002644,0.000000,0.066514,-0.079687,0.001616
3.120,0.409517,0.394339,1.139317,0.197999,0.220668,1.255984,0.154139,0.188240,-0.006559,0.007572,0.033720,0.029899,0.639442,-0.768840,0.638294,-0.769792,0.000000,0.692915,0.269784,-0.002611,0.000000,0.059928,-0.072774,0.001697
3.140,0.413290,0.397454,1.139315,0.201083,0.224440,1.255859,0.154274,0.188897,-0.005954,0.005946,0.031938,0.030622,0.636776,-0.771049,0.635640,-0.771985,0.000000,0.694047,0.268399,-0.002576,0.000000,0.053227,-0.065726,0.001778
3.160,0.417069,0.400553,1.139314,0.204169,0.228224,1.255746,0.154377,0.189518,-0.005334,0.004370,0.030199,0.031303,0.634033,-0.773306,0.632910,-0.774226,0.000000,0.695044,0.267156,-0.002539,0.000000,0.046420,-0.058554,0.001860
3.180,0.420856,0.403635,1.139312,0.207258,0.232020,1.255646,0.154449,0.190105,-0.004702,0.002849,0.028506,0.031939,0.631211,-0.775611,0.630101,-0.776513,0.000000,0.695903,0.266057,-0.002501,0.000000,0.039512,-0.051263,0.001942
3.200,0.424648,0.406699,1.139311,0.210347,0.235828,1.255558,0.154492,0.190659,-0.004057,0.001384,0.026859,0.032530,0.628308,-0.777964,0.627212,-0.778849,0.000000,0.696624,0.265106,-0.002462,0.000000,0.032512,-0.043864,0.002023
3.220,0.428446,0.409743,1.139310,0.213437,0.239646,1.255484,0.154505,0.191180,-0.003401,-0.000022,0.025258,0.033073,0.625324,-0.780366,0.624242,-0.781231,0.000000,0.697203,0.264304,-0.002420,0.000000,0.025427,-0.036364,0.002105
3.240,0.432247,0.412768,1.139308,0.216527,0.243475,1.255422,0.154491,0.191669,-0.002734,-0.001366,0.023706,0.033567,0.622255,-0.782815,0.621189,-0.783661,0.000000,0.697640,0.263652,-0.002378,0.000000,0.018265,-0.028772,0.002187
3.260,0.436053,0.415770,1.139307,0.219617,0.247313,1.255375,0.154451,0.192128,-0.002059,-0.002647,0.022203,0.034011,0.619101,-0.785311,0.618051,-0.786138,0.000000,0.697933,0.263153,-0.002333,0.000000,0.011032,-0.021095,0.002268
3.280,0.439861,0.418751,1.139306,0.222705,0.251160,1.255340,0.154386,0.192558,-0.001374,-0.003863,0.020749,0.034404,0.615860,-0.787856,0.614828,-0.788662,0.000000,0.698081,0.262809,-0.002287,0.000000,0.003737,-0.013343,0.002348
3.300,0.443671,0.421708,1.139305,0.225792,0.255015,1.255320,0.154297,0.192959,-0.000683,-0.005010,0.019344,0.034744,0.612530,-0.790447,0.611516,-0.791232,0.000000,0.698082,0.262620,-0.002239,0.000000,-0.003614,-0.005523,0.002427
3.320,0.447483,0.424640,1.139304,0.228877,0.258878,1.255313,0.154186,0.193332,0.000015,-0.006087,0.017991,0.035030,0.609110,-0.793086,0.608114,-0.793850,0.000000,0.697936,0.262588,-0.002190,0.000000,-0.011012,0.002355,0.002505
3.340,0.451296,0.427548,1.139303,0.231959,0.262748,1.255320,0.154054,0.193678,0.000718,-0.007092,0.016688,0.035263,0.605597,-0.795771,0.604621,-0.796513,0.000000,0.697642,0.262715,-0.002139,0.000000,-0.018451,0.010285,0.002580
3.360,0.455108,0.430429,1.139303,0.235039,0.266625,1.255342,0.153903,0.194000,0.001425,-0.008023,0.015437,0.035440,0.601990,-0.798503,0.601035,-0.799223,0.000000,0.697198,0.263000,-0.002087,0.000000,-0.025922,0.018256,0.002654
3.380,0.458921,0.433282,1.139302,0.238115,0.270508,1.255377,0.153734,0.194296,0.002135,-0.008878,0.014238,0.035563,0.598288,-0.801282,0.597353,-0.801978,0.000000,0.696605,0.263445,-0.002033,0.000000,-0.033417,0.026261,0.002724
3.400,0.462732,0.436108,1.139302,0.241188,0.274397,1.255427,0.153548,0.194569,0.002847,-0.009657,0.013091,0.035630,0.594487,-0.804105,0.593574,-0.804779,0.000000,0.695861,0.264050,-0.001978,0.000000,-0.040931,0.034290,0.002790
3.420,0.466541,0.438905,1.139302,0.244257,0.278291,1.255491,0.153348,0.194820,0.003560,-0.010357,0.011998,0.035641,0.590587,-0.806974,0.589697,-0.807625,0.000000,0.694967,0.264817,-0.001921,0.000000,-0.048453,0.042336,0.002852
3.440,0.470348,0.441672,1.139303,0.247322,0.282189,1.255570,0.153134,0.195050,0.004273,-0.010977,0.010958,0.035597,0.586585,-0.809888,0.585718,-0.810515,0.000000,0.693923,0.265744,-0.001864,0.000000,-0.055978,0.050390,0.002909
3.460,0.474152,0.444408,1.139303,0.250382,0.286092,1.255662,0.152909,0.195259,0.004984,-0.011516,0.009973,0.035498,0.582479,-0.812845,0.581637,-0.813448,0.000000,0.692728,0.266832,-0.001805,0.000000,-0.063497,0.058443,0.002961
3.480,0.477952,0.447113,1.139304,0.253438,0.290000,1.255769,0.152674,0.195449,0.005692,-0.011973,0.009044,0.035344,0.578269,-0.815846,0.577451,-0.816425,0.000000,0.691383,0.268082,-0.001745,0.000000,-0.071002,0.066486,0.003005
3.500,0.481749,0.449785,1.139305,0.256489,0.293910,1.255890,0.152431,0.195621,0.006397,-0.012347,0.008171,0.035136,0.573950,-0.818890,0.573158,-0.819445,0.000000,0.689888,0.269492,-0.001685,0.000000,-0.078485,0.074511,0.003043
3.520,0.485541,0.452425,1.139306,0.259535,0.297824,1.256025,0.152181,0.195776,0.007097,-0.012637,0.007355,0.034875,0.569522,-0.821976,0.568756,-0.822506,0.000000,0.688244,0.271062,-0.001624,0.000000,-0.085940,0.082510,0.003072
3.540,0.489328,0.455031,1.139307,0.262576,0.301741,1.256174,0.151926,0.195916,0.007792,-0.012842,0.006597,0.034563,0.564983,-0.825102,0.564243,-0.825609,0.000000,0.686451,0.272792,-0.001562,0.000000,-0.093359,0.090474,0.003093
3.560,0.493110,0.457603,1.139308,0.265612,0.305661,1.256336,0.151668,0.196041,0.008479,-0.012962,0.005899,0.034199,0.560330,-0.828269,0.559617,-0.828752,0.000000,0.684510,0.274681,-0.001500,0.000000,-0.100735,0.098395,0.003106
3.580,0.496885,0.460140,1.139309,0.268643,0.309583,1.256513,0.151408,0.196152,0.009159,-0.012997,0.005261,0.033787,0.555561,-0.831476,0.554875,-0.831934,0.000000,0.682422,0.276727,-0.001438,0.000000,-0.108062,0.106267,0.003110
3.600,0.500655,0.462641,1.139310,0.271669,0.313507,1.256703,0.151148,0.196251,0.009831,-0.012945,0.004684,0.033326,0.550675,-0.834720,0.550015,-0.835155,0.000000,0.680188,0.278931,-0.001375,0.000000,-0.115331,0.114082,0.003107
3.620,0.504417,0.465106,1.139312,0.274689,0.317433,1.256906,0.150891,0.196340,0.010492,-0.012807,0.004169,0.032820,0.545668,-0.838002,0.545035,-0.838413,0.000000,0.677809,0.281290,-0.001313,0.000000,-0.122539,0.121832,0.003095
3.640,0.508173,0.467534,1.139313,0.277704,0.321360,1.257122,0.150637,0.196419,0.011143,-0.012582,0.003716,0.032269,0.540538,-0.841319,0.539934,-0.841708,0.000000,0.675287,0.283804,-0.001252,0.000000,-0.129677,0.129511,0.003076
3.660,0.511921,0.469924,1.139314,0.280715,0.325289,1.257352,0.150388,0.196489,0.011783,-0.012271,0.003325,0.031675,0.535284,-0.844672,0.534707,-0.845038,0.000000,0.672623,0.286470,-0.001190,0.000000,-0.136741,0.137113,0.003050
3.680,0.515661,0.472277,1.139315,0.283720,0.329220,1.257593,0.150147,0.196552,0.012410,-0.011873,0.002997,0.031042,0.529904,-0.848058,0.529353,-0.848402,0.000000,0.669818,0.289288,-0.001130,0.000000,-0.143724,0.144630,0.003019
3.700,0.519393,0.474591,1.139316,0.286720,0.333151,1.257848,0.149914,0.196609,0.013024,-0.011389,0.002731,0.030369,0.524393,-0.851476,0.523870,-0.851798,0.000000,0.666874,0.292255,-0.001070,0.000000,-0.150622,0.152057,0.002982
3.720,0.523117,0.476866,1.139316,0.289716,0.337084,1.258114,0.149692,0.196662,0.013624,-0.010818,0.002527,0.029661,0.518751,-0.854925,0.518255,-0.855226,0.000000,0.663793,0.295369,-0.001011,0.000000,-0.157428,0.159389,0.002943
3.740,0.526831,0.479102,1.139317,0.292708,0.341018,1.258393,0.149482,0.196711,0.014210,-0.010160,0.002384,0.028918,0.512974,-0.858404,0.512505,-0.858684,0.000000,0.660578,0.298630,-0.000952,0.000000,-0.164138,0.166618,0.002901
3.760,0.530537,0.481298,1.139317,0.295696,0.344953,1.258683,0.149286,0.196757,0.014781,-0.009417,0.002299,0.028144,0.507061,-0.861910,0.506618,-0.862170,0.000000,0.657229,0.302033,-0.000894,0.000000,-0.170748,0.173740,0.002859
3.780,0.534234,0.483454,1.139317,0.298680,0.348888,1.258984,0.149106,0.196803,0.015336,-0.008587,0.002272,0.027339,0.501008,-0.865443,0.500592,-0.865683,0.000000,0.653748,0.305578,-0.000838,0.000000,-0.177251,0.180751,0.002819
3.800,0.537920,0.485569,1.139317,0.301660,0.352825,1.259296,0.148943,0.196849,0.015874,-0.007672,0.002299,0.026507,0.494813,-0.868999,0.494423,-0.869221,0.000000,0.650139,0.309263,-0.000782,0.000000,-0.183645,0.187644,0.002781
3.820,0.541598,0.487643,1.139317,0.304638,0.356762,1.259619,0.148799,0.196895,0.016396,-0.006672,0.002378,0.025650,0.488473,-0.872579,0.488110,-0.872782,0.000000,0.646403,0.313083,-0.000726,0.000000,-0.189924,0.194415,0.002750
3.840,0.545265,0.489676,1.139317,0.307612,0.360701,1.259952,0.148676,0.196944,0.016900,-0.005586,0.002506,0.024770,0.481986,-0.876179,0.481648,-0.876365,0.000000,0.642543,0.317038,-0.000672,0.000000,-0.196086,0.201060,0.002726
3.860,0.548922,0.491668,1.139316,0.310585,0.364640,1.260295,0.148576,0.196996,0.017387,-0.004416,0.002677,0.023869,0.475348,-0.879798,0.475036,-0.879966,0.000000,0.638561,0.321125,-0.000617,0.000000,-0.202125,0.207575,0.002712
3.880,0.552568,0.493618,1.139315,0.313555,0.368580,1.260647,0.148500,0.197051,0.017855,-0.003162,0.002887,0.022948,0.468557,-0.883433,0.468271,-0.883585,0.000000,0.634459,0.325340,-0.000563,0.000000,-0.208039,0.213956,0.002712
3.900,0.556205,0.495525,1.139314,0.316525,0.372522,1.261009,0.148450,0.197112,0.018304,-0.001824,0.003131,0.022012,0.461609,-0.887083,0.461350,-0.887218,0.000000,0.630240,0.329682,-0.000509,0.000000,-0.213825,0.220199,0.002727
3.920,0.559830,0.497391,1.139313,0.319494,0.376465,1.261379,0.148428,0.197177,0.018735,-0.000403,0.003402,0.021060,0.454502,-0.890746,0.454270,-0.890864,0.000000,0.625907,0.334147,-0.000454,0.000000,-0.219479,0.226300,0.002761
3.940,0.563445,0.499214,1.139312,0.322462,0.380409,1.261758,0.148435,0.197248,0.019147,0.001102,0.003692,0.020095,0.447233,-0.894418,0.447029,-0.894520,0.000000,0.621462,0.338733,-0.000398,0.000000,-0.224998,0.232258,0.002818
3.960,0.567049,0.500994,1.139311,0.325431,0.384355,1.262145,0.148473,0.197325,0.019539,0.002689,0.003995,0.019120,0.439798,-0.898097,0.439622,-0.898183,0.000000,0.616908,0.343437,-0.000341,0.000000,-0.230380,0.238067,0.002900
3.980,0.570642,0.502732,1.139310,0.328401,0.388302,1.262539,0.148543,0.197408,0.019911,0.004358,0.004300,0.018135,0.432194,-0.901781,0.432048,-0.901851,0.000000,0.612248,0.348255,-0.000282,0.000000,-0.235622,0.243727,0.003011
4.000,0.574224,0.504427,1.139308,0.331373,0.392251,1.262941,0.148647,0.197497,0.020264,0.006110,0.004599,0.017143,0.424418,-0.905467,0.424303,-0.905520,0.000000,0.607484,0.353185,-0.000220,0.000000,-0.240722,0.249233,0.003154
4.020,0.577795,0.506078,1.139307,0.334348,0.396202,1.263350,0.148788,0.197591,0.020597,0.007943,0.004880,0.016144,0.416466,-0.909151,0.416385,-0.909189,0.000000,0.602620,0.358223,-0.000156,0.000000,-0.245678,0.254585,0.003332
4.040,0.581354,0.507686,1.139306,0.337325,0.400155,1.263765,0.148966,0.197692,0.020910,0.009858,0.005133,0.015140,0.408335,-0.912832,0.408290,-0.912852,0.000000,0.597658,0.363367,-0.000087,0.000000,-0.250487,0.259778,0.003548
4.060,0.584902,0.509251,1.139305,0.340306,0.404110,1.264186,0.149183,0.197796,0.021203,0.011853,0.005346,0.014133,0.400022,-0.916506,0.400015,-0.916509,0.000000,0.592601,0.368613,-0.000013,0.000000,-0.255147,0.264810,0.003803
4.080,0.588439,0.510772,1.139304,0.343293,0.408067,1.264613,0.149440,0.197905,0.021475,0.013927,0.005507,0.013124,0.391523,-0.920168,0.391557,-0.920154,0.000000,0.587453,0.373958,0.000066,0.000000,-0.259657,0.269680,0.004100
4.100,0.591964,0.512250,1.139304,0.346284,0.412026,1.265045,0.149740,0.198016,0.021728,0.016081,0.005602,0.012113,0.382835,-0.923817,0.382915,-0.923784,0.000000,0.582216,0.379399,0.000151,0.000000,-0.264013,0.274383,0.004439
4.120,0.595478,0.513683,1.139303,0.349282,0.415987,1.265482,0.150084,0.198129,0.021960,0.018313,0.005621,0.011102,0.373954,-0.927447,0.374084,-0.927395,0.000000,0.576893,0.384933,0.000243,0.000000,-0.268213,0.278919,0.004822
4.140,0.598980,0.515073,1.139303,0.352288,0.419951,1.265923,0.150473,0.198241,0.022172,0.020621,0.005549,0.010093,0.364878,-0.931055,0.365062,-0.930983,0.000000,0.571488,0.390555,0.000344,0.000000,-0.272257,0.283283,0.005249
4.160,0.602470,0.516419,1.139303,0.355302,0.423917,1.266369,0.150909,0.198350,0.022363,0.023003,0.005373,0.009085,0.355603,-0.934637,0.355846,-0.934545,0.000000,0.566004,0.396263,0.000454,0.000000,-0.276141,0.287475,0.005719
4.180,0.605948,0.517720,1.139304,0.358325,0.427885,1.266818,0.151394,0.198455,0.022535,0.025459,0.005081,0.008079,0.346126,-0.938188,0.346434,-0.938074,0.000000,0.560444,0.402053,0.000573,0.000000,-0.279864,0.291490,0.006234
4.200,0.609414,0.518978,1.139304,0.361358,0.431855,1.267270,0.151928,0.198552,0.022687,0.027984,0.004660,0.007078,0.336445,-0.941703,0.336823,-0.941568,0.000000,0.554811,0.407921,0.000703,0.000000,-0.283424,0.295328,0.006792
4.220,0.612868,0.520191,1.139305,0.364402,0.435827,1.267725,0.152514,0.198640,0.022818,0.030576,0.004098,0.006080,0.326556,-0.945178,0.327012,-0.945020,0.000000,0.549108,0.413865,0.000845,0.000000,-0.286819,0.298985,0.007392
4.240,0.616310,0.521359,1.139306,0.367459,0.439801,1.268182,0.153152,0.198715,0.022930,0.033232,0.003382,0.005088,0.316457,-0.948607,0.316998,-0.948426,0.000000,0.543339,0.419879,0.000999,0.000000,-0.290047,0.302460,0.008033
4.260,0.619740,0.522484,1.139307,0.370529,0.443776,1.268642,0.153843,0.198774,0.023022,0.035947,0.002501,0.004102,0.306145,-0.951985,0.306779,-0.951781,0.000000,0.537507,0.425962,0.001167,0.000000,-0.293107,0.305749,0.008713
4.280,0.623157,0.523563,1.139309,0.373613,0.447752,1.269103,0.154590,0.198814,0.023094,0.038718,0.001443,0.003123,0.295619,-0.955306,0.296354,-0.955078,0.000000,0.531616,0.432108,0.001348,0.000000,-0.295997,0.308851,0.009430
4.300,0.626561,0.524598,1.139310,0.376713,0.451728,1.269566,0.155392,0.198831,0.023147,0.041540,0.000199,0.002151,0.284877,-0.958564,0.285721,-0.958313,0.000000,0.525668,0.438315,0.001544,0.000000,-0.298716,0.311763,0.010180
4.320,0.629953,0.525588,1.139312,0.379829,0.455705,1.270029,0.156252,0.198821,0.023180,0.044405,-0.001242,0.001187,0.273916,-0.961754,0.274879,-0.961479,0.000000,0.519668,0.444577,0.001755,0.000000,-0.301260,0.314484,0.010963
4.340,0.633331,0.526533,1.139313,0.382963,0.459681,1.270493,0.157169,0.198780,0.023194,0.047309,-0.002888,0.000232,0.262737,-0.964868,0.263827,-0.964570,0.000000,0.513619,0.450893,0.001983,0.000000,-0.303630,0.317010,0.011773
4.360,0.636697,0.527434,1.139315,0.386116,0.463656,1.270957,0.158144,0.198704,0.023189,0.050244,-0.004748,-0.000713,0.251337,-0.967900,0.252565,-0.967580,0.000000,0.507524,0.457257,0.002227,0.000000,-0.305824,0.319339,0.012607
4.380,0.640049,0.528289,1.139317,0.389289,0.467629,1.271420,0.159179,0.198588,0.023166,0.053202,-0.006827,-0.001648,0.239717,-0.970843,0.241092,-0.970502,0.000000,0.501387,0.463665,0.002487,0.000000,-0.307840,0.321470,0.013461
4.400,0.643388,0.529098,1.139318,0.392484,0.471599,1.271883,0.160273,0.198429,0.023124,0.056174,-0.009132,-0.002571,0.227876,-0.973690,0.229408,-0.973330,0.000000,0.495212,0.470114,0.002765,0.000000,-0.309677,0.323401,0.014331
4.420,0.646713,0.529863,1.139319,0.395700,0.475565,1.272345,0.161426,0.198222,0.023063,0.059151,-0.011666,-0.003482,0.215814,-0.976434,0.217514,-0.976057,0.000000,0.489002,0.476600,0.003061,0.000000,-0.311333,0.325128,0.015212
4.440,0.650025,0.530582,1.139320,0.398941,0.479527,1.272805,0.162639,0.197961,0.022984,0.062123,-0.014433,-0.004381,0.203533,-0.979068,0.205411,-0.978676,0.000000,0.482760,0.483118,0.003374,0.000000,-0.312808,0.326650,0.016098
4.460,0.653322,0.531256,1.139321,0.402206,0.483483,1.273264,0.163911,0.197643,0.022888,0.065079,-0.017435,-0.005265,0.191033,-0.981584,0.193100,-0.981179,0.000000,0.476490,0.489664,0.003704,0.000000,-0.314099,0.327966,0.016984
4.480,0.656606,0.531884,1.139322,0.405498,0.487433,1.273721,0.165242,0.197262,0.022774,0.068005,-0.020670,-0.006134,0.178316,-0.983973,0.180582,-0.983560,0.000000,0.470197,0.496235,0.004053,0.000000,-0.315206,0.329072,0.017864
4.500,0.659875,0.532466,1.139322,0.408816,0.491373,1.274175,0.166631,0.196814,0.022643,0.070890,-0.024138,-0.006987,0.165385,-0.986229,0.167860,-0.985811,0.000000,0.463883,0.502826,0.004419,0.000000,-0.316128,0.329967,0.018732
4.520,0.663130,0.533002,1.139322,0.412163,0.495305,1.274626,0.168077,0.196295,0.022495,0.073718,-0.027835,-0.007823,0.152242,-0.988343,0.154936,-0.987924,0.000000,0.457553,0.509432,0.004802,0.000000,-0.316864,0.330651,0.019583
4.540,0.666371,0.533492,1.139321,0.415540,0.499225,1.275075,0.169579,0.195699,0.022330,0.076477,-0.031758,-0.008640,0.138891,-0.990308,0.141814,-0.989893,0.000000,0.451210,0.516050,0.005202,0.000000,-0.317413,0.331120,0.020413
4.560,0.669598,0.533937,1.139320,0.418947,0.503132,1.275520,0.171135,0.195023,0.022149,0.079150,-0.035899,-0.009438,0.125334,-0.992115,0.128496,-0.991710,0.000000,0.444858,0.522676,0.005618,0.000000,-0.317775,0.331375,0.021215
4.580,0.672809,0.534335,1.139319,0.422386,0.507025,1.275961,0.172744,0.194262,0.021952,0.081723,-0.040252,-0.010216,0.111577,-0.993756,0.114986,-0.993367,0.000000,0.438500,0.529304,0.006051,0.000000,-0.317948,0.331415,0.021986
4.600,0.676006,0.534687,1.139318,0.425857,0.510902,1.276398,0.174403,0.193412,0.021741,0.084180,-0.044808,-0.010972,0.097625,-0.995223,0.101290,-0.994857,0.000000,0.432141,0.535931,0.006498,0.000000,-0.317934,0.331238,0.022722
4.620,0.679189,0.534993,1.139316,0.429362,0.514761,1.276830,0.176111,0.192468,0.021514,0.086505,-0.049559,-0.011705,0.083482,-0.996509,0.087411,-0.996172,0.000000,0.425784,0.542552,0.006959,0.000000,-0.317730,0.330846,0.023419
4.640,0.682356,0.535253,1.139314,0.432902,0.518600,1.277258,0.177863,0.191428,0.021273,0.088683,-0.054493,-0.012414,0.069155,-0.997606,0.073355,-0.997306,0.000000,0.419433,0.549163,0.007434,0.000000,-0.317338,0.330237,0.024072
4.660,0.685508,0.535466,1.139312,0.436477,0.522417,1.277681,0.179657,0.190288,0.021017,0.090697,-0.059599,-0.013098,0.054650,-0.998506,0.059128,-0.998250,0.000000,0.413092,0.555760,0.007922,0.000000,-0.316758,0.329413,0.024679
4.680,0.688646,0.535633,1.139310,0.440088,0.526211,1.278099,0.181489,0.189043,0.020749,0.092534,-0.064865,-0.013755,0.039974,-0.999201,0.044736,-0.998999,0.000000,0.406764,0.562338,0.008421,0.000000,-0.315989,0.328373,0.025236
4.700,0.691768,0.535753,1.139307,0.443737,0.529978,1.278511,0.183357,0.187692,0.020467,0.094177,-0.070278,-0.014385,0.025135,-0.999684,0.030185,-0.999544,0.000000,0.400454,0.568894,0.008931,0.000000,-0.315032,0.327118,0.025741
4.720,0.694876,0.535827,1.139305,0.447423,0.533718,1.278917,0.185255,0.186231,0.020174,0.095612,-0.075823,-0.014987,0.010139,-0.999949,0.015484,-0.999880,0.000000,0.394164,0.575422,0.009450,0.000000,-0.313888,0.325649,0.026191
4.740,0.697968,0.535854,1.139303,0.451147,0.537427,1.279318,0.187180,0.184658,0.019868,0.096826,-0.081485,-0.015559,-0.005003,-0.999987,0.000638,-1.000000,0.000000,0.387899,0.581918,0.009978,0.000000,-0.312556,0.323968,0.026585
4.760,0.701045,0.535835,1.139301,0.454910,0.541103,1.279712,0.189127,0.182971,0.019551,0.097805,-0.087250,-0.016102,-0.020284,-0.999794,-0.014343,-0.999897,0.000000,0.381663,0.588379,0.010513,0.000000,-0.311039,0.322076,0.026919
4.780,0.704106,0.535769,1.139299,0.458712,0.544745,1.280100,0.191090,0.181168,0.019224,0.098538,-0.093102,-0.016613,-0.035694,-0.999363,-0.029451,-0.999566,0.000000,0.375459,0.594800,0.011054,0.000000,-0.309336,0.319975,0.027192
4.800,0.707152,0.535656,1.139297,0.462554,0.548349,1.280481,0.193066,0.179247,0.018887,0.099013,-0.099023,-0.017092,-0.051223,-0.998687,-0.044678,-0.999001,0.000000,0.369291,0.601176,0.011600,0.000000,-0.307449,0.317666,0.027403
4.820,0.710183,0.535497,1.139296,0.466435,0.551914,1.280855,0.195049,0.177206,0.018541,0.099220,-0.104998,-0.017540,-0.066862,-0.997762,-0.060014,-0.998198,0.000000,0.363162,0.607505,0.012150,0.000000,-0.305379,0.315152,0.027550
4.840,0.713198,0.535291,1.139295,0.470356,0.555437,1.281222,0.197033,0.175046,0.018186,0.099150,-0.111009,-0.017954,-0.082599,-0.996583,-0.075450,-0.997150,0.000000,0.357077,0.613781,0.012702,0.000000,-0.303127,0.312435,0.027633
4.860,0.716198,0.535039,1.139294,0.474316,0.558915,1.281582,0.199013,0.172766,0.017823,0.098796,-0.117039,-0.018335,-0.098423,-0.995145,-0.090975,-0.995853,0.000000,0.351039,0.620001,0.013255,0.000000,-0.300695,0.309518,0.027652
4.880,0.719181,0.534741,1.139294,0.478316,0.562347,1.281935,0.200983,0.170365,0.017453,0.098152,-0.123070,-0.018683,-0.114324,-0.993443,-0.106580,-0.994304,0.000000,0.345050,0.626161,0.013808,0.000000,-0.298083,0.306404,0.027605
4.900,0.722149,0.534396,1.139294,0.482355,0.565729,1.282280,0.202937,0.167843,0.017076,0.097214,-0.129084,-0.018996,-0.130290,-0.991476,-0.122254,-0.992499,0.000000,0.339116,0.632256,0.014359,0.000000,-0.295295,0.303097,0.027493
4.920,0.725101,0.534005,1.139295,0.486434,0.569060,1.282618,0.204870,0.165202,0.016693,0.095979,-0.135063,-0.019276,-0.146308,-0.989239,-0.137985,-0.990434,0.000000,0.333240,0.638283,0.014907,0.000000,-0.292332,0.299598,0.027317
4.940,0.728036,0.533568,1.139296,0.490550,0.572336,1.282948,0.206775,0.162441,0.016305,0.094446,-0.140991,-0.019523,-0.162366,-0.986731,-0.153762,-0.988108,0.000000,0.327424,0.644239,0.015451,0.000000,-0.289195,0.295914,0.027075
4.960,0.730955,0.533086,1.139298,0.494704,0.575556,1.283270,0.208646,0.159563,0.015912,0.092617,-0.146848,-0.019736,-0.178453,-0.983949,-0.169574,-0.985517,0.000000,0.321673,0.650119,0.015990,0.000000,-0.285887,0.292046,0.026771
4.980,0.733858,0.532557,1.139300,0.498896,0.578718,1.283585,0.210477,0.156568,0.015516,0.090495,-0.152617,-0.019917,-0.194554,-0.980892,-0.185409,-0.982661,0.000000,0.315990,0.655919,0.016521,0.000000,-0.282410,0.287999,0.026403
5.000,0.736744,0.531983,1.139302,0.503123,0.581818,1.283891,0.212264,0.153459,0.015116,0.088086,-0.158281,-0.020065,-0.210658,-0.977560,-0.201255,-0.979539,0.000000,0.310378,0.661637,0.017045,0.000000,-0.278767,0.283778,0.025974
5.020,0.739613,0.531364,1.139305,0.507386,0.584856,1.284189,0.213999,0.150237,0.014713,0.085397,-0.163824,-0.020182,-0.226750,-0.973953,-0.217100,-0.976149,0.000000,0.304840,0.667269,0.017560,0.000000,-0.274959,0.279387,0.025485
5.040,0.742465,0.530700,1.139308,0.511683,0.587827,1.284479,0.215678,0.146907,0.014309,0.082436,-0.169227,-0.020268,-0.242819,-0.970072,-0.232931,-0.972493,0.000000,0.299381,0.672812,0.018064,0.000000,-0.270989,0.274829,0.024938
5.060,0.745299,0.529992,1.139311,0.516013,0.590731,1.284762,0.217295,0.143469,0.013903,0.079215,-0.174474,-0.020324,-0.258851,-0.965917,-0.248736,-0.968571,0.000000,0.294002,0.678261,0.018557,0.000000,-0.266860,0.270109,0.024333
5.080,0.748116,0.529238,1.139314,0.520374,0.593565,1.285036,0.218845,0.139929,0.013496,0.075745,-0.179551,-0.020353,-0.274833,-0.961492,-0.264503,-0.964385,0.000000,0.288707,0.683615,0.019037,0.000000,-0.262575,0.265231,0.023673
5.100,0.750916,0.528441,1.139317,0.524766,0.596328,1.285301,0.220323,0.136289,0.013089,0.072039,-0.184440,-0.020354,-0.290751,-0.956799,-0.280220,-0.959936,0.000000,0.283500,0.688870,0.019504,0.000000,-0.258135,0.260199,0.022959
5.120,0.753697,0.527600,1.139320,0.529186,0.599016,1.285559,0.221725,0.132553,0.012682,0.068112,-0.189128,-0.020329,-0.306594,-0.951840,-0.295874,-0.955227,0.000000,0.278383,0.694022,0.019955,0.000000,-0.253543,0.255018,0.022194
5.140,0.756461,0.526715,1.139323,0.533634,0.601629,1.285809,0.223046,0.128725,0.012276,0.063980,-0.193600,-0.020280,-0.322348,-0.946621,-0.311452,-0.950262,0.000000,0.273359,0.699069,0.020391,0.000000,-0.248803,0.249692,0.021380
5.160,0.759206,0.525787,1.139325,0.538108,0.604165,1.286050,0.224283,0.124810,0.011871,0.059659,-0.197842,-0.020209,-0.338001,-0.941146,-0.326944,-0.945044,0.000000,0.268432,0.704009,0.020810,0.000000,-0.243917,0.244225,0.020519
5.180,0.761933,0.524815,1.139327,0.542605,0.606621,1.286284,0.225431,0.120813,0.011468,0.055166,-0.201842,-0.020115,-0.353540,-0.935419,-0.342337,-0.939577,0.000000,0.263603,0.708837,0.021212,0.000000,-0.238888,0.238622,0.019614
5.200,0.764641,0.523801,1.139329,0.547124,0.608997,1.286509,0.226488,0.116738,0.011066,0.050520,-0.205588,-0.020002,-0.368955,-0.929447,-0.357621,-0.933867,0.000000,0.258877,0.713553,0.021595,0.000000,-0.233719,0.232886,0.018667
5.220,0.767331,0.522744,1.139330,0.551664,0.611290,1.286726,0.227451,0.112591,0.010668,0.045738,-0.209069,-0.019872,-0.384233,-0.923236,-0.372783,-0.927919,0.000000,0.254256,0.718152,0.021958,0.000000,-0.228413,0.227024,0.017681
5.240,0.770002,0.521644,1.139331,0.556222,0.613500,1.286936,0.228317,0.108377,0.010272,0.040840,-0.212274,-0.019724,-0.399363,-0.916793,-0.387813,-0.921738,0.000000,0.249742,0.722633,0.022301,0.000000,-0.222973,0.221038,0.016659
5.260,0.772654,0.520503,1.139331,0.560796,0.615625,1.287137,0.229084,0.104102,0.009879,0.035844,-0.215194,-0.019562,-0.414335,-0.910124,-0.402701,-0.915332,0.000000,0.245338,0.726993,0.022624,0.000000,-0.217403,0.214933,0.015603
5.280,0.775288,0.519319,1.139331,0.565384,0.617663,1.287331,0.229750,0.099771,0.009489,0.030770,-0.217821,-0.019388,-0.429139,-0.903239,-0.417436,-0.908706,0.000000,0.241046,0.731229,0.022925,0.000000,-0.211705,0.208714,0.014519
5.300,0.777902,0.518093,1.139330,0.569985,0.619615,1.287517,0.230314,0.095391,0.009103,0.025638,-0.220149,-0.019201,-0.443765,-0.896143,-0.432010,-0.901869,0.000000,0.236870,0.735341,0.023205,0.000000,-0.205883,0.202386,0.013408
5.320,0.780497,0.516826,1.139329,0.574596,0.621479,1.287695,0.230775,0.090967,0.008721,0.020466,-0.222171,-0.019006,-0.458204,-0.888847,-0.446412,-0.894827,0.000000,0.232812,0.739324,0.023462,0.000000,-0.199940,0.195953,0.012274
5.340,0.783074,0.515518,1.139328,0.579216,0.623254,1.287866,0.231133,0.086506,0.008343,0.015274,-0.223883,-0.018803,-0.472448,-0.881359,-0.460635,-0.887589,0.000000,0.228873,0.743178,0.023696,0.000000,-0.193880,0.189420,0.011121
5.360,0.785631,0.514168,1.139326,0.583841,0.624939,1.288029,0.231386,0.082014,0.007969,0.010080,-0.225281,-0.018593,-0.486488,-0.873687,-0.474671,-0.880163,0.000000,0.225057,0.746900,0.023906,0.000000,-0.187706,0.182791,0.009952
5.380,0.788168,0.512777,1.139323,0.588470,0.626534,1.288184,0.231536,0.077497,0.007599,0.004901,-0.226364,-0.018379,-0.500319,-0.865841,-0.488512,-0.872557,0.000000,0.221366,0.750489,0.024094,0.000000,-0.181422,0.176070,0.008772
5.400,0.790687,0.511344,1.139321,0.593102,0.628039,1.288333,0.231583,0.072962,0.007234,-0.000244,-0.227131,-0.018162,-0.513932,-0.857831,-0.502151,-0.864780,0.000000,0.217801,0.753943,0.024257,0.000000,-0.175032,0.169264,0.007585
5.420,0.793187,0.509871,1.139318,0.597733,0.629452,1.288474,0.231527,0.068414,0.006873,-0.005339,-0.227582,-0.017944,-0.527323,-0.849665,-0.515583,-0.856840,0.000000,0.214365,0.757259,0.024397,0.000000,-0.168539,0.162376,0.006395
5.440,0.795667,0.508357,1.139315,0.602362,0.630775,1.288608,0.231370,0.063861,0.006516,-0.010368,-0.227722,-0.017725,-0.540485,-0.841354,-0.528801,-0.848746,0.000000,0.211060,0.760437,0.024513,0.000000,-0.161946,0.155411,0.005207
5.460,0.798128,0.506803,1.139312,0.606987,0.632007,1.288734,0.231113,0.059307,0.006164,-0.015317,-0.227553,-0.017508,-0.553415,-0.832906,-0.541801,-0.840507,0.000000,0.207888,0.763475,0.024605,0.000000,-0.155259,0.148374,0.004024
5.480,0.800569,0.505208,1.139309,0.611606,0.633148,1.288854,0.230758,0.054760,0.005816,-0.020172,-0.227081,-0.017294,-0.566109,-0.824330,-0.554578,-0.832132,0.000000,0.204850,0.766372,0.024674,0.000000,-0.148481,0.141269,0.002852
5.500,0.802991,0.503572,1.139306,0.616217,0.634197,1.288967,0.230306,0.050226,0.005472,-0.024921,-0.226313,-0.017083,-0.578563,-0.815638,-0.567128,-0.823630,0.000000,0.201949,0.769125,0.024719,0.000000,-0.141615,0.134102,0.001694
5.520,0.805394,0.501896,1.139303,0.620818,0.635157,1.289073,0.229761,0.045710,0.005133,-0.029553,-0.225259,-0.016877,-0.590775,-0.806836,-0.579449,-0.815009,0.000000,0.199186,0.771735,0.024742,0.000000,-0.134666,0.126877,0.000555
5.540,0.807777,0.500180,1.139300,0.625407,0.636026,1.289172,0.229125,0.041218,0.004797,-0.034056,-0.223928,-0.016677,-0.602743,-0.797935,-0.591538,-0.806277,0.000000,0.196563,0.774200,0.024742,0.000000,-0.127637,0.119598,-0.000563
5.560,0.810141,0.498424,1.139297,0.629982,0.636806,1.289265,0.228400,0.036755,0.004465,-0.038422,-0.222330,-0.016484,-0.614466,-0.788943,-0.603392,-0.797445,0.000000,0.194081,0.776519,0.024720,0.000000,-0.120533,0.112270,-0.001655
5.580,0.812485,0.496628,1.139295,0.634542,0.637496,1.289351,0.227589,0.032326,0.004138,-0.042642,-0.220478,-0.016299,-0.625943,-0.779869,-0.615011,-0.788518,0.000000,0.191742,0.778691,0.024676,0.000000,-0.113359,0.104897,-0.002719
5.600,0.814809,0.494793,1.139294,0.639085,0.638099,1.289431,0.226696,0.027937,0.003813,-0.046708,-0.218385,-0.016122,-0.637173,-0.770721,-0.626393,-0.779507,0.000000,0.189548,0.780714,0.024611,0.000000,-0.106117,0.097484,-0.003752
5.620,0.817113,0.492918,1.139292,0.643609,0.638614,1.289504,0.225722,0.023592,0.003493,-0.050615,-0.216064,-0.015954,-0.648156,-0.761508,-0.637538,-0.770419,0.000000,0.187498,0.782590,0.024526,0.000000,-0.098812,0.090034,-0.004750
5.640,0.819396,0.491004,1.139291,0.648113,0.639043,1.289570,0.224672,0.019296,0.003175,-0.054356,-0.213531,-0.015796,-0.658894,-0.752236,-0.648445,-0.761261,0.000000,0.185595,0.784316,0.024421,0.000000,-0.091449,0.082553,-0.005712
5.660,0.821660,0.489051,1.139291,0.652596,0.639386,1.289631,0.223549,0.015052,0.002861,-0.057927,-0.210800,-0.015648,-0.669386,-0.742914,-0.659116,-0.752042,0.000000,0.183841,0.785892,0.024298,0.000000,-0.084031,0.075043,-0.006636
5.680,0.823903,0.487059,1.139291,0.657055,0.639645,1.289685,0.222356,0.010865,0.002549,-0.061324,-0.207886,-0.015511,-0.679636,-0.733550,-0.669549,-0.742767,0.000000,0.182235,0.787317,0.024156,0.000000,-0.076563,0.067509,-0.007520
5.700,0.826126,0.485029,1.139291,0.661490,0.639821,1.289733,0.221097,0.006738,0.002240,-0.064543,-0.204806,-0.015385,-0.689643,-0.724149,-0.679748,-0.733446,0.000000,0.180778,0.788592,0.023997,0.000000,-0.069049,0.059954,-0.008361
5.720,0.828328,0.482961,1.139292,0.665898,0.639915,1.289774,0.219776,0.002674,0.001934,-0.067582,-0.201576,-0.015271,-0.699411,-0.714720,-0.689712,-0.724084,0.000000,0.179473,0.789715,0.023822,0.000000,-0.061494,0.052384,-0.009159
5.740,0.830509,0.480856,1.139293,0.670280,0.639929,1.289810,0.218395,-0.001324,0.001629,-0.070440,-0.198212,-0.015169,-0.708942,-0.705267,-0.699444,-0.714688,0.000000,0.178319,0.790687,0.023631,0.000000,-0.053901,0.044801,-0.009912
5.760,0.832669,0.478713,1.139294,0.674634,0.639863,1.289840,0.216959,-0.005254,0.001327,-0.073116,-0.194731,-0.015078,-0.718237,-0.695798,-0.708945,-0.705264,0.000000,0.177317,0.791507,0.023426,0.000000,-0.046276,0.037209,-0.010620
5.780,0.834808,0.476534,1.139296,0.678958,0.639719,1.289863,0.215472,-0.009113,0.001026,-0.075609,-0.191149,-0.015000,-0.727302,-0.686318,-0.718218,-0.695818,0.000000,0.176468,0.792175,0.023207,0.000000,-0.038623,0.029612,-0.011282
5.800,0.836925,0.474318,1.139298,0.683252,0.639499,1.289881,0.213936,-0.012899,0.000727,-0.077920,-0.187482,-0.014934,-0.736137,-0.676833,-0.727265,-0.686357,0.000000,0.175772,0.792692,0.022975,0.000000,-0.030946,0.022013,-0.011897
5.820,0.839021,0.472066,1.139301,0.687515,0.639204,1.289892,0.212356,-0.016612,0.000429,-0.080049,-0.183746,-0.014881,-0.744747,-0.667347,-0.736089,-0.676885,0.000000,0.175230,0.793056,0.022731,0.000000,-0.023249,0.014415,-0.012465
5.840,0.841095,0.469779,1.139303,0.691746,0.638835,1.289898,0.210735,-0.020249,0.000132,-0.082000,-0.179957,-0.014840,-0.753135,-0.657866,-0.744693,-0.667408,0.000000,0.174842,0.793268,0.022476,0.000000,-0.015538,0.006824,-0.012987
5.860,0.843147,0.467457,1.139306,0.695945,0.638394,1.289897,0.209077,-0.023810,-0.000165,-0.083773,-0.176130,-0.014811,-0.761305,-0.648394,-0.753079,-0.657930,0.000000,0.174609,0.793329,0.022212,0.000000,-0.007817,-0.000760,-0.013462
5.880,0.845177,0.465100,1.139308,0.700109,0.637883,1.289891,0.207386,-0.027294,-0.000461,-0.085372,-0.172279,-0.014794,-0.769261,-0.638935,-0.761252,-0.648457,0.000000,0.174530,0.793238,0.021938,0.000000,-0.000091,-0.008332,-0.013892
5.900,0.847185,0.462710,1.139311,0.704240,0.637303,1.289879,0.205664,-0.030701,-0.000757,-0.086799,-0.168418,-0.014789,-0.777005,-0.629494,-0.769213,-0.638992,0.000000,0.174605,0.792996,0.021657,0.000000,0.007636,-0.015888,-0.014277
5.920,0.849170,0.460286,1.139314,0.708336,0.636655,1.289861,0.203915,-0.034031,-0.001053,-0.088060,-0.164559,-0.014796,-0.784543,-0.620074,-0.776968,-0.629540,0.000000,0.174835,0.792603,0.021368,0.000000,0.015359,-0.023427,-0.014618
5.940,0.851133,0.457828,1.139316,0.712396,0.635942,1.289837,0.202142,-0.037283,-0.001349,-0.089157,-0.160715,-0.014815,-0.791878,-0.610679,-0.784519,-0.620105,0.000000,0.175220,0.792059,0.021072,0.000000,0.023074,-0.030945,-0.014916
5.960,0.853073,0.455339,1.139318,0.716421,0.635165,1.289807,0.200349,-0.040459,-0.001645,-0.090097,-0.156896,-0.014844,-0.799015,-0.601311,-0.791869,-0.610691,0.000000,0.175758,0.791365,0.020771,0.000000,0.030775,-0.038438,-0.015174
5.980,0.854990,0.452817,1.139320,0.720410,0.634324,1.289771,0.198539,-0.043559,-0.001943,-0.090883,-0.153112,-0.014884,-0.805957,-0.591975,-0.799024,-0.601300,0.000000,0.176450,0.790522,0.020465,0.000000,0.038457,-0.045904,-0.015392
6.000,0.856885,0.450264,1.139322,0.724363,0.633423,1.289729,0.196715,-0.046584,-0.002241,-0.091521,-0.149373,-0.014935,-0.812708,-0.582671,-0.805985,-0.591936,0.000000,0.177296,0.789529,0.020156,0.000000,0.046117,-0.053340,-0.015571
6.020,0.858756,0.447679,1.139323,0.728279,0.632461,1.289681,0.194879,-0.049535,-0.002540,-0.092017,-0.145684,-0.014996,-0.819273,-0.573404,-0.812758,-0.582601,0.000000,0.178295,0.788388,0.019843,0.000000,0.053749,-0.060743,-0.015715
6.040,0.860605,0.445064,1.139324,0.732158,0.631442,1.289628,0.193035,-0.052412,-0.002841,-0.092378,-0.142054,-0.015066,-0.825656,-0.564174,-0.819346,-0.573299,0.000000,0.179446,0.787100,0.019527,0.000000,0.061349,-0.068110,-0.015824
6.060,0.862430,0.442419,1.139325,0.736000,0.630365,1.289568,0.191185,-0.055217,-0.003143,-0.092609,-0.138489,-0.015144,-0.831861,-0.554985,-0.825753,-0.564032,0.000000,0.180749,0.785664,0.019210,0.000000,0.068912,-0.075436,-0.015899
6.080,0.864232,0.439744,1.139326,0.739805,0.629234,1.289502,0.189332,-0.057952,-0.003446,-0.092717,-0.134993,-0.015232,-0.837891,-0.545837,-0.831982,-0.554802,0.000000,0.182202,0.784082,0.018892,0.000000,0.076434,-0.082720,-0.015943
6.100,0.866011,0.437040,1.139326,0.743573,0.628048,1.289430,0.187477,-0.060617,-0.003752,-0.092708,-0.131572,-0.015327,-0.843752,-0.536733,-0.838038,-0.545611,0.000000,0.183806,0.782356,0.018573,0.000000,0.083911,-0.089958,-0.015957
6.120,0.867766,0.434306,1.139326,0.747304,0.626809,1.289352,0.185624,-0.063215,-0.004060,-0.092590,-0.128227,-0.015429,-0.849447,-0.527674,-0.843925,-0.536461,0.000000,0.185558,0.780484,0.018254,0.000000,0.091337,-0.097146,-0.015942
6.140,0.869499,0.431545,1.139326,0.750998,0.625520,1.289268,0.183774,-0.065747,-0.004369,-0.092370,-0.124963,-0.015537,-0.854980,-0.518661,-0.849646,-0.527353,0.000000,0.187459,0.778470,0.017935,0.000000,0.098709,-0.104281,-0.015901
6.160,0.871207,0.428755,1.139325,0.754655,0.624180,1.289177,0.181930,-0.068214,-0.004681,-0.092054,-0.121782,-0.015652,-0.860355,-0.509695,-0.855205,-0.518290,0.000000,0.189506,0.776314,0.017618,0.000000,0.106022,-0.111360,-0.015834
6.180,0.872892,0.425937,1.139324,0.758275,0.622791,1.289080,0.180093,-0.070619,-0.004995,-0.091649,-0.118686,-0.015771,-0.865577,-0.500776,-0.860606,-0.509271,0.000000,0.191699,0.774016,0.017302,0.000000,0.113272,-0.118379,-0.015744
6.200,0.874554,0.423092,1.139323,0.761859,0.621356,1.288977,0.178265,-0.072962,-0.005312,-0.091162,-0.115674,-0.015895,-0.870648,-0.491906,-0.865853,-0.500298,0.000000,0.194037,0.771579,0.016988,0.000000,0.120454,-0.125335,-0.015632
6.220,0.876192,0.420221,1.139322,0.765406,0.619873,1.288868,0.176447,-0.075246,-0.005631,-0.090601,-0.112749,-0.016022,-0.875573,-0.483086,-0.870950,-0.491372,0.000000,0.196517,0.769003,0.016677,0.000000,0.127566,-0.132224,-0.015500
6.240,0.877807,0.417323,1.139321,0.768917,0.618346,1.288752,0.174641,-0.077473,-0.005953,-0.089972,-0.109910,-0.016152,-0.880356,-0.474314,-0.875900,-0.482493,0.000000,0.199139,0.766290,0.016368,0.000000,0.134601,-0.139042,-0.015350
6.260,0.879398,0.414398,1.139319,0.772392,0.616775,1.288630,0.172848,-0.079643,-0.006277,-0.089281,-0.107157,-0.016283,-0.885000,-0.465592,-0.880706,-0.473663,0.000000,0.201900,0.763442,0.016063,0.000000,0.141557,-0.145787,-0.015183
6.280,0.880965,0.411448,1.139318,0.775831,0.615161,1.288501,0.171070,-0.081760,-0.006604,-0.088535,-0.104489,-0.016416,-0.889508,-0.456919,-0.885374,-0.464880,0.000000,0.204800,0.760459,0.015761,0.000000,0.148430,-0.152454,-0.015001
6.300,0.882508,0.408473,1.139316,0.779235,0.613505,1.288365,0.169307,-0.083824,-0.006934,-0.087741,-0.101905,-0.016549,-0.893885,-0.448296,-0.889905,-0.456147,0.000000,0.207837,0.757344,0.015463,0.000000,0.155214,-0.159039,-0.014805
6.320,0.884028,0.405473,1.139315,0.782603,0.611808,1.288223,0.167561,-0.085836,-0.007266,-0.086903,-0.099404,-0.016680,-0.898134,-0.439722,-0.894303,-0.447462,0.000000,0.211008,0.754098,0.015169,0.000000,0.161907,-0.165540,-0.014598
6.340,0.885524,0.402448,1.139313,0.785937,0.610072,1.288075,0.165831,-0.087800,-0.007601,-0.086029,-0.096984,-0.016811,-0.902258,-0.431197,-0.898572,-0.438825,0.000000,0.214313,0.750723,0.014879,0.000000,0.168504,-0.171951,-0.014381
6.360,0.886996,0.399399,1.139311,0.789237,0.608296,1.287919,0.164120,-0.089716,-0.007939,-0.085123,-0.094645,-0.016938,-0.906260,-0.422721,-0.902716,-0.430237,0.000000,0.217748,0.747221,0.014594,0.000000,0.175002,-0.178269,-0.014156
6.380,0.888444,0.396326,1.139310,0.792502,0.606483,1.287757,0.162427,-0.091587,-0.008279,-0.084191,-0.092383,-0.017062,-0.910144,-0.414292,-0.906737,-0.421697,0.000000,0.221312,0.743593,0.014313,0.000000,0.181397,-0.184491,-0.013925
6.400,0.889867,0.393230,1.139308,0.795734,0.604633,1.287588,0.160752,-0.093412,-0.008621,-0.083236,-0.090197,-0.017181,-0.913912,-0.405912,-0.910638,-0.413205,0.000000,0.225003,0.739842,0.014037,0.000000,0.187684,-0.190612,-0.013689
6.420,0.891267,0.390111,1.139307,0.798932,0.602747,1.287412,0.159097,-0.095195,-0.008966,-0.082263,-0.088085,-0.017294,-0.917569,-0.397578,-0.914423,-0.404759,0.000000,0.228819,0.735969,0.013765,0.000000,0.193861,-0.196628,-0.013450
6.440,0.892643,0.386969,1.139306,0.802098,0.600826,1.287230,0.157462,-0.096936,-0.009313,-0.081276,-0.086045,-0.017401,-0.921115,-0.389290,-0.918095,-0.396361,0.000000,0.232757,0.731978,0.013499,0.000000,0.199923,-0.202536,-0.013211
6.460,0.893994,0.383805,1.139305,0.805231,0.598870,1.287040,0.155846,-0.098637,-0.009662,-0.080278,-0.084074,-0.017500,-0.924555,-0.381047,-0.921656,-0.388008,0.000000,0.236815,0.727869,0.013237,0.000000,0.205867,-0.208331,-0.012972
6.480,0.895321,0.380619,1.139304,0.808332,0.596880,1.286843,0.154251,-0.100299,-0.010013,-0.079271,-0.082172,-0.017590,-0.927892,-0.372850,-0.925109,-0.379701,0.000000,0.240991,0.723645,0.012980,0.000000,0.211690,-0.214010,-0.012736
6.500,0.896623,0.377412,1.139303,0.811401,0.594858,1.286639,0.152676,-0.101924,-0.010365,-0.078258,-0.080336,-0.017671,-0.931127,-0.364695,-0.928458,-0.371438,0.000000,0.245282,0.719309,0.012727,0.000000,0.217387,-0.219568,-0.012503
6.520,0.897901,0.374185,1.139302,0.814439,0.592804,1.286429,0.151121,-0.103513,-0.010719,-0.077239,-0.078565,-0.017741,-0.934263,-0.356584,-0.931704,-0.363218,0.000000,0.249685,0.714863,0.012480,0.000000,0.222956,-0.225002,-0.012276
6.540,0.899154,0.370937,1.139302,0.817446,0.590718,1.286211,0.149586,-0.105067,-0.011075,-0.076218,-0.076856,-0.017799,-0.937303,-0.348514,-0.934851,-0.355041,0.000000,0.254199,0.710310,0.012236,0.000000,0.228394,-0.230308,-0.012055
6.560,0.900382,0.367669,1.139302,0.820423,0.588601,1.285986,0.148072,-0.106588,-0.011431,-0.075194,-0.075208,-0.017844,-0.940250,-0.340485,-0.937900,-0.346906,0.000000,0.258820,0.705652,0.011997,0.000000,0.233696,-0.235484,-0.011842
6.580,0.901585,0.364381,1.139301,0.823369,0.586455,1.285753,0.146578,-0.108076,-0.011788,-0.074168,-0.073619,-0.017875,-0.943105,-0.332496,-0.940855,-0.338811,0.000000,0.263546,0.700891,0.011763,0.000000,0.238861,-0.240525,-0.011637
6.600,0.902763,0.361075,1.139301,0.826286,0.584278,1.285514,0.145105,-0.109533,-0.012146,-0.073140,-0.072087,-0.017891,-0.945870,-0.324546,-0.943717,-0.330755,0.000000,0.268374,0.696032,0.011532,0.000000,0.243885,-0.245429,-0.011441
6.620,0.903915,0.357750,1.139301,0.829174,0.582073,1.285267,0.143653,-0.110960,-0.012504,-0.072112,-0.070612,-0.017892,-0.948548,-0.316633,-0.946488,-0.322738,0.000000,0.273300,0.691075,0.011305,0.000000,0.248765,-0.250191,-0.011255
6.640,0.905042,0.354408,1.139301,0.832032,0.579840,1.285014,0.142221,-0.112358,-0.012862,-0.071082,-0.069191,-0.017876,-0.951141,-0.308756,-0.949172,-0.314757,0.000000,0.278323,0.686025,0.011081,0.000000,0.253498,-0.254810,-0.011080
6.660,0.906144,0.351048,1.139302,0.834862,0.577579,1.284753,0.140809,-0.113728,-0.013219,-0.070050,-0.067823,-0.017841,-0.953651,-0.300915,-0.951770,-0.306813,0.000000,0.283439,0.680884,0.010862,0.000000,0.258082,-0.259283,-0.010915
6.680,0.907220,0.347671,1.139302,0.837665,0.575291,1.284485,0.139419,-0.115071,-0.013575,-0.069016,-0.066506,-0.017788,-0.956080,-0.293107,-0.954284,-0.298903,0.000000,0.288645,0.675655,0.010645,0.000000,0.262514,-0.263605,-0.010761
6.700,0.908270,0.344277,1.139302,0.840439,0.572977,1.284210,0.138049,-0.116389,-0.013930,-0.067979,-0.065240,-0.017716,-0.958429,-0.285332,-0.956715,-0.291026,0.000000,0.293939,0.670341,0.010431,0.000000,0.266791,-0.267776,-0.010618
6.720,0.909294,0.340868,1.139303,0.843187,0.570636,1.283928,0.136700,-0.117681,-0.014284,-0.066939,-0.064023,-0.017623,-0.960700,-0.277588,-0.959067,-0.283180,0.000000,0.299316,0.664945,0.010220,0.000000,0.270911,-0.271792,-0.010486
6.740,0.910292,0.337443,1.139303,0.845907,0.568270,1.283639,0.135371,-0.118950,-0.014635,-0.065895,-0.062853,-0.017509,-0.962895,-0.269875,-0.961340,-0.275365,0.000000,0.304774,0.659470,0.010012,0.000000,0.274871,-0.275650,-0.010365
6.760,0.911263,0.334004,1.139304,0.848602,0.565878,1.283342,0.134064,-0.120196,-0.014984,-0.064845,-0.061730,-0.017373,-0.965016,-0.262190,-0.963536,-0.267579,0.000000,0.310310,0.653920,0.009805,0.000000,0.278670,-0.279348,-0.010254
6.780,0.912209,0.330550,1.139304,0.851270,0.563462,1.283039,0.132778,-0.121419,-0.015330,-0.063791,-0.060652,-0.017215,-0.967064,-0.254532,-0.965657,-0.259821,0.000000,0.315920,0.648297,0.009601,0.000000,0.282305,-0.282885,-0.010153
6.800,0.913128,0.327083,1.139305,0.853913,0.561021,1.282729,0.131512,-0.122622,-0.015672,-0.062729,-0.059618,-0.017033,-0.969041,-0.246899,-0.967704,-0.252088,0.000000,0.321601,0.642605,0.009399,0.000000,0.285773,-0.286257,-0.010062
6.820,0.914020,0.323602,1.139306,0.856531,0.558557,1.282412,0.130268,-0.123804,-0.016011,-0.061661,-0.058627,-0.016827,-0.970948,-0.239292,-0.969680,-0.244380,0.000000,0.327350,0.636848,0.009199,0.000000,0.289074,-0.289463,-0.009979
6.840,0.914885,0.320109,1.139306,0.859124,0.556069,1.282089,0.129046,-0.124967,-0.016345,-0.060586,-0.057679,-0.016597,-0.972786,-0.231707,-0.971584,-0.236695,0.000000,0.333163,0.631028,0.009000,0.000000,0.292204,-0.292501,-0.009904
6.860,0.915724,0.316604,1.139307,0.861693,0.553559,1.281759,0.127845,-0.126112,-0.016675,-0.059503,-0.056772,-0.016342,-0.974556,-0.224143,-0.973419,-0.229030,0.000000,0.339037,0.625149,0.008803,0.000000,0.295162,-0.295368,-0.009836
6.880,0.916536,0.313087,1.139308,0.864238,0.551025,1.281422,0.126666,-0.127238,-0.016999,-0.058412,-0.055905,-0.016061,-0.976261,-0.216599,-0.975186,-0.221386,0.000000,0.344968,0.619214,0.008607,0.000000,0.297947,-0.298064,-0.009773
6.900,0.917321,0.309560,1.139309,0.866760,0.548469,1.281079,0.125509,-0.128348,-0.017317,-0.057313,-0.055079,-0.015755,-0.977900,-0.209073,-0.976886,-0.213760,0.000000,0.350953,0.613228,0.008412,0.000000,0.300556,-0.300587,-0.009715
6.920,0.918079,0.306022,1.139309,0.869258,0.545891,1.280729,0.124373,-0.129442,-0.017629,-0.056207,-0.054291,-0.015424,-0.979475,-0.201564,-0.978520,-0.206150,0.000000,0.356989,0.607192,0.008218,0.000000,0.302988,-0.302934,-0.009659
6.940,0.918810,0.302474,1.139310,0.871735,0.543292,1.280374,0.123260,-0.130520,-0.017934,-0.055095,-0.053542,-0.015066,-0.980988,-0.194070,-0.980090,-0.198556,0.000000,0.363072,0.601111,0.008025,0.000000,0.305241,-0.305105,-0.009605
6.960,0.919514,0.298917,1.139311,0.874189,0.540671,1.280012,0.122170,-0.131584,-0.018231,-0.053976,-0.052830,-0.014682,-0.982438,-0.186589,-0.981595,-0.190974,0.000000,0.369198,0.594989,0.007834,0.000000,0.307314,-0.307098,-0.009551
6.980,0.920190,0.295351,1.139312,0.876622,0.538028,1.279644,0.121101,-0.132634,-0.018521,-0.052853,-0.052157,-0.014272,-0.983827,-0.179120,-0.983038,-0.183405,0.000000,0.375363,0.588829,0.007643,0.000000,0.309206,-0.308912,-0.009495
7.000,0.920839,0.291777,1.139312,0.879033,0.535365,1.279271,0.120056,-0.133670,-0.018802,-0.051727,-0.051520,-0.013835,-0.985156,-0.171660,-0.984418,-0.175845,0.000000,0.381565,0.582634,0.007454,0.000000,0.310916,-0.310545,-0.009437
7.020,0.921462,0.288196,1.139313,0.881424,0.532682,1.278892,0.119032,-0.134695,-0.019074,-0.050599,-0.050919,-0.013373,-0.986426,-0.164209,-0.985737,-0.168294,0.000000,0.387798,0.576408,0.007266,0.000000,0.312442,-0.311998,-0.009375
7.040,0.922056,0.284608,1.139314,0.883795,0.529978,1.278508,0.118032,-0.135707,-0.019337,-0.049472,-0.050355,-0.012886,-0.987636,-0.156765,-0.986995,-0.160749,0.000000,0.394061,0.570155,0.007079,0.000000,0.313784,-0.313268,-0.009308
7.060,0.922624,0.281013,1.139315,0.886145,0.527253,1.278119,0.117053,-0.136709,-0.019589,-0.048347,-0.049826,-0.012372,-0.988788,-0.149325,-0.988194,-0.153209,0.000000,0.400349,0.563879,0.006894,0.000000,0.314940,-0.314356,-0.009235
7.080,0.923164,0.277412,1.139316,0.888477,0.524509,1.277725,0.116098,-0.137701,-0.019832,-0.047226,-0.049333,-0.011834,-0.989883,-0.141888,-0.989333,-0.145673,0.000000,0.406657,0.557582,0.006710,0.000000,0.315911,-0.315260,-0.009156
7.100,0.923678,0.273806,1.139316,0.890789,0.521745,1.277326,0.115164,-0.138683,-0.020063,-0.046113,-0.048876,-0.011271,-0.990920,-0.134453,-0.990413,-0.138139,0.000000,0.412984,0.551269,0.006527,0.000000,0.316695,-0.315979,-0.009071
7.120,0.924163,0.270196,1.139317,0.893084,0.518962,1.276922,0.114253,-0.139656,-0.020282,-0.045008,-0.048453,-0.010684,-0.991901,-0.127016,-0.991435,-0.130604,0.000000,0.419324,0.544944,0.006347,0.000000,0.317291,-0.316513,-0.008978
7.140,0.924622,0.266581,1.139318,0.895360,0.516159,1.276515,0.113364,-0.140621,-0.020490,-0.043915,-0.048066,-0.010073,-0.992825,-0.119578,-0.992398,-0.123068,0.000000,0.425674,0.538610,0.006168,0.000000,0.317701,-0.316863,-0.008878
7.160,0.925053,0.262963,1.139319,0.897618,0.513337,1.276103,0.112496,-0.141579,-0.020685,-0.042836,-0.047713,-0.009439,-0.993693,-0.112135,-0.993304,-0.115528,0.000000,0.432031,0.532271,0.005992,0.000000,0.317922,-0.317026,-0.008770
7.180,0.925458,0.259341,1.139319,0.899860,0.510496,1.275687,0.111650,-0.142530,-0.020867,-0.041772,-0.047394,-0.008782,-0.994505,-0.104686,-0.994153,-0.107983,0.000000,0.438390,0.525930,0.005817,0.000000,0.317956,-0.317003,-0.008655
7.200,0.925834,0.255717,1.139320,0.902084,0.507636,1.275268,0.110825,-0.143475,-0.021036,-0.040728,-0.047110,-0.008103,-0.995262,-0.097230,-0.994944,-0.100432,0.000000,0.444748,0.519592,0.005646,0.000000,0.317802,-0.316794,-0.008532
7.220,0.926184,0.252091,1.139321,0.904293,0.504757,1.274846,0.110021,-0.144414,-0.021191,-0.039704,-0.046860,-0.007403,-0.995963,-0.089763,-0.995678,-0.092872,0.000000,0.451101,0.513260,0.005476,0.000000,0.317460,-0.316399,-0.008402
7.240,0.926506,0.248464,1.139321,0.906485,0.501860,1.274421,0.109237,-0.145349,-0.021332,-0.038703,-0.046644,-0.006683,-0.996609,-0.082285,-0.996355,-0.085301,0.000000,0.457445,0.506937,0.005310,0.000000,0.316931,-0.315818,-0.008266
7.260,0.926801,0.244836,1.139321,0.908662,0.498943,1.273993,0.108473,-0.146280,-0.021458,-0.037727,-0.046462,-0.005943,-0.997199,-0.074794,-0.996975,-0.077718,0.000000,0.463777,0.500628,0.005146,0.000000,0.316214,-0.315051,-0.008123
7.280,0.927069,0.241208,1.139322,0.910824,0.496008,1.273562,0.107728,-0.147208,-0.021570,-0.036777,-0.046313,-0.005184,-0.997734,-0.067288,-0.997538,-0.070122,0.000000,0.470092,0.494337,0.004985,0.000000,0.315310,-0.314098,-0.007974
7.300,0.927310,0.237579,1.139322,0.912972,0.493055,1.273130,0.107002,-0.148133,-0.021666,-0.035856,-0.046197,-0.004406,-0.998213,-0.059764,-0.998044,-0.062510,0.000000,0.476388,0.488066,0.004827,0.000000,0.314221,-0.312959,-0.007821
7.320,0.927523,0.233952,1.139322,0.915105,0.490083,1.272696,0.106293,-0.149056,-0.021746,-0.034964,-0.046115,-0.003612,-0.998636,-0.052222,-0.998493,-0.054880,0.000000,0.482660,0.481819,0.004672,0.000000,0.312945,-0.311635,-0.007664
7.340,0.927709,0.230325,1.139322,0.917224,0.487093,1.272260,0.105603,-0.149978,-0.021810,-0.034104,-0.046065,-0.002801,-0.999002,-0.044659,-0.998884,-0.047232,0.000000,0.488904,0.475601,0.004520,0.000000,0.311485,-0.310127,-0.007505
7.360,0.927867,0.226701,1.139321,0.919329,0.484084,1.271824,0.104929,-0.150899,-0.021858,-0.033275,-0.046047,-0.001974,-0.999313,-0.037073,-0.999217,-0.039562,0.000000,0.495118,0.469416,0.004372,0.000000,0.309841,-0.308435,-0.007343
7.380,0.927998,0.223078,1.139321,0.921421,0.481057,1.271386,0.104272,-0.151820,-0.021889,-0.032479,-0.046062,-0.001133,-0.999566,-0.029463,-0.999492,-0.031870,0.000000,0.501297,0.463265,0.004226,0.000000,0.308014,-0.306559,-0.007182
7.400,0.928101,0.219459,1.139320,0.923500,0.478011,1.270948,0.103630,-0.152742,-0.021903,-0.031715,-0.046108,-0.000277,-0.999762,-0.021827,-0.999708,-0.024153,0.000000,0.507437,0.457154,0.004084,0.000000,0.306006,-0.304501,-0.007022
7.420,0.928177,0.215842,1.139319,0.925566,0.474947,1.270510,0.103003,-0.153665,-0.021900,-0.030984,-0.046185,0.000591,-0.999900,-0.014163,-0.999865,-0.016410,0.000000,0.513536,0.451086,0.003945,0.000000,0.303816,-0.302262,-0.006865
7.440,0.928225,0.212230,1.139318,0.927620,0.471865,1.270072,0.102390,-0.154589,-0.021879,-0.030285,-0.046292,0.001470,-0.999979,-0.006469,-0.999963,-0.008639,0.000000,0.519589,0.445065,0.003810,0.000000,0.301448,-0.299842,-0.006713
7.460,0.928246,0.208621,1.139317,0.929662,0.468763,1.269635,0.101791,-0.155516,-0.021841,-0.029618,-0.046430,0.002361,-0.999999,0.001257,-1.000000,-0.000838,0.000000,0.525593,0.439094,0.003677,0.000000,0.298902,-0.297243,-0.006567
7.480,0.928238,0.205017,1.139316,0.931692,0.465644,1.269199,0.101205,-0.156447,-0.021785,-0.028980,-0.046597,0.003262,-0.999959,0.009016,-0.999976,0.006995,0.000000,0.531544,0.433177,0.003547,0.000000,0.296180,-0.294465,-0.006429
7.500,0.928203,0.201419,1.139314,0.933710,0.462506,1.268764,0.100632,-0.157380,-0.021710,-0.028370,-0.046792,0.004173,-0.999859,0.016809,-0.999890,0.014862,0.000000,0.537439,0.427317,0.003420,0.000000,0.293283,-0.291511,-0.006299
7.520,0.928139,0.197826,1.139312,0.935717,0.459349,1.268331,0.100070,-0.158319,-0.021618,-0.027788,-0.047015,0.005091,-0.999696,0.024640,-0.999741,0.022764,0.000000,0.543274,0.421517,0.003295,0.000000,0.290213,-0.288381,-0.006179
7.540,0.928048,0.194239,1.139311,0.937713,0.456173,1.267899,0.099520,-0.159261,-0.021507,-0.027230,-0.047266,0.006017,-0.999471,0.032509,-0.999529,0.030703,0.000000,0.549046,0.415783,0.003172,0.000000,0.286972,-0.285076,-0.006070
7.560,0.927928,0.190658,1.139309,0.939698,0.452978,1.267470,0.098981,-0.160209,-0.021377,-0.026695,-0.047543,0.006949,-0.999183,0.040418,-0.999252,0.038681,0.000000,0.554752,0.410115,0.003052,0.000000,0.283562,-0.281599,-0.005972
7.580,0.927779,0.187085,1.139306,0.941672,0.449764,1.267044,0.098452,-0.161163,-0.021229,-0.026181,-0.047846,0.007886,-0.998830,0.048369,-0.998909,0.046700,0.000000,0.560387,0.404520,0.002934,0.000000,0.279986,-0.277950,-0.005885
7.600,0.927602,0.183519,1.139304,0.943636,0.446532,1.266621,0.097933,-0.162123,-0.021062,-0.025685,-0.048175,0.008827,-0.998410,0.056364,-0.998499,0.054762,0.000000,0.565950,0.398999,0.002817,0.000000,0.276244,-0.274132,-0.005811
7.620,0.927397,0.179961,1.139302,0.945590,0.443279,1.266202,0.097425,-0.163090,-0.020876,-0.025206,-0.048529,0.009772,-0.997924,0.064404,-0.998022,0.062869,0.000000,0.571436,0.393556,0.002701,0.000000,0.272339,-0.270146,-0.005748
7.640,0.927162,0.176411,1.139300,0.947533,0.440008,1.265786,0.096925,-0.164065,-0.020671,-0.024742,-0.048907,0.010719,-0.997369,0.072490,-0.997475,0.071022,0.000000,0.576842,0.388194,0.002587,0.000000,0.268273,-0.265994,-0.005697
7.660,0.926899,0.172870,1.139298,0.949467,0.436717,1.265375,0.096435,-0.165047,-0.020447,-0.024290,-0.049310,0.011667,-0.996744,0.080626,-0.996857,0.079222,0.000000,0.582166,0.382917,0.002473,0.000000,0.264050,-0.261678,-0.005658
7.680,0.926607,0.169339,1.139296,0.951391,0.433406,1.264969,0.095953,-0.166037,-0.020204,-0.023849,-0.049737,0.012615,-0.996048,0.088811,-0.996167,0.087473,0.000000,0.587403,0.377728,0.002360,0.000000,0.259671,-0.257199,-0.005630
7.700,0.926285,0.165817,1.139294,0.953305,0.430075,1.264567,0.095481,-0.167036,-0.019942,-0.023417,-0.050188,0.013563,-0.995280,0.097049,-0.995403,0.095775,0.000000,0.592552,0.372630,0.002248,0.000000,0.255138,-0.252560,-0.005612
7.720,0.925935,0.162306,1.139293,0.955210,0.426724,1.264171,0.095017,-0.168045,-0.019662,-0.022994,-0.050663,0.014508,-0.994436,0.105340,-0.994564,0.104131,0.000000,0.597608,0.367626,0.002136,0.000000,0.250455,-0.247763,-0.005604
7.740,0.925555,0.158805,1.139291,0.957106,0.423353,1.263781,0.094561,-0.169063,-0.019362,-0.022577,-0.051162,0.015449,-0.993517,0.113686,-0.993647,0.112542,0.000000,0.602569,0.362721,0.002024,0.000000,0.245624,-0.242810,-0.005604
7.760,0.925146,0.155316,1.139290,0.958992,0.419962,1.263397,0.094114,-0.170092,-0.019044,-0.022168,-0.051686,0.016386,-0.992519,0.122088,-0.992651,0.121009,0.000000,0.607432,0.357915,0.001911,0.000000,0.240649,-0.237703,-0.005612
7.780,0.924708,0.151838,1.139289,0.960870,0.416550,1.263019,0.093674,-0.171131,-0.018707,-0.021765,-0.052235,0.017318,-0.991442,0.130549,-0.991575,0.129534,0.000000,0.612194,0.353213,0.001799,0.000000,0.235531,-0.232445,-0.005625
7.800,0.924240,0.148373,1.139289,0.962739,0.413117,1.262649,0.093243,-0.172181,-0.018351,-0.021369,-0.052810,0.018242,-0.990283,0.139070,-0.990416,0.138120,0.000000,0.616852,0.348618,0.001686,0.000000,0.230274,-0.227038,-0.005643
7.820,0.923743,0.144920,1.139288,0.964600,0.409662,1.262285,0.092819,-0.173243,-0.017977,-0.020981,-0.053412,0.019158,-0.989039,0.147652,-0.989171,0.146767,0.000000,0.621404,0.344133,0.001573,0.000000,0.224881,-0.221485,-0.005663
7.840,0.923216,0.141480,1.139289,0.966452,0.406187,1.261930,0.092404,-0.174318,-0.017585,-0.020602,-0.054042,0.020065,-0.987710,0.156297,-0.987840,0.155477,0.000000,0.625847,0.339760,0.001460,0.000000,0.219355,-0.215788,-0.005684
7.860,0.922660,0.138054,1.139289,0.968296,0.402689,1.261582,0.091995,-0.175405,-0.017174,-0.020235,-0.054702,0.020960,-0.986292,0.165006,-0.986419,0.164251,0.000000,0.630177,0.335502,0.001346,0.000000,0.213700,-0.209949,-0.005703
7.880,0.922074,0.134643,1.139290,0.970132,0.399170,1.261243,0.091594,-0.176506,-0.016746,-0.019882,-0.055392,0.021843,-0.984784,0.173782,-0.984906,0.173092,0.000000,0.634394,0.331363,0.001232,0.000000,0.207919,-0.203972,-0.005719
7.900,0.921459,0.131246,1.139292,0.971960,0.395629,1.260912,0.091200,-0.177621,-0.016301,-0.019547,-0.056116,0.022712,-0.983183,0.182624,-0.983299,0.182000,0.000000,0.638493,0.327344,0.001117,0.000000,0.202015,-0.197860,-0.005728
7.920,0.920814,0.127865,1.139294,0.973780,0.392065,1.260591,0.090812,-0.178751,-0.015838,-0.019233,-0.056875,0.023566,-0.981486,0.191536,-0.981595,0.190976,0.000000,0.642473,0.323449,0.001003,0.000000,0.195992,-0.191615,-0.005727
7.940,0.920140,0.124499,1.139297,0.975593,0.388479,1.260279,0.090430,-0.179896,-0.015358,-0.018947,-0.057672,0.024403,-0.979690,0.200518,-0.979791,0.200023,0.000000,0.646332,0.319681,0.000888,0.000000,0.189853,-0.185240,-0.005715
7.960,0.919436,0.121150,1.139299,0.977397,0.384869,1.259977,0.090054,-0.181058,-0.014862,-0.018694,-0.058510,0.025221,-0.977793,0.209571,-0.977886,0.209141,0.000000,0.650067,0.316041,0.000774,0.000000,0.183603,-0.178738,-0.005689
7.980,0.918703,0.117818,1.139303,0.979195,0.381237,1.259685,0.089682,-0.182237,-0.014350,-0.018480,-0.059391,0.026019,-0.975793,0.218698,-0.975875,0.218331,0.000000,0.653676,0.312532,0.000661,0.000000,0.177245,-0.172114,-0.005645
8.000,0.917941,0.114504,1.139306,0.980985,0.377580,1.259403,0.089314,-0.183434,-0.013821,-0.018313,-0.060318,0.026796,-0.973685,0.227898,-0.973756,0.227595,0.000000,0.657156,0.309157,0.000549,0.000000,0.170782,-0.165369,-0.005582
8.020,0.917150,0.111208,1.139310,0.982767,0.373899,1.259132,0.088949,-0.184650,-0.013278,-0.018200,-0.061295,0.027549,-0.971467,0.237175,-0.971526,0.236933,0.000000,0.660506,0.305918,0.000438,0.000000,0.164219,-0.158510,-0.005497
8.040,0.916330,0.107930,1.139314,0.984543,0.370194,1.258872,0.088586,-0.185886,-0.012720,-0.018150,-0.062324,0.028277,-0.969136,0.246528,-0.969182,0.246347,0.000000,0.663724,0.302817,0.000329,0.000000,0.157559,-0.151538,-0.005388
8.060,0.915480,0.104672,1.139318,0.986311,0.366463,1.258623,0.088223,-0.187143,-0.012147,-0.018171,-0.063407,0.028979,-0.966688,0.255959,-0.966720,0.255837,0.000000,0.666808,0.299857,0.000222,0.000000,0.150807,-0.144458,-0.005252
8.080,0.914602,0.101434,1.139322,0.988072,0.362708,1.258386,0.087859,-0.188423,-0.011561,-0.018273,-0.064548,0.029653,-0.964119,0.265469,-0.964137,0.265403,0.000000,0.669756,0.297040,0.000119,0.000000,0.143966,-0.137276,-0.005089
8.100,0.913695,0.098216,1.139326,0.989825,0.358926,1.258161,0.087491,-0.189726,-0.010961,-0.018463,-0.065749,0.030296,-0.961427,0.275059,-0.961431,0.275048,0.000000,0.672566,0.294367,0.000019,0.000000,0.137040,-0.129994,-0.004895
8.120,0.912759,0.095019,1.139330,0.991571,0.355119,1.257948,0.087119,-0.191053,-0.010349,-0.018753,-0.067010,0.030908,-0.958608,0.284729,-0.958596,0.284770,0.000000,0.675237,0.291840,-0.000077,0.000000,0.130033,-0.122618,-0.004670
8.140,0.911794,0.091844,1.139334,0.993310,0.351284,1.257747,0.086741,-0.192407,-0.009725,-0.019151,-0.068333,0.031488,-0.955658,0.294480,-0.955630,0.294571,0.000000,0.677767,0.289463,-0.000168,0.000000,0.122949,-0.115152,-0.004412
8.160,0.910801,0.088691,1.139338,0.995041,0.347422,1.257559,0.086353,-0.193787,-0.009090,-0.019667,-0.069719,0.032033,-0.952572,0.304314,-0.952528,0.304450,0.000000,0.680154,0.287235,-0.000253,0.000000,0.115793,-0.107603,-0.004118
8.180,0.909780,0.085561,1.139341,0.996764,0.343532,1.257383,0.085953,-0.195196,-0.008444,-0.020311,-0.071167,0.032542,-0.949347,0.314229,-0.949288,0.314408,0.000000,0.682398,0.285159,-0.000332,0.000000,0.108568,-0.099974,-0.003788
8.200,0.908730,0.082453,1.139343,0.998479,0.339614,1.257221,0.085539,-0.196634,-0.007788,-0.021092,-0.072678,0.033013,-0.945979,0.324227,-0.945905,0.324444,0.000000,0.684497,0.283236,-0.000404,0.000000,0.101279,-0.092272,-0.003421
8.220,0.907652,0.079370,1.139345,1.000185,0.335667,1.257072,0.085108,-0.198103,-0.007124,-0.022019,-0.074248,0.033447,-0.942464,0.334308,-0.942375,0.334558,0.000000,0.686449,0.281469,-0.000469,0.000000,0.093930,-0.084502,-0.003014
8.240,0.906546,0.076310,1.139347,1.001883,0.331690,1.256936,0.084657,-0.199604,-0.006451,-0.023103,-0.075876,0.033840,-0.938797,0.344471,-0.938695,0.344750,0.000000,0.688253,0.279857,-0.000525,0.000000,0.086525,-0.076669,-0.002567
8.260,0.905411,0.073275,1.139348,1.003571,0.327682,1.256814,0.084183,-0.201139,-0.005770,-0.024351,-0.077559,0.034193,-0.934974,0.354716,-0.934859,0.355018,0.000000,0.689909,0.278402,-0.000571,0.000000,0.079069,-0.068780,-0.002080
8.280,0.904249,0.070266,1.139348,1.005250,0.323644,1.256705,0.083682,-0.202707,-0.005083,-0.025772,-0.079290,0.034503,-0.930991,0.365043,-0.930865,0.365363,0.000000,0.691416,0.277106,-0.000607,0.000000,0.071566,-0.060842,-0.001550
8.300,0.903058,0.067281,1.139347,1.006919,0.319574,1.256611,0.083151,-0.204311,-0.004390,-0.027374,-0.081066,0.034771,-0.926842,0.375451,-0.926708,0.375783,0.000000,0.692772,0.275969,-0.000633,0.000000,0.064020,-0.052859,-0.000978
8.320,0.901839,0.064323,1.139345,1.008576,0.315471,1.256530,0.082586,-0.205950,-0.003693,-0.029165,-0.082878,0.034996,-0.922524,0.385940,-0.922383,0.386277,0.000000,0.693976,0.274992,-0.000646,0.000000,0.056436,-0.044840,-0.000363
8.340,0.900593,0.061390,1.139343,1.010222,0.311336,1.256463,0.081983,-0.207626,-0.002991,-0.031152,-0.084720,0.035176,-0.918031,0.396508,-0.917886,0.396844,0.000000,0.695029,0.274175,-0.000647,0.000000,0.048819,-0.036790,0.000296
8.360,0.899318,0.058484,1.139340,1.011855,0.307166,1.256410,0.081339,-0.209339,-0.002286,-0.033340,-0.086580,0.035311,-0.913360,0.407153,-0.913214,0.407481,0.000000,0.695929,0.273520,-0.000634,0.000000,0.041172,-0.028716,0.000999
8.380,0.898015,0.055605,1.139336,1.013475,0.302962,1.256372,0.080648,-0.211089,-0.001579,-0.035736,-0.088448,0.035400,-0.908504,0.417875,-0.908361,0.418188,0.000000,0.696676,0.273027,-0.000607,0.000000,0.033501,-0.020627,0.001747
8.400,0.896684,0.052753,1.139332,1.015081,0.298722,1.256347,0.079908,-0.212877,-0.000870,-0.038345,-0.090312,0.035444,-0.903460,0.428672,-0.903323,0.428961,0.000000,0.697269,0.272695,-0.000564,0.000000,0.025810,-0.012528,0.002540
8.420,0.895325,0.049929,1.139326,1.016671,0.294447,1.256337,0.079113,-0.214702,-0.000161,-0.041170,-0.092157,0.035443,-0.898222,0.439542,-0.898097,0.439798,0.000000,0.697708,0.272526,-0.000505,0.000000,0.018103,-0.004427,0.003377
8.440,0.893937,0.047132,1.139321,1.018245,0.290134,1.256341,0.078260,-0.216563,0.000547,-0.044214,-0.093967,0.035395,-0.892786,0.450481,-0.892677,0.450698,0.000000,0.697993,0.272518,-0.000429,0.000000,0.010386,0.003668,0.004259
8.460,0.892521,0.044363,1.139315,1.019801,0.285784,1.256359,0.077343,-0.218460,0.001254,-0.047479,-0.095725,0.035303,-0.887146,0.461488,-0.887059,0.461656,0.000000,0.698123,0.272672,-0.000334,0.000000,0.002664,0.011750,0.005186
8.480,0.891076,0.041623,1.139308,1.021338,0.281395,1.256391,0.076359,-0.220391,0.001959,-0.050968,-0.097413,0.035165,-0.881298,0.472561,-0.881239,0.472671,0.000000,0.698099,0.272988,-0.000221,0.000000,-0.005061,0.019812,0.006155
8.500,0.889603,0.038910,1.139302,1.022855,0.276968,1.256437,0.075303,-0.222356,0.002661,-0.054678,-0.099011,0.034982,-0.875237,0.483694,-0.875213,0.483738,0.000000,0.697921,0.273465,-0.000088,0.000000,-0.012781,0.027847,0.007167
8.520,0.888101,0.036226,1.139295,1.024350,0.272501,1.256497,0.074170,-0.224351,0.003358,-0.058611,-0.100498,0.034755,-0.868958,0.494886,-0.868976,0.494854,0.000000,0.697588,0.274102,0.000066,0.000000,-0.020494,0.035848,0.008219
8.540,0.886570,0.033572,1.139289,1.025821,0.267994,1.256571,0.072957,-0.226375,0.004050,-0.062764,-0.101854,0.034485,-0.862456,0.506132,-0.862525,0.506015,0.000000,0.697101,0.274898,0.000241,0.000000,-0.028195,0.043810,0.009310
8.560,0.885010,0.030946,1.139283,1.027267,0.263446,1.256659,0.071658,-0.228424,0.004737,-0.067135,-0.103055,0.034173,-0.855727,0.517427,-0.855855,0.517216,0.000000,0.696461,0.275854,0.000439,0.000000,-0.035878,0.051725,0.010438
8.580,0.883421,0.028349,1.139277,1.028687,0.258857,1.256761,0.070270,-0.230496,0.005417,-0.071720,-0.104082,0.033819,-0.848766,0.528768,-0.848962,0.528454,0.000000,0.695666,0.276967,0.000659,0.000000,-0.043540,0.059587,0.011600
8.600,0.881803,0.025782,1.139272,1.030078,0.254226,1.256876,0.068788,-0.232586,0.006090,-0.076513,-0.104911,0.033424,-0.841569,0.540149,-0.841843,0.539722,0.000000,0.694719,0.278237,0.000903,0.000000,-0.051176,0.067391,0.012793
8.620,0.880155,0.023244,1.139268,1.031438,0.249553,1.257004,0.067208,-0.234691,0.006754,-0.081510,-0.105520,0.032990,-0.834131,0.551566,-0.834494,0.551016,0.000000,0.693620,0.279662,0.001171,0.000000,-0.058782,0.075130,0.014015
8.640,0.878478,0.020736,1.139265,1.032765,0.244838,1.257146,0.065526,-0.236805,0.007409,-0.086703,-0.105887,0.032518,-0.826449,0.563011,-0.826912,0.562331,0.000000,0.692368,0.281242,0.001464,0.000000,-0.066353,0.082800,0.015262
8.660,0.876771,0.018259,1.139262,1.034058,0.240081,1.257300,0.063739,-0.238925,0.008054,-0.092086,-0.105992,0.032010,-0.818519,0.574480,-0.819094,0.573660,0.000000,0.690966,0.282974,0.001782,0.000000,-0.073884,0.090394,0.016530
8.680,0.875034,0.015812,1.139261,1.035314,0.235281,1.257468,0.061842,-0.241043,0.008689,-0.097648,-0.105813,0.031466,-0.810336,0.585965,-0.811035,0.584997,0.000000,0.689413,0.284857,0.002125,0.000000,-0.081372,0.097907,0.017814
8.700,0.873268,0.013397,1.139261,1.036531,0.230439,1.257648,0.059832,-0.243155,0.009313,-0.103380,-0.105331,0.030888,-0.801899,0.597460,-0.802735,0.596336,0.000000,0.687711,0.286889,0.002494,0.000000,-0.088812,0.105334,0.019112
8.720,0.871472,0.011012,1.139261,1.037707,0.225555,1.257840,0.057705,-0.245254,0.009924,-0.109272,-0.104527,0.030277,-0.793204,0.608957,-0.794190,0.607669,0.000000,0.685861,0.289070,0.002890,0.000000,-0.096200,0.112670,0.020416
8.740,0.869646,0.008659,1.139263,1.038838,0.220629,1.258045,0.055460,-0.247334,0.010524,-0.115310,-0.103383,0.029636,-0.784248,0.620448,-0.785399,0.618990,0.000000,0.683864,0.291396,0.003311,0.000000,-0.103531,0.119911,0.021724
8.760,0.867791,0.006338,1.139266,1.039924,0.215662,1.258261,0.053092,-0.249387,0.011110,-0.121483,-0.101882,0.028966,-0.775029,0.631926,-0.776359,0.630291,0.000000,0.681720,0.293865,0.003758,0.000000,-0.110801,0.127052,0.023029
8.780,0.865906,0.004049,1.139270,1.040961,0.210654,1.258489,0.050600,-0.251407,0.011682,-0.127775,-0.100012,0.028268,-0.765545,0.643382,-0.767070,0.641563,0.000000,0.679432,0.296477,0.004232,0.000000,-0.118006,0.134088,0.024325
8.800,0.863991,0.001793,1.139275,1.041947,0.205606,1.258728,0.047980,-0.253385,0.012240,-0.134172,-0.097757,0.027544,-0.755796,0.654807,-0.757530,0.652800,0.000000,0.677000,0.299228,0.004731,0.000000,-0.125142,0.141015,0.025607
8.820,0.862047,-0.000429,1.139281,1.042880,0.200519,1.258979,0.045232,-0.255314,0.012784,-0.140656,-0.095109,0.026796,-0.745781,0.666192,-0.747739,0.663993,0.000000,0.674427,0.302117,0.005256,0.000000,-0.132204,0.147829,0.026868
8.840,0.860074,-0.002618,1.139287,1.043756,0.195394,1.259240,0.042354,-0.257187,0.013312,-0.147212,-0.092057,0.026025,-0.735498,0.677527,-0.737697,0.675132,0.000000,0.671713,0.305141,0.005806,0.000000,-0.139189,0.154527,0.028101
8.860,0.858072,-0.004773,1.139294,1.044573,0.190232,1.259511,0.039344,-0.258994,0.013824,-0.153819,-0.088596,0.025234,-0.724949,0.688802,-0.727404,0.686209,0.000000,0.668860,0.308297,0.006380,0.000000,-0.146091,0.161105,0.029299
8.880,0.856041,-0.006893,1.139302,1.045329,0.185034,1.259793,0.036201,-0.260728,0.014321,-0.160458,-0.084722,0.024423,-0.714135,0.700008,-0.716862,0.697215,0.000000,0.665870,0.311584,0.006978,0.000000,-0.152908,0.167558,0.030455
8.900,0.853981,-0.008978,1.139310,1.046020,0.179803,1.260084,0.032925,-0.262380,0.014801,-0.167108,-0.080434,0.023595,-0.703056,0.711134,-0.706071,0.708141,0.000000,0.662744,0.314999,0.007598,0.000000,-0.159634,0.173884,0.031561
8.920,0.851892,-0.011027,1.139318,1.046645,0.174540,1.260384,0.029517,-0.263942,0.015265,-0.173748,-0.075734,0.022752,-0.691717,0.722169,-0.695035,0.718976,0.000000,0.659485,0.318538,0.008240,0.000000,-0.166267,0.180080,0.032610
8.940,0.849776,-0.013040,1.139326,1.047200,0.169246,1.260694,0.025975,-0.265407,0.015711,-0.180352,-0.070626,0.021894,-0.680118,0.733102,-0.683756,0.729711,0.000000,0.656094,0.322201,0.008902,0.000000,-0.172801,0.186142,0.033593
8.960,0.847631,-0.015017,1.139333,1.047683,0.163924,1.261013,0.022303,-0.266765,0.016140,-0.186899,-0.065119,0.021024,-0.668265,0.743923,-0.672237,0.740336,0.000000,0.652573,0.325983,0.009583,0.000000,-0.179233,0.192069,0.034504
8.980,0.845459,-0.016957,1.139340,1.048091,0.158576,1.261340,0.018500,-0.268009,0.016552,-0.193362,-0.059223,0.020143,-0.656162,0.754620,-0.660482,0.750842,0.000000,0.648925,0.329883,0.010281,0.000000,-0.185559,0.197856,0.035337
9.000,0.843260,-0.018860,1.139347,1.048422,0.153205,1.261675,0.014569,-0.269131,0.016946,-0.199717,-0.052949,0.019253,-0.643814,0.765182,-0.648497,0.761218,0.000000,0.645152,0.333897,0.010996,0.000000,-0.191775,0.203502,0.036085
9.020,0.841034,-0.020725,1.139353,1.048673,0.147812,1.262017,0.010512,-0.270124,0.017322,-0.205938,-0.046314,0.018356,-0.631227,0.775598,-0.636285,0.771454,0.000000,0.641255,0.338022,0.011724,0.000000,-0.197878,0.209004,0.036745
9.040,0.838781,-0.022552,1.139357,1.048842,0.142401,1.262368,0.006333,-0.270981,0.017680,-0.211998,-0.039334,0.017452,-0.618407,0.785858,-0.623854,0.781541,0.000000,0.637238,0.342256,0.012465,0.000000,-0.203864,0.214360,0.037311
9.060,0.836501,-0.024340,1.139361,1.048925,0.136974,1.262725,0.002034,-0.271696,0.018020,-0.217872,-0.032027,0.016543,-0.605362,0.795950,-0.611209,0.791469,0.000000,0.633101,0.346595,0.013216,0.000000,-0.209729,0.219568,0.037780
9.080,0.834195,-0.026090,1.139364,1.048922,0.131534,1.263088,-0.002381,-0.272260,0.018342,-0.223534,-0.024415,0.015632,-0.592100,0.805864,-0.598358,0.801229,0.000000,0.628849,0.351037,0.013975,0.000000,-0.215471,0.224627,0.038148
9.100,0.831862,-0.027802,1.139365,1.048829,0.126084,1.263458,-0.006906,-0.272670,0.018646,-0.228958,-0.016521,0.014719,-0.578630,0.815590,-0.585307,0.810812,0.000000,0.624483,0.355579,0.014741,0.000000,-0.221085,0.229535,0.038412
9.120,0.829504,-0.029474,1.139365,1.048645,0.120628,1.263834,-0.011537,-0.272920,0.018931,-0.234120,-0.008366,0.013805,-0.564960,0.825118,-0.572066,0.820208,0.000000,0.620007,0.360218,0.015511,0.000000,-0.226569,0.234289,0.038571
9.140,0.827120,-0.031106,1.139364,1.048367,0.115169,1.264215,-0.016269,-0.273003,0.019198,-0.238995,0.000022,0.012893,-0.551100,0.834439,-0.558642,0.829409,0.000000,0.615422,0.364950,0.016283,0.000000,-0.231918,0.238890,0.038623
9.160,0.824710,-0.032700,1.139362,1.047994,0.109709,1.264602,-0.021095,-0.272917,0.019447,-0.243559,0.008620,0.011982,-0.537062,0.843543,-0.545045,0.838406,0.000000,0.610731,0.369772,0.017055,0.000000,-0.237131,0.243335,0.038567
9.180,0.822274,-0.034253,1.139358,1.047523,0.104253,1.264993,-0.026009,-0.272657,0.019677,-0.247791,0.017399,0.011076,-0.522855,0.852422,-0.531285,0.847193,0.000000,0.605937,0.374682,0.017825,0.000000,-0.242205,0.247624,0.038402
9.200,0.819813,-0.035767,1.139353,1.046953,0.098804,1.265389,-0.031004,-0.272220,0.019890,-0.251669,0.026332,0.010174,-0.508491,0.861067,-0.517371,0.855762,0.000000,0.601044,0.379676,0.018591,0.000000,-0.247135,0.251756,0.038130
9.220,0.817326,-0.037241,1.139348,1.046282,0.093365,1.265788,-0.036074,-0.271603,0.020084,-0.255174,0.035391,0.009278,-0.493982,0.869472,-0.503313,0.864104,0.000000,0.596053,0.384751,0.019350,0.000000,-0.251920,0.255731,0.037750
9.240,0.814813,-0.038675,1.139341,1.045510,0.087941,1.266192,-0.041209,-0.270804,0.020261,-0.258286,0.044547,0.008390,-0.479339,0.877630,-0.489122,0.872215,0.000000,0.590968,0.389904,0.020100,0.000000,-0.256556,0.259547,0.037264
9.260,0.812274,-0.040069,1.139334,1.044633,0.082534,1.266599,-0.046402,-0.269821,0.020420,-0.260989,0.053772,0.007509,-0.464576,0.885533,-0.474809,0.880089,0.000000,0.585792,0.395132,0.020840,0.000000,-0.261041,0.263205,0.036675
9.280,0.809710,-0.041424,1.139327,1.043653,0.077149,1.267009,-0.051646,-0.268653,0.020561,-0.263270,0.063036,0.006638,-0.449704,0.893177,-0.460386,0.887719,0.000000,0.580527,0.400432,0.021566,0.000000,-0.265372,0.266704,0.035984
9.300,0.807119,-0.042738,1.139319,1.042567,0.071790,1.267421,-0.056930,-0.267299,0.020685,-0.265115,0.072312,0.005777,-0.434738,0.900557,-0.445863,0.895101,0.000000,0.575178,0.405799,0.022278,0.000000,-0.269547,0.270045,0.035196
9.320,0.804502,-0.044012,1.139311,1.041376,0.066459,1.267836,-0.062247,-0.265761,0.020792,-0.266514,0.081570,0.004927,-0.419689,0.907668,-0.431253,0.902231,0.000000,0.569746,0.411232,0.022974,0.000000,-0.273563,0.273228,0.034313
9.340,0.801859,-0.045246,1.139304,1.040077,0.061160,1.268253,-0.067588,-0.264037,0.020883,-0.267459,0.090783,0.004090,-0.404572,0.914506,-0.416567,0.909105,0.000000,0.564236,0.416727,0.023650,0.000000,-0.277418,0.276252,0.033341
9.360,0.799190,-0.046440,1.139296,1.038672,0.055898,1.268671,-0.072942,-0.262130,0.020956,-0.267945,0.099923,0.003264,-0.389399,0.921069,-0.401817,0.915720,0.000000,0.558651,0.422281,0.024307,0.000000,-0.281110,0.279120,0.032284
9.380,0.796494,-0.047594,1.139289,1.037160,0.050676,1.269091,-0.078302,-0.260041,0.021013,-0.267970,0.108964,0.002453,-0.374183,0.927355,-0.387014,0.922074,0.000000,0.552993,0.427891,0.024941,0.000000,-0.284636,0.281830,0.031148
9.400,0.793771,-0.048708,1.139283,1.035540,0.045498,1.269511,-0.083658,-0.257772,0.021054,-0.267534,0.117880,0.001655,-0.358939,0.933361,-0.372171,0.928164,0.000000,0.547266,0.433554,0.025552,0.000000,-0.287994,0.284385,0.029939
9.420,0.791021,-0.049783,1.139278,1.033813,0.040367,1.269933,-0.089001,-0.255326,0.021079,-0.266641,0.126647,0.000872,-0.343678,0.939088,-0.357300,0.933990,0.000000,0.541474,0.439266,0.026138,0.000000,-0.291182,0.286785,0.028664
9.440,0.788245,-0.050817,1.139273,1.031980,0.035286,1.270355,-0.094321,-0.252707,0.021089,-0.265297,0.135242,0.000105,-0.328414,0.944534,-0.342412,0.939550,0.000000,0.535620,0.445024,0.026698,0.000000,-0.294199,0.289031,0.027328
9.460,0.785442,-0.051811,1.139269,1.030041,0.030260,1.270776,-0.099610,-0.249918,0.021084,-0.263512,0.143642,-0.000647,-0.313159,0.949701,-0.327518,0.944845,0.000000,0.529708,0.450826,0.027231,0.000000,-0.297041,0.291124,0.025939
9.480,0.782612,-0.052764,1.139267,1.027996,0.025290,1.271198,-0.104858,-0.246963,0.021063,-0.261298,0.151826,-0.001382,-0.297926,0.954589,-0.312631,0.949875,0.000000,0.523740,0.456668,0.027736,0.000000,-0.299709,0.293064,0.024503
9.500,0.779755,-0.053678,1.139265,1.025847,0.020382,1.271619,-0.110059,-0.243847,0.021029,-0.258670,0.159776,-0.002101,-0.282727,0.959200,-0.297761,0.954641,0.000000,0.517720,0.462547,0.028211,0.000000,-0.302199,0.294853,0.023024
9.520,0.776871,-0.054551,1.139265,1.023594,0.015538,1.272039,-0.115203,-0.240574,0.020980,-0.255644,0.167472,-0.002804,-0.267573,0.963537,-0.282919,0.959144,0.000000,0.511653,0.468461,0.028656,0.000000,-0.304512,0.296490,0.021511
9.540,0.773960,-0.055384,1.139265,1.021239,0.010760,1.272458,-0.120282,-0.237150,0.020917,-0.252238,0.174898,-0.003489,-0.252478,0.967603,-0.268117,0.963386,0.000000,0.505541,0.474406,0.029071,0.000000,-0.306644,0.297976,0.019967
9.560,0.771022,-0.056177,1.139267,1.018783,0.006053,1.272875,-0.125290,-0.233580,0.020840,-0.248473,0.182037,-0.004156,-0.237451,0.971400,-0.253364,0.967371,0.000000,0.499388,0.480379,0.029455,0.000000,-0.308595,0.299312,0.018399
9.580,0.768058,-0.056929,1.139269,1.016228,0.001418,1.273291,-0.130219,-0.229870,0.020750,-0.244371,0.188875,-0.004807,-0.222503,0.974932,-0.238672,0.971100,0.000000,0.493199,0.486377,0.029807,0.000000,-0.310365,0.300498,0.016812
9.600,0.765067,-0.057641,1.139272,1.013575,-0.003141,1.273705,-0.135062,-0.226027,0.020648,-0.239954,0.195399,-0.005439,-0.207645,0.978204,-0.224050,0.974578,0.000000,0.486975,0.492398,0.030127,0.000000,-0.311951,0.301533,0.015212
9.620,0.762050,-0.058312,1.139277,1.010826,-0.007622,1.274117,-0.139815,-0.222056,0.020533,-0.235248,0.201596,-0.006054,-0.192888,0.981221,-0.209508,0.977807,0.000000,0.480722,0.498438,0.030415,0.000000,-0.313352,0.302418,0.013603
9.640,0.759006,-0.058942,1.139281,1.007983,-0.012023,1.274527,-0.144471,-0.217965,0.020406,-0.230277,0.207456,-0.006651,-0.178240,0.983987,-0.195054,0.980792,0.000000,0.474442,0.504494,0.030671,0.000000,-0.314569,0.303153,0.011992
9.660,0.755937,-0.059531,1.139286,1.005048,-0.016340,1.274933,-0.149024,-0.213760,0.020267,-0.225068,0.212968,-0.007230,-0.163711,0.986508,-0.180699,0.983538,0.000000,0.468140,0.510563,0.030895,0.000000,-0.315600,0.303738,0.010382
9.680,0.752841,-0.060079,1.139292,1.002023,-0.020572,1.275337,-0.153472,-0.209449,0.020117,-0.219646,0.218126,-0.007792,-0.149310,0.988791,-0.166451,0.986050,0.000000,0.461819,0.516642,0.031087,0.000000,-0.316445,0.304173,0.008779
9.700,0.749721,-0.060586,1.139298,0.998910,-0.024717,1.275738,-0.157809,-0.205038,0.019956,-0.214039,0.222922,-0.008335,-0.135044,0.990840,-0.152317,0.988332,0.000000,0.455484,0.522729,0.031246,0.000000,-0.317103,0.304457,0.007187
9.720,0.746575,-0.061052,1.139303,0.995711,-0.028773,1.276135,-0.162032,-0.200534,0.019784,-0.208272,0.227350,-0.008861,-0.120922,0.992662,-0.138307,0.990389,0.000000,0.449137,0.528819,0.031374,0.000000,-0.317574,0.304590,0.005611
9.740,0.743404,-0.061476,1.139309,0.992429,-0.032738,1.276529,-0.166139,-0.195946,0.019601,-0.202374,0.231407,-0.009369,-0.106952,0.994264,-0.124426,0.992229,0.000000,0.442782,0.534911,0.031471,0.000000,-0.317858,0.304571,0.004055
9.760,0.740208,-0.061859,1.139315,0.989066,-0.036611,1.276919,-0.170127,-0.191281,0.019409,-0.196370,0.235089,-0.009859,-0.093139,0.995653,-0.110683,0.993856,0.000000,0.436423,0.541001,0.031537,0.000000,-0.317954,0.304400,0.002524
9.780,0.736988,-0.062200,1.139320,0.985625,-0.040389,1.277306,-0.173993,-0.186545,0.019207,-0.190286,0.238395,-0.010332,-0.079490,0.996836,-0.097084,0.995276,0.000000,0.430065,0.547086,0.031572,0.000000,-0.317862,0.304077,0.001022
9.800,0.733744,-0.062499,1.139325,0.982108,-0.044072,1.277688,-0.177738,-0.181747,0.018996,-0.184147,0.241326,-0.010788,-0.066011,0.997819,-0.083635,0.996496,0.000000,0.423710,0.553163,0.031578,0.000000,-0.317583,0.303600,-0.000448
9.820,0.730477,-0.062757,1.139330,0.978516,-0.047659,1.278065,-0.181359,-0.176895,0.018776,-0.177976,0.243882,-0.011226,-0.052708,0.998610,-0.070341,0.997523,0.000000,0.417363,0.559229,0.031554,0.000000,-0.317116,0.302968,-0.001881
9.840,0.727185,-0.062973,1.139333,0.974854,-0.051147,1.278439,-0.184857,-0.171994,0.018547,-0.171798,0.246067,-0.011647,-0.039584,0.999216,-0.057208,0.998362,0.000000,0.411027,0.565281,0.031503,0.000000,-0.316463,0.302182,-0.003273
9.860,0.723871,-0.063146,1.139336,0.971123,-0.054538,1.278807,-0.188231,-0.167054,0.018310,-0.165632,0.247883,-0.012050,-0.026644,0.999645,-0.044240,0.999021,0.000000,0.404706,0.571316,0.031424,0.000000,-0.315622,0.301239,-0.004622
9.880,0.720533,-0.063278,1.139339,0.967326,-0.057829,1.279171,-0.191482,-0.162082,0.018065,-0.159500,0.249338,-0.012437,-0.013892,0.999904,-0.031443,0.999506,0.000000,0.398403,0.577330,0.031318,0.000000,-0.314596,0.300139,-0.005923
9.900,0.717172,-0.063368,1.139341,0.963464,-0.061021,1.279530,-0.194611,-0.157083,0.017812,-0.153419,0.250439,-0.012806,-0.001330,0.999999,-0.018819,0.999823,0.000000,0.392123,0.583320,0.031187,0.000000,-0.313384,0.298881,-0.007173
9.920,0.713789,-0.063415,1.139341,0.959542,-0.064113,1.279883,-0.197619,-0.152066,0.017553,-0.147405,0.251192,-0.013159,0.011037,0.999939,-0.006372,0.999980,0.000000,0.385869,0.589284,0.031032,0.000000,-0.311987,0.297462,-0.008369
9.940,0.710383,-0.063420,1.139342,0.955560,-0.067104,1.280232,-0.200508,-0.147038,0.017286,-0.141473,0.251609,-0.013495,0.023209,0.999731,0.005895,0.999983,0.000000,0.379645,0.595217,0.030853,0.000000,-0.310407,0.295884,-0.009509
9.960,0.706955,-0.063383,1.139341,0.951522,-0.069994,1.280575,-0.203279,-0.142004,0.017013,-0.135635,0.251701,-0.013815,0.035184,0.999381,0.017979,0.999838,0.000000,0.373454,0.601118,0.030652,0.000000,-0.308643,0.294144,-0.010589
9.980,0.703504,-0.063303,1.139340,0.947430,-0.072784,1.280912,-0.205934,-0.136972,0.016734,-0.129901,0.251479,-0.014117,0.046960,0.998897,0.029880,0.999554,0.000000,0.367300,0.606982,0.030430,0.000000,-0.306698,0.292242,-0.011608
10.000,0.700032,-0.063182,1.139338,0.943286,-0.075473,1.281244,-0.208476,-0.131947,0.016448,-0.124282,0.250957,-0.014404,0.058536,0.998285,0.041593,0.999135,0.000000,0.361187,0.612807,0.030188,0.000000,-0.304571,0.290177,-0.012564
10.020,0.696538,-0.063018,1.139336,0.939092,-0.078062,1.281570,-0.210906,-0.126935,0.016158,-0.118783,0.250148,-0.014674,0.069913,0.997553,0.053120,0.998588,0.000000,0.355119,0.618588,0.029927,0.000000,-0.302265,0.287950,-0.013456
10.040,0.693021,-0.062812,1.139333,0.934850,-0.080551,1.281890,-0.213228,-0.121943,0.015862,-0.113413,0.249068,-0.014927,0.081089,0.996707,0.064458,0.997920,0.000000,0.349098,0.624324,0.029650,0.000000,-0.299781,0.285560,-0.014282
10.060,0.689483,-0.062563,1.139331,0.930563,-0.082940,1.282205,-0.215444,-0.116974,0.015561,-0.108175,0.247731,-0.015164,0.092067,0.995753,0.075607,0.997138,0.000000,0.343129,0.630009,0.029357,0.000000,-0.297120,0.283007,-0.015041
10.080,0.685923,-0.062273,1.139327,0.926233,-0.085230,1.282513,-0.217556,-0.112035,0.015255,-0.103073,0.246154,-0.015385,0.102845,0.994697,0.086567,0.996246,0.000000,0.337214,0.635643,0.029049,0.000000,-0.294284,0.280292,-0.015734
10.100,0.682342,-0.061941,1.139324,0.921862,-0.087421,1.282815,-0.219567,-0.107130,0.014945,-0.098110,0.244354,-0.015590,0.113425,0.993547,0.097338,0.995251,0.000000,0.331358,0.641220,0.028728,0.000000,-0.291274,0.277415,-0.016361
10.120,0.678739,-0.061566,1.139321,0.917451,-0.089515,1.283110,-0.221481,-0.102262,0.014632,-0.093287,0.242346,-0.015780,0.123809,0.992306,0.107921,0.994160,0.000000,0.325564,0.646738,0.028395,0.000000,-0.288092,0.274375,-0.016920
10.140,0.675114,-0.061151,1.139317,0.913003,-0.091512,1.283400,-0.223300,-0.097437,0.014314,-0.088604,0.240148,-0.015953,0.133997,0.990982,0.118315,0.992976,0.000000,0.319836,0.652194,0.028051,0.000000,-0.284740,0.271175,-0.017413
10.160,0.671468,-0.060693,1.139314,0.908520,-0.093413,1.283683,-0.225026,-0.092658,0.013994,-0.084062,0.237777,-0.016111,0.143992,0.989579,0.128521,0.991707,0.000000,0.314176,0.657584,0.027699,0.000000,-0.281220,0.267815,-0.017842
10.180,0.667800,-0.060194,1.139310,0.904003,-0.095219,1.283960,-0.226663,-0.087927,0.013670,-0.079660,0.235250,-0.016253,0.153795,0.988103,0.138542,0.990357,0.000000,0.308588,0.662906,0.027338,0.000000,-0.277535,0.264296,-0.018206
10.200,0.664111,-0.059655,1.139307,0.899454,-0.096930,1.284230,-0.228214,-0.083249,0.013344,-0.075395,0.232584,-0.016380,0.163409,0.986558,0.148377,0.988931,0.000000,0.303076,0.668155,0.026971,0.000000,-0.273685,0.260619,-0.018508
10.220,0.660401,-0.059074,1.139305,0.894875,-0.098549,1.284493,-0.229680,-0.078625,0.013015,-0.071265,0.229795,-0.016493,0.172836,0.984951,0.158029,0.987434,0.000000,0.297642,0.673329,0.026598,0.000000,-0.269673,0.256785,-0.018749
10.240,0.656669,-0.058452,1.139302,0.890267,-0.100076,1.284750,-0.231065,-0.074057,0.012684,-0.067267,0.226900,-0.016590,0.182078,0.983284,0.167499,0.985872,0.000000,0.292290,0.678425,0.026221,0.000000,-0.265503,0.252797,-0.018932
10.260,0.652916,-0.057790,1.139300,0.885633,-0.101512,1.285001,-0.232372,-0.069549,0.012351,-0.063398,0.223915,-0.016673,0.191137,0.981563,0.176789,0.984249,0.000000,0.287023,0.683440,0.025841,0.000000,-0.261175,0.248655,-0.019060
10.280,0.649142,-0.057088,1.139298,0.880973,-0.102858,1.285244,-0.233602,-0.065101,0.012017,-0.059655,0.220855,-0.016742,0.200017,0.979792,0.185900,0.982569,0.000000,0.281844,0.688371,0.025459,0.000000,-0.256694,0.244362,-0.019134
10.300,0.645347,-0.056346,1.139296,0.876289,-0.104116,1.285481,-0.234759,-0.060715,0.011682,-0.056034,0.217734,-0.016797,0.208720,0.977976,0.194836,0.980836,0.000000,0.276756,0.693214,0.025076,0.000000,-0.252060,0.239920,-0.019159
10.320,0.641531,-0.055564,1.139295,0.871583,-0.105287,1.285712,-0.235844,-0.056392,0.011345,-0.052531,0.214567,-0.016839,0.217248,0.976116,0.203596,0.979055,0.000000,0.271762,0.697966,0.024693,0.000000,-0.247278,0.235331,-0.019138
10.340,0.637694,-0.054742,1.139295,0.866856,-0.106372,1.285935,-0.236861,-0.052133,0.011008,-0.049142,0.211366,-0.016868,0.225605,0.974219,0.212185,0.977229,0.000000,0.266866,0.702626,0.024311,0.000000,-0.242350,0.230596,-0.019075
10.360,0.633837,-0.053881,1.139294,0.862109,-0.107373,1.286152,-0.237810,-0.047938,0.010671,-0.045863,0.208144,-0.016884,0.233793,0.972286,0.220605,0.975363,0.000000,0.262069,0.707189,0.023930,0.000000,-0.237279,0.225720,-0.018974
10.380,0.629959,-0.052982,1.139294,0.857344,-0.108290,1.286362,-0.238696,-0.043807,0.010333,-0.042692,0.204911,-0.016888,0.241815,0.970322,0.228856,0.973460,0.000000,0.257376,0.711654,0.023552,0.000000,-0.232068,0.220704,-0.018839
10.400,0.626060,-0.052043,1.139295,0.852562,-0.109126,1.286565,-0.239519,-0.039741,0.009995,-0.039624,0.201676,-0.016881,0.249673,0.968330,0.236943,0.971524,0.000000,0.252788,0.716017,0.023177,0.000000,-0.226720,0.215552,-0.018676
10.420,0.622141,-0.051066,1.139295,0.847763,-0.109880,1.286762,-0.240281,-0.035740,0.009658,-0.036656,0.198449,-0.016863,0.257371,0.966313,0.244866,0.969557,0.000000,0.248308,0.720275,0.022805,0.000000,-0.221238,0.210266,-0.018489
10.440,0.618202,-0.050051,1.139296,0.842951,-0.110556,1.286952,-0.240986,-0.031803,0.009321,-0.033787,0.195235,-0.016835,0.264910,0.964273,0.252629,0.967563,0.000000,0.243939,0.724426,0.022438,0.000000,-0.215627,0.204849,-0.018283
10.460,0.614242,-0.048998,1.139297,0.838124,-0.111153,1.287135,-0.241633,-0.027931,0.008984,-0.031012,0.192042,-0.016797,0.272294,0.962214,0.260233,0.965546,0.000000,0.239684,0.728468,0.022074,0.000000,-0.209888,0.199304,-0.018061
10.480,0.610263,-0.047907,1.139299,0.833286,-0.111673,1.287311,-0.242227,-0.024122,0.008649,-0.028331,0.188875,-0.016750,0.279525,0.960138,0.267682,0.963507,0.000000,0.235544,0.732398,0.021715,0.000000,-0.204026,0.193635,-0.017827
10.500,0.606265,-0.046779,1.139300,0.828436,-0.112118,1.287481,-0.242767,-0.020375,0.008315,-0.025741,0.185736,-0.016695,0.286605,0.958049,0.274977,0.961451,0.000000,0.231523,0.736213,0.021361,0.000000,-0.198043,0.187845,-0.017585
10.520,0.602246,-0.045613,1.139302,0.823575,-0.112489,1.287644,-0.243257,-0.016692,0.007981,-0.023241,0.182629,-0.016632,0.293537,0.955948,0.282121,0.959379,0.000000,0.227623,0.739911,0.021012,0.000000,-0.191944,0.181938,-0.017338
10.540,0.598209,-0.044410,1.139303,0.818706,-0.112786,1.287800,-0.243698,-0.013070,0.007649,-0.020829,0.179558,-0.016563,0.300324,0.953837,0.289116,0.957294,0.000000,0.223846,0.743489,0.020668,0.000000,-0.185732,0.175915,-0.017088
10.560,0.594152,-0.043171,1.139305,0.813828,-0.113012,1.287950,-0.244091,-0.009509,0.007319,-0.018503,0.176522,-0.016487,0.306967,0.951720,0.295964,0.955199,0.000000,0.220195,0.746947,0.020328,0.000000,-0.179411,0.169782,-0.016840
10.580,0.590077,-0.041894,1.139306,0.808942,-0.113167,1.288093,-0.244438,-0.006009,0.006990,-0.016262,0.173523,-0.016407,0.313469,0.949598,0.302668,0.953096,0.000000,0.216671,0.750280,0.019994,0.000000,-0.172984,0.163542,-0.016594
10.600,0.585983,-0.040581,1.139308,0.804051,-0.113253,1.288229,-0.244742,-0.002568,0.006663,-0.014105,0.170560,-0.016322,0.319832,0.947474,0.309230,0.950987,0.000000,0.213276,0.753488,0.019665,0.000000,-0.166455,0.157197,-0.016353
10.620,0.581871,-0.039232,1.139310,0.799153,-0.113270,1.288359,-0.245003,0.000814,0.006337,-0.012032,0.167635,-0.016234,0.326059,0.945349,0.315652,0.948875,0.000000,0.210013,0.756567,0.019340,0.000000,-0.159827,0.150753,-0.016119
10.640,0.577740,-0.037847,1.139311,0.794251,-0.113221,1.288483,-0.245224,0.004137,0.006013,-0.010041,0.164745,-0.016143,0.332151,0.943226,0.321937,0.946761,0.000000,0.206884,0.759517,0.019020,0.000000,-0.153106,0.144212,-0.015893
10.660,0.573592,-0.036426,1.139312,0.789344,-0.113105,1.288600,-0.245405,0.007404,0.005691,-0.008131,0.161890,-0.016051,0.338112,0.941106,0.328087,0.944647,0.000000,0.203889,0.762335,0.018704,0.000000,-0.146293,0.137579,-0.015676
10.680,0.569426,-0.034969,1.139314,0.784435,-0.112925,1.288710,-0.245549,0.010613,0.005371,-0.006301,0.159068,-0.015957,0.343942,0.938991,0.334104,0.942536,0.000000,0.201032,0.765020,0.018393,0.000000,-0.139395,0.130857,-0.015470
10.700,0.565242,-0.033477,1.139315,0.779523,-0.112681,1.288815,-0.245658,0.013767,0.005053,-0.004552,0.156277,-0.015863,0.349645,0.936882,0.339991,0.940429,0.000000,0.198314,0.767569,0.018085,0.000000,-0.132414,0.124051,-0.015274
10.720,0.561041,-0.031949,1.139316,0.774609,-0.112375,1.288913,-0.245732,0.016865,0.004737,-0.002881,0.153516,-0.015769,0.355222,0.934782,0.345749,0.938327,0.000000,0.195736,0.769981,0.017782,0.000000,-0.125354,0.117165,-0.015090
10.740,0.556823,-0.030386,1.139316,0.769694,-0.112007,1.289004,-0.245774,0.019908,0.004422,-0.001289,0.150782,-0.015677,0.360676,0.932691,0.351381,0.936232,0.000000,0.193300,0.772255,0.017482,0.000000,-0.118221,0.110202,-0.014917
10.760,0.552588,-0.028788,1.139317,0.764778,-0.111579,1.289089,-0.245784,0.022896,0.004110,0.000227,0.148073,-0.015587,0.366008,0.930612,0.356889,0.934147,0.000000,0.191008,0.774389,0.017185,0.000000,-0.111017,0.103167,-0.014755
10.780,0.548336,-0.027156,1.139317,0.759862,-0.111091,1.289169,-0.245765,0.025831,0.003799,0.001666,0.145386,-0.015500,0.371220,0.928545,0.362276,0.932071,0.000000,0.188860,0.776381,0.016891,0.000000,-0.103747,0.096064,-0.014604
10.800,0.544068,-0.025488,1.139318,0.754948,-0.110546,1.289241,-0.245718,0.028712,0.003490,0.003029,0.142722,-0.015416,0.376316,0.926491,0.367543,0.930007,0.000000,0.186859,0.778231,0.016601,0.000000,-0.096416,0.088898,-0.014462
10.820,0.539784,-0.023786,1.139318,0.750034,-0.109943,1.289308,-0.245644,0.031540,0.003182,0.004318,0.140076,-0.015337,0.381296,0.924453,0.372692,0.927955,0.000000,0.185004,0.779937,0.016313,0.000000,-0.089028,0.081673,-0.014329
10.840,0.535484,-0.022050,1.139318,0.745122,-0.109285,1.289369,-0.245546,0.034315,0.002876,0.005534,0.137448,-0.015262,0.386163,0.922431,0.377726,0.925917,0.000000,0.183298,0.781497,0.016027,0.000000,-0.081587,0.074394,-0.014203
10.860,0.531168,-0.020281,1.139318,0.740212,-0.108571,1.289423,-0.245423,0.037038,0.002572,0.006679,0.134837,-0.015193,0.390918,0.920425,0.382647,0.923895,0.000000,0.181741,0.782912,0.015745,0.000000,-0.074098,0.067065,-0.014083
10.880,0.526837,-0.018477,1.139317,0.735305,-0.107803,1.289472,-0.245279,0.039708,0.002268,0.007753,0.132242,-0.015130,0.395564,0.918438,0.387456,0.921888,0.000000,0.180334,0.784180,0.015464,0.000000,-0.066565,0.059691,-0.013966
10.900,0.522490,-0.016640,1.139317,0.730401,-0.106983,1.289514,-0.245114,0.042327,0.001966,0.008758,0.129662,-0.015073,0.400103,0.916470,0.392157,0.919898,0.000000,0.179079,0.785299,0.015186,0.000000,-0.058992,0.052276,-0.013851
10.920,0.518128,-0.014770,1.139317,0.725501,-0.106111,1.289550,-0.244929,0.044895,0.001665,0.009697,0.127098,-0.015023,0.404537,0.914522,0.396750,0.917927,0.000000,0.177975,0.786270,0.014910,0.000000,-0.051386,0.044826,-0.013735
10.940,0.513751,-0.012867,1.139316,0.720604,-0.105187,1.289581,-0.244726,0.047411,0.001365,0.010571,0.124551,-0.014981,0.408867,0.912594,0.401238,0.915974,0.000000,0.177023,0.787092,0.014636,0.000000,-0.043749,0.037345,-0.013616
10.960,0.509360,-0.010932,1.139316,0.715712,-0.104214,1.289605,-0.244507,0.049877,0.001066,0.011382,0.122020,-0.014947,0.413096,0.910687,0.405623,0.914041,0.000000,0.176225,0.787764,0.014365,0.000000,-0.036087,0.029838,-0.013494
10.980,0.504953,-0.008964,1.139315,0.710824,-0.103193,1.289623,-0.244271,0.052292,0.000767,0.012133,0.119508,-0.014921,0.417226,0.908803,0.409906,0.912128,0.000000,0.175580,0.788286,0.014097,0.000000,-0.028403,0.022308,-0.013366
11.000,0.500533,-0.006965,1.139314,0.705941,-0.102123,1.289636,-0.244022,0.054658,0.000469,0.012826,0.117017,-0.014903,0.421258,0.906941,0.414090,0.910236,0.000000,0.175089,0.788656,0.013831,0.000000,-0.020704,0.014762,-0.013231
11.020,0.496098,-0.004935,1.139314,0.701063,-0.101007,1.289642,-0.243759,0.056973,0.000171,0.013464,0.114548,-0.014894,0.425195,0.905102,0.418176,0.908366,0.000000,0.174752,0.788876,0.013568,0.000000,-0.012992,0.007203,-0.013089
11.040,0.491649,-0.002873,1.139313,0.696191,-0.099845,1.289642,-0.243484,0.059240,-0.000127,0.014049,0.112102,-0.014894,0.429038,0.903286,0.422167,0.906518,0.000000,0.174569,0.788944,0.013307,0.000000,-0.005273,-0.000363,-0.012938
11.060,0.487186,-0.000781,1.139313,0.691324,-0.098637,1.289637,-0.243197,0.061457,-0.000425,0.014584,0.109684,-0.014903,0.432790,0.901495,0.426064,0.904693,0.000000,0.174541,0.788861,0.013050,0.000000,0.002448,-0.007933,-0.012777
11.080,0.482709,0.001342,1.139312,0.686463,-0.097387,1.289625,-0.242900,0.063627,-0.000723,0.015072,0.107295,-0.014921,0.436451,0.899728,0.429868,0.902892,0.000000,0.174667,0.788627,0.012796,0.000000,0.010169,-0.015502,-0.012605
11.100,0.478219,0.003494,1.139311,0.681608,-0.096093,1.289608,-0.242595,0.065749,-0.001022,0.015514,0.104937,-0.014949,0.440025,0.897986,0.433582,0.901114,0.000000,0.174948,0.788241,0.012546,0.000000,0.017883,-0.023066,-0.012423
11.120,0.473716,0.005676,1.139311,0.676759,-0.094757,1.289585,-0.242280,0.067825,-0.001321,0.015915,0.102614,-0.014985,0.443512,0.896268,0.437207,0.899361,0.000000,0.175382,0.787705,0.012299,0.000000,0.025586,-0.030619,-0.012231
11.140,0.469199,0.007887,1.139310,0.671917,-0.093380,1.289555,-0.241958,0.069854,-0.001621,0.016276,0.100328,-0.015031,0.446915,0.894576,0.440745,0.897632,0.000000,0.175971,0.787017,0.012057,0.000000,0.033274,-0.038158,-0.012027
11.160,0.464670,0.010126,1.139310,0.667081,-0.091963,1.289520,-0.241629,0.071838,-0.001922,0.016600,0.098082,-0.015086,0.450235,0.892910,0.444198,0.895929,0.000000,0.176713,0.786178,0.011818,0.000000,0.040943,-0.045678,-0.011812
11.180,0.460127,0.012394,1.139310,0.662252,-0.090507,1.289478,-0.241294,0.073778,-0.002225,0.016891,0.095879,-0.015149,0.453474,0.891269,0.447567,0.894251,0.000000,0.177609,0.785190,0.011584,0.000000,0.048588,-0.053175,-0.011586
11.200,0.455572,0.014689,1.139309,0.657429,-0.089012,1.289431,-0.240954,0.075674,-0.002528,0.017150,0.093721,-0.015222,0.456634,0.889655,0.450853,0.892598,0.000000,0.178657,0.784052,0.011355,0.000000,0.056204,-0.060644,-0.011350
11.220,0.451004,0.017011,1.139309,0.652614,-0.087480,1.289377,-0.240609,0.077527,-0.002833,0.017380,0.091611,-0.015302,0.459715,0.888066,0.454058,0.890972,0.000000,0.179857,0.782764,0.011131,0.000000,0.063788,-0.068081,-0.011104
11.240,0.446424,0.019360,1.139309,0.647805,-0.085911,1.289317,-0.240259,0.079338,-0.003140,0.017584,0.089551,-0.015391,0.462721,0.886504,0.457184,0.889372,0.000000,0.181208,0.781329,0.010911,0.000000,0.071334,-0.075482,-0.010849
11.260,0.441832,0.021735,1.139309,0.643003,-0.084307,1.289251,-0.239905,0.081109,-0.003449,0.017764,0.087544,-0.015487,0.465651,0.884968,0.460232,0.887798,0.000000,0.182710,0.779745,0.010697,0.000000,0.078838,-0.082843,-0.010586
11.280,0.437228,0.024135,1.139309,0.638209,-0.082667,1.289179,-0.239549,0.082841,-0.003760,0.017921,0.085591,-0.015591,0.468508,0.883459,0.463204,0.886252,0.000000,0.184361,0.778015,0.010488,0.000000,0.086296,-0.090158,-0.010316
11.300,0.432612,0.026562,1.139308,0.633421,-0.080993,1.289101,-0.239189,0.084533,-0.004073,0.018059,0.083694,-0.015701,0.471293,0.881977,0.466100,0.884732,0.000000,0.186161,0.776139,0.010284,0.000000,0.093704,-0.097425,-0.010040
11.320,0.427984,0.029013,1.139308,0.628641,-0.079286,1.289016,-0.238826,0.086189,-0.004388,0.018180,0.081854,-0.015818,0.474007,0.880521,0.468922,0.883239,0.000000,0.188109,0.774118,0.010086,0.000000,0.101057,-0.104638,-0.009760
11.340,0.423345,0.031488,1.139308,0.623868,-0.077546,1.288925,-0.238462,0.087808,-0.004706,0.018284,0.080074,-0.015940,0.476652,0.879092,0.471672,0.881774,0.000000,0.190203,0.771954,0.009894,0.000000,0.108350,-0.111794,-0.009477
11.360,0.418695,0.033987,1.139308,0.619103,-0.075774,1.288828,-0.238095,0.089392,-0.005026,0.018373,0.078352,-0.016067,0.479229,0.877690,0.474350,0.880337,0.000000,0.192442,0.769647,0.009707,0.000000,0.115579,-0.118889,-0.009193
11.380,0.414034,0.036510,1.139309,0.614344,-0.073971,1.288724,-0.237727,0.090942,-0.005348,0.018450,0.076690,-0.016198,0.481738,0.876315,0.476957,0.878926,0.000000,0.194826,0.767199,0.009526,0.000000,0.122740,-0.125918,-0.008911
11.400,0.409362,0.039056,1.139309,0.609594,-0.072137,1.288614,-0.237357,0.092460,-0.005674,0.018515,0.075088,-0.016333,0.484182,0.874967,0.479496,0.877544,0.000000,0.197352,0.764611,0.009350,0.000000,0.129829,-0.132877,-0.008631
11.420,0.404679,0.041624,1.139309,0.604850,-0.070273,1.288497,-0.236986,0.093946,-0.006002,0.018569,0.073544,-0.016471,0.486560,0.873647,0.481966,0.876190,0.000000,0.200018,0.761884,0.009181,0.000000,0.136841,-0.139762,-0.008356
11.440,0.399986,0.044215,1.139309,0.600114,-0.068379,1.288374,-0.236614,0.095402,-0.006332,0.018613,0.072058,-0.016610,0.488875,0.872354,0.484370,0.874863,0.000000,0.202825,0.759021,0.009016,0.000000,0.143772,-0.146570,-0.008087
11.460,0.395282,0.046827,1.139309,0.595386,-0.066457,1.288244,-0.236242,0.096829,-0.006666,0.018647,0.070628,-0.016750,0.491127,0.871088,0.486707,0.873565,0.000000,0.205769,0.756022,0.008857,0.000000,0.150618,-0.153296,-0.007826
11.480,0.390569,0.049461,1.139309,0.590664,-0.064506,1.288107,-0.235869,0.098228,-0.007002,0.018672,0.069253,-0.016890,0.493317,0.869850,0.488980,0.872295,0.000000,0.208849,0.752890,0.008703,0.000000,0.157375,-0.159936,-0.007575
11.500,0.385846,0.052116,1.139309,0.585951,-0.062528,1.287964,-0.235495,0.099599,-0.007342,0.018689,0.067930,-0.017029,0.495445,0.868639,0.491188,0.871054,0.000000,0.212063,0.749625,0.008554,0.000000,0.164038,-0.166487,-0.007334
11.520,0.381113,0.054791,1.139309,0.581245,-0.060522,1.287814,-0.235121,0.100945,-0.007684,0.018697,0.066659,-0.017166,0.497513,0.867457,0.493333,0.869841,0.000000,0.215410,0.746231,0.008410,0.000000,0.170605,-0.172945,-0.007104
11.540,0.376371,0.057486,1.139310,0.576546,-0.058490,1.287657,-0.234747,0.102266,-0.008028,0.018697,0.065435,-0.017300,0.499521,0.866302,0.495416,0.868656,0.000000,0.218887,0.742708,0.008270,0.000000,0.177071,-0.179306,-0.006886
11.560,0.371619,0.060201,1.139310,0.571855,-0.056432,1.287493,-0.234373,0.103563,-0.008376,0.018688,0.064257,-0.017429,0.501470,0.865175,0.497437,0.867500,0.000000,0.222492,0.739059,0.008134,0.000000,0.183432,-0.185566,-0.006681
11.580,0.366859,0.062935,1.139310,0.567171,-0.054348,1.287322,-0.234000,0.104837,-0.008725,0.018671,0.063121,-0.017553,0.503360,0.864077,0.499398,0.866373,0.000000,0.226223,0.735286,0.008002,0.000000,0.189684,-0.191723,-0.006490
11.600,0.362090,0.065688,1.139310,0.562495,-0.052238,1.287144,-0.233627,0.106088,-0.009078,0.018645,0.062025,-0.017671,0.505193,0.863006,0.501299,0.865274,0.000000,0.230078,0.731391,0.007874,0.000000,0.195825,-0.197771,-0.006313
11.620,0.357313,0.068460,1.139310,0.557826,-0.050104,1.286959,-0.233254,0.107318,-0.009432,0.018611,0.060966,-0.017782,0.506969,0.861964,0.503140,0.864205,0.000000,0.234055,0.727376,0.007750,0.000000,0.201850,-0.203709,-0.006150
11.640,0.352528,0.071249,1.139310,0.553165,-0.047946,1.286766,-0.232882,0.108527,-0.009789,0.018567,0.059940,-0.017883,0.508688,0.860951,0.504924,0.863164,0.000000,0.238152,0.723243,0.007628,0.000000,0.207756,-0.209532,-0.006002
11.660,0.347734,0.074056,1.139310,0.548511,-0.045763,1.286567,-0.232511,0.109716,-0.010147,0.018514,0.058945,-0.017975,0.510351,0.859966,0.506649,0.862152,0.000000,0.242365,0.718996,0.007510,0.000000,0.213539,-0.215237,-0.005867
11.680,0.342933,0.076880,1.139310,0.543864,-0.043557,1.286360,-0.232142,0.110885,-0.010508,0.018451,0.057977,-0.018057,0.511958,0.859011,0.508318,0.861170,0.000000,0.246692,0.714635,0.007394,0.000000,0.219196,-0.220820,-0.005747
11.700,0.338124,0.079721,1.139310,0.539225,-0.041328,1.286147,-0.231773,0.112035,-0.010870,0.018378,0.057033,-0.018126,0.513510,0.858083,0.509930,0.860216,0.000000,0.251132,0.710164,0.007280,0.000000,0.224725,-0.226279,-0.005641
11.720,0.333309,0.082578,1.139310,0.534593,-0.039076,1.285926,-0.231407,0.113166,-0.011233,0.018295,0.056111,-0.018183,0.515008,0.857185,0.511486,0.859291,0.000000,0.255680,0.705584,0.007168,0.000000,0.230121,-0.231610,-0.005548
11.740,0.328486,0.085452,1.139310,0.529969,-0.036802,1.285697,-0.231042,0.114279,-0.011597,0.018201,0.055207,-0.018225,0.516452,0.856316,0.512987,0.858396,0.000000,0.260336,0.700900,0.007058,0.000000,0.235381,-0.236811,-0.005467
11.760,0.323656,0.088340,1.139310,0.525352,-0.034505,1.285462,-0.230679,0.115375,-0.011962,0.018097,0.054319,-0.018253,0.517842,0.855477,0.514434,0.857530,0.000000,0.265095,0.696113,0.006949,0.000000,0.240503,-0.241877,-0.005398
11.780,0.318820,0.091244,1.139310,0.520742,-0.032187,1.285219,-0.230318,0.116452,-0.012327,0.017981,0.053444,-0.018265,0.519178,0.854666,0.515826,0.856693,0.000000,0.269955,0.691226,0.006842,0.000000,0.245483,-0.246806,-0.005340
11.800,0.313977,0.094163,1.139310,0.516139,-0.029847,1.284969,-0.229959,0.117513,-0.012692,0.017855,0.052580,-0.018260,0.520462,0.853885,0.517165,0.855885,0.000000,0.274913,0.686242,0.006735,0.000000,0.250318,-0.251594,-0.005291
11.820,0.309128,0.097095,1.139310,0.511543,-0.027486,1.284711,-0.229604,0.118556,-0.013057,0.017718,0.051725,-0.018237,0.521694,0.853133,0.518451,0.855107,0.000000,0.279967,0.681163,0.006630,0.000000,0.255006,-0.256240,-0.005251
11.840,0.304274,0.100041,1.139310,0.506955,-0.025105,1.284446,-0.229251,0.119582,-0.013421,0.017571,0.050876,-0.018195,0.522874,0.852410,0.519685,0.854358,0.000000,0.285112,0.675993,0.006525,0.000000,0.259544,-0.260740,-0.005218
11.860,0.299414,0.103001,1.139310,0.502373,-0.022703,1.284174,-0.228901,0.120591,-0.013785,0.017413,0.050032,-0.018134,0.524002,0.851717,0.520867,0.853638,0.000000,0.290347,0.670734,0.006421,0.000000,0.263929,-0.265091,-0.005191
11.880,0.294548,0.105973,1.139310,0.497799,-0.020281,1.283895,-0.228554,0.121583,-0.014147,0.017245,0.049192,-0.018053,0.525079,0.851054,0.521997,0.852948,0.000000,0.295668,0.665390,0.006318,0.000000,0.268158,-0.269290,-0.005167
11.900,0.289678,0.108957,1.139311,0.493231,-0.017840,1.283608,-0.228211,0.122558,-0.014507,0.017067,0.048355,-0.017952,0.526105,0.850419,0.523076,0.852286,0.000000,0.301073,0.659964,0.006215,0.000000,0.272229,-0.273334,-0.005145
11.920,0.284802,0.111953,1.139311,0.488670,-0.015379,1.283315,-0.227872,0.123517,-0.014865,0.016881,0.047521,-0.017828,0.527082,0.849815,0.524104,0.851654,0.000000,0.306557,0.654458,0.006112,0.000000,0.276139,-0.277222,-0.005124
11.940,0.279922,0.114960,1.139311,0.484116,-0.012899,1.283014,-0.227536,0.124459,-0.015220,0.016686,0.046689,-0.017683,0.528008,0.849239,0.525082,0.851052,0.000000,0.312117,0.648876,0.006010,0.000000,0.279886,-0.280951,-0.005101
11.960,0.275037,0.117978,1.139311,0.479569,-0.010401,1.282706,-0.227204,0.125385,-0.015572,0.016485,0.045859,-0.017515,0.528885,0.848693,0.526011,0.850478,0.000000,0.317751,0.643221,0.005908,0.000000,0.283468,-0.284518,-0.005077
11.980,0.270148,0.121006,1.139311,0.475028,-0.007884,1.282391,-0.226877,0.126294,-0.015920,0.016277,0.045032,-0.017324,0.529713,0.848177,0.526890,0.849934,0.000000,0.323455,0.637496,0.005807,0.000000,0.286883,-0.287920,-0.005050
12.000,0.265255,0.124044,1.139311,0.470494,-0.005349,1.282069,-0.226553,0.127186,-0.016265,0.016065,0.044207,-0.017110,0.530493,0.847689,0.527720,0.849419,0.000000,0.329225,0.631705,0.005706,0.000000,0.290128,-0.291157,-0.005018
12.020,0.260358,0.127091,1.139311,0.465966,-0.002797,1.281741,-0.226234,0.128062,-0.016604,0.015848,0.043386,-0.016871,0.531224,0.847231,0.528501,0.848932,0.000000,0.335059,0.625851,0.005606,0.000000,0.293202,-0.294226,-0.004981
12.040,0.255458,0.130147,1.139312,0.461444,-0.000227,1.281405,-0.225919,0.128921,-0.016939,0.015629,0.042569,-0.016609,0.531908,0.846802,0.529235,0.848476,0.000000,0.340952,0.619938,0.005507,0.000000,0.296103,-0.297124,-0.004939
12.060,0.250554,0.133210,1.139312,0.456929,0.002360,1.281063,-0.225609,0.129765,-0.017269,0.015409,0.041757,-0.016323,0.532544,0.846402,0.529920,0.848048,0.000000,0.346902,0.613967,0.005408,0.000000,0.298829,-0.299851,-0.004890
12.080,0.245647,0.136281,1.139312,0.452420,0.004964,1.280714,-0.225303,0.130592,-0.017592,0.015188,0.040952,-0.016012,0.533134,0.846031,0.530558,0.847649,0.000000,0.352904,0.607945,0.005311,0.000000,0.301379,-0.302405,-0.004835
12.100,0.240737,0.139359,1.139312,0.447917,0.007584,1.280359,-0.225001,0.131403,-0.017909,0.014969,0.040154,-0.015676,0.533677,0.845689,0.531148,0.847279,0.000000,0.358956,0.601872,0.005215,0.000000,0.303750,-0.304783,-0.004772
12.120,0.235825,0.142444,1.139313,0.443420,0.010220,1.279998,-0.224704,0.132198,-0.018219,0.014752,0.039365,-0.015315,0.534173,0.845375,0.531691,0.846938,0.000000,0.365053,0.595754,0.005120,0.000000,0.305943,-0.306986,-0.004702
12.140,0.230910,0.145534,1.139313,0.438929,0.012871,1.279631,-0.224411,0.132978,-0.018521,0.014540,0.038585,-0.014930,0.534624,0.845090,0.532188,0.846626,0.000000,0.371192,0.589594,0.005027,0.000000,0.307954,-0.309010,-0.004624
12.160,0.225992,0.148629,1.139313,0.434443,0.015539,1.279257,-0.224123,0.133742,-0.018816,0.014332,0.037817,-0.014520,0.535029,0.844834,0.532638,0.846343,0.000000,0.377370,0.583395,0.004935,0.000000,0.309784,-0.310856,-0.004540
12.180,0.221073,0.151729,1.139313,0.429964,0.018221,1.278878,-0.223838,0.134490,-0.019102,0.014132,0.037061,-0.014085,0.535388,0.844606,0.533042,0.846089,0.000000,0.383582,0.577161,0.004845,0.000000,0.311432,-0.312521,-0.004447
12.200,0.216152,0.154834,1.139313,0.425490,0.020918,1.278493,-0.223557,0.135224,-0.019379,0.013939,0.036318,-0.013625,0.535703,0.844407,0.533399,0.845864,0.000000,0.389826,0.570896,0.004757,0.000000,0.312895,-0.314006,-0.004349
12.220,0.211229,0.157942,1.139313,0.421021,0.023630,1.278103,-0.223280,0.135943,-0.019647,0.013756,0.035590,-0.013141,0.535973,0.844235,0.533711,0.845667,0.000000,0.396097,0.564602,0.004672,0.000000,0.314174,-0.315308,-0.004243
12.240,0.206305,0.161053,1.139313,0.416558,0.026356,1.277707,-0.223007,0.136648,-0.019905,0.013584,0.034877,-0.012633,0.536198,0.844092,0.533977,0.845499,0.000000,0.402392,0.558284,0.004588,0.000000,0.315268,-0.316428,-0.004132
12.260,0.201380,0.164167,1.139313,0.412101,0.029096,1.277307,-0.222737,0.137338,-0.020152,0.013423,0.034180,-0.012101,0.536378,0.843978,0.534197,0.845360,0.000000,0.408706,0.551946,0.004506,0.000000,0.316176,-0.317365,-0.004016
12.280,0.196453,0.167282,1.139313,0.407649,0.031849,1.276901,-0.222470,0.138015,-0.020388,0.013275,0.033501,-0.011545,0.536514,0.843891,0.534372,0.845249,0.000000,0.415037,0.545591,0.004427,0.000000,0.316897,-0.318118,-0.003896
12.300,0.191526,0.170399,1.139313,0.403202,0.034616,1.276491,-0.222206,0.138678,-0.020614,0.013141,0.032839,-0.010965,0.536607,0.843833,0.534501,0.845168,0.000000,0.421381,0.539223,0.004350,0.000000,0.317431,-0.318686,-0.003773
12.320,0.186599,0.173517,1.139313,0.398761,0.037396,1.276077,-0.221944,0.139329,-0.020827,0.013022,0.032195,-0.010363,0.536655,0.843802,0.534585,0.845115,0.000000,0.427733,0.532845,0.004276,0.000000,0.317778,-0.319070,-0.003647
12.340,0.181671,0.176636,1.139313,0.394324,0.040189,1.275658,-0.221685,0.139966,-0.021028,0.012918,0.031568,-0.009737,0.536659,0.843799,0.534624,0.845090,0.000000,0.434091,0.526461,0.004205,0.000000,0.317938,-0.319270,-0.003521
12.360,0.176743,0.179754,1.139313,0.389893,0.042995,1.275236,-0.221427,0.140592,-0.021216,0.012831,0.030960,-0.009090,0.536619,0.843825,0.534617,0.845094,0.000000,0.440450,0.520075,0.004135,0.000000,0.317911,-0.319285,-0.003395
12.380,0.171815,0.182872,1.139312,0.385467,0.045813,1.274810,-0.221172,0.141205,-0.021391,0.012760,0.030368,-0.008421,0.536535,0.843878,0.534565,0.845127,0.000000,0.446806,0.513691,0.004069,0.000000,0.317695,-0.319115,-0.003271
12.400,0.166888,0.185988,1.139312,0.381046,0.048643,1.274380,-0.220917,0.141806,-0.021553,0.012708,0.029794,-0.007731,0.536406,0.843960,0.534468,0.845189,0.000000,0.453156,0.507312,0.004005,0.000000,0.317293,-0.318760,-0.003150
12.420,0.161961,0.189103,1.139312,0.376631,0.051485,1.273948,-0.220663,0.142397,-0.021701,0.012672,0.029234,-0.007021,0.536234,0.844069,0.534325,0.845279,0.000000,0.459496,0.500942,0.003943,0.000000,0.316703,-0.318221,-0.003034
12.440,0.157035,0.192216,1.139311,0.372220,0.054339,1.273512,-0.220410,0.142976,-0.021834,0.012655,0.028689,-0.006291,0.536017,0.844207,0.534137,0.845398,0.000000,0.465823,0.494584,0.003883,0.000000,0.315927,-0.317498,-0.002923
12.460,0.152110,0.195326,1.139311,0.367814,0.057204,1.273075,-0.220157,0.143544,-0.021952,0.012656,0.028157,-0.005542,0.535756,0.844373,0.533903,0.845545,0.000000,0.472132,0.488243,0.003826,0.000000,0.314965,-0.316591,-0.002819
12.480,0.147186,0.198433,1.139310,0.363414,0.060080,1.272634,-0.219903,0.144102,-0.022055,0.012675,0.027636,-0.004774,0.535451,0.844567,0.533624,0.845722,0.000000,0.478420,0.481922,0.003770,0.000000,0.313816,-0.315500,-0.002723
12.500,0.142263,0.201536,1.139310,0.359018,0.062968,1.272192,-0.219650,0.144650,-0.022143,0.012711,0.027125,-0.003988,0.535100,0.844789,0.533299,0.845927,0.000000,0.484684,0.475624,0.003717,0.000000,0.312483,-0.314227,-0.002635
12.520,0.137343,0.204636,1.139309,0.354628,0.065866,1.271749,-0.219395,0.145187,-0.022215,0.012766,0.026621,-0.003186,0.534704,0.845039,0.532928,0.846161,0.000000,0.490918,0.469354,0.003665,0.000000,0.310965,-0.312772,-0.002555
12.540,0.132424,0.207730,1.139309,0.350242,0.068775,1.271304,-0.219139,0.145715,-0.022270,0.012838,0.026123,-0.002367,0.534263,0.845318,0.532510,0.846424,0.000000,0.497121,0.463115,0.003614,0.000000,0.309263,-0.311135,-0.002485
12.560,0.127507,0.210820,1.139308,0.345862,0.071695,1.270858,-0.218881,0.146232,-0.022309,0.012928,0.025629,-0.001534,0.533776,0.845626,0.532046,0.846715,0.000000,0.503288,0.456910,0.003565,0.000000,0.307380,-0.309318,-0.002424
12.580,0.122592,0.213904,1.139308,0.341487,0.074625,1.270412,-0.218622,0.146740,-0.022331,0.013034,0.025137,-0.000685,0.533243,0.845962,0.531536,0.847036,0.000000,0.509415,0.450743,0.003517,0.000000,0.305315,-0.307321,-0.002373
12.600,0.117680,0.216982,1.139307,0.337117,0.077564,1.269965,-0.218360,0.147238,-0.022337,0.013157,0.024644,0.000176,0.532664,0.846327,0.530979,0.847385,0.000000,0.515499,0.444618,0.003470,0.000000,0.303069,-0.305145,-0.002332
12.620,0.112771,0.220054,1.139307,0.332753,0.080514,1.269518,-0.218095,0.147726,-0.022324,0.013295,0.024149,0.001050,0.532038,0.846720,0.530375,0.847763,0.000000,0.521537,0.438539,0.003424,0.000000,0.300645,-0.302792,-0.002301
12.640,0.107865,0.223119,1.139307,0.328393,0.083473,1.269072,-0.217828,0.148204,-0.022294,0.013449,0.023650,0.001935,0.531365,0.847143,0.529723,0.848171,0.000000,0.527524,0.432508,0.003378,0.000000,0.298043,-0.300261,-0.002280
12.660,0.102962,0.226177,1.139306,0.324040,0.086442,1.268627,-0.217557,0.148672,-0.022247,0.013617,0.023145,0.002831,0.530645,0.847594,0.529023,0.848607,0.000000,0.533457,0.426529,0.003333,0.000000,0.295265,-0.297555,-0.002268
12.680,0.098062,0.229226,1.139306,0.319691,0.089420,1.268182,-0.217283,0.149129,-0.022181,0.013799,0.022633,0.003737,0.529876,0.848075,0.528276,0.849073,0.000000,0.539333,0.420607,0.003288,0.000000,0.292313,-0.294676,-0.002265
12.700,0.093166,0.232267,1.139306,0.315348,0.092407,1.267740,-0.217005,0.149577,-0.022097,0.013994,0.022110,0.004650,0.529059,0.848585,0.527480,0.849567,0.000000,0.545149,0.414743,0.003242,0.000000,0.289189,-0.291623,-0.002271
12.720,0.088274,0.235300,1.139306,0.311011,0.095403,1.267299,-0.216723,0.150014,-0.021995,0.014202,0.021577,0.005571,0.528194,0.849124,0.526636,0.850091,0.000000,0.550900,0.408943,0.003197,0.000000,0.285893,-0.288399,-0.002285
12.740,0.083386,0.238323,1.139306,0.306679,0.098408,1.266860,-0.216437,0.150440,-0.021874,0.014422,0.021032,0.006498,0.527279,0.849692,0.525742,0.850644,0.000000,0.556583,0.403209,0.003151,0.000000,0.282429,-0.285005,-0.002306
12.760,0.078502,0.241336,1.139306,0.302354,0.101421,1.266424,-0.216146,0.150855,-0.021735,0.014653,0.020473,0.007429,0.526314,0.850290,0.524799,0.851226,0.000000,0.562196,0.397544,0.003104,0.000000,0.278798,-0.281443,-0.002334
12.780,0.073623,0.244339,1.139306,0.298034,0.104442,1.265991,-0.215851,0.151259,-0.021577,0.014894,0.019900,0.008365,0.525299,0.850918,0.523806,0.851838,0.000000,0.567734,0.391952,0.003057,0.000000,0.275002,-0.277714,-0.002366
12.800,0.068749,0.247332,1.139307,0.293720,0.107471,1.265561,-0.215551,0.151651,-0.021401,0.015144,0.019313,0.009303,0.524234,0.851574,0.522763,0.852478,0.000000,0.573195,0.386436,0.003010,0.000000,0.271045,-0.273821,-0.002403
12.820,0.063879,0.250313,1.139307,0.289412,0.110508,1.265135,-0.215245,0.152031,-0.021205,0.015403,0.018710,0.010242,0.523118,0.852261,0.521668,0.853148,0.000000,0.578575,0.381000,0.002961,0.000000,0.266927,-0.269765,-0.002443
12.840,0.059015,0.253282,1.139307,0.285110,0.113552,1.264713,-0.214934,0.152399,-0.020991,0.015670,0.018093,0.011181,0.521950,0.852976,0.520523,0.853847,0.000000,0.583871,0.375647,0.002912,0.000000,0.262651,-0.265548,-0.002484
12.860,0.054157,0.256239,1.139308,0.280814,0.116604,1.264295,-0.214618,0.152755,-0.020758,0.015944,0.017461,0.012118,0.520729,0.853722,0.519326,0.854576,0.000000,0.589080,0.370379,0.002862,0.000000,0.258221,-0.261173,-0.002525
12.880,0.049304,0.259183,1.139308,0.276525,0.119662,1.263883,-0.214297,0.153097,-0.020506,0.016225,0.016816,0.013054,0.519457,0.854497,0.518077,0.855334,0.000000,0.594199,0.365201,0.002811,0.000000,0.253639,-0.256640,-0.002565
12.900,0.044457,0.262114,1.139309,0.272242,0.122727,1.263475,-0.213969,0.153427,-0.020236,0.016511,0.016158,0.013985,0.518131,0.855301,0.516776,0.856121,0.000000,0.599224,0.360115,0.002759,0.000000,0.248907,-0.251954,-0.002601
12.920,0.039616,0.265032,1.139310,0.267966,0.125799,1.263073,-0.213636,0.153744,-0.019947,0.016802,0.015489,0.014911,0.516752,0.856135,0.515421,0.856937,0.000000,0.604154,0.355124,0.002707,0.000000,0.244029,-0.247115,-0.002634
12.940,0.034782,0.267935,1.139311,0.263697,0.128877,1.262677,-0.213297,0.154047,-0.019639,0.017098,0.014810,0.015830,0.515319,0.856998,0.514013,0.857783,0.000000,0.608984,0.350231,0.002654,0.000000,0.239006,-0.242127,-0.002661
12.960,0.029954,0.270823,1.139311,0.259435,0.131961,1.262288,-0.212952,0.154336,-0.019314,0.017398,0.014125,0.016741,0.513832,0.857891,0.512550,0.858657,0.000000,0.613713,0.345440,0.002601,0.000000,0.233843,-0.236991,-0.002682
12.980,0.025134,0.273696,1.139312,0.255179,0.135050,1.261905,-0.212601,0.154612,-0.018970,0.017700,0.013433,0.017643,0.512289,0.858813,0.511033,0.859561,0.000000,0.618337,0.340753,0.002547,0.000000,0.228543,-0.231711,-0.002696
13.000,0.020320,0.276553,1.139313,0.250931,0.138145,1.261529,-0.212244,0.154873,-0.018608,0.018005,0.012740,0.018534,0.510691,0.859764,0.509460,0.860494,0.000000,0.622854,0.336172,0.002493,0.000000,0.223108,-0.226290,-0.002702
13.020,0.015514,0.279394,1.139314,0.246689,0.141245,1.261161,-0.211881,0.155121,-0.018229,0.018312,0.012045,0.019413,0.509037,0.860744,0.507831,0.861457,0.000000,0.627261,0.331702,0.002439,0.000000,0.217541,-0.220730,-0.002699
13.040,0.010715,0.282218,1.139314,0.242455,0.144350,1.260800,-0.211512,0.155355,-0.017832,0.018620,0.011354,0.020279,0.507327,0.861754,0.506146,0.862448,0.000000,0.631555,0.327344,0.002385,0.000000,0.211846,-0.215034,-0.002687
13.060,0.005925,0.285025,1.139315,0.238229,0.147459,1.260448,-0.211136,0.155575,-0.017418,0.018929,0.010667,0.021130,0.505559,0.862792,0.504403,0.863468,0.000000,0.635734,0.323101,0.002331,0.000000,0.206026,-0.209206,-0.002666
13.080,0.001142,0.287813,1.139316,0.234010,0.150573,1.260103,-0.210754,0.155782,-0.016987,0.019237,0.009989,0.021964,0.503734,0.863859,0.502603,0.864517,0.000000,0.639795,0.318977,0.002278,0.000000,0.200085,-0.203249,-0.002636
13.100,-0.003633,0.290584,1.139316,0.229799,0.153691,1.259768,-0.210367,0.155975,-0.016539,0.019545,0.009321,0.022782,0.501851,0.864954,0.500744,0.865595,0.000000,0.643736,0.314972,0.002226,0.000000,0.194025,-0.197165,-0.002596
13.120,-0.008398,0.293336,1.139317,0.225595,0.156812,1.259442,-0.209973,0.156155,-0.016075,0.019852,0.008667,0.023580,0.499908,0.866078,0.498826,0.866702,0.000000,0.647555,0.311091,0.002174,0.000000,0.187851,-0.190959,-0.002546
13.140,-0.013156,0.296068,1.139317,0.221400,0.159937,1.259125,-0.209573,0.156322,-0.015596,0.020156,0.008030,0.024359,0.497906,0.867231,0.496847,0.867838,0.000000,0.651250,0.307335,0.002124,0.000000,0.181566,-0.184634,-0.002487
13.160,-0.017904,0.298781,1.139317,0.217212,0.163065,1.258818,-0.209166,0.156476,-0.015101,0.020458,0.007411,0.025117,0.495844,0.868412,0.494808,0.869002,0.000000,0.654817,0.303706,0.002075,0.000000,0.175174,-0.178193,-0.002419
13.180,-0.022643,0.301473,1.139317,0.213033,0.166196,1.258521,-0.208754,0.156618,-0.014591,0.020757,0.006815,0.025852,0.493720,0.869621,0.492707,0.870195,0.000000,0.658256,0.300208,0.002027,0.000000,0.168678,-0.171642,-0.002342
13.200,-0.027372,0.304144,1.139318,0.208862,0.169329,1.258235,-0.208336,0.156749,-0.014067,0.021051,0.006243,0.026564,0.491535,0.870858,0.490543,0.871417,0.000000,0.661564,0.296841,0.001981,0.000000,0.162082,-0.164982,-0.002257
13.220,-0.032092,0.306795,1.139317,0.204700,0.172466,1.257959,-0.207912,0.156868,-0.013529,0.021341,0.005698,0.027252,0.489287,0.872123,0.488316,0.872667,0.000000,0.664739,0.293609,0.001937,0.000000,0.155391,-0.158219,-0.002164
13.240,-0.036802,0.309423,1.139317,0.200546,0.175604,1.257694,-0.207483,0.156977,-0.012977,0.021626,0.005182,0.027914,0.486976,0.873415,0.486025,0.873945,0.000000,0.667779,0.290513,0.001895,0.000000,0.148607,-0.151356,-0.002065
13.260,-0.041502,0.312029,1.139317,0.196401,0.178745,1.257440,-0.207047,0.157076,-0.012413,0.021904,0.004697,0.028550,0.484601,0.874735,0.483668,0.875252,0.000000,0.670682,0.287556,0.001855,0.000000,0.141736,-0.144397,-0.001961
13.280,-0.046192,0.314613,1.139316,0.192264,0.181887,1.257197,-0.206606,0.157165,-0.011836,0.022175,0.004244,0.029158,0.482160,0.876083,0.481245,0.876586,0.000000,0.673448,0.284738,0.001817,0.000000,0.134781,-0.137348,-0.001852
13.300,-0.050871,0.317174,1.139316,0.188136,0.185031,1.256966,-0.206160,0.157246,-0.011247,0.022439,0.003825,0.029738,0.479653,0.877458,0.478754,0.877949,0.000000,0.676073,0.282062,0.001781,0.000000,0.127746,-0.130212,-0.001739
13.320,-0.055540,0.319711,1.139315,0.184018,0.188177,1.256747,-0.205709,0.157318,-0.010646,0.022694,0.003441,0.030289,0.477079,0.878861,0.476196,0.879339,0.000000,0.678557,0.279530,0.001747,0.000000,0.120635,-0.122993,-0.001625
13.340,-0.060198,0.322225,1.139314,0.179908,0.191324,1.256541,-0.205253,0.157384,-0.010035,0.022939,0.003092,0.030810,0.474436,0.880290,0.473567,0.880758,0.000000,0.680898,0.277143,0.001716,0.000000,0.113453,-0.115698,-0.001510
13.360,-0.064845,0.324714,1.139313,0.175808,0.194472,1.256346,-0.204791,0.157442,-0.009414,0.023174,0.002780,0.031301,0.471724,0.881746,0.470868,0.882204,0.000000,0.683095,0.274903,0.001687,0.000000,0.106205,-0.108329,-0.001397
13.380,-0.069480,0.327178,1.139312,0.171716,0.197621,1.256164,-0.204326,0.157495,-0.008783,0.023398,0.002503,0.031760,0.468941,0.883230,0.468098,0.883677,0.000000,0.685146,0.272810,0.001660,0.000000,0.098893,-0.100893,-0.001286
13.400,-0.074104,0.329618,1.139311,0.167635,0.200772,1.255995,-0.203856,0.157543,-0.008144,0.023610,0.002261,0.032188,0.466086,0.884739,0.465254,0.885177,0.000000,0.687050,0.270867,0.001635,0.000000,0.091524,-0.093393,-0.001179
13.420,-0.078717,0.332031,1.139310,0.163562,0.203923,1.255838,-0.203381,0.157586,-0.007496,0.023808,0.002054,0.032584,0.463158,0.886276,0.462335,0.886705,0.000000,0.688806,0.269075,0.001613,0.000000,0.084101,-0.085835,-0.001077
13.440,-0.083318,0.334419,1.139309,0.159499,0.207075,1.255695,-0.202903,0.157625,-0.006841,0.023992,0.001880,0.032948,0.460155,0.887839,0.459342,0.888260,0.000000,0.690414,0.267434,0.001592,0.000000,0.076629,-0.078222,-0.000982
13.460,-0.087907,0.336781,1.139308,0.155446,0.210228,1.255565,-0.202422,0.157661,-0.006178,0.024161,0.001739,0.033279,0.457076,0.889428,0.456271,0.889841,0.000000,0.691871,0.265946,0.001573,0.000000,0.069112,-0.070561,-0.000895
13.480,-0.092483,0.339116,1.139307,0.151402,0.213382,1.255448,-0.201937,0.157695,-0.005510,0.024313,0.001627,0.033578,0.453919,0.891043,0.453121,0.891449,0.000000,0.693178,0.264612,0.001556,0.000000,0.061554,-0.062855,-0.000816
13.500,-0.097048,0.341425,1.139306,0.147369,0.216536,1.255344,-0.201449,0.157727,-0.004835,0.024448,0.001544,0.033843,0.450684,0.892684,0.449892,0.893083,0.000000,0.694333,0.263432,0.001540,0.000000,0.053961,-0.055110,-0.000746
13.520,-0.101600,0.343706,1.139305,0.143345,0.219691,1.255255,-0.200959,0.157757,-0.004156,0.024563,0.001487,0.034075,0.447367,0.894350,0.446582,0.894743,0.000000,0.695336,0.262408,0.001526,0.000000,0.046336,-0.047329,-0.000687
13.540,-0.106139,0.345959,1.139304,0.139330,0.222846,1.255178,-0.200467,0.157786,-0.003473,0.024659,0.001455,0.034274,0.443969,0.896042,0.443188,0.896428,0.000000,0.696186,0.261539,0.001513,0.000000,0.038683,-0.039517,-0.000637
13.560,-0.110665,0.348184,1.139303,0.135326,0.226002,1.255116,-0.199973,0.157815,-0.002785,0.024733,0.001444,0.034439,0.440486,0.897759,0.439711,0.898139,0.000000,0.696883,0.260827,0.001501,0.000000,0.031008,-0.031680,-0.000598
13.580,-0.115179,0.350382,1.139302,0.131331,0.229159,1.255067,-0.199478,0.157844,-0.002095,0.024785,0.001453,0.034571,0.436918,0.899501,0.436147,0.899875,0.000000,0.697427,0.260272,0.001489,0.000000,0.023315,-0.023820,-0.000571
13.600,-0.119679,0.352550,1.139302,0.127347,0.232316,1.255032,-0.198982,0.157873,-0.001403,0.024813,0.001479,0.034670,0.433262,0.901268,0.432496,0.901636,0.000000,0.697816,0.259875,0.001478,0.000000,0.015608,-0.015944,-0.000554
13.620,-0.124166,0.354689,1.139302,0.123372,0.235474,1.255011,-0.198485,0.157903,-0.000709,0.024815,0.001519,0.034735,0.429517,0.903059,0.428755,0.903421,0.000000,0.698051,0.259635,0.001467,0.000000,0.007892,-0.008056,-0.000549
13.640,-0.128640,0.356799,1.139301,0.119407,0.238632,1.255004,-0.197989,0.157934,-0.000014,0.024791,0.001572,0.034768,0.425682,0.904873,0.424924,0.905229,0.000000,0.698131,0.259553,0.001456,0.000000,0.000170,-0.000159,-0.000555
13.660,-0.133099,0.358880,1.139301,0.115453,0.241791,1.255010,-0.197494,0.157966,0.000682,0.024739,0.001634,0.034767,0.421753,0.906711,0.420999,0.907061,0.000000,0.698058,0.259628,0.001444,0.000000,-0.007551,0.007740,-0.000571
13.680,-0.137545,0.360930,1.139301,0.111508,0.244951,1.255031,-0.197000,0.158000,0.001377,0.024657,0.001703,0.034734,0.417730,0.908571,0.416981,0.908915,0.000000,0.697829,0.259862,0.001433,0.000000,-0.015268,0.015639,-0.000598
13.700,-0.141977,0.362950,1.139302,0.107572,0.248111,1.255065,-0.196508,0.158034,0.002071,0.024544,0.001778,0.034668,0.413610,0.910454,0.412866,0.910792,0.000000,0.697447,0.260254,0.001420,0.000000,-0.022977,0.023533,-0.000635
13.720,-0.146394,0.364939,1.139302,0.103647,0.251272,1.255114,-0.196018,0.158071,0.002763,0.024399,0.001856,0.034570,0.409391,0.912359,0.408652,0.912690,0.000000,0.696910,0.260803,0.001407,0.000000,-0.030672,0.031416,-0.000681
13.740,-0.150797,0.366898,1.139303,0.099732,0.254434,1.255176,-0.195532,0.158109,0.003453,0.024220,0.001935,0.034439,0.405072,0.914285,0.404339,0.914609,0.000000,0.696220,0.261510,0.001393,0.000000,-0.038349,0.039286,-0.000735
13.760,-0.155185,0.368825,1.139304,0.095826,0.257597,1.255252,-0.195050,0.158148,0.004141,0.024005,0.002013,0.034277,0.400651,0.916231,0.399924,0.916548,0.000000,0.695377,0.262375,0.001378,0.000000,-0.046005,0.047136,-0.000797
13.780,-0.159558,0.370720,1.139305,0.091930,0.260760,1.255341,-0.194572,0.158189,0.004824,0.023753,0.002089,0.034083,0.396125,0.918197,0.395405,0.918507,0.000000,0.694380,0.263396,0.001361,0.000000,-0.053633,0.054964,-0.000865
13.800,-0.163916,0.372583,1.139306,0.088043,0.263924,1.255445,-0.194100,0.158232,0.005504,0.023462,0.002162,0.033858,0.391492,0.920181,0.390781,0.920484,0.000000,0.693231,0.264573,0.001343,0.000000,-0.061230,0.062764,-0.000939
13.820,-0.168259,0.374414,1.139307,0.084166,0.267089,1.255562,-0.193634,0.158276,0.006178,0.023130,0.002230,0.033602,0.386751,0.922184,0.386048,0.922478,0.000000,0.691931,0.265906,0.001324,0.000000,-0.068791,0.070533,-0.001016
13.840,-0.172586,0.376213,1.139309,0.080298,0.270255,1.255692,-0.193175,0.158321,0.006848,0.022756,0.002294,0.033316,0.381899,0.924204,0.381206,0.924490,0.000000,0.690480,0.267394,0.001303,0.000000,-0.076312,0.078266,-0.001097
13.860,-0.176898,0.377978,1.139310,0.076439,0.273422,1.255835,-0.192724,0.158367,0.007511,0.022339,0.002353,0.032999,0.376934,0.926240,0.376252,0.926517,0.000000,0.688879,0.269037,0.001280,0.000000,-0.083787,0.085958,-0.001178
13.880,-0.181193,0.379710,1.139312,0.072589,0.276590,1.255992,-0.192282,0.158415,0.008167,0.021875,0.002406,0.032652,0.371855,0.928291,0.371185,0.928559,0.000000,0.687129,0.270832,0.001255,0.000000,-0.091213,0.093606,-0.001259
13.900,-0.185472,0.381408,1.139313,0.068747,0.279759,1.256162,-0.191849,0.158464,0.008817,0.021365,0.002456,0.032275,0.366659,0.930355,0.366001,0.930615,0.000000,0.685231,0.272780,0.001229,0.000000,-0.098585,0.101205,-0.001339
13.920,-0.189735,0.383072,1.139315,0.064915,0.282928,1.256345,-0.191428,0.158513,0.009458,0.020805,0.002501,0.031868,0.361344,0.932433,0.360699,0.932682,0.000000,0.683186,0.274880,0.001202,0.000000,-0.105898,0.108752,-0.001417
13.940,-0.193981,0.384702,1.139316,0.061090,0.286099,1.256540,-0.191018,0.158564,0.010091,0.020194,0.002543,0.031433,0.355907,0.934521,0.355277,0.934761,0.000000,0.680995,0.277130,0.001173,0.000000,-0.113149,0.116240,-0.001491
13.960,-0.198210,0.386297,1.139318,0.057274,0.289271,1.256748,-0.190620,0.158615,0.010715,0.019530,0.002584,0.030968,0.350348,0.936620,0.349733,0.936850,0.000000,0.678660,0.279529,0.001142,0.000000,-0.120333,0.123668,-0.001562
13.980,-0.202423,0.387856,1.139319,0.053465,0.292444,1.256969,-0.190237,0.158667,0.011330,0.018812,0.002623,0.030475,0.344663,0.938727,0.344064,0.938946,0.000000,0.676183,0.282076,0.001110,0.000000,-0.127445,0.131030,-0.001630
14.000,-0.206617,0.389381,1.139320,0.049664,0.295618,1.257202,-0.189868,0.158720,0.011934,0.018039,0.002662,0.029954,0.338850,0.940840,0.338268,0.941050,0.000000,0.673563,0.284770,0.001077,0.000000,-0.134482,0.138322,-0.001693
14.020,-0.210795,0.390870,1.139321,0.045870,0.298793,1.257446,-0.189516,0.158773,0.012528,0.017208,0.002703,0.029405,0.332908,0.942959,0.332343,0.943159,0.000000,0.670804,0.287609,0.001043,0.000000,-0.141439,0.145540,-0.001752
14.040,-0.214954,0.392322,1.139322,0.042083,0.301969,1.257703,-0.189180,0.158828,0.013110,0.016318,0.002745,0.028829,0.326834,0.945082,0.326287,0.945271,0.000000,0.667906,0.290591,0.001007,0.000000,-0.148312,0.152680,-0.001808
14.060,-0.219096,0.393739,1.139322,0.038303,0.305146,1.257970,-0.188863,0.158883,0.013681,0.015367,0.002790,0.028226,0.320626,0.947206,0.320098,0.947385,0.000000,0.664872,0.293715,0.000970,0.000000,-0.155098,0.159738,-0.001860
14.080,-0.223219,0.395119,1.139323,0.034529,0.308324,1.258250,-0.188566,0.158939,0.014239,0.014356,0.002839,0.027597,0.314281,0.949330,0.313773,0.949498,0.000000,0.661703,0.296980,0.000933,0.000000,-0.161792,0.166709,-0.001910
14.100,-0.227324,0.396462,1.139323,0.030760,0.311503,1.258540,-0.188289,0.158997,0.014784,0.013281,0.002891,0.026941,0.307798,0.951452,0.307309,0.951610,0.000000,0.658401,0.300383,0.000894,0.000000,-0.168391,0.173590,-0.001959
14.120,-0.231411,0.397767,1.139323,0.026997,0.314684,1.258841,-0.188035,0.159055,0.015317,0.012143,0.002947,0.026261,0.301174,0.953569,0.300706,0.953717,0.000000,0.654968,0.303923,0.000854,0.000000,-0.174891,0.180376,-0.002006
14.140,-0.235479,0.399035,1.139322,0.023239,0.317865,1.259153,-0.187804,0.159115,0.015835,0.010939,0.003007,0.025555,0.294406,0.955680,0.293960,0.955818,0.000000,0.651406,0.307598,0.000814,0.000000,-0.181287,0.187064,-0.002055
14.160,-0.239528,0.400266,1.139322,0.019485,0.321048,1.259474,-0.187598,0.159175,0.016339,0.009671,0.003070,0.024825,0.287493,0.957783,0.287069,0.957910,0.000000,0.647717,0.311405,0.000772,0.000000,-0.187576,0.193648,-0.002106
14.180,-0.243558,0.401458,1.139321,0.015735,0.324232,1.259806,-0.187418,0.159237,0.016828,0.008336,0.003134,0.024071,0.280432,0.959874,0.280030,0.959991,0.000000,0.643904,0.315343,0.000729,0.000000,-0.193755,0.200127,-0.002160
14.200,-0.247568,0.402613,1.139319,0.011988,0.327418,1.260147,-0.187265,0.159301,0.017301,0.006935,0.003199,0.023294,0.273221,0.961951,0.272842,0.962059,0.000000,0.639968,0.319409,0.000686,0.000000,-0.199820,0.206494,-0.002220
14.220,-0.251559,0.403729,1.139318,0.008244,0.330605,1.260498,-0.187141,0.159365,0.017759,0.005468,0.003261,0.022496,0.265856,0.964013,0.265502,0.964110,0.000000,0.635912,0.323602,0.000641,0.000000,-0.205768,0.212747,-0.002288
14.240,-0.255531,0.404806,1.139316,0.004502,0.333792,1.260858,-0.187047,0.159431,0.018201,0.003933,0.003318,0.021675,0.258337,0.966055,0.258008,0.966143,0.000000,0.631738,0.327918,0.000594,0.000000,-0.211594,0.218881,-0.002366
14.260,-0.259483,0.405844,1.139315,0.000762,0.336982,1.261226,-0.186984,0.159498,0.018626,0.002332,0.003366,0.020834,0.250660,0.968075,0.250357,0.968154,0.000000,0.627449,0.332356,0.000546,0.000000,-0.217295,0.224892,-0.002457
14.280,-0.263415,0.406844,1.139313,-0.002978,0.340172,1.261602,-0.186954,0.159566,0.019034,0.000665,0.003401,0.019974,0.242822,0.970071,0.242547,0.970140,0.000000,0.623047,0.336913,0.000496,0.000000,-0.222869,0.230776,-0.002563
14.300,-0.267328,0.407804,1.139311,-0.006717,0.343364,1.261987,-0.186958,0.159634,0.019425,-0.001067,0.003418,0.019094,0.234822,0.972038,0.234575,0.972098,0.000000,0.618535,0.341586,0.000443,0.000000,-0.228311,0.236529,-0.002687
14.320,-0.271220,0.408725,1.139309,-0.010456,0.346558,1.262379,-0.186997,0.159702,0.019798,-0.002864,0.003412,0.018197,0.226657,0.973975,0.226440,0.974025,0.000000,0.613915,0.346373,0.000388,0.000000,-0.233619,0.242148,-0.002831
14.340,-0.275092,0.409607,1.139307,-0.014197,0.349752,1.262779,-0.187073,0.159770,0.020153,-0.004725,0.003374,0.017284,0.218324,0.975876,0.218139,0.975918,0.000000,0.609191,0.351271,0.000330,0.000000,-0.238789,0.247629,-0.003001
14.360,-0.278944,0.410449,1.139304,-0.017939,0.352949,1.263185,-0.187186,0.159837,0.020489,-0.006647,0.003298,0.016354,0.209820,0.977740,0.209670,0.977772,0.000000,0.604365,0.356278,0.000268,0.000000,-0.243819,0.252967,-0.003198
14.380,-0.282776,0.411251,1.139303,-0.021684,0.356146,1.263598,-0.187339,0.159902,0.020807,-0.008630,0.003175,0.015411,0.201144,0.979562,0.201030,0.979585,0.000000,0.599439,0.361389,0.000202,0.000000,-0.248704,0.258158,-0.003425
14.400,-0.286587,0.412013,1.139301,-0.025433,0.359345,1.264017,-0.187532,0.159964,0.021105,-0.010671,0.002995,0.014454,0.192291,0.981338,0.192218,0.981352,0.000000,0.594417,0.366603,0.000131,0.000000,-0.253443,0.263200,-0.003686
14.420,-0.290377,0.412735,1.139299,-0.029186,0.362544,1.264442,-0.187766,0.160021,0.021385,-0.012768,0.002749,0.013485,0.183261,0.983064,0.183231,0.983070,0.000000,0.589302,0.371916,0.000054,0.000000,-0.258032,0.268088,-0.003981
14.440,-0.294147,0.413418,1.139298,-0.032944,0.365745,1.264873,-0.188043,0.160073,0.021645,-0.014918,0.002425,0.012507,0.174050,0.984737,0.174067,0.984734,0.000000,0.584097,0.377325,-0.000029,0.000000,-0.262468,0.272819,-0.004313
14.460,-0.297897,0.414059,1.139297,-0.036708,0.368947,1.265308,-0.188363,0.160118,0.021885,-0.017119,0.002014,0.011519,0.164657,0.986351,0.164724,0.986340,0.000000,0.578805,0.382828,-0.000119,0.000000,-0.266750,0.277389,-0.004684
14.480,-0.301625,0.414661,1.139296,-0.040479,0.372150,1.265748,-0.188728,0.160153,0.022105,-0.019367,0.001504,0.010523,0.155078,0.987902,0.155200,0.987883,0.000000,0.573428,0.388420,-0.000217,0.000000,-0.270873,0.281796,-0.005094
14.500,-0.305332,0.415222,1.139296,-0.044257,0.375353,1.266192,-0.189138,0.160177,0.022306,-0.021658,0.000883,0.009522,0.145311,0.989386,0.145494,0.989359,0.000000,0.567971,0.394098,-0.000323,0.000000,-0.274837,0.286035,-0.005544
14.520,-0.309019,0.415743,1.139296,-0.048045,0.378557,1.266640,-0.189595,0.160187,0.022486,-0.023988,0.000140,0.008516,0.135355,0.990797,0.135604,0.990763,0.000000,0.562436,0.399860,-0.000439,0.000000,-0.278639,0.290104,-0.006034
14.540,-0.312684,0.416223,1.139296,-0.051842,0.381761,1.267091,-0.190098,0.160182,0.022647,-0.026354,-0.000736,0.007507,0.125208,0.992130,0.125528,0.992090,0.000000,0.556826,0.405701,-0.000564,0.000000,-0.282276,0.293999,-0.006564
14.560,-0.316328,0.416663,1.139297,-0.055649,0.384964,1.267546,-0.190649,0.160157,0.022787,-0.028750,-0.001757,0.006496,0.114868,0.993381,0.115266,0.993335,0.000000,0.551146,0.411619,-0.000701,0.000000,-0.285747,0.297718,-0.007134
14.580,-0.319950,0.417062,1.139298,-0.059468,0.388167,1.268003,-0.191248,0.160110,0.022906,-0.031170,-0.002933,0.005486,0.104334,0.994542,0.104817,0.994492,0.000000,0.545398,0.417609,-0.000850,0.000000,-0.289049,0.301257,-0.007743
14.600,-0.323551,0.417420,1.139299,-0.063299,0.391368,1.268462,-0.191896,0.160039,0.023006,-0.033611,-0.004275,0.004477,0.093604,0.995610,0.094179,0.995555,0.000000,0.539585,0.423668,-0.001011,0.000000,-0.292180,0.304614,-0.008389
14.620,-0.327130,0.417737,1.139301,-0.067144,0.394568,1.268923,-0.192593,0.159938,0.023085,-0.036065,-0.005794,0.003472,0.082677,0.996576,0.083352,0.996520,0.000000,0.533712,0.429792,-0.001186,0.000000,-0.295139,0.307786,-0.009071
14.640,-0.330687,0.418013,1.139303,-0.071003,0.397766,1.269385,-0.193339,0.159806,0.023145,-0.038526,-0.007499,0.002471,0.071554,0.997437,0.072336,0.997380,0.000000,0.527781,0.435978,-0.001374,0.000000,-0.297923,0.310770,-0.009787
14.660,-0.334222,0.418249,1.139305,-0.074878,0.400960,1.269849,-0.194134,0.159637,0.023184,-0.040987,-0.009398,0.001476,0.060233,0.998184,0.061131,0.998130,0.000000,0.521796,0.442222,-0.001578,0.000000,-0.300532,0.313563,-0.010534
14.680,-0.337735,0.418443,1.139308,-0.078769,0.404151,1.270312,-0.194978,0.159428,0.023204,-0.043441,-0.011499,0.000490,0.048714,0.998813,0.049737,0.998762,0.000000,0.515761,0.448519,-0.001796,0.000000,-0.302964,0.316164,-0.011311
14.700,-0.341226,0.418597,1.139310,-0.082677,0.407337,1.270777,-0.195871,0.159176,0.023204,-0.045880,-0.013810,-0.000487,0.036999,0.999315,0.038155,0.999272,0.000000,0.509678,0.454867,-0.002030,0.000000,-0.305217,0.318570,-0.012113
14.720,-0.344693,0.418709,1.139313,-0.086604,0.410518,1.271241,-0.196813,0.158875,0.023185,-0.048297,-0.016336,-0.001453,0.025087,0.999685,0.026386,0.999652,0.000000,0.503553,0.461261,-0.002281,0.000000,-0.307290,0.320778,-0.012937
14.740,-0.348138,0.418780,1.139315,-0.090550,0.413692,1.271704,-0.197803,0.158521,0.023146,-0.050681,-0.019083,-0.002406,0.012981,0.999916,0.014432,0.999896,0.000000,0.497388,0.467697,-0.002548,0.000000,-0.309182,0.322786,-0.013780
14.760,-0.351560,0.418810,1.139318,-0.094517,0.416858,1.272166,-0.198840,0.158110,0.023088,-0.053024,-0.022053,-0.003346,0.000681,1.000000,0.002294,0.999997,0.000000,0.491187,0.474171,-0.002832,0.000000,-0.310892,0.324592,-0.014637
14.780,-0.354958,0.418798,1.139320,-0.098504,0.420016,1.272627,-0.199924,0.157637,0.023012,-0.055317,-0.025248,-0.004270,-0.011809,0.999930,-0.010026,0.999950,0.000000,0.484954,0.480679,-0.003133,0.000000,-0.312419,0.326194,-0.015504
14.800,-0.358333,0.418745,1.139322,-0.102514,0.423163,1.273087,-0.201052,0.157098,0.022918,-0.057549,-0.028670,-0.005177,-0.024488,0.999700,-0.022526,0.999746,0.000000,0.478691,0.487217,-0.003452,0.000000,-0.313761,0.327590,-0.016375
14.820,-0.361685,0.418651,1.139324,-0.106546,0.426299,1.273544,-0.202225,0.156489,0.022805,-0.059709,-0.032317,-0.006066,-0.037353,0.999302,-0.035201,0.999380,0.000000,0.472404,0.493781,-0.003788,0.000000,-0.314918,0.328778,-0.017246
14.840,-0.365012,0.418515,1.139326,-0.110603,0.429422,1.273999,-0.203440,0.155804,0.022675,-0.061786,-0.036186,-0.006935,-0.050399,0.998729,-0.048049,0.998845,0.000000,0.466096,0.500367,-0.004142,0.000000,-0.315890,0.329756,-0.018110
14.860,-0.368316,0.418338,1.139327,-0.114684,0.432531,1.274451,-0.204696,0.155040,0.022528,-0.063768,-0.040273,-0.007784,-0.063623,0.997974,-0.061065,0.998134,0.000000,0.459770,0.506970,-0.004513,0.000000,-0.316675,0.330523,-0.018962
14.880,-0.371595,0.418119,1.139327,-0.118791,0.435623,1.274900,-0.205990,0.154192,0.022364,-0.065643,-0.044571,-0.008611,-0.077020,0.997030,-0.074246,0.997240,0.000000,0.453430,0.513587,-0.004900,0.000000,-0.317273,0.331077,-0.019797
14.900,-0.374850,0.417858,1.139328,-0.122924,0.438698,1.275345,-0.207321,0.153256,0.022184,-0.067398,-0.049073,-0.009415,-0.090584,0.995889,-0.087586,0.996157,0.000000,0.447080,0.520212,-0.005304,0.000000,-0.317685,0.331417,-0.020610
14.920,-0.378081,0.417556,1.139328,-0.127084,0.441753,1.275787,-0.208685,0.152228,0.021988,-0.069021,-0.053769,-0.010195,-0.104310,0.994545,-0.101079,0.994878,0.000000,0.440724,0.526842,-0.005725,0.000000,-0.317908,0.331543,-0.021395
14.940,-0.381287,0.417212,1.139327,-0.131272,0.444786,1.276225,-0.210081,0.151104,0.021776,-0.070499,-0.058648,-0.010949,-0.118191,0.992991,-0.114722,0.993398,0.000000,0.434365,0.533472,-0.006160,0.000000,-0.317945,0.331453,-0.022149
14.960,-0.384468,0.416827,1.139326,-0.135488,0.447796,1.276658,-0.211504,0.149881,0.021550,-0.071818,-0.063698,-0.011678,-0.132220,0.991220,-0.128506,0.991709,0.000000,0.428008,0.540098,-0.006610,0.000000,-0.317794,0.331147,-0.022866
14.980,-0.387624,0.416399,1.139324,-0.139732,0.450781,1.277087,-0.212952,0.148555,0.021309,-0.072967,-0.068907,-0.012379,-0.146391,0.989227,-0.142425,0.989806,0.000000,0.421655,0.546717,-0.007074,0.000000,-0.317455,0.330626,-0.023544
15.000,-0.390756,0.415930,1.139322,-0.144006,0.453738,1.277510,-0.214421,0.147123,0.021055,-0.073932,-0.074259,-0.013053,-0.160695,0.987004,-0.156472,0.987682,0.000000,0.415311,0.553322,-0.007552,0.000000,-0.316929,0.329888,-0.024178
15.020,-0.393862,0.415418,1.139320,-0.148309,0.456665,1.277929,-0.215908,0.145584,0.020787,-0.074701,-0.079739,-0.013698,-0.175124,0.984546,-0.170640,0.985333,0.000000,0.408979,0.559911,-0.008041,0.000000,-0.316215,0.328935,-0.024765
15.040,-0.396943,0.414865,1.139318,-0.152642,0.459560,1.278342,-0.217408,0.143933,0.020507,-0.075263,-0.085332,-0.014314,-0.189670,0.981848,-0.184921,0.982753,0.000000,0.402663,0.566478,-0.008542,0.000000,-0.315316,0.327767,-0.025302
15.060,-0.400000,0.414270,1.139315,-0.157005,0.462422,1.278749,-0.218917,0.142170,0.020215,-0.075605,-0.091021,-0.014899,-0.204322,0.978904,-0.199306,0.979937,0.000000,0.396367,0.573020,-0.009053,0.000000,-0.314230,0.326385,-0.025786
15.080,-0.403031,0.413633,1.139312,-0.161399,0.465247,1.279150,-0.220431,0.140292,0.019911,-0.075718,-0.096787,-0.015455,-0.219072,0.975709,-0.213787,0.976880,0.000000,0.390095,0.579532,-0.009573,0.000000,-0.312958,0.324790,-0.026215
15.100,-0.406036,0.412954,1.139309,-0.165823,0.468033,1.279545,-0.221944,0.138298,0.019597,-0.075592,-0.102613,-0.015980,-0.233909,0.972258,-0.228354,0.973578,0.000000,0.383850,0.586010,-0.010101,0.000000,-0.311502,0.322983,-0.026586
15.120,-0.409016,0.412233,1.139306,-0.170277,0.470778,1.279934,-0.223453,0.136187,0.019272,-0.075216,-0.108480,-0.016473,-0.248824,0.968549,-0.242998,0.970027,0.000000,0.377636,0.592450,-0.010636,0.000000,-0.309862,0.320965,-0.026898
15.140,-0.411971,0.411470,1.139303,-0.174761,0.473479,1.280316,-0.224951,0.133958,0.018938,-0.074583,-0.114370,-0.016935,-0.263805,0.964576,-0.257709,0.966223,0.000000,0.371457,0.598847,-0.011177,0.000000,-0.308039,0.318740,-0.027148
15.160,-0.414901,0.410665,1.139301,-0.179275,0.476135,1.280691,-0.226434,0.131612,0.018595,-0.073687,-0.120263,-0.017365,-0.278841,0.960337,-0.272477,0.962162,0.000000,0.365316,0.605198,-0.011722,0.000000,-0.306034,0.316307,-0.027336
15.180,-0.417805,0.409818,1.139298,-0.183818,0.478743,1.281060,-0.227897,0.129148,0.018244,-0.072520,-0.126140,-0.017764,-0.293922,0.955829,-0.287293,0.957843,0.000000,0.359217,0.611498,-0.012270,0.000000,-0.303848,0.313671,-0.027460
15.200,-0.420683,0.408930,1.139296,-0.188390,0.481300,1.281421,-0.229333,0.126567,0.017885,-0.071078,-0.131982,-0.018130,-0.309035,0.951051,-0.302144,0.953262,0.000000,0.353163,0.617744,-0.012820,0.000000,-0.301483,0.310833,-0.027519
15.220,-0.423536,0.407999,1.139294,-0.192991,0.483805,1.281775,-0.230738,0.123869,0.017519,-0.069358,-0.137770,-0.018465,-0.324168,0.946000,-0.317020,0.948419,0.000000,0.347159,0.623930,-0.013370,0.000000,-0.298940,0.307796,-0.027514
15.240,-0.426363,0.407027,1.139293,-0.197620,0.486254,1.282122,-0.232106,0.121056,0.017146,-0.067357,-0.143485,-0.018768,-0.339310,0.940675,-0.331911,0.943311,0.000000,0.341207,0.630054,-0.013920,0.000000,-0.296221,0.304563,-0.027443
15.260,-0.429164,0.406014,1.139292,-0.202275,0.488646,1.282461,-0.233431,0.118130,0.016768,-0.065076,-0.149108,-0.019039,-0.354448,0.935076,-0.346804,0.937937,0.000000,0.335311,0.636111,-0.014467,0.000000,-0.293327,0.301138,-0.027306
15.280,-0.431940,0.404959,1.139292,-0.206957,0.490979,1.282792,-0.234707,0.115093,0.016385,-0.062515,-0.154622,-0.019280,-0.369570,0.929203,-0.361689,0.932299,0.000000,0.329475,0.642098,-0.015012,0.000000,-0.290259,0.297523,-0.027105
15.300,-0.434689,0.403862,1.139292,-0.211663,0.493249,1.283116,-0.235929,0.111946,0.015997,-0.059679,-0.160008,-0.019489,-0.384663,0.923057,-0.376553,0.926395,0.000000,0.323702,0.648011,-0.015551,0.000000,-0.287021,0.293723,-0.026839
15.320,-0.437413,0.402725,1.139292,-0.216393,0.495456,1.283432,-0.237092,0.108693,0.015606,-0.056571,-0.165250,-0.019669,-0.399715,0.916640,-0.391386,0.920227,0.000000,0.317995,0.653846,-0.016085,0.000000,-0.283613,0.289741,-0.026509
15.340,-0.440110,0.401547,1.139294,-0.221146,0.497596,1.283741,-0.238190,0.105337,0.015211,-0.053198,-0.170331,-0.019818,-0.414713,0.909952,-0.406174,0.913796,0.000000,0.312359,0.659600,-0.016611,0.000000,-0.280038,0.285582,-0.026117
15.360,-0.442782,0.400328,1.139295,-0.225920,0.499669,1.284041,-0.239219,0.101881,0.014813,-0.049571,-0.175236,-0.019939,-0.429645,0.902998,-0.420907,0.907104,0.000000,0.306795,0.665268,-0.017129,0.000000,-0.276298,0.281250,-0.025664
15.380,-0.445427,0.399069,1.139297,-0.230715,0.501671,1.284333,-0.240172,0.098329,0.014413,-0.045698,-0.179950,-0.020032,-0.444498,0.895780,-0.435572,0.900154,0.000000,0.301308,0.670849,-0.017637,0.000000,-0.272395,0.276750,-0.025151
15.400,-0.448045,0.397770,1.139300,-0.235527,0.503601,1.284617,-0.241045,0.094685,0.014012,-0.041593,-0.184459,-0.020098,-0.459259,0.888302,-0.450157,0.892949,0.000000,0.295900,0.676337,-0.018135,0.000000,-0.268332,0.272085,-0.024580
15.420,-0.450637,0.396431,1.139303,-0.240356,0.505458,1.284894,-0.241834,0.090952,0.013610,-0.037270,-0.188750,-0.020138,-0.473917,0.880570,-0.464652,0.885493,0.000000,0.290575,0.681731,-0.018620,0.000000,-0.264111,0.267259,-0.023953
15.440,-0.453203,0.395052,1.139306,-0.245200,0.507239,1.285162,-0.242534,0.087136,0.013207,-0.032744,-0.192811,-0.020153,-0.488458,0.872587,-0.479044,0.877791,0.000000,0.285337,0.687026,-0.019092,0.000000,-0.259734,0.262278,-0.023271
15.460,-0.455741,0.393634,1.139309,-0.250057,0.508943,1.285422,-0.243142,0.083241,0.012804,-0.028031,-0.196631,-0.020143,-0.502872,0.864361,-0.493322,0.869847,0.000000,0.280187,0.692221,-0.019550,0.000000,-0.255204,0.257146,-0.022536
15.480,-0.458253,0.392178,1.139312,-0.254925,0.510568,1.285674,-0.243655,0.079273,0.012401,-0.023149,-0.200199,-0.020111,-0.517147,0.855896,-0.507474,0.861667,0.000000,0.275130,0.697311,-0.019993,0.000000,-0.250524,0.251866,-0.021751
15.500,-0.460737,0.390683,1.139315,-0.259802,0.512113,1.285918,-0.244067,0.075235,0.011999,-0.018117,-0.203506,-0.020057,-0.531272,0.847202,-0.521491,0.853257,0.000000,0.270167,0.702295,-0.020420,0.000000,-0.245696,0.246443,-0.020918
15.520,-0.463195,0.389149,1.139318,-0.264687,0.513577,1.286154,-0.244378,0.071134,0.011599,-0.012954,-0.206543,-0.019983,-0.545235,0.838283,-0.535361,0.844624,0.000000,0.265303,0.707168,-0.020830,0.000000,-0.240723,0.240882,-0.020040
15.540,-0.465625,0.387577,1.139321,-0.269576,0.514958,1.286382,-0.244585,0.066975,0.011200,-0.007680,-0.209302,-0.019890,-0.559026,0.829150,-0.549074,0.835774,0.000000,0.260539,0.711929,-0.021221,0.000000,-0.235608,0.235188,-0.019118
15.560,-0.468028,0.385968,1.139323,-0.274469,0.516256,1.286602,-0.244685,0.062764,0.010803,-0.002315,-0.211778,-0.019780,-0.572636,0.819810,-0.562621,0.826715,0.000000,0.255879,0.716575,-0.021594,0.000000,-0.230354,0.229363,-0.018155
15.580,-0.470403,0.384321,1.139326,-0.279363,0.517468,1.286814,-0.244677,0.058506,0.010409,0.003119,-0.213964,-0.019653,-0.586054,0.810272,-0.575991,0.817456,0.000000,0.251326,0.721103,-0.021947,0.000000,-0.224965,0.223414,-0.017155
15.600,-0.472751,0.382637,1.139327,-0.284256,0.518596,1.287018,-0.244560,0.054208,0.010017,0.008602,-0.215856,-0.019512,-0.599273,0.800545,-0.589177,0.808004,0.000000,0.246882,0.725511,-0.022280,0.000000,-0.219442,0.217345,-0.016120
15.620,-0.475071,0.380916,1.139329,-0.289145,0.519637,1.287215,-0.244333,0.049874,0.009629,0.014112,-0.217450,-0.019357,-0.612282,0.790639,-0.602169,0.798368,0.000000,0.242549,0.729796,-0.022592,0.000000,-0.213790,0.211159,-0.015054
15.640,-0.477363,0.379158,1.139330,-0.294028,0.520590,1.287403,-0.243995,0.045512,0.009243,0.019629,-0.218743,-0.019190,-0.625076,0.780564,-0.614961,0.788558,0.000000,0.238331,0.733956,-0.022882,0.000000,-0.208012,0.204863,-0.013960
15.660,-0.479628,0.377364,1.139330,-0.298904,0.521457,1.287584,-0.243548,0.041126,0.008861,0.025131,-0.219734,-0.019013,-0.637646,0.770329,-0.627543,0.778582,0.000000,0.234229,0.737990,-0.023150,0.000000,-0.202110,0.198459,-0.012840
15.680,-0.481866,0.375533,1.139330,-0.303769,0.522235,1.287758,-0.242990,0.036724,0.008483,0.030599,-0.220423,-0.018827,-0.649986,0.759946,-0.639910,0.768450,0.000000,0.230247,0.741894,-0.023396,0.000000,-0.196090,0.191953,-0.011699
15.700,-0.484075,0.373666,1.139329,-0.308623,0.522926,1.287924,-0.242324,0.032311,0.008108,0.036012,-0.220809,-0.018633,-0.662090,0.749424,-0.652056,0.758171,0.000000,0.226387,0.745667,-0.023618,0.000000,-0.189953,0.185350,-0.010540
15.720,-0.486256,0.371764,1.139328,-0.313462,0.523528,1.288082,-0.241550,0.027894,0.007737,0.041351,-0.220896,-0.018434,-0.673953,0.738774,-0.663974,0.747756,0.000000,0.222650,0.749307,-0.023817,0.000000,-0.183704,0.178653,-0.009368
15.740,-0.488410,0.369825,1.139327,-0.318284,0.524041,1.288233,-0.240671,0.023478,0.007371,0.046598,-0.220685,-0.018229,-0.685569,0.728007,-0.675660,0.737214,0.000000,0.219039,0.752813,-0.023993,0.000000,-0.177346,0.171869,-0.008185
15.760,-0.490536,0.367851,1.139325,-0.323088,0.524467,1.288377,-0.239687,0.019068,0.007008,0.051735,-0.220180,-0.018021,-0.696936,0.717134,-0.687108,0.726555,0.000000,0.215557,0.756181,-0.024145,0.000000,-0.170884,0.165000,-0.006996
15.780,-0.492634,0.365842,1.139323,-0.327871,0.524804,1.288514,-0.238602,0.014672,0.006650,0.056747,-0.219387,-0.017811,-0.708049,0.706163,-0.698316,0.715789,0.000000,0.212205,0.759412,-0.024273,0.000000,-0.164320,0.158053,-0.005806
15.800,-0.494704,0.363797,1.139321,-0.332631,0.525054,1.288643,-0.237418,0.010295,0.006296,0.061617,-0.218312,-0.017600,-0.718906,0.695108,-0.709281,0.704926,0.000000,0.208985,0.762503,-0.024377,0.000000,-0.157660,0.151032,-0.004618
15.820,-0.496746,0.361717,1.139318,-0.337367,0.525216,1.288766,-0.236138,0.005942,0.005946,0.066334,-0.216962,-0.017390,-0.729505,0.683976,-0.719998,0.693976,0.000000,0.205899,0.765453,-0.024457,0.000000,-0.150906,0.143941,-0.003438
15.840,-0.498761,0.359602,1.139315,-0.342076,0.525292,1.288881,-0.234766,0.001618,0.005600,0.070884,-0.215346,-0.017181,-0.739844,0.672778,-0.730467,0.682948,0.000000,0.202949,0.768260,-0.024514,0.000000,-0.144064,0.136785,-0.002269
15.860,-0.500747,0.357452,1.139312,-0.346757,0.525281,1.288990,-0.233304,-0.002671,0.005259,0.075257,-0.213474,-0.016975,-0.749923,0.661525,-0.740686,0.671851,0.000000,0.200137,0.770924,-0.024548,0.000000,-0.137137,0.129569,-0.001116
15.880,-0.502705,0.355267,1.139309,-0.351408,0.525185,1.289091,-0.231757,-0.006919,0.004921,0.079444,-0.211357,-0.016773,-0.759742,0.650225,-0.750654,0.660695,0.000000,0.197464,0.773443,-0.024559,0.000000,-0.130129,0.122298,0.000017
15.900,-0.504636,0.353048,1.139306,-0.356027,0.525005,1.289186,-0.230128,-0.011123,0.004588,0.083437,-0.209005,-0.016576,-0.769300,0.638887,-0.760371,0.649489,0.000000,0.194932,0.775815,-0.024548,0.000000,-0.123044,0.114976,0.001127
15.920,-0.506538,0.350794,1.139304,-0.360612,0.524741,1.289275,-0.228421,-0.015278,0.004258,0.087231,-0.206433,-0.016385,-0.778600,0.627521,-0.769837,0.638240,0.000000,0.192543,0.778041,-0.024514,0.000000,-0.115888,0.107607,0.002209
15.940,-0.508412,0.348506,1.139301,-0.365163,0.524394,1.289357,-0.226640,-0.019379,0.003932,0.090820,-0.203653,-0.016201,-0.787641,0.616134,-0.779053,0.626958,0.000000,0.190297,0.780119,-0.024459,0.000000,-0.108663,0.100196,0.003262
15.960,-0.510258,0.346184,1.139299,-0.369677,0.523966,1.289432,-0.224789,-0.023423,0.003610,0.094201,-0.200679,-0.016024,-0.796427,0.604735,-0.788019,0.615650,0.000000,0.188197,0.782049,-0.024384,0.000000,-0.101374,0.092747,0.004281
15.980,-0.512075,0.343828,1.139297,-0.374154,0.523457,1.289501,-0.222873,-0.027405,0.003291,0.097370,-0.197526,-0.015856,-0.804959,0.593331,-0.796738,0.604325,0.000000,0.186243,0.783829,-0.024289,0.000000,-0.094026,0.085265,0.005264
16.000,-0.513864,0.341438,1.139295,-0.378592,0.522870,1.289564,-0.220896,-0.031323,0.002976,0.100327,-0.194208,-0.015697,-0.813239,0.581930,-0.805210,0.592990,0.000000,0.184436,0.785459,-0.024174,0.000000,-0.086622,0.077752,0.006209
16.020,-0.515625,0.339016,1.139294,-0.382990,0.522205,1.289620,-0.218862,-0.035173,0.002663,0.103070,-0.190742,-0.015548,-0.821271,0.570539,-0.813439,0.581651,0.000000,0.182778,0.786939,-0.024040,0.000000,-0.079168,0.070215,0.007113
16.040,-0.517357,0.336560,1.139293,-0.387346,0.521464,1.289670,-0.216775,-0.038952,0.002354,0.105602,-0.187143,-0.015410,-0.829057,0.559164,-0.821426,0.570315,0.000000,0.181270,0.788268,-0.023889,0.000000,-0.071667,0.062656,0.007976
16.060,-0.519061,0.334072,1.139293,-0.391660,0.520647,1.289714,-0.214639,-0.042657,0.002047,0.107922,-0.183427,-0.015282,-0.836602,0.547811,-0.829174,0.558990,0.000000,0.179912,0.789445,-0.023722,0.000000,-0.064123,0.055080,0.008794
16.080,-0.520736,0.331551,1.139293,-0.395931,0.519758,1.289752,-0.212459,-0.046288,0.001742,0.110033,-0.179609,-0.015166,-0.843909,0.536487,-0.836687,0.547681,0.000000,0.178705,0.790471,-0.023538,0.000000,-0.056541,0.047490,0.009567
16.100,-0.522382,0.328998,1.139293,-0.400158,0.518796,1.289784,-0.210239,-0.049841,0.001440,0.111938,-0.175705,-0.015062,-0.850981,0.525197,-0.843968,0.536394,0.000000,0.177650,0.791345,-0.023339,0.000000,-0.048926,0.039890,0.010294
16.120,-0.524000,0.326415,1.139294,-0.404341,0.517765,1.289810,-0.207983,-0.053316,0.001140,0.113642,-0.171733,-0.014971,-0.857823,0.513945,-0.851019,0.525134,0.000000,0.176748,0.792066,-0.023127,0.000000,-0.041282,0.032284,0.010974
16.140,-0.525589,0.323800,1.139295,-0.408478,0.516664,1.289830,-0.205695,-0.056710,0.000841,0.115147,-0.167706,-0.014891,-0.864439,0.502737,-0.857846,0.513907,0.000000,0.175999,0.792636,-0.022901,0.000000,-0.033613,0.024675,0.011606
16.160,-0.527149,0.321154,1.139297,-0.412568,0.515497,1.289844,-0.203378,-0.060024,0.000544,0.116460,-0.163640,-0.014825,-0.870834,0.491577,-0.864451,0.502718,0.000000,0.175404,0.793053,-0.022663,0.000000,-0.025925,0.017067,0.012190
16.180,-0.528680,0.318479,1.139298,-0.416612,0.514264,1.289852,-0.201038,-0.063256,0.000248,0.117586,-0.159550,-0.014772,-0.877012,0.480469,-0.870838,0.491570,0.000000,0.174962,0.793319,-0.022413,0.000000,-0.018220,0.009465,0.012726
16.200,-0.530182,0.315773,1.139300,-0.420610,0.512967,1.289854,-0.198676,-0.066406,-0.000047,0.118531,-0.155451,-0.014732,-0.882977,0.469417,-0.877012,0.480468,0.000000,0.174675,0.793432,-0.022154,0.000000,-0.010504,0.001869,0.013214
16.220,-0.531655,0.313039,1.139302,-0.424559,0.511608,1.289850,-0.196297,-0.069474,-0.000341,0.119300,-0.151357,-0.014705,-0.888734,0.458424,-0.882977,0.469416,0.000000,0.174542,0.793394,-0.021885,0.000000,-0.002782,-0.005714,0.013655
16.240,-0.533098,0.310276,1.139305,-0.428461,0.510189,1.289840,-0.193905,-0.072460,-0.000635,0.119902,-0.147280,-0.014691,-0.894288,0.447493,-0.888737,0.458418,0.000000,0.174564,0.793204,-0.021608,0.000000,0.004942,-0.013283,0.014050
16.260,-0.534513,0.307485,1.139307,-0.432316,0.508710,1.289824,-0.191502,-0.075365,-0.000929,0.120342,-0.143233,-0.014691,-0.899643,0.436627,-0.894295,0.447477,0.000000,0.174740,0.792862,-0.021323,0.000000,0.012664,-0.020835,0.014399
16.280,-0.535899,0.304666,1.139309,-0.436122,0.507175,1.289803,-0.189093,-0.078190,-0.001223,0.120627,-0.139227,-0.014703,-0.904804,0.425828,-0.899658,0.436596,0.000000,0.175070,0.792370,-0.021032,0.000000,0.020378,-0.028365,0.014705
16.300,-0.537255,0.301821,1.139311,-0.439879,0.505583,1.289775,-0.186678,-0.080935,-0.001517,0.120766,-0.135273,-0.014727,-0.909776,0.415099,-0.904828,0.425777,0.000000,0.175555,0.791728,-0.020736,0.000000,0.028080,-0.035872,0.014967
16.320,-0.538582,0.298948,1.139314,-0.443589,0.503938,1.289742,-0.184263,-0.083601,-0.001812,0.120765,-0.131381,-0.014764,-0.914564,0.404442,-0.909811,0.415023,0.000000,0.176193,0.790936,-0.020434,0.000000,0.035766,-0.043351,0.015189
16.340,-0.539880,0.296050,1.139316,-0.447250,0.502240,1.289703,-0.181849,-0.086190,-0.002108,0.120632,-0.127559,-0.014813,-0.919171,0.393858,-0.914610,0.404337,0.000000,0.176985,0.789994,-0.020128,0.000000,0.043431,-0.050801,0.015372
16.360,-0.541149,0.293126,1.139318,-0.450863,0.500491,1.289658,-0.179438,-0.088704,-0.002405,0.120374,-0.123814,-0.014873,-0.923603,0.383350,-0.919230,0.393721,0.000000,0.177930,0.788904,-0.019819,0.000000,0.051069,-0.058218,0.015519
16.380,-0.542389,0.290177,1.139319,-0.454427,0.498692,1.289607,-0.177034,-0.091143,-0.002703,0.119998,-0.120152,-0.014945,-0.927865,0.372917,-0.923676,0.383176,0.000000,0.179028,0.787666,-0.019508,0.000000,0.058677,-0.065598,0.015630
16.400,-0.543599,0.287203,1.139321,-0.457944,0.496846,1.289550,-0.174639,-0.093510,-0.003002,0.119512,-0.116578,-0.015026,-0.931960,0.362562,-0.927951,0.372703,0.000000,0.180277,0.786280,-0.019194,0.000000,0.066251,-0.072940,0.015708
16.420,-0.544781,0.284206,1.139322,-0.461413,0.494952,1.289487,-0.172255,-0.095807,-0.003304,0.118923,-0.113098,-0.015118,-0.935893,0.352285,-0.932060,0.362305,0.000000,0.181678,0.784748,-0.018880,0.000000,0.073784,-0.080239,0.015754
16.440,-0.545933,0.281184,1.139323,-0.464834,0.493014,1.289417,-0.169883,-0.098035,-0.003607,0.118237,-0.109713,-0.015218,-0.939668,0.342087,-0.936007,0.351983,0.000000,0.183228,0.783071,-0.018564,0.000000,0.081274,-0.087493,0.015772
16.460,-0.547056,0.278140,1.139324,-0.468208,0.491031,1.289342,-0.167526,-0.100196,-0.003913,0.117463,-0.106428,-0.015327,-0.943290,0.331969,-0.939796,0.341736,0.000000,0.184928,0.781249,-0.018249,0.000000,0.088715,-0.094698,0.015761
16.480,-0.548150,0.275072,1.139324,-0.471535,0.489006,1.289261,-0.165185,-0.102293,-0.004220,0.116607,-0.103244,-0.015443,-0.946763,0.321931,-0.943432,0.331567,0.000000,0.186776,0.779283,-0.017934,0.000000,0.096104,-0.101852,0.015725
16.500,-0.549215,0.271982,1.139324,-0.474816,0.486940,1.289173,-0.162862,-0.104327,-0.004530,0.115675,-0.100162,-0.015565,-0.950091,0.311973,-0.946918,0.321476,0.000000,0.188772,0.777175,-0.017620,0.000000,0.103436,-0.108949,0.015664
16.520,-0.550252,0.268871,1.139324,-0.478050,0.484834,1.289080,-0.160558,-0.106300,-0.004843,0.114675,-0.097182,-0.015694,-0.953278,0.302095,-0.950258,0.311463,0.000000,0.190913,0.774926,-0.017308,0.000000,0.110706,-0.115988,0.015581
16.540,-0.551259,0.265737,1.139324,-0.481238,0.482688,1.288980,-0.158275,-0.108215,-0.005158,0.113613,-0.094305,-0.015828,-0.956328,0.292297,-0.953457,0.301529,0.000000,0.193200,0.772536,-0.016997,0.000000,0.117911,-0.122965,0.015478
16.560,-0.552237,0.262583,1.139323,-0.484381,0.480505,1.288873,-0.156014,-0.110073,-0.005476,0.112495,-0.091530,-0.015965,-0.959244,0.282578,-0.956518,0.291673,0.000000,0.195629,0.770008,-0.016689,0.000000,0.125046,-0.129877,0.015355
16.580,-0.553187,0.259408,1.139322,-0.487479,0.478286,1.288761,-0.153776,-0.111877,-0.005797,0.111327,-0.088855,-0.016106,-0.962031,0.272939,-0.959445,0.281895,0.000000,0.198201,0.767341,-0.016383,0.000000,0.132108,-0.136719,0.015215
16.600,-0.554107,0.256212,1.139321,-0.490532,0.476031,1.288641,-0.151561,-0.113628,-0.006120,0.110116,-0.086279,-0.016248,-0.964692,0.263379,-0.962242,0.272195,0.000000,0.200913,0.764539,-0.016080,0.000000,0.139091,-0.143489,0.015060
16.620,-0.554999,0.252997,1.139320,-0.493542,0.473741,1.288516,-0.149372,-0.115328,-0.006447,0.108867,-0.083801,-0.016392,-0.967231,0.253898,-0.964912,0.262574,0.000000,0.203764,0.761602,-0.015781,0.000000,0.145993,-0.150182,0.014890
16.640,-0.555862,0.249762,1.139319,-0.496507,0.471418,1.288384,-0.147207,-0.116980,-0.006776,0.107585,-0.081418,-0.016535,-0.969651,0.244493,-0.967459,0.253030,0.000000,0.206752,0.758533,-0.015485,0.000000,0.152808,-0.156796,0.014708
16.660,-0.556697,0.246508,1.139318,-0.499430,0.469062,1.288245,-0.145068,-0.118586,-0.007108,0.106275,-0.079127,-0.016678,-0.971955,0.235165,-0.969885,0.243562,0.000000,0.209876,0.755331,-0.015192,0.000000,0.159534,-0.163325,0.014516
16.680,-0.557502,0.243235,1.139316,-0.502310,0.466675,1.288099,-0.142956,-0.120146,-0.007443,0.104943,-0.076926,-0.016818,-0.974147,0.225913,-0.972196,0.234170,0.000000,0.213133,0.752000,-0.014904,0.000000,0.166165,-0.169768,0.014314
16.700,-0.558279,0.239943,1.139315,-0.505149,0.464257,1.287947,-0.140871,-0.121663,-0.007781,0.103593,-0.074812,-0.016955,-0.976230,0.216736,-0.974392,0.224854,0.000000,0.216522,0.748541,-0.014620,0.000000,0.172699,-0.176119,0.014104
16.720,-0.559028,0.236634,1.139314,-0.507945,0.461808,1.287788,-0.138813,-0.123139,-0.008121,0.102229,-0.072781,-0.017088,-0.978207,0.207632,-0.976479,0.215612,0.000000,0.220040,0.744956,-0.014340,0.000000,0.179131,-0.182376,0.013889
16.740,-0.559748,0.233307,1.139312,-0.510701,0.459331,1.287622,-0.136782,-0.124575,-0.008464,0.100855,-0.070831,-0.017216,-0.980081,0.198600,-0.978459,0.206443,0.000000,0.223686,0.741247,-0.014064,0.000000,0.185458,-0.188533,0.013669
16.760,-0.560439,0.229963,1.139311,-0.513417,0.456826,1.287449,-0.134778,-0.125973,-0.008810,0.099475,-0.068959,-0.017337,-0.981854,0.189639,-0.980334,0.197346,0.000000,0.227458,0.737415,-0.013793,0.000000,0.191676,-0.194588,0.013445
16.780,-0.561101,0.226602,1.139309,-0.516093,0.454293,1.287270,-0.132803,-0.127334,-0.009158,0.098091,-0.067161,-0.017451,-0.983529,0.180748,-0.982108,0.188320,0.000000,0.231353,0.733464,-0.013527,0.000000,0.197781,-0.200537,0.013220
16.800,-0.561735,0.223225,1.139308,-0.518729,0.451733,1.287083,-0.130855,-0.128660,-0.009508,0.096707,-0.065435,-0.017556,-0.985110,0.171926,-0.983783,0.179364,0.000000,0.235368,0.729395,-0.013264,0.000000,0.203769,-0.206374,0.012995
16.820,-0.562340,0.219831,1.139307,-0.521327,0.449146,1.286889,-0.128934,-0.129952,-0.009860,0.095326,-0.063777,-0.017651,-0.986598,0.163171,-0.985362,0.170476,0.000000,0.239503,0.725210,-0.013007,0.000000,0.209637,-0.212097,0.012771
16.840,-0.562917,0.216423,1.139306,-0.523887,0.446535,1.286689,-0.127042,-0.131211,-0.010214,0.093948,-0.062186,-0.017736,-0.987996,0.154481,-0.986847,0.161655,0.000000,0.243753,0.720911,-0.012754,0.000000,0.215381,-0.217701,0.012550
16.860,-0.563465,0.212999,1.139305,-0.526409,0.443898,1.286481,-0.125176,-0.132440,-0.010569,0.092576,-0.060659,-0.017809,-0.989306,0.145855,-0.988242,0.152900,0.000000,0.248117,0.716502,-0.012505,0.000000,0.220999,-0.223183,0.012333
16.880,-0.563984,0.209560,1.139304,-0.528894,0.441237,1.286266,-0.123339,-0.133638,-0.010926,0.091211,-0.059193,-0.017870,-0.990531,0.137293,-0.989547,0.144208,0.000000,0.252592,0.711985,-0.012260,0.000000,0.226486,-0.228538,0.012120
16.900,-0.564475,0.206108,1.139304,-0.531343,0.438553,1.286044,-0.121528,-0.134808,-0.011284,0.089854,-0.057787,-0.017917,-0.991672,0.128791,-0.990766,0.135580,0.000000,0.257176,0.707362,-0.012020,0.000000,0.231839,-0.233764,0.011914
16.920,-0.564937,0.202642,1.139303,-0.533755,0.435845,1.285814,-0.119744,-0.135950,-0.011643,0.088506,-0.056438,-0.017950,-0.992732,0.120349,-0.991901,0.127012,0.000000,0.261865,0.702635,-0.011784,0.000000,0.237055,-0.238857,0.011714
16.940,-0.565370,0.199162,1.139303,-0.536132,0.433115,1.285578,-0.117988,-0.137066,-0.012002,0.087167,-0.055146,-0.017967,-0.993712,0.111965,-0.992954,0.118504,0.000000,0.266657,0.697808,-0.011551,0.000000,0.242131,-0.243812,0.011521
16.960,-0.565775,0.195670,1.139302,-0.538475,0.430363,1.285334,-0.116258,-0.138156,-0.012361,0.085836,-0.053907,-0.017968,-0.994615,0.103638,-0.993926,0.110054,0.000000,0.271549,0.692884,-0.011323,0.000000,0.247065,-0.248628,0.011337
16.980,-0.566151,0.192166,1.139302,-0.540783,0.427589,1.285084,-0.114554,-0.139222,-0.012721,0.084515,-0.052722,-0.017951,-0.995442,0.095366,-0.994819,0.101659,0.000000,0.276539,0.687864,-0.011098,0.000000,0.251852,-0.253301,0.011162
17.000,-0.566498,0.188650,1.139302,-0.543057,0.424794,1.284826,-0.112877,-0.140265,-0.013079,0.083203,-0.051588,-0.017917,-0.996195,0.087147,-0.995636,0.093320,0.000000,0.281622,0.682753,-0.010876,0.000000,0.256491,-0.257828,0.010995
17.020,-0.566816,0.185124,1.139302,-0.545298,0.421978,1.284560,-0.111226,-0.141286,-0.013437,0.081899,-0.050504,-0.017864,-0.996876,0.078979,-0.996378,0.085033,0.000000,0.286797,0.677552,-0.010658,0.000000,0.260979,-0.262206,0.010838
17.040,-0.567106,0.181586,1.139302,-0.547506,0.419143,1.284288,-0.109601,-0.142286,-0.013794,0.080604,-0.049469,-0.017791,-0.997486,0.070862,-0.997047,0.076797,0.000000,0.292060,0.672265,-0.010443,0.000000,0.265312,-0.266432,0.010691
17.060,-0.567366,0.178039,1.139302,-0.549682,0.416287,1.284009,-0.108002,-0.143265,-0.014149,0.079315,-0.048482,-0.017697,-0.998027,0.062793,-0.997643,0.068611,0.000000,0.297409,0.666896,-0.010230,0.000000,0.269489,-0.270503,0.010553
17.080,-0.567598,0.174482,1.139303,-0.551827,0.413412,1.283722,-0.106428,-0.144225,-0.014501,0.078034,-0.047541,-0.017583,-0.998499,0.054770,-0.998170,0.060472,0.000000,0.302839,0.661446,-0.010020,0.000000,0.273508,-0.274418,0.010425
17.100,-0.567801,0.170917,1.139303,-0.553940,0.410518,1.283429,-0.104880,-0.145167,-0.014852,0.076758,-0.046647,-0.017447,-0.998905,0.046792,-0.998627,0.052379,0.000000,0.308348,0.655920,-0.009813,0.000000,0.277365,-0.278173,0.010306
17.120,-0.567976,0.167343,1.139303,-0.556022,0.407606,1.283128,-0.103358,-0.146092,-0.015199,0.075488,-0.045798,-0.017289,-0.999245,0.038858,-0.999017,0.044330,0.000000,0.313932,0.650321,-0.009608,0.000000,0.281058,-0.281767,0.010196
17.140,-0.568121,0.163761,1.139304,-0.558074,0.404675,1.282821,-0.101861,-0.146999,-0.015543,0.074223,-0.044993,-0.017108,-0.999520,0.030965,-0.999340,0.036323,0.000000,0.319589,0.644651,-0.009405,0.000000,0.284586,-0.285196,0.010095
17.160,-0.568238,0.160172,1.139304,-0.560097,0.401726,1.282506,-0.100389,-0.147892,-0.015883,0.072962,-0.044232,-0.016904,-0.999733,0.023111,-0.999598,0.028357,0.000000,0.325315,0.638914,-0.009204,0.000000,0.287946,-0.288460,0.010002
17.180,-0.568326,0.156576,1.139305,-0.562090,0.398759,1.282185,-0.098942,-0.148769,-0.016219,0.071704,-0.043513,-0.016676,-0.999883,0.015296,-0.999791,0.020429,0.000000,0.331106,0.633113,-0.009005,0.000000,0.291136,-0.291555,0.009917
17.200,-0.568385,0.152974,1.139305,-0.564055,0.395775,1.281858,-0.097521,-0.149632,-0.016550,0.070449,-0.042837,-0.016424,-0.999972,0.007517,-0.999921,0.012537,0.000000,0.336959,0.627253,-0.008807,0.000000,0.294155,-0.294481,0.009839
17.220,-0.568415,0.149367,1.139306,-0.565991,0.392774,1.281523,-0.096124,-0.150483,-0.016876,0.069197,-0.042202,-0.016147,-1.000000,-0.000228,-0.999989,0.004681,0.000000,0.342871,0.621335,-0.008611,0.000000,0.297001,-0.297235,0.009767
17.240,-0.568417,0.145755,1.139307,-0.567900,0.389756,1.281183,-0.094753,-0.151321,-0.017196,0.067948,-0.041608,-0.015846,-0.999968,-0.007940,-0.999995,-0.003142,0.000000,0.348838,0.615364,-0.008417,0.000000,0.299671,-0.299816,0.009700
17.260,-0.568390,0.142138,1.139307,-0.569781,0.386721,1.280836,-0.093406,-0.152147,-0.017510,0.066700,-0.041054,-0.015520,-0.999878,-0.015622,-0.999940,-0.010934,0.000000,0.354857,0.609344,-0.008223,0.000000,0.302165,-0.302222,0.009636
17.280,-0.568334,0.138517,1.139308,-0.571636,0.383670,1.280482,-0.092085,-0.152963,-0.017817,0.065456,-0.040539,-0.015168,-0.999729,-0.023274,-0.999825,-0.018697,0.000000,0.360923,0.603277,-0.008031,0.000000,0.304481,-0.304451,0.009576
17.300,-0.568250,0.134894,1.139309,-0.573465,0.380603,1.280123,-0.090788,-0.153769,-0.018116,0.064215,-0.040063,-0.014791,-0.999522,-0.030900,-0.999651,-0.026432,0.000000,0.367035,0.597167,-0.007840,0.000000,0.306617,-0.306504,0.009517
17.320,-0.568138,0.131267,1.139310,-0.575268,0.377519,1.279758,-0.089516,-0.154566,-0.018408,0.062978,-0.039626,-0.014389,-0.999259,-0.038500,-0.999417,-0.034141,0.000000,0.373187,0.591018,-0.007651,0.000000,0.308572,-0.308377,0.009458
17.340,-0.567997,0.127639,1.139310,-0.577046,0.374420,1.279387,-0.088269,-0.155354,-0.018692,0.061746,-0.039225,-0.013962,-0.998938,-0.046076,-0.999125,-0.041827,0.000000,0.379376,0.584833,-0.007462,0.000000,0.310345,-0.310071,0.009398
17.360,-0.567828,0.124008,1.139311,-0.578799,0.371305,1.279010,-0.087046,-0.156135,-0.018966,0.060520,-0.038862,-0.013509,-0.998561,-0.053631,-0.998775,-0.049490,0.000000,0.385599,0.578616,-0.007275,0.000000,0.311935,-0.311584,0.009336
17.380,-0.567630,0.120377,1.139312,-0.580528,0.368175,1.278628,-0.085848,-0.156909,-0.019232,0.059301,-0.038534,-0.013032,-0.998128,-0.061166,-0.998367,-0.057132,0.000000,0.391852,0.572371,-0.007089,0.000000,0.313341,-0.312916,0.009271
17.400,-0.567405,0.116745,1.139313,-0.582233,0.365029,1.278241,-0.084674,-0.157677,-0.019488,0.058092,-0.038241,-0.012529,-0.997639,-0.068683,-0.997901,-0.064756,0.000000,0.398132,0.566101,-0.006904,0.000000,0.314562,-0.314065,0.009201
17.420,-0.567152,0.113114,1.139314,-0.583915,0.361868,1.277849,-0.083524,-0.158439,-0.019733,0.056894,-0.037982,-0.012002,-0.997094,-0.076184,-0.997378,-0.072364,0.000000,0.404434,0.559809,-0.006721,0.000000,0.315596,-0.315031,0.009126
17.440,-0.566871,0.109483,1.139314,-0.585574,0.358691,1.277452,-0.082398,-0.159196,-0.019967,0.055709,-0.037756,-0.011450,-0.996493,-0.083671,-0.996798,-0.079956,0.000000,0.410754,0.553501,-0.006539,0.000000,0.316445,-0.315814,0.009046
17.460,-0.566562,0.105853,1.139315,-0.587211,0.355500,1.277050,-0.081296,-0.159949,-0.020191,0.054538,-0.037563,-0.010875,-0.995838,-0.091145,-0.996161,-0.087535,0.000000,0.417090,0.547178,-0.006359,0.000000,0.317106,-0.316412,0.008960
17.480,-0.566226,0.102225,1.139316,-0.588826,0.352293,1.276644,-0.080217,-0.160699,-0.020402,0.053385,-0.037402,-0.010276,-0.995126,-0.098609,-0.995468,-0.095102,0.000000,0.423437,0.540845,-0.006181,0.000000,0.317580,-0.316825,0.008868
17.500,-0.565862,0.098599,1.139317,-0.590420,0.349072,1.276234,-0.079160,-0.161446,-0.020602,0.052250,-0.037271,-0.009654,-0.994359,-0.106063,-0.994717,-0.102660,0.000000,0.429792,0.534506,-0.006004,0.000000,0.317867,-0.317053,0.008769
17.520,-0.565471,0.094976,1.139318,-0.591992,0.345836,1.275820,-0.078127,-0.162190,-0.020788,0.051137,-0.037171,-0.009010,-0.993537,-0.113511,-0.993908,-0.110209,0.000000,0.436151,0.528165,-0.005830,0.000000,0.317966,-0.317096,0.008663
17.540,-0.565052,0.091356,1.139319,-0.593545,0.342584,1.275403,-0.077115,-0.162933,-0.020962,0.050047,-0.037100,-0.008343,-0.992658,-0.120954,-0.993043,-0.117752,0.000000,0.442510,0.521824,-0.005658,0.000000,0.317876,-0.316953,0.008550
17.560,-0.564607,0.087741,1.139319,-0.595077,0.339318,1.274982,-0.076125,-0.163674,-0.021122,0.048982,-0.037057,-0.007655,-0.991723,-0.128393,-0.992120,-0.125291,0.000000,0.448865,0.515488,-0.005488,0.000000,0.317599,-0.316624,0.008430
17.580,-0.564134,0.084129,1.139320,-0.596590,0.336037,1.274558,-0.075155,-0.164415,-0.021268,0.047944,-0.037042,-0.006947,-0.990732,-0.135831,-0.991139,-0.132826,0.000000,0.455212,0.509160,-0.005321,0.000000,0.317135,-0.316109,0.008304
17.600,-0.563635,0.080523,1.139321,-0.598084,0.332742,1.274131,-0.074207,-0.165156,-0.021400,0.046936,-0.037055,-0.006218,-0.989684,-0.143269,-0.990100,-0.140361,0.000000,0.461549,0.502845,-0.005156,0.000000,0.316483,-0.315409,0.008172
17.620,-0.563109,0.076922,1.139321,-0.599558,0.329431,1.273702,-0.073278,-0.165898,-0.021517,0.045958,-0.037093,-0.005470,-0.988578,-0.150710,-0.989003,-0.147896,0.000000,0.467870,0.496545,-0.004994,0.000000,0.315644,-0.314524,0.008034
17.640,-0.562556,0.073327,1.139321,-0.601015,0.326106,1.273271,-0.072368,-0.166640,-0.021618,0.045014,-0.037158,-0.004703,-0.987415,-0.158154,-0.987846,-0.155433,0.000000,0.474173,0.490265,-0.004834,0.000000,0.314619,-0.313453,0.007891
17.660,-0.561977,0.069738,1.139322,-0.602453,0.322766,1.272837,-0.071477,-0.167384,-0.021705,0.044103,-0.037247,-0.003918,-0.986192,-0.165603,-0.986630,-0.162974,0.000000,0.480454,0.484008,-0.004678,0.000000,0.313407,-0.312197,0.007744
17.680,-0.561371,0.066157,1.139322,-0.603874,0.319410,1.272403,-0.070604,-0.168130,-0.021775,0.043228,-0.037361,-0.003117,-0.984911,-0.173060,-0.985354,-0.170520,0.000000,0.486708,0.477778,-0.004525,0.000000,0.312011,-0.310757,0.007594
17.700,-0.560739,0.062583,1.139322,-0.605277,0.316040,1.271966,-0.069748,-0.168879,-0.021829,0.042389,-0.037498,-0.002298,-0.983570,-0.180526,-0.984017,-0.178074,0.000000,0.492933,0.471579,-0.004374,0.000000,0.310431,-0.309133,0.007441
17.720,-0.560081,0.059017,1.139322,-0.606664,0.312655,1.271529,-0.068908,-0.169630,-0.021867,0.041588,-0.037660,-0.001465,-0.982169,-0.188002,-0.982619,-0.185636,0.000000,0.499124,0.465414,-0.004227,0.000000,0.308667,-0.307325,0.007287
17.740,-0.559396,0.055459,1.139321,-0.608034,0.309255,1.271092,-0.068084,-0.170385,-0.021888,0.040824,-0.037844,-0.000617,-0.980705,-0.195491,-0.981158,-0.193209,0.000000,0.505278,0.459287,-0.004083,0.000000,0.306721,-0.305335,0.007133
17.760,-0.558685,0.051911,1.139321,-0.609387,0.305840,1.270654,-0.067275,-0.171144,-0.021891,0.040098,-0.038050,0.000245,-0.979180,-0.202994,-0.979633,-0.200794,0.000000,0.511392,0.453202,-0.003942,0.000000,0.304595,-0.303163,0.006980
17.780,-0.557948,0.048372,1.139320,-0.610725,0.302409,1.270216,-0.066480,-0.171907,-0.021878,0.039410,-0.038279,0.001119,-0.977591,-0.210512,-0.978045,-0.208393,0.000000,0.517461,0.447162,-0.003804,0.000000,0.302289,-0.300811,0.006830
17.800,-0.557184,0.044843,1.139319,-0.612047,0.298964,1.269779,-0.065698,-0.172675,-0.021846,0.038759,-0.038530,0.002006,-0.975938,-0.218048,-0.976392,-0.216008,0.000000,0.523482,0.441171,-0.003669,0.000000,0.299804,-0.298278,0.006684
17.820,-0.556395,0.041325,1.139318,-0.613353,0.295502,1.269343,-0.064929,-0.173449,-0.021797,0.038145,-0.038803,0.002903,-0.974219,-0.225602,-0.974672,-0.223639,0.000000,0.529452,0.435232,-0.003536,0.000000,0.297143,-0.295566,0.006544
17.840,-0.555579,0.037817,1.139317,-0.614644,0.292026,1.268907,-0.064172,-0.174228,-0.021730,0.037566,-0.039097,0.003810,-0.972434,-0.233177,-0.972885,-0.231289,0.000000,0.535367,0.429349,-0.003407,0.000000,0.294308,-0.292677,0.006411
17.860,-0.554738,0.034321,1.139316,-0.615920,0.288533,1.268474,-0.063426,-0.175013,-0.021645,0.037021,-0.039413,0.004727,-0.970581,-0.240773,-0.971030,-0.238960,0.000000,0.541223,0.423526,-0.003280,0.000000,0.291298,-0.289611,0.006287
17.880,-0.553870,0.030837,1.139314,-0.617181,0.285025,1.268042,-0.062691,-0.175804,-0.021541,0.036507,-0.039751,0.005651,-0.968659,-0.248393,-0.969104,-0.246652,0.000000,0.547018,0.417766,-0.003155,0.000000,0.288118,-0.286369,0.006172
17.900,-0.552976,0.027366,1.139312,-0.618428,0.281501,1.267612,-0.061966,-0.176603,-0.021419,0.036024,-0.040110,0.006582,-0.966667,-0.256037,-0.967108,-0.254367,0.000000,0.552747,0.412072,-0.003033,0.000000,0.284768,-0.282954,0.006068
17.920,-0.552056,0.023907,1.139310,-0.619660,0.277961,1.267185,-0.061250,-0.177409,-0.021278,0.035569,-0.040491,0.007519,-0.964603,-0.263707,-0.965039,-0.262107,0.000000,0.558407,0.406449,-0.002912,0.000000,0.281250,-0.279367,0.005974
17.940,-0.551110,0.020462,1.139308,-0.620878,0.274405,1.266761,-0.060543,-0.178223,-0.021118,0.035140,-0.040893,0.008461,-0.962465,-0.271405,-0.962896,-0.269874,0.000000,0.563996,0.400899,-0.002794,0.000000,0.277566,-0.275609,0.005892
17.960,-0.550138,0.017031,1.139306,-0.622082,0.270832,1.266340,-0.059844,-0.179045,-0.020939,0.034735,-0.041318,0.009407,-0.960253,-0.279132,-0.960677,-0.277668,0.000000,0.569509,0.395426,-0.002677,0.000000,0.273720,-0.271682,0.005822
17.980,-0.549139,0.013614,1.139304,-0.623271,0.267243,1.265924,-0.059153,-0.179876,-0.020742,0.034351,-0.041766,0.010356,-0.957964,-0.286889,-0.958381,-0.285492,0.000000,0.574943,0.390033,-0.002561,0.000000,0.269712,-0.267588,0.005763
18.000,-0.548115,0.010212,1.139302,-0.624448,0.263637,1.265511,-0.058470,-0.180716,-0.020525,0.033987,-0.042236,0.011306,-0.955597,-0.294678,-0.956006,-0.293347,0.000000,0.580296,0.384723,-0.002446,0.000000,0.265545,-0.263328,0.005716
18.020,-0.547064,0.006826,1.139300,-0.625610,0.260014,1.265103,-0.057794,-0.181565,-0.020289,0.033641,-0.042730,0.012257,-0.953150,-0.302499,-0.953550,-0.301233,0.000000,0.585564,0.379501,-0.002332,0.000000,0.261222,-0.258905,0.005681
18.040,-0.545987,0.003455,1.139298,-0.626760,0.256374,1.264699,-0.057124,-0.182425,-0.020035,0.033311,-0.043247,0.013207,-0.950621,-0.310354,-0.951012,-0.309154,0.000000,0.590744,0.374368,-0.002219,0.000000,0.256745,-0.254320,0.005656
18.060,-0.544884,0.000101,1.139296,-0.627895,0.252717,1.264301,-0.056461,-0.183295,-0.019761,0.032996,-0.043788,0.014156,-0.948008,-0.318245,-0.948389,-0.317109,0.000000,0.595833,0.369329,-0.002106,0.000000,0.252117,-0.249576,0.005641
18.080,-0.543755,-0.003237,1.139294,-0.629018,0.249042,1.263909,-0.055804,-0.184177,-0.019469,0.032695,-0.044353,0.015101,-0.945310,-0.326172,-0.945680,-0.325100,0.000000,0.600828,0.364386,-0.001993,0.000000,0.247340,-0.244675,0.005636
18.100,-0.542599,-0.006557,1.139292,-0.630128,0.245350,1.263523,-0.055153,-0.185069,-0.019157,0.032406,-0.044944,0.016042,-0.942525,-0.334137,-0.942882,-0.333128,0.000000,0.605726,0.359543,-0.001880,0.000000,0.242418,-0.239619,0.005638
18.120,-0.541418,-0.009859,1.139291,-0.631224,0.241639,1.263143,-0.054508,-0.185974,-0.018827,0.032130,-0.045561,0.016978,-0.939649,-0.342141,-0.939992,-0.341195,0.000000,0.610524,0.354802,-0.001767,0.000000,0.237352,-0.234410,0.005648
18.140,-0.540211,-0.013144,1.139290,-0.632308,0.237911,1.262770,-0.053868,-0.186892,-0.018478,0.031866,-0.046204,0.017907,-0.936681,-0.350184,-0.937010,-0.349302,0.000000,0.615219,0.350168,-0.001654,0.000000,0.232146,-0.229052,0.005663
18.160,-0.538977,-0.016409,1.139289,-0.633379,0.234164,1.262404,-0.053233,-0.187823,-0.018111,0.031614,-0.046874,0.018828,-0.933619,-0.358268,-0.933932,-0.357450,0.000000,0.619808,0.345641,-0.001541,0.000000,0.226804,-0.223546,0.005683
18.180,-0.537718,-0.019655,1.139288,-0.634437,0.230398,1.262046,-0.052603,-0.188767,-0.017725,0.031377,-0.047572,0.019739,-0.930460,-0.366395,-0.930757,-0.365639,0.000000,0.624290,0.341227,-0.001427,0.000000,0.221327,-0.217895,0.005704
18.200,-0.536433,-0.022882,1.139288,-0.635483,0.226613,1.261695,-0.051978,-0.189726,-0.017321,0.031156,-0.048299,0.020640,-0.927201,-0.374564,-0.927481,-0.373872,0.000000,0.628661,0.336927,-0.001313,0.000000,0.215720,-0.212103,0.005725
18.220,-0.535122,-0.026088,1.139288,-0.636516,0.222809,1.261353,-0.051357,-0.190699,-0.016900,0.030952,-0.049055,0.021528,-0.923841,-0.382777,-0.924101,-0.382148,0.000000,0.632918,0.332744,-0.001198,0.000000,0.209985,-0.206171,0.005745
18.240,-0.533786,-0.029274,1.139289,-0.637537,0.218985,1.261019,-0.050740,-0.191688,-0.016460,0.030770,-0.049841,0.022403,-0.920376,-0.391035,-0.920616,-0.390468,0.000000,0.637059,0.328681,-0.001083,0.000000,0.204126,-0.200103,0.005760
18.260,-0.532424,-0.032438,1.139290,-0.638546,0.215141,1.260695,-0.050126,-0.192693,-0.016004,0.030613,-0.050658,0.023262,-0.916803,-0.399339,-0.917023,-0.398834,0.000000,0.641082,0.324740,-0.000968,0.000000,0.198147,-0.193901,0.005768
18.280,-0.531037,-0.035581,1.139292,-0.639542,0.211277,1.260379,-0.049515,-0.193715,-0.015530,0.030485,-0.051507,0.024105,-0.913121,-0.407689,-0.913318,-0.407246,0.000000,0.644984,0.320925,-0.000852,0.000000,0.192050,-0.187569,0.005766
18.300,-0.529625,-0.038701,1.139294,-0.640527,0.207392,1.260073,-0.048906,-0.194754,-0.015039,0.030392,-0.052388,0.024930,-0.909325,-0.416087,-0.909499,-0.415705,0.000000,0.648763,0.317238,-0.000737,0.000000,0.185841,-0.181111,0.005751
18.320,-0.528187,-0.041798,1.139297,-0.641499,0.203487,1.259778,-0.048299,-0.195811,-0.014533,0.030341,-0.053304,0.025735,-0.905413,-0.424532,-0.905563,-0.424212,0.000000,0.652417,0.313682,-0.000622,0.000000,0.179521,-0.174528,0.005721
18.340,-0.526725,-0.044873,1.139300,-0.642459,0.199560,1.259492,-0.047692,-0.196886,-0.014010,0.030339,-0.054254,0.026519,-0.901381,-0.433026,-0.901506,-0.432766,0.000000,0.655944,0.310258,-0.000508,0.000000,0.173096,-0.167825,0.005673
18.360,-0.525239,-0.047923,1.139303,-0.643406,0.195611,1.259217,-0.047085,-0.197981,-0.013472,0.030393,-0.055239,0.027280,-0.897227,-0.441570,-0.897326,-0.441368,0.000000,0.659340,0.306970,-0.000396,0.000000,0.166568,-0.161006,0.005605
18.380,-0.523727,-0.050949,1.139307,-0.644342,0.191640,1.258953,-0.046476,-0.199096,-0.012919,0.030511,-0.056260,0.028016,-0.892946,-0.450163,-0.893019,-0.450019,0.000000,0.662606,0.303819,-0.000284,0.000000,0.159942,-0.154074,0.005512
18.400,-0.522192,-0.053950,1.139311,-0.645265,0.187647,1.258701,-0.045864,-0.200232,-0.012352,0.030704,-0.057317,0.028726,-0.888536,-0.458807,-0.888582,-0.458718,0.000000,0.665737,0.300807,-0.000175,0.000000,0.153222,-0.147034,0.005395
18.420,-0.520632,-0.056925,1.139315,-0.646176,0.183631,1.258459,-0.045247,-0.201389,-0.011770,0.030980,-0.058410,0.029408,-0.883993,-0.467501,-0.884011,-0.467466,0.000000,0.668734,0.297938,-0.000069,0.000000,0.146411,-0.139889,0.005249
18.440,-0.519049,-0.059875,1.139319,-0.647075,0.179591,1.258230,-0.044624,-0.202568,-0.011176,0.031349,-0.059539,0.030061,-0.879313,-0.476245,-0.879303,-0.476262,0.000000,0.671593,0.295212,0.000035,0.000000,0.139514,-0.132644,0.005074
18.460,-0.517442,-0.062798,1.139323,-0.647961,0.175528,1.258013,-0.043993,-0.203771,-0.010568,0.031820,-0.060704,0.030683,-0.874492,-0.485041,-0.874455,-0.485107,0.000000,0.674314,0.292633,0.000134,0.000000,0.132534,-0.125304,0.004868
18.480,-0.515812,-0.065694,1.139327,-0.648835,0.171440,1.257807,-0.043351,-0.204997,-0.009948,0.032405,-0.061902,0.031272,-0.869526,-0.493887,-0.869462,-0.493999,0.000000,0.676894,0.290201,0.000229,0.000000,0.125475,-0.117872,0.004627
18.500,-0.514159,-0.068563,1.139331,-0.649695,0.167328,1.257615,-0.042696,-0.206247,-0.009317,0.033111,-0.063134,0.031828,-0.864413,-0.502783,-0.864322,-0.502939,0.000000,0.679332,0.287918,0.000319,0.000000,0.118343,-0.110356,0.004352
18.520,-0.512482,-0.071403,1.139335,-0.650543,0.163190,1.257435,-0.042025,-0.207522,-0.008676,0.033951,-0.064396,0.032348,-0.859147,-0.511730,-0.859030,-0.511926,0.000000,0.681627,0.285787,0.000403,0.000000,0.111140,-0.102758,0.004040
18.540,-0.510783,-0.074215,1.139339,-0.651376,0.159027,1.257268,-0.041337,-0.208823,-0.008024,0.034933,-0.065686,0.032831,-0.853724,-0.520726,-0.853582,-0.520958,0.000000,0.683778,0.283809,0.000480,0.000000,0.103871,-0.095085,0.003690
18.560,-0.509062,-0.076998,1.139342,-0.652196,0.154837,1.257114,-0.040627,-0.210150,-0.007363,0.036066,-0.067000,0.033276,-0.848141,-0.529770,-0.847976,-0.530035,0.000000,0.685782,0.281984,0.000550,0.000000,0.096540,-0.087342,0.003301
18.580,-0.507318,-0.079751,1.139344,-0.653001,0.150621,1.256973,-0.039893,-0.211503,-0.006693,0.037361,-0.068335,0.033682,-0.842393,-0.538863,-0.842207,-0.539155,0.000000,0.687639,0.280315,0.000612,0.000000,0.089151,-0.079534,0.002871
18.600,-0.505552,-0.082475,1.139346,-0.653791,0.146377,1.256846,-0.039131,-0.212883,-0.006016,0.038826,-0.069685,0.034047,-0.836477,-0.548002,-0.836270,-0.548317,0.000000,0.689348,0.278803,0.000665,0.000000,0.081710,-0.071668,0.002400
18.620,-0.503763,-0.085168,1.139348,-0.654566,0.142105,1.256733,-0.038339,-0.214291,-0.005331,0.040468,-0.071045,0.034370,-0.830387,-0.557187,-0.830164,-0.557520,0.000000,0.690907,0.277449,0.000708,0.000000,0.074220,-0.063749,0.001887
18.640,-0.501953,-0.087830,1.139348,-0.655325,0.137805,1.256633,-0.037511,-0.215725,-0.004641,0.042296,-0.072408,0.034651,-0.824120,-0.566416,-0.823882,-0.566761,0.000000,0.692316,0.276254,0.000740,0.000000,0.066685,-0.055784,0.001332
18.660,-0.500122,-0.090461,1.139348,-0.656066,0.133476,1.256547,-0.036646,-0.217187,-0.003946,0.044317,-0.073767,0.034889,-0.817670,-0.575687,-0.817422,-0.576039,0.000000,0.693574,0.275218,0.000761,0.000000,0.059111,-0.047778,0.000732
18.680,-0.498268,-0.093061,1.139348,-0.656790,0.129117,1.256475,-0.035738,-0.218676,-0.003246,0.046535,-0.075112,0.035082,-0.811035,-0.584997,-0.810780,-0.585350,0.000000,0.694680,0.274343,0.000769,0.000000,0.051501,-0.039739,0.000089
18.700,-0.496393,-0.095628,1.139346,-0.657496,0.124729,1.256417,-0.034783,-0.220191,-0.002543,0.048957,-0.076436,0.035231,-0.804209,-0.594346,-0.803952,-0.594694,0.000000,0.695634,0.273629,0.000764,0.000000,0.043860,-0.031672,-0.000598
18.720,-0.494497,-0.098164,1.139344,-0.658181,0.120310,1.256373,-0.033778,-0.221733,-0.001837,0.051587,-0.077725,0.035334,-0.797189,-0.603730,-0.796934,-0.604066,0.000000,0.696434,0.273076,0.000745,0.000000,0.036193,-0.023585,-0.001329
18.740,-0.492579,-0.100666,1.139340,-0.658846,0.115859,1.256344,-0.032718,-0.223300,-0.001130,0.054427,-0.078970,0.035391,-0.789969,-0.613147,-0.789722,-0.613465,0.000000,0.697081,0.272685,0.000711,0.000000,0.028505,-0.015485,-0.002105
18.760,-0.490640,-0.103136,1.139336,-0.659490,0.111378,1.256328,-0.031599,-0.224891,-0.000422,0.057479,-0.080157,0.035403,-0.782545,-0.622594,-0.782313,-0.622886,0.000000,0.697574,0.272457,0.000660,0.000000,0.020799,-0.007379,-0.002925
18.780,-0.488679,-0.105572,1.139331,-0.660110,0.106864,1.256327,-0.030417,-0.226506,0.000286,0.060743,-0.081271,0.035369,-0.774914,-0.632066,-0.774702,-0.632326,0.000000,0.697913,0.272390,0.000593,0.000000,0.013082,0.000725,-0.003789
18.800,-0.486697,-0.107975,1.139326,-0.660706,0.102317,1.256340,-0.029168,-0.228141,0.000993,0.064220,-0.082297,0.035289,-0.767071,-0.641562,-0.766887,-0.641782,0.000000,0.698098,0.272486,0.000508,0.000000,0.005357,0.008821,-0.004696
18.820,-0.484693,-0.110344,1.139320,-0.661276,0.097738,1.256367,-0.027847,-0.229797,0.001698,0.067905,-0.083217,0.035164,-0.759012,-0.651076,-0.758863,-0.651250,0.000000,0.698128,0.272743,0.000405,0.000000,-0.002370,0.016901,-0.005646
18.840,-0.482668,-0.112679,1.139314,-0.661819,0.093125,1.256408,-0.026451,-0.231469,0.002399,0.071797,-0.084015,0.034993,-0.750733,-0.660605,-0.750628,-0.660725,0.000000,0.698003,0.273162,0.000282,0.000000,-0.010096,0.024958,-0.006638
18.860,-0.480621,-0.114980,1.139307,-0.662334,0.088479,1.256463,-0.024974,-0.233156,0.003097,0.075889,-0.084670,0.034778,-0.742231,-0.670145,-0.742177,-0.670204,0.000000,0.697724,0.273741,0.000139,0.000000,-0.017814,0.032984,-0.007671
18.880,-0.478553,-0.117246,1.139300,-0.662818,0.083799,1.256531,-0.023414,-0.234855,0.003790,0.080176,-0.085165,0.034519,-0.733500,-0.679690,-0.733509,-0.679680,0.000000,0.697290,0.274481,-0.000025,0.000000,-0.025521,0.040974,-0.008742
18.900,-0.476463,-0.119477,1.139294,-0.663270,0.079085,1.256614,-0.021766,-0.236562,0.004477,0.084650,-0.085478,0.034218,-0.724538,-0.689235,-0.724619,-0.689150,0.000000,0.696703,0.275380,-0.000211,0.000000,-0.033213,0.048920,-0.009850
18.920,-0.474351,-0.121674,1.139287,-0.663688,0.074336,1.256711,-0.020027,-0.238273,0.005158,0.089303,-0.085589,0.033874,-0.715341,-0.698775,-0.715505,-0.698607,0.000000,0.695962,0.276437,-0.000419,0.000000,-0.040883,0.056817,-0.010993
18.940,-0.472217,-0.123835,1.139281,-0.664070,0.069554,1.256820,-0.018193,-0.239984,0.005832,0.094125,-0.085479,0.033489,-0.705906,-0.708305,-0.706165,-0.708047,0.000000,0.695068,0.277652,-0.000651,0.000000,-0.048529,0.064657,-0.012168
18.960,-0.470061,-0.125960,1.139275,-0.664415,0.064737,1.256944,-0.016261,-0.241690,0.006498,0.099105,-0.085126,0.033065,-0.696231,-0.717818,-0.696596,-0.717463,0.000000,0.694021,0.279023,-0.000906,0.000000,-0.056145,0.072435,-0.013372
18.980,-0.467883,-0.128050,1.139270,-0.664720,0.059886,1.257080,-0.014227,-0.243387,0.007154,0.104232,-0.084512,0.032603,-0.686311,-0.727308,-0.686796,-0.726850,0.000000,0.692822,0.280549,-0.001186,0.000000,-0.063727,0.080146,-0.014602
19.000,-0.465683,-0.130104,1.139266,-0.664983,0.055002,1.257230,-0.012090,-0.245069,0.007802,0.109493,-0.083615,0.032103,-0.676146,-0.736768,-0.676763,-0.736201,0.000000,0.691472,0.282228,-0.001490,0.000000,-0.071270,0.087783,-0.015855
19.020,-0.463461,-0.132121,1.139263,-0.665203,0.050084,1.257392,-0.009847,-0.246730,0.008438,0.114874,-0.082419,0.031568,-0.665732,-0.746191,-0.666495,-0.745510,0.000000,0.689972,0.284060,-0.001820,0.000000,-0.078771,0.095341,-0.017126
19.040,-0.461217,-0.134102,1.139260,-0.665376,0.045133,1.257567,-0.007495,-0.248364,0.009064,0.120361,-0.080903,0.030998,-0.655069,-0.755569,-0.655992,-0.754768,0.000000,0.688322,0.286041,-0.002175,0.000000,-0.086224,0.102815,-0.018412
19.060,-0.458951,-0.136046,1.139259,-0.665502,0.040149,1.257755,-0.005032,-0.249964,0.009678,0.125939,-0.079052,0.030396,-0.644154,-0.764896,-0.645251,-0.763970,0.000000,0.686523,0.288172,-0.002556,0.000000,-0.093627,0.110199,-0.019708
19.080,-0.456662,-0.137953,1.139259,-0.665577,0.035134,1.257954,-0.002457,-0.251523,0.010280,0.131591,-0.076850,0.029764,-0.632987,-0.774162,-0.634274,-0.773108,0.000000,0.684577,0.290449,-0.002964,0.000000,-0.100973,0.117490,-0.021009
19.100,-0.454352,-0.139822,1.139260,-0.665599,0.030089,1.258166,0.000232,-0.253035,0.010868,0.137301,-0.074282,0.029102,-0.621567,-0.783361,-0.623059,-0.782175,0.000000,0.682485,0.292871,-0.003397,0.000000,-0.108260,0.124681,-0.022311
19.120,-0.452019,-0.141653,1.139262,-0.665567,0.025013,1.258389,0.003036,-0.254492,0.011444,0.143052,-0.071335,0.028412,-0.609895,-0.792483,-0.611607,-0.791162,0.000000,0.680247,0.295435,-0.003856,0.000000,-0.115482,0.131769,-0.023608
19.140,-0.449665,-0.143446,1.139265,-0.665477,0.019909,1.258624,0.005954,-0.255886,0.012005,0.148826,-0.067999,0.027697,-0.597970,-0.801519,-0.599919,-0.800061,0.000000,0.677866,0.298141,-0.004341,0.000000,-0.122637,0.138749,-0.024894
19.160,-0.447290,-0.145201,1.139269,-0.665328,0.014778,1.258869,0.008989,-0.257209,0.012551,0.154604,-0.064264,0.026957,-0.585794,-0.810460,-0.587995,-0.808865,0.000000,0.675342,0.300984,-0.004852,0.000000,-0.129719,0.145617,-0.026164
19.180,-0.444892,-0.146916,1.139274,-0.665117,0.009622,1.259125,0.012139,-0.258454,0.013083,0.160366,-0.060124,0.026195,-0.573368,-0.819298,-0.575837,-0.817564,0.000000,0.672678,0.303965,-0.005387,0.000000,-0.136724,0.152370,-0.027411
19.200,-0.442474,-0.148592,1.139280,-0.664842,0.004441,1.259392,0.015403,-0.259612,0.013599,0.166094,-0.055574,0.025413,-0.560694,-0.828023,-0.563449,-0.826151,0.000000,0.669874,0.307078,-0.005948,0.000000,-0.143649,0.159002,-0.028628
19.220,-0.440035,-0.150228,1.139287,-0.664500,-0.000762,1.259669,0.018782,-0.260674,0.014099,0.171767,-0.050611,0.024612,-0.547776,-0.836625,-0.550831,-0.834617,0.000000,0.666932,0.310324,-0.006532,0.000000,-0.150489,0.165511,-0.029809
19.240,-0.437575,-0.151824,1.139295,-0.664089,-0.005986,1.259956,0.022273,-0.261633,0.014583,0.177365,-0.045238,0.023794,-0.534617,-0.845094,-0.537988,-0.842952,0.000000,0.663855,0.313698,-0.007140,0.000000,-0.157242,0.171894,-0.030946
19.260,-0.435095,-0.153379,1.139303,-0.663608,-0.011227,1.260253,0.025876,-0.262481,0.015051,0.182868,-0.039457,0.022960,-0.521221,-0.853422,-0.524924,-0.851149,0.000000,0.660643,0.317199,-0.007770,0.000000,-0.163901,0.178147,-0.032033
19.280,-0.432595,-0.154893,1.139311,-0.663054,-0.016484,1.260558,0.029587,-0.263209,0.015502,0.188254,-0.033275,0.022113,-0.507593,-0.861597,-0.511642,-0.859199,0.000000,0.657299,0.320823,-0.008421,0.000000,-0.170465,0.184266,-0.033060
19.300,-0.430075,-0.156366,1.139319,-0.662424,-0.021754,1.260873,0.033405,-0.263809,0.015935,0.193502,-0.026702,0.021254,-0.493739,-0.869610,-0.498149,-0.867091,0.000000,0.653825,0.324568,-0.009092,0.000000,-0.176928,0.190250,-0.034021
19.320,-0.427536,-0.157797,1.139328,-0.661717,-0.027035,1.261195,0.037326,-0.264275,0.016352,0.198591,-0.019752,0.020384,-0.479664,-0.877452,-0.484450,-0.874819,0.000000,0.650223,0.328432,-0.009781,0.000000,-0.183287,0.196095,-0.034908
19.340,-0.424978,-0.159186,1.139336,-0.660930,-0.032324,1.261526,0.041348,-0.264597,0.016751,0.203499,-0.012439,0.019505,-0.465377,-0.885112,-0.470551,-0.882373,0.000000,0.646494,0.332411,-0.010488,0.000000,-0.189539,0.201799,-0.035715
19.360,-0.422402,-0.160533,1.139343,-0.660062,-0.037618,1.261865,0.045465,-0.264770,0.017132,0.208206,-0.004784,0.018619,-0.450885,-0.892582,-0.456459,-0.889745,0.000000,0.642642,0.336503,-0.011209,0.000000,-0.195680,0.207359,-0.036436
19.380,-0.419807,-0.161836,1.139350,-0.659111,-0.042914,1.262212,0.049674,-0.264786,0.017495,0.212690,0.003195,0.017727,-0.436197,-0.899851,-0.442182,-0.896925,0.000000,0.638668,0.340705,-0.011944,0.000000,-0.201705,0.212774,-0.037066
19.400,-0.417195,-0.163097,1.139356,-0.658075,-0.048209,1.262565,0.053971,-0.264640,0.017841,0.216932,0.011472,0.016831,-0.421321,-0.906911,-0.427728,-0.903908,0.000000,0.634575,0.345013,-0.012691,0.000000,-0.207613,0.218041,-0.037600
19.420,-0.414565,-0.164315,1.139360,-0.656952,-0.053499,1.262925,0.058350,-0.264326,0.018169,0.220910,0.020023,0.015931,-0.406269,-0.913754,-0.413106,-0.910683,0.000000,0.630364,0.349425,-0.013448,0.000000,-0.213399,0.223158,-0.038034
19.440,-0.411919,-0.165489,1.139364,-0.655740,-0.058781,1.263292,0.062805,-0.263837,0.018478,0.224606,0.028821,0.015030,-0.391049,-0.920370,-0.398324,-0.917245,0.000000,0.626040,0.353938,-0.014212,0.000000,-0.219059,0.228124,-0.038365
19.460,-0.409255,-0.166619,1.139367,-0.654439,-0.064051,1.263664,0.067332,-0.263171,0.018770,0.228001,0.037838,0.014127,-0.375673,-0.926752,-0.383393,-0.923585,0.000000,0.621603,0.358549,-0.014982,0.000000,-0.224592,0.232937,-0.038589
19.480,-0.406575,-0.167705,1.139368,-0.653047,-0.069306,1.264042,0.071923,-0.262323,0.019043,0.231076,0.047043,0.013226,-0.360153,-0.932893,-0.368323,-0.929698,0.000000,0.617057,0.363255,-0.015755,0.000000,-0.229992,0.237596,-0.038706
19.500,-0.403878,-0.168748,1.139368,-0.651562,-0.074543,1.264426,0.076573,-0.261288,0.019299,0.233815,0.056405,0.012327,-0.344500,-0.938786,-0.353124,-0.935577,0.000000,0.612404,0.368052,-0.016529,0.000000,-0.235258,0.242099,-0.038713
19.520,-0.401165,-0.169745,1.139366,-0.649983,-0.079757,1.264814,0.081274,-0.260066,0.019536,0.236202,0.065894,0.011430,-0.328728,-0.944425,-0.337807,-0.941215,0.000000,0.607647,0.372938,-0.017303,0.000000,-0.240386,0.246445,-0.038610
19.540,-0.398435,-0.170699,1.139364,-0.648310,-0.084944,1.265207,0.086018,-0.258652,0.019756,0.238222,0.075475,0.010538,-0.312847,-0.949803,-0.322383,-0.946609,0.000000,0.602790,0.377909,-0.018073,0.000000,-0.245373,0.250634,-0.038396
19.560,-0.395690,-0.171608,1.139360,-0.646542,-0.090101,1.265604,0.090800,-0.257046,0.019958,0.239863,0.085118,0.009651,-0.296873,-0.954917,-0.306865,-0.951753,0.000000,0.597833,0.382962,-0.018838,0.000000,-0.250217,0.254665,-0.038072
19.580,-0.392928,-0.172472,1.139355,-0.644678,-0.095225,1.266005,0.095610,-0.255247,0.020142,0.241111,0.094787,0.008771,-0.280817,-0.959761,-0.291262,-0.956643,0.000000,0.592782,0.388094,-0.019595,0.000000,-0.254913,0.258537,-0.037638
19.600,-0.390150,-0.173292,1.139349,-0.642718,-0.100310,1.266410,0.100442,-0.253255,0.020309,0.241957,0.104450,0.007897,-0.264695,-0.964332,-0.275589,-0.961276,0.000000,0.587638,0.393303,-0.020342,0.000000,-0.259460,0.262249,-0.037097
19.620,-0.387356,-0.174067,1.139342,-0.640660,-0.105353,1.266818,0.105286,-0.251069,0.020458,0.242392,0.114075,0.007032,-0.248518,-0.968627,-0.259856,-0.965647,0.000000,0.582404,0.398583,-0.021078,0.000000,-0.263855,0.265803,-0.036450
19.640,-0.384546,-0.174797,1.139335,-0.638506,-0.110351,1.267228,0.110135,-0.248692,0.020590,0.242410,0.123629,0.006176,-0.232301,-0.972644,-0.244076,-0.969756,0.000000,0.577085,0.403934,-0.021800,0.000000,-0.268095,0.269196,-0.035701
19.660,-0.381719,-0.175482,1.139327,-0.636255,-0.115300,1.267641,0.114979,-0.246125,0.020705,0.242004,0.133079,0.005330,-0.216059,-0.976380,-0.228262,-0.973600,0.000000,0.571682,0.409350,-0.022506,0.000000,-0.272177,0.272430,-0.034853
19.680,-0.378876,-0.176122,1.139319,-0.633907,-0.120195,1.268056,0.119812,-0.243370,0.020803,0.241172,0.142396,0.004494,-0.199804,-0.979836,-0.212426,-0.977177,0.000000,0.566199,0.414830,-0.023193,0.000000,-0.276099,0.275505,-0.033910
19.700,-0.376016,-0.176718,1.139310,-0.631463,-0.125033,1.268473,0.124624,-0.240430,0.020885,0.239914,0.151549,0.003671,-0.183550,-0.983010,-0.196579,-0.980488,0.000000,0.560639,0.420369,-0.023861,0.000000,-0.279859,0.278421,-0.032877
19.720,-0.373140,-0.177268,1.139302,-0.628922,-0.129811,1.268891,0.129406,-0.237309,0.020950,0.238231,0.160511,0.002859,-0.167312,-0.985904,-0.180736,-0.983532,0.000000,0.555005,0.425966,-0.024508,0.000000,-0.283453,0.281179,-0.031759
19.740,-0.370246,-0.177773,1.139294,-0.626287,-0.134525,1.269311,0.134150,-0.234011,0.021000,0.236127,0.169253,0.002060,-0.151102,-0.988518,-0.164906,-0.986309,0.000000,0.549302,0.431615,-0.025131,0.000000,-0.286881,0.283779,-0.030562
19.760,-0.367335,-0.178233,1.139287,-0.623557,-0.139170,1.269731,0.138848,-0.230541,0.021033,0.233608,0.177752,0.001275,-0.134934,-0.990855,-0.149103,-0.988822,0.000000,0.543531,0.437316,-0.025730,0.000000,-0.290138,0.286223,-0.029293
19.780,-0.364408,-0.178648,1.139280,-0.620733,-0.143745,1.270152,0.143492,-0.226903,0.021051,0.230683,0.185983,0.000504,-0.118820,-0.992916,-0.133339,-0.991071,0.000000,0.537697,0.443063,-0.026302,0.000000,-0.293224,0.288511,-0.027960
19.800,-0.361462,-0.179018,1.139275,-0.617817,-0.148246,1.270573,0.148073,-0.223103,0.021053,0.227363,0.193927,-0.000253,-0.102774,-0.994705,-0.117624,-0.993058,0.000000,0.531804,0.448855,-0.026848,0.000000,-0.296136,0.290645,-0.026568
19.820,-0.358500,-0.179343,1.139270,-0.614811,-0.152668,1.270994,0.152584,-0.219148,0.021041,0.223664,0.201564,-0.000995,-0.086806,-0.996225,-0.101970,-0.994787,0.000000,0.525853,0.454688,-0.027365,0.000000,-0.298872,0.292625,-0.025126
19.840,-0.355520,-0.179622,1.139266,-0.611715,-0.157010,1.271415,0.157017,-0.215043,0.021013,0.219601,0.208877,-0.001720,-0.070929,-0.997481,-0.086388,-0.996262,0.000000,0.519850,0.460559,-0.027853,0.000000,-0.301431,0.294452,-0.023640
19.860,-0.352522,-0.179856,1.139263,-0.608531,-0.161269,1.271835,0.161365,-0.210795,0.020972,0.215192,0.215852,-0.002430,-0.055154,-0.998478,-0.070888,-0.997484,0.000000,0.513797,0.466465,-0.028310,0.000000,-0.303810,0.296128,-0.022117
19.880,-0.349507,-0.180045,1.139262,-0.605261,-0.165441,1.272254,0.165622,-0.206411,0.020916,0.210459,0.222476,-0.003124,-0.039492,-0.999220,-0.055481,-0.998460,0.000000,0.507699,0.472403,-0.028737,0.000000,-0.306009,0.297652,-0.020563
19.900,-0.346475,-0.180189,1.139261,-0.601906,-0.169525,1.272671,0.169782,-0.201899,0.020847,0.205422,0.228737,-0.003801,-0.023953,-0.999713,-0.040176,-0.999193,0.000000,0.501558,0.478370,-0.029133,0.000000,-0.308025,0.299025,-0.018985
19.920,-0.343425,-0.180287,1.139262,-0.598470,-0.173516,1.273087,0.173837,-0.197264,0.020764,0.200106,0.234627,-0.004461,-0.008547,-0.999963,-0.024984,-0.999688,0.000000,0.495379,0.484363,-0.029496,0.000000,-0.309858,0.300248,-0.017388
19.940,-0.340358,-0.180339,1.139263,-0.594954,-0.177414,1.273502,0.177784,-0.192516,0.020669,0.194534,0.240137,-0.005104,0.006717,-0.999977,-0.009912,-0.999951,0.000000,0.489165,0.490379,-0.029828,0.000000,-0.311506,0.301321,-0.015778
19.960,-0.337274,-0.180346,1.139266,-0.591359,-0.181216,1.273914,0.181617,-0.187661,0.020560,0.188732,0.245262,-0.005730,0.021830,-0.999762,0.005030,-0.999987,0.000000,0.482920,0.496415,-0.030127,0.000000,-0.312969,0.302245,-0.014162
19.980,-0.334173,-0.180308,1.139270,-0.587690,-0.184920,1.274324,0.185332,-0.182708,0.020440,0.182727,0.249998,-0.006338,0.036783,-0.999323,0.019833,-0.999803,0.000000,0.476647,0.502468,-0.030394,0.000000,-0.314245,0.303018,-0.012544
20.000,-0.331055,-0.180223,1.139274,-0.583947,-0.188524,1.274732,0.188925,-0.177664,0.020307,0.176546,0.254341,-0.006928,0.051568,-0.998669,0.034491,-0.999405,0.000000,0.470351,0.508535,-0.030629,0.000000,-0.315334,0.303642,-0.010929
20.020,-0.327921,-0.180093,1.139279,-0.580134,-0.192026,1.275136,0.192393,-0.172537,0.020163,0.170216,0.258291,-0.007501,0.066179,-0.997808,0.048995,-0.998799,0.000000,0.464035,0.514613,-0.030832,0.000000,-0.316235,0.304117,-0.009323
20.040,-0.324770,-0.179918,1.139285,-0.576252,-0.195425,1.275538,0.195733,-0.167335,0.020007,0.163765,0.261848,-0.008056,0.080608,-0.996746,0.063339,-0.997992,0.000000,0.457703,0.520698,-0.031002,0.000000,-0.316949,0.304441,-0.007731
20.060,-0.321604,-0.179696,1.139291,-0.572305,-0.198719,1.275936,0.198943,-0.162066,0.019841,0.157219,0.265012,-0.008592,0.094849,-0.995492,0.077517,-0.996991,0.000000,0.451359,0.526789,-0.031141,0.000000,-0.317474,0.304616,-0.006156
20.080,-0.318422,-0.179429,1.139297,-0.568295,-0.201907,1.276332,0.202021,-0.156737,0.019663,0.150608,0.267787,-0.009111,0.108897,-0.994053,0.091521,-0.995803,0.000000,0.445005,0.532882,-0.031249,0.000000,-0.317810,0.304640,-0.004604
20.100,-0.315225,-0.179116,1.139303,-0.564225,-0.204988,1.276723,0.204967,-0.151357,0.019476,0.143957,0.270177,-0.009612,0.122746,-0.992438,0.105347,-0.994436,0.000000,0.438647,0.538974,-0.031325,0.000000,-0.317958,0.304514,-0.003078
20.120,-0.312013,-0.178757,1.139310,-0.560098,-0.207961,1.277111,0.207779,-0.145933,0.019279,0.137292,0.272187,-0.010094,0.136392,-0.990655,0.118989,-0.992896,0.000000,0.432288,0.545062,-0.031372,0.000000,-0.317917,0.304236,-0.001583
20.140,-0.308786,-0.178352,1.139316,-0.555915,-0.210825,1.277494,0.210459,-0.140472,0.019073,0.130640,0.273823,-0.010559,0.149830,-0.988712,0.132443,-0.991191,0.000000,0.425932,0.551142,-0.031389,0.000000,-0.317688,0.303806,-0.000122
20.160,-0.305545,-0.177902,1.139322,-0.551680,-0.213580,1.277873,0.213005,-0.134982,0.018857,0.124025,0.275093,-0.011006,0.163056,-0.986617,0.145704,-0.989328,0.000000,0.419582,0.557213,-0.031377,0.000000,-0.317271,0.303223,0.001301
20.180,-0.302290,-0.177405,1.139327,-0.547396,-0.216225,1.278248,0.215420,-0.129471,0.018632,0.117469,0.276004,-0.011436,0.176069,-0.984378,0.158769,-0.987316,0.000000,0.413242,0.563270,-0.031337,0.000000,-0.316667,0.302486,0.002683
20.200,-0.299021,-0.176863,1.139332,-0.543064,-0.218759,1.278619,0.217705,-0.123944,0.018400,0.110995,0.276566,-0.011847,0.188864,-0.982003,0.171634,-0.985161,0.000000,0.406917,0.569311,-0.031270,0.000000,-0.315876,0.301595,0.004020
20.220,-0.295739,-0.176274,1.139336,-0.538688,-0.221182,1.278984,0.219861,-0.118410,0.018159,0.104623,0.276788,-0.012242,0.201440,-0.979501,0.184296,-0.982871,0.000000,0.400609,0.575333,-0.031177,0.000000,-0.314899,0.300549,0.005311
20.240,-0.292444,-0.175640,1.139340,-0.534271,-0.223495,1.279345,0.221890,-0.112875,0.017910,0.098370,0.276682,-0.012619,0.213795,-0.976879,0.196754,-0.980453,0.000000,0.394322,0.581332,-0.031058,0.000000,-0.313737,0.299345,0.006551
20.260,-0.289136,-0.174960,1.139342,-0.529813,-0.225697,1.279701,0.223796,-0.107345,0.017654,0.092253,0.276260,-0.012978,0.225928,-0.974144,0.209004,-0.977915,0.000000,0.388060,0.587306,-0.030915,0.000000,-0.312392,0.297984,0.007739
20.280,-0.285815,-0.174234,1.139344,-0.525319,-0.227789,1.280051,0.225581,-0.101827,0.017391,0.086286,0.275532,-0.013321,0.237839,-0.971305,0.221046,-0.975263,0.000000,0.381828,0.593250,-0.030749,0.000000,-0.310863,0.296463,0.008873
20.300,-0.282482,-0.173462,1.139345,-0.520791,-0.229770,1.280396,0.227249,-0.096326,0.017121,0.080479,0.274513,-0.013647,0.249526,-0.968368,0.232878,-0.972506,0.000000,0.375627,0.599163,-0.030560,0.000000,-0.309154,0.294781,0.009949
20.320,-0.279137,-0.172644,1.139346,-0.516230,-0.231642,1.280736,0.228802,-0.090848,0.016845,0.074843,0.273215,-0.013957,0.260990,-0.965341,0.244500,-0.969649,0.000000,0.369463,0.605041,-0.030351,0.000000,-0.307264,0.292938,0.010967
20.340,-0.275779,-0.171780,1.139345,-0.511640,-0.233405,1.281070,0.230244,-0.085399,0.016563,0.069385,0.271652,-0.014250,0.272232,-0.962232,0.255911,-0.966700,0.000000,0.363338,0.610880,-0.030122,0.000000,-0.305195,0.290933,0.011924
20.360,-0.272410,-0.170871,1.139344,-0.507021,-0.235058,1.281398,0.231578,-0.079984,0.016275,0.064110,0.269838,-0.014527,0.283253,-0.959045,0.267111,-0.963666,0.000000,0.357256,0.616677,-0.029875,0.000000,-0.302950,0.288764,0.012821
20.380,-0.269028,-0.169915,1.139342,-0.502377,-0.236604,1.281721,0.232809,-0.074607,0.015982,0.059022,0.267788,-0.014789,0.294053,-0.955789,0.278101,-0.960552,0.000000,0.351221,0.622429,-0.029610,0.000000,-0.300528,0.286431,0.013655
20.400,-0.265635,-0.168914,1.139340,-0.497710,-0.238043,1.282038,0.233940,-0.069273,0.015684,0.054122,0.265517,-0.015035,0.304635,-0.952469,0.288882,-0.957365,0.000000,0.345236,0.628133,-0.029329,0.000000,-0.297932,0.283934,0.014426
20.420,-0.262230,-0.167867,1.139337,-0.493020,-0.239375,1.282348,0.234975,-0.063988,0.015381,0.049410,0.263038,-0.015266,0.315000,-0.949092,0.299453,-0.954111,0.000000,0.339305,0.633785,-0.029033,0.000000,-0.295163,0.281273,0.015133
20.440,-0.258813,-0.166775,1.139333,-0.488311,-0.240603,1.282653,0.235918,-0.058753,0.015073,0.044886,0.260368,-0.015481,0.325150,-0.945662,0.309818,-0.950796,0.000000,0.333431,0.639383,-0.028724,0.000000,-0.292222,0.278446,0.015778
20.460,-0.255385,-0.165637,1.139330,-0.483584,-0.241726,1.282951,0.236772,-0.053574,0.014762,0.040547,0.257522,-0.015683,0.335088,-0.942187,0.319976,-0.947426,0.000000,0.327617,0.644922,-0.028402,0.000000,-0.289113,0.275455,0.016359
20.480,-0.251945,-0.164453,1.139326,-0.478841,-0.242746,1.283243,0.237541,-0.048453,0.014446,0.036389,0.254513,-0.015869,0.344816,-0.938670,0.329930,-0.944005,0.000000,0.321867,0.650400,-0.028070,0.000000,-0.285835,0.272299,0.016877
20.500,-0.248493,-0.163225,1.139322,-0.474083,-0.243664,1.283529,0.238229,-0.043394,0.014127,0.032408,0.251358,-0.016042,0.354338,-0.935118,0.339681,-0.940541,0.000000,0.316185,0.655813,-0.027728,0.000000,-0.282391,0.268978,0.017333
20.520,-0.245029,-0.161951,1.139318,-0.469312,-0.244482,1.283808,0.238839,-0.038400,0.013804,0.028598,0.248070,-0.016202,0.363655,-0.931534,0.349233,-0.937036,0.000000,0.310573,0.661158,-0.027377,0.000000,-0.278783,0.265493,0.017728
20.540,-0.241554,-0.160632,1.139314,-0.464530,-0.245201,1.284081,0.239374,-0.033472,0.013479,0.024952,0.244665,-0.016347,0.372771,-0.927924,0.358586,-0.933497,0.000000,0.305035,0.666432,-0.027019,0.000000,-0.275012,0.261845,0.018062
20.560,-0.238067,-0.159269,1.139310,-0.459738,-0.245822,1.284347,0.239838,-0.028614,0.013151,0.021463,0.241157,-0.016480,0.381689,-0.924291,0.367745,-0.929927,0.000000,0.299573,0.671631,-0.026655,0.000000,-0.271080,0.258033,0.018339
20.580,-0.234568,-0.157860,1.139306,-0.454937,-0.246346,1.284607,0.240233,-0.023827,0.012820,0.018124,0.237558,-0.016601,0.390412,-0.920640,0.376710,-0.926331,0.000000,0.294192,0.676752,-0.026286,0.000000,-0.266990,0.254060,0.018559
20.600,-0.231058,-0.156408,1.139303,-0.450129,-0.246775,1.284860,0.240564,-0.019112,0.012487,0.014926,0.233883,-0.016709,0.398945,-0.916975,0.385485,-0.922714,0.000000,0.288895,0.681792,-0.025913,0.000000,-0.262744,0.249926,0.018724
20.620,-0.227535,-0.154911,1.139300,-0.445315,-0.247111,1.285107,0.240831,-0.014472,0.012152,0.011861,0.230145,-0.016805,0.407290,-0.913299,0.394072,-0.919080,0.000000,0.283684,0.686748,-0.025537,0.000000,-0.258342,0.245631,0.018837
20.640,-0.224001,-0.153370,1.139297,-0.440496,-0.247355,1.285346,0.241039,-0.009907,0.011815,0.008919,0.226355,-0.016890,0.415450,-0.909616,0.402475,-0.915431,0.000000,0.278562,0.691616,-0.025160,0.000000,-0.253788,0.241178,0.018900
20.660,-0.220455,-0.151785,1.139295,-0.435674,-0.247508,1.285579,0.241189,-0.005418,0.011476,0.006093,0.222525,-0.016964,0.423429,-0.905929,0.410696,-0.911772,0.000000,0.273533,0.696394,-0.024782,0.000000,-0.249084,0.236568,0.018917
20.680,-0.216897,-0.150157,1.139293,-0.430849,-0.247572,1.285805,0.241283,-0.001006,0.011136,0.003374,0.218665,-0.017027,0.431231,-0.902241,0.418738,-0.908107,0.000000,0.268600,0.701078,-0.024403,0.000000,-0.244231,0.231802,0.018890
20.700,-0.213327,-0.148486,1.139291,-0.426023,-0.247548,1.286025,0.241324,0.003329,0.010795,0.000752,0.214787,-0.017079,0.438860,-0.898556,0.426605,-0.904438,0.000000,0.263765,0.705665,-0.024026,0.000000,-0.239233,0.226882,0.018824
20.720,-0.209746,-0.146771,1.139290,-0.421196,-0.247439,1.286237,0.241314,0.007585,0.010453,-0.001779,0.210899,-0.017122,0.446317,-0.894875,0.434299,-0.900769,0.000000,0.259031,0.710152,-0.023651,0.000000,-0.234090,0.221810,0.018720
20.740,-0.206153,-0.145014,1.139290,-0.416370,-0.247246,1.286443,0.241254,0.011764,0.010110,-0.004229,0.207008,-0.017155,0.453608,-0.891201,0.441823,-0.897102,0.000000,0.254402,0.714536,-0.023278,0.000000,-0.228807,0.216588,0.018585
20.760,-0.202548,-0.143215,1.139290,-0.411546,-0.246969,1.286641,0.241145,0.015866,0.009767,-0.006604,0.203123,-0.017179,0.460735,-0.887538,0.449181,-0.893441,0.000000,0.249880,0.718815,-0.022908,0.000000,-0.223384,0.211217,0.018421
20.780,-0.198932,-0.141373,1.139290,-0.406725,-0.246611,1.286833,0.240990,0.019889,0.009423,-0.008910,0.199250,-0.017195,0.467701,-0.883887,0.456374,-0.889788,0.000000,0.245468,0.722984,-0.022541,0.000000,-0.217825,0.205701,0.018234
20.800,-0.195304,-0.139490,1.139290,-0.401907,-0.246174,1.287018,0.240789,0.023836,0.009079,-0.011154,0.195392,-0.017202,0.474509,-0.880250,0.463407,-0.886146,0.000000,0.241168,0.727042,-0.022178,0.000000,-0.212132,0.200042,0.018027
20.820,-0.191666,-0.137565,1.139292,-0.397094,-0.245659,1.287196,0.240544,0.027705,0.008735,-0.013342,0.191556,-0.017201,0.481164,-0.876631,0.470282,-0.882516,0.000000,0.236983,0.730985,-0.021820,0.000000,-0.206308,0.194243,0.017804
20.840,-0.188016,-0.135599,1.139293,-0.392286,-0.245066,1.287368,0.240256,0.031498,0.008391,-0.015476,0.187742,-0.017192,0.487667,-0.873030,0.477001,-0.878903,0.000000,0.232917,0.734810,-0.021466,0.000000,-0.200356,0.188306,0.017569
20.860,-0.184355,-0.133592,1.139294,-0.387484,-0.244399,1.287532,0.239926,0.035215,0.008047,-0.017563,0.183955,-0.017177,0.494021,-0.869450,0.483568,-0.875307,0.000000,0.228970,0.738516,-0.021117,0.000000,-0.194281,0.182236,0.017326
20.880,-0.180684,-0.131545,1.139296,-0.382689,-0.243658,1.287690,0.239554,0.038857,0.007704,-0.019605,0.180195,-0.017154,0.500230,-0.865893,0.489986,-0.871730,0.000000,0.225146,0.742099,-0.020773,0.000000,-0.188084,0.176035,0.017076
20.900,-0.177002,-0.129457,1.139298,-0.377902,-0.242845,1.287840,0.239142,0.042423,0.007361,-0.021605,0.176464,-0.017126,0.506296,-0.862360,0.496257,-0.868176,0.000000,0.221447,0.745557,-0.020434,0.000000,-0.181770,0.169708,0.016824
20.920,-0.173310,-0.127329,1.139301,-0.373123,-0.241962,1.287984,0.238690,0.045915,0.007019,-0.023566,0.172761,-0.017091,0.512222,-0.858853,0.502383,-0.864645,0.000000,0.217876,0.748887,-0.020100,0.000000,-0.175344,0.163258,0.016571
20.940,-0.169608,-0.125162,1.139303,-0.368354,-0.241009,1.288121,0.238199,0.049334,0.006678,-0.025490,0.169086,-0.017051,0.518010,-0.855375,0.508368,-0.861140,0.000000,0.214434,0.752086,-0.019771,0.000000,-0.168809,0.156691,0.016321
20.960,-0.165896,-0.122956,1.139305,-0.363596,-0.239989,1.288251,0.237671,0.052679,0.006337,-0.027380,0.165437,-0.017005,0.523663,-0.851925,0.514215,-0.857662,0.000000,0.211124,0.755153,-0.019447,0.000000,-0.162169,0.150010,0.016075
20.980,-0.162176,-0.120711,1.139308,-0.358848,-0.238903,1.288375,0.237104,0.055951,0.005998,-0.029236,0.161814,-0.016955,0.529184,-0.848507,0.519924,-0.854212,0.000000,0.207948,0.758086,-0.019128,0.000000,-0.155430,0.143221,0.015835
21.000,-0.158446,-0.118428,1.139310,-0.354112,-0.237751,1.288491,0.236501,0.059152,0.005659,-0.031060,0.158214,-0.016900,0.534575,-0.845121,0.525501,-0.850793,0.000000,0.204908,0.760882,-0.018814,0.000000,-0.148596,0.136329,0.015603
21.020,-0.154708,-0.116106,1.139312,-0.349388,-0.236537,1.288601,0.235862,0.062280,0.005322,-0.032853,0.154636,-0.016840,0.539838,-0.841769,0.530945,-0.847406,0.000000,0.202005,0.763538,-0.018504,0.000000,-0.141673,0.129339,0.015380
21.040,-0.150961,-0.113747,1.139314,-0.344677,-0.235261,1.288704,0.235187,0.065337,0.004985,-0.034616,0.151076,-0.016777,0.544976,-0.838452,0.536262,-0.844052,0.000000,0.199241,0.766055,-0.018199,0.000000,-0.134665,0.122256,0.015167
21.060,-0.147207,-0.111351,1.139316,-0.339981,-0.233924,1.288800,0.234478,0.068323,0.004651,-0.036349,0.147531,-0.016710,0.549990,-0.835171,0.541451,-0.840732,0.000000,0.196619,0.768428,-0.017897,0.000000,-0.127579,0.115088,0.014965
21.080,-0.143445,-0.108918,1.139318,-0.335299,-0.232528,1.288890,0.233734,0.071239,0.004317,-0.038052,0.143999,-0.016640,0.554885,-0.831927,0.546517,-0.837448,0.000000,0.194139,0.770658,-0.017600,0.000000,-0.120419,0.107839,0.014775
21.100,-0.139676,-0.106448,1.139319,-0.330632,-0.231075,1.288973,0.232956,0.074083,0.003985,-0.039726,0.140477,-0.016566,0.559660,-0.828722,0.551461,-0.834201,0.000000,0.191803,0.772741,-0.017306,0.000000,-0.113193,0.100516,0.014597
21.120,-0.135901,-0.103943,1.139321,-0.325981,-0.229565,1.289049,0.232145,0.076858,0.003654,-0.041371,0.136962,-0.016490,0.564320,-0.825556,0.556286,-0.830991,0.000000,0.189611,0.774678,-0.017016,0.000000,-0.105906,0.093126,0.014431
21.140,-0.132120,-0.101402,1.139322,-0.321346,-0.228001,1.289119,0.231301,0.079562,0.003325,-0.042987,0.133450,-0.016411,0.568865,-0.822431,0.560994,-0.827820,0.000000,0.187567,0.776466,-0.016729,0.000000,-0.098564,0.085677,0.014278
21.160,-0.128334,-0.098827,1.139323,-0.316729,-0.226383,1.289182,0.230426,0.082196,0.002998,-0.044574,0.129938,-0.016330,0.573297,-0.819347,0.565587,-0.824689,0.000000,0.185669,0.778104,-0.016445,0.000000,-0.091175,0.078174,0.014136
21.180,-0.124542,-0.096217,1.139324,-0.312129,-0.224714,1.289239,0.229518,0.084759,0.002672,-0.046132,0.126423,-0.016246,0.577620,-0.816306,0.570067,-0.821598,0.000000,0.183920,0.779592,-0.016163,0.000000,-0.083744,0.070625,0.014005
21.200,-0.120746,-0.093574,1.139324,-0.307548,-0.222993,1.289289,0.228580,0.087253,0.002348,-0.047663,0.122904,-0.016160,0.581835,-0.813307,0.574437,-0.818549,0.000000,0.182320,0.780929,-0.015885,0.000000,-0.076280,0.063039,0.013884
21.220,-0.116946,-0.090898,1.139324,-0.302986,-0.221224,1.289333,0.227612,0.089675,0.002026,-0.049165,0.119377,-0.016072,0.585944,-0.810352,0.578698,-0.815542,0.000000,0.180869,0.782114,-0.015608,0.000000,-0.068790,0.055423,0.013773
21.240,-0.113142,-0.088189,1.139324,-0.298444,-0.219407,1.289370,0.226614,0.092028,0.001705,-0.050639,0.115840,-0.015982,0.589948,-0.807441,0.582853,-0.812578,0.000000,0.179568,0.783146,-0.015334,0.000000,-0.061280,0.047785,0.013669
21.260,-0.109336,-0.085448,1.139324,-0.293922,-0.217543,1.289401,0.225587,0.094309,0.001387,-0.052087,0.112292,-0.015891,0.593851,-0.804575,0.586903,-0.809657,0.000000,0.178418,0.784025,-0.015061,0.000000,-0.053758,0.040134,0.013571
21.280,-0.105527,-0.082677,1.139323,-0.289421,-0.215635,1.289426,0.224531,0.096519,0.001070,-0.053508,0.108731,-0.015797,0.597653,-0.801755,0.590852,-0.806780,0.000000,0.177418,0.784751,-0.014791,0.000000,-0.046234,0.032479,0.013478
21.300,-0.101716,-0.079875,1.139322,-0.284941,-0.213683,1.289444,0.223447,0.098658,0.000755,-0.054905,0.105157,-0.015702,0.601357,-0.798981,0.594700,-0.803948,0.000000,0.176568,0.785324,-0.014522,0.000000,-0.038713,0.024827,0.013388
21.320,-0.097905,-0.077044,1.139322,-0.280483,-0.211689,1.289456,0.222335,0.100725,0.000442,-0.056278,0.101569,-0.015605,0.604964,-0.796252,0.598450,-0.801160,0.000000,0.175869,0.785744,-0.014255,0.000000,-0.031204,0.017187,0.013299
21.340,-0.094092,-0.074184,1.139320,-0.276048,-0.209655,1.289462,0.221196,0.102721,0.000130,-0.057628,0.097967,-0.015506,0.608477,-0.793571,0.602103,-0.798418,0.000000,0.175320,0.786012,-0.013990,0.000000,-0.023715,0.009568,0.013210
21.360,-0.090280,-0.071296,1.139319,-0.271635,-0.207581,1.289461,0.220030,0.104644,-0.000179,-0.058957,0.094351,-0.015405,0.611898,-0.790937,0.605662,-0.795722,0.000000,0.174921,0.786127,-0.013727,0.000000,-0.016252,0.001978,0.013121
21.380,-0.086469,-0.068382,1.139318,-0.267247,-0.205469,1.289455,0.218837,0.106495,-0.000486,-0.060267,0.090722,-0.015302,0.615227,-0.788350,0.609127,-0.793072,0.000000,0.174670,0.786091,-0.013465,0.000000,-0.008825,-0.005575,0.013029
21.400,-0.082659,-0.065442,1.139316,-0.262882,-0.203322,1.289442,0.217619,0.108273,-0.000791,-0.061559,0.087081,-0.015196,0.618467,-0.785811,0.612502,-0.790469,0.000000,0.174567,0.785905,-0.013206,0.000000,-0.001440,-0.013082,0.012935
21.420,-0.078851,-0.062477,1.139315,-0.258542,-0.201139,1.289423,0.216375,0.109978,-0.001094,-0.062834,0.083429,-0.015089,0.621620,-0.783319,0.615788,-0.787912,0.000000,0.174612,0.785568,-0.012948,0.000000,0.005895,-0.020535,0.012837
21.440,-0.075045,-0.059488,1.139313,-0.254227,-0.198923,1.289398,0.215106,0.111610,-0.001394,-0.064096,0.079768,-0.014978,0.624688,-0.780875,0.618986,-0.785402,0.000000,0.174803,0.785084,-0.012692,0.000000,0.013173,-0.027926,0.012734
21.460,-0.071243,-0.056477,1.139312,-0.249938,-0.196675,1.289367,0.213811,0.113169,-0.001693,-0.065344,0.076099,-0.014865,0.627671,-0.778479,0.622098,-0.782939,0.000000,0.175138,0.784452,-0.012439,0.000000,0.020386,-0.035247,0.012627
21.480,-0.067445,-0.053444,1.139310,-0.245675,-0.194397,1.289330,0.212492,0.114654,-0.001989,-0.066582,0.072423,-0.014749,0.630572,-0.776131,0.625127,-0.780523,0.000000,0.175618,0.783674,-0.012187,0.000000,0.027526,-0.042490,0.012513
21.500,-0.063651,-0.050390,1.139308,-0.241438,-0.192089,1.289288,0.211148,0.116065,-0.002283,-0.067810,0.068744,-0.014630,0.633393,-0.773830,0.628072,-0.778155,0.000000,0.176239,0.782753,-0.011938,0.000000,0.034586,-0.049646,0.012394
21.520,-0.059863,-0.047317,1.139307,-0.237229,-0.189755,1.289239,0.209780,0.117404,-0.002574,-0.069030,0.065064,-0.014507,0.636135,-0.771578,0.630937,-0.775834,0.000000,0.177000,0.781689,-0.011691,0.000000,0.041560,-0.056708,0.012269
21.540,-0.056081,-0.044225,1.139305,-0.233047,-0.187394,1.289185,0.208387,0.118668,-0.002863,-0.070244,0.061384,-0.014380,0.638800,-0.769373,0.633723,-0.773560,0.000000,0.177901,0.780485,-0.011447,0.000000,0.048438,-0.063667,0.012137
21.560,-0.052306,-0.041117,1.139304,-0.228894,-0.185008,1.289125,0.206970,0.119859,-0.003149,-0.071454,0.057707,-0.014248,0.641388,-0.767216,0.636431,-0.771334,0.000000,0.178937,0.779143,-0.011206,0.000000,0.055215,-0.070516,0.011999
21.580,-0.048539,-0.037992,1.139303,-0.224769,-0.182600,1.289059,0.205529,0.120976,-0.003433,-0.072660,0.054036,-0.014112,0.643903,-0.765107,0.639063,-0.769155,0.000000,0.180109,0.777665,-0.010968,0.000000,0.061883,-0.077246,0.011854
21.600,-0.044780,-0.034854,1.139302,-0.220673,-0.180170,1.288987,0.204064,0.122020,-0.003714,-0.073864,0.050373,-0.013971,0.646345,-0.763045,0.641620,-0.767023,0.000000,0.181412,0.776054,-0.010732,0.000000,0.068434,-0.083850,0.011704
21.620,-0.041030,-0.031702,1.139301,-0.216606,-0.177720,1.288910,0.202574,0.122991,-0.003992,-0.075066,0.046722,-0.013825,0.648716,-0.761030,0.644103,-0.764938,0.000000,0.182845,0.774312,-0.010499,0.000000,0.074861,-0.090320,0.011548
21.640,-0.037291,-0.028538,1.139300,-0.212570,-0.175251,1.288828,0.201061,0.123889,-0.004267,-0.076269,0.043085,-0.013672,0.651018,-0.759062,0.646516,-0.762901,0.000000,0.184405,0.772442,-0.010270,0.000000,0.081158,-0.096649,0.011386
21.660,-0.033562,-0.025363,1.139299,-0.208564,-0.172764,1.288740,0.199524,0.124715,-0.004538,-0.077471,0.039464,-0.013513,0.653251,-0.757141,0.648857,-0.760910,0.000000,0.186090,0.770447,-0.010044,0.000000,0.087316,-0.102827,0.011220
21.680,-0.029845,-0.022179,1.139299,-0.204589,-0.170262,1.288646,0.197962,0.125468,-0.004807,-0.078675,0.035863,-0.013347,0.655418,-0.755266,0.651130,-0.758966,0.000000,0.187897,0.768330,-0.009821,0.000000,0.093329,-0.108848,0.011050
21.700,-0.026140,-0.018988,1.139299,-0.200646,-0.167746,1.288547,0.196377,0.126149,-0.005072,-0.079879,0.032284,-0.013173,0.657519,-0.753438,0.653336,-0.757068,0.000000,0.189823,0.766094,-0.009602,0.000000,0.099189,-0.114704,0.010876
21.720,-0.022449,-0.015789,1.139299,-0.196734,-0.165217,1.288443,0.194767,0.126760,-0.005334,-0.081084,0.028729,-0.012992,0.659556,-0.751655,0.655475,-0.755217,0.000000,0.191864,0.763743,-0.009386,0.000000,0.104891,-0.120387,0.010700
21.740,-0.018772,-0.012586,1.139299,-0.192855,-0.162676,1.288334,0.193133,0.127299,-0.005592,-0.082289,0.025202,-0.012801,0.661531,-0.749918,0.657550,-0.753411,0.000000,0.194017,0.761280,-0.009174,0.000000,0.110425,-0.125890,0.010523
21.760,-0.015110,-0.009378,1.139299,-0.189009,-0.160125,1.288220,0.191475,0.127768,-0.005846,-0.083494,0.021704,-0.012602,0.663444,-0.748226,0.659561,-0.751651,0.000000,0.196279,0.758709,-0.008965,0.000000,0.115786,-0.131205,0.010345
21.780,-0.011464,-0.006169,1.139300,-0.185196,-0.157566,1.288100,0.189794,0.128167,-0.006096,-0.084697,0.018237,-0.012392,0.665297,-0.746579,0.661509,-0.749937,0.000000,0.198647,0.756033,-0.008760,0.000000,0.120967,-0.136326,0.010168
21.800,-0.007835,-0.002958,1.139301,-0.181418,-0.154999,1.287976,0.188088,0.128498,-0.006342,-0.085898,0.014805,-0.012172,0.667092,-0.744976,0.663397,-0.748267,0.000000,0.201117,0.753257,-0.008559,0.000000,0.125962,-0.141245,0.009993
21.820,-0.004225,0.000252,1.139302,-0.177673,-0.152427,1.287847,0.186358,0.128760,-0.006583,-0.087094,0.011409,-0.011940,0.668828,-0.743417,0.665226,-0.746642,0.000000,0.203685,0.750385,-0.008360,0.000000,0.130766,-0.145957,0.009820
21.840,-0.000633,0.003461,1.139303,-0.173963,-0.149849,1.287713,0.184604,0.128954,-0.006819,-0.088284,0.008050,-0.011697,0.670509,-0.741902,0.666996,-0.745061,0.000000,0.206346,0.747420,-0.008166,0.000000,0.135372,-0.150456,0.009650
21.860,0.002939,0.006666,1.139305,-0.170289,-0.147269,1.287574,0.182826,0.129082,-0.007050,-0.089466,0.004731,-0.011441,0.672134,-0.740430,0.668709,-0.743524,0.000000,0.209098,0.744368,-0.007974,0.000000,0.139778,-0.154738,0.009485
21.880,0.006491,0.009867,1.139306,-0.166650,-0.144686,1.287431,0.181025,0.129144,-0.007277,-0.090638,0.001453,-0.011172,0.673705,-0.739000,0.670366,-0.742030,0.000000,0.211936,0.741232,-0.007786,0.000000,0.143978,-0.158799,0.009324
21.900,0.010020,0.013062,1.139308,-0.163048,-0.142104,1.287283,0.179201,0.129140,-0.007497,-0.091797,-0.001782,-0.010889,0.675224,-0.737613,0.671969,-0.740579,0.000000,0.214856,0.738018,-0.007601,0.000000,0.147969,-0.162634,0.009169
21.920,0.013527,0.016249,1.139310,-0.159483,-0.139521,1.287131,0.177354,0.129073,-0.007712,-0.092940,-0.004973,-0.010592,0.676690,-0.736268,0.673518,-0.739171,0.000000,0.217853,0.734728,-0.007420,0.000000,0.151748,-0.166241,0.009019
21.940,0.017011,0.019427,1.139311,-0.155954,-0.136941,1.286974,0.175483,0.128942,-0.007921,-0.094066,-0.008117,-0.010280,0.678106,-0.734964,0.675015,-0.737804,0.000000,0.220924,0.731369,-0.007241,0.000000,0.155312,-0.169617,0.008875
21.960,0.020469,0.022595,1.139313,-0.152463,-0.134364,1.286814,0.173591,0.128748,-0.008123,-0.095171,-0.011215,-0.009953,0.679473,-0.733701,0.676461,-0.736479,0.000000,0.224064,0.727945,-0.007065,0.000000,0.158660,-0.172761,0.008738
21.980,0.023902,0.025752,1.139315,-0.149011,-0.131792,1.286650,0.171677,0.128493,-0.008319,-0.096253,-0.014264,-0.009610,0.680791,-0.732478,0.677856,-0.735194,0.000000,0.227269,0.724461,-0.006891,0.000000,0.161789,-0.175670,0.008607
22.000,0.027309,0.028896,1.139316,-0.145596,-0.129225,1.286481,0.169741,0.128178,-0.008507,-0.097308,-0.017264,-0.009251,0.682061,-0.731295,0.679203,-0.733950,0.000000,0.230534,0.720920,-0.006720,0.000000,0.164698,-0.178345,0.008482
22.020,0.030688,0.032025,1.139318,-0.142221,-0.126665,1.286309,0.167785,0.127803,-0.008689,-0.098335,-0.020213,-0.008876,0.683286,-0.730151,0.680503,-0.732746,0.000000,0.233856,0.717328,-0.006552,0.000000,0.167387,-0.180784,0.008364
22.040,0.034039,0.035139,1.139320,-0.138885,-0.124113,1.286134,0.165808,0.127370,-0.008862,-0.099331,-0.023110,-0.008484,0.684465,-0.729046,0.681755,-0.731580,0.000000,0.237228,0.713690,-0.006386,0.000000,0.169856,-0.182988,0.008253
22.060,0.037361,0.038236,1.139321,-0.135589,-0.121570,1.285955,0.163812,0.126879,-0.009028,-0.100292,-0.025955,-0.008076,0.685599,-0.727979,0.682963,-0.730453,0.000000,0.240648,0.710010,-0.006222,0.000000,0.172105,-0.184958,0.008148
22.080,0.040653,0.041315,1.139322,-0.132333,-0.119038,1.285773,0.161796,0.126332,-0.009185,-0.101217,-0.028745,-0.007651,0.686691,-0.726950,0.684125,-0.729364,0.000000,0.244111,0.706293,-0.006060,0.000000,0.174134,-0.186695,0.008049
22.100,0.043914,0.044375,1.139323,-0.129117,-0.116517,1.285588,0.159763,0.125730,-0.009334,-0.102103,-0.031482,-0.007210,0.687740,-0.725957,0.685245,-0.728313,0.000000,0.247612,0.702544,-0.005900,0.000000,0.175946,-0.188202,0.007956
22.120,0.047143,0.047414,1.139324,-0.125942,-0.114009,1.285399,0.157713,0.125073,-0.009474,-0.102947,-0.034162,-0.006753,0.688747,-0.725001,0.686322,-0.727298,0.000000,0.251148,0.698767,-0.005741,0.000000,0.177541,-0.189480,0.007868
22.140,0.050339,0.050431,1.139324,-0.122809,-0.111515,1.285209,0.155646,0.124364,-0.009604,-0.103748,-0.036787,-0.006280,0.689715,-0.724081,0.687358,-0.726319,0.000000,0.254713,0.694966,-0.005585,0.000000,0.178923,-0.190533,0.007785
22.160,0.053502,0.053425,1.139325,-0.119717,-0.109035,1.285015,0.153563,0.123602,-0.009725,-0.104503,-0.039355,-0.005792,0.690643,-0.723195,0.688354,-0.725375,0.000000,0.258303,0.691147,-0.005430,0.000000,0.180094,-0.191365,0.007706
22.180,0.056631,0.056395,1.139325,-0.116666,-0.106571,1.284820,0.151466,0.122790,-0.009836,-0.105211,-0.041865,-0.005289,0.691533,-0.722344,0.689310,-0.724466,0.000000,0.261915,0.687313,-0.005277,0.000000,0.181057,-0.191979,0.007631
22.200,0.059725,0.059340,1.139325,-0.113658,-0.104124,1.284622,0.149355,0.121928,-0.009936,-0.105870,-0.044316,-0.004772,0.692386,-0.721527,0.690229,-0.723591,0.000000,0.265544,0.683469,-0.005125,0.000000,0.181817,-0.192380,0.007559
22.220,0.062783,0.062258,1.139324,-0.110692,-0.101694,1.284422,0.147231,0.121018,-0.010026,-0.106480,-0.046708,-0.004243,0.693203,-0.720743,0.691110,-0.722749,0.000000,0.269186,0.679619,-0.004974,0.000000,0.182376,-0.192575,0.007489
22.240,0.065805,0.065149,1.139323,-0.107769,-0.099284,1.284221,0.145096,0.120060,-0.010106,-0.107038,-0.049041,-0.003701,0.693984,-0.719991,0.691956,-0.721940,0.000000,0.272838,0.675768,-0.004825,0.000000,0.182741,-0.192568,0.007419
22.260,0.068790,0.068012,1.139322,-0.104889,-0.096892,1.284018,0.142950,0.119056,-0.010174,-0.107544,-0.051313,-0.003149,0.694730,-0.719270,0.692766,-0.721162,0.000000,0.276495,0.671918,-0.004677,0.000000,0.182916,-0.192366,0.007350
22.280,0.071737,0.070845,1.139321,-0.102051,-0.094522,1.283814,0.140795,0.118008,-0.010232,-0.107999,-0.053523,-0.002589,0.695443,-0.718581,0.693542,-0.720416,0.000000,0.280153,0.668074,-0.004531,0.000000,0.182907,-0.191975,0.007280
22.300,0.074647,0.073647,1.139320,-0.099257,-0.092172,1.283609,0.138630,0.116916,-0.010278,-0.108402,-0.055672,-0.002020,0.696124,-0.717921,0.694285,-0.719700,0.000000,0.283810,0.664240,-0.004386,0.000000,0.182718,-0.191402,0.007209
22.320,0.077517,0.076418,1.139318,-0.096506,-0.089845,1.283403,0.136459,0.115781,-0.010313,-0.108754,-0.057758,-0.001446,0.696774,-0.717291,0.694996,-0.719014,0.000000,0.287461,0.660419,-0.004243,0.000000,0.182355,-0.190652,0.007135
22.340,0.080349,0.079158,1.139316,-0.093799,-0.087541,1.283197,0.134281,0.114606,-0.010336,-0.109054,-0.059781,-0.000868,0.697393,-0.716689,0.695675,-0.718356,0.000000,0.291103,0.656615,-0.004101,0.000000,0.181823,-0.189732,0.007057
22.360,0.083140,0.081864,1.139314,-0.091135,-0.085261,1.282990,0.132097,0.113391,-0.010347,-0.109304,-0.061741,-0.000288,0.697982,-0.716115,0.696325,-0.717727,0.000000,0.294733,0.652831,-0.003960,0.000000,0.181127,-0.188647,0.006977
22.380,0.085892,0.084536,1.139312,-0.088515,-0.083006,1.282783,0.129909,0.112137,-0.010347,-0.109504,-0.063635,0.000292,0.698543,-0.715568,0.696945,-0.717125,0.000000,0.298347,0.649070,-0.003822,0.000000,0.180273,-0.187404,0.006891
22.400,0.088602,0.087173,1.139310,-0.085938,-0.080776,1.282576,0.127717,0.110846,-0.010336,-0.109656,-0.065465,0.000870,0.699076,-0.715047,0.697536,-0.716550,0.000000,0.301943,0.645336,-0.003685,0.000000,0.179266,-0.186008,0.006802
22.420,0.091272,0.089775,1.139308,-0.083406,-0.078572,1.282369,0.125523,0.109519,-0.010312,-0.109760,-0.067229,0.001444,0.699583,-0.714551,0.698100,-0.716000,0.000000,0.305517,0.641631,-0.003550,0.000000,0.178112,-0.184465,0.006707
22.440,0.093900,0.092341,1.139306,-0.080918,-0.076396,1.282164,0.123327,0.108157,-0.010278,-0.109819,-0.068927,0.002011,0.700064,-0.714080,0.698637,-0.715476,0.000000,0.309066,0.637958,-0.003417,0.000000,0.176815,-0.182782,0.006607
22.460,0.096487,0.094871,1.139304,-0.078473,-0.074246,1.281958,0.121130,0.106762,-0.010232,-0.109833,-0.070557,0.002571,0.700520,-0.713632,0.699149,-0.714976,0.000000,0.312588,0.634321,-0.003286,0.000000,0.175382,-0.180963,0.006501
22.480,0.099031,0.097362,1.139301,-0.076072,-0.072125,1.281754,0.118934,0.105335,-0.010175,-0.109803,-0.072120,0.003120,0.700953,-0.713208,0.699636,-0.714500,0.000000,0.316080,0.630721,-0.003157,0.000000,0.173817,-0.179015,0.006389
22.500,0.101533,0.099816,1.139300,-0.073716,-0.070033,1.281551,0.116739,0.103878,-0.010107,-0.109732,-0.073615,0.003656,0.701362,-0.712805,0.700099,-0.714046,0.000000,0.319540,0.627161,-0.003030,0.000000,0.172126,-0.176944,0.006271
22.520,0.103992,0.102231,1.139298,-0.071403,-0.067970,1.281350,0.114545,0.102391,-0.010029,-0.109621,-0.075041,0.004178,0.701750,-0.712424,0.700538,-0.713615,0.000000,0.322965,0.623644,-0.002906,0.000000,0.170315,-0.174753,0.006148
22.540,0.106409,0.104607,1.139296,-0.069134,-0.065938,1.281150,0.112354,0.100876,-0.009940,-0.109471,-0.076398,0.004684,0.702116,-0.712063,0.700956,-0.713205,0.000000,0.326352,0.620172,-0.002784,0.000000,0.168390,-0.172451,0.006019
22.560,0.108782,0.106944,1.139295,-0.066909,-0.063935,1.280953,0.110166,0.099335,-0.009842,-0.109284,-0.077685,0.005172,0.702462,-0.711722,0.701352,-0.712815,0.000000,0.329700,0.616746,-0.002665,0.000000,0.166355,-0.170040,0.005884
22.580,0.111112,0.109240,1.139294,-0.064727,-0.061964,1.280757,0.107983,0.097769,-0.009734,-0.109061,-0.078901,0.005640,0.702788,-0.711399,0.701727,-0.712446,0.000000,0.333005,0.613371,-0.002549,0.000000,0.164217,-0.167528,0.005743
22.600,0.113398,0.111496,1.139293,-0.062589,-0.060025,1.280563,0.105804,0.096180,-0.009616,-0.108803,-0.080047,0.006086,0.703096,-0.711095,0.702083,-0.712095,0.000000,0.336268,0.610046,-0.002435,0.000000,0.161981,-0.164920,0.005598
22.620,0.115641,0.113711,1.139292,-0.060495,-0.058117,1.280372,0.103631,0.094568,-0.009490,-0.108512,-0.081120,0.006509,0.703386,-0.710808,0.702419,-0.711764,0.000000,0.339484,0.606774,-0.002325,0.000000,0.159652,-0.162220,0.005447
22.640,0.117839,0.115884,1.139292,-0.058444,-0.056242,1.280184,0.101464,0.092935,-0.009356,-0.108188,-0.082122,0.006909,0.703659,-0.710538,0.702737,-0.711450,0.000000,0.342653,0.603558,-0.002218,0.000000,0.157238,-0.159435,0.005292
22.660,0.119994,0.118016,1.139292,-0.056436,-0.054400,1.279998,0.099304,0.091284,-0.009214,-0.107834,-0.083050,0.007283,0.703916,-0.710283,0.703038,-0.711153,0.000000,0.345773,0.600398,-0.002113,0.000000,0.154742,-0.156568,0.005134
22.680,0.122105,0.120106,1.139293,-0.054472,-0.052591,1.279815,0.097151,0.089614,-0.009065,-0.107448,-0.083906,0.007630,0.704157,-0.710044,0.703321,-0.710872,0.000000,0.348842,0.597296,-0.002012,0.000000,0.152171,-0.153626,0.004972
22.700,0.124172,0.122153,1.139294,-0.052550,-0.050816,1.279635,0.095006,0.087928,-0.008909,-0.107032,-0.084687,0.007951,0.704384,-0.709819,0.703589,-0.710607,0.000000,0.351859,0.594253,-0.001914,0.000000,0.149531,-0.150614,0.004807
22.720,0.126195,0.124159,1.139295,-0.050671,-0.049074,1.279459,0.092870,0.086227,-0.008747,-0.106586,-0.085394,0.008244,0.704596,-0.709608,0.703841,-0.710358,0.000000,0.354823,0.591271,-0.001820,0.000000,0.146828,-0.147535,0.004640
22.740,0.128174,0.126121,1.139296,-0.048835,-0.047367,1.279286,0.090743,0.084513,-0.008579,-0.106110,-0.086026,0.008510,0.704796,-0.709411,0.704078,-0.710123,0.000000,0.357732,0.588352,-0.001729,0.000000,0.144067,-0.144397,0.004472
22.760,0.130108,0.128041,1.139298,-0.047042,-0.045694,1.279116,0.088626,0.082786,-0.008407,-0.105604,-0.086582,0.008749,0.704982,-0.709225,0.704301,-0.709901,0.000000,0.360585,0.585496,-0.001641,0.000000,0.141254,-0.141202,0.004304
22.780,0.131998,0.129918,1.139300,-0.045290,-0.044055,1.278949,0.086519,0.081050,-0.008230,-0.105067,-0.087062,0.008960,0.705156,-0.709052,0.704511,-0.709693,0.000000,0.363382,0.582704,-0.001557,0.000000,0.138395,-0.137957,0.004136
22.800,0.133844,0.131752,1.139302,-0.043581,-0.042452,1.278787,0.084423,0.079304,-0.008049,-0.104499,-0.087466,0.009144,0.705319,-0.708890,0.704707,-0.709498,0.000000,0.366121,0.579978,-0.001476,0.000000,0.135496,-0.134667,0.003970
22.820,0.135646,0.133543,1.139305,-0.041913,-0.040883,1.278627,0.082339,0.077552,-0.007864,-0.103898,-0.087792,0.009302,0.705471,-0.708738,0.704892,-0.709315,0.000000,0.368802,0.577318,-0.001398,0.000000,0.132560,-0.131335,0.003805
22.840,0.137405,0.135291,1.139307,-0.040287,-0.039350,1.278472,0.080267,0.075793,-0.007677,-0.103264,-0.088041,0.009435,0.705613,-0.708597,0.705065,-0.709143,0.000000,0.371423,0.574725,-0.001323,0.000000,0.129595,-0.127967,0.003642
22.860,0.139119,0.136996,1.139310,-0.038702,-0.037851,1.278320,0.078209,0.074031,-0.007487,-0.102594,-0.088212,0.009544,0.705745,-0.708466,0.705226,-0.708982,0.000000,0.373985,0.572199,-0.001252,0.000000,0.126604,-0.124568,0.003483
22.880,0.140789,0.138657,1.139313,-0.037159,-0.036388,1.278173,0.076164,0.072265,-0.007295,-0.101889,-0.088305,0.009631,0.705868,-0.708343,0.705377,-0.708832,0.000000,0.376487,0.569742,-0.001184,0.000000,0.123593,-0.121143,0.003327
22.900,0.142416,0.140276,1.139316,-0.035656,-0.034961,1.278029,0.074133,0.070499,-0.007102,-0.101146,-0.088320,0.009695,0.705982,-0.708230,0.705518,-0.708692,0.000000,0.378929,0.567354,-0.001119,0.000000,0.120566,-0.117696,0.003174
22.920,0.143999,0.141851,1.139319,-0.034193,-0.033568,1.277888,0.072118,0.068733,-0.006907,-0.100364,-0.088256,0.009740,0.706088,-0.708124,0.705650,-0.708561,0.000000,0.381310,0.565034,-0.001057,0.000000,0.117528,-0.114232,0.003026
22.940,0.145539,0.143384,1.139321,-0.032771,-0.032211,1.277752,0.070119,0.066969,-0.006712,-0.099541,-0.088113,0.009766,0.706185,-0.708027,0.705772,-0.708439,0.000000,0.383630,0.562785,-0.000998,0.000000,0.114484,-0.110757,0.002883
22.960,0.147036,0.144874,1.139324,-0.031388,-0.030890,1.277620,0.068137,0.065209,-0.006517,-0.098677,-0.087893,0.009775,0.706276,-0.707937,0.705886,-0.708325,0.000000,0.385889,0.560604,-0.000942,0.000000,0.111436,-0.107274,0.002745
22.980,0.148491,0.146322,1.139327,-0.030045,-0.029603,1.277492,0.066172,0.063454,-0.006321,-0.097768,-0.087594,0.009768,0.706359,-0.707853,0.705992,-0.708220,0.000000,0.388087,0.558494,-0.000888,0.000000,0.108390,-0.103789,0.002611
23.000,0.149902,0.147728,1.139329,-0.028741,-0.028351,1.277367,0.064226,0.061706,-0.006126,-0.096815,-0.087217,0.009748,0.706436,-0.707777,0.706090,-0.708122,0.000000,0.390225,0.556453,-0.000837,0.000000,0.105349,-0.100306,0.002484
23.020,0.151272,0.149092,1.139331,-0.027476,-0.027135,1.277247,0.062300,0.059966,-0.005932,-0.095816,-0.086763,0.009716,0.706507,-0.707706,0.706181,-0.708031,0.000000,0.392301,0.554481,-0.000789,0.000000,0.102318,-0.096831,0.002361
23.040,0.152599,0.150415,1.139333,-0.026249,-0.025953,1.277130,0.060394,0.058236,-0.005738,-0.094770,-0.086232,0.009673,0.706572,-0.707641,0.706265,-0.707948,0.000000,0.394318,0.552579,-0.000743,0.000000,0.099299,-0.093367,0.002245
23.060,0.153886,0.151696,1.139334,-0.025060,-0.024805,1.277017,0.058510,0.056517,-0.005545,-0.093675,-0.085626,0.009621,0.706632,-0.707582,0.706343,-0.707870,0.000000,0.396273,0.550747,-0.000699,0.000000,0.096296,-0.089919,0.002134
23.080,0.155130,0.152936,1.139335,-0.023909,-0.023692,1.276908,0.056647,0.054811,-0.005353,-0.092531,-0.084944,0.009561,0.706686,-0.707527,0.706414,-0.707799,0.000000,0.398170,0.548982,-0.000657,0.000000,0.093313,-0.086493,0.002028
23.100,0.156335,0.154136,1.139336,-0.022794,-0.022613,1.276803,0.054809,0.053120,-0.005162,-0.091337,-0.084189,0.009496,0.706735,-0.707478,0.706480,-0.707733,0.000000,0.400006,0.547287,-0.000618,0.000000,0.090352,-0.083092,0.001929
23.120,0.157498,0.155296,1.139336,-0.021716,-0.021567,1.276702,0.052994,0.051444,-0.004973,-0.090093,-0.083362,0.009425,0.706780,-0.707433,0.706541,-0.707672,0.000000,0.401784,0.545659,-0.000580,0.000000,0.087417,-0.079721,0.001835
23.140,0.158623,0.156416,1.139336,-0.020674,-0.020555,1.276604,0.051205,0.049786,-0.004785,-0.088800,-0.082464,0.009351,0.706821,-0.707392,0.706596,-0.707617,0.000000,0.403503,0.544098,-0.000544,0.000000,0.084510,-0.076386,0.001746
23.160,0.159707,0.157498,1.139335,-0.019668,-0.019575,1.276510,0.049443,0.048146,-0.004599,-0.087456,-0.081498,0.009274,0.706858,-0.707355,0.706647,-0.707566,0.000000,0.405164,0.542603,-0.000510,0.000000,0.081634,-0.073090,0.001662
23.180,0.160753,0.158541,1.139334,-0.018696,-0.018629,1.276420,0.047707,0.046526,-0.004414,-0.086063,-0.080464,0.009196,0.706891,-0.707322,0.706694,-0.707519,0.000000,0.406769,0.541174,-0.000478,0.000000,0.078792,-0.069839,0.001584
23.200,0.161761,0.159546,1.139333,-0.017759,-0.017714,1.276334,0.046000,0.044928,-0.004231,-0.084621,-0.079367,0.009116,0.706921,-0.707292,0.706737,-0.707477,0.000000,0.408316,0.539809,-0.000447,0.000000,0.075986,-0.066636,0.001510
23.220,0.162731,0.160514,1.139331,-0.016856,-0.016832,1.276251,0.044323,0.043352,-0.004050,-0.083132,-0.078207,0.009035,0.706948,-0.707266,0.706776,-0.707438,0.000000,0.409808,0.538508,-0.000417,0.000000,0.073218,-0.063487,0.001440
23.240,0.163665,0.161445,1.139328,-0.015986,-0.015980,1.276172,0.042676,0.041800,-0.003870,-0.081598,-0.076989,0.008954,0.706972,-0.707242,0.706811,-0.707402,0.000000,0.411245,0.537269,-0.000389,0.000000,0.070490,-0.060395,0.001374
23.260,0.164562,0.162341,1.139325,-0.015149,-0.015159,1.276096,0.041059,0.040273,-0.003692,-0.080020,-0.075715,0.008873,0.706993,-0.707221,0.706843,-0.707370,0.000000,0.412628,0.536092,-0.000362,0.000000,0.067804,-0.057366,0.001311
23.280,0.165423,0.163201,1.139322,-0.014344,-0.014369,1.276024,0.039475,0.038772,-0.003515,-0.078401,-0.074388,0.008791,0.707011,-0.707203,0.706872,-0.707341,0.000000,0.413958,0.534974,-0.000337,0.000000,0.065162,-0.054402,0.001252
23.300,0.166250,0.164026,1.139319,-0.013570,-0.013608,1.275955,0.037923,0.037298,-0.003340,-0.076745,-0.073013,0.008707,0.707027,-0.707186,0.706898,-0.707315,0.000000,0.415235,0.533915,-0.000312,0.000000,0.062566,-0.051508,0.001195
23.320,0.167042,0.164817,1.139315,-0.012826,-0.012877,1.275890,0.036405,0.035852,-0.003167,-0.075053,-0.071592,0.008622,0.707041,-0.707172,0.706922,-0.707291,0.000000,0.416461,0.532913,-0.000289,0.000000,0.060017,-0.048687,0.001141
23.340,0.167801,0.165576,1.139311,-0.012113,-0.012174,1.275829,0.034922,0.034434,-0.002995,-0.073331,-0.070130,0.008535,0.707054,-0.707160,0.706944,-0.707270,0.000000,0.417636,0.531967,-0.000267,0.000000,0.057517,-0.045941,0.001088
23.360,0.168527,0.166302,1.139307,-0.011429,-0.011499,1.275770,0.033472,0.033047,-0.002825,-0.071580,-0.068630,0.008444,0.707064,-0.707150,0.706963,-0.707251,0.000000,0.418762,0.531075,-0.000245,0.000000,0.055067,-0.043274,0.001038
23.380,0.169221,0.166996,1.139303,-0.010774,-0.010852,1.275716,0.032058,0.031689,-0.002657,-0.069806,-0.067098,0.008348,0.707073,-0.707141,0.706980,-0.707233,0.000000,0.419839,0.530236,-0.000225,0.000000,0.052669,-0.040687,0.000989
23.400,0.169885,0.167660,1.139299,-0.010147,-0.010232,1.275664,0.030680,0.030363,-0.002491,-0.068012,-0.065536,0.008248,0.707080,-0.707133,0.706996,-0.707218,0.000000,0.420869,0.529447,-0.000206,0.000000,0.050324,-0.038183,0.000942
23.420,0.170518,0.168293,1.139295,-0.009547,-0.009637,1.275616,0.029338,0.029068,-0.002327,-0.066202,-0.063950,0.008141,0.707086,-0.707127,0.707009,-0.707204,0.000000,0.421852,0.528708,-0.000187,0.000000,0.048032,-0.035763,0.000896
23.440,0.171122,0.168898,1.139291,-0.008973,-0.009069,1.275571,0.028032,0.027805,-0.002166,-0.064381,-0.062343,0.008027,0.707092,-0.707122,0.707022,-0.707192,0.000000,0.422790,0.528016,-0.000170,0.000000,0.045796,-0.033428,0.000851
23.460,0.171697,0.169474,1.139287,-0.008425,-0.008525,1.275529,0.026763,0.026574,-0.002006,-0.062552,-0.060720,0.007903,0.707096,-0.707118,0.707032,-0.707181,0.000000,0.423684,0.527370,-0.000153,0.000000,0.043615,-0.031180,0.000807
23.480,0.172245,0.170023,1.139284,-0.007902,-0.008005,1.275491,0.025530,0.025376,-0.001850,-0.060721,-0.059085,0.007771,0.707099,-0.707115,0.707042,-0.707171,0.000000,0.424535,0.526768,-0.000138,0.000000,0.041491,-0.029018,0.000763
23.500,0.172766,0.170545,1.139281,-0.007404,-0.007510,1.275455,0.024334,0.024211,-0.001696,-0.058892,-0.057442,0.007627,0.707101,-0.707113,0.707051,-0.707163,0.000000,0.425344,0.526209,-0.000123,0.000000,0.039424,-0.026944,0.000720
23.520,0.173261,0.171041,1.139278,-0.006929,-0.007037,1.275423,0.023174,0.023079,-0.001545,-0.057068,-0.055795,0.007471,0.707103,-0.707111,0.707058,-0.707156,0.000000,0.426113,0.525690,-0.000109,0.000000,0.037416,-0.024956,0.000678
23.540,0.173730,0.171512,1.139276,-0.006476,-0.006586,1.275394,0.022051,0.021979,-0.001397,-0.055253,-0.054149,0.007303,0.707104,-0.707110,0.707065,-0.707149,0.000000,0.426841,0.525210,-0.000096,0.000000,0.035466,-0.023056,0.000636
23.560,0.174176,0.171959,1.139274,-0.006046,-0.006157,1.275367,0.020964,0.020913,-0.001253,-0.053453,-0.052506,0.007120,0.707105,-0.707109,0.707070,-0.707143,0.000000,0.427532,0.524767,-0.000084,0.000000,0.033574,-0.021241,0.000594
23.580,0.174598,0.172382,1.139273,-0.005638,-0.005749,1.275343,0.019913,0.019879,-0.001112,-0.051670,-0.050871,0.006923,0.707105,-0.707109,0.707075,-0.707138,0.000000,0.428185,0.524360,-0.000072,0.000000,0.031742,-0.019511,0.000553
23.600,0.174998,0.172783,1.139273,-0.005250,-0.005362,1.275322,0.018897,0.018878,-0.000976,-0.049908,-0.049247,0.006712,0.707105,-0.707109,0.707080,-0.707134,0.000000,0.428802,0.523986,-0.000061,0.000000,0.029970,-0.017865,0.000513
23.620,0.175375,0.173162,1.139273,-0.004882,-0.004994,1.275304,0.017917,0.017909,-0.000844,-0.048171,-0.047637,0.006484,0.707105,-0.707109,0.707083,-0.707130,0.000000,0.429384,0.523645,-0.000052,0.000000,0.028256,-0.016300,0.000473
23.640,0.175732,0.173520,1.139274,-0.004533,-0.004645,1.275289,0.016970,0.016972,-0.000717,-0.046461,-0.046044,0.006241,0.707104,-0.707110,0.707087,-0.707127,0.000000,0.429933,0.523334,-0.000042,0.000000,0.026603,-0.014815,0.000433
23.660,0.176068,0.173858,1.139275,-0.004203,-0.004315,1.275276,0.016058,0.016067,-0.000594,-0.044782,-0.044471,0.005983,0.707103,-0.707110,0.707089,-0.707124,0.000000,0.430449,0.523051,-0.000034,0.000000,0.025008,-0.013407,0.000395
23.680,0.176386,0.174176,1.139278,-0.003890,-0.004002,1.275265,0.015179,0.015193,-0.000477,-0.043135,-0.042919,0.005709,0.707103,-0.707111,0.707092,-0.707122,0.000000,0.430933,0.522797,-0.000027,0.000000,0.023473,-0.012074,0.000357
23.700,0.176684,0.174476,1.139280,-0.003595,-0.003707,1.275256,0.014332,0.014350,-0.000366,-0.041522,-0.041392,0.005419,0.707102,-0.707112,0.707094,-0.707120,0.000000,0.431388,0.522568,-0.000020,0.000000,0.021996,-0.010813,0.000320
23.720,0.176965,0.174758,1.139284,-0.003317,-0.003428,1.275250,0.013518,0.013537,-0.000261,-0.039946,-0.039891,0.005116,0.707101,-0.707112,0.707096,-0.707118,0.000000,0.431813,0.522364,-0.000014,0.000000,0.020578,-0.009620,0.000284
23.740,0.177228,0.175022,1.139288,-0.003054,-0.003165,1.275246,0.012734,0.012754,-0.000162,-0.038406,-0.038417,0.004800,0.707101,-0.707113,0.707097,-0.707116,0.000000,0.432211,0.522183,-0.000009,0.000000,0.019218,-0.008491,0.000249
23.760,0.177475,0.175270,1.139293,-0.002807,-0.002918,1.275244,0.011981,0.012001,-0.000069,-0.036905,-0.036971,0.004471,0.707100,-0.707113,0.707099,-0.707115,0.000000,0.432583,0.522024,-0.000004,0.000000,0.017915,-0.007424,0.000215
23.780,0.177706,0.175501,1.139298,-0.002575,-0.002685,1.275243,0.011258,0.011275,0.000017,-0.035441,-0.035553,0.004133,0.707100,-0.707114,0.707100,-0.707114,0.000000,0.432928,0.521885,0.000000,0.000000,0.016668,-0.006414,0.000184
23.800,0.177922,0.175718,1.139303,-0.002357,-0.002467,1.275244,0.010563,0.010578,0.000096,-0.034015,-0.034163,0.003786,0.707099,-0.707114,0.707101,-0.707113,0.000000,0.433250,0.521767,0.000003,0.000000,0.015478,-0.005460,0.000153
23.820,0.178123,0.175920,1.139309,-0.002152,-0.002262,1.275247,0.009897,0.009909,0.000169,-0.032627,-0.032803,0.003432,0.707099,-0.707115,0.707101,-0.707112,0.000000,0.433548,0.521667,0.000006,0.000000,0.014343,-0.004558,0.000125
23.840,0.178310,0.176108,1.139315,-0.001961,-0.002070,1.275251,0.009258,0.009266,0.000234,-0.031274,-0.031470,0.003075,0.707099,-0.707115,0.707102,-0.707111,0.000000,0.433824,0.521584,0.000008,0.000000,0.013263,-0.003706,0.000099
23.860,0.178485,0.176282,1.139322,-0.001782,-0.001891,1.275256,0.008646,0.008650,0.000292,-0.029957,-0.030166,0.002715,0.707099,-0.707115,0.707103,-0.707111,0.000000,0.434079,0.521518,0.000010,0.000000,0.012236,-0.002901,0.000074
23.880,0.178646,0.176443,1.139329,-0.001615,-0.001724,1.275263,0.008059,0.008059,0.000342,-0.028674,-0.028889,0.002356,0.707099,-0.707115,0.707103,-0.707110,0.000000,0.434314,0.521468,0.000011,0.000000,0.011262,-0.002141,0.000052
23.900,0.178795,0.176592,1.139335,-0.001459,-0.001569,1.275270,0.007499,0.007494,0.000386,-0.027424,-0.027638,0.002001,0.707099,-0.707115,0.707104,-0.707110,0.000000,0.434529,0.521432,0.000012,0.000000,0.010339,-0.001425,0.000031
23.920,0.178932,0.176730,1.139342,-0.001314,-0.001424,1.275278,0.006962,0.006953,0.000422,-0.026204,-0.026412,0.001650,0.707099,-0.707114,0.707104,-0.707109,0.000000,0.434727,0.521411,0.000013,0.000000,0.009468,-0.000750,0.000013
23.940,0.179059,0.176856,1.139348,-0.001180,-0.001290,1.275287,0.006450,0.006437,0.000452,-0.025014,-0.025211,0.001308,0.707099,-0.707114,0.707105,-0.707109,0.000000,0.434909,0.521402,0.000013,0.000000,0.008646,-0.000116,-0.000003
23.960,0.179174,0.176971,1.139355,-0.001056,-0.001166,1.275296,0.005962,0.005945,0.000475,-0.023851,-0.024034,0.000976,0.707100,-0.707114,0.707105,-0.707108,0.000000,0.435074,0.521406,0.000013,0.000000,0.007873,0.000480,-0.000017
23.980,0.179280,0.177076,1.139361,-0.000942,-0.001052,1.275306,0.005496,0.005476,0.000491,-0.022714,-0.022879,0.000658,0.707101,-0.707113,0.707105,-0.707108,0.000000,0.435224,0.521421,0.000012,0.000000,0.007147,0.001038,-0.000029
24.000,0.179376,0.177172,1.139366,-0.000836,-0.000947,1.275316,0.005053,0.005030,0.000501,-0.021601,-0.021745,0.000354,0.707101,-0.707112,0.707106,-0.707108,0.000000,0.435360,0.521447,0.000011,0.000000,0.006467,0.001559,-0.000039
24.020,0.179462,0.177258,1.139371,-0.000739,-0.000851,1.275326,0.004632,0.004606,0.000505,-0.020510,-0.020632,0.000069,0.707102,-0.707112,0.707106,-0.707107,0.000000,0.435483,0.521483,0.000011,0.000000,0.005833,0.002044,-0.000047
24.040,0.179540,0.177336,1.139376,-0.000651,-0.000763,1.275336,0.004232,0.004204,0.000504,-0.019441,-0.019538,-0.000197,0.707103,-0.707111,0.707106,-0.707107,0.000000,0.435593,0.521528,0.000010,0.000000,0.005242,0.002494,-0.000053
24.060,0.179610,0.177405,1.139380,-0.000570,-0.000683,1.275346,0.003854,0.003824,0.000498,-0.018391,-0.018463,-0.000442,0.707103,-0.707110,0.707107,-0.707107,0.000000,0.435693,0.521583,0.000008,0.000000,0.004693,0.002907,-0.000057
24.080,0.179672,0.177467,1.139383,-0.000497,-0.000610,1.275356,0.003497,0.003466,0.000487,-0.017359,-0.017406,-0.000663,0.707104,-0.707109,0.707107,-0.707107,0.000000,0.435781,0.521645,0.000007,0.000000,0.004185,0.003285,-0.000060
24.100,0.179727,0.177521,1.139386,-0.000430,-0.000544,1.275365,0.003160,0.003128,0.000471,-0.016344,-0.016367,-0.000859,0.707105,-0.707109,0.707107,-0.707106,0.000000,0.435860,0.521714,0.000006,0.000000,0.003717,0.003628,-0.000060
24.120,0.179775,0.177568,1.139387,-0.000370,-0.000485,1.275375,0.002843,0.002811,0.000452,-0.015347,-0.015346,-0.001030,0.707106,-0.707108,0.707108,-0.707106,0.000000,0.435930,0.521789,0.000005,0.000000,0.003286,0.003935,-0.000060
24.140,0.179817,0.177609,1.139389,-0.000316,-0.000431,1.275383,0.002546,0.002514,0.000430,-0.014365,-0.014343,-0.001174,0.707106,-0.707107,0.707108,-0.707106,0.000000,0.435992,0.521871,0.000004,0.000000,0.002892,0.004204,-0.000057
24.160,0.179853,0.177644,1.139389,-0.000268,-0.000384,1.275392,0.002268,0.002237,0.000406,-0.013401,-0.013358,-0.001291,0.707107,-0.707107,0.707108,-0.707106,0.000000,0.436046,0.521957,0.000003,0.000000,0.002532,0.004437,-0.000054
24.180,0.179883,0.177674,1.139388,-0.000225,-0.000342,1.275400,0.002009,0.001979,0.000379,-0.012452,-0.012393,-0.001381,0.707107,-0.707106,0.707108,-0.707105,0.000000,0.436094,0.522048,0.000002,0.000000,0.002204,0.004631,-0.000050
24.200,0.179908,0.177699,1.139387,-0.000188,-0.000305,1.275407,0.001770,0.001741,0.000351,-0.011522,-0.011447,-0.001443,0.707108,-0.707106,0.707108,-0.707105,0.000000,0.436135,0.522142,0.000001,0.000000,0.001908,0.004785,-0.000045
24.220,0.179928,0.177718,1.139385,-0.000154,-0.000272,1.275414,0.001548,0.001521,0.000321,-0.010611,-0.010523,-0.001479,0.707108,-0.707105,0.707108,-0.707105,0.000000,0.436170,0.522239,-0.000000,0.000000,0.001641,0.004898,-0.000039
24.240,0.179944,0.177734,1.139383,-0.000126,-0.000244,1.275420,0.001345,0.001320,0.000291,-0.009720,-0.009623,-0.001491,0.707109,-0.707105,0.707108,-0.707105,0.000000,0.436200,0.522338,-0.000001,0.000000,0.001402,0.004968,-0.000033
24.260,0.179957,0.177746,1.139380,-0.000101,-0.000219,1.275425,0.001159,0.001136,0.000262,-0.008853,-0.008748,-0.001478,0.707109,-0.707105,0.707108,-0.707105,0.000000,0.436226,0.522438,-0.000002,0.000000,0.001188,0.004996,-0.000027
24.280,0.179966,0.177755,1.139376,-0.000079,-0.000198,1.275430,0.000991,0.000970,0.000233,-0.008011,-0.007902,-0.001444,0.707109,-0.707104,0.707108,-0.707105,0.000000,0.436248,0.522537,-0.000002,0.000000,0.000998,0.004980,-0.000021
24.300,0.179972,0.177761,1.139372,-0.000061,-0.000180,1.275435,0.000839,0.000820,0.000204,-0.007197,-0.007087,-0.001391,0.707109,-0.707104,0.707108,-0.707105,0.000000,0.436266,0.522637,-0.000002,0.000000,0.000830,0.004921,-0.000015
24.320,0.179976,0.177764,1.139367,-0.000045,-0.000165,1.275438,0.000703,0.000686,0.000177,-0.006416,-0.006306,-0.001321,0.707109,-0.707104,0.707108,-0.707105,0.000000,0.436281,0.522734,-0.000003,0.000000,0.000683,0.004819,-0.000009
24.340,0.179977,0.177765,1.139362,-0.000033,-0.000153,1.275442,0.000582,0.000567,0.000151,-0.005669,-0.005563,-0.001236,0.707109,-0.707104,0.707108,-0.707105,0.000000,0.436294,0.522829,-0.000003,0.000000,0.000555,0.004677,-0.000004
24.360,0.179977,0.177764,1.139357,-0.000022,-0.000142,1.275444,0.000476,0.000463,0.000128,-0.004960,-0.004858,-0.001140,0.707109,-0.707104,0.707108,-0.707105,0.000000,0.436304,0.522921,-0.000003,0.000000,0.000445,0.004497,0.000000
24.380,0.179975,0.177762,1.139352,-0.000013,-0.000134,1.275447,0.000383,0.000373,0.000106,-0.004292,-0.004197,-0.001036,0.707109,-0.707104,0.707108,-0.707106,0.000000,0.436312,0.523009,-0.000003,0.000000,0.000350,0.004279,0.000004
24.400,0.179972,0.177759,1.139347,-0.000007,-0.000127,1.275449,0.000304,0.000295,0.000086,-0.003667,-0.003580,-0.000926,0.707109,-0.707105,0.707108,-0.707106,0.000000,0.436318,0.523092,-0.000003,0.000000,0.000271,0.004029,0.000008
24.420,0.179968,0.177755,1.139342,-0.000001,-0.000122,1.275450,0.000236,0.000229,0.000069,-0.003089,-0.003011,-0.000813,0.707109,-0.707105,0.707108,-0.707106,0.000000,0.436323,0.523170,-0.000002,0.000000,0.000204,0.003749,0.000011
24.440,0.179964,0.177751,1.139337,0.000003,-0.000118,1.275451,0.000180,0.000174,0.000054,-0.002560,-0.002492,-0.000700,0.707109,-0.707105,0.707108,-0.707106,0.000000,0.436326,0.523242,-0.000002,0.000000,0.000149,0.003443,0.000013
24.460,0.179960,0.177747,1.139333,0.000006,-0.000115,1.275452,0.000134,0.000129,0.000041,-0.002082,-0.002023,-0.000590,0.707108,-0.707105,0.707108,-0.707106,0.000000,0.436329,0.523307,-0.000002,0.000000,0.000105,0.003117,0.000014
24.480,0.179955,0.177742,1.139329,0.000008,-0.000113,1.275453,0.000096,0.000093,0.000030,-0.001655,-0.001606,-0.000485,0.707108,-0.707105,0.707107,-0.707106,0.000000,0.436330,0.523366,-0.000002,0.000000,0.000070,0.002775,0.000015
24.500,0.179951,0.177738,1.139325,0.000010,-0.000111,1.275454,0.000067,0.000065,0.000021,-0.001282,-0.001241,-0.000387,0.707108,-0.707106,0.707107,-0.707106,0.000000,0.436332,0.523418,-0.000001,0.000000,0.000044,0.002423,0.000014
24.520,0.179947,0.177734,1.139321,0.000011,-0.000110,1.275454,0.000045,0.000043,0.000015,-0.000961,-0.000929,-0.000299,0.707108,-0.707106,0.707107,-0.707106,0.000000,0.436332,0.523463,-0.000001,0.000000,0.000024,0.002067,0.000014
24.540,0.179943,0.177730,1.139319,0.000012,-0.000110,1.275454,0.000028,0.000027,0.000009,-0.000691,-0.000668,-0.000221,0.707107,-0.707106,0.707107,-0.707106,0.000000,0.436333,0.523501,-0.000001,0.000000,0.000011,0.001714,0.000013
24.560,0.179940,0.177727,1.139316,0.000012,-0.000109,1.275454,0.000017,0.000016,0.000006,-0.000473,-0.000456,-0.000155,0.707107,-0.707106,0.707107,-0.707107,0.000000,0.436333,0.523532,-0.000001,0.000000,0.000002,0.001372,0.000011
24.580,0.179938,0.177724,1.139314,0.000012,-0.000109,1.275454,0.000009,0.000009,0.000003,-0.000302,-0.000291,-0.000101,0.707107,-0.707106,0.707107,-0.707107,0.000000,0.436333,0.523556,-0.000000,0.000000,-0.000003,0.001048,0.000009
24.600,0.179936,0.177722,1.139313,0.000013,-0.000109,1.275455,0.000004,0.000004,0.000001,-0.000176,-0.000169,-0.000060,0.707107,-0.707107,0.707107,-0.707107,0.000000,0.436333,0.523574,-0.000000,0.000000,-0.000005,0.000751,0.000007
24.620,0.179934,0.177721,1.139312,0.000013,-0.000109,1.275455,0.000002,0.000002,0.000001,-0.000089,-0.000085,-0.000031,0.707107,-0.707107,0.707107,-0.707107,0.000000,0.436332,0.523586,-0.000000,0.000000,-0.000005,0.000490,0.000005
24.640,0.179934,0.177720,1.139311,0.000013,-0.000109,1.275455,0.000000,0.000000,0.000000,-0.000036,-0.000034,-0.000013,0.707107,-0.707107,0.707107,-0.707107,0.000000,0.436332,0.523594,-0.000000,0.000000,-0.000003,0.000275,0.000003
24.660,0.179933,0.177720,1.139311,0.000013,-0.000109,1.275455,0.000000,0.000000,0.000000,-0.000009,-0.000009,-0.000003,0.707107,-0.707107,0.707107,-0.707107,0.000000,0.436332,0.523597,-0.000000,0.000000,-0.000002,0.000115,0.000001
24.680,0.179933,0.177720,1.139311,0.000013,-0.000109,1.275455,0.000000,0.000000,0.000000,-0.000001,-0.000001,-0.000000,0.707107,-0.707107,0.707107,-0.707107,0.000000,0.436332,0.523599,-0.000000,0.000000,-0.000000,0.000021,0.000000
