t,ex,ey,ez,cx,cy,cz,vcx,vcy,vcz,acx,acy,acz,b1x,b1y,bex,bey,q1,q2,q3,q4,qd1,qd2,qd3,qd4
0.000,0.179933,0.177720,1.139311,0.000013,-0.000109,1.275455,0.000000,0.000000,0.000000,-0.000000,0.000000,-0.000000,0.707107,-0.707107,0.707107,-0.707107,0.000000,0.436332,0.523599,-0.000000,0.000000,0.000000,0.000000,0.000000
0.020,0.179933,0.177720,1.139311,0.000013,-0.000109,1.275455,0.000000,0.000000,0.000000,0.000002,0.000002,0.000001,0.707107,-0.707107,0.707107,-0.707107,0.000000,0.436332,0.523599,-0.000000,0.000000,-0.000001,0.000041,-0.000001
0.040,0.179933,0.177719,1.139310,0.000013,-0.000109,1.275455,0.000000,0.000000,0.000000,0.000014,0.000015,0.000005,0.707107,-0.707107,0.707107,-0.707107,0.000000,0.436332,0.523601,-0.000000,0.000000,-0.000002,0.000156,-0.000003
0.060,0.179932,0.177719,1.139310,0.000013,-0.000109,1.275455,0.000001,0.000001,0.000000,0.000046,0.000049,0.000017,0.707107,-0.707107,0.707107,-0.707107,0.000000,0.436332,0.523606,-0.000000,0.000000,-0.000003,0.000334,-0.000006
0.080,0.179931,0.177718,1.139309,0.000013,-0.000109,1.275455,0.000002,0.000002,0.000001,0.000106,0.000111,0.000038,0.707107,-0.707107,0.707107,-0.707107,0.000000,0.436332,0.523615,-0.000000,0.000000,-0.000004,0.000565,-0.000010
0.100,0.179930,0.177716,1.139308,0.000013,-0.000109,1.275455,0.000005,0.000005,0.000002,0.000199,0.000210,0.000070,0.707107,-0.707107,0.707107,-0.707107,0.000000,0.436332,0.523629,-0.000001,0.000000,-0.000004,0.000839,-0.000014
0.120,0.179928,0.177714,1.139307,0.000013,-0.000108,1.275455,0.000010,0.000011,0.000004,0.000333,0.000350,0.000114,0.707107,-0.707106,0.707107,-0.707107,0.000000,0.436332,0.523648,-0.000001,0.000000,-0.000002,0.001147,-0.000019
0.140,0.179925,0.177712,1.139305,0.000013,-0.000108,1.275455,0.000019,0.000020,0.000006,0.000511,0.000535,0.000170,0.707107,-0.707106,0.707107,-0.707107,0.000000,0.436332,0.523675,-0.000001,0.000000,0.000004,0.001480,-0.000022
0.160,0.179922,0.177708,1.139302,0.000014,-0.000108,1.275455,0.000031,0.000033,0.000011,0.000736,0.000770,0.000239,0.707108,-0.707106,0.707107,-0.707107,0.000000,0.436332,0.523708,-0.000002,0.000000,0.000013,0.001830,-0.000026
0.180,0.179918,0.177705,1.139299,0.000014,-0.000107,1.275455,0.000049,0.000051,0.000016,0.001012,0.001056,0.000319,0.707108,-0.707106,0.707107,-0.707107,0.000000,0.436333,0.523748,-0.000002,0.000000,0.000027,0.002189,-0.000028
0.200,0.179914,0.177701,1.139296,0.000016,-0.000105,1.275456,0.000072,0.000075,0.000023,0.001339,0.001395,0.000410,0.707108,-0.707105,0.707107,-0.707107,0.000000,0.436333,0.523795,-0.000003,0.000000,0.000046,0.002550,-0.000030
0.220,0.179909,0.177696,1.139292,0.000017,-0.000104,1.275456,0.000102,0.000107,0.000033,0.001719,0.001788,0.000509,0.707108,-0.707105,0.707107,-0.707107,0.000000,0.436334,0.523850,-0.000004,0.000000,0.000073,0.002906,-0.000031
0.240,0.179905,0.177692,1.139287,0.000020,-0.000101,1.275457,0.000141,0.000147,0.000044,0.002151,0.002233,0.000616,0.707109,-0.707105,0.707107,-0.707107,0.000000,0.436336,0.523911,-0.000004,0.000000,0.000106,0.003252,-0.000031
0.260,0.179900,0.177687,1.139283,0.000023,-0.000098,1.275458,0.000189,0.000197,0.000057,0.002636,0.002731,0.000728,0.707109,-0.707105,0.707107,-0.707107,0.000000,0.436339,0.523980,-0.000005,0.000000,0.000149,0.003583,-0.000029
0.280,0.179896,0.177683,1.139278,0.000027,-0.000093,1.275459,0.000247,0.000257,0.000073,0.003172,0.003279,0.000842,0.707109,-0.707104,0.707107,-0.707107,0.000000,0.436342,0.524055,-0.000005,0.000000,0.000202,0.003892,-0.000026
0.300,0.179892,0.177679,1.139273,0.000033,-0.000087,1.275461,0.000316,0.000328,0.000091,0.003758,0.003877,0.000956,0.707109,-0.707104,0.707107,-0.707107,0.000000,0.436347,0.524135,-0.000006,0.000000,0.000265,0.004176,-0.000022
0.320,0.179889,0.177677,1.139267,0.000040,-0.000080,1.275463,0.000398,0.000412,0.000111,0.004392,0.004520,0.001068,0.707110,-0.707104,0.707107,-0.707106,0.000000,0.436353,0.524221,-0.000006,0.000000,0.000341,0.004430,-0.000016
0.340,0.179887,0.177675,1.139262,0.000049,-0.000071,1.275465,0.000492,0.000509,0.000134,0.005071,0.005208,0.001174,0.707110,-0.707104,0.707107,-0.707106,0.000000,0.436361,0.524312,-0.000006,0.000000,0.000431,0.004652,-0.000010
0.360,0.179887,0.177675,1.139257,0.000060,-0.000060,1.275468,0.000601,0.000621,0.000158,0.005793,0.005936,0.001272,0.707110,-0.707104,0.707107,-0.707106,0.000000,0.436370,0.524407,-0.000007,0.000000,0.000536,0.004838,-0.000002
0.380,0.179889,0.177677,1.139252,0.000073,-0.000046,1.275472,0.000724,0.000747,0.000184,0.006555,0.006702,0.001359,0.707110,-0.707104,0.707107,-0.707106,0.000000,0.436382,0.524506,-0.000006,0.000000,0.000656,0.004987,0.000007
0.400,0.179892,0.177681,1.139248,0.000089,-0.000030,1.275476,0.000863,0.000889,0.000212,0.007355,0.007502,0.001432,0.707110,-0.707104,0.707107,-0.707106,0.000000,0.436397,0.524606,-0.000006,0.000000,0.000795,0.005097,0.000016
0.420,0.179899,0.177688,1.139244,0.000108,-0.000010,1.275480,0.001019,0.001047,0.000242,0.008190,0.008334,0.001489,0.707109,-0.707104,0.707107,-0.707106,0.000000,0.436414,0.524709,-0.000006,0.000000,0.000952,0.005165,0.000026
0.440,0.179908,0.177698,1.139240,0.000130,0.000012,1.275485,0.001191,0.001223,0.000272,0.009056,0.009194,0.001528,0.707109,-0.707104,0.707107,-0.707106,0.000000,0.436435,0.524813,-0.000005,0.000000,0.001130,0.005193,0.000037
0.460,0.179921,0.177711,1.139237,0.000156,0.000039,1.275491,0.001381,0.001415,0.000303,0.009951,0.010079,0.001545,0.707109,-0.707105,0.707107,-0.707106,0.000000,0.436459,0.524917,-0.000004,0.000000,0.001330,0.005179,0.000048
0.480,0.179937,0.177728,1.139234,0.000185,0.000069,1.275497,0.001589,0.001626,0.000333,0.010873,0.010987,0.001540,0.707108,-0.707105,0.707107,-0.707107,0.000000,0.436488,0.525020,-0.000003,0.000000,0.001554,0.005124,0.000059
0.500,0.179958,0.177750,1.139232,0.000219,0.000104,1.275504,0.001816,0.001855,0.000364,0.011820,0.011916,0.001511,0.707108,-0.707106,0.707107,-0.707107,0.000000,0.436522,0.525121,-0.000002,0.000000,0.001803,0.005029,0.000069
0.520,0.179984,0.177776,1.139231,0.000258,0.000144,1.275512,0.002062,0.002103,0.000394,0.012789,0.012864,0.001457,0.707107,-0.707106,0.707107,-0.707107,0.000000,0.436561,0.525221,-0.000001,0.000000,0.002079,0.004896,0.000079
0.540,0.180014,0.177808,1.139230,0.000302,0.000188,1.275520,0.002328,0.002369,0.000422,0.013779,0.013829,0.001377,0.707106,-0.707107,0.707107,-0.707107,0.000000,0.436605,0.525317,0.000001,0.000000,0.002384,0.004726,0.000087
0.560,0.180051,0.177845,1.139231,0.000351,0.000238,1.275529,0.002613,0.002656,0.000449,0.014788,0.014812,0.001270,0.707106,-0.707108,0.707107,-0.707107,0.000000,0.436656,0.525409,0.000003,0.000000,0.002718,0.004520,0.000095
0.580,0.180093,0.177889,1.139232,0.000407,0.000295,1.275538,0.002919,0.002962,0.000473,0.015817,0.015810,0.001138,0.707105,-0.707109,0.707107,-0.707107,0.000000,0.436714,0.525497,0.000005,0.000000,0.003085,0.004280,0.000100
0.600,0.180142,0.177938,1.139233,0.000468,0.000357,1.275548,0.003246,0.003288,0.000494,0.016865,0.016826,0.000980,0.707104,-0.707110,0.707107,-0.707107,0.000000,0.436780,0.525580,0.000007,0.000000,0.003484,0.004006,0.000104
0.620,0.180198,0.177995,1.139236,0.000537,0.000426,1.275558,0.003594,0.003635,0.000512,0.017930,0.017858,0.000798,0.707103,-0.707111,0.707107,-0.707107,0.000000,0.436854,0.525658,0.000009,0.000000,0.003918,0.003700,0.000105
0.640,0.180262,0.178059,1.139239,0.000612,0.000503,1.275568,0.003964,0.004003,0.000526,0.019014,0.018907,0.000591,0.707102,-0.707112,0.707107,-0.707107,0.000000,0.436937,0.525728,0.000011,0.000000,0.004388,0.003361,0.000104
0.660,0.180333,0.178132,1.139243,0.000695,0.000586,1.275579,0.004355,0.004392,0.000535,0.020117,0.019975,0.000363,0.707101,-0.707113,0.707106,-0.707107,0.000000,0.437029,0.525792,0.000013,0.000000,0.004896,0.002990,0.000101
0.680,0.180413,0.178212,1.139247,0.000786,0.000678,1.275589,0.004768,0.004802,0.000540,0.021239,0.021063,0.000113,0.707100,-0.707113,0.707106,-0.707107,0.000000,0.437133,0.525848,0.000015,0.000000,0.005442,0.002588,0.000095
0.700,0.180502,0.178301,1.139252,0.000886,0.000779,1.275600,0.005204,0.005234,0.000540,0.022381,0.022173,-0.000155,0.707099,-0.707114,0.707106,-0.707107,0.000000,0.437247,0.525895,0.000017,0.000000,0.006028,0.002153,0.000087
0.720,0.180600,0.178400,1.139258,0.000995,0.000888,1.275611,0.005664,0.005689,0.000534,0.023543,0.023304,-0.000440,0.707098,-0.707115,0.707106,-0.707108,0.000000,0.437374,0.525933,0.000019,0.000000,0.006655,0.001686,0.000075
0.740,0.180708,0.178509,1.139263,0.001113,0.001006,1.275622,0.006146,0.006167,0.000522,0.024726,0.024460,-0.000741,0.707098,-0.707116,0.707106,-0.707108,0.000000,0.437514,0.525962,0.000020,0.000000,0.007325,0.001187,0.000061
0.760,0.180826,0.178627,1.139270,0.001241,0.001135,1.275632,0.006653,0.006668,0.000504,0.025931,0.025643,-0.001054,0.707097,-0.707116,0.707106,-0.707108,0.000000,0.437667,0.525981,0.000021,0.000000,0.008037,0.000654,0.000044
0.780,0.180955,0.178757,1.139276,0.001379,0.001273,1.275642,0.007184,0.007193,0.000480,0.027160,0.026853,-0.001378,0.707097,-0.707117,0.707105,-0.707108,0.000000,0.437836,0.525988,0.000022,0.000000,0.008794,0.000087,0.000025
0.800,0.181096,0.178898,1.139283,0.001528,0.001423,1.275651,0.007739,0.007742,0.000449,0.028413,0.028093,-0.001710,0.707096,-0.707117,0.707105,-0.707108,0.000000,0.438020,0.525984,0.000022,0.000000,0.009597,-0.000517,0.000003
0.820,0.181249,0.179050,1.139289,0.001689,0.001583,1.275660,0.008320,0.008316,0.000411,0.029690,0.029363,-0.002048,0.707096,-0.707118,0.707105,-0.707109,0.000000,0.438220,0.525967,0.000022,0.000000,0.010446,-0.001157,-0.000022
0.840,0.181414,0.179215,1.139296,0.001861,0.001755,1.275667,0.008927,0.008917,0.000367,0.030993,0.030667,-0.002389,0.707096,-0.707118,0.707104,-0.707109,0.000000,0.438438,0.525937,0.000021,0.000000,0.011341,-0.001835,-0.000050
0.860,0.181592,0.179393,1.139303,0.002046,0.001940,1.275674,0.009560,0.009543,0.000316,0.032323,0.032006,-0.002731,0.707096,-0.707118,0.707104,-0.707110,0.000000,0.438674,0.525894,0.000020,0.000000,0.012285,-0.002554,-0.000079
0.880,0.181784,0.179585,1.139309,0.002244,0.002137,1.275680,0.010220,0.010197,0.000258,0.033680,0.033379,-0.003073,0.707096,-0.707117,0.707103,-0.707110,0.000000,0.438929,0.525835,0.000018,0.000000,0.013278,-0.003316,-0.000111
0.900,0.181991,0.179790,1.139315,0.002455,0.002348,1.275685,0.010908,0.010879,0.000193,0.035064,0.034790,-0.003411,0.707096,-0.707117,0.707103,-0.707111,0.000000,0.439205,0.525761,0.000015,0.000000,0.014320,-0.004122,-0.000145
0.920,0.182212,0.180011,1.139321,0.002680,0.002573,1.275688,0.011623,0.011589,0.000121,0.036477,0.036238,-0.003745,0.707097,-0.707117,0.707102,-0.707112,0.000000,0.439503,0.525670,0.000012,0.000000,0.015413,-0.004975,-0.000181
0.940,0.182449,0.180246,1.139326,0.002920,0.002812,1.275689,0.012367,0.012329,0.000043,0.037917,0.037724,-0.004071,0.707098,-0.707116,0.707101,-0.707113,0.000000,0.439822,0.525561,0.000008,0.000000,0.016556,-0.005878,-0.000218
0.960,0.182702,0.180498,1.139331,0.003175,0.003066,1.275689,0.013140,0.013098,-0.000041,0.039385,0.039248,-0.004388,0.707098,-0.707115,0.707100,-0.707114,0.000000,0.440165,0.525434,0.000003,0.000000,0.017751,-0.006833,-0.000256
0.980,0.182972,0.180767,1.139336,0.003446,0.003336,1.275688,0.013943,0.013899,-0.000132,0.040881,0.040810,-0.004696,0.707099,-0.707114,0.707098,-0.707115,0.000000,0.440533,0.525288,-0.000002,0.000000,0.018997,-0.007844,-0.000294
1.000,0.183259,0.181052,1.139339,0.003733,0.003622,1.275684,0.014775,0.014731,-0.000229,0.042403,0.042410,-0.004992,0.707100,-0.707114,0.707097,-0.707117,0.000000,0.440925,0.525120,-0.000008,0.000000,0.020297,-0.008914,-0.000334
1.020,0.183564,0.181356,1.139343,0.004037,0.003925,1.275678,0.015639,0.015595,-0.000332,0.043951,0.044046,-0.005276,0.707101,-0.707113,0.707095,-0.707119,0.000000,0.441345,0.524931,-0.000015,0.000000,0.021649,-0.010046,-0.000373
1.040,0.183889,0.181679,1.139345,0.004359,0.004246,1.275671,0.016534,0.016493,-0.000440,0.045523,0.045716,-0.005547,0.707102,-0.707112,0.707092,-0.707121,0.000000,0.441792,0.524718,-0.000023,0.000000,0.023054,-0.011243,-0.000412
1.060,0.184233,0.182022,1.139347,0.004699,0.004585,1.275661,0.017460,0.017424,-0.000554,0.047117,0.047419,-0.005805,0.707103,-0.707111,0.707090,-0.707124,0.000000,0.442267,0.524480,-0.000032,0.000000,0.024514,-0.012509,-0.000450
1.080,0.184598,0.182384,1.139348,0.005057,0.004943,1.275649,0.018418,0.018390,-0.000672,0.048732,0.049153,-0.006049,0.707103,-0.707110,0.707087,-0.707127,0.000000,0.442773,0.524217,-0.000041,0.000000,0.026026,-0.013847,-0.000487
1.100,0.184984,0.182768,1.139349,0.005436,0.005321,1.275634,0.019409,0.019391,-0.000796,0.050365,0.050914,-0.006281,0.707104,-0.707110,0.707083,-0.707130,0.000000,0.443309,0.523926,-0.000051,0.000000,0.027593,-0.015258,-0.000523
1.120,0.185392,0.183174,1.139349,0.005834,0.005719,1.275617,0.020433,0.020427,-0.000923,0.052013,0.052700,-0.006499,0.707104,-0.707109,0.707079,-0.707134,0.000000,0.443877,0.523606,-0.000062,0.000000,0.029213,-0.016744,-0.000558
1.140,0.185822,0.183603,1.139349,0.006253,0.006138,1.275597,0.021490,0.021499,-0.001055,0.053674,0.054506,-0.006706,0.707104,-0.707109,0.707075,-0.707139,0.000000,0.444478,0.523256,-0.000074,0.000000,0.030888,-0.018308,-0.000591
1.160,0.186277,0.184055,1.139347,0.006694,0.006579,1.275574,0.022580,0.022607,-0.001192,0.055344,0.056330,-0.006900,0.707104,-0.707110,0.707069,-0.707144,0.000000,0.445113,0.522873,-0.000086,0.000000,0.032615,-0.019951,-0.000622
1.180,0.186755,0.184532,1.139346,0.007157,0.007043,1.275549,0.023704,0.023752,-0.001331,0.057021,0.058167,-0.007084,0.707103,-0.707111,0.707064,-0.707150,0.000000,0.445783,0.522457,-0.000099,0.000000,0.034397,-0.021673,-0.000651
1.200,0.187259,0.185034,1.139344,0.007642,0.007530,1.275521,0.024861,0.024934,-0.001475,0.058700,0.060014,-0.007258,0.707102,-0.707112,0.707057,-0.707157,0.000000,0.446489,0.522006,-0.000112,0.000000,0.036231,-0.023477,-0.000679
1.220,0.187789,0.185563,1.139341,0.008151,0.008041,1.275490,0.026052,0.026153,-0.001622,0.060380,0.061865,-0.007424,0.707100,-0.707114,0.707049,-0.707164,0.000000,0.447232,0.521518,-0.000126,0.000000,0.038117,-0.025361,-0.000704
1.240,0.188346,0.186118,1.139338,0.008685,0.008576,1.275456,0.027276,0.027408,-0.001772,0.062055,0.063717,-0.007582,0.707097,-0.707117,0.707041,-0.707173,0.000000,0.448014,0.520991,-0.000140,0.000000,0.040056,-0.027327,-0.000728
1.260,0.188931,0.186701,1.139335,0.009243,0.009137,1.275419,0.028534,0.028701,-0.001925,0.063722,0.065566,-0.007733,0.707093,-0.707121,0.707031,-0.707182,0.000000,0.448835,0.520424,-0.000155,0.000000,0.042046,-0.029374,-0.000750
1.280,0.189544,0.187313,1.139331,0.009826,0.009724,1.275379,0.029825,0.030031,-0.002081,0.065377,0.067406,-0.007880,0.707088,-0.707125,0.707020,-0.707193,0.000000,0.449696,0.519815,-0.000170,0.000000,0.044087,-0.031502,-0.000770
1.300,0.190186,0.187954,1.139327,0.010436,0.010339,1.275336,0.031149,0.031397,-0.002240,0.067017,0.069234,-0.008023,0.707082,-0.707131,0.707008,-0.707205,0.000000,0.450599,0.519163,-0.000186,0.000000,0.046177,-0.033710,-0.000788
1.320,0.190859,0.188626,1.139323,0.011072,0.010981,1.275290,0.032505,0.032800,-0.002402,0.068638,0.071044,-0.008163,0.707075,-0.707138,0.706995,-0.707219,0.000000,0.451543,0.518466,-0.000202,0.000000,0.048317,-0.035997,-0.000806
1.340,0.191562,0.189329,1.139319,0.011736,0.011651,1.275240,0.033894,0.034239,-0.002567,0.070236,0.072833,-0.008302,0.707067,-0.707147,0.706980,-0.707234,0.000000,0.452532,0.517723,-0.000218,0.000000,0.050504,-0.038362,-0.000822
1.360,0.192298,0.190064,1.139315,0.012428,0.012350,1.275187,0.035315,0.035713,-0.002734,0.071807,0.074596,-0.008442,0.707057,-0.707157,0.706963,-0.707251,0.000000,0.453564,0.516931,-0.000234,0.000000,0.052739,-0.040802,-0.000837
1.380,0.193065,0.190832,1.139311,0.013149,0.013080,1.275131,0.036766,0.037223,-0.002904,0.073347,0.076329,-0.008582,0.707045,-0.707169,0.706944,-0.707269,0.000000,0.454641,0.516090,-0.000251,0.000000,0.055019,-0.043317,-0.000851
1.400,0.193866,0.191633,1.139308,0.013899,0.013840,1.275071,0.038248,0.038766,-0.003077,0.074853,0.078029,-0.008725,0.707031,-0.707183,0.706924,-0.707290,0.000000,0.455765,0.515198,-0.000268,0.000000,0.057344,-0.045902,-0.000865
1.420,0.194702,0.192469,1.139304,0.014679,0.014631,1.275007,0.039760,0.040343,-0.003253,0.076321,0.079690,-0.008871,0.707015,-0.707198,0.706901,-0.707312,0.000000,0.456935,0.514254,-0.000286,0.000000,0.059712,-0.048557,-0.000880
1.440,0.195572,0.193339,1.139300,0.015490,0.015453,1.274941,0.041301,0.041954,-0.003432,0.077748,0.081311,-0.009021,0.706997,-0.707216,0.706876,-0.707337,0.000000,0.458154,0.513256,-0.000304,0.000000,0.062121,-0.051278,-0.000894
1.460,0.196477,0.194245,1.139297,0.016331,0.016309,1.274870,0.042870,0.043596,-0.003614,0.079130,0.082887,-0.009175,0.706977,-0.707237,0.706848,-0.707365,0.000000,0.459421,0.512202,-0.000322,0.000000,0.064572,-0.054061,-0.000910
1.480,0.197419,0.195188,1.139294,0.017205,0.017197,1.274796,0.044466,0.045269,-0.003799,0.080465,0.084417,-0.009336,0.706954,-0.707260,0.706818,-0.707395,0.000000,0.460737,0.511093,-0.000340,0.000000,0.067060,-0.056904,-0.000928
1.500,0.198397,0.196167,1.139292,0.018110,0.018120,1.274718,0.046088,0.046972,-0.003988,0.081749,0.085897,-0.009501,0.706928,-0.707286,0.706785,-0.707429,0.000000,0.462103,0.509926,-0.000359,0.000000,0.069586,-0.059802,-0.000947
1.520,0.199413,0.197185,1.139290,0.019048,0.019077,1.274636,0.047735,0.048704,-0.004179,0.082981,0.087325,-0.009673,0.706899,-0.707315,0.706748,-0.707465,0.000000,0.463520,0.508700,-0.000378,0.000000,0.072147,-0.062751,-0.000970
1.540,0.200468,0.198240,1.139288,0.020020,0.020068,1.274551,0.049407,0.050465,-0.004375,0.084156,0.088700,-0.009850,0.706866,-0.707347,0.706708,-0.707505,0.000000,0.464989,0.507415,-0.000398,0.000000,0.074742,-0.065747,-0.000995
1.560,0.201561,0.199334,1.139287,0.021025,0.021095,1.274461,0.051101,0.052252,-0.004573,0.085274,0.090020,-0.010033,0.706831,-0.707383,0.706664,-0.707549,0.000000,0.466510,0.506070,-0.000418,0.000000,0.077367,-0.068785,-0.001024
1.580,0.202693,0.200467,1.139286,0.022064,0.022158,1.274368,0.052817,0.054065,-0.004776,0.086333,0.091285,-0.010220,0.706791,-0.707422,0.706617,-0.707596,0.000000,0.468084,0.504664,-0.000439,0.000000,0.080022,-0.071862,-0.001057
1.600,0.203865,0.201641,1.139285,0.023138,0.023258,1.274270,0.054554,0.055903,-0.004982,0.087330,0.092493,-0.010412,0.706748,-0.707465,0.706565,-0.707648,0.000000,0.469711,0.503195,-0.000460,0.000000,0.082704,-0.074974,-0.001094
1.620,0.205077,0.202854,1.139285,0.024246,0.024395,1.274169,0.056310,0.057764,-0.005192,0.088263,0.093645,-0.010608,0.706700,-0.707513,0.706508,-0.707705,0.000000,0.471393,0.501665,-0.000482,0.000000,0.085410,-0.078115,-0.001136
1.640,0.206331,0.204108,1.139285,0.025390,0.025569,1.274063,0.058084,0.059648,-0.005407,0.089133,0.094740,-0.010806,0.706648,-0.707565,0.706447,-0.707766,0.000000,0.473128,0.500071,-0.000506,0.000000,0.088139,-0.081283,-0.001182
1.660,0.207625,0.205402,1.139286,0.026570,0.026781,1.273952,0.059875,0.061554,-0.005625,0.089937,0.095779,-0.011005,0.706592,-0.707622,0.706381,-0.707832,0.000000,0.474918,0.498413,-0.000530,0.000000,0.090886,-0.084473,-0.001233
1.680,0.208962,0.206738,1.139287,0.027785,0.028031,1.273838,0.061681,0.063479,-0.005847,0.090675,0.096763,-0.011204,0.706530,-0.707683,0.706309,-0.707904,0.000000,0.476764,0.496692,-0.000555,0.000000,0.093651,-0.087680,-0.001289
1.700,0.210340,0.208116,1.139288,0.029037,0.029320,1.273718,0.063502,0.065424,-0.006073,0.091345,0.097690,-0.011403,0.706463,-0.707750,0.706231,-0.707981,0.000000,0.478664,0.494906,-0.000581,0.000000,0.096429,-0.090902,-0.001350
1.720,0.211761,0.209535,1.139290,0.030325,0.030648,1.273595,0.065335,0.067386,-0.006303,0.091947,0.098563,-0.011598,0.706390,-0.707823,0.706147,-0.708065,0.000000,0.480621,0.493056,-0.000609,0.000000,0.099218,-0.094133,-0.001415
1.740,0.213225,0.210997,1.139292,0.031651,0.032016,1.273466,0.067179,0.069366,-0.006537,0.092481,0.099382,-0.011790,0.706311,-0.707902,0.706057,-0.708155,0.000000,0.482633,0.491140,-0.000638,0.000000,0.102015,-0.097371,-0.001485
1.760,0.214731,0.212501,1.139294,0.033013,0.033423,1.273333,0.069033,0.071361,-0.006774,0.092947,0.100148,-0.011976,0.706225,-0.707987,0.705959,-0.708252,0.000000,0.484701,0.489161,-0.000668,0.000000,0.104816,-0.100610,-0.001559
1.780,0.216282,0.214047,1.139296,0.034412,0.034870,1.273195,0.070896,0.073372,-0.007016,0.093343,0.100862,-0.012155,0.706133,-0.708079,0.705854,-0.708357,0.000000,0.486826,0.487116,-0.000700,0.000000,0.107619,-0.103847,-0.001636
1.800,0.217875,0.215636,1.139299,0.035849,0.036358,1.273053,0.072767,0.075395,-0.007261,0.093670,0.101525,-0.012324,0.706034,-0.708178,0.705742,-0.708469,0.000000,0.489006,0.485007,-0.000734,0.000000,0.110419,-0.107078,-0.001717
1.820,0.219513,0.217268,1.139302,0.037323,0.037886,1.272905,0.074643,0.077432,-0.007509,0.093928,0.102138,-0.012484,0.705928,-0.708284,0.705621,-0.708589,0.000000,0.491242,0.482833,-0.000769,0.000000,0.113213,-0.110299,-0.001800
1.840,0.221194,0.218943,1.139304,0.038834,0.039455,1.272752,0.076523,0.079481,-0.007760,0.094118,0.102702,-0.012631,0.705813,-0.708398,0.705492,-0.708718,0.000000,0.493535,0.480595,-0.000806,0.000000,0.115998,-0.113506,-0.001886
1.860,0.222920,0.220660,1.139307,0.040384,0.041065,1.272594,0.078407,0.081540,-0.008014,0.094239,0.103218,-0.012764,0.705690,-0.708521,0.705354,-0.708855,0.000000,0.495882,0.478293,-0.000844,0.000000,0.118769,-0.116695,-0.001973
1.880,0.224690,0.222421,1.139310,0.041971,0.042717,1.272432,0.080292,0.083609,-0.008270,0.094291,0.103686,-0.012882,0.705558,-0.708652,0.705206,-0.709003,0.000000,0.498285,0.475927,-0.000885,0.000000,0.121523,-0.119863,-0.002061
1.900,0.226504,0.224224,1.139312,0.043595,0.044410,1.272264,0.082178,0.085687,-0.008529,0.094276,0.104108,-0.012982,0.705417,-0.708792,0.705048,-0.709160,0.000000,0.500743,0.473499,-0.000927,0.000000,0.124255,-0.123005,-0.002149
1.920,0.228362,0.226071,1.139315,0.045258,0.046144,1.272090,0.084063,0.087773,-0.008789,0.094194,0.104483,-0.013064,0.705267,-0.708942,0.704880,-0.709327,0.000000,0.503255,0.471007,-0.000971,0.000000,0.126961,-0.126118,-0.002236
1.940,0.230265,0.227960,1.139318,0.046958,0.047921,1.271912,0.085946,0.089866,-0.009051,0.094046,0.104813,-0.013125,0.705106,-0.709102,0.704700,-0.709505,0.000000,0.505821,0.468454,-0.001016,0.000000,0.129638,-0.129197,-0.002321
1.960,0.232213,0.229892,1.139320,0.048696,0.049739,1.271728,0.087824,0.091965,-0.009314,0.093831,0.105096,-0.013165,0.704934,-0.709273,0.704510,-0.709694,0.000000,0.508441,0.465840,-0.001064,0.000000,0.132280,-0.132240,-0.002404
1.980,0.234204,0.231866,1.139322,0.050471,0.051599,1.271540,0.089698,0.094070,-0.009578,0.093552,0.105334,-0.013182,0.704750,-0.709455,0.704307,-0.709896,0.000000,0.511112,0.463165,-0.001112,0.000000,0.134883,-0.135242,-0.002482
2.000,0.236241,0.233883,1.139324,0.052283,0.053502,1.271345,0.091566,0.096178,-0.009841,0.093208,0.105525,-0.013175,0.704555,-0.709649,0.704091,-0.710109,0.000000,0.513836,0.460430,-0.001163,0.000000,0.137442,-0.138200,-0.002555
2.020,0.238321,0.235943,1.139325,0.054133,0.055447,1.271146,0.093426,0.098290,-0.010105,0.092801,0.105670,-0.013142,0.704347,-0.709855,0.703863,-0.710336,0.000000,0.516610,0.457637,-0.001215,0.000000,0.139953,-0.141109,-0.002622
2.040,0.240446,0.238045,1.139327,0.056020,0.057434,1.270941,0.095278,0.100405,-0.010367,0.092331,0.105766,-0.013083,0.704126,-0.710075,0.703620,-0.710576,0.000000,0.519433,0.454786,-0.001268,0.000000,0.142411,-0.143967,-0.002682
2.060,0.242614,0.240188,1.139328,0.057944,0.059463,1.270731,0.097119,0.102521,-0.010628,0.091800,0.105814,-0.012997,0.703891,-0.710308,0.703364,-0.710830,0.000000,0.522306,0.451879,-0.001322,0.000000,0.144811,-0.146769,-0.002733
2.080,0.244827,0.242373,1.139329,0.059905,0.061534,1.270516,0.098949,0.104637,-0.010887,0.091208,0.105810,-0.012883,0.703642,-0.710555,0.703092,-0.711099,0.000000,0.525225,0.448916,-0.001377,0.000000,0.147147,-0.149510,-0.002775
2.100,0.247084,0.244600,1.139329,0.061902,0.063648,1.270296,0.100767,0.106753,-0.011143,0.090556,0.105754,-0.012741,0.703377,-0.710817,0.702805,-0.711383,0.000000,0.528191,0.445899,-0.001433,0.000000,0.149417,-0.152188,-0.002806
2.120,0.249384,0.246868,1.139329,0.063936,0.065804,1.270070,0.102571,0.108867,-0.011396,0.089845,0.105644,-0.012569,0.703097,-0.711094,0.702501,-0.711682,0.000000,0.531202,0.442829,-0.001489,0.000000,0.151614,-0.154798,-0.002827
2.140,0.251727,0.249176,1.139329,0.066005,0.068003,1.269840,0.104360,0.110978,-0.011646,0.089077,0.105477,-0.012368,0.702800,-0.711388,0.702181,-0.711998,0.000000,0.534255,0.439707,-0.001546,0.000000,0.153735,-0.157335,-0.002836
2.160,0.254114,0.251525,1.139329,0.068110,0.070244,1.269605,0.106134,0.113086,-0.011891,0.088251,0.105252,-0.012137,0.702485,-0.711699,0.701844,-0.712331,0.000000,0.537350,0.436536,-0.001602,0.000000,0.155774,-0.159796,-0.002834
2.180,0.256543,0.253914,1.139328,0.070250,0.072526,1.269364,0.107890,0.115188,-0.012131,0.087371,0.104966,-0.011877,0.702152,-0.712027,0.701488,-0.712682,0.000000,0.540486,0.433316,-0.001659,0.000000,0.157728,-0.162175,-0.002819
2.200,0.259015,0.256343,1.139327,0.072425,0.074851,1.269119,0.109628,0.117284,-0.012365,0.086435,0.104618,-0.011586,0.701800,-0.712374,0.701113,-0.713050,0.000000,0.543659,0.430050,-0.001715,0.000000,0.159591,-0.164469,-0.002792
2.220,0.261529,0.258810,1.139326,0.074635,0.077218,1.268870,0.111347,0.119372,-0.012594,0.085446,0.104204,-0.011265,0.701429,-0.712740,0.700719,-0.713438,0.000000,0.546869,0.426738,-0.001771,0.000000,0.161359,-0.166672,-0.002753
2.240,0.264085,0.261316,1.139325,0.076879,0.079626,1.268616,0.113046,0.121451,-0.012816,0.084405,0.103723,-0.010914,0.701036,-0.713125,0.700304,-0.713845,0.000000,0.550113,0.423383,-0.001825,0.000000,0.163027,-0.168780,-0.002702
2.260,0.266682,0.263861,1.139323,0.079157,0.082076,1.268357,0.114723,0.123521,-0.013030,0.083312,0.103173,-0.010533,0.700623,-0.713532,0.699869,-0.714272,0.000000,0.553389,0.419987,-0.001879,0.000000,0.164592,-0.170788,-0.002638
2.280,0.269321,0.266442,1.139322,0.081468,0.084567,1.268094,0.116378,0.125578,-0.013237,0.082169,0.102552,-0.010122,0.700187,-0.713959,0.699411,-0.714719,0.000000,0.556696,0.416552,-0.001931,0.000000,0.166048,-0.172691,-0.002563
2.300,0.272000,0.269061,1.139320,0.083812,0.087099,1.267828,0.118009,0.127622,-0.013435,0.080977,0.101857,-0.009682,0.699728,-0.714409,0.698932,-0.715188,0.000000,0.560030,0.413081,-0.001981,0.000000,0.167391,-0.174485,-0.002476
2.320,0.274720,0.271715,1.139318,0.086188,0.089671,1.267557,0.119617,0.129652,-0.013624,0.079738,0.101088,-0.009214,0.699246,-0.714881,0.698429,-0.715679,0.000000,0.563390,0.409574,-0.002030,0.000000,0.168618,-0.176163,-0.002378
2.340,0.277479,0.274405,1.139316,0.088596,0.092285,1.267283,0.121199,0.131665,-0.013803,0.078451,0.100242,-0.008716,0.698739,-0.715377,0.697902,-0.716193,0.000000,0.566774,0.406035,-0.002076,0.000000,0.169722,-0.177721,-0.002270
2.360,0.280278,0.277130,1.139314,0.091036,0.094938,1.267005,0.122754,0.133661,-0.013973,0.077119,0.099318,-0.008191,0.698206,-0.715897,0.697351,-0.716730,0.000000,0.570178,0.402466,-0.002120,0.000000,0.170701,-0.179154,-0.002152
2.380,0.283115,0.279889,1.139312,0.093506,0.097631,1.266724,0.124283,0.135637,-0.014131,0.075742,0.098316,-0.007638,0.697647,-0.716442,0.696774,-0.717291,0.000000,0.573601,0.398870,-0.002162,0.000000,0.171549,-0.180456,-0.002026
2.400,0.285991,0.282681,1.139310,0.096007,0.100363,1.266440,0.125784,0.137593,-0.014278,0.074321,0.097235,-0.007059,0.697060,-0.717013,0.696170,-0.717876,0.000000,0.577040,0.395249,-0.002201,0.000000,0.172263,-0.181622,-0.001892
2.420,0.288905,0.285505,1.139308,0.098538,0.103134,1.266153,0.127256,0.139526,-0.014413,0.072858,0.096074,-0.006454,0.696446,-0.717610,0.695540,-0.718487,0.000000,0.580491,0.391606,-0.002238,0.000000,0.172839,-0.182646,-0.001752
2.440,0.291855,0.288360,1.139306,0.101097,0.105944,1.265863,0.128698,0.141435,-0.014536,0.071354,0.094833,-0.005823,0.695802,-0.718234,0.694882,-0.719124,0.000000,0.583952,0.387944,-0.002271,0.000000,0.173271,-0.183522,-0.001606
2.460,0.294842,0.291246,1.139305,0.103685,0.108792,1.265572,0.130110,0.143319,-0.014646,0.069809,0.093513,-0.005168,0.695129,-0.718885,0.694195,-0.719787,0.000000,0.587421,0.384266,-0.002302,0.000000,0.173556,-0.184245,-0.001457
2.480,0.297866,0.294162,1.139303,0.106301,0.111677,1.265278,0.131490,0.145175,-0.014742,0.068225,0.092115,-0.004490,0.694425,-0.719565,0.693479,-0.720477,0.000000,0.590893,0.380575,-0.002330,0.000000,0.173690,-0.184810,-0.001305
2.500,0.300924,0.297106,1.139302,0.108945,0.114599,1.264982,0.132838,0.147003,-0.014825,0.066603,0.090639,-0.003789,0.693689,-0.720274,0.692732,-0.721195,0.000000,0.594367,0.376874,-0.002354,0.000000,0.173669,-0.185209,-0.001152
2.520,0.304017,0.300077,1.139301,0.111615,0.117557,1.264685,0.134154,0.148800,-0.014894,0.064944,0.089089,-0.003066,0.692922,-0.721013,0.691954,-0.721941,0.000000,0.597839,0.373168,-0.002376,0.000000,0.173488,-0.185437,-0.000999
2.540,0.307144,0.303075,1.139300,0.114311,0.120550,1.264386,0.135436,0.150566,-0.014948,0.063249,0.087465,-0.002322,0.692121,-0.721782,0.691144,-0.722717,0.000000,0.601306,0.369458,-0.002394,0.000000,0.173144,-0.185489,-0.000849
2.560,0.310304,0.306098,1.139299,0.117032,0.123579,1.264087,0.136684,0.152299,-0.014987,0.061518,0.085771,-0.001559,0.691286,-0.722581,0.690302,-0.723522,0.000000,0.604764,0.365749,-0.002410,0.000000,0.172634,-0.185360,-0.000703
2.580,0.313497,0.309145,1.139298,0.119778,0.126642,1.263787,0.137896,0.153997,-0.015010,0.059753,0.084010,-0.000778,0.690416,-0.723413,0.689425,-0.724357,0.000000,0.608210,0.362045,-0.002422,0.000000,0.171954,-0.185045,-0.000561
2.600,0.316722,0.312214,1.139298,0.122547,0.129739,1.263487,0.139073,0.155659,-0.015018,0.057955,0.082186,0.000021,0.689511,-0.724276,0.688514,-0.725223,0.000000,0.611641,0.358349,-0.002432,0.000000,0.171102,-0.184541,-0.000426
2.620,0.319977,0.315306,1.139298,0.125340,0.132868,1.263186,0.140214,0.157284,-0.015009,0.056124,0.080302,0.000837,0.688569,-0.725171,0.687568,-0.726120,0.000000,0.615053,0.354665,-0.002439,0.000000,0.170076,-0.183842,-0.000297
2.640,0.323263,0.318417,1.139298,0.128156,0.136030,1.262886,0.141318,0.158870,-0.014984,0.054263,0.078363,0.001668,0.687589,-0.726100,0.686585,-0.727050,0.000000,0.618443,0.350996,-0.002444,0.000000,0.168873,-0.182947,-0.000177
2.660,0.326578,0.321548,1.139298,0.130993,0.139223,1.262587,0.142385,0.160418,-0.014942,0.052371,0.076373,0.002512,0.686572,-0.727062,0.685565,-0.728012,0.000000,0.621807,0.347348,-0.002446,0.000000,0.167493,-0.181853,-0.000065
2.680,0.329921,0.324697,1.139298,0.133851,0.142446,1.262289,0.143413,0.161925,-0.014883,0.050450,0.074337,0.003370,0.685516,-0.728058,0.684506,-0.729007,0.000000,0.625141,0.343724,-0.002447,0.000000,0.165935,-0.180557,0.000038
2.700,0.333292,0.327862,1.139299,0.136729,0.145699,1.261992,0.144402,0.163391,-0.014807,0.048502,0.072260,0.004239,0.684420,-0.729088,0.683409,-0.730036,0.000000,0.628443,0.340127,-0.002445,0.000000,0.164196,-0.179058,0.000130
2.720,0.336691,0.331042,1.139300,0.139627,0.148982,1.261697,0.145353,0.164815,-0.014714,0.046527,0.070147,0.005118,0.683283,-0.730154,0.682272,-0.731099,0.000000,0.631708,0.336563,-0.002442,0.000000,0.162278,-0.177355,0.000213
2.740,0.340115,0.334236,1.139301,0.142543,0.152292,1.261403,0.146263,0.166197,-0.014603,0.044527,0.068004,0.006006,0.682104,-0.731255,0.681093,-0.732197,0.000000,0.634933,0.333034,-0.002437,0.000000,0.160180,-0.175446,0.000285
2.760,0.343564,0.337443,1.139301,0.145477,0.155629,1.261113,0.147134,0.167535,-0.014474,0.042504,0.065835,0.006901,0.680883,-0.732392,0.679873,-0.733330,0.000000,0.638114,0.329546,-0.002430,0.000000,0.157903,-0.173332,0.000347
2.780,0.347038,0.340661,1.139302,0.148428,0.158993,1.260825,0.147963,0.168830,-0.014327,0.040459,0.063646,0.007802,0.679619,-0.733565,0.678610,-0.734499,0.000000,0.641248,0.326102,-0.002423,0.000000,0.155446,-0.171013,0.000399
2.800,0.350534,0.343888,1.139304,0.151395,0.162382,1.260540,0.148752,0.170081,-0.014161,0.038394,0.061442,0.008708,0.678311,-0.734775,0.677303,-0.735704,0.000000,0.644330,0.322707,-0.002414,0.000000,0.152812,-0.168488,0.000441
2.820,0.354054,0.347124,1.139305,0.154378,0.165796,1.260258,0.149499,0.171287,-0.013978,0.036310,0.059230,0.009616,0.676958,-0.736022,0.675951,-0.736946,0.000000,0.647359,0.319364,-0.002405,0.000000,0.150001,-0.165761,0.000472
2.840,0.357594,0.350366,1.139306,0.157375,0.169233,1.259981,0.150204,0.172450,-0.013777,0.034211,0.057013,0.010527,0.675558,-0.737306,0.674554,-0.738226,0.000000,0.650329,0.316078,-0.002395,0.000000,0.147015,-0.162831,0.000495
2.860,0.361156,0.353615,1.139307,0.160386,0.172693,1.259707,0.150867,0.173568,-0.013557,0.032097,0.054798,0.011437,0.674112,-0.738629,0.673110,-0.739543,0.000000,0.653238,0.312852,-0.002385,0.000000,0.143858,-0.159701,0.000509
2.880,0.364737,0.356867,1.139308,0.163409,0.176176,1.259439,0.151488,0.174642,-0.013319,0.029971,0.052589,0.012345,0.672618,-0.739990,0.671618,-0.740898,0.000000,0.656083,0.309691,-0.002375,0.000000,0.140530,-0.156374,0.000514
2.900,0.368337,0.360123,1.139309,0.166445,0.179679,1.259175,0.152066,0.175672,-0.013063,0.027836,0.050393,0.013250,0.671075,-0.741389,0.670077,-0.742292,0.000000,0.658858,0.306599,-0.002365,0.000000,0.137035,-0.152852,0.000513
2.920,0.371954,0.363380,1.139311,0.169492,0.183202,1.258916,0.152601,0.176658,-0.012789,0.025694,0.048212,0.014150,0.669482,-0.742828,0.668486,-0.743725,0.000000,0.661563,0.303578,-0.002355,0.000000,0.133377,-0.149139,0.000506
2.940,0.375589,0.366637,1.139312,0.172549,0.186745,1.258663,0.153094,0.177600,-0.012497,0.023549,0.046052,0.015044,0.667838,-0.744306,0.666844,-0.745198,0.000000,0.664192,0.300634,-0.002345,0.000000,0.129558,-0.145240,0.000493
2.960,0.379239,0.369893,1.139313,0.175615,0.190306,1.258416,0.153543,0.178500,-0.012188,0.021403,0.043917,0.015929,0.666143,-0.745824,0.665150,-0.746710,0.000000,0.666744,0.297770,-0.002335,0.000000,0.125584,-0.141157,0.000477
2.980,0.382904,0.373147,1.139314,0.178690,0.193885,1.258176,0.153950,0.179357,-0.011860,0.019259,0.041811,0.016804,0.664394,-0.747382,0.663403,-0.748263,0.000000,0.669215,0.294989,-0.002326,0.000000,0.121458,-0.136897,0.000459
3.000,0.386583,0.376397,1.139314,0.181773,0.197480,1.257942,0.154314,0.180173,-0.011516,0.017122,0.039738,0.017667,0.662592,-0.748981,0.661601,-0.749856,0.000000,0.671601,0.292295,-0.002317,0.000000,0.117185,-0.132464,0.000439
3.020,0.390275,0.379641,1.139315,0.184862,0.201091,1.257715,0.154635,0.180947,-0.011154,0.014994,0.037701,0.018516,0.660734,-0.750620,0.659745,-0.751490,0.000000,0.673901,0.289692,-0.002308,0.000000,0.112769,-0.127865,0.000421
3.040,0.393979,0.382880,1.139316,0.187958,0.204718,1.257496,0.154914,0.181681,-0.010775,0.012880,0.035702,0.019349,0.658820,-0.752301,0.657832,-0.753165,0.000000,0.676111,0.287182,-0.002300,0.000000,0.108217,-0.123104,0.000404
3.060,0.397695,0.386111,1.139316,0.191059,0.208358,1.257284,0.155150,0.182375,-0.010380,0.010785,0.033745,0.020165,0.656848,-0.754023,0.655861,-0.754882,0.000000,0.678229,0.284769,-0.002292,0.000000,0.103534,-0.118188,0.000392
3.080,0.401420,0.389333,1.139317,0.194164,0.212012,1.257081,0.155345,0.183031,-0.009969,0.008712,0.031831,0.020962,0.654818,-0.755786,0.653831,-0.756640,0.000000,0.680252,0.282455,-0.002284,0.000000,0.098723,-0.113123,0.000383
3.100,0.405155,0.392546,1.139317,0.197272,0.215679,1.256886,0.155499,0.183649,-0.009542,0.006665,0.029962,0.021737,0.652728,-0.757592,0.651742,-0.758441,0.000000,0.682177,0.280245,-0.002277,0.000000,0.093791,-0.107914,0.000380
3.120,0.408898,0.395747,1.139318,0.200383,0.219358,1.256699,0.155612,0.184230,-0.009099,0.004650,0.028140,0.022490,0.650577,-0.759440,0.649591,-0.760284,0.000000,0.684003,0.278140,-0.002269,0.000000,0.088742,-0.102567,0.000384
3.140,0.412649,0.398936,1.139318,0.203496,0.223048,1.256522,0.155685,0.184775,-0.008642,0.002670,0.026367,0.023217,0.648363,-0.761331,0.647378,-0.762169,0.000000,0.685726,0.276143,-0.002261,0.000000,0.083582,-0.097089,0.000394
3.160,0.416406,0.402112,1.139318,0.206611,0.226749,1.256354,0.155719,0.185285,-0.008171,0.000731,0.024643,0.023918,0.646086,-0.763265,0.645101,-0.764097,0.000000,0.687345,0.274257,-0.002253,0.000000,0.078317,-0.091485,0.000412
3.180,0.420169,0.405273,1.139318,0.209725,0.230459,1.256195,0.155715,0.185761,-0.007686,-0.001163,0.022969,0.024590,0.643744,-0.765241,0.642760,-0.766068,0.000000,0.688858,0.272484,-0.002245,0.000000,0.072950,-0.085762,0.000438
3.200,0.423937,0.408419,1.139318,0.212839,0.234179,1.256046,0.155673,0.186204,-0.007187,-0.003007,0.021347,0.025232,0.641335,-0.767261,0.640352,-0.768082,0.000000,0.690263,0.270827,-0.002235,0.000000,0.067488,-0.079925,0.000471
3.220,0.427709,0.411548,1.139318,0.215952,0.237907,1.255908,0.155595,0.186615,-0.006677,-0.004797,0.019776,0.025842,0.638858,-0.769325,0.637877,-0.770139,0.000000,0.691557,0.269288,-0.002226,0.000000,0.061935,-0.073981,0.000512
3.240,0.431484,0.414660,1.139318,0.219062,0.241643,1.255779,0.155481,0.186995,-0.006154,-0.006529,0.018258,0.026419,0.636312,-0.771432,0.635332,-0.772239,0.000000,0.692739,0.267869,-0.002215,0.000000,0.056298,-0.067936,0.000561
3.260,0.435261,0.417753,1.139318,0.222171,0.245387,1.255662,0.155334,0.187346,-0.005620,-0.008198,0.016793,0.026961,0.633695,-0.773583,0.632718,-0.774382,0.000000,0.693808,0.266571,-0.002203,0.000000,0.050581,-0.061796,0.000616
3.280,0.439040,0.420826,1.139318,0.225276,0.249137,1.255555,0.155154,0.187667,-0.005076,-0.009800,0.015381,0.027467,0.631006,-0.775778,0.630032,-0.776570,0.000000,0.694762,0.265397,-0.002190,0.000000,0.044789,-0.055567,0.000679
3.300,0.442819,0.423879,1.139318,0.228377,0.252893,1.255459,0.154943,0.187961,-0.004522,-0.011331,0.014022,0.027935,0.628244,-0.778017,0.627272,-0.778800,0.000000,0.695599,0.264349,-0.002176,0.000000,0.038929,-0.049256,0.000748
3.320,0.446599,0.426910,1.139318,0.231473,0.256655,1.255374,0.154701,0.188229,-0.003959,-0.012788,0.012718,0.028364,0.625406,-0.780300,0.624438,-0.781074,0.000000,0.696319,0.263428,-0.002160,0.000000,0.033005,-0.042869,0.000821
3.340,0.450378,0.429918,1.139318,0.234565,0.260422,1.255300,0.154432,0.188470,-0.003387,-0.014167,0.011467,0.028754,0.622491,-0.782627,0.621528,-0.783392,0.000000,0.696919,0.262635,-0.002143,0.000000,0.027024,-0.036412,0.000899
3.360,0.454155,0.432903,1.139318,0.237650,0.264194,1.255239,0.154135,0.188688,-0.002809,-0.015465,0.010272,0.029103,0.619498,-0.784998,0.618541,-0.785753,0.000000,0.697399,0.261972,-0.002124,0.000000,0.020989,-0.029892,0.000981
3.380,0.457931,0.435864,1.139318,0.240730,0.267970,1.255188,0.153813,0.188882,-0.002223,-0.016679,0.009131,0.029410,0.616426,-0.787413,0.615474,-0.788157,0.000000,0.697759,0.261439,-0.002104,0.000000,0.014908,-0.023316,0.001063
3.400,0.461704,0.438800,1.139317,0.243803,0.271749,1.255150,0.153468,0.189053,-0.001632,-0.017807,0.008047,0.029675,0.613271,-0.789873,0.612326,-0.790605,0.000000,0.697996,0.261039,-0.002082,0.000000,0.008785,-0.016689,0.001146
3.420,0.465473,0.441709,1.139317,0.246868,0.275532,1.255123,0.153102,0.189204,-0.001037,-0.018847,0.007018,0.029898,0.610033,-0.792376,0.609096,-0.793097,0.000000,0.698110,0.260772,-0.002058,0.000000,0.002627,-0.010020,0.001228
3.440,0.469239,0.444592,1.139317,0.249927,0.279317,1.255108,0.152715,0.189334,-0.000437,-0.019797,0.006046,0.030077,0.606710,-0.794923,0.605782,-0.795631,0.000000,0.698100,0.260639,-0.002033,0.000000,-0.003562,-0.003313,0.001306
3.460,0.473001,0.447447,1.139316,0.252977,0.283105,1.255105,0.152310,0.189446,0.000166,-0.020657,0.005133,0.030214,0.603301,-0.797514,0.602381,-0.798209,0.000000,0.697967,0.260640,-0.002006,0.000000,-0.009776,0.003424,0.001379
3.480,0.476757,0.450274,1.139316,0.256019,0.286895,1.255115,0.151890,0.189540,0.000771,-0.021424,0.004279,0.030307,0.599803,-0.800148,0.598893,-0.800829,0.000000,0.697709,0.260776,-0.001978,0.000000,-0.016010,0.010185,0.001445
3.500,0.480508,0.453071,1.139315,0.259052,0.290686,1.255136,0.151454,0.189618,0.001378,-0.022100,0.003485,0.030357,0.596215,-0.802825,0.595315,-0.803492,0.000000,0.697327,0.261047,-0.001948,0.000000,-0.022256,0.016962,0.001501
3.520,0.484253,0.455839,1.139314,0.262077,0.294479,1.255170,0.151006,0.189680,0.001985,-0.022684,0.002753,0.030366,0.592535,-0.805545,0.591646,-0.806198,0.000000,0.696819,0.261454,-0.001918,0.000000,-0.028511,0.023749,0.001545
3.540,0.487992,0.458576,1.139314,0.265092,0.298274,1.255216,0.150547,0.189728,0.002592,-0.023177,0.002085,0.030332,0.588761,-0.808307,0.587884,-0.808945,0.000000,0.696186,0.261997,-0.001886,0.000000,-0.034768,0.030540,0.001575
3.560,0.491725,0.461281,1.139313,0.268099,0.302068,1.255274,0.150080,0.189764,0.003198,-0.023582,0.001483,0.030257,0.584891,-0.811112,0.584026,-0.811735,0.000000,0.695428,0.262676,-0.001855,0.000000,-0.041022,0.037328,0.001590
3.580,0.495450,0.463955,1.139312,0.271096,0.305864,1.255344,0.149605,0.189788,0.003802,-0.023898,0.000949,0.030143,0.580924,-0.813958,0.580070,-0.814566,0.000000,0.694545,0.263490,-0.001823,0.000000,-0.047269,0.044107,0.001588
3.600,0.499168,0.466596,1.139310,0.274083,0.309660,1.255426,0.149124,0.189802,0.004404,-0.024129,0.000485,0.029990,0.576857,-0.816845,0.576015,-0.817439,0.000000,0.693538,0.264440,-0.001791,0.000000,-0.053502,0.050872,0.001567
3.620,0.502879,0.469204,1.139309,0.277061,0.313456,1.255520,0.148640,0.189808,0.005002,-0.024277,0.000093,0.029799,0.572689,-0.819773,0.571859,-0.820352,0.000000,0.692405,0.265525,-0.001760,0.000000,-0.059717,0.057617,0.001528
3.640,0.506581,0.471778,1.139308,0.280029,0.317252,1.255626,0.148154,0.189806,0.005596,-0.024344,-0.000224,0.029572,0.568417,-0.822740,0.567598,-0.823306,0.000000,0.691149,0.266745,-0.001730,0.000000,-0.065910,0.064337,0.001470
3.660,0.510275,0.474317,1.139307,0.282987,0.321048,1.255744,0.147667,0.189799,0.006184,-0.024332,-0.000466,0.029311,0.564040,-0.825747,0.563232,-0.826299,0.000000,0.689769,0.268098,-0.001702,0.000000,-0.072076,0.071026,0.001392
3.680,0.513961,0.476821,1.139305,0.285935,0.324844,1.255873,0.147181,0.189788,0.006768,-0.024246,-0.000629,0.029016,0.559555,-0.828793,0.558756,-0.829332,0.000000,0.688266,0.269586,-0.001675,0.000000,-0.078210,0.077679,0.001295
3.700,0.517638,0.479290,1.139304,0.288874,0.328640,1.256014,0.146698,0.189775,0.007345,-0.024086,-0.000712,0.028691,0.554960,-0.831877,0.554170,-0.832403,0.000000,0.686641,0.271205,-0.001650,0.000000,-0.084308,0.084292,0.001179
3.720,0.521306,0.481723,1.139302,0.291803,0.332435,1.256167,0.146218,0.189760,0.007915,-0.023857,-0.000714,0.028335,0.550253,-0.834998,0.549471,-0.835513,0.000000,0.684894,0.272957,-0.001628,0.000000,-0.090366,0.090861,0.001045
3.740,0.524965,0.484119,1.139301,0.294723,0.336230,1.256331,0.145744,0.189747,0.008478,-0.023561,-0.000633,0.027952,0.545432,-0.838155,0.544656,-0.838659,0.000000,0.683027,0.274839,-0.001608,0.000000,-0.096381,0.097381,0.000894
3.760,0.528614,0.486479,1.139299,0.297633,0.340025,1.256506,0.145276,0.189736,0.009033,-0.023201,-0.000469,0.027542,0.540494,-0.841348,0.539723,-0.841843,0.000000,0.681039,0.276852,-0.001592,0.000000,-0.102347,0.103848,0.000727
3.780,0.532254,0.488801,1.139298,0.300534,0.343820,1.256692,0.144816,0.189729,0.009580,-0.022779,-0.000221,0.027108,0.535436,-0.844576,0.534669,-0.845062,0.000000,0.678933,0.278993,-0.001579,0.000000,-0.108262,0.110258,0.000547
3.800,0.535885,0.491085,1.139297,0.303426,0.347614,1.256889,0.144365,0.189727,0.010117,-0.022296,0.000111,0.026651,0.530257,-0.847837,0.529491,-0.848316,0.000000,0.676709,0.281262,-0.001570,0.000000,-0.114122,0.116608,0.000354
3.820,0.539506,0.493332,1.139295,0.306308,0.351409,1.257097,0.143925,0.189734,0.010646,-0.021756,0.000527,0.026174,0.524953,-0.851131,0.524187,-0.851603,0.000000,0.674369,0.283657,-0.001565,0.000000,-0.119924,0.122894,0.000152
3.840,0.543117,0.495539,1.139294,0.309183,0.355204,1.257315,0.143495,0.189749,0.011164,-0.021159,0.001026,0.025677,0.519522,-0.854457,0.518753,-0.854924,0.000000,0.671913,0.286177,-0.001564,0.000000,-0.125664,0.129114,-0.000057
3.860,0.546717,0.497708,1.139294,0.312048,0.358999,1.257543,0.143079,0.189775,0.011673,-0.020507,0.001606,0.025163,0.513961,-0.857814,0.513187,-0.858277,0.000000,0.669342,0.288821,-0.001568,0.000000,-0.131339,0.135265,-0.000270
3.880,0.550308,0.499838,1.139293,0.314906,0.362795,1.257782,0.142675,0.189814,0.012171,-0.019800,0.002265,0.024633,0.508266,-0.861200,0.507486,-0.861660,0.000000,0.666659,0.291587,-0.001575,0.000000,-0.136947,0.141343,-0.000484
3.900,0.553888,0.501929,1.139293,0.317756,0.366591,1.258030,0.142287,0.189866,0.012658,-0.019038,0.003001,0.024089,0.502436,-0.864614,0.501648,-0.865072,0.000000,0.663865,0.294474,-0.001587,0.000000,-0.142484,0.147346,-0.000695
3.920,0.557458,0.503979,1.139293,0.320597,0.370389,1.258288,0.141914,0.189934,0.013134,-0.018222,0.003810,0.023531,0.496467,-0.868055,0.495667,-0.868512,0.000000,0.660961,0.297480,-0.001603,0.000000,-0.147949,0.153273,-0.000900
3.940,0.561017,0.505990,1.139293,0.323432,0.374189,1.258555,0.141558,0.190019,0.013599,-0.017348,0.004688,0.022962,0.490356,-0.871522,0.489543,-0.871979,0.000000,0.657948,0.300605,-0.001623,0.000000,-0.153337,0.159120,-0.001095
3.960,0.564565,0.507961,1.139294,0.326260,0.377990,1.258832,0.141221,0.190122,0.014052,-0.016417,0.005630,0.022382,0.484099,-0.875013,0.483271,-0.875471,0.000000,0.654828,0.303845,-0.001647,0.000000,-0.158648,0.164888,-0.001274
3.980,0.568102,0.509892,1.139294,0.329081,0.381794,1.259117,0.140902,0.190245,0.014494,-0.015424,0.006630,0.021793,0.477692,-0.878527,0.476847,-0.878986,0.000000,0.651602,0.307200,-0.001674,0.000000,-0.163879,0.170573,-0.001434
4.000,0.571628,0.511782,1.139296,0.331896,0.385600,1.259411,0.140604,0.190388,0.014924,-0.014368,0.007682,0.021195,0.471133,-0.882062,0.470270,-0.882523,0.000000,0.648273,0.310667,-0.001704,0.000000,-0.169028,0.176174,-0.001569
4.020,0.575143,0.513631,1.139298,0.334705,0.389410,1.259714,0.140328,0.190552,0.015342,-0.013242,0.008778,0.020590,0.464418,-0.885616,0.463534,-0.886079,0.000000,0.644842,0.314246,-0.001736,0.000000,-0.174093,0.181691,-0.001675
4.040,0.578646,0.515440,1.139300,0.337509,0.393222,1.260025,0.140075,0.190739,0.015748,-0.012043,0.009908,0.019976,0.457542,-0.889188,0.456637,-0.889653,0.000000,0.641310,0.317934,-0.001771,0.000000,-0.179072,0.187121,-0.001745
4.060,0.582138,0.517207,1.139302,0.340309,0.397039,1.260344,0.139847,0.190949,0.016141,-0.010765,0.011065,0.019356,0.450501,-0.892776,0.449576,-0.893242,0.000000,0.637679,0.321730,-0.001806,0.000000,-0.183963,0.192464,-0.001778
4.080,0.585617,0.518933,1.139305,0.343103,0.400861,1.260671,0.139645,0.191182,0.016522,-0.009401,0.012238,0.018729,0.443293,-0.896377,0.442345,-0.896845,0.000000,0.633952,0.325632,-0.001841,0.000000,-0.188764,0.197717,-0.001768
4.100,0.589085,0.520618,1.139308,0.345895,0.404687,1.261005,0.139471,0.191438,0.016890,-0.007946,0.013416,0.018095,0.435912,-0.899989,0.434943,-0.900458,0.000000,0.630129,0.329638,-0.001876,0.000000,-0.193473,0.202880,-0.001712
4.120,0.592540,0.522262,1.139311,0.348683,0.408518,1.261346,0.139328,0.191718,0.017246,-0.006391,0.014587,0.017454,0.428354,-0.903611,0.427364,-0.904080,0.000000,0.626214,0.333747,-0.001910,0.000000,-0.198089,0.207950,-0.001607
4.140,0.595983,0.523863,1.139314,0.351468,0.412356,1.261695,0.139216,0.192022,0.017588,-0.004731,0.015741,0.016807,0.420615,-0.907239,0.419606,-0.907706,0.000000,0.622206,0.337956,-0.001940,0.000000,-0.202610,0.212925,-0.001450
4.160,0.599413,0.525424,1.139318,0.354251,0.416199,1.262050,0.139139,0.192348,0.017918,-0.002958,0.016864,0.016152,0.412692,-0.910871,0.411664,-0.911336,0.000000,0.618110,0.342263,-0.001967,0.000000,-0.207033,0.217803,-0.001240
4.180,0.602830,0.526942,1.139322,0.357034,0.420050,1.262411,0.139099,0.192696,0.018234,-0.001066,0.017943,0.015491,0.404579,-0.914503,0.403536,-0.914964,0.000000,0.613926,0.346667,-0.001989,0.000000,-0.211357,0.222582,-0.000974
4.200,0.606233,0.528418,1.139325,0.359816,0.423907,1.262779,0.139098,0.193065,0.018537,0.000953,0.018966,0.014821,0.396272,-0.918133,0.395217,-0.918588,0.000000,0.609656,0.351166,-0.002006,0.000000,-0.215580,0.227259,-0.000651
4.220,0.609624,0.529852,1.139329,0.362598,0.427772,1.263153,0.139138,0.193454,0.018827,0.003103,0.019919,0.014145,0.387767,-0.921757,0.386703,-0.922204,0.000000,0.605303,0.355757,-0.002015,0.000000,-0.219700,0.231833,-0.000269
4.240,0.613000,0.531244,1.139332,0.365381,0.431646,1.263532,0.139223,0.193861,0.019103,0.005392,0.020789,0.013460,0.379060,-0.925372,0.377992,-0.925809,0.000000,0.600869,0.360438,-0.002016,0.000000,-0.223716,0.236300,0.000171
4.260,0.616363,0.532594,1.139335,0.368167,0.435527,1.263917,0.139354,0.194285,0.019365,0.007823,0.021562,0.012766,0.370147,-0.928973,0.369080,-0.929398,0.000000,0.596355,0.365208,-0.002008,0.000000,-0.227626,0.240658,0.000671
4.280,0.619712,0.533901,1.139338,0.370956,0.439417,1.264306,0.139536,0.194723,0.019614,0.010402,0.022223,0.012065,0.361024,-0.932557,0.359963,-0.932967,0.000000,0.591765,0.370064,-0.001989,0.000000,-0.231427,0.244905,0.001230
4.300,0.623046,0.535166,1.139341,0.373749,0.443316,1.264701,0.139772,0.195173,0.019848,0.013132,0.022759,0.011354,0.351686,-0.936118,0.350637,-0.936511,0.000000,0.587099,0.375003,-0.001958,0.000000,-0.235119,0.249036,0.001848
4.320,0.626366,0.536388,1.139343,0.376547,0.447224,1.265100,0.140063,0.195633,0.020068,0.016015,0.023157,0.010634,0.342130,-0.939653,0.341101,-0.940027,0.000000,0.582361,0.380025,-0.001915,0.000000,-0.238700,0.253050,0.002524
4.340,0.629672,0.537567,1.139344,0.379352,0.451141,1.265504,0.140413,0.196098,0.020273,0.019052,0.023403,0.009904,0.332351,-0.943156,0.331351,-0.943508,0.000000,0.577552,0.385125,-0.001857,0.000000,-0.242167,0.256943,0.003256
4.360,0.632962,0.538704,1.139345,0.382164,0.455068,1.265911,0.140826,0.196568,0.020464,0.022244,0.023483,0.009165,0.322348,-0.946621,0.321384,-0.946949,0.000000,0.572675,0.390301,-0.001784,0.000000,-0.245520,0.260712,0.004044
4.380,0.636238,0.539797,1.139346,0.384985,0.459004,1.266322,0.141304,0.197037,0.020640,0.025590,0.023384,0.008417,0.312116,-0.950044,0.311196,-0.950346,0.000000,0.567732,0.395552,-0.001695,0.000000,-0.248756,0.264353,0.004884
4.400,0.639499,0.540848,1.139345,0.387817,0.462949,1.266737,0.141851,0.197502,0.020800,0.029086,0.023093,0.007659,0.301651,-0.953418,0.300787,-0.953691,0.000000,0.562725,0.400875,-0.001588,0.000000,-0.251873,0.267863,0.005775
4.420,0.642744,0.541855,1.139344,0.390660,0.466904,1.267154,0.142468,0.197959,0.020946,0.032728,0.022599,0.006891,0.290952,-0.956738,0.290153,-0.956980,0.000000,0.557658,0.406266,-0.001463,0.000000,-0.254872,0.271239,0.006713
4.440,0.645975,0.542819,1.139342,0.393516,0.470868,1.267574,0.143161,0.198404,0.021076,0.036511,0.021888,0.006115,0.280015,-0.959996,0.279293,-0.960206,0.000000,0.552531,0.411723,-0.001319,0.000000,-0.257748,0.274476,0.007696
4.460,0.649190,0.543739,1.139339,0.396387,0.474840,1.267997,0.143930,0.198833,0.021191,0.040425,0.020950,0.005330,0.268838,-0.963185,0.268204,-0.963362,0.000000,0.547349,0.417244,-0.001155,0.000000,-0.260502,0.277570,0.008720
4.480,0.652390,0.544616,1.139336,0.399274,0.478821,1.268422,0.144778,0.199241,0.021289,0.044461,0.019773,0.004538,0.257419,-0.966300,0.256885,-0.966442,0.000000,0.542112,0.422825,-0.000970,0.000000,-0.263131,0.280519,0.009781
4.500,0.655575,0.545449,1.139332,0.402178,0.482810,1.268848,0.145709,0.199622,0.021372,0.048608,0.018348,0.003738,0.245756,-0.969332,0.245335,-0.969438,0.000000,0.536824,0.428464,-0.000764,0.000000,-0.265634,0.283317,0.010874
4.520,0.658745,0.546238,1.139327,0.405103,0.486806,1.269277,0.146723,0.199973,0.021439,0.052849,0.016665,0.002932,0.233849,-0.972273,0.233552,-0.972344,0.000000,0.531487,0.434157,-0.000535,0.000000,-0.268009,0.285961,0.011994
4.540,0.661900,0.546983,1.139322,0.408048,0.490808,1.269706,0.147823,0.200287,0.021489,0.057170,0.014716,0.002121,0.221695,-0.975116,0.221537,-0.975152,0.000000,0.526105,0.439901,-0.000284,0.000000,-0.270255,0.288448,0.013139
4.560,0.665040,0.547683,1.139316,0.411016,0.494817,1.270136,0.149011,0.200560,0.021524,0.061552,0.012493,0.001306,0.209295,-0.977853,0.209289,-0.977854,0.000000,0.520678,0.445694,-0.000010,0.000000,-0.272371,0.290772,0.014302
4.580,0.668165,0.548339,1.139310,0.414009,0.498830,1.270567,0.150286,0.200785,0.021541,0.065976,0.009988,0.000489,0.196648,-0.980474,0.196808,-0.980442,0.000000,0.515211,0.451531,0.000288,0.000000,-0.274355,0.292933,0.015479
4.600,0.671276,0.548951,1.139303,0.417028,0.502848,1.270998,0.151650,0.200957,0.021543,0.070419,0.007196,-0.000330,0.183755,-0.982972,0.184095,-0.982909,0.000000,0.509705,0.457410,0.000610,0.000000,-0.276206,0.294926,0.016666
4.620,0.674372,0.549517,1.139297,0.420076,0.506868,1.271428,0.153103,0.201071,0.021528,0.074860,0.004112,-0.001147,0.170617,-0.985337,0.171150,-0.985245,0.000000,0.504163,0.463327,0.000955,0.000000,-0.277924,0.296749,0.017858
4.640,0.677453,0.550039,1.139291,0.423153,0.510890,1.271859,0.154644,0.201120,0.021497,0.079276,0.000732,-0.001962,0.157234,-0.987561,0.157975,-0.987443,0.000000,0.498589,0.469279,0.001324,0.000000,-0.279506,0.298399,0.019050
4.660,0.680520,0.550516,1.139284,0.426262,0.514912,1.272288,0.156273,0.201098,0.021450,0.083642,-0.002947,-0.002772,0.143610,-0.989634,0.144572,-0.989494,0.000000,0.492984,0.475262,0.001717,0.000000,-0.280953,0.299875,0.020239
4.680,0.683573,0.550948,1.139279,0.429404,0.518934,1.272716,0.157989,0.201000,0.021386,0.087933,-0.006927,-0.003577,0.129746,-0.991547,0.130943,-0.991390,0.000000,0.487352,0.481272,0.002133,0.000000,-0.282262,0.301175,0.021419
4.700,0.686612,0.551334,1.139274,0.432582,0.522952,1.273143,0.159790,0.200819,0.021307,0.092125,-0.011209,-0.004373,0.115645,-0.993291,0.117091,-0.993121,0.000000,0.481694,0.487307,0.002574,0.000000,-0.283435,0.302296,0.022586
4.720,0.689637,0.551674,1.139269,0.435797,0.526966,1.273569,0.161673,0.200549,0.021211,0.096190,-0.015791,-0.005159,0.101312,-0.994855,0.103020,-0.994679,0.000000,0.476015,0.493363,0.003037,0.000000,-0.284469,0.303239,0.023736
4.740,0.692648,0.551969,1.139265,0.439049,0.530973,1.273992,0.163637,0.200185,0.021101,0.100105,-0.020672,-0.005934,0.086750,-0.996230,0.088734,-0.996055,0.000000,0.470317,0.499436,0.003523,0.000000,-0.285365,0.304001,0.024863
4.760,0.695645,0.552218,1.139262,0.442342,0.534972,1.274413,0.165676,0.199721,0.020974,0.103844,-0.025848,-0.006694,0.071965,-0.997407,0.074236,-0.997241,0.000000,0.464601,0.505522,0.004031,0.000000,-0.286121,0.304582,0.025963
4.780,0.698628,0.552421,1.139260,0.445677,0.538961,1.274831,0.167789,0.199149,0.020833,0.107382,-0.031316,-0.007439,0.056962,-0.998376,0.059533,-0.998226,0.000000,0.458873,0.511618,0.004561,0.000000,-0.286739,0.304982,0.027033
4.800,0.701597,0.552578,1.139259,0.449055,0.542938,1.275246,0.169970,0.198466,0.020677,0.110694,-0.037068,-0.008166,0.041747,-0.999128,0.044631,-0.999004,0.000000,0.453133,0.517720,0.005112,0.000000,-0.287216,0.305200,0.028066
4.820,0.704553,0.552688,1.139259,0.452476,0.546899,1.275658,0.172215,0.197665,0.020506,0.113757,-0.043099,-0.008873,0.026328,-0.999653,0.029534,-0.999564,0.000000,0.447385,0.523825,0.005684,0.000000,-0.287553,0.305236,0.029059
4.840,0.707494,0.552753,1.139260,0.455943,0.550843,1.276066,0.174519,0.196740,0.020322,0.116548,-0.049397,-0.009559,0.010713,-0.999943,0.014251,-0.999898,0.000000,0.441632,0.529928,0.006274,0.000000,-0.287750,0.305090,0.030008
4.860,0.710421,0.552771,1.139263,0.459457,0.554768,1.276470,0.176875,0.195687,0.020124,0.119046,-0.055954,-0.010222,-0.005091,-0.999987,-0.001211,-0.999999,0.000000,0.435876,0.536027,0.006884,0.000000,-0.287807,0.304764,0.030906
4.880,0.713333,0.552743,1.139266,0.463019,0.558670,1.276871,0.179278,0.194500,0.019913,0.121231,-0.062757,-0.010861,-0.021074,-0.999778,-0.016843,-0.999858,0.000000,0.430120,0.542118,0.007510,0.000000,-0.287723,0.304258,0.031751
4.900,0.716231,0.552668,1.139270,0.466629,0.562547,1.277267,0.181722,0.193175,0.019690,0.123084,-0.069792,-0.011473,-0.037226,-0.999307,-0.032637,-0.999467,0.000000,0.424368,0.548196,0.008153,0.000000,-0.287500,0.303573,0.032537
4.920,0.719114,0.552548,1.139276,0.470288,0.566396,1.277658,0.184199,0.191707,0.019455,0.124589,-0.077044,-0.012058,-0.053537,-0.998566,-0.048582,-0.998819,0.000000,0.418621,0.554259,0.008811,0.000000,-0.287137,0.302711,0.033261
4.940,0.721982,0.552381,1.139282,0.473997,0.570214,1.278045,0.186703,0.190092,0.019208,0.125730,-0.084495,-0.012614,-0.069994,-0.997547,-0.064669,-0.997907,0.000000,0.412883,0.560303,0.009483,0.000000,-0.286634,0.301672,0.033916
4.960,0.724834,0.552167,1.139289,0.477756,0.573999,1.278427,0.189226,0.188326,0.018950,0.126496,-0.092126,-0.013141,-0.086587,-0.996244,-0.080887,-0.996723,0.000000,0.407157,0.566325,0.010167,0.000000,-0.285992,0.300460,0.034499
4.980,0.727671,0.551908,1.139297,0.481566,0.577746,1.278803,0.191760,0.186406,0.018682,0.126876,-0.099917,-0.013636,-0.103301,-0.994650,-0.097223,-0.995263,0.000000,0.401445,0.572321,0.010863,0.000000,-0.285211,0.299075,0.035006
5.000,0.730491,0.551603,1.139305,0.485427,0.581454,1.279174,0.194298,0.184329,0.018405,0.126863,-0.107844,-0.014101,-0.120124,-0.992759,-0.113666,-0.993519,0.000000,0.395749,0.578287,0.011567,0.000000,-0.284292,0.297522,0.035432
5.020,0.733295,0.551252,1.139313,0.489338,0.585118,1.279539,0.196832,0.182092,0.018119,0.126450,-0.115883,-0.014533,-0.137040,-0.990565,-0.130202,-0.991487,0.000000,0.390074,0.584220,0.012279,0.000000,-0.283235,0.295801,0.035772
5.040,0.736082,0.550855,1.139322,0.493300,0.588737,1.279898,0.199354,0.179693,0.017824,0.125637,-0.124008,-0.014933,-0.154036,-0.988065,-0.146818,-0.989163,0.000000,0.384421,0.590118,0.012997,0.000000,-0.282042,0.293916,0.036023
5.060,0.738852,0.550413,1.139330,0.497312,0.592305,1.280252,0.201855,0.177131,0.017521,0.124423,-0.132190,-0.015301,-0.171096,-0.985254,-0.163500,-0.986543,0.000000,0.378793,0.595976,0.013720,0.000000,-0.280712,0.291870,0.036182
5.080,0.741603,0.549927,1.139338,0.501374,0.595821,1.280599,0.204328,0.174405,0.017212,0.122811,-0.140401,-0.015637,-0.188203,-0.982130,-0.180234,-0.983624,0.000000,0.373193,0.601792,0.014444,0.000000,-0.279247,0.289665,0.036246
5.100,0.744337,0.549395,1.139346,0.505485,0.599280,1.280940,0.206765,0.171515,0.016896,0.120804,-0.148611,-0.015940,-0.205342,-0.978690,-0.197004,-0.980403,0.000000,0.367624,0.607562,0.015169,0.000000,-0.277647,0.287304,0.036213
5.120,0.747052,0.548819,1.139353,0.509644,0.602680,1.281275,0.209158,0.168461,0.016575,0.118410,-0.156789,-0.016212,-0.222496,-0.974934,-0.213795,-0.976879,0.000000,0.362088,0.613283,0.015892,0.000000,-0.275913,0.284790,0.036082
5.140,0.749749,0.548199,1.139359,0.513851,0.606018,1.281603,0.211499,0.165244,0.016248,0.115638,-0.164904,-0.016452,-0.239647,-0.970860,-0.230592,-0.973051,0.000000,0.356588,0.618952,0.016611,0.000000,-0.274047,0.282127,0.035852
5.160,0.752427,0.547534,1.139364,0.518104,0.609289,1.281925,0.213781,0.161865,0.015917,0.112497,-0.172923,-0.016662,-0.256780,-0.966470,-0.247379,-0.968919,0.000000,0.351127,0.624567,0.017325,0.000000,-0.272049,0.279317,0.035521
5.180,0.755085,0.546826,1.139367,0.522402,0.612491,1.282240,0.215996,0.158328,0.015582,0.109000,-0.180815,-0.016841,-0.273877,-0.961765,-0.264141,-0.964484,0.000000,0.345707,0.630124,0.018032,0.000000,-0.269920,0.276364,0.035091
5.200,0.757725,0.546074,1.139370,0.526743,0.615621,1.282548,0.218138,0.154634,0.015243,0.105160,-0.188548,-0.016991,-0.290920,-0.956747,-0.280861,-0.959748,0.000000,0.340331,0.635620,0.018728,0.000000,-0.267661,0.273271,0.034561
5.220,0.760344,0.545279,1.139371,0.531127,0.618675,1.282850,0.220201,0.150787,0.014902,0.100994,-0.196091,-0.017113,-0.307893,-0.951421,-0.297525,-0.954714,0.000000,0.335002,0.641054,0.019413,0.000000,-0.265274,0.270041,0.033933
5.240,0.762945,0.544441,1.139371,0.535551,0.621651,1.283144,0.222176,0.146792,0.014559,0.096516,-0.203413,-0.017208,-0.324780,-0.945790,-0.314116,-0.949385,0.000000,0.329721,0.646421,0.020085,0.000000,-0.262759,0.266678,0.033208
5.260,0.765525,0.543560,1.139369,0.540013,0.624546,1.283432,0.224059,0.142652,0.014214,0.091744,-0.210483,-0.017276,-0.341563,-0.939859,-0.330619,-0.943764,0.000000,0.324492,0.651720,0.020741,0.000000,-0.260117,0.263185,0.032388
5.280,0.768087,0.542636,1.139367,0.544512,0.627357,1.283713,0.225844,0.138374,0.013868,0.086699,-0.217272,-0.017319,-0.358226,-0.933635,-0.347019,-0.937858,0.000000,0.319317,0.656948,0.021380,0.000000,-0.257351,0.259567,0.031475
5.300,0.770628,0.541669,1.139363,0.549046,0.630080,1.283987,0.227525,0.133963,0.013521,0.081398,-0.223752,-0.017339,-0.374754,-0.927124,-0.363302,-0.931671,0.000000,0.314199,0.662102,0.022000,0.000000,-0.254461,0.255826,0.030474
5.320,0.773150,0.540660,1.139357,0.553613,0.632714,1.284254,0.229098,0.129426,0.013175,0.075864,-0.229897,-0.017336,-0.391132,-0.920335,-0.379453,-0.925211,0.000000,0.309140,0.667180,0.022598,0.000000,-0.251449,0.251967,0.029387
5.340,0.775653,0.539608,1.139351,0.558209,0.635257,1.284514,0.230559,0.124770,0.012828,0.070116,-0.235681,-0.017312,-0.407345,-0.913275,-0.395457,-0.918484,0.000000,0.304142,0.672180,0.023174,0.000000,-0.248316,0.247994,0.028219
5.360,0.778137,0.538514,1.139344,0.562834,0.637704,1.284767,0.231902,0.120002,0.012482,0.064177,-0.241080,-0.017268,-0.423378,-0.905953,-0.411302,-0.911499,0.000000,0.299208,0.677099,0.023727,0.000000,-0.245064,0.243910,0.026974
5.380,0.780602,0.537377,1.139337,0.567485,0.640056,1.285013,0.233125,0.115129,0.012138,0.058068,-0.246075,-0.017205,-0.439219,-0.898380,-0.426975,-0.904263,0.000000,0.294340,0.681936,0.024253,0.000000,-0.241694,0.239720,0.025657
5.400,0.783048,0.536198,1.139328,0.572158,0.642309,1.285252,0.234224,0.110161,0.011794,0.051814,-0.250646,-0.017126,-0.454854,-0.890566,-0.442463,-0.896787,0.000000,0.289541,0.686687,0.024752,0.000000,-0.238208,0.235427,0.024275
5.420,0.785476,0.534976,1.139320,0.576853,0.644462,1.285485,0.235196,0.105106,0.011453,0.045435,-0.254776,-0.017030,-0.470272,-0.882522,-0.457756,-0.889078,0.000000,0.284812,0.691352,0.025224,0.000000,-0.234607,0.231037,0.022833
5.440,0.787886,0.533711,1.139311,0.581565,0.646513,1.285710,0.236040,0.099973,0.011113,0.038956,-0.258452,-0.016921,-0.485462,-0.874258,-0.472842,-0.881147,0.000000,0.280157,0.695928,0.025665,0.000000,-0.230894,0.226552,0.021338
5.460,0.790277,0.532404,1.139303,0.586293,0.648460,1.285929,0.236754,0.094772,0.010776,0.032399,-0.261663,-0.016798,-0.500413,-0.865787,-0.487710,-0.873006,0.000000,0.275577,0.700413,0.026077,0.000000,-0.227069,0.221979,0.019797
5.480,0.792651,0.531055,1.139294,0.591035,0.650303,1.286142,0.237336,0.089510,0.010441,0.025787,-0.264402,-0.016663,-0.515117,-0.857120,-0.502353,-0.864663,0.000000,0.271075,0.704807,0.026457,0.000000,-0.223135,0.217320,0.018219
5.500,0.795007,0.529662,1.139286,0.595786,0.652040,1.286347,0.237785,0.084199,0.010109,0.019142,-0.266663,-0.016519,-0.529565,-0.848269,-0.516761,-0.856130,0.000000,0.266653,0.709106,0.026805,0.000000,-0.219093,0.212582,0.016611
5.520,0.797345,0.528227,1.139279,0.600545,0.653671,1.286546,0.238102,0.078847,0.009781,0.012485,-0.268447,-0.016364,-0.543750,-0.839247,-0.530927,-0.847418,0.000000,0.262312,0.713309,0.027121,0.000000,-0.214946,0.207767,0.014981
5.540,0.799667,0.526749,1.139273,0.605309,0.655194,1.286738,0.238285,0.073464,0.009455,0.005839,-0.269755,-0.016202,-0.557665,-0.830066,-0.544844,-0.838538,0.000000,0.258056,0.717416,0.027404,0.000000,-0.210695,0.202881,0.013338
5.560,0.801971,0.525229,1.139267,0.610076,0.656609,1.286924,0.238335,0.068060,0.009132,-0.000775,-0.270594,-0.016034,-0.571305,-0.820738,-0.558506,-0.829501,0.000000,0.253885,0.721424,0.027655,0.000000,-0.206342,0.197928,0.011688
5.580,0.804258,0.523665,1.139263,0.614842,0.657916,1.287104,0.238254,0.062643,0.008814,-0.007337,-0.270970,-0.015859,-0.584665,-0.811275,-0.571907,-0.820318,0.000000,0.249803,0.725333,0.027872,0.000000,-0.201890,0.192910,0.010038
5.600,0.806527,0.522059,1.139259,0.619605,0.659115,1.287277,0.238042,0.057224,0.008498,-0.013827,-0.270895,-0.015680,-0.597741,-0.801689,-0.585044,-0.811001,0.000000,0.245810,0.729140,0.028056,0.000000,-0.197340,0.187833,0.008396
5.620,0.808780,0.520410,1.139257,0.624362,0.660205,1.287444,0.237702,0.051810,0.008186,-0.020226,-0.270382,-0.015497,-0.610530,-0.791993,-0.597913,-0.801561,0.000000,0.241910,0.732846,0.028208,0.000000,-0.192694,0.182699,0.006767
5.640,0.811015,0.518718,1.139256,0.629112,0.661187,1.287604,0.237234,0.046411,0.007878,-0.026515,-0.269446,-0.015312,-0.623030,-0.782198,-0.610509,-0.792009,0.000000,0.238103,0.736448,0.028327,0.000000,-0.187955,0.177512,0.005157
5.660,0.813233,0.516984,1.139256,0.633851,0.662062,1.287759,0.236642,0.041035,0.007574,-0.032677,-0.268105,-0.015125,-0.635240,-0.772315,-0.622832,-0.782355,0.000000,0.234392,0.739946,0.028414,0.000000,-0.183126,0.172275,0.003572
5.680,0.815433,0.515208,1.139257,0.638577,0.662829,1.287907,0.235928,0.035690,0.007273,-0.038694,-0.266377,-0.014938,-0.647158,-0.762356,-0.634880,-0.772611,0.000000,0.230779,0.743338,0.028470,0.000000,-0.178207,0.166990,0.002018
5.700,0.817616,0.513389,1.139260,0.643287,0.663490,1.288050,0.235095,0.030383,0.006976,-0.044551,-0.264283,-0.014750,-0.658785,-0.752332,-0.646650,-0.762787,0.000000,0.227264,0.746625,0.028495,0.000000,-0.173202,0.161661,0.000498
5.720,0.819781,0.511528,1.139263,0.647980,0.664045,1.288186,0.234147,0.025121,0.006683,-0.050231,-0.261845,-0.014563,-0.670120,-0.742253,-0.658143,-0.752893,0.000000,0.223851,0.749805,0.028490,0.000000,-0.168113,0.156290,-0.000983
5.740,0.821928,0.509626,1.139267,0.652652,0.664495,1.288317,0.233087,0.019911,0.006394,-0.055721,-0.259085,-0.014378,-0.681165,-0.732130,-0.669359,-0.742939,0.000000,0.220540,0.752876,0.028456,0.000000,-0.162942,0.150879,-0.002419
5.760,0.824056,0.507683,1.139272,0.657303,0.664841,1.288442,0.231920,0.014759,0.006108,-0.061008,-0.256028,-0.014196,-0.691921,-0.721973,-0.680297,-0.732936,0.000000,0.217334,0.755840,0.028394,0.000000,-0.157691,0.145431,-0.003809
5.780,0.826166,0.505698,1.139278,0.661929,0.665086,1.288561,0.230648,0.009672,0.005826,-0.066079,-0.252697,-0.014017,-0.702390,-0.711792,-0.690960,-0.722893,0.000000,0.214233,0.758693,0.028304,0.000000,-0.152364,0.139947,-0.005148
5.800,0.828258,0.503673,1.139284,0.666528,0.665229,1.288675,0.229278,0.004653,0.005547,-0.070923,-0.249119,-0.013841,-0.712575,-0.701596,-0.701349,-0.712818,0.000000,0.211240,0.761437,0.028188,0.000000,-0.146963,0.134429,-0.006433
5.820,0.830330,0.501608,1.139291,0.671099,0.665272,1.288783,0.227813,-0.000292,0.005272,-0.075529,-0.245317,-0.013670,-0.722479,-0.691393,-0.711465,-0.702721,0.000000,0.208355,0.764070,0.028047,0.000000,-0.141490,0.128880,-0.007661
5.840,0.832383,0.499502,1.139298,0.675640,0.665218,1.288886,0.226258,-0.005158,0.005001,-0.079890,-0.241318,-0.013504,-0.732105,-0.681192,-0.721312,-0.692611,0.000000,0.205581,0.766592,0.027882,0.000000,-0.135948,0.123300,-0.008831
5.860,0.834416,0.497358,1.139305,0.680149,0.665067,1.288983,0.224619,-0.009943,0.004732,-0.083998,-0.237147,-0.013343,-0.741457,-0.671001,-0.730891,-0.682495,0.000000,0.202918,0.769002,0.027695,0.000000,-0.130340,0.117690,-0.009939
5.880,0.836429,0.495175,1.139312,0.684624,0.664821,1.289075,0.222900,-0.014643,0.004467,-0.087846,-0.232828,-0.013188,-0.750538,-0.660827,-0.740205,-0.672381,0.000000,0.200368,0.771300,0.027485,0.000000,-0.124668,0.112051,-0.010985
5.900,0.838423,0.492953,1.139319,0.689064,0.664481,1.289162,0.221107,-0.019255,0.004205,-0.091429,-0.228384,-0.013040,-0.759353,-0.650679,-0.749259,-0.662277,0.000000,0.197931,0.773484,0.027256,0.000000,-0.118935,0.106386,-0.011968
5.920,0.840395,0.490693,1.139325,0.693468,0.664051,1.289244,0.219245,-0.023778,0.003945,-0.094745,-0.223841,-0.012898,-0.767907,-0.640561,-0.758055,-0.652191,0.000000,0.195611,0.775555,0.027007,0.000000,-0.113145,0.100693,-0.012885
5.940,0.842348,0.488396,1.139331,0.697834,0.663531,1.289320,0.217319,-0.028209,0.003689,-0.097790,-0.219219,-0.012764,-0.776204,-0.630482,-0.766598,-0.642127,0.000000,0.193406,0.777512,0.026741,0.000000,-0.107299,0.094973,-0.013738
5.960,0.844279,0.486061,1.139337,0.702160,0.662923,1.289391,0.215335,-0.032546,0.003435,-0.100565,-0.214541,-0.012638,-0.784250,-0.620445,-0.774892,-0.632094,0.000000,0.191319,0.779354,0.026458,0.000000,-0.101401,0.089228,-0.014525
5.980,0.846189,0.483690,1.139341,0.706447,0.662230,1.289457,0.213298,-0.036790,0.003183,-0.103070,-0.209825,-0.012519,-0.792049,-0.610458,-0.782941,-0.622096,0.000000,0.189350,0.781080,0.026160,0.000000,-0.095454,0.083456,-0.015247
6.000,0.848078,0.481283,1.139345,0.710692,0.661452,1.289518,0.211214,-0.040939,0.002934,-0.105309,-0.205089,-0.012408,-0.799606,-0.600524,-0.790749,-0.612140,0.000000,0.187501,0.782692,0.025848,0.000000,-0.089461,0.077658,-0.015903
6.020,0.849945,0.478840,1.139348,0.714895,0.660593,1.289575,0.209088,-0.044994,0.002687,-0.107284,-0.200351,-0.012306,-0.806928,-0.590649,-0.798322,-0.602231,0.000000,0.185772,0.784187,0.025524,0.000000,-0.083424,0.071834,-0.016496
6.040,0.851791,0.476362,1.139350,0.719055,0.659653,1.289626,0.206924,-0.048953,0.002441,-0.109003,-0.195624,-0.012212,-0.814020,-0.580837,-0.805664,-0.592372,0.000000,0.184164,0.785565,0.025189,0.000000,-0.077347,0.065984,-0.017025
6.060,0.853615,0.473848,1.139351,0.723172,0.658635,1.289672,0.204729,-0.052819,0.002198,-0.110471,-0.190921,-0.012127,-0.820887,-0.571090,-0.812781,-0.582570,0.000000,0.182679,0.786826,0.024844,0.000000,-0.071233,0.060108,-0.017492
6.080,0.855418,0.471300,1.139351,0.727244,0.657541,1.289714,0.202507,-0.056590,0.001956,-0.111698,-0.186255,-0.012051,-0.827535,-0.561414,-0.819676,-0.572827,0.000000,0.181315,0.787969,0.024490,0.000000,-0.065085,0.054208,-0.017898
6.100,0.857199,0.468717,1.139351,0.731272,0.656372,1.289751,0.200263,-0.060269,0.001716,-0.112692,-0.181635,-0.011983,-0.833970,-0.551810,-0.826356,-0.563148,0.000000,0.180075,0.788994,0.024128,0.000000,-0.058906,0.048283,-0.018244
6.120,0.858958,0.466101,1.139350,0.735255,0.655131,1.289782,0.198001,-0.063856,0.001477,-0.113464,-0.177070,-0.011925,-0.840197,-0.542281,-0.832826,-0.553535,0.000000,0.178959,0.789900,0.023760,0.000000,-0.052699,0.042335,-0.018530
6.140,0.860695,0.463450,1.139348,0.739192,0.653819,1.289810,0.195726,-0.067352,0.001239,-0.114025,-0.172569,-0.011875,-0.846222,-0.532830,-0.839090,-0.543992,0.000000,0.177968,0.790687,0.023387,0.000000,-0.046467,0.036364,-0.018760
6.160,0.862411,0.460766,1.139345,0.743084,0.652437,1.289832,0.193441,-0.070759,0.001002,-0.114386,-0.168136,-0.011834,-0.852051,-0.523459,-0.845155,-0.534521,0.000000,0.177101,0.791355,0.023010,0.000000,-0.040212,0.030372,-0.018934
6.180,0.864105,0.458049,1.139342,0.746929,0.650989,1.289850,0.191151,-0.074078,0.000766,-0.114561,-0.163778,-0.011803,-0.857689,-0.514169,-0.851025,-0.525126,0.000000,0.176359,0.791902,0.022630,0.000000,-0.033939,0.024360,-0.019055
6.200,0.865778,0.455298,1.139338,0.750730,0.649475,1.289863,0.188860,-0.077311,0.000530,-0.114562,-0.159498,-0.011780,-0.863142,-0.504962,-0.856705,-0.515807,0.000000,0.175743,0.792329,0.022248,0.000000,-0.027649,0.018330,-0.019124
6.220,0.867429,0.452515,1.139334,0.754484,0.647897,1.289871,0.186570,-0.080459,0.000294,-0.114403,-0.155301,-0.011765,-0.868415,-0.495838,-0.862201,-0.506566,0.000000,0.175253,0.792635,0.021866,0.000000,-0.021346,0.012284,-0.019143
6.240,0.869059,0.449699,1.139330,0.758192,0.646257,1.289874,0.184285,-0.083524,0.000059,-0.114097,-0.151189,-0.011759,-0.873514,-0.486799,-0.867518,-0.497406,0.000000,0.174889,0.792820,0.021483,0.000000,-0.015034,0.006222,-0.019115
6.260,0.870668,0.446851,1.139325,0.761855,0.644557,1.289873,0.182007,-0.086507,-0.000176,-0.113658,-0.147163,-0.011762,-0.878444,-0.477845,-0.872661,-0.488326,0.000000,0.174652,0.792884,0.021101,0.000000,-0.008714,0.000148,-0.019041
6.280,0.872255,0.443970,1.139320,0.765473,0.642797,1.289867,0.179739,-0.089411,-0.000411,-0.113101,-0.143224,-0.011773,-0.883210,-0.468977,-0.877635,-0.479330,0.000000,0.174541,0.792826,0.020722,0.000000,-0.002391,-0.005937,-0.018926
6.300,0.873822,0.441058,1.139316,0.769045,0.640981,1.289857,0.177484,-0.092236,-0.000647,-0.112438,-0.139374,-0.011791,-0.887818,-0.460195,-0.882445,-0.470416,0.000000,0.174556,0.792646,0.020345,0.000000,0.003934,-0.012030,-0.018770
6.320,0.875367,0.438114,1.139311,0.772572,0.639108,1.289842,0.175242,-0.094986,-0.000883,-0.111684,-0.135611,-0.011818,-0.892272,-0.451498,-0.887096,-0.461585,0.000000,0.174698,0.792345,0.019971,0.000000,0.010256,-0.018129,-0.018578
6.340,0.876892,0.435139,1.139307,0.776055,0.637182,1.289821,0.173017,-0.097661,-0.001120,-0.110852,-0.131935,-0.011852,-0.896578,-0.442887,-0.891593,-0.452839,0.000000,0.174967,0.791921,0.019602,0.000000,0.016573,-0.024231,-0.018351
6.360,0.878396,0.432132,1.139303,0.779493,0.635202,1.289797,0.170809,-0.100264,-0.001357,-0.109954,-0.128345,-0.011893,-0.900739,-0.434361,-0.895940,-0.444176,0.000000,0.175361,0.791375,0.019237,0.000000,0.022882,-0.030334,-0.018094
6.380,0.879880,0.429095,1.139299,0.782887,0.633172,1.289767,0.168619,-0.102796,-0.001596,-0.109002,-0.124839,-0.011942,-0.904761,-0.425919,-0.900142,-0.435597,0.000000,0.175882,0.790708,0.018878,0.000000,0.029180,-0.036434,-0.017809
6.400,0.881342,0.426027,1.139295,0.786238,0.631091,1.289733,0.166449,-0.105258,-0.001835,-0.108009,-0.121417,-0.011996,-0.908649,-0.417561,-0.904203,-0.427103,0.000000,0.176528,0.789918,0.018525,0.000000,0.035464,-0.042528,-0.017500
6.420,0.882785,0.422928,1.139292,0.789545,0.628962,1.289694,0.164299,-0.107653,-0.002076,-0.106985,-0.118077,-0.012058,-0.912406,-0.409287,-0.908129,-0.418691,0.000000,0.177300,0.789007,0.018178,0.000000,0.041731,-0.048613,-0.017170
6.440,0.884207,0.419799,1.139290,0.792810,0.626785,1.289650,0.162170,-0.109982,-0.002317,-0.105940,-0.114816,-0.012125,-0.916036,-0.401095,-0.911922,-0.410363,0.000000,0.178197,0.787974,0.017838,0.000000,0.047977,-0.054685,-0.016824
6.460,0.885609,0.416641,1.139288,0.796032,0.624563,1.289601,0.160061,-0.112246,-0.002561,-0.104882,-0.111633,-0.012198,-0.919545,-0.392985,-0.915588,-0.402117,0.000000,0.179219,0.786819,0.017505,0.000000,0.054200,-0.060742,-0.016464
6.480,0.886990,0.413453,1.139286,0.799213,0.622296,1.289547,0.157974,-0.114448,-0.002805,-0.103819,-0.108527,-0.012276,-0.922935,-0.384955,-0.919130,-0.393954,0.000000,0.180365,0.785544,0.017180,0.000000,0.060397,-0.066778,-0.016095
6.500,0.888351,0.410235,1.139285,0.802351,0.619985,1.289489,0.155909,-0.116588,-0.003052,-0.102758,-0.105495,-0.012359,-0.926211,-0.377006,-0.922553,-0.385871,0.000000,0.181635,0.784148,0.016862,0.000000,0.066564,-0.072790,-0.015720
6.520,0.889692,0.406989,1.139285,0.805449,0.617633,1.289425,0.153864,-0.118668,-0.003300,-0.101704,-0.102537,-0.012447,-0.929376,-0.369135,-0.925859,-0.377869,0.000000,0.183028,0.782633,0.016551,0.000000,0.072700,-0.078775,-0.015345
6.540,0.891012,0.403715,1.139285,0.808506,0.615239,1.289357,0.151840,-0.120690,-0.003550,-0.100660,-0.099651,-0.012538,-0.932433,-0.361342,-0.929053,-0.369947,0.000000,0.184543,0.780998,0.016248,0.000000,0.078800,-0.084728,-0.014971
6.560,0.892311,0.400412,1.139286,0.811523,0.612805,1.289283,0.149837,-0.122655,-0.003801,-0.099629,-0.096836,-0.012633,-0.935387,-0.353627,-0.932138,-0.362103,0.000000,0.186179,0.779244,0.015952,0.000000,0.084861,-0.090646,-0.014602
6.580,0.893591,0.397082,1.139287,0.814500,0.610333,1.289205,0.147855,-0.124564,-0.004055,-0.098614,-0.094092,-0.012732,-0.938239,-0.345987,-0.935117,-0.354338,0.000000,0.187937,0.777372,0.015664,0.000000,0.090882,-0.096525,-0.014242
6.600,0.894849,0.393725,1.139288,0.817437,0.607823,1.289121,0.145893,-0.126419,-0.004311,-0.097614,-0.091417,-0.012833,-0.940994,-0.338422,-0.937995,-0.346649,0.000000,0.189814,0.775383,0.015382,0.000000,0.096859,-0.102362,-0.013893
6.620,0.896087,0.390341,1.139290,0.820336,0.605277,1.289032,0.143950,-0.128221,-0.004568,-0.096630,-0.088812,-0.012936,-0.943655,-0.330932,-0.940773,-0.339037,0.000000,0.191811,0.773278,0.015108,0.000000,0.102788,-0.108154,-0.013556
6.640,0.897304,0.386931,1.139292,0.823195,0.602695,1.288938,0.142027,-0.129972,-0.004828,-0.095662,-0.086275,-0.013042,-0.946223,-0.323514,-0.943456,-0.331499,0.000000,0.193925,0.771057,0.014840,0.000000,0.108669,-0.113897,-0.013235
6.660,0.898500,0.383495,1.139294,0.826017,0.600078,1.288839,0.140124,-0.131672,-0.005090,-0.094707,-0.083806,-0.013148,-0.948703,-0.316169,-0.946045,-0.324035,0.000000,0.196157,0.768722,0.014578,0.000000,0.114496,-0.119587,-0.012930
6.680,0.899675,0.380034,1.139297,0.828800,0.597428,1.288735,0.138239,-0.133324,-0.005354,-0.093764,-0.081404,-0.013256,-0.951096,-0.308895,-0.948544,-0.316644,0.000000,0.198505,0.766274,0.014323,0.000000,0.120269,-0.125223,-0.012643
6.700,0.900828,0.376548,1.139300,0.831546,0.594746,1.288625,0.136373,-0.134929,-0.005620,-0.092831,-0.079070,-0.013364,-0.953406,-0.301691,-0.950956,-0.309325,0.000000,0.200968,0.763714,0.014073,0.000000,0.125983,-0.130800,-0.012376
6.720,0.901961,0.373038,1.139302,0.834255,0.592031,1.288510,0.134526,-0.136488,-0.005889,-0.091903,-0.076803,-0.013471,-0.955634,-0.294556,-0.953284,-0.302076,0.000000,0.203544,0.761043,0.013828,0.000000,0.131637,-0.136316,-0.012129
6.740,0.903071,0.369504,1.139305,0.836928,0.589286,1.288389,0.132697,-0.138001,-0.006159,-0.090979,-0.074603,-0.013578,-0.957784,-0.287489,-0.955529,-0.294897,0.000000,0.206233,0.758262,0.013587,0.000000,0.137227,-0.141767,-0.011902
6.760,0.904160,0.365947,1.139308,0.839563,0.586512,1.288264,0.130887,-0.139472,-0.006432,-0.090054,-0.072469,-0.013684,-0.959857,-0.280490,-0.957695,-0.287785,0.000000,0.209032,0.755372,0.013351,0.000000,0.142751,-0.147152,-0.011696
6.780,0.905227,0.362367,1.139311,0.842163,0.583708,1.288132,0.129095,-0.140901,-0.006706,-0.089126,-0.070401,-0.013788,-0.961856,-0.273556,-0.959784,-0.280740,0.000000,0.211942,0.752376,0.013119,0.000000,0.148207,-0.152468,-0.011511
6.800,0.906272,0.358765,1.139313,0.844727,0.580876,1.287995,0.127322,-0.142289,-0.006983,-0.088189,-0.068399,-0.013890,-0.963783,-0.266686,-0.961798,-0.273761,0.000000,0.214960,0.749274,0.012891,0.000000,0.153591,-0.157712,-0.011346
6.820,0.907295,0.355141,1.139316,0.847256,0.578017,1.287853,0.125567,-0.143637,-0.007262,-0.087241,-0.066463,-0.013990,-0.965641,-0.259881,-0.963739,-0.266847,0.000000,0.218085,0.746068,0.012665,0.000000,0.158901,-0.162881,-0.011201
6.840,0.908295,0.351495,1.139318,0.849750,0.575131,1.287705,0.123832,-0.144948,-0.007543,-0.086278,-0.064592,-0.014086,-0.967430,-0.253138,-0.965610,-0.259995,0.000000,0.221316,0.742759,0.012443,0.000000,0.164135,-0.167973,-0.011075
6.860,0.909273,0.347829,1.139320,0.852210,0.572219,1.287551,0.122116,-0.146221,-0.007825,-0.085297,-0.062785,-0.014178,-0.969154,-0.246456,-0.967413,-0.253205,0.000000,0.224650,0.739350,0.012222,0.000000,0.169290,-0.172986,-0.010966
6.880,0.910228,0.344143,1.139322,0.854635,0.569282,1.287392,0.120420,-0.147459,-0.008110,-0.084293,-0.061043,-0.014266,-0.970814,-0.239834,-0.969149,-0.246475,0.000000,0.228087,0.735841,0.012004,0.000000,0.174363,-0.177917,-0.010873
6.900,0.911160,0.340437,1.139323,0.857027,0.566321,1.287227,0.118745,-0.148663,-0.008396,-0.083266,-0.059364,-0.014349,-0.972412,-0.233272,-0.970821,-0.239804,0.000000,0.231624,0.732234,0.011787,0.000000,0.179353,-0.182765,-0.010794
6.920,0.912070,0.336711,1.139324,0.859385,0.563336,1.287056,0.117090,-0.149834,-0.008684,-0.082212,-0.057748,-0.014426,-0.973949,-0.226767,-0.972431,-0.233190,0.000000,0.235260,0.728531,0.011572,0.000000,0.184256,-0.187527,-0.010727
6.940,0.912956,0.332967,1.139325,0.861710,0.560328,1.286879,0.115457,-0.150974,-0.008973,-0.081130,-0.056193,-0.014498,-0.975428,-0.220318,-0.973980,-0.226633,0.000000,0.238994,0.724733,0.011358,0.000000,0.189070,-0.192202,-0.010670
6.960,0.913820,0.329204,1.139325,0.864003,0.557297,1.286697,0.113845,-0.152082,-0.009264,-0.080017,-0.054699,-0.014563,-0.976850,-0.213924,-0.975470,-0.220131,0.000000,0.242823,0.720843,0.011145,0.000000,0.193794,-0.196787,-0.010619
6.980,0.914660,0.325424,1.139325,0.866264,0.554244,1.286509,0.112256,-0.153162,-0.009555,-0.078875,-0.053265,-0.014620,-0.978217,-0.207584,-0.976903,-0.213682,0.000000,0.246745,0.716862,0.010933,0.000000,0.198424,-0.201281,-0.010572
7.000,0.915478,0.321626,1.139325,0.868494,0.551171,1.286315,0.110690,-0.154213,-0.009848,-0.077704,-0.051889,-0.014671,-0.979531,-0.201295,-0.978281,-0.207284,0.000000,0.250759,0.712792,0.010722,0.000000,0.202957,-0.205682,-0.010526
7.020,0.916272,0.317811,1.139325,0.870692,0.548076,1.286115,0.109148,-0.155238,-0.010142,-0.076503,-0.050569,-0.014712,-0.980792,-0.195058,-0.979604,-0.200938,0.000000,0.254863,0.708636,0.010512,0.000000,0.207393,-0.209988,-0.010477
7.040,0.917043,0.313980,1.139324,0.872860,0.544961,1.285909,0.107630,-0.156237,-0.010437,-0.075276,-0.049305,-0.014746,-0.982002,-0.188869,-0.980875,-0.194640,0.000000,0.259054,0.704394,0.010303,0.000000,0.211729,-0.214198,-0.010423
7.060,0.917791,0.310133,1.139323,0.874997,0.541827,1.285697,0.106137,-0.157211,-0.010732,-0.074024,-0.048094,-0.014769,-0.983163,-0.182728,-0.982094,-0.188390,0.000000,0.263331,0.700068,0.010095,0.000000,0.215962,-0.218311,-0.010362
7.080,0.918516,0.306270,1.139322,0.877105,0.538673,1.285480,0.104669,-0.158161,-0.011028,-0.072751,-0.046933,-0.014783,-0.984277,-0.176633,-0.983264,-0.182185,0.000000,0.267692,0.695662,0.009889,0.000000,0.220091,-0.222324,-0.010291
7.100,0.919219,0.302392,1.139321,0.879184,0.535501,1.285256,0.103227,-0.159088,-0.011323,-0.071460,-0.045822,-0.014787,-0.985344,-0.170582,-0.984386,-0.176025,0.000000,0.272134,0.691176,0.009684,0.000000,0.224113,-0.226235,-0.010209
7.120,0.919898,0.298499,1.139320,0.881235,0.532310,1.285027,0.101811,-0.159994,-0.011619,-0.070155,-0.044758,-0.014779,-0.986365,-0.164573,-0.985460,-0.169909,0.000000,0.276656,0.686613,0.009481,0.000000,0.228027,-0.230044,-0.010114
7.140,0.920554,0.294592,1.139318,0.883257,0.529101,1.284792,0.100421,-0.160879,-0.011914,-0.068840,-0.043739,-0.014761,-0.987342,-0.158606,-0.986488,-0.163834,0.000000,0.281254,0.681975,0.009279,0.000000,0.231830,-0.233748,-0.010005
7.160,0.921188,0.290671,1.139317,0.885252,0.525875,1.284550,0.099058,-0.161744,-0.012209,-0.067521,-0.042762,-0.014730,-0.988276,-0.152677,-0.987471,-0.157798,0.000000,0.285928,0.677264,0.009081,0.000000,0.235521,-0.237346,-0.009880
7.180,0.921799,0.286736,1.139315,0.887219,0.522631,1.284303,0.097720,-0.162590,-0.012503,-0.066200,-0.041825,-0.014686,-0.989168,-0.146786,-0.988411,-0.151802,0.000000,0.290674,0.672482,0.008884,0.000000,0.239098,-0.240837,-0.009740
7.200,0.922387,0.282789,1.139313,0.889161,0.519371,1.284050,0.096409,-0.163417,-0.012797,-0.064885,-0.040926,-0.014630,-0.990019,-0.140931,-0.989308,-0.145842,0.000000,0.295491,0.667631,0.008691,0.000000,0.242560,-0.244218,-0.009583
7.220,0.922953,0.278828,1.139312,0.891076,0.516095,1.283791,0.095125,-0.164227,-0.013089,-0.063579,-0.040063,-0.014561,-0.990831,-0.135110,-0.990163,-0.139918,0.000000,0.300376,0.662714,0.008501,0.000000,0.245904,-0.247489,-0.009409
7.240,0.923496,0.274856,1.139310,0.892966,0.512802,1.283527,0.093866,-0.165020,-0.013379,-0.062287,-0.039232,-0.014477,-0.991603,-0.129322,-0.990978,-0.134028,0.000000,0.305327,0.657732,0.008315,0.000000,0.249129,-0.250647,-0.009219
7.260,0.924018,0.270872,1.139309,0.894831,0.509494,1.283256,0.092633,-0.165796,-0.013668,-0.061015,-0.038432,-0.014379,-0.992337,-0.123564,-0.991752,-0.128171,0.000000,0.310340,0.652689,0.008132,0.000000,0.252233,-0.253692,-0.009013
7.280,0.924517,0.266877,1.139308,0.896671,0.506170,1.282980,0.091425,-0.166557,-0.013954,-0.059768,-0.037661,-0.014267,-0.993033,-0.117834,-0.992488,-0.122344,0.000000,0.315415,0.647585,0.007954,0.000000,0.255215,-0.256621,-0.008791
7.300,0.924994,0.262871,1.139307,0.898488,0.502832,1.282698,0.090242,-0.167303,-0.014238,-0.058550,-0.036916,-0.014139,-0.993693,-0.112133,-0.993185,-0.116547,0.000000,0.320548,0.642425,0.007781,0.000000,0.258074,-0.259433,-0.008554
7.320,0.925449,0.258854,1.139306,0.900281,0.499478,1.282410,0.089083,-0.168034,-0.014520,-0.057366,-0.036194,-0.013996,-0.994317,-0.106456,-0.993845,-0.110778,0.000000,0.325737,0.637209,0.007612,0.000000,0.260809,-0.262127,-0.008304
7.340,0.925882,0.254827,1.139305,0.902051,0.496111,1.282117,0.087947,-0.168751,-0.014798,-0.056220,-0.035495,-0.013838,-0.994906,-0.100804,-0.994468,-0.105036,0.000000,0.330980,0.631940,0.007449,0.000000,0.263417,-0.264700,-0.008042
7.360,0.926293,0.250791,1.139304,0.903799,0.492729,1.281819,0.086834,-0.169454,-0.015073,-0.055115,-0.034815,-0.013663,-0.995461,-0.095174,-0.995056,-0.099319,0.000000,0.336273,0.626622,0.007291,0.000000,0.265898,-0.267153,-0.007769
7.380,0.926682,0.246746,1.139304,0.905525,0.489333,1.281514,0.085743,-0.170144,-0.015344,-0.054055,-0.034153,-0.013472,-0.995981,-0.089566,-0.995607,-0.093626,0.000000,0.341615,0.621255,0.007138,0.000000,0.268250,-0.269482,-0.007489
7.400,0.927050,0.242692,1.139303,0.907229,0.485923,1.281205,0.084672,-0.170820,-0.015612,-0.053042,-0.033507,-0.013264,-0.996468,-0.083976,-0.996124,-0.087954,0.000000,0.347002,0.615843,0.006991,0.000000,0.270473,-0.271687,-0.007202
7.420,0.927396,0.238630,1.139303,0.908912,0.482500,1.280890,0.083621,-0.171484,-0.015875,-0.052079,-0.032876,-0.013039,-0.996922,-0.078404,-0.996607,-0.082304,0.000000,0.352433,0.610388,0.006850,0.000000,0.272565,-0.273766,-0.006911
7.440,0.927720,0.234561,1.139303,0.910574,0.479064,1.280570,0.082588,-0.172135,-0.016133,-0.051168,-0.032257,-0.012797,-0.997343,-0.072848,-0.997056,-0.076673,0.000000,0.357904,0.604893,0.006715,0.000000,0.274525,-0.275718,-0.006620
7.460,0.928023,0.230484,1.139304,0.912216,0.475614,1.280245,0.081573,-0.172774,-0.016386,-0.050308,-0.031650,-0.012538,-0.997732,-0.067308,-0.997472,-0.071061,0.000000,0.363413,0.599361,0.006585,0.000000,0.276353,-0.277542,-0.006332
7.480,0.928303,0.226401,1.139304,0.913837,0.472153,1.279914,0.080575,-0.173401,-0.016634,-0.049501,-0.031053,-0.012261,-0.998090,-0.061781,-0.997855,-0.065465,0.000000,0.368957,0.593793,0.006461,0.000000,0.278047,-0.279235,-0.006049
7.500,0.928562,0.222311,1.139305,0.915439,0.468678,1.279579,0.079593,-0.174017,-0.016877,-0.048744,-0.030466,-0.011967,-0.998416,-0.056266,-0.998205,-0.059884,0.000000,0.374534,0.588192,0.006343,0.000000,0.279606,-0.280797,-0.005775
7.520,0.928800,0.218216,1.139305,0.917021,0.465192,1.279239,0.078625,-0.174620,-0.017113,-0.048037,-0.029888,-0.011655,-0.998711,-0.050763,-0.998524,-0.054317,0.000000,0.380140,0.582562,0.006230,0.000000,0.281031,-0.282226,-0.005514
7.540,0.929015,0.214115,1.139306,0.918584,0.461694,1.278895,0.077671,-0.175212,-0.017343,-0.047377,-0.029317,-0.011326,-0.998975,-0.045269,-0.998810,-0.048763,0.000000,0.385774,0.576904,0.006123,0.000000,0.282320,-0.283521,-0.005267
7.560,0.929208,0.210010,1.139307,0.920128,0.458184,1.278546,0.076730,-0.175793,-0.017566,-0.046761,-0.028755,-0.010980,-0.999208,-0.039784,-0.999066,-0.043220,0.000000,0.391432,0.571222,0.006020,0.000000,0.283472,-0.284681,-0.005039
7.580,0.929379,0.205901,1.139308,0.921653,0.454662,1.278192,0.075801,-0.176362,-0.017782,-0.046184,-0.028199,-0.010615,-0.999411,-0.034306,-0.999290,-0.037687,0.000000,0.397112,0.565518,0.005921,0.000000,0.284488,-0.285705,-0.004830
7.600,0.929528,0.201789,1.139308,0.923160,0.451129,1.277835,0.074882,-0.176921,-0.017990,-0.045644,-0.027652,-0.010234,-0.999584,-0.028836,-0.999483,-0.032163,0.000000,0.402811,0.559794,0.005826,0.000000,0.285366,-0.286592,-0.004643
7.620,0.929655,0.197673,1.139309,0.924649,0.447585,1.277473,0.073975,-0.177468,-0.018191,-0.045135,-0.027111,-0.009835,-0.999727,-0.023370,-0.999645,-0.026647,0.000000,0.408526,0.554055,0.005735,0.000000,0.286106,-0.287341,-0.004479
7.640,0.929760,0.193554,1.139310,0.926119,0.444031,1.277107,0.073077,-0.178005,-0.018384,-0.044653,-0.026578,-0.009418,-0.999840,-0.017910,-0.999777,-0.021136,0.000000,0.414254,0.548302,0.005647,0.000000,0.286708,-0.287952,-0.004340
7.660,0.929842,0.189434,1.139311,0.927572,0.440465,1.276737,0.072188,-0.178532,-0.018568,-0.044191,-0.026053,-0.008985,-0.999922,-0.012453,-0.999878,-0.015630,0.000000,0.419993,0.542538,0.005561,0.000000,0.287172,-0.288423,-0.004227
7.680,0.929901,0.185312,1.139312,0.929007,0.436889,1.276364,0.071309,-0.179048,-0.018743,-0.043745,-0.025536,-0.008535,-0.999976,-0.006998,-0.999949,-0.010128,0.000000,0.425740,0.536766,0.005478,0.000000,0.287497,-0.288755,-0.004140
7.700,0.929938,0.181190,1.139312,0.930424,0.433303,1.275988,0.070439,-0.179553,-0.018909,-0.043309,-0.025028,-0.008069,-0.999999,-0.001545,-0.999989,-0.004628,0.000000,0.431492,0.530988,0.005396,0.000000,0.287683,-0.288947,-0.004079
7.720,0.929952,0.177067,1.139313,0.931824,0.429707,1.275608,0.069577,-0.180049,-0.019066,-0.042876,-0.024529,-0.007586,-0.999992,0.003908,-1.000000,0.000871,0.000000,0.437247,0.525209,0.005314,0.000000,0.287730,-0.288998,-0.004045
7.740,0.929943,0.172944,1.139313,0.933207,0.426102,1.275225,0.068723,-0.180534,-0.019212,-0.042442,-0.024039,-0.007087,-0.999956,0.009361,-0.999980,0.006370,0.000000,0.443000,0.519429,0.005234,0.000000,0.287638,-0.288909,-0.004038
7.760,0.929910,0.168821,1.139314,0.934573,0.422486,1.274840,0.067879,-0.181010,-0.019349,-0.042000,-0.023560,-0.006573,-0.999890,0.014815,-0.999930,0.011870,0.000000,0.448751,0.513653,0.005153,0.000000,0.287407,-0.288678,-0.004057
7.780,0.929855,0.164700,1.139314,0.935922,0.418861,1.274451,0.067044,-0.181477,-0.019475,-0.041545,-0.023092,-0.006044,-0.999795,0.020271,-0.999849,0.017374,0.000000,0.454496,0.507883,0.005071,0.000000,0.287037,-0.288306,-0.004100
7.800,0.929776,0.160581,1.139314,0.937255,0.415227,1.274061,0.066217,-0.181934,-0.019591,-0.041072,-0.022635,-0.005499,-0.999669,0.025731,-0.999738,0.022881,0.000000,0.460232,0.502122,0.004988,0.000000,0.286529,-0.287794,-0.004168
7.820,0.929675,0.156463,1.139314,0.938571,0.411584,1.273668,0.065401,-0.182382,-0.019695,-0.040576,-0.022191,-0.004941,-0.999513,0.031195,-0.999597,0.028393,0.000000,0.465956,0.496372,0.004904,0.000000,0.285882,-0.287140,-0.004258
7.840,0.929549,0.152349,1.139313,0.939871,0.407932,1.273273,0.064595,-0.182822,-0.019788,-0.040051,-0.021760,-0.004368,-0.999328,0.036665,-0.999425,0.033913,0.000000,0.471666,0.490637,0.004818,0.000000,0.285097,-0.286346,-0.004368
7.860,0.929400,0.148238,1.139313,0.941155,0.404271,1.272876,0.063799,-0.183253,-0.019870,-0.039495,-0.021342,-0.003782,-0.999112,0.042141,-0.999222,0.039440,0.000000,0.477359,0.484920,0.004729,0.000000,0.284175,-0.285411,-0.004497
7.880,0.929228,0.144130,1.139313,0.942423,0.400602,1.272478,0.063015,-0.183676,-0.019939,-0.038902,-0.020939,-0.003183,-0.998865,0.047624,-0.998988,0.044976,0.000000,0.483032,0.479222,0.004638,0.000000,0.283115,-0.284336,-0.004642
7.900,0.929032,0.140027,1.139312,0.943676,0.396924,1.272079,0.062243,-0.184090,-0.019997,-0.038271,-0.020551,-0.002572,-0.998588,0.053116,-0.998723,0.050522,0.000000,0.488683,0.473547,0.004544,0.000000,0.281919,-0.283121,-0.004801
7.920,0.928813,0.135929,1.139311,0.944913,0.393238,1.271678,0.061484,-0.184498,-0.020042,-0.037599,-0.020178,-0.001949,-0.998280,0.058618,-0.998426,0.056081,0.000000,0.494308,0.467898,0.004446,0.000000,0.280586,-0.281767,-0.004969
7.940,0.928570,0.131835,1.139311,0.946135,0.389544,1.271277,0.060740,-0.184898,-0.020075,-0.036883,-0.019821,-0.001315,-0.997941,0.064131,-0.998098,0.061652,0.000000,0.499905,0.462277,0.004345,0.000000,0.279118,-0.280275,-0.005145
7.960,0.928304,0.127748,1.139310,0.947343,0.385842,1.270875,0.060009,-0.185291,-0.020095,-0.036124,-0.019481,-0.000671,-0.997571,0.069657,-0.997737,0.067238,0.000000,0.505472,0.456688,0.004240,0.000000,0.277515,-0.278645,-0.005324
7.980,0.928014,0.123667,1.139309,0.948536,0.382133,1.270473,0.059295,-0.185677,-0.020102,-0.035320,-0.019158,-0.000017,-0.997169,0.075196,-0.997344,0.072840,0.000000,0.511005,0.451132,0.004132,0.000000,0.275779,-0.276879,-0.005503
8.000,0.927701,0.119592,1.139308,0.949715,0.378415,1.270071,0.058597,-0.186057,-0.020095,-0.034474,-0.018852,0.000647,-0.996734,0.080750,-0.996917,0.078459,0.000000,0.516502,0.445614,0.004020,0.000000,0.273909,-0.274976,-0.005677
8.020,0.927364,0.115525,1.139308,0.950880,0.374690,1.269670,0.057916,-0.186431,-0.020076,-0.033587,-0.018563,0.001318,-0.996267,0.086320,-0.996458,0.084096,0.000000,0.521960,0.440134,0.003905,0.000000,0.271906,-0.272938,-0.005843
8.040,0.927004,0.111465,1.139307,0.952031,0.370958,1.269269,0.057254,-0.186800,-0.020043,-0.032662,-0.018291,0.001998,-0.995767,0.091909,-0.995964,0.089753,0.000000,0.527377,0.434697,0.003786,0.000000,0.269773,-0.270767,-0.005998
8.060,0.926622,0.107413,1.139307,0.953170,0.367218,1.268868,0.056610,-0.187163,-0.019996,-0.031702,-0.018037,0.002684,-0.995234,0.097518,-0.995436,0.095432,0.000000,0.532751,0.429304,0.003665,0.000000,0.267509,-0.268462,-0.006139
8.080,0.926216,0.103370,1.139306,0.954296,0.363472,1.268469,0.055986,-0.187521,-0.019935,-0.030711,-0.017800,0.003376,-0.994666,0.103147,-0.994873,0.101133,0.000000,0.538077,0.423959,0.003541,0.000000,0.265116,-0.266025,-0.006263
8.100,0.925787,0.099336,1.139306,0.955409,0.359718,1.268071,0.055382,-0.187875,-0.019861,-0.029694,-0.017581,0.004073,-0.994064,0.108800,-0.994274,0.106858,0.000000,0.543354,0.418664,0.003415,0.000000,0.262595,-0.263458,-0.006368
8.120,0.925335,0.095312,1.139306,0.956511,0.355957,1.267674,0.054798,-0.188225,-0.019772,-0.028655,-0.017379,0.004775,-0.993426,0.114477,-0.993639,0.112609,0.000000,0.548580,0.413422,0.003286,0.000000,0.259947,-0.260761,-0.006452
8.140,0.924861,0.091297,1.139306,0.957602,0.352189,1.267280,0.054236,-0.188570,-0.019670,-0.027601,-0.017194,0.005480,-0.992752,0.120180,-0.992967,0.118388,0.000000,0.553751,0.408235,0.003157,0.000000,0.257173,-0.257936,-0.006514
8.160,0.924364,0.087293,1.139306,0.958681,0.348414,1.266888,0.053694,-0.188913,-0.019553,-0.026537,-0.017026,0.006188,-0.992041,0.125911,-0.992258,0.124194,0.000000,0.558866,0.403105,0.003026,0.000000,0.254276,-0.254983,-0.006553
8.180,0.923845,0.083299,1.139306,0.959749,0.344632,1.266498,0.053174,-0.189252,-0.019422,-0.025468,-0.016875,0.006898,-0.991293,0.131672,-0.991510,0.130031,0.000000,0.563922,0.398036,0.002895,0.000000,0.251255,-0.251904,-0.006568
8.200,0.923304,0.079317,1.139307,0.960808,0.340844,1.266111,0.052675,-0.189588,-0.019277,-0.024402,-0.016742,0.007610,-0.990507,0.137465,-0.990723,0.135899,0.000000,0.568915,0.393030,0.002763,0.000000,0.248113,-0.248701,-0.006559
8.220,0.922741,0.075347,1.139308,0.961857,0.337049,1.265727,0.052198,-0.189921,-0.019118,-0.023345,-0.016625,0.008321,-0.989681,0.143291,-0.989895,0.141800,0.000000,0.573845,0.388089,0.002633,0.000000,0.244851,-0.245374,-0.006525
8.240,0.922156,0.071389,1.139309,0.962896,0.333247,1.265346,0.051742,-0.190253,-0.018944,-0.022302,-0.016526,0.009032,-0.988814,0.149152,-0.989027,0.147736,0.000000,0.578709,0.383216,0.002503,0.000000,0.241470,-0.241926,-0.006466
8.260,0.921549,0.067444,1.139310,0.963926,0.329439,1.264969,0.051306,-0.190582,-0.018757,-0.021280,-0.016445,0.009741,-0.987907,0.155049,-0.988116,0.153708,0.000000,0.583503,0.378413,0.002374,0.000000,0.237973,-0.238357,-0.006385
8.280,0.920920,0.063512,1.139311,0.964948,0.325624,1.264596,0.050890,-0.190911,-0.018555,-0.020284,-0.016381,0.010449,-0.986957,0.160985,-0.987163,0.159716,0.000000,0.588227,0.373682,0.002247,0.000000,0.234360,-0.234669,-0.006280
8.300,0.920270,0.059593,1.139312,0.965962,0.321802,1.264227,0.050494,-0.191238,-0.018339,-0.019321,-0.016335,0.011153,-0.985963,0.166962,-0.986165,0.165764,0.000000,0.592877,0.369027,0.002123,0.000000,0.230634,-0.230863,-0.006155
8.320,0.919599,0.055689,1.139313,0.966968,0.317974,1.263863,0.050117,-0.191564,-0.018109,-0.018395,-0.016308,0.011853,-0.984925,0.172980,-0.985123,0.171853,0.000000,0.597451,0.364449,0.002001,0.000000,0.226797,-0.226942,-0.006010
8.340,0.918906,0.051799,1.139315,0.967967,0.314140,1.263503,0.049758,-0.191890,-0.017864,-0.017511,-0.016300,0.012549,-0.983841,0.179043,-0.984034,0.177983,0.000000,0.601948,0.359950,0.001883,0.000000,0.222850,-0.222906,-0.005848
8.360,0.918191,0.047924,1.139316,0.968959,0.310299,1.263148,0.049416,-0.192216,-0.017607,-0.016675,-0.016312,0.013240,-0.982710,0.185150,-0.982897,0.184157,0.000000,0.606365,0.355533,0.001767,0.000000,0.218795,-0.218758,-0.005671
8.380,0.917456,0.044065,1.139318,0.969944,0.306451,1.262799,0.049091,-0.192543,-0.017335,-0.015889,-0.016345,0.013924,-0.981531,0.191305,-0.981711,0.190375,0.000000,0.610699,0.351200,0.001656,0.000000,0.214634,-0.214499,-0.005481
8.400,0.916699,0.040222,1.139319,0.970922,0.302597,1.262455,0.048780,-0.192870,-0.017050,-0.015157,-0.016400,0.014602,-0.980301,0.197509,-0.980476,0.196640,0.000000,0.614949,0.346954,0.001548,0.000000,0.210369,-0.210130,-0.005283
8.420,0.915921,0.036395,1.139320,0.971895,0.298736,1.262117,0.048484,-0.193199,-0.016751,-0.014480,-0.016478,0.015272,-0.979020,0.203762,-0.979188,0.202953,0.000000,0.619113,0.342796,0.001445,0.000000,0.206002,-0.205654,-0.005079
8.440,0.915122,0.032585,1.139321,0.972862,0.294869,1.261785,0.048201,-0.193530,-0.016439,-0.013861,-0.016580,0.015934,-0.977687,0.210068,-0.977848,0.209315,0.000000,0.623189,0.338728,0.001345,0.000000,0.201536,-0.201073,-0.004873
8.460,0.914302,0.028793,1.139322,0.973823,0.290995,1.261459,0.047929,-0.193862,-0.016114,-0.013301,-0.016709,0.016588,-0.976299,0.216426,-0.976453,0.215728,0.000000,0.627174,0.334754,0.001250,0.000000,0.196973,-0.196387,-0.004670
8.480,0.913461,0.025019,1.139323,0.974779,0.287114,1.261141,0.047668,-0.194198,-0.015775,-0.012797,-0.016866,0.017232,-0.974855,0.222839,-0.975003,0.222193,0.000000,0.631067,0.330874,0.001158,0.000000,0.192314,-0.191600,-0.004474
8.500,0.912598,0.021263,1.139324,0.975730,0.283227,1.260829,0.047417,-0.194537,-0.015424,-0.012350,-0.017053,0.017866,-0.973354,0.229309,-0.973494,0.228712,0.000000,0.634866,0.327090,0.001071,0.000000,0.187562,-0.186712,-0.004289
8.520,0.911714,0.017526,1.139324,0.976676,0.279333,1.260524,0.047174,-0.194881,-0.015061,-0.011957,-0.017273,0.018491,-0.971793,0.235835,-0.971926,0.235287,0.000000,0.638569,0.323406,0.000987,0.000000,0.182720,-0.181727,-0.004120
8.540,0.910809,0.013808,1.139324,0.977617,0.275432,1.260226,0.046938,-0.195228,-0.014685,-0.011614,-0.017528,0.019104,-0.970171,0.242420,-0.970297,0.241917,0.000000,0.642174,0.319822,0.000906,0.000000,0.177790,-0.176645,-0.003969
8.560,0.909881,0.010111,1.139324,0.978553,0.271524,1.259936,0.046709,-0.195582,-0.014297,-0.011317,-0.017820,0.019706,-0.968487,0.249064,-0.968605,0.248606,0.000000,0.645680,0.316341,0.000828,0.000000,0.172774,-0.171469,-0.003841
8.580,0.908933,0.006433,1.139323,0.979485,0.267608,1.259654,0.046485,-0.195942,-0.013897,-0.011063,-0.018152,0.020296,-0.966738,0.255769,-0.966848,0.255354,0.000000,0.649085,0.312964,0.000752,0.000000,0.167675,-0.166202,-0.003736
8.600,0.907962,0.002777,1.139322,0.980413,0.263686,1.259381,0.046266,-0.196308,-0.013485,-0.010845,-0.018528,0.020874,-0.964922,0.262536,-0.965024,0.262162,0.000000,0.652386,0.309693,0.000678,0.000000,0.162495,-0.160844,-0.003658
8.620,0.906970,-0.000859,1.139321,0.981336,0.259756,1.259115,0.046051,-0.196683,-0.013062,-0.010659,-0.018950,0.021440,-0.963038,0.269366,-0.963131,0.269033,0.000000,0.655584,0.306531,0.000605,0.000000,0.157236,-0.155399,-0.003607
8.640,0.905956,-0.004472,1.139319,0.982255,0.255819,1.258858,0.045840,-0.197067,-0.012627,-0.010498,-0.019420,0.021993,-0.961083,0.276260,-0.961167,0.275967,0.000000,0.658675,0.303478,0.000534,0.000000,0.151902,-0.149869,-0.003586
8.660,0.904919,-0.008064,1.139317,0.983170,0.251873,1.258610,0.045631,-0.197460,-0.012182,-0.010358,-0.019942,0.022533,-0.959055,0.283219,-0.959130,0.282966,0.000000,0.661659,0.300536,0.000462,0.000000,0.146494,-0.144255,-0.003594
8.680,0.903861,-0.011633,1.139315,0.984080,0.247920,1.258371,0.045425,-0.197865,-0.011726,-0.010232,-0.020519,0.023059,-0.956953,0.290243,-0.957017,0.290030,0.000000,0.664535,0.297708,0.000390,0.000000,0.141016,-0.138560,-0.003632
8.700,0.902780,-0.015178,1.139312,0.984987,0.243959,1.258141,0.045222,-0.198281,-0.011260,-0.010115,-0.021154,0.023571,-0.954773,0.297335,-0.954827,0.297162,0.000000,0.667300,0.294994,0.000316,0.000000,0.135470,-0.132787,-0.003699
8.720,0.901676,-0.018701,1.139309,0.985889,0.239989,1.257921,0.045021,-0.198711,-0.010783,-0.010002,-0.021849,0.024069,-0.952514,0.304494,-0.952556,0.304363,0.000000,0.669953,0.292397,0.000241,0.000000,0.129858,-0.126937,-0.003794
8.740,0.900550,-0.022199,1.139306,0.986788,0.236010,1.257710,0.044822,-0.199156,-0.010297,-0.009887,-0.022607,0.024552,-0.950173,0.311722,-0.950202,0.311633,0.000000,0.672494,0.289917,0.000164,0.000000,0.124183,-0.121013,-0.003917
8.760,0.899401,-0.025674,1.139303,0.987682,0.232022,1.257509,0.044625,-0.199616,-0.009801,-0.009766,-0.023430,0.025019,-0.947748,0.319020,-0.947763,0.318975,0.000000,0.674920,0.287557,0.000085,0.000000,0.118449,-0.115018,-0.004065
8.780,0.898229,-0.029123,1.139300,0.988573,0.228025,1.257318,0.044431,-0.200093,-0.009297,-0.009635,-0.024321,0.025472,-0.945236,0.326388,-0.945236,0.326388,0.000000,0.677231,0.285317,0.000002,0.000000,0.112657,-0.108953,-0.004236
8.800,0.897035,-0.032547,1.139297,0.989459,0.224019,1.257137,0.044240,-0.200589,-0.008783,-0.009491,-0.025283,0.025908,-0.942634,0.333828,-0.942618,0.333874,0.000000,0.679426,0.283199,-0.000085,0.000000,0.106811,-0.102823,-0.004428
8.820,0.895818,-0.035946,1.139294,0.990342,0.220002,1.256967,0.044052,-0.201105,-0.008260,-0.009332,-0.026316,0.026327,-0.939940,0.341341,-0.939905,0.341435,0.000000,0.681503,0.281205,-0.000176,0.000000,0.100913,-0.096628,-0.004637
8.840,0.894577,-0.039319,1.139291,0.991221,0.215974,1.256807,0.043867,-0.201642,-0.007730,-0.009157,-0.027422,0.026730,-0.937150,0.348927,-0.937096,0.349072,0.000000,0.683462,0.279335,-0.000271,0.000000,0.094966,-0.090371,-0.004859
8.860,0.893314,-0.042666,1.139289,0.992097,0.211936,1.256657,0.043686,-0.202202,-0.007191,-0.008964,-0.028604,0.027115,-0.934262,0.356587,-0.934187,0.356785,0.000000,0.685301,0.277590,-0.000370,0.000000,0.088973,-0.084056,-0.005091
8.880,0.892028,-0.045987,1.139287,0.992969,0.207886,1.256519,0.043508,-0.202787,-0.006645,-0.008756,-0.029862,0.027481,-0.931273,0.364322,-0.931174,0.364575,0.000000,0.687021,0.275973,-0.000474,0.000000,0.082937,-0.077685,-0.005327
8.900,0.890720,-0.049280,1.139285,0.993837,0.203824,1.256392,0.043336,-0.203397,-0.006092,-0.008534,-0.031196,0.027829,-0.928179,0.372134,-0.928055,0.372444,0.000000,0.688619,0.274483,-0.000583,0.000000,0.076860,-0.071260,-0.005563
8.920,0.889388,-0.052546,1.139283,0.994702,0.199750,1.256275,0.043167,-0.204035,-0.005532,-0.008303,-0.032608,0.028158,-0.924977,0.380023,-0.924825,0.380392,0.000000,0.690095,0.273123,-0.000697,0.000000,0.070747,-0.064784,-0.005793
8.940,0.888034,-0.055784,1.139282,0.995564,0.195663,1.256170,0.043003,-0.204702,-0.004966,-0.008067,-0.034097,0.028466,-0.921663,0.387991,-0.921483,0.388420,0.000000,0.691448,0.271892,-0.000815,0.000000,0.064599,-0.058260,-0.006011
8.960,0.886657,-0.058994,1.139282,0.996422,0.191562,1.256077,0.042844,-0.205400,-0.004394,-0.007833,-0.035663,0.028754,-0.918234,0.396038,-0.918022,0.396529,0.000000,0.692679,0.270793,-0.000937,0.000000,0.058420,-0.051691,-0.006210
8.980,0.885257,-0.062176,1.139283,0.997278,0.187446,1.255995,0.042690,-0.206129,-0.003816,-0.007611,-0.037306,0.029019,-0.914686,0.404165,-0.914441,0.404719,0.000000,0.693785,0.269825,-0.001063,0.000000,0.052213,-0.045080,-0.006383
9.000,0.883836,-0.065329,1.139284,0.998130,0.183316,1.255924,0.042540,-0.206892,-0.003233,-0.007411,-0.039023,0.029263,-0.911015,0.412373,-0.910734,0.412992,0.000000,0.694767,0.268990,-0.001192,0.000000,0.045980,-0.038429,-0.006525
9.020,0.882392,-0.068453,1.139285,0.998979,0.179170,1.255865,0.042393,-0.207691,-0.002646,-0.007245,-0.040813,0.029482,-0.907217,0.420664,-0.906899,0.421348,0.000000,0.695624,0.268288,-0.001324,0.000000,0.039726,-0.031742,-0.006627
9.040,0.880926,-0.071547,1.139287,0.999826,0.175008,1.255818,0.042250,-0.208525,-0.002054,-0.007127,-0.042673,0.029677,-0.903287,0.429037,-0.902930,0.429788,0.000000,0.696356,0.267720,-0.001457,0.000000,0.033452,-0.025021,-0.006685
9.060,0.879439,-0.074611,1.139290,1.000669,0.170829,1.255783,0.042108,-0.209398,-0.001459,-0.007072,-0.044602,0.029847,-0.899221,0.437495,-0.898824,0.438310,0.000000,0.696962,0.267287,-0.001591,0.000000,0.027163,-0.018272,-0.006693
9.080,0.877930,-0.077645,1.139294,1.001510,0.166632,1.255760,0.041966,-0.210310,-0.000860,-0.007097,-0.046594,0.029990,-0.895014,0.446038,-0.894575,0.446917,0.000000,0.697442,0.266990,-0.001724,0.000000,0.020861,-0.011496,-0.006647
9.100,0.876400,-0.080649,1.139298,1.002348,0.162416,1.255749,0.041823,-0.211262,-0.000259,-0.007217,-0.048647,0.030105,-0.890662,0.454667,-0.890180,0.455608,0.000000,0.697796,0.266828,-0.001856,0.000000,0.014548,-0.004698,-0.006541
9.120,0.874848,-0.083621,1.139303,1.003183,0.158181,1.255750,0.041677,-0.212256,0.000344,-0.007451,-0.050756,0.030192,-0.886159,0.463382,-0.885634,0.464383,0.000000,0.698024,0.266802,-0.001985,0.000000,0.008229,0.002119,-0.006373
9.140,0.873276,-0.086562,1.139308,1.004015,0.153926,1.255763,0.041524,-0.213293,0.000948,-0.007817,-0.052915,0.030249,-0.881500,0.472183,-0.880932,0.473242,0.000000,0.698125,0.266913,-0.002111,0.000000,0.001906,0.008950,-0.006138
9.160,0.871684,-0.089471,1.139313,1.004844,0.149649,1.255788,0.041363,-0.214373,0.001554,-0.008332,-0.055118,0.030276,-0.876681,0.481072,-0.876070,0.482184,0.000000,0.698100,0.267160,-0.002231,0.000000,-0.004418,0.015791,-0.005835
9.180,0.870071,-0.092348,1.139319,1.005670,0.145351,1.255825,0.041190,-0.215498,0.002159,-0.009016,-0.057359,0.030271,-0.871696,0.490047,-0.871042,0.491209,0.000000,0.697949,0.267544,-0.002344,0.000000,-0.010739,0.022638,-0.005460
9.200,0.868438,-0.095193,1.139325,1.006491,0.141029,1.255874,0.041001,-0.216668,0.002764,-0.009886,-0.059630,0.030234,-0.866539,0.499110,-0.865843,0.500315,0.000000,0.697671,0.268065,-0.002448,0.000000,-0.017056,0.029487,-0.005011
9.220,0.866786,-0.098004,1.139331,1.007309,0.136684,1.255935,0.040793,-0.217883,0.003368,-0.010961,-0.061923,0.030164,-0.861205,0.508259,-0.860469,0.509503,0.000000,0.697267,0.268724,-0.002544,0.000000,-0.023364,0.036332,-0.004488
9.240,0.865114,-0.100782,1.139336,1.008123,0.132313,1.256009,0.040561,-0.219145,0.003970,-0.012258,-0.064229,0.030060,-0.855687,0.517493,-0.854914,0.518769,0.000000,0.696736,0.269519,-0.002627,0.000000,-0.029661,0.043169,-0.003890
9.260,0.863422,-0.103527,1.139342,1.008932,0.127918,1.256094,0.040301,-0.220452,0.004570,-0.013792,-0.066539,0.029921,-0.849982,0.526812,-0.849173,0.528114,0.000000,0.696080,0.270450,-0.002699,0.000000,-0.035944,0.049993,-0.003215
9.280,0.861712,-0.106237,1.139347,1.009735,0.123495,1.256191,0.040008,-0.221806,0.005167,-0.015581,-0.068842,0.029746,-0.844081,0.536215,-0.843242,0.537535,0.000000,0.695299,0.271518,-0.002756,0.000000,-0.042209,0.056799,-0.002465
9.300,0.859982,-0.108913,1.139351,1.010532,0.119045,1.256301,0.039676,-0.223206,0.005760,-0.017638,-0.071126,0.029536,-0.837981,0.545700,-0.837114,0.547029,0.000000,0.694392,0.272722,-0.002797,0.000000,-0.048455,0.063582,-0.001639
9.320,0.858234,-0.111554,1.139355,1.011322,0.114567,1.256422,0.039301,-0.224651,0.006348,-0.019977,-0.073380,0.029290,-0.831674,0.555265,-0.830784,0.556594,0.000000,0.693361,0.274061,-0.002821,0.000000,-0.054677,0.070336,-0.000739
9.340,0.856467,-0.114160,1.139358,1.012103,0.110059,1.256555,0.038875,-0.226141,0.006931,-0.022609,-0.075590,0.029007,-0.825154,0.564908,-0.824248,0.566228,0.000000,0.692205,0.275535,-0.002826,0.000000,-0.060873,0.077055,0.000233
9.360,0.854681,-0.116730,1.139360,1.012876,0.105521,1.256699,0.038394,-0.227674,0.007508,-0.025544,-0.077743,0.028687,-0.818417,0.574625,-0.817500,0.575928,0.000000,0.690926,0.277143,-0.002811,0.000000,-0.067039,0.083734,0.001276
9.380,0.852878,-0.119264,1.139361,1.013639,0.100951,1.256855,0.037851,-0.229250,0.008079,-0.028790,-0.079823,0.028331,-0.811455,0.584415,-0.810535,0.585690,0.000000,0.689524,0.278884,-0.002774,0.000000,-0.073174,0.090367,0.002387
9.400,0.851055,-0.121763,1.139361,1.014390,0.096350,1.257022,0.037240,-0.230867,0.008641,-0.032353,-0.081814,0.027938,-0.804263,0.594274,-0.803348,0.595509,0.000000,0.687999,0.280758,-0.002715,0.000000,-0.079273,0.096949,0.003562
9.420,0.849214,-0.124225,1.139360,1.015128,0.091717,1.257201,0.036555,-0.232522,0.009196,-0.036236,-0.083700,0.027509,-0.796835,0.604197,-0.795934,0.605383,0.000000,0.686353,0.282762,-0.002631,0.000000,-0.085334,0.103472,0.004799
9.440,0.847355,-0.126650,1.139357,1.015852,0.087049,1.257390,0.035789,-0.234214,0.009741,-0.040440,-0.085462,0.027043,-0.789165,0.614181,-0.788288,0.615307,0.000000,0.684586,0.284896,-0.002523,0.000000,-0.091354,0.109930,0.006093
9.460,0.845477,-0.129038,1.139354,1.016559,0.082348,1.257590,0.034935,-0.235939,0.010277,-0.044962,-0.087082,0.026543,-0.781248,0.624221,-0.780405,0.625275,0.000000,0.682699,0.287159,-0.002387,0.000000,-0.097330,0.116317,0.007439
9.480,0.843581,-0.131389,1.139349,1.017248,0.077611,1.257801,0.033988,-0.237696,0.010803,-0.049799,-0.088539,0.026008,-0.773078,0.634311,-0.772280,0.635282,0.000000,0.680693,0.289548,-0.002225,0.000000,-0.103259,0.122627,0.008833
9.500,0.841665,-0.133702,1.139343,1.017918,0.072840,1.258022,0.032941,-0.239480,0.011317,-0.054943,-0.089813,0.025440,-0.764650,0.644446,-0.763909,0.645324,0.000000,0.678569,0.292063,-0.002034,0.000000,-0.109138,0.128853,0.010270
9.520,0.839731,-0.135977,1.139336,1.018565,0.068032,1.258254,0.031789,-0.241287,0.011820,-0.060382,-0.090881,0.024840,-0.755959,0.654619,-0.755288,0.655393,0.000000,0.676328,0.294702,-0.001814,0.000000,-0.114964,0.134989,0.011744
9.540,0.837777,-0.138215,1.139329,1.019189,0.063188,1.258495,0.030524,-0.243114,0.012311,-0.066104,-0.091722,0.024209,-0.747000,0.664824,-0.746412,0.665484,0.000000,0.673971,0.297462,-0.001564,0.000000,-0.120735,0.141028,0.013249
9.560,0.835804,-0.140414,1.139320,1.019785,0.058307,1.258746,0.029143,-0.244954,0.012788,-0.072092,-0.092313,0.023549,-0.737768,0.675055,-0.737278,0.675589,0.000000,0.671499,0.300342,-0.001284,0.000000,-0.126447,0.146966,0.014781
9.580,0.833811,-0.142575,1.139311,1.020353,0.053390,1.259006,0.027639,-0.246804,0.013253,-0.078329,-0.092630,0.022861,-0.728259,0.685302,-0.727882,0.685702,0.000000,0.668914,0.303340,-0.000972,0.000000,-0.132097,0.152798,0.016334
9.600,0.831798,-0.144698,1.139302,1.020890,0.048435,1.259276,0.026008,-0.248658,0.013703,-0.084795,-0.092651,0.022147,-0.718469,0.695559,-0.718221,0.695815,0.000000,0.666216,0.306453,-0.000630,0.000000,-0.137684,0.158518,0.017903
9.620,0.829765,-0.146781,1.139293,1.021393,0.043444,1.259554,0.024246,-0.250508,0.014138,-0.091467,-0.092353,0.021409,-0.708394,0.705817,-0.708291,0.705921,0.000000,0.663407,0.309680,-0.000256,0.000000,-0.143204,0.164123,0.019481
9.640,0.827712,-0.148826,1.139284,1.021859,0.038415,1.259841,0.022348,-0.252349,0.014559,-0.098322,-0.091714,0.020649,-0.698032,0.716066,-0.698091,0.716009,0.000000,0.660488,0.313018,0.000149,0.000000,-0.148655,0.169607,0.021064
9.660,0.825638,-0.150832,1.139275,1.022286,0.033350,1.260137,0.020312,-0.254174,0.014964,-0.105335,-0.090712,0.019869,-0.687380,0.726298,-0.687617,0.726074,0.000000,0.657461,0.316464,0.000586,0.000000,-0.154033,0.174967,0.022644
9.680,0.823542,-0.152798,1.139267,1.022671,0.028248,1.260440,0.018134,-0.255975,0.015354,-0.112478,-0.089328,0.019071,-0.676434,0.736503,-0.676868,0.736104,0.000000,0.654327,0.320015,0.001055,0.000000,-0.159338,0.180200,0.024218
9.700,0.821426,-0.154725,1.139259,1.023010,0.023111,1.260751,0.015812,-0.257745,0.015727,-0.119726,-0.087541,0.018258,-0.665194,0.746671,-0.665843,0.746091,0.000000,0.651088,0.323671,0.001555,0.000000,-0.164565,0.185302,0.025778
9.720,0.819288,-0.156611,1.139253,1.023302,0.017939,1.261069,0.013344,-0.259474,0.016084,-0.127048,-0.085333,0.017431,-0.653658,0.756790,-0.654541,0.756026,0.000000,0.647745,0.327427,0.002086,0.000000,-0.169712,0.190270,0.027319
9.740,0.817129,-0.158458,1.139247,1.023543,0.012732,1.261394,0.010730,-0.261155,0.016424,-0.134415,-0.082689,0.016593,-0.641825,0.766851,-0.642961,0.765899,0.000000,0.644300,0.331281,0.002648,0.000000,-0.174778,0.195101,0.028834
9.760,0.814948,-0.160265,1.139243,1.023730,0.007493,1.261726,0.007968,-0.262779,0.016747,-0.141797,-0.079592,0.015746,-0.629696,0.776841,-0.631104,0.775698,0.000000,0.640754,0.335230,0.003239,0.000000,-0.179759,0.199794,0.030318
9.780,0.812746,-0.162031,1.139240,1.023861,0.002222,1.262064,0.005058,-0.264336,0.017054,-0.149164,-0.076030,0.014892,-0.617271,0.786750,-0.618969,0.785415,0.000000,0.637110,0.339271,0.003860,0.000000,-0.184653,0.204345,0.031765
9.800,0.810522,-0.163757,1.139239,1.023932,-0.003080,1.262408,0.002001,-0.265817,0.017343,-0.156486,-0.071992,0.014034,-0.604552,0.796566,-0.606559,0.795038,0.000000,0.633369,0.343403,0.004509,0.000000,-0.189459,0.208754,0.033167
9.820,0.808276,-0.165441,1.139239,1.023940,-0.008411,1.262757,-0.001201,-0.267212,0.017615,-0.163731,-0.067471,0.013173,-0.591540,0.806276,-0.593876,0.804557,0.000000,0.629532,0.347621,0.005186,0.000000,-0.194172,0.213020,0.034520
9.840,0.806008,-0.167085,1.139241,1.023883,-0.013768,1.263112,-0.004547,-0.268512,0.017870,-0.170869,-0.062459,0.012312,-0.578238,0.815868,-0.580921,0.813960,0.000000,0.625603,0.351922,0.005890,0.000000,-0.198792,0.217140,0.035816
9.860,0.803719,-0.168686,1.139244,1.023757,-0.019150,1.263472,-0.008035,-0.269707,0.018108,-0.177870,-0.056955,0.011454,-0.564650,0.825331,-0.567698,0.823237,0.000000,0.621581,0.356305,0.006619,0.000000,-0.203316,0.221114,0.037049
9.880,0.801409,-0.170246,1.139250,1.023560,-0.024555,1.263836,-0.011661,-0.270787,0.018328,-0.184705,-0.050958,0.010599,-0.550780,0.834651,-0.554212,0.832376,0.000000,0.617471,0.360766,0.007371,0.000000,-0.207742,0.224942,0.038213
9.900,0.799078,-0.171764,1.139256,1.023290,-0.029981,1.264205,-0.015422,-0.271742,0.018532,-0.191344,-0.044471,0.009750,-0.536634,0.843815,-0.540467,0.841365,0.000000,0.613272,0.365302,0.008147,0.000000,-0.212068,0.228624,0.039300
9.920,0.796726,-0.173240,1.139264,1.022943,-0.035424,1.264578,-0.019313,-0.272563,0.018718,-0.197760,-0.037502,0.008910,-0.522217,0.852813,-0.526468,0.850195,0.000000,0.608989,0.369910,0.008943,0.000000,-0.216292,0.232159,0.040305
9.940,0.794354,-0.174673,1.139273,1.022516,-0.040883,1.264954,-0.023330,-0.273239,0.018888,-0.203925,-0.030060,0.008078,-0.507538,0.861630,-0.512221,0.858854,0.000000,0.604621,0.374587,0.009758,0.000000,-0.220411,0.235549,0.041220
9.960,0.791962,-0.176063,1.139284,1.022009,-0.046353,1.265333,-0.027468,-0.273762,0.019041,-0.209815,-0.022159,0.007258,-0.492603,0.870254,-0.497735,0.867329,0.000000,0.600173,0.379331,0.010591,0.000000,-0.224423,0.238794,0.042040
9.980,0.789551,-0.177410,1.139295,1.021417,-0.051832,1.265715,-0.031721,-0.274123,0.019179,-0.215405,-0.013819,0.006451,-0.477422,0.878674,-0.483016,0.875611,0.000000,0.595645,0.384138,0.011439,0.000000,-0.228327,0.241895,0.042756
10.000,0.787120,-0.178713,1.139306,1.020739,-0.057317,1.266100,-0.036082,-0.274312,0.019300,-0.220673,-0.005061,0.005657,-0.462005,0.886877,-0.468074,0.883689,0.000000,0.591041,0.389006,0.012300,0.000000,-0.232121,0.244853,0.043363
10.020,0.784671,-0.179973,1.139318,1.019973,-0.062803,1.266487,-0.040546,-0.274322,0.019405,-0.225597,0.004089,0.004878,-0.446363,0.894852,-0.452918,0.891552,0.000000,0.586361,0.393931,0.013173,0.000000,-0.235803,0.247670,0.043855
10.040,0.782204,-0.181190,1.139330,1.019117,-0.068288,1.266876,-0.045104,-0.274146,0.019495,-0.230159,0.013602,0.004116,-0.430507,0.902587,-0.437559,0.899190,0.000000,0.581609,0.398912,0.014054,0.000000,-0.239370,0.250347,0.044228
10.060,0.779720,-0.182363,1.139342,1.018168,-0.073768,1.267267,-0.049749,-0.273776,0.019570,-0.234341,0.023445,0.003371,-0.414451,0.910072,-0.422007,0.906592,0.000000,0.576787,0.403944,0.014941,0.000000,-0.242822,0.252885,0.044478
10.080,0.777219,-0.183491,1.139353,1.017126,-0.079238,1.267659,-0.054475,-0.273206,0.019630,-0.238127,0.033582,0.002643,-0.398207,0.917295,-0.406275,0.913751,0.000000,0.571897,0.409026,0.015832,0.000000,-0.246156,0.255285,0.044602
10.100,0.774702,-0.184576,1.139363,1.015989,-0.084695,1.268052,-0.059272,-0.272431,0.019675,-0.241503,0.043978,0.001934,-0.381791,0.924249,-0.390375,0.920656,0.000000,0.566942,0.414155,0.016724,0.000000,-0.249372,0.257548,0.044596
10.120,0.772168,-0.185616,1.139372,1.014755,-0.090134,1.268446,-0.064132,-0.271446,0.019707,-0.244455,0.054592,0.001244,-0.365215,0.930923,-0.374320,0.927300,0.000000,0.561923,0.419327,0.017615,0.000000,-0.252467,0.259677,0.044459
10.140,0.769619,-0.186613,1.139380,1.013423,-0.095551,1.268840,-0.069047,-0.270246,0.019725,-0.246974,0.065383,0.000574,-0.348497,0.937310,-0.358123,0.933674,0.000000,0.556844,0.424541,0.018502,0.000000,-0.255439,0.261673,0.044191
10.160,0.767055,-0.187565,1.139386,1.011993,-0.100942,1.269235,-0.074008,-0.268830,0.019730,-0.249048,0.076308,-0.000077,-0.331652,0.943402,-0.341800,0.939773,0.000000,0.551706,0.429793,0.019382,0.000000,-0.258289,0.263536,0.043791
10.180,0.764475,-0.188472,1.139390,1.010463,-0.106303,1.269629,-0.079006,-0.267193,0.019722,-0.250672,0.087324,-0.000707,-0.314697,0.949192,-0.325364,0.945589,0.000000,0.546513,0.435081,0.020253,0.000000,-0.261013,0.265269,0.043258
10.200,0.761882,-0.189335,1.139393,1.008832,-0.111628,1.270023,-0.084032,-0.265336,0.019702,-0.251839,0.098386,-0.001318,-0.297648,0.954676,-0.308830,0.951117,0.000000,0.541267,0.440403,0.021111,0.000000,-0.263611,0.266873,0.042595
10.220,0.759273,-0.190154,1.139394,1.007101,-0.116915,1.270417,-0.089077,-0.263258,0.019670,-0.252544,0.109450,-0.001907,-0.280522,0.959847,-0.292213,0.956353,0.000000,0.535969,0.445756,0.021956,0.000000,-0.266082,0.268350,0.041803
10.240,0.756650,-0.190928,1.139393,1.005269,-0.122157,1.270810,-0.094131,-0.260959,0.019626,-0.252785,0.120470,-0.002477,-0.263338,0.964704,-0.275530,0.961293,0.000000,0.530624,0.451136,0.022783,0.000000,-0.268425,0.269701,0.040885
10.260,0.754013,-0.191658,1.139390,1.003336,-0.127352,1.271202,-0.099185,-0.258440,0.019571,-0.252562,0.131403,-0.003026,-0.246112,0.969242,-0.258795,0.965932,0.000000,0.525233,0.456543,0.023590,0.000000,-0.270637,0.270928,0.039844
10.280,0.751361,-0.192344,1.139385,1.001302,-0.132493,1.271593,-0.104230,-0.255703,0.019505,-0.251876,0.142204,-0.003556,-0.228861,0.973459,-0.242024,0.970270,0.000000,0.519800,0.461973,0.024376,0.000000,-0.272719,0.272032,0.038685
10.300,0.748695,-0.192985,1.139379,0.999167,-0.137578,1.271982,-0.109257,-0.252753,0.019429,-0.250729,0.152829,-0.004065,-0.211604,0.977355,-0.225234,0.974305,0.000000,0.514325,0.467423,0.025137,0.000000,-0.274669,0.273016,0.037411
10.320,0.746014,-0.193581,1.139371,0.996932,-0.142602,1.272370,-0.114256,-0.249592,0.019343,-0.249125,0.163239,-0.004555,-0.194358,0.980931,-0.208439,0.978035,0.000000,0.508814,0.472892,0.025871,0.000000,-0.276487,0.273881,0.036029
10.340,0.743318,-0.194133,1.139362,0.994597,-0.147561,1.272756,-0.119219,-0.246225,0.019247,-0.247073,0.173391,-0.005025,-0.177140,0.984186,-0.191655,0.981462,0.000000,0.503267,0.478378,0.026577,0.000000,-0.278171,0.274629,0.034545
10.360,0.740607,-0.194641,1.139352,0.992163,-0.152450,1.273140,-0.124136,-0.242658,0.019142,-0.244578,0.183248,-0.005477,-0.159967,0.987122,-0.174898,0.984587,0.000000,0.497688,0.483877,0.027252,0.000000,-0.279720,0.275261,0.032965
10.380,0.737881,-0.195104,1.139341,0.989632,-0.157266,1.273522,-0.128999,-0.238897,0.019028,-0.241652,0.192774,-0.005909,-0.142855,0.989744,-0.158183,0.987410,0.000000,0.492079,0.489387,0.027895,0.000000,-0.281135,0.275780,0.031298
10.400,0.735138,-0.195523,1.139329,0.987004,-0.162004,1.273901,-0.133799,-0.234949,0.018905,-0.238307,0.201936,-0.006324,-0.125821,0.992053,-0.141523,0.989935,0.000000,0.486443,0.494907,0.028504,0.000000,-0.282413,0.276188,0.029552
10.420,0.732380,-0.195897,1.139317,0.984280,-0.166662,1.274278,-0.138529,-0.230822,0.018775,-0.234555,0.210702,-0.006721,-0.108880,0.994055,-0.124935,0.992165,0.000000,0.480783,0.500434,0.029077,0.000000,-0.283556,0.276487,0.027736
10.440,0.729604,-0.196227,1.139305,0.981463,-0.171236,1.274652,-0.143179,-0.226524,0.018637,-0.230413,0.219046,-0.007101,-0.092046,0.995755,-0.108431,0.994104,0.000000,0.475102,0.505966,0.029613,0.000000,-0.284561,0.276677,0.025860
10.460,0.726812,-0.196512,1.139293,0.978554,-0.175722,1.275023,-0.147743,-0.222064,0.018491,-0.225898,0.226943,-0.007465,-0.075335,0.997158,-0.092025,0.995757,0.000000,0.469402,0.511501,0.030111,0.000000,-0.285429,0.276763,0.023934
10.480,0.724003,-0.196752,1.139282,0.975554,-0.180118,1.275391,-0.152213,-0.217450,0.018338,-0.221030,0.234375,-0.007812,-0.058759,0.998272,-0.075729,0.997128,0.000000,0.463686,0.517036,0.030570,0.000000,-0.286159,0.276745,0.021970
10.500,0.721176,-0.196948,1.139272,0.972466,-0.184419,1.275757,-0.156582,-0.212692,0.018179,-0.215828,0.241325,-0.008143,-0.042331,0.999104,-0.059556,0.998225,0.000000,0.457956,0.522570,0.030990,0.000000,-0.286751,0.276625,0.019979
10.520,0.718332,-0.197099,1.139263,0.969291,-0.188624,1.276118,-0.160844,-0.207800,0.018013,-0.210317,0.247780,-0.008459,-0.026063,0.999660,-0.043516,0.999053,0.000000,0.452217,0.528100,0.031369,0.000000,-0.287205,0.276406,0.017971
10.540,0.715469,-0.197204,1.139255,0.966033,-0.192731,1.276477,-0.164992,-0.202784,0.017840,-0.204519,0.253733,-0.008761,-0.009966,0.999950,-0.027622,0.999618,0.000000,0.446469,0.533625,0.031708,0.000000,-0.287519,0.276088,0.015955
10.560,0.712588,-0.197265,1.139248,0.962692,-0.196735,1.276832,-0.169023,-0.197654,0.017662,-0.198461,0.259177,-0.009049,0.005951,0.999982,-0.011881,0.999929,0.000000,0.440717,0.539143,0.032007,0.000000,-0.287695,0.275674,0.013940
10.580,0.709688,-0.197280,1.139242,0.959273,-0.200636,1.277183,-0.172929,-0.192420,0.017479,-0.192168,0.264111,-0.009323,0.021677,0.999765,0.003695,0.999993,0.000000,0.434962,0.544652,0.032266,0.000000,-0.287732,0.275164,0.011936
10.600,0.706770,-0.197250,1.139239,0.955776,-0.204431,1.277531,-0.176708,-0.187093,0.017289,-0.185669,0.268536,-0.009584,0.037204,0.999308,0.019099,0.999818,0.000000,0.429208,0.550149,0.032485,0.000000,-0.287630,0.274559,0.009950
10.620,0.703833,-0.197174,1.139236,0.952205,-0.208119,1.277875,-0.180355,-0.181682,0.017095,-0.178990,0.272454,-0.009833,0.052524,0.998620,0.034321,0.999411,0.000000,0.423458,0.555633,0.032664,0.000000,-0.287388,0.273860,0.007991
10.640,0.700878,-0.197053,1.139236,0.948563,-0.211698,1.278215,-0.183867,-0.176198,0.016896,-0.172160,0.275872,-0.010069,0.067630,0.997710,0.049356,0.998781,0.000000,0.417714,0.561103,0.032805,0.000000,-0.287008,0.273068,0.006065
10.660,0.697904,-0.196886,1.139237,0.944852,-0.215167,1.278551,-0.187240,-0.170651,0.016693,-0.165208,0.278798,-0.010295,0.082516,0.996590,0.064195,0.997937,0.000000,0.411979,0.566555,0.032907,0.000000,-0.286489,0.272184,0.004178
10.680,0.694912,-0.196674,1.139239,0.941074,-0.218524,1.278883,-0.190474,-0.165049,0.016485,-0.158163,0.281244,-0.010509,0.097177,0.995267,0.078833,0.996888,0.000000,0.406255,0.571989,0.032972,0.000000,-0.285832,0.271207,0.002338
10.700,0.691902,-0.196416,1.139243,0.937234,-0.221768,1.279210,-0.193567,-0.159404,0.016272,-0.151054,0.283220,-0.010713,0.111607,0.993752,0.093264,0.995641,0.000000,0.400546,0.577403,0.033001,0.000000,-0.285036,0.270138,0.000549
10.720,0.688874,-0.196112,1.139248,0.933332,-0.224900,1.279533,-0.196516,-0.153724,0.016056,-0.143909,0.284742,-0.010907,0.125802,0.992055,0.107484,0.994207,0.000000,0.394855,0.582794,0.032994,0.000000,-0.284103,0.268977,-0.001184
10.740,0.685828,-0.195763,1.139255,0.929374,-0.227917,1.279852,-0.199323,-0.148017,0.015836,-0.136757,0.285826,-0.011091,0.139759,0.990186,0.121487,0.992593,0.000000,0.389183,0.588162,0.032954,0.000000,-0.283033,0.267724,-0.002855
10.760,0.682765,-0.195368,1.139262,0.925361,-0.230820,1.280167,-0.201987,-0.142293,0.015612,-0.129625,0.286488,-0.011267,0.153475,0.988153,0.135270,0.990809,0.000000,0.383534,0.593503,0.032881,0.000000,-0.281825,0.266378,-0.004461
10.780,0.679685,-0.194928,1.139271,0.921295,-0.233609,1.280477,-0.204508,-0.136560,0.015385,-0.122539,0.286747,-0.011433,0.166947,0.985966,0.148829,0.988863,0.000000,0.377911,0.598816,0.032776,0.000000,-0.280482,0.264940,-0.005999
10.800,0.676589,-0.194442,1.139280,0.917181,-0.236283,1.280782,-0.206889,-0.130826,0.015155,-0.115527,0.286623,-0.011592,0.180173,0.983635,0.162163,0.986764,0.000000,0.372316,0.604100,0.032641,0.000000,-0.279002,0.263407,-0.007464
10.820,0.673476,-0.193910,1.139289,0.913021,-0.238842,1.281083,-0.209130,-0.125098,0.014922,-0.108612,0.286135,-0.011743,0.193154,0.981169,0.175267,0.984521,0.000000,0.366752,0.609352,0.032478,0.000000,-0.277388,0.261780,-0.008856
10.840,0.670348,-0.193334,1.139298,0.908817,-0.241287,1.281379,-0.211234,-0.119383,0.014686,-0.101819,0.285304,-0.011886,0.205887,0.978576,0.188142,0.982142,0.000000,0.361221,0.614570,0.032287,0.000000,-0.275640,0.260057,-0.010172
10.860,0.667205,-0.192712,1.139308,0.904572,-0.243617,1.281670,-0.213204,-0.113688,0.014446,-0.095169,0.284151,-0.012022,0.218372,0.975866,0.200785,0.979635,0.000000,0.355727,0.619753,0.032072,0.000000,-0.273759,0.258238,-0.011410
10.880,0.664048,-0.192045,1.139317,0.900290,-0.245834,1.281957,-0.215042,-0.108019,0.014205,-0.088683,0.282698,-0.012151,0.230610,0.973046,0.213196,0.977010,0.000000,0.350272,0.624899,0.031832,0.000000,-0.271745,0.256320,-0.012570
10.900,0.660876,-0.191334,1.139326,0.895971,-0.247938,1.282239,-0.216752,-0.102382,0.013960,-0.082378,0.280965,-0.012274,0.242602,0.970126,0.225373,0.974272,0.000000,0.344858,0.630006,0.031569,0.000000,-0.269600,0.254303,-0.013651
10.920,0.657690,-0.190577,1.139335,0.891620,-0.249930,1.282515,-0.218338,-0.096782,0.013714,-0.076272,0.278974,-0.012390,0.254348,0.967113,0.237318,0.971432,0.000000,0.339489,0.635071,0.031286,0.000000,-0.267325,0.252184,-0.014654
10.940,0.654491,-0.189776,1.139342,0.887239,-0.251810,1.282787,-0.219804,-0.091224,0.013465,-0.070379,0.276745,-0.012501,0.265850,0.964014,0.249030,0.968496,0.000000,0.334166,0.640092,0.030984,0.000000,-0.264920,0.249963,-0.015578
10.960,0.651278,-0.188931,1.139349,0.882829,-0.253579,1.283054,-0.221155,-0.085714,0.013214,-0.064710,0.274299,-0.012605,0.277109,0.960838,0.260510,0.965471,0.000000,0.328893,0.645068,0.030663,0.000000,-0.262388,0.247635,-0.016426
10.980,0.648053,-0.188042,1.139354,0.878393,-0.255239,1.283316,-0.222394,-0.080254,0.012961,-0.059274,0.271654,-0.012704,0.288129,0.957592,0.271758,0.962365,0.000000,0.323671,0.649997,0.030327,0.000000,-0.259729,0.245201,-0.017198
11.000,0.644816,-0.187108,1.139359,0.873934,-0.256790,1.283572,-0.223527,-0.074849,0.012706,-0.054080,0.268829,-0.012796,0.298910,0.954281,0.282778,0.959186,0.000000,0.318504,0.654876,0.029976,0.000000,-0.256944,0.242657,-0.017897
11.020,0.641566,-0.186130,1.139362,0.869453,-0.258233,1.283824,-0.224559,-0.069502,0.012449,-0.049129,0.265841,-0.012884,0.309456,0.950914,0.293568,0.955938,0.000000,0.313394,0.659702,0.029612,0.000000,-0.254036,0.240003,-0.018524
11.040,0.638305,-0.185109,1.139365,0.864952,-0.259570,1.284070,-0.225494,-0.064216,0.012190,-0.044426,0.262708,-0.012966,0.319770,0.947495,0.304133,0.952630,0.000000,0.308344,0.664475,0.029235,0.000000,-0.251004,0.237236,-0.019081
11.060,0.635031,-0.184044,1.139366,0.860434,-0.260802,1.284312,-0.226338,-0.058994,0.011930,-0.039970,0.259444,-0.013042,0.329854,0.944032,0.314473,0.949266,0.000000,0.303355,0.669191,0.028849,0.000000,-0.247852,0.234355,-0.019569
11.080,0.631746,-0.182936,1.139366,0.855899,-0.261930,1.284548,-0.227095,-0.053839,0.011669,-0.035759,0.256066,-0.013112,0.339712,0.940529,0.324592,0.945854,0.000000,0.298430,0.673848,0.028453,0.000000,-0.244580,0.231360,-0.019992
11.100,0.628450,-0.181784,1.139365,0.851350,-0.262956,1.284778,-0.227770,-0.048752,0.011406,-0.031790,0.252587,-0.013178,0.349347,0.936993,0.334491,0.942399,0.000000,0.293572,0.678445,0.028050,0.000000,-0.241190,0.228250,-0.020351
11.120,0.625142,-0.180590,1.139363,0.846789,-0.263881,1.285004,-0.228368,-0.043736,0.011142,-0.028057,0.249022,-0.013237,0.358763,0.933429,0.344174,0.938906,0.000000,0.288784,0.682978,0.027640,0.000000,-0.237683,0.225024,-0.020647
11.140,0.621822,-0.179352,1.139360,0.842216,-0.264706,1.285224,-0.228894,-0.038792,0.010876,-0.024554,0.245382,-0.013291,0.367964,0.929840,0.353644,0.935380,0.000000,0.284066,0.687445,0.027224,0.000000,-0.234062,0.221683,-0.020884
11.160,0.618491,-0.178071,1.139356,0.837634,-0.265433,1.285439,-0.229352,-0.033921,0.010610,-0.021273,0.241681,-0.013339,0.376953,0.926232,0.362902,0.931827,0.000000,0.279422,0.691844,0.026805,0.000000,-0.230328,0.218225,-0.021064
11.180,0.615148,-0.176748,1.139352,0.833043,-0.266063,1.285648,-0.229746,-0.029125,0.010343,-0.018205,0.237929,-0.013381,0.385734,0.922610,0.371954,0.928251,0.000000,0.274854,0.696173,0.026382,0.000000,-0.226482,0.214652,-0.021189
11.200,0.611793,-0.175382,1.139347,0.828444,-0.266599,1.285853,-0.230081,-0.024404,0.010075,-0.015340,0.234138,-0.013418,0.394311,0.918977,0.380801,0.924657,0.000000,0.270363,0.700430,0.025957,0.000000,-0.222527,0.210964,-0.021262
11.220,0.608427,-0.173974,1.139341,0.823840,-0.267040,1.286051,-0.230361,-0.019760,0.009806,-0.012667,0.230317,-0.013448,0.402689,0.915337,0.389448,0.921048,0.000000,0.265953,0.704611,0.025532,0.000000,-0.218464,0.207161,-0.021284
11.240,0.605049,-0.172524,1.139335,0.819230,-0.267389,1.286245,-0.230589,-0.015192,0.009537,-0.010175,0.226477,-0.013473,0.410871,0.911693,0.397898,0.917430,0.000000,0.261625,0.708715,0.025106,0.000000,-0.214296,0.203244,-0.021260
11.260,0.601659,-0.171031,1.139329,0.814616,-0.267648,1.286433,-0.230769,-0.010701,0.009267,-0.007852,0.222624,-0.013492,0.418862,0.908050,0.406155,0.913804,0.000000,0.257382,0.712740,0.024682,0.000000,-0.210024,0.199216,-0.021191
11.280,0.598257,-0.169497,1.139323,0.810000,-0.267818,1.286615,-0.230904,-0.006287,0.008997,-0.005686,0.218769,-0.013504,0.426665,0.904410,0.414222,0.910176,0.000000,0.253225,0.716683,0.024259,0.000000,-0.205650,0.195076,-0.021081
11.300,0.594842,-0.167921,1.139317,0.805381,-0.267900,1.286793,-0.230997,-0.001950,0.008727,-0.003664,0.214918,-0.013511,0.434285,0.900776,0.422102,0.906548,0.000000,0.249157,0.720542,0.023839,0.000000,-0.201177,0.190826,-0.020933
11.320,0.591416,-0.166303,1.139311,0.800760,-0.267896,1.286965,-0.231052,0.002310,0.008457,-0.001774,0.211078,-0.013512,0.441726,0.897150,0.429801,0.902924,0.000000,0.245179,0.724315,0.023422,0.000000,-0.196607,0.186470,-0.020748
11.340,0.587976,-0.164643,1.139305,0.796139,-0.267808,1.287131,-0.231069,0.006493,0.008187,-0.000003,0.207256,-0.013507,0.448992,0.893536,0.437321,0.899306,0.000000,0.241293,0.728000,0.023009,0.000000,-0.191942,0.182008,-0.020531
11.360,0.584524,-0.162942,1.139299,0.791517,-0.267637,1.287292,-0.231052,0.010600,0.007917,0.001661,0.203458,-0.013496,0.456087,0.889935,0.444665,0.895697,0.000000,0.237502,0.731595,0.022601,0.000000,-0.187183,0.177443,-0.020285
11.380,0.581060,-0.161200,1.139294,0.786897,-0.267385,1.287448,-0.231003,0.014632,0.007647,0.003228,0.199688,-0.013479,0.463015,0.886350,0.451839,0.892099,0.000000,0.233806,0.735097,0.022198,0.000000,-0.182335,0.172777,-0.020013
11.400,0.577582,-0.159417,1.139290,0.782278,-0.267052,1.287598,-0.230924,0.018588,0.007378,0.004711,0.195951,-0.013456,0.469780,0.882783,0.458845,0.888516,0.000000,0.230209,0.738506,0.021800,0.000000,-0.177398,0.168014,-0.019718
11.420,0.574091,-0.157594,1.139286,0.777660,-0.266642,1.287743,-0.230815,0.022470,0.007109,0.006120,0.192252,-0.013428,0.476386,0.879236,0.465688,0.884949,0.000000,0.226711,0.741817,0.021409,0.000000,-0.172375,0.163156,-0.019403
11.440,0.570588,-0.155729,1.139282,0.773045,-0.266154,1.287882,-0.230679,0.026279,0.006841,0.007463,0.188595,-0.013395,0.482837,0.875710,0.472370,0.881400,0.000000,0.223314,0.745031,0.021024,0.000000,-0.167269,0.158207,-0.019073
11.460,0.567072,-0.153825,1.139279,0.768433,-0.265591,1.288016,-0.230517,0.030014,0.006573,0.008749,0.184982,-0.013357,0.489136,0.872207,0.478896,0.877872,0.000000,0.220021,0.748145,0.020646,0.000000,-0.162082,0.153171,-0.018730
11.480,0.563542,-0.151880,1.139277,0.763825,-0.264954,1.288145,-0.230330,0.033678,0.006306,0.009986,0.181417,-0.013314,0.495287,0.868729,0.485268,0.874365,0.000000,0.216832,0.751157,0.020275,0.000000,-0.156816,0.148050,-0.018379
11.500,0.560000,-0.149895,1.139276,0.759220,-0.264244,1.288269,-0.230118,0.037271,0.006041,0.011179,0.177901,-0.013267,0.501293,0.865277,0.491491,0.870883,0.000000,0.213749,0.754067,0.019911,0.000000,-0.151476,0.142849,-0.018022
11.520,0.556444,-0.147870,1.139275,0.754620,-0.263464,1.288387,-0.229883,0.040795,0.005776,0.012332,0.174438,-0.013215,0.507159,0.861853,0.497568,0.867425,0.000000,0.210773,0.756871,0.019554,0.000000,-0.146062,0.137570,-0.017663
11.540,0.552876,-0.145806,1.139275,0.750025,-0.262613,1.288500,-0.229625,0.044249,0.005512,0.013451,0.171027,-0.013161,0.512886,0.858457,0.503501,0.863995,0.000000,0.207907,0.759569,0.019205,0.000000,-0.140577,0.132219,-0.017304
11.560,0.549295,-0.143703,1.139276,0.745435,-0.261694,1.288607,-0.229345,0.047636,0.005249,0.014537,0.167670,-0.013103,0.518478,0.855091,0.509295,0.860592,0.000000,0.205150,0.762159,0.018862,0.000000,-0.135025,0.126797,-0.016948
11.580,0.545702,-0.141561,1.139277,0.740851,-0.260708,1.288710,-0.229044,0.050956,0.004988,0.015592,0.164369,-0.013043,0.523938,0.851756,0.514951,0.857219,0.000000,0.202506,0.764640,0.018527,0.000000,-0.129408,0.121309,-0.016598
11.600,0.542096,-0.139380,1.139279,0.736274,-0.259656,1.288807,-0.228722,0.054211,0.004728,0.016618,0.161124,-0.012981,0.529270,0.848454,0.520475,0.853877,0.000000,0.199975,0.767011,0.018198,0.000000,-0.123729,0.115758,-0.016255
11.620,0.538478,-0.137160,1.139281,0.731703,-0.258540,1.288899,-0.228379,0.057402,0.004469,0.017615,0.157934,-0.012917,0.534475,0.845184,0.525867,0.850567,0.000000,0.197557,0.769270,0.017876,0.000000,-0.117990,0.110147,-0.015922
11.640,0.534848,-0.134903,1.139283,0.727139,-0.257361,1.288986,-0.228017,0.060529,0.004211,0.018583,0.154800,-0.012853,0.539558,0.841949,0.531132,0.847289,0.000000,0.195255,0.771417,0.017561,0.000000,-0.112194,0.104480,-0.015600
11.660,0.531206,-0.132608,1.139286,0.722582,-0.256119,1.289067,-0.227636,0.063594,0.003954,0.019521,0.151722,-0.012788,0.544520,0.838748,0.536272,0.844045,0.000000,0.193070,0.773449,0.017252,0.000000,-0.106344,0.098759,-0.015290
11.680,0.527552,-0.130275,1.139290,0.718033,-0.254817,1.289144,-0.227237,0.066598,0.003699,0.020427,0.148699,-0.012724,0.549364,0.835583,0.541290,0.840836,0.000000,0.191002,0.775367,0.016950,0.000000,-0.100442,0.092988,-0.014993
11.700,0.523887,-0.127905,1.139293,0.713493,-0.253456,1.289215,-0.226819,0.069542,0.003446,0.021300,0.145730,-0.012660,0.554094,0.832454,0.546189,0.837662,0.000000,0.189053,0.777168,0.016653,0.000000,-0.094492,0.087170,-0.014711
11.720,0.520211,-0.125498,1.139297,0.708961,-0.252036,1.289282,-0.226385,0.072428,0.003193,0.022138,0.142815,-0.012598,0.558710,0.829363,0.550972,0.834524,0.000000,0.187223,0.778853,0.016361,0.000000,-0.088496,0.081309,-0.014445
11.740,0.516525,-0.123054,1.139300,0.704437,-0.250559,1.289343,-0.225934,0.075255,0.002942,0.022939,0.139953,-0.012538,0.563217,0.826309,0.555640,0.831423,0.000000,0.185513,0.780420,0.016075,0.000000,-0.082458,0.075406,-0.014193
11.760,0.512827,-0.120574,1.139304,0.699923,-0.249026,1.289399,-0.225468,0.078026,0.002691,0.023700,0.137142,-0.012480,0.567615,0.823294,0.560197,0.828359,0.000000,0.183925,0.781869,0.015793,0.000000,-0.076379,0.069466,-0.013958
11.780,0.509120,-0.118058,1.139308,0.695419,-0.247438,1.289451,-0.224986,0.080741,0.002442,0.024418,0.134381,-0.012426,0.571908,0.820317,0.564645,0.825334,0.000000,0.182458,0.783199,0.015516,0.000000,-0.070264,0.063491,-0.013738
11.800,0.505402,-0.115506,1.139311,0.690924,-0.245797,1.289497,-0.224491,0.083402,0.002194,0.025090,0.131670,-0.012375,0.576098,0.817380,0.568987,0.822346,0.000000,0.181114,0.784409,0.015244,0.000000,-0.064114,0.057484,-0.013534
11.820,0.501675,-0.112919,1.139315,0.686439,-0.244103,1.289538,-0.223983,0.086008,0.001947,0.025715,0.129006,-0.012328,0.580187,0.814483,0.573225,0.819398,0.000000,0.179894,0.785498,0.014975,0.000000,-0.057933,0.051447,-0.013344
11.840,0.497939,-0.110296,1.139318,0.681965,-0.242357,1.289575,-0.223463,0.088562,0.001701,0.026289,0.126389,-0.012286,0.584177,0.811626,0.577361,0.816489,0.000000,0.178797,0.786466,0.014710,0.000000,-0.051724,0.045385,-0.013169
11.860,0.494193,-0.107639,1.139321,0.677501,-0.240561,1.289606,-0.222932,0.091064,0.001456,0.026810,0.123818,-0.012249,0.588071,0.808809,0.581398,0.813619,0.000000,0.177825,0.787313,0.014448,0.000000,-0.045490,0.039298,-0.013007
11.880,0.490438,-0.104947,1.139323,0.673047,-0.238715,1.289633,-0.222391,0.093515,0.001211,0.027277,0.121290,-0.012218,0.591870,0.806034,0.585338,0.810789,0.000000,0.176978,0.788038,0.014189,0.000000,-0.039234,0.033191,-0.012856
11.900,0.486675,-0.102222,1.139326,0.668605,-0.236820,1.289655,-0.221841,0.095916,0.000967,0.027687,0.118806,-0.012192,0.595576,0.803299,0.589183,0.808000,0.000000,0.176256,0.788641,0.013934,0.000000,-0.032959,0.027065,-0.012716
11.920,0.482903,-0.099462,1.139328,0.664174,-0.234878,1.289672,-0.221284,0.098268,0.000723,0.028039,0.116364,-0.012173,0.599191,0.800606,0.592935,0.805251,0.000000,0.175659,0.789121,0.013681,0.000000,-0.026667,0.020924,-0.012584
11.940,0.479123,-0.096669,1.139329,0.659754,-0.232890,1.289684,-0.220720,0.100571,0.000480,0.028332,0.113962,-0.012160,0.602719,0.797954,0.596596,0.802542,0.000000,0.175189,0.789478,0.013430,0.000000,-0.020363,0.014770,-0.012459
11.960,0.475334,-0.093842,1.139331,0.655345,-0.230856,1.289691,-0.220151,0.102827,0.000237,0.028567,0.111602,-0.012154,0.606159,0.795343,0.600168,0.799874,0.000000,0.174845,0.789711,0.013182,0.000000,-0.014049,0.008605,-0.012339
11.980,0.471538,-0.090983,1.139331,0.650948,-0.228777,1.289693,-0.219578,0.105035,-0.000006,0.028744,0.109280,-0.012155,0.609515,0.792775,0.603654,0.797246,0.000000,0.174627,0.789822,0.012937,0.000000,-0.007728,0.002432,-0.012220
12.000,0.467734,-0.088091,1.139332,0.646562,-0.226655,1.289691,-0.219001,0.107198,-0.000249,0.028863,0.106999,-0.012163,0.612788,0.790248,0.607055,0.794660,0.000000,0.174536,0.789809,0.012693,0.000000,-0.001403,-0.003746,-0.012102
12.020,0.463923,-0.085168,1.139332,0.642188,-0.224490,1.289683,-0.218423,0.109315,-0.000493,0.028926,0.104756,-0.012178,0.615980,0.787762,0.610373,0.792114,0.000000,0.174571,0.789672,0.012453,0.000000,0.004922,-0.009928,-0.011981
12.040,0.460104,-0.082212,1.139332,0.637825,-0.222283,1.289671,-0.217845,0.111388,-0.000736,0.028936,0.102552,-0.012200,0.619093,0.785318,0.613609,0.789610,0.000000,0.174733,0.789411,0.012214,0.000000,0.011245,-0.016109,-0.011858
12.060,0.456277,-0.079225,1.139331,0.633474,-0.220034,1.289654,-0.217266,0.113418,-0.000981,0.028896,0.100387,-0.012229,0.622128,0.782915,0.616767,0.787146,0.000000,0.175021,0.789027,0.011978,0.000000,0.017561,-0.022289,-0.011729
12.080,0.452443,-0.076207,1.139331,0.629134,-0.217746,1.289632,-0.216689,0.115404,-0.001226,0.028807,0.098260,-0.012264,0.625089,0.780554,0.619847,0.784723,0.000000,0.175435,0.788520,0.011745,0.000000,0.023870,-0.028464,-0.011593
12.100,0.448602,-0.073159,1.139329,0.624806,-0.215418,1.289605,-0.216114,0.117348,-0.001471,0.028673,0.096173,-0.012307,0.627975,0.778234,0.622851,0.782341,0.000000,0.175975,0.787889,0.011515,0.000000,0.030166,-0.034631,-0.011450
12.120,0.444754,-0.070080,1.139328,0.620490,-0.213052,1.289573,-0.215543,0.119251,-0.001718,0.028499,0.094125,-0.012356,0.630789,0.775954,0.625780,0.779999,0.000000,0.176642,0.787135,0.011287,0.000000,0.036448,-0.040788,-0.011299
12.140,0.440898,-0.066971,1.139327,0.616185,-0.210649,1.289536,-0.214975,0.121114,-0.001966,0.028288,0.092116,-0.012412,0.633533,0.773716,0.628638,0.777698,0.000000,0.177433,0.786258,0.011063,0.000000,0.042712,-0.046932,-0.011138
12.160,0.437035,-0.063833,1.139325,0.611891,-0.208208,1.289494,-0.214411,0.122936,-0.002214,0.028044,0.090147,-0.012473,0.636208,0.771517,0.631424,0.775438,0.000000,0.178350,0.785258,0.010842,0.000000,0.048955,-0.053060,-0.010967
12.180,0.433165,-0.060665,1.139323,0.607608,-0.205732,1.289448,-0.213853,0.124720,-0.002465,0.027772,0.088218,-0.012541,0.638816,0.769359,0.634140,0.773218,0.000000,0.179391,0.784135,0.010624,0.000000,0.055175,-0.059170,-0.010785
12.200,0.429288,-0.057469,1.139321,0.603337,-0.203220,1.289396,-0.213301,0.126465,-0.002716,0.027476,0.086330,-0.012614,0.641359,0.767241,0.636789,0.771038,0.000000,0.180557,0.782891,0.010410,0.000000,0.061368,-0.065258,-0.010593
12.220,0.425403,-0.054245,1.139319,0.599076,-0.200673,1.289339,-0.212754,0.128173,-0.002969,0.027161,0.084482,-0.012692,0.643837,0.765163,0.639371,0.768898,0.000000,0.181846,0.781525,0.010201,0.000000,0.067531,-0.071322,-0.010390
12.240,0.421512,-0.050992,1.139316,0.594826,-0.198093,1.289277,-0.212214,0.129845,-0.003224,0.026830,0.082676,-0.012775,0.646252,0.763124,0.641888,0.766798,0.000000,0.183258,0.780038,0.009995,0.000000,0.073662,-0.077358,-0.010177
12.260,0.417613,-0.047712,1.139314,0.590588,-0.195480,1.289210,-0.211681,0.131481,-0.003480,0.026489,0.080911,-0.012862,0.648607,0.761124,0.644341,0.764738,0.000000,0.184792,0.778431,0.009794,0.000000,0.079757,-0.083364,-0.009953
12.280,0.413707,-0.044405,1.139312,0.586359,-0.192834,1.289138,-0.211155,0.133082,-0.003738,0.026142,0.079188,-0.012953,0.650901,0.759162,0.646732,0.762717,0.000000,0.186448,0.776704,0.009597,0.000000,0.085814,-0.089337,-0.009719
12.300,0.409794,-0.041071,1.139310,0.582141,-0.190157,1.289060,-0.210635,0.134648,-0.003998,0.025794,0.077508,-0.013047,0.653137,0.757239,0.649062,0.760736,0.000000,0.188224,0.774858,0.009405,0.000000,0.091829,-0.095274,-0.009476
12.320,0.405874,-0.037711,1.139308,0.577934,-0.187448,1.288978,-0.210123,0.136182,-0.004260,0.025447,0.075869,-0.013145,0.655316,0.755355,0.651331,0.758794,0.000000,0.190121,0.772893,0.009218,0.000000,0.097800,-0.101172,-0.009225
12.340,0.401946,-0.034325,1.139306,0.573736,-0.184709,1.288890,-0.209617,0.137683,-0.004524,0.025107,0.074273,-0.013245,0.657439,0.753508,0.653542,0.756890,0.000000,0.192136,0.770811,0.009036,0.000000,0.103725,-0.107027,-0.008967
12.360,0.398012,-0.030913,1.139304,0.569549,-0.181941,1.288797,-0.209119,0.139153,-0.004790,0.024777,0.072719,-0.013347,0.659507,0.751698,0.655695,0.755026,0.000000,0.194269,0.768612,0.008859,0.000000,0.109599,-0.112837,-0.008703
12.380,0.394070,-0.027476,1.139303,0.565372,-0.179144,1.288698,-0.208626,0.140593,-0.005058,0.024460,0.071208,-0.013450,0.661522,0.749926,0.657792,0.753199,0.000000,0.196520,0.766298,0.008688,0.000000,0.115420,-0.118599,-0.008434
12.400,0.390121,-0.024014,1.139301,0.561204,-0.176318,1.288595,-0.208140,0.142002,-0.005328,0.024158,0.069738,-0.013554,0.663484,0.748191,0.659834,0.751412,0.000000,0.198886,0.763869,0.008522,0.000000,0.121186,-0.124309,-0.008162
12.420,0.386166,-0.020529,1.139300,0.557046,-0.173464,1.288485,-0.207660,0.143382,-0.005600,0.023875,0.068310,-0.013658,0.665395,0.746492,0.661821,0.749662,0.000000,0.201367,0.761326,0.008361,0.000000,0.126893,-0.129963,-0.007888
12.440,0.382203,-0.017019,1.139299,0.552897,-0.170582,1.288371,-0.207185,0.144735,-0.005874,0.023613,0.066923,-0.013763,0.667255,0.744830,0.663755,0.747950,0.000000,0.203961,0.758671,0.008206,0.000000,0.132540,-0.135560,-0.007616
12.460,0.378234,-0.013486,1.139298,0.548758,-0.167674,1.288250,-0.206715,0.146060,-0.006151,0.023371,0.065577,-0.013866,0.669065,0.743204,0.665637,0.746276,0.000000,0.206668,0.755904,0.008057,0.000000,0.138122,-0.141096,-0.007346
12.480,0.374258,-0.009929,1.139298,0.544629,-0.164740,1.288124,-0.206250,0.147358,-0.006429,0.023153,0.064269,-0.013968,0.670827,0.741614,0.667467,0.744639,0.000000,0.209486,0.753027,0.007912,0.000000,0.143637,-0.146566,-0.007082
12.500,0.370275,-0.006350,1.139297,0.540508,-0.161780,1.287993,-0.205789,0.148631,-0.006709,0.022957,0.063001,-0.014068,0.672542,0.740059,0.669247,0.743040,0.000000,0.212413,0.750042,0.007773,0.000000,0.149083,-0.151969,-0.006824
12.520,0.366286,-0.002749,1.139297,0.536397,-0.158795,1.287856,-0.205331,0.149878,-0.006992,0.022784,0.061769,-0.014166,0.674209,0.738541,0.670978,0.741478,0.000000,0.215448,0.746949,0.007639,0.000000,0.154457,-0.157301,-0.006575
12.540,0.362290,0.000873,1.139297,0.532295,-0.155785,1.287713,-0.204877,0.151102,-0.007276,0.022633,0.060574,-0.014261,0.675830,0.737058,0.672660,0.739952,0.000000,0.218591,0.743750,0.007510,0.000000,0.159756,-0.162560,-0.006336
12.560,0.358288,0.004518,1.139298,0.528202,-0.152751,1.287565,-0.204426,0.152301,-0.007562,0.022503,0.059413,-0.014352,0.677405,0.735610,0.674293,0.738463,0.000000,0.221838,0.740447,0.007386,0.000000,0.164977,-0.167742,-0.006108
12.580,0.354280,0.008183,1.139298,0.524118,-0.149693,1.287411,-0.203977,0.153478,-0.007850,0.022393,0.058284,-0.014439,0.678936,0.734197,0.675880,0.737011,0.000000,0.225189,0.737041,0.007266,0.000000,0.170119,-0.172844,-0.005894
12.600,0.350266,0.011868,1.139299,0.520043,-0.146612,1.287251,-0.203530,0.154633,-0.008140,0.022301,0.057187,-0.014522,0.680422,0.732820,0.677421,0.735596,0.000000,0.228642,0.733534,0.007150,0.000000,0.175178,-0.177864,-0.005694
12.620,0.346246,0.015574,1.139300,0.515977,-0.143508,1.287085,-0.203085,0.155766,-0.008431,0.022224,0.056120,-0.014599,0.681865,0.731478,0.678916,0.734216,0.000000,0.232196,0.729927,0.007038,0.000000,0.180153,-0.182799,-0.005508
12.640,0.342221,0.019299,1.139301,0.511920,-0.140382,1.286914,-0.202641,0.156878,-0.008724,0.022162,0.055080,-0.014671,0.683265,0.730171,0.680366,0.732872,0.000000,0.235848,0.726222,0.006930,0.000000,0.185040,-0.187646,-0.005338
12.660,0.338191,0.023044,1.139302,0.507871,-0.137233,1.286736,-0.202198,0.157969,-0.009018,0.022110,0.054067,-0.014736,0.684622,0.728898,0.681772,0.731565,0.000000,0.239597,0.722422,0.006824,0.000000,0.189838,-0.192404,-0.005183
12.680,0.334155,0.026807,1.139303,0.503832,-0.134063,1.286553,-0.201757,0.159041,-0.009313,0.022068,0.053077,-0.014795,0.685937,0.727661,0.683134,0.730293,0.000000,0.243441,0.718527,0.006722,0.000000,0.194545,-0.197070,-0.005045
12.700,0.330115,0.030588,1.139304,0.499801,-0.130872,1.286364,-0.201316,0.160093,-0.009609,0.022031,0.052110,-0.014846,0.687210,0.726458,0.684454,0.729056,0.000000,0.247378,0.714540,0.006623,0.000000,0.199157,-0.201640,-0.004924
12.720,0.326069,0.034388,1.139306,0.495779,-0.127660,1.286169,-0.200875,0.161125,-0.009907,0.021998,0.051163,-0.014889,0.688443,0.725291,0.685731,0.727855,0.000000,0.251406,0.710462,0.006525,0.000000,0.203673,-0.206114,-0.004819
12.740,0.322020,0.038204,1.139307,0.491766,-0.124427,1.285968,-0.200436,0.162139,-0.010205,0.021966,0.050235,-0.014924,0.689634,0.724158,0.686966,0.726689,0.000000,0.255524,0.706296,0.006430,0.000000,0.208090,-0.210489,-0.004730
12.760,0.317966,0.042038,1.139308,0.487762,-0.121174,1.285760,-0.199997,0.163135,-0.010504,0.021931,0.049323,-0.014950,0.690786,0.723059,0.688161,0.725558,0.000000,0.259729,0.702043,0.006336,0.000000,0.212407,-0.214763,-0.004657
12.780,0.313907,0.045888,1.139310,0.483766,-0.117902,1.285547,-0.199559,0.164112,-0.010803,0.021891,0.048427,-0.014966,0.691897,0.721996,0.689314,0.724463,0.000000,0.264020,0.697706,0.006243,0.000000,0.216622,-0.218934,-0.004599
12.800,0.309846,0.049755,1.139311,0.479779,-0.114610,1.285328,-0.199121,0.165072,-0.011102,0.021844,0.047545,-0.014973,0.692969,0.720967,0.690428,0.723401,0.000000,0.268394,0.693286,0.006152,0.000000,0.220732,-0.223000,-0.004555
12.820,0.305780,0.053637,1.139312,0.475801,-0.111299,1.285103,-0.198685,0.166014,-0.011402,0.021787,0.046674,-0.014969,0.694002,0.719973,0.691501,0.722375,0.000000,0.272848,0.688787,0.006061,0.000000,0.224735,-0.226960,-0.004525
12.840,0.301711,0.057534,1.139314,0.471832,-0.107969,1.284872,-0.198250,0.166939,-0.011701,0.021718,0.045813,-0.014955,0.694997,0.719013,0.692536,0.721383,0.000000,0.277382,0.684209,0.005971,0.000000,0.228630,-0.230810,-0.004507
12.860,0.297638,0.061445,1.139315,0.467871,-0.104621,1.284635,-0.197816,0.167847,-0.012000,0.021635,0.044962,-0.014929,0.695952,0.718088,0.693532,0.720426,0.000000,0.281993,0.679555,0.005881,0.000000,0.232414,-0.234551,-0.004501
12.880,0.293563,0.065371,1.139316,0.463919,-0.101256,1.284392,-0.197384,0.168738,-0.012298,0.021536,0.044118,-0.014891,0.696870,0.717197,0.694490,0.719503,0.000000,0.286678,0.674827,0.005791,0.000000,0.236087,-0.238180,-0.004504
12.900,0.289485,0.069311,1.139317,0.459976,-0.097872,1.284143,-0.196955,0.169611,-0.012595,0.021419,0.043281,-0.014841,0.697750,0.716341,0.695409,0.718614,0.000000,0.291436,0.670028,0.005700,0.000000,0.239645,-0.241696,-0.004515
12.920,0.285403,0.073263,1.139318,0.456041,-0.094471,1.283889,-0.196528,0.170469,-0.012892,0.021284,0.042450,-0.014778,0.698593,0.715519,0.696292,0.717759,0.000000,0.296263,0.665160,0.005610,0.000000,0.243088,-0.245098,-0.004532
12.940,0.281320,0.077229,1.139318,0.452115,-0.091053,1.283628,-0.196104,0.171310,-0.013186,0.021130,0.041624,-0.014703,0.699399,0.714732,0.697137,0.716938,0.000000,0.301158,0.660225,0.005519,0.000000,0.246413,-0.248384,-0.004553
12.960,0.277233,0.081206,1.139319,0.448197,-0.087619,1.283361,-0.195683,0.172134,-0.013480,0.020957,0.040802,-0.014614,0.700168,0.713978,0.697946,0.716150,0.000000,0.306119,0.655226,0.005428,0.000000,0.249620,-0.251552,-0.004576
12.980,0.273145,0.085196,1.139319,0.444287,-0.084168,1.283089,-0.195265,0.172942,-0.013771,0.020764,0.039984,-0.014511,0.700900,0.713259,0.698718,0.715397,0.000000,0.311142,0.650164,0.005336,0.000000,0.252705,-0.254603,-0.004599
13.000,0.269054,0.089197,1.139320,0.440386,-0.080701,1.282810,-0.194852,0.173733,-0.014060,0.020553,0.039170,-0.014394,0.701597,0.712574,0.699455,0.714677,0.000000,0.316226,0.645042,0.005244,0.000000,0.255669,-0.257534,-0.004620
13.020,0.264961,0.093208,1.139320,0.436493,-0.077219,1.282526,-0.194443,0.174508,-0.014346,0.020324,0.038360,-0.014262,0.702258,0.711922,0.700156,0.713990,0.000000,0.321368,0.639863,0.005151,0.000000,0.258509,-0.260344,-0.004636
13.040,0.260866,0.097230,1.139320,0.432608,-0.073721,1.282236,-0.194039,0.175268,-0.014630,0.020080,0.037554,-0.014115,0.702884,0.711304,0.700821,0.713337,0.000000,0.326566,0.634629,0.005058,0.000000,0.261224,-0.263033,-0.004648
13.060,0.256769,0.101261,1.139319,0.428732,-0.070208,1.281941,-0.193640,0.176011,-0.014911,0.019821,0.036753,-0.013953,0.703476,0.710719,0.701452,0.712717,0.000000,0.331816,0.629343,0.004965,0.000000,0.263813,-0.265600,-0.004652
13.080,0.252670,0.105302,1.139319,0.424863,-0.066681,1.281640,-0.193247,0.176738,-0.015188,0.019550,0.035955,-0.013775,0.704032,0.710168,0.702048,0.712129,0.000000,0.337117,0.624006,0.004872,0.000000,0.266274,-0.268042,-0.004648
13.100,0.248570,0.109351,1.139319,0.421002,-0.063139,1.281333,-0.192858,0.177449,-0.015462,0.019268,0.035163,-0.013582,0.704555,0.709650,0.702610,0.711575,0.000000,0.342466,0.618622,0.004780,0.000000,0.268607,-0.270361,-0.004635
13.120,0.244468,0.113409,1.139318,0.417148,-0.059583,1.281022,-0.192476,0.178144,-0.015731,0.018979,0.034377,-0.013373,0.705043,0.709164,0.703137,0.711054,0.000000,0.347861,0.613193,0.004687,0.000000,0.270809,-0.272553,-0.004612
13.140,0.240364,0.117474,1.139317,0.413303,-0.056013,1.280704,-0.192099,0.178824,-0.015997,0.018685,0.033597,-0.013147,0.705498,0.708712,0.703631,0.710566,0.000000,0.353298,0.607721,0.004595,0.000000,0.272881,-0.274619,-0.004579
13.160,0.236259,0.121547,1.139317,0.409464,-0.052430,1.280382,-0.191729,0.179488,-0.016257,0.018389,0.032823,-0.012905,0.705920,0.708291,0.704091,0.710110,0.000000,0.358775,0.602209,0.004504,0.000000,0.274821,-0.276558,-0.004534
13.180,0.232152,0.125626,1.139316,0.405633,-0.048834,1.280054,-0.191364,0.180137,-0.016513,0.018094,0.032058,-0.012646,0.706309,0.707903,0.704518,0.709687,0.000000,0.364290,0.596659,0.004414,0.000000,0.276628,-0.278368,-0.004477
13.200,0.228043,0.129712,1.139315,0.401810,-0.045225,1.279721,-0.191005,0.180771,-0.016763,0.017802,0.031301,-0.012370,0.706666,0.707547,0.704911,0.709296,0.000000,0.369839,0.591075,0.004325,0.000000,0.278301,-0.280049,-0.004408
13.220,0.223934,0.133803,1.139314,0.397993,-0.041603,1.279384,-0.190652,0.181389,-0.017007,0.017516,0.030553,-0.012077,0.706990,0.707223,0.705271,0.708937,0.000000,0.375421,0.585458,0.004238,0.000000,0.279840,-0.281600,-0.004328
13.240,0.219822,0.137899,1.139313,0.394184,-0.037969,1.279041,-0.190304,0.181993,-0.017246,0.017240,0.029815,-0.011767,0.707282,0.706931,0.705599,0.708611,0.000000,0.381032,0.579812,0.004152,0.000000,0.281244,-0.283020,-0.004236
13.260,0.215710,0.142000,1.139312,0.390381,-0.034324,1.278694,-0.189962,0.182582,-0.017478,0.016977,0.029087,-0.011440,0.707543,0.706670,0.705894,0.708317,0.000000,0.386670,0.574138,0.004068,0.000000,0.282511,-0.284309,-0.004133
13.280,0.211596,0.146105,1.139311,0.386585,-0.030666,1.278342,-0.189625,0.183156,-0.017703,0.016728,0.028371,-0.011095,0.707772,0.706441,0.706156,0.708056,0.000000,0.392332,0.568440,0.003987,0.000000,0.283643,-0.285466,-0.004020
13.300,0.207481,0.150214,1.139310,0.382796,-0.026997,1.277986,-0.189293,0.183717,-0.017922,0.016498,0.027666,-0.010734,0.707969,0.706243,0.706386,0.707826,0.000000,0.398015,0.562721,0.003908,0.000000,0.284637,-0.286490,-0.003897
13.320,0.203365,0.154325,1.139309,0.379013,-0.023318,1.277625,-0.188965,0.184263,-0.018133,0.016287,0.026974,-0.010355,0.708136,0.706076,0.706584,0.707629,0.000000,0.403716,0.556982,0.003831,0.000000,0.285493,-0.287380,-0.003764
13.340,0.199248,0.158440,1.139308,0.375237,-0.019627,1.277260,-0.188641,0.184796,-0.018336,0.016100,0.026294,-0.009960,0.708271,0.705940,0.706750,0.707463,0.000000,0.409434,0.551226,0.003757,0.000000,0.286212,-0.288136,-0.003624
13.360,0.195130,0.162557,1.139307,0.371468,-0.015926,1.276892,-0.188321,0.185315,-0.018531,0.015937,0.025628,-0.009547,0.708376,0.705835,0.706883,0.707330,0.000000,0.415164,0.545457,0.003686,0.000000,0.286793,-0.288757,-0.003477
13.380,0.191011,0.166675,1.139307,0.367705,-0.012214,1.276519,-0.188003,0.185821,-0.018718,0.015800,0.024974,-0.009118,0.708450,0.705761,0.706985,0.707228,0.000000,0.420904,0.539677,0.003618,0.000000,0.287234,-0.289243,-0.003325
13.400,0.186892,0.170794,1.139306,0.363948,-0.008493,1.276143,-0.187689,0.186314,-0.018895,0.015691,0.024333,-0.008672,0.708493,0.705718,0.707055,0.707159,0.000000,0.426652,0.533888,0.003553,0.000000,0.287538,-0.289594,-0.003170
13.420,0.182771,0.174915,1.139305,0.360197,-0.004762,1.275763,-0.187376,0.186794,-0.019064,0.015612,0.023705,-0.008209,0.708506,0.705705,0.707092,0.707121,0.000000,0.432405,0.528094,0.003491,0.000000,0.287702,-0.289807,-0.003013
13.440,0.178650,0.179035,1.139305,0.356453,-0.001021,1.275381,-0.187064,0.187262,-0.019224,0.015562,0.023090,-0.007731,0.708488,0.705723,0.707098,0.707115,0.000000,0.438159,0.522297,0.003433,0.000000,0.287727,-0.289884,-0.002856
13.460,0.174529,0.183155,1.139304,0.352714,0.002728,1.274995,-0.186753,0.187718,-0.019373,0.015542,0.022486,-0.007236,0.708439,0.705772,0.707072,0.707141,0.000000,0.443913,0.516500,0.003377,0.000000,0.287614,-0.289824,-0.002702
13.480,0.170407,0.187274,1.139304,0.348982,0.006487,1.274606,-0.186442,0.188162,-0.019513,0.015553,0.021894,-0.006727,0.708360,0.705851,0.707014,0.707199,0.000000,0.449663,0.510705,0.003324,0.000000,0.287361,-0.289626,-0.002553
13.500,0.166285,0.191392,1.139304,0.345257,0.010255,1.274214,-0.186131,0.188594,-0.019642,0.015593,0.021312,-0.006202,0.708251,0.705961,0.706924,0.707289,0.000000,0.455407,0.504915,0.003275,0.000000,0.286970,-0.289290,-0.002409
13.520,0.162163,0.195508,1.139304,0.341537,0.014031,1.273820,-0.185818,0.189014,-0.019761,0.015661,0.020739,-0.005662,0.708110,0.706102,0.706802,0.707411,0.000000,0.461141,0.499134,0.003228,0.000000,0.286440,-0.288815,-0.002274
13.540,0.158042,0.199623,1.139304,0.337824,0.017815,1.273424,-0.185504,0.189423,-0.019869,0.015758,0.020175,-0.005109,0.707939,0.706274,0.706648,0.707565,0.000000,0.466863,0.493364,0.003184,0.000000,0.285772,-0.288203,-0.002149
13.560,0.153920,0.203734,1.139304,0.334117,0.021608,1.273025,-0.185188,0.189821,-0.019965,0.015880,0.019616,-0.004542,0.707736,0.706477,0.706462,0.707751,0.000000,0.472571,0.487607,0.003142,0.000000,0.284965,-0.287452,-0.002034
13.580,0.149799,0.207842,1.139304,0.330417,0.025408,1.272625,-0.184869,0.190208,-0.020050,0.016026,0.019063,-0.003961,0.707502,0.706711,0.706244,0.707969,0.000000,0.478261,0.481867,0.003102,0.000000,0.284021,-0.286563,-0.001931
13.600,0.145679,0.211947,1.139305,0.326722,0.029216,1.272223,-0.184546,0.190584,-0.020124,0.016195,0.018514,-0.003369,0.707237,0.706977,0.705993,0.708219,0.000000,0.483931,0.476145,0.003065,0.000000,0.282940,-0.285537,-0.001841
13.620,0.141559,0.216048,1.139305,0.323035,0.033031,1.271820,-0.184221,0.190949,-0.020185,0.016383,0.017966,-0.002764,0.706940,0.707274,0.705710,0.708501,0.000000,0.489578,0.470446,0.003029,0.000000,0.281722,-0.284372,-0.001764
13.640,0.137440,0.220144,1.139306,0.319354,0.036854,1.271416,-0.183891,0.191303,-0.020234,0.016590,0.017419,-0.002148,0.706611,0.707603,0.705394,0.708815,0.000000,0.495199,0.464771,0.002994,0.000000,0.280368,-0.283070,-0.001702
13.660,0.133323,0.224235,1.139306,0.315679,0.040683,1.271011,-0.183557,0.191645,-0.020271,0.016811,0.016871,-0.001522,0.706249,0.707963,0.705046,0.709162,0.000000,0.500791,0.459124,0.002960,0.000000,0.278879,-0.281630,-0.001654
13.680,0.129206,0.228320,1.139307,0.312011,0.044520,1.270605,-0.183218,0.191977,-0.020295,0.017045,0.016320,-0.000885,0.705855,0.708356,0.704665,0.709541,0.000000,0.506353,0.453507,0.002928,0.000000,0.277254,-0.280054,-0.001621
13.700,0.125092,0.232400,1.139308,0.308350,0.048362,1.270199,-0.182875,0.192298,-0.020306,0.017290,0.015765,-0.000240,0.705428,0.708781,0.704250,0.709952,0.000000,0.511881,0.447923,0.002895,0.000000,0.275496,-0.278343,-0.001603
13.720,0.120979,0.236473,1.139308,0.304696,0.052212,1.269793,-0.182527,0.192608,-0.020305,0.017542,0.015204,0.000414,0.704968,0.709239,0.703802,0.710396,0.000000,0.517372,0.442374,0.002863,0.000000,0.273605,-0.276495,-0.001598
13.740,0.116868,0.240539,1.139309,0.301049,0.056067,1.269387,-0.182173,0.192906,-0.020290,0.017798,0.014635,0.001076,0.704475,0.709729,0.703321,0.710872,0.000000,0.522824,0.436864,0.002831,0.000000,0.271581,-0.274514,-0.001608
13.760,0.112759,0.244598,1.139310,0.297409,0.059928,1.268982,-0.181815,0.193193,-0.020261,0.018058,0.014058,0.001745,0.703947,0.710252,0.702806,0.711382,0.000000,0.528234,0.431395,0.002799,0.000000,0.269426,-0.272398,-0.001631
13.780,0.108652,0.248649,1.139311,0.293777,0.063794,1.268577,-0.181451,0.193469,-0.020220,0.018317,0.013471,0.002421,0.703386,0.710808,0.702257,0.711924,0.000000,0.533600,0.425969,0.002766,0.000000,0.267141,-0.270150,-0.001667
13.800,0.104548,0.252692,1.139312,0.290151,0.067666,1.268173,-0.181082,0.193732,-0.020165,0.018573,0.012873,0.003101,0.702790,0.711398,0.701673,0.712499,0.000000,0.538919,0.420590,0.002732,0.000000,0.264726,-0.267769,-0.001715
13.820,0.100446,0.256726,1.139313,0.286534,0.071544,1.267770,-0.180708,0.193983,-0.020096,0.018825,0.012264,0.003787,0.702158,0.712021,0.701055,0.713107,0.000000,0.544188,0.415259,0.002697,0.000000,0.262184,-0.265258,-0.001772
13.840,0.096347,0.260750,1.139313,0.282923,0.075426,1.267369,-0.180329,0.194223,-0.020013,0.019071,0.011641,0.004476,0.701492,0.712677,0.700402,0.713748,0.000000,0.549406,0.409980,0.002661,0.000000,0.259515,-0.262618,-0.001839
13.860,0.092251,0.264765,1.139314,0.279320,0.079312,1.266970,-0.179945,0.194449,-0.019917,0.019308,0.011006,0.005169,0.700790,0.713368,0.699714,0.714423,0.000000,0.554568,0.404755,0.002624,0.000000,0.256720,-0.259849,-0.001914
13.880,0.088158,0.268770,1.139315,0.275725,0.083204,1.266573,-0.179557,0.194663,-0.019806,0.019535,0.010357,0.005864,0.700051,0.714092,0.698991,0.715131,0.000000,0.559674,0.399587,0.002585,0.000000,0.253801,-0.256954,-0.001994
13.900,0.084069,0.272763,1.139315,0.272138,0.087099,1.266178,-0.179164,0.194863,-0.019682,0.019752,0.009695,0.006560,0.699277,0.714851,0.698232,0.715872,0.000000,0.564719,0.394478,0.002544,0.000000,0.250760,-0.253933,-0.002078
13.920,0.079982,0.276746,1.139316,0.268559,0.090998,1.265786,-0.178767,0.195050,-0.019544,0.019956,0.009020,0.007258,0.698465,0.715644,0.697436,0.716647,0.000000,0.569703,0.389431,0.002502,0.000000,0.247598,-0.250788,-0.002164
13.940,0.075899,0.280717,1.139316,0.264988,0.094901,1.265396,-0.178366,0.195224,-0.019392,0.020148,0.008332,0.007955,0.697616,0.716472,0.696604,0.717455,0.000000,0.574623,0.384447,0.002457,0.000000,0.244315,-0.247520,-0.002250
13.960,0.071820,0.284675,1.139316,0.261424,0.098807,1.265010,-0.177961,0.195384,-0.019226,0.020328,0.007632,0.008652,0.696730,0.717334,0.695736,0.718298,0.000000,0.579475,0.379530,0.002412,0.000000,0.240915,-0.244132,-0.002332
13.980,0.067744,0.288621,1.139317,0.257869,0.102716,1.264627,-0.177553,0.195529,-0.019046,0.020496,0.006922,0.009347,0.695806,0.718230,0.694830,0.719174,0.000000,0.584258,0.374683,0.002364,0.000000,0.237399,-0.240626,-0.002409
14.000,0.063672,0.292553,1.139317,0.254322,0.106628,1.264248,-0.177141,0.195660,-0.018852,0.020653,0.006202,0.010040,0.694843,0.719162,0.693886,0.720085,0.000000,0.588970,0.369906,0.002315,0.000000,0.233768,-0.237002,-0.002479
14.020,0.059605,0.296471,1.139317,0.250783,0.110542,1.263873,-0.176727,0.195777,-0.018644,0.020799,0.005475,0.010730,0.693842,0.720128,0.692904,0.721030,0.000000,0.593608,0.365203,0.002265,0.000000,0.230024,-0.233262,-0.002539
14.040,0.055541,0.300376,1.139317,0.247253,0.114459,1.263503,-0.176309,0.195879,-0.018423,0.020936,0.004742,0.011416,0.692801,0.721128,0.691884,0.722009,0.000000,0.598170,0.360577,0.002214,0.000000,0.226169,-0.229410,-0.002589
14.060,0.051481,0.304265,1.139316,0.243731,0.118377,1.263136,-0.175889,0.195967,-0.018188,0.021066,0.004005,0.012098,0.691722,0.722164,0.690824,0.723023,0.000000,0.602654,0.356028,0.002162,0.000000,0.222205,-0.225445,-0.002626
14.080,0.047425,0.308139,1.139316,0.240218,0.122297,1.262775,-0.175467,0.196040,-0.017939,0.021190,0.003267,0.012775,0.690602,0.723235,0.689725,0.724071,0.000000,0.607058,0.351559,0.002109,0.000000,0.218134,-0.221371,-0.002650
14.100,0.043373,0.311998,1.139316,0.236712,0.126219,1.262419,-0.175042,0.196098,-0.017677,0.021310,0.002530,0.013445,0.689443,0.724340,0.688587,0.725154,0.000000,0.611379,0.347174,0.002056,0.000000,0.213958,-0.217189,-0.002659
14.120,0.039326,0.315840,1.139315,0.233216,0.130141,1.262068,-0.174614,0.196141,-0.017401,0.021429,0.001797,0.014109,0.688243,0.725480,0.687407,0.726272,0.000000,0.615616,0.342873,0.002003,0.000000,0.209678,-0.212902,-0.002653
14.140,0.035283,0.319665,1.139315,0.229728,0.134064,1.261723,-0.174185,0.196169,-0.017112,0.021549,0.001070,0.014766,0.687002,0.726656,0.686187,0.727425,0.000000,0.619765,0.338658,0.001950,0.000000,0.205297,-0.208511,-0.002631
14.160,0.031245,0.323473,1.139314,0.226249,0.137988,1.261384,-0.173752,0.196184,-0.016810,0.021672,0.000352,0.015415,0.685720,0.727866,0.684925,0.728613,0.000000,0.623827,0.334533,0.001897,0.000000,0.200816,-0.204017,-0.002592
14.180,0.027210,0.327263,1.139313,0.222778,0.141912,1.261051,-0.173318,0.196184,-0.016496,0.021800,-0.000355,0.016056,0.684396,0.729111,0.683622,0.729837,0.000000,0.627797,0.330498,0.001846,0.000000,0.196239,-0.199425,-0.002537
14.200,0.023181,0.331035,1.139312,0.219316,0.145835,1.260724,-0.172880,0.196170,-0.016168,0.021935,-0.001047,0.016687,0.683030,0.730391,0.682275,0.731096,0.000000,0.631676,0.326556,0.001796,0.000000,0.191567,-0.194734,-0.002465
14.220,0.019156,0.334788,1.139312,0.215863,0.149758,1.260404,-0.172440,0.196142,-0.015828,0.022081,-0.001722,0.017308,0.681621,0.731706,0.680885,0.732390,0.000000,0.635460,0.322709,0.001748,0.000000,0.186802,-0.189949,-0.002377
14.240,0.015136,0.338522,1.139311,0.212418,0.153681,1.260091,-0.171997,0.196101,-0.015476,0.022239,-0.002377,0.017918,0.680169,0.733056,0.679451,0.733721,0.000000,0.639147,0.318959,0.001701,0.000000,0.181947,-0.185070,-0.002273
14.260,0.011120,0.342236,1.139310,0.208983,0.157602,1.259785,-0.171551,0.196047,-0.015112,0.022411,-0.003010,0.018518,0.678673,0.734441,0.677973,0.735087,0.000000,0.642737,0.315307,0.001657,0.000000,0.177004,-0.180100,-0.002154
14.280,0.007109,0.345930,1.139309,0.205556,0.161523,1.259487,-0.171101,0.195981,-0.014735,0.022600,-0.003618,0.019105,0.677133,0.735861,0.676449,0.736490,0.000000,0.646227,0.311756,0.001615,0.000000,0.171975,-0.175041,-0.002020
14.300,0.003103,0.349604,1.139308,0.202139,0.165441,1.259196,-0.170647,0.195902,-0.014347,0.022806,-0.004200,0.019681,0.675548,0.737316,0.674879,0.737928,0.000000,0.649615,0.308306,0.001576,0.000000,0.166863,-0.169895,-0.001874
14.320,-0.000898,0.353256,1.139307,0.198730,0.169359,1.258913,-0.170188,0.195813,-0.013948,0.023032,-0.004752,0.020243,0.673917,0.738807,0.673262,0.739404,0.000000,0.652901,0.304961,0.001540,0.000000,0.161671,-0.164666,-0.001716
14.340,-0.004894,0.356887,1.139306,0.195331,0.173274,1.258638,-0.169725,0.195712,-0.013538,0.023279,-0.005274,0.020792,0.672240,0.740333,0.671598,0.740916,0.000000,0.656082,0.301720,0.001508,0.000000,0.156400,-0.159354,-0.001547
14.360,-0.008884,0.360496,1.139306,0.191941,0.177187,1.258371,-0.169257,0.195602,-0.013117,0.023547,-0.005763,0.021326,0.670517,0.741894,0.669885,0.742464,0.000000,0.659156,0.298587,0.001478,0.000000,0.151053,-0.153963,-0.001370
14.380,-0.012870,0.364082,1.139305,0.188561,0.181098,1.258113,-0.168783,0.195482,-0.012685,0.023838,-0.006218,0.021846,0.668745,0.743492,0.668124,0.744050,0.000000,0.662123,0.295562,0.001453,0.000000,0.145633,-0.148495,-0.001186
14.400,-0.016850,0.367646,1.139304,0.185190,0.185006,1.257864,-0.168303,0.195354,-0.012243,0.024151,-0.006637,0.022351,0.666925,0.745125,0.666312,0.745673,0.000000,0.664981,0.292648,0.001431,0.000000,0.140143,-0.142952,-0.000998
14.420,-0.020825,0.371186,1.139304,0.181829,0.188912,1.257624,-0.167817,0.195217,-0.011791,0.024487,-0.007021,0.022840,0.665056,0.746793,0.664449,0.747334,0.000000,0.667728,0.289845,0.001413,0.000000,0.134585,-0.137337,-0.000808
14.440,-0.024794,0.374703,1.139303,0.178478,0.192815,1.257392,-0.167324,0.195073,-0.011329,0.024844,-0.007368,0.023312,0.663136,0.748499,0.662534,0.749032,0.000000,0.670364,0.287155,0.001399,0.000000,0.128962,-0.131652,-0.000619
14.460,-0.028758,0.378196,1.139303,0.175136,0.196715,1.257170,-0.166823,0.194922,-0.010859,0.025222,-0.007678,0.023768,0.661165,0.750240,0.660566,0.750768,0.000000,0.672887,0.284579,0.001388,0.000000,0.123276,-0.125900,-0.000433
14.480,-0.032715,0.381665,1.139303,0.171805,0.200612,1.256958,-0.166315,0.194766,-0.010379,0.025619,-0.007952,0.024207,0.659142,0.752018,0.658544,0.752542,0.000000,0.675295,0.282119,0.001381,0.000000,0.117531,-0.120083,-0.000252
14.500,-0.036667,0.385108,1.139303,0.168484,0.204505,1.256755,-0.165798,0.194605,-0.009890,0.026033,-0.008190,0.024627,0.657066,0.753833,0.656467,0.754354,0.000000,0.677587,0.279776,0.001378,0.000000,0.111730,-0.114205,-0.000080
14.520,-0.040612,0.388527,1.139303,0.165173,0.208396,1.256563,-0.165273,0.194439,-0.009394,0.026461,-0.008393,0.025030,0.654934,0.755686,0.654335,0.756205,0.000000,0.679764,0.277551,0.001378,0.000000,0.105875,-0.108267,0.000082
14.540,-0.044551,0.391920,1.139304,0.161873,0.212283,1.256380,-0.164740,0.194269,-0.008889,0.026901,-0.008562,0.025414,0.652747,0.757576,0.652145,0.758094,0.000000,0.681822,0.275446,0.001381,0.000000,0.099968,-0.102272,0.000232
14.560,-0.048484,0.395287,1.139304,0.158583,0.216167,1.256207,-0.164197,0.194096,-0.008377,0.027349,-0.008698,0.025779,0.650503,0.759503,0.649897,0.760023,0.000000,0.683762,0.273461,0.001387,0.000000,0.094014,-0.096224,0.000369
14.580,-0.052409,0.398628,1.139305,0.155305,0.220047,1.256045,-0.163646,0.193921,-0.007858,0.027803,-0.008803,0.026124,0.648201,0.761469,0.647589,0.761990,0.000000,0.685582,0.271597,0.001396,0.000000,0.088014,-0.090124,0.000491
14.600,-0.056328,0.401942,1.139305,0.152038,0.223923,1.255893,-0.163085,0.193745,-0.007333,0.028258,-0.008879,0.026450,0.645839,0.763473,0.645220,0.763996,0.000000,0.687282,0.269856,0.001407,0.000000,0.081972,-0.083976,0.000596
14.620,-0.060240,0.405230,1.139306,0.148781,0.227797,1.255751,-0.162515,0.193566,-0.006800,0.028710,-0.008927,0.026755,0.643416,0.765517,0.642790,0.766042,0.000000,0.688861,0.268238,0.001420,0.000000,0.075891,-0.077782,0.000685
14.640,-0.064145,0.408490,1.139307,0.145537,0.231666,1.255621,-0.161937,0.193388,-0.006263,0.029157,-0.008949,0.027039,0.640931,0.767599,0.640296,0.768128,0.000000,0.690318,0.266745,0.001434,0.000000,0.069773,-0.071545,0.000757
14.660,-0.068042,0.411722,1.139308,0.142304,0.235532,1.255501,-0.161349,0.193209,-0.005719,0.029593,-0.008948,0.027303,0.638381,0.769721,0.637738,0.770253,0.000000,0.691652,0.265377,0.001450,0.000000,0.063621,-0.065268,0.000810
14.680,-0.071932,0.414927,1.139310,0.139083,0.239394,1.255392,-0.160753,0.193030,-0.005171,0.030014,-0.008924,0.027545,0.635766,0.771882,0.635114,0.772419,0.000000,0.692862,0.264135,0.001466,0.000000,0.057439,-0.058954,0.000846
14.700,-0.075814,0.418103,1.139311,0.135874,0.243253,1.255294,-0.160149,0.192852,-0.004617,0.030417,-0.008881,0.027766,0.633084,0.774083,0.632422,0.774624,0.000000,0.693949,0.263019,0.001483,0.000000,0.051228,-0.052605,0.000864
14.720,-0.079688,0.421250,1.139312,0.132677,0.247109,1.255207,-0.159536,0.192675,-0.004060,0.030797,-0.008820,0.027965,0.630333,0.776325,0.629661,0.776870,0.000000,0.694911,0.262031,0.001501,0.000000,0.044993,-0.046226,0.000865
14.740,-0.083554,0.424368,1.139313,0.129493,0.250960,1.255132,-0.158917,0.192499,-0.003499,0.031151,-0.008742,0.028142,0.627511,0.778608,0.626830,0.779156,0.000000,0.695749,0.261170,0.001518,0.000000,0.038737,-0.039818,0.000849
14.760,-0.087412,0.427457,1.139315,0.126321,0.254809,1.255067,-0.158291,0.192325,-0.002935,0.031473,-0.008649,0.028297,0.624617,0.780931,0.623927,0.781483,0.000000,0.696461,0.260438,0.001535,0.000000,0.032461,-0.033384,0.000816
14.780,-0.091261,0.430516,1.139316,0.123161,0.258653,1.255014,-0.157658,0.192153,-0.002367,0.031761,-0.008544,0.028429,0.621650,0.783295,0.620950,0.783850,0.000000,0.697047,0.259835,0.001550,0.000000,0.026169,-0.026929,0.000769
14.800,-0.095101,0.433545,1.139317,0.120014,0.262495,1.254973,-0.157020,0.191983,-0.001797,0.032012,-0.008426,0.028539,0.618607,0.785701,0.617898,0.786258,0.000000,0.697507,0.259361,0.001565,0.000000,0.019865,-0.020454,0.000709
14.820,-0.098933,0.436543,1.139318,0.116880,0.266333,1.254943,-0.156378,0.191816,-0.001226,0.032220,-0.008298,0.028626,0.615486,0.788148,0.614769,0.788707,0.000000,0.697841,0.259017,0.001579,0.000000,0.013551,-0.013963,0.000636
14.840,-0.102755,0.439511,1.139320,0.113759,0.270167,1.254924,-0.155732,0.191652,-0.000653,0.032384,-0.008160,0.028690,0.612286,0.790636,0.611562,0.791197,0.000000,0.698049,0.258803,0.001591,0.000000,0.007230,-0.007460,0.000554
14.860,-0.106569,0.442447,1.139321,0.110651,0.273999,1.254916,-0.155083,0.191490,-0.000078,0.032501,-0.008012,0.028732,0.609006,0.793166,0.608274,0.793727,0.000000,0.698131,0.258719,0.001601,0.000000,0.000906,-0.000946,0.000463
14.880,-0.110373,0.445352,1.139321,0.107556,0.277827,1.254921,-0.154432,0.191331,0.000497,0.032568,-0.007856,0.028750,0.605641,0.795738,0.604903,0.796299,0.000000,0.698085,0.258765,0.001609,0.000000,-0.005419,0.005574,0.000367
14.900,-0.114168,0.448225,1.139322,0.104474,0.281652,1.254936,-0.153781,0.191176,0.001072,0.032584,-0.007690,0.028746,0.602193,0.798351,0.601449,0.798911,0.000000,0.697914,0.258941,0.001616,0.000000,-0.011742,0.012097,0.000267
14.920,-0.117954,0.451065,1.139322,0.101405,0.285474,1.254963,-0.153129,0.191024,0.001646,0.032546,-0.007514,0.028719,0.598657,0.801006,0.597909,0.801564,0.000000,0.697616,0.259249,0.001620,0.000000,-0.018059,0.018620,0.000167
14.940,-0.121729,0.453873,1.139323,0.098349,0.289293,1.255002,-0.152479,0.190875,0.002220,0.032454,-0.007327,0.028669,0.595032,0.803702,0.594281,0.804258,0.000000,0.697192,0.259686,0.001622,0.000000,-0.024367,0.025140,0.000070
14.960,-0.125496,0.456647,1.139323,0.095305,0.293109,1.255052,-0.151831,0.190731,0.002793,0.032307,-0.007127,0.028597,0.591316,0.806440,0.590562,0.806992,0.000000,0.696641,0.260254,0.001623,0.000000,-0.030664,0.031654,-0.000021
14.980,-0.129252,0.459388,1.139323,0.092275,0.296922,1.255114,-0.151187,0.190590,0.003364,0.032106,-0.006914,0.028502,0.587508,0.809218,0.586752,0.809767,0.000000,0.695965,0.260952,0.001621,0.000000,-0.036946,0.038158,-0.000104
15.000,-0.132999,0.462095,1.139322,0.089258,0.300733,1.255187,-0.150548,0.190454,0.003933,0.031850,-0.006683,0.028385,0.583605,0.812038,0.582847,0.812582,0.000000,0.695164,0.261780,0.001619,0.000000,-0.043209,0.044649,-0.000176
15.020,-0.136736,0.464768,1.139321,0.086253,0.304540,1.255271,-0.149914,0.190323,0.004499,0.031540,-0.006434,0.028246,0.579605,0.814898,0.578847,0.815436,0.000000,0.694237,0.262738,0.001614,0.000000,-0.049452,0.051123,-0.000235
15.040,-0.140463,0.467407,1.139320,0.083261,0.308346,1.255367,-0.149286,0.190197,0.005062,0.031178,-0.006163,0.028084,0.575505,0.817798,0.574747,0.818331,0.000000,0.693186,0.263825,0.001609,0.000000,-0.055670,0.057578,-0.000279
15.060,-0.144180,0.470010,1.139319,0.080282,0.312148,1.255474,-0.148667,0.190077,0.005622,0.030766,-0.005867,0.027902,0.571305,0.820738,0.570547,0.821265,0.000000,0.692010,0.265041,0.001603,0.000000,-0.061862,0.064011,-0.000307
15.080,-0.147887,0.472578,1.139318,0.077315,0.315949,1.255592,-0.148056,0.189963,0.006178,0.030303,-0.005542,0.027697,0.567002,0.823717,0.566244,0.824238,0.000000,0.690711,0.266386,0.001597,0.000000,-0.068023,0.070419,-0.000317
15.100,-0.151583,0.475110,1.139316,0.074360,0.319747,1.255721,-0.147455,0.189855,0.006730,0.029794,-0.005186,0.027472,0.562592,0.826734,0.561835,0.827249,0.000000,0.689290,0.267858,0.001591,0.000000,-0.074151,0.076798,-0.000308
15.120,-0.155270,0.477606,1.139314,0.071416,0.323543,1.255861,-0.146865,0.189755,0.007277,0.029239,-0.004796,0.027226,0.558076,0.829790,0.557318,0.830299,0.000000,0.687746,0.269457,0.001585,0.000000,-0.080244,0.083145,-0.000281
15.140,-0.158947,0.480065,1.139312,0.068485,0.327337,1.256012,-0.146286,0.189664,0.007819,0.028640,-0.004368,0.026960,0.553449,0.832883,0.552691,0.833386,0.000000,0.686080,0.271183,0.001580,0.000000,-0.086297,0.089459,-0.000236
15.160,-0.162614,0.482488,1.139310,0.065565,0.331130,1.256173,-0.145719,0.189581,0.008355,0.028000,-0.003899,0.026674,0.548709,0.836013,0.547951,0.836511,0.000000,0.684294,0.273035,0.001576,0.000000,-0.092309,0.095735,-0.000171
15.180,-0.166270,0.484873,1.139308,0.062656,0.334920,1.256346,-0.145166,0.189508,0.008886,0.027319,-0.003387,0.026368,0.543855,0.839179,0.543095,0.839671,0.000000,0.682388,0.275012,0.001573,0.000000,-0.098276,0.101971,-0.000089
15.200,-0.169917,0.487221,1.139306,0.059758,0.338710,1.256529,-0.144627,0.189446,0.009410,0.026601,-0.002828,0.026042,0.538883,0.842381,0.538121,0.842868,0.000000,0.680363,0.277114,0.001572,0.000000,-0.104195,0.108165,0.000010
15.220,-0.173553,0.489532,1.139303,0.056871,0.342498,1.256722,-0.144102,0.189395,0.009927,0.025846,-0.002221,0.025698,0.533792,0.845616,0.533026,0.846099,0.000000,0.678221,0.279339,0.001573,0.000000,-0.110065,0.114313,0.000124
15.240,-0.177179,0.491804,1.139301,0.053994,0.346286,1.256926,-0.143593,0.189357,0.010438,0.025057,-0.001563,0.025335,0.528577,0.848885,0.527807,0.849364,0.000000,0.675961,0.281686,0.001577,0.000000,-0.115881,0.120414,0.000253
15.260,-0.180794,0.494037,1.139299,0.051127,0.350073,1.257140,-0.143100,0.189333,0.010941,0.024233,-0.000854,0.024954,0.523238,0.852187,0.522461,0.852663,0.000000,0.673586,0.284155,0.001584,0.000000,-0.121641,0.126463,0.000393
15.280,-0.184400,0.496232,1.139297,0.048270,0.353859,1.257364,-0.142624,0.189323,0.011436,0.023375,-0.000091,0.024555,0.517770,0.855520,0.516986,0.855994,0.000000,0.671096,0.286744,0.001593,0.000000,-0.127342,0.132460,0.000543
15.300,-0.187995,0.498388,1.139295,0.045422,0.357646,1.257597,-0.142165,0.189330,0.011923,0.022485,0.000725,0.024139,0.512171,0.858883,0.511378,0.859356,0.000000,0.668492,0.289453,0.001605,0.000000,-0.132983,0.138401,0.000701
15.320,-0.191580,0.500505,1.139293,0.042583,0.361433,1.257840,-0.141725,0.189353,0.012401,0.021560,0.001595,0.023705,0.506439,0.862276,0.505635,0.862748,0.000000,0.665777,0.292280,0.001621,0.000000,-0.138559,0.144284,0.000862
15.340,-0.195154,0.502583,1.139291,0.039753,0.365220,1.258093,-0.141303,0.189394,0.012871,0.020602,0.002517,0.023255,0.500569,0.865697,0.499753,0.866168,0.000000,0.662950,0.295224,0.001640,0.000000,-0.144068,0.150106,0.001023
15.360,-0.198718,0.504620,1.139290,0.036931,0.369008,1.258355,-0.140901,0.189454,0.013331,0.019608,0.003490,0.022788,0.494559,0.869144,0.493728,0.869616,0.000000,0.660015,0.298284,0.001662,0.000000,-0.149508,0.155865,0.001182
15.380,-0.202271,0.506618,1.139289,0.034117,0.372798,1.258626,-0.140519,0.189534,0.013782,0.018577,0.004512,0.022305,0.488405,0.872617,0.487559,0.873090,0.000000,0.656971,0.301458,0.001687,0.000000,-0.154876,0.161559,0.001333
15.400,-0.205814,0.508576,1.139289,0.031310,0.376590,1.258906,-0.140158,0.189635,0.014223,0.017505,0.005579,0.021806,0.482105,0.876113,0.481241,0.876588,0.000000,0.653820,0.304746,0.001715,0.000000,-0.160169,0.167185,0.001473
15.420,-0.209345,0.510493,1.139289,0.028510,0.380384,1.259195,-0.139819,0.189757,0.014654,0.016389,0.006687,0.021292,0.475654,0.879633,0.474771,0.880109,0.000000,0.650564,0.308145,0.001746,0.000000,-0.165385,0.172742,0.001596
15.440,-0.212866,0.512370,1.139290,0.025717,0.384180,1.259492,-0.139503,0.189902,0.015075,0.015226,0.007832,0.020762,0.469049,0.883172,0.468146,0.883651,0.000000,0.647205,0.311655,0.001779,0.000000,-0.170520,0.178226,0.001698
15.460,-0.216375,0.514206,1.139291,0.022930,0.387980,1.259798,-0.139211,0.190071,0.015485,0.014009,0.009006,0.020218,0.462286,0.886731,0.461362,0.887212,0.000000,0.643744,0.315274,0.001814,0.000000,-0.175574,0.183636,0.001774
15.480,-0.219874,0.516001,1.139292,0.020148,0.391783,1.260112,-0.138943,0.190263,0.015884,0.012733,0.010203,0.019658,0.455361,0.890307,0.454415,0.890790,0.000000,0.640183,0.319000,0.001850,0.000000,-0.180543,0.188970,0.001818
15.500,-0.223360,0.517756,1.139294,0.017372,0.395591,1.260433,-0.138702,0.190479,0.016271,0.011391,0.011415,0.019084,0.448270,0.893898,0.447302,0.894383,0.000000,0.636523,0.322832,0.001886,0.000000,-0.185424,0.194225,0.001826
15.520,-0.226836,0.519469,1.139296,0.014600,0.399403,1.260763,-0.138488,0.190719,0.016647,0.009977,0.012633,0.018495,0.441010,0.897502,0.440020,0.897988,0.000000,0.632766,0.326768,0.001922,0.000000,-0.190216,0.199399,0.001795
15.540,-0.230299,0.521141,1.139299,0.011832,0.403220,1.261099,-0.138303,0.190984,0.017011,0.008482,0.013846,0.017892,0.433576,0.901117,0.432564,0.901603,0.000000,0.628915,0.330807,0.001958,0.000000,-0.194915,0.204489,0.001720
15.560,-0.233750,0.522771,1.139302,0.009068,0.407042,1.261443,-0.138149,0.191273,0.017362,0.006900,0.015045,0.017275,0.425964,0.904740,0.424930,0.905226,0.000000,0.624970,0.334947,0.001991,0.000000,-0.199520,0.209493,0.001598
15.580,-0.237189,0.524360,1.139306,0.006306,0.410871,1.261794,-0.138028,0.191586,0.017702,0.005221,0.016219,0.016644,0.418169,0.908369,0.417116,0.908853,0.000000,0.620935,0.339186,0.002021,0.000000,-0.204029,0.214407,0.001428
15.600,-0.240615,0.525907,1.139310,0.003546,0.414706,1.262151,-0.137941,0.191922,0.018028,0.003438,0.017356,0.015999,0.410188,0.912001,0.409117,0.912482,0.000000,0.616810,0.343523,0.002048,0.000000,-0.208439,0.219230,0.001205
15.620,-0.244029,0.527412,1.139314,0.000788,0.418548,1.262515,-0.137891,0.192280,0.018342,0.001544,0.018443,0.015341,0.402015,0.915633,0.400930,0.916109,0.000000,0.612598,0.347955,0.002069,0.000000,-0.212748,0.223959,0.000929
15.640,-0.247430,0.528875,1.139318,-0.001969,0.422397,1.262884,-0.137880,0.192659,0.018642,-0.000469,0.019468,0.014669,0.393648,0.919261,0.392550,0.919731,0.000000,0.608301,0.352481,0.002084,0.000000,-0.216955,0.228590,0.000597
15.660,-0.250817,0.530296,1.139322,-0.004727,0.426254,1.263260,-0.137911,0.193058,0.018928,-0.002609,0.020420,0.013985,0.385081,0.922883,0.383975,0.923343,0.000000,0.603920,0.357098,0.002093,0.000000,-0.221056,0.233121,0.000208
15.680,-0.254191,0.531675,1.139326,-0.007486,0.430120,1.263642,-0.137985,0.193475,0.019201,-0.004882,0.021283,0.013287,0.376311,0.926493,0.375201,0.926943,0.000000,0.599459,0.361805,0.002092,0.000000,-0.225051,0.237548,-0.000238
15.700,-0.257551,0.533012,1.139330,-0.010247,0.433993,1.264028,-0.138107,0.193909,0.019460,-0.007294,0.022045,0.012578,0.367333,0.930089,0.366224,0.930527,0.000000,0.594919,0.366599,0.002083,0.000000,-0.228937,0.241868,-0.000742
15.720,-0.260897,0.534306,1.139334,-0.013011,0.437876,1.264420,-0.138278,0.194356,0.019704,-0.009850,0.022693,0.011856,0.358143,0.933667,0.357042,0.934088,0.000000,0.590302,0.371479,0.002062,0.000000,-0.232712,0.246079,-0.001305
15.740,-0.264229,0.535557,1.139337,-0.015778,0.441768,1.264816,-0.138502,0.194815,0.019934,-0.012555,0.023212,0.011122,0.348738,0.937220,0.347650,0.937624,0.000000,0.585611,0.376442,0.002030,0.000000,-0.236375,0.250176,-0.001924
15.760,-0.267546,0.536766,1.139340,-0.018551,0.445669,1.265217,-0.138781,0.195284,0.020149,-0.015412,0.023590,0.010377,0.339113,0.940746,0.338045,0.941130,0.000000,0.580848,0.381485,0.001985,0.000000,-0.239923,0.254157,-0.002601
15.780,-0.270849,0.537932,1.139343,-0.021330,0.449579,1.265622,-0.139119,0.195758,0.020349,-0.018422,0.023814,0.009622,0.329265,0.944238,0.328226,0.944599,0.000000,0.576015,0.386607,0.001926,0.000000,-0.243356,0.258018,-0.003334
15.800,-0.274137,0.539055,1.139345,-0.024116,0.453499,1.266031,-0.139519,0.196235,0.020534,-0.021588,0.023869,0.008856,0.319190,0.947691,0.318188,0.948028,0.000000,0.571115,0.391805,0.001851,0.000000,-0.246672,0.261755,-0.004121
15.820,-0.277411,0.540136,1.139346,-0.026911,0.457429,1.266443,-0.139984,0.196712,0.020703,-0.024908,0.023743,0.008081,0.308885,0.951099,0.307929,0.951409,0.000000,0.566149,0.397076,0.001761,0.000000,-0.249868,0.265365,-0.004960
15.840,-0.280669,0.541173,1.139347,-0.029716,0.461367,1.266859,-0.140516,0.197184,0.020857,-0.028380,0.023424,0.007297,0.298347,0.954457,0.297447,0.954738,0.000000,0.561121,0.402419,0.001652,0.000000,-0.252943,0.268845,-0.005849
15.860,-0.283912,0.542166,1.139347,-0.032532,0.465316,1.267277,-0.141120,0.197647,0.020995,-0.032001,0.022898,0.006505,0.287574,0.957758,0.286740,0.958008,0.000000,0.556032,0.407829,0.001526,0.000000,-0.255897,0.272189,-0.006786
15.880,-0.287139,0.543116,1.139346,-0.035361,0.469273,1.267699,-0.141797,0.198098,0.021117,-0.035764,0.022155,0.005705,0.276562,0.960996,0.275805,0.961214,0.000000,0.550886,0.413305,0.001381,0.000000,-0.258727,0.275395,-0.007766
15.900,-0.290352,0.544023,1.139344,-0.038205,0.473240,1.268122,-0.142551,0.198532,0.021223,-0.039664,0.021183,0.004900,0.265309,0.964163,0.264641,0.964347,0.000000,0.545684,0.418844,0.001215,0.000000,-0.261432,0.278459,-0.008787
15.920,-0.293549,0.544886,1.139342,-0.041064,0.477214,1.268547,-0.143385,0.198944,0.021313,-0.043688,0.019972,0.004089,0.253814,0.967253,0.253247,0.967402,0.000000,0.540429,0.424443,0.001029,0.000000,-0.264011,0.281376,-0.009845
15.940,-0.296730,0.545705,1.139338,-0.043941,0.481197,1.268974,-0.144300,0.199329,0.021387,-0.047827,0.018511,0.003273,0.242075,0.970258,0.241621,0.970371,0.000000,0.535124,0.430098,0.000821,0.000000,-0.266462,0.284142,-0.010935
15.960,-0.299896,0.546480,1.139334,-0.046837,0.485187,1.269403,-0.145299,0.199682,0.021444,-0.052066,0.016791,0.002455,0.230090,0.973169,0.229762,0.973247,0.000000,0.529772,0.435807,0.000591,0.000000,-0.268785,0.286754,-0.012053
15.980,-0.303047,0.547211,1.139329,-0.049753,0.489184,1.269832,-0.146383,0.199999,0.021485,-0.056389,0.014804,0.001636,0.217859,0.975980,0.217670,0.976022,0.000000,0.524374,0.441567,0.000339,0.000000,-0.270977,0.289207,-0.013194
16.000,-0.306183,0.547898,1.139324,-0.052693,0.493187,1.270262,-0.147555,0.200273,0.021509,-0.060777,0.012543,0.000816,0.205382,0.978682,0.205346,0.978689,0.000000,0.518933,0.447375,0.000064,0.000000,-0.273039,0.291498,-0.014354
16.020,-0.309304,0.548540,1.139318,-0.055656,0.497195,1.270692,-0.148814,0.200499,0.021517,-0.065211,0.010000,-0.000003,0.192658,0.981266,0.192788,0.981240,0.000000,0.513453,0.453226,-0.000235,0.000000,-0.274969,0.293624,-0.015528
16.040,-0.312410,0.549137,1.139311,-0.058646,0.501207,1.271123,-0.150163,0.200671,0.021509,-0.069670,0.007170,-0.000819,0.179688,0.983724,0.179999,0.983667,0.000000,0.507936,0.459118,-0.000558,0.000000,-0.276766,0.295583,-0.016712
16.060,-0.315501,0.549690,1.139305,-0.061663,0.505221,1.271553,-0.151601,0.200784,0.021485,-0.074131,0.004049,-0.001631,0.166473,0.986046,0.166978,0.985961,0.000000,0.502383,0.465048,-0.000904,0.000000,-0.278429,0.297370,-0.017901
16.080,-0.318578,0.550197,1.139298,-0.064710,0.509238,1.271982,-0.153128,0.200831,0.021444,-0.078570,0.000633,-0.002437,0.153016,0.988224,0.153729,0.988113,0.000000,0.496799,0.471012,-0.001274,0.000000,-0.279957,0.298984,-0.019090
16.100,-0.321640,0.550659,1.139292,-0.067789,0.513254,1.272410,-0.154744,0.200807,0.021387,-0.082962,-0.003082,-0.003235,0.139317,0.990248,0.140252,0.990116,0.000000,0.491186,0.477006,-0.001667,0.000000,-0.281351,0.300423,-0.020275
16.120,-0.324687,0.551077,1.139285,-0.070901,0.517269,1.272837,-0.156446,0.200706,0.021315,-0.087283,-0.007095,-0.004024,0.125380,0.992109,0.126550,0.991960,0.000000,0.485546,0.483028,-0.002085,0.000000,-0.282608,0.301685,-0.021452
16.140,-0.327720,0.551448,1.139279,-0.074047,0.521282,1.273263,-0.158234,0.200521,0.021226,-0.091506,-0.011409,-0.004802,0.111207,0.993797,0.112627,0.993637,0.000000,0.479883,0.489073,-0.002525,0.000000,-0.283728,0.302769,-0.022616
16.160,-0.330739,0.551774,1.139274,-0.077231,0.525290,1.273686,-0.160106,0.200247,0.021123,-0.095605,-0.016021,-0.005568,0.096804,0.995303,0.098486,0.995138,0.000000,0.474198,0.495137,-0.002989,0.000000,-0.284712,0.303672,-0.023762
16.180,-0.333744,0.552054,1.139269,-0.080452,0.529291,1.274108,-0.162058,0.199878,0.021004,-0.099555,-0.020930,-0.006319,0.082174,0.996618,0.084132,0.996455,0.000000,0.468495,0.501218,-0.003476,0.000000,-0.285558,0.304394,-0.024885
16.200,-0.336735,0.552289,1.139266,-0.083713,0.533284,1.274526,-0.164087,0.199408,0.020870,-0.103330,-0.026132,-0.007055,0.067322,0.997731,0.069568,0.997577,0.000000,0.462777,0.507312,-0.003984,0.000000,-0.286265,0.304934,-0.025982
16.220,-0.339712,0.552477,1.139263,-0.087016,0.537267,1.274942,-0.166189,0.198831,0.020722,-0.106903,-0.031622,-0.007774,0.052255,0.998634,0.054801,0.998497,0.000000,0.457045,0.513414,-0.004515,0.000000,-0.286835,0.305293,-0.027048
16.240,-0.342675,0.552619,1.139261,-0.090361,0.541236,1.275355,-0.168361,0.198141,0.020559,-0.110250,-0.037394,-0.008473,0.036979,0.999316,0.039837,0.999206,0.000000,0.451304,0.519522,-0.005066,0.000000,-0.287266,0.305468,-0.028078
16.260,-0.345624,0.552715,1.139260,-0.093751,0.545191,1.275765,-0.170598,0.197333,0.020383,-0.113347,-0.043441,-0.009153,0.021501,0.999769,0.024681,0.999695,0.000000,0.445556,0.525632,-0.005638,0.000000,-0.287558,0.305461,-0.029067
16.280,-0.348558,0.552765,1.139260,-0.097186,0.549129,1.276170,-0.172893,0.196402,0.020193,-0.116170,-0.049753,-0.009810,0.005830,0.999983,0.009342,0.999956,0.000000,0.439803,0.531740,-0.006228,0.000000,-0.287711,0.305272,-0.030011
16.300,-0.351479,0.552769,1.139261,-0.100667,0.553047,1.276572,-0.175243,0.195342,0.019991,-0.118697,-0.056320,-0.010444,-0.010027,0.999950,-0.006173,0.999981,0.000000,0.434048,0.537842,-0.006838,0.000000,-0.287725,0.304902,-0.030906
16.320,-0.354385,0.552726,1.139263,-0.104196,0.556942,1.276970,-0.177639,0.194148,0.019776,-0.120908,-0.063129,-0.011054,-0.026060,0.999660,-0.021855,0.999761,0.000000,0.428295,0.543934,-0.007464,0.000000,-0.287600,0.304350,-0.031747
16.340,-0.357276,0.552637,1.139267,-0.107773,0.560812,1.277363,-0.180077,0.192815,0.019549,-0.122784,-0.070166,-0.011638,-0.042258,0.999107,-0.037696,0.999289,0.000000,0.422545,0.550014,-0.008107,0.000000,-0.287336,0.303620,-0.032529
16.360,-0.360153,0.552501,1.139271,-0.111399,0.564653,1.277752,-0.182548,0.191339,0.019310,-0.124307,-0.077417,-0.012196,-0.058611,0.998281,-0.053684,0.998558,0.000000,0.416802,0.556078,-0.008765,0.000000,-0.286933,0.302711,-0.033248
16.380,-0.363014,0.552319,1.139277,-0.115075,0.568464,1.278135,-0.185046,0.189717,0.019061,-0.125463,-0.084863,-0.012725,-0.075108,0.997175,-0.069811,0.997560,0.000000,0.411069,0.562122,-0.009437,0.000000,-0.286391,0.301626,-0.033899
16.400,-0.365860,0.552091,1.139283,-0.118801,0.572241,1.278514,-0.187564,0.187944,0.018801,-0.126238,-0.092486,-0.013227,-0.091735,0.995783,-0.086064,0.996290,0.000000,0.405348,0.568142,-0.010120,0.000000,-0.285712,0.300366,-0.034477
16.420,-0.368691,0.551817,1.139291,-0.122578,0.575981,1.278887,-0.190093,0.186017,0.018532,-0.126623,-0.100265,-0.013699,-0.108480,0.994099,-0.102432,0.994740,0.000000,0.399641,0.574135,-0.010815,0.000000,-0.284894,0.298934,-0.034979
16.440,-0.371505,0.551497,1.139298,-0.126405,0.579681,1.279255,-0.192626,0.183932,0.018254,-0.126608,-0.108177,-0.014142,-0.125329,0.992115,-0.118903,0.992906,0.000000,0.393953,0.580098,-0.011519,0.000000,-0.283939,0.297333,-0.035399
16.460,-0.374303,0.551132,1.139307,-0.130283,0.583337,1.279618,-0.195155,0.181689,0.017967,-0.126190,-0.116198,-0.014554,-0.142268,0.989828,-0.135462,0.990782,0.000000,0.388285,0.586027,-0.012231,0.000000,-0.282846,0.295564,-0.035734
16.480,-0.377084,0.550721,1.139315,-0.134211,0.586947,1.279974,-0.197671,0.179284,0.017672,-0.125365,-0.124302,-0.014936,-0.159282,0.987233,-0.152098,0.988365,0.000000,0.382640,0.591920,-0.012948,0.000000,-0.281617,0.293631,-0.035979
16.500,-0.379848,0.550264,1.139324,-0.138189,0.590507,1.280324,-0.200167,0.176716,0.017369,-0.124135,-0.132461,-0.015288,-0.176355,0.984327,-0.168795,0.985651,0.000000,0.377021,0.597772,-0.013669,0.000000,-0.280252,0.291537,-0.036132
16.520,-0.382594,0.549763,1.139332,-0.142217,0.594015,1.280669,-0.202634,0.173985,0.017060,-0.122501,-0.140646,-0.015609,-0.193472,0.981106,-0.185539,0.982637,0.000000,0.371431,0.603580,-0.014393,0.000000,-0.278752,0.289284,-0.036189
16.540,-0.385323,0.549217,1.139340,-0.146294,0.597466,1.281007,-0.205064,0.171090,0.016745,-0.120469,-0.148827,-0.015900,-0.210615,0.977569,-0.202315,0.979320,0.000000,0.365872,0.609342,-0.015116,0.000000,-0.277117,0.286875,-0.036149
16.560,-0.388033,0.548626,1.139347,-0.150420,0.600857,1.281338,-0.207450,0.168032,0.016425,-0.118047,-0.156974,-0.016161,-0.227768,0.973715,-0.219108,0.975701,0.000000,0.360347,0.615054,-0.015838,0.000000,-0.275348,0.284314,-0.036010
16.580,-0.390725,0.547992,1.139353,-0.154592,0.604186,1.281664,-0.209784,0.164812,0.016099,-0.115242,-0.165056,-0.016392,-0.244915,0.969545,-0.235902,0.971777,0.000000,0.354859,0.620713,-0.016556,0.000000,-0.273446,0.281604,-0.035770
16.600,-0.393398,0.547313,1.139359,-0.158811,0.607449,1.281982,-0.212057,0.161431,0.015769,-0.112066,-0.173041,-0.016594,-0.262038,0.965058,-0.252682,0.967549,0.000000,0.349410,0.626317,-0.017268,0.000000,-0.271412,0.278747,-0.035430
16.620,-0.396051,0.546590,1.139363,-0.163074,0.610642,1.282294,-0.214264,0.157891,0.015435,-0.108532,-0.180898,-0.016768,-0.279120,0.960256,-0.269432,0.963020,0.000000,0.344003,0.631862,-0.017972,0.000000,-0.269247,0.275748,-0.034990
16.640,-0.398686,0.545825,1.139367,-0.167381,0.613763,1.282600,-0.216396,0.154196,0.015099,-0.104655,-0.188594,-0.016914,-0.296144,0.955143,-0.286136,0.958189,0.000000,0.338641,0.637346,-0.018667,0.000000,-0.266952,0.272609,-0.034449
16.660,-0.401301,0.545015,1.139369,-0.171729,0.616809,1.282898,-0.218448,0.150349,0.014759,-0.100451,-0.196099,-0.017033,-0.313094,0.949722,-0.302778,0.953061,0.000000,0.333326,0.642766,-0.019350,0.000000,-0.264528,0.269334,-0.033809
16.680,-0.403897,0.544163,1.139370,-0.176118,0.619776,1.283190,-0.220412,0.146353,0.014417,-0.095936,-0.203382,-0.017126,-0.329952,0.943998,-0.319344,0.947639,0.000000,0.328060,0.648119,-0.020019,0.000000,-0.261976,0.265927,-0.033071
16.700,-0.406473,0.543268,1.139369,-0.180545,0.622662,1.283475,-0.222283,0.142215,0.014074,-0.091129,-0.210413,-0.017193,-0.346702,0.937975,-0.335817,0.941927,0.000000,0.322848,0.653402,-0.020672,0.000000,-0.259298,0.262390,-0.032238
16.720,-0.409030,0.542330,1.139367,-0.185009,0.625464,1.283753,-0.224056,0.137939,0.013730,-0.086050,-0.217162,-0.017236,-0.363329,0.931661,-0.352184,0.935931,0.000000,0.317689,0.658614,-0.021307,0.000000,-0.256494,0.258729,-0.031312
16.740,-0.411567,0.541350,1.139364,-0.189507,0.628179,1.284024,-0.225724,0.133531,0.013385,-0.080720,-0.223602,-0.017256,-0.379815,0.925062,-0.368428,0.929656,0.000000,0.312589,0.663750,-0.021924,0.000000,-0.253566,0.254946,-0.030296
16.760,-0.414084,0.540327,1.139360,-0.194037,0.630804,1.284288,-0.227283,0.128997,0.013040,-0.075159,-0.229706,-0.017254,-0.396147,0.918187,-0.384536,0.923110,0.000000,0.307548,0.668811,-0.022519,0.000000,-0.250516,0.251045,-0.029195
16.780,-0.416583,0.539261,1.139354,-0.198597,0.633338,1.284546,-0.228729,0.124345,0.012695,-0.069390,-0.235449,-0.017231,-0.412309,0.911044,-0.400494,0.916300,0.000000,0.302569,0.673791,-0.023091,0.000000,-0.247344,0.247031,-0.028012
16.800,-0.419062,0.538153,1.139348,-0.203185,0.635777,1.284796,-0.230057,0.119582,0.012351,-0.063435,-0.240808,-0.017188,-0.428289,0.903642,-0.416288,0.909233,0.000000,0.297655,0.678691,-0.023639,0.000000,-0.244053,0.242906,-0.026751
16.820,-0.421522,0.537003,1.139341,-0.207799,0.638121,1.285040,-0.231265,0.114715,0.012007,-0.057317,-0.245762,-0.017127,-0.444071,0.895992,-0.431907,0.901918,0.000000,0.292807,0.683507,-0.024161,0.000000,-0.240644,0.238677,-0.025419
16.840,-0.423963,0.535810,1.139333,-0.212435,0.640365,1.285277,-0.232349,0.109754,0.011666,-0.051060,-0.250292,-0.017048,-0.459645,0.888103,-0.447337,0.894365,0.000000,0.288030,0.688237,-0.024655,0.000000,-0.237118,0.234345,-0.024022
16.860,-0.426386,0.534575,1.139325,-0.217092,0.642510,1.285506,-0.233307,0.104706,0.011326,-0.044686,-0.254382,-0.016953,-0.474997,0.879987,-0.462568,0.886584,0.000000,0.283324,0.692880,-0.025121,0.000000,-0.233478,0.229917,-0.022564
16.880,-0.428790,0.533297,1.139316,-0.221766,0.644553,1.285730,-0.234136,0.099582,0.010988,-0.038219,-0.258017,-0.016843,-0.490119,0.871656,-0.477589,0.878583,0.000000,0.278691,0.697433,-0.025557,0.000000,-0.229725,0.225395,-0.021054
16.900,-0.431177,0.531977,1.139308,-0.226456,0.646493,1.285946,-0.234835,0.094389,0.010652,-0.031682,-0.261188,-0.016720,-0.504998,0.863120,-0.492390,0.870375,0.000000,0.274135,0.701895,-0.025963,0.000000,-0.225861,0.220785,-0.019499
16.920,-0.433545,0.530615,1.139300,-0.231159,0.648328,1.286156,-0.235403,0.089137,0.010319,-0.025098,-0.263886,-0.016584,-0.519627,0.854393,-0.506962,0.861968,0.000000,0.269658,0.706264,-0.026337,0.000000,-0.221888,0.216091,-0.017907
16.940,-0.435895,0.529209,1.139292,-0.235872,0.650058,1.286359,-0.235839,0.083837,0.009989,-0.018489,-0.266107,-0.016438,-0.533998,0.845486,-0.521296,0.853376,0.000000,0.265260,0.710539,-0.026679,0.000000,-0.217807,0.211317,-0.016285
16.960,-0.438228,0.527761,1.139284,-0.240592,0.651681,1.286555,-0.236142,0.078496,0.009662,-0.011877,-0.267851,-0.016281,-0.548102,0.836411,-0.535386,0.844608,0.000000,0.260946,0.714716,-0.026988,0.000000,-0.213622,0.206467,-0.014644
16.980,-0.440543,0.526270,1.139277,-0.245316,0.653198,1.286745,-0.236314,0.073126,0.009338,-0.005284,-0.269118,-0.016116,-0.561935,0.827181,-0.549224,0.835675,0.000000,0.256716,0.718797,-0.027265,0.000000,-0.209333,0.201547,-0.012989
17.000,-0.442841,0.524737,1.139271,-0.250043,0.654606,1.286929,-0.236354,0.067735,0.009017,0.001269,-0.269916,-0.015943,-0.575490,0.817809,-0.562805,0.826589,0.000000,0.252573,0.722778,-0.027508,0.000000,-0.204943,0.196560,-0.011330
17.020,-0.445122,0.523161,1.139266,-0.254770,0.655907,1.287106,-0.236263,0.062332,0.008700,0.007764,-0.270252,-0.015764,-0.588764,0.808305,-0.576124,0.817362,0.000000,0.248519,0.726659,-0.027718,0.000000,-0.200455,0.191510,-0.009674
17.040,-0.447385,0.521541,1.139263,-0.259493,0.657100,1.287277,-0.236044,0.056928,0.008386,0.014179,-0.270137,-0.015580,-0.601752,0.798683,-0.589177,0.808004,0.000000,0.244556,0.730438,-0.027895,0.000000,-0.195870,0.186400,-0.008026
17.060,-0.449631,0.519880,1.139260,-0.264211,0.658184,1.287441,-0.235697,0.051530,0.008077,0.020498,-0.269584,-0.015391,-0.614453,0.788954,-0.601959,0.798527,0.000000,0.240685,0.734114,-0.028039,0.000000,-0.191190,0.181235,-0.006394
17.080,-0.451860,0.518175,1.139258,-0.268920,0.659161,1.287600,-0.235225,0.046147,0.007771,0.026701,-0.268608,-0.015200,-0.626863,0.779130,-0.614469,0.788941,0.000000,0.236909,0.737687,-0.028151,0.000000,-0.186418,0.176017,-0.004784
17.100,-0.454071,0.516428,1.139257,-0.273619,0.660030,1.287752,-0.234630,0.040788,0.007469,0.032772,-0.267228,-0.015006,-0.638981,0.769222,-0.626704,0.779257,0.000000,0.233229,0.741155,-0.028231,0.000000,-0.181556,0.170750,-0.003201
17.120,-0.456265,0.514639,1.139258,-0.278304,0.660793,1.287899,-0.233915,0.035460,0.007171,0.038695,-0.265461,-0.014812,-0.650808,0.759242,-0.638663,0.769487,0.000000,0.229647,0.744517,-0.028279,0.000000,-0.176606,0.165436,-0.001651
17.140,-0.458440,0.512807,1.139260,-0.282975,0.661449,1.288039,-0.233083,0.030172,0.006876,0.044454,-0.263330,-0.014618,-0.662343,0.749201,-0.650344,0.759640,0.000000,0.226165,0.747772,-0.028297,0.000000,-0.171571,0.160078,-0.000138
17.160,-0.460599,0.510934,1.139262,-0.287627,0.662000,1.288174,-0.232138,0.024930,0.006586,0.050035,-0.260855,-0.014424,-0.673586,0.739109,-0.661747,0.749727,0.000000,0.222785,0.750920,-0.028285,0.000000,-0.166453,0.154680,0.001332
17.180,-0.462739,0.509019,1.139266,-0.292259,0.662446,1.288303,-0.231083,0.019740,0.006299,0.055425,-0.258060,-0.014233,-0.684540,0.728976,-0.672873,0.739758,0.000000,0.219508,0.753959,-0.028244,0.000000,-0.161255,0.149242,0.002757
17.200,-0.464860,0.507063,1.139271,-0.296870,0.662790,1.288426,-0.229922,0.014609,0.006017,0.060610,-0.254970,-0.014044,-0.695205,0.718812,-0.683722,0.729742,0.000000,0.216335,0.756889,-0.028175,0.000000,-0.155978,0.143768,0.004131
17.220,-0.466964,0.505065,1.139276,-0.301456,0.663031,1.288543,-0.228660,0.009543,0.005737,0.065581,-0.251608,-0.013859,-0.705584,0.708627,-0.694296,0.719689,0.000000,0.213269,0.759709,-0.028079,0.000000,-0.150626,0.138259,0.005452
17.240,-0.469048,0.503027,1.139282,-0.306015,0.663172,1.288655,-0.227301,0.004546,0.005462,0.070327,-0.248000,-0.013678,-0.715679,0.698429,-0.704596,0.709608,0.000000,0.210311,0.762419,-0.027957,0.000000,-0.145202,0.132717,0.006717
17.260,-0.471113,0.500949,1.139288,-0.310547,0.663214,1.288762,-0.225848,-0.000376,0.005190,0.074838,-0.244172,-0.013503,-0.725495,0.688228,-0.714625,0.699508,0.000000,0.207461,0.765018,-0.027811,0.000000,-0.139707,0.127144,0.007923
17.280,-0.473159,0.498831,1.139295,-0.315049,0.663157,1.288863,-0.224309,-0.005219,0.004922,0.079106,-0.240149,-0.013333,-0.735033,0.678031,-0.724384,0.689397,0.000000,0.204723,0.767505,-0.027641,0.000000,-0.134144,0.121541,0.009068
17.300,-0.475186,0.496674,1.139302,-0.319519,0.663005,1.288959,-0.222686,-0.009980,0.004657,0.083126,-0.235957,-0.013169,-0.744299,0.667847,-0.733876,0.679283,0.000000,0.202096,0.769879,-0.027448,0.000000,-0.128516,0.115909,0.010150
17.320,-0.477193,0.494478,1.139309,-0.323956,0.662759,1.289049,-0.220985,-0.014656,0.004395,0.086890,-0.231620,-0.013013,-0.753295,0.657683,-0.743106,0.669174,0.000000,0.199583,0.772141,-0.027235,0.000000,-0.122826,0.110250,0.011168
17.340,-0.479179,0.492243,1.139315,-0.328358,0.662420,1.289135,-0.219212,-0.019244,0.004136,0.090396,-0.227162,-0.012864,-0.762027,0.647545,-0.752076,0.659076,0.000000,0.197183,0.774289,-0.027002,0.000000,-0.117077,0.104564,0.012120
17.360,-0.481145,0.489971,1.139322,-0.332724,0.661990,1.289215,-0.217371,-0.023742,0.003881,0.093640,-0.222608,-0.012723,-0.770500,0.637440,-0.760790,0.648998,0.000000,0.194900,0.776323,-0.026751,0.000000,-0.111271,0.098852,0.013007
17.380,-0.483091,0.487661,1.139328,-0.337052,0.661471,1.289290,-0.215468,-0.028148,0.003627,0.096621,-0.217979,-0.012590,-0.778718,0.627375,-0.769252,0.638945,0.000000,0.192733,0.778243,-0.026482,0.000000,-0.105411,0.093115,0.013827
17.400,-0.485015,0.485314,1.139333,-0.341342,0.660864,1.289360,-0.213508,-0.032461,0.003377,0.099338,-0.213298,-0.012467,-0.786685,0.617354,-0.777466,0.628924,0.000000,0.190684,0.780048,-0.026198,0.000000,-0.099500,0.087353,0.014581
17.420,-0.486919,0.482931,1.139338,-0.345592,0.660173,1.289425,-0.211496,-0.036680,0.003129,0.101793,-0.208584,-0.012352,-0.794409,0.607384,-0.785438,0.618941,0.000000,0.188753,0.781737,-0.025899,0.000000,-0.093541,0.081565,0.015270
17.440,-0.488801,0.480511,1.139342,-0.349802,0.659398,1.289485,-0.209438,-0.040804,0.002883,0.103989,-0.203854,-0.012247,-0.801893,0.597468,-0.793170,0.609000,0.000000,0.186943,0.783310,-0.025588,0.000000,-0.087536,0.075752,0.015894
17.460,-0.490662,0.478056,1.139346,-0.353969,0.658541,1.289540,-0.207339,-0.044834,0.002639,0.105929,-0.199126,-0.012152,-0.809143,0.587612,-0.800669,0.599107,0.000000,0.185252,0.784767,-0.025264,0.000000,-0.081490,0.069915,0.016454
17.480,-0.492502,0.475566,1.139348,-0.358095,0.657605,1.289591,-0.205203,-0.048769,0.002397,0.107619,-0.194414,-0.012066,-0.816165,0.577819,-0.807939,0.589266,0.000000,0.183683,0.786107,-0.024930,0.000000,-0.075404,0.064052,0.016952
17.500,-0.494320,0.473040,1.139350,-0.362177,0.656591,1.289636,-0.203035,-0.052611,0.002156,0.109067,-0.189731,-0.011991,-0.822964,0.568093,-0.814985,0.579483,0.000000,0.182236,0.787329,-0.024586,0.000000,-0.069282,0.058165,0.017389
17.520,-0.496116,0.470480,1.139350,-0.366216,0.655501,1.289677,-0.200842,-0.056359,0.001917,0.110280,-0.185088,-0.011925,-0.829547,0.558437,-0.821811,0.569760,0.000000,0.180912,0.788433,-0.024235,0.000000,-0.063127,0.052253,0.017766
17.540,-0.497890,0.467886,1.139350,-0.370211,0.654337,1.289713,-0.198626,-0.060015,0.001679,0.111266,-0.180496,-0.011869,-0.835917,0.548855,-0.828424,0.560101,0.000000,0.179711,0.789419,-0.023876,0.000000,-0.056941,0.046319,0.018085
17.560,-0.499643,0.465258,1.139349,-0.374161,0.653101,1.289744,-0.196392,-0.063579,0.001442,0.112037,-0.175963,-0.011823,-0.842083,0.539349,-0.834829,0.550510,0.000000,0.178635,0.790286,-0.023512,0.000000,-0.050729,0.040361,0.018348
17.580,-0.501375,0.462596,1.139348,-0.378066,0.651795,1.289770,-0.194146,-0.067054,0.001206,0.112603,-0.171496,-0.011786,-0.848048,0.529920,-0.841030,0.540989,0.000000,0.177682,0.791033,-0.023143,0.000000,-0.044491,0.034383,0.018555
17.600,-0.503084,0.459901,1.139346,-0.381927,0.650420,1.289792,-0.191890,-0.070440,0.000971,0.112974,-0.167102,-0.011759,-0.853818,0.520571,-0.847033,0.531541,0.000000,0.176855,0.791661,-0.022770,0.000000,-0.038233,0.028383,0.018709
17.620,-0.504773,0.457173,1.139343,-0.385742,0.648978,1.289809,-0.189628,-0.073738,0.000736,0.113163,-0.162786,-0.011742,-0.859400,0.511304,-0.852843,0.522168,0.000000,0.176153,0.792168,-0.022395,0.000000,-0.031956,0.022365,0.018813
17.640,-0.506439,0.454412,1.139339,-0.389512,0.647471,1.289822,-0.187364,-0.076951,0.000501,0.113184,-0.158551,-0.011733,-0.864798,0.502120,-0.858465,0.512873,0.000000,0.175577,0.792555,-0.022018,0.000000,-0.025664,0.016330,0.018867
17.660,-0.508084,0.451618,1.139336,-0.393237,0.645900,1.289829,-0.185102,-0.080081,0.000266,0.113047,-0.154400,-0.011734,-0.870018,0.493019,-0.863904,0.503656,0.000000,0.175127,0.792821,-0.021640,0.000000,-0.019360,0.010278,0.018874
17.680,-0.509708,0.448792,1.139331,-0.396916,0.644268,1.289832,-0.182843,-0.083128,0.000031,0.112767,-0.150336,-0.011743,-0.875066,0.484004,-0.869166,0.494520,0.000000,0.174803,0.792966,-0.021263,0.000000,-0.013046,0.004213,0.018837
17.700,-0.511310,0.445934,1.139327,-0.400550,0.642576,1.289831,-0.180592,-0.086095,-0.000204,0.112356,-0.146360,-0.011761,-0.879946,0.475073,-0.874256,0.485465,0.000000,0.174605,0.792990,-0.020887,0.000000,-0.006726,-0.001865,0.018758
17.720,-0.512892,0.443044,1.139322,-0.404140,0.640825,1.289824,-0.178350,-0.088983,-0.000439,0.111828,-0.142472,-0.011786,-0.884664,0.466229,-0.879178,0.476493,0.000000,0.174534,0.792892,-0.020513,0.000000,-0.000402,-0.007952,0.018639
17.740,-0.514452,0.440122,1.139318,-0.407684,0.639017,1.289813,-0.176119,-0.091794,-0.000675,0.111196,-0.138672,-0.011819,-0.889225,0.457470,-0.883938,0.467604,0.000000,0.174589,0.792672,-0.020142,0.000000,0.005921,-0.014047,0.018483
17.760,-0.515991,0.437169,1.139313,-0.411185,0.637154,1.289797,-0.173902,-0.094531,-0.000912,0.110474,-0.134960,-0.011859,-0.893634,0.448797,-0.888540,0.458799,0.000000,0.174771,0.792330,-0.019774,0.000000,0.012242,-0.020147,0.018293
17.780,-0.517510,0.434184,1.139309,-0.414641,0.635236,1.289777,-0.171701,-0.097193,-0.001150,0.109672,-0.131335,-0.011906,-0.897895,0.440209,-0.892989,0.450078,0.000000,0.175079,0.791866,-0.019410,0.000000,0.018558,-0.026249,0.018071
17.800,-0.519008,0.431168,1.139305,-0.418053,0.633266,1.289751,-0.169516,-0.099784,-0.001388,0.108805,-0.127795,-0.011960,-0.902014,0.431707,-0.897291,0.441440,0.000000,0.175513,0.791280,-0.019051,0.000000,0.024864,-0.032351,0.017821
17.820,-0.520485,0.428122,1.139301,-0.421421,0.631245,1.289721,-0.167349,-0.102306,-0.001628,0.107884,-0.124339,-0.012020,-0.905995,0.423289,-0.901448,0.432887,0.000000,0.176073,0.790572,-0.018697,0.000000,0.031158,-0.038450,0.017545
17.840,-0.521941,0.425045,1.139297,-0.424747,0.629174,1.289686,-0.165201,-0.104759,-0.001869,0.106919,-0.120964,-0.012085,-0.909842,0.414955,-0.905466,0.424418,0.000000,0.176759,0.789742,-0.018350,0.000000,0.037438,-0.044542,0.017247
17.860,-0.523377,0.421937,1.139294,-0.428030,0.627055,1.289646,-0.163073,-0.107145,-0.002111,0.105921,-0.117669,-0.012155,-0.913560,0.406705,-0.909350,0.416032,0.000000,0.177570,0.788790,-0.018008,0.000000,0.043700,-0.050623,0.016930
17.880,-0.524793,0.418800,1.139291,-0.431270,0.624889,1.289602,-0.160964,-0.109466,-0.002355,0.104900,-0.114451,-0.012230,-0.917152,0.398537,-0.913103,0.407729,0.000000,0.178507,0.787717,-0.017672,0.000000,0.049941,-0.056692,0.016598
17.900,-0.526188,0.415632,1.139289,-0.434468,0.622677,1.289552,-0.158877,-0.111723,-0.002601,0.103864,-0.111309,-0.012310,-0.920624,0.390451,-0.916729,0.399509,0.000000,0.179568,0.786522,-0.017344,0.000000,0.056157,-0.062744,0.016253
17.920,-0.527562,0.412436,1.139287,-0.437625,0.620421,1.289498,-0.156810,-0.113919,-0.002848,0.102821,-0.108240,-0.012393,-0.923978,0.382445,-0.920233,0.391371,0.000000,0.180753,0.785207,-0.017022,0.000000,0.062347,-0.068774,0.015900
17.940,-0.528916,0.409210,1.139286,-0.440741,0.618121,1.289438,-0.154764,-0.116053,-0.003096,0.101777,-0.105242,-0.012480,-0.927219,0.374520,-0.923618,0.383314,0.000000,0.182062,0.783772,-0.016708,0.000000,0.068507,-0.074780,0.015542
17.960,-0.530250,0.405956,1.139285,-0.443816,0.615779,1.289374,-0.152739,-0.118129,-0.003347,0.100736,-0.102315,-0.012570,-0.930350,0.366673,-0.926889,0.375337,0.000000,0.183493,0.782216,-0.016401,0.000000,0.074633,-0.080757,0.015182
17.980,-0.531563,0.402673,1.139285,-0.446850,0.613396,1.289304,-0.150734,-0.120146,-0.003599,0.099704,-0.099457,-0.012663,-0.933374,0.358905,-0.930047,0.367439,0.000000,0.185047,0.780542,-0.016101,0.000000,0.080723,-0.086702,0.014825
18.000,-0.532856,0.399362,1.139285,-0.449845,0.610973,1.289230,-0.148750,-0.122108,-0.003853,0.098682,-0.096667,-0.012758,-0.936296,0.351213,-0.933098,0.359621,0.000000,0.186722,0.778748,-0.015808,0.000000,0.086774,-0.092611,0.014472
18.020,-0.534128,0.396024,1.139286,-0.452801,0.608512,1.289150,-0.146787,-0.124014,-0.004110,0.097674,-0.093944,-0.012855,-0.939117,0.343598,-0.936045,0.351880,0.000000,0.188517,0.776837,-0.015522,0.000000,0.092783,-0.098479,0.014126
18.040,-0.535380,0.392658,1.139288,-0.455717,0.606013,1.289065,-0.144843,-0.125866,-0.004368,0.096679,-0.091287,-0.012954,-0.941842,0.336057,-0.938890,0.344216,0.000000,0.190433,0.774810,-0.015243,0.000000,0.098747,-0.104305,0.013791
18.060,-0.536610,0.389266,1.139289,-0.458594,0.603478,1.288975,-0.142920,-0.127666,-0.004628,0.095697,-0.088696,-0.013054,-0.944473,0.328590,-0.941638,0.336628,0.000000,0.192467,0.772666,-0.014970,0.000000,0.104664,-0.110084,0.013467
18.080,-0.537820,0.385848,1.139291,-0.461434,0.600907,1.288880,-0.141015,-0.129414,-0.004890,0.094730,-0.086170,-0.013154,-0.947012,0.321197,-0.944290,0.329114,0.000000,0.194619,0.770407,-0.014704,0.000000,0.110529,-0.115812,0.013157
18.100,-0.539009,0.382404,1.139293,-0.464235,0.598302,1.288780,-0.139130,-0.131113,-0.005154,0.093775,-0.083709,-0.013255,-0.949464,0.313875,-0.946850,0.321674,0.000000,0.196888,0.768033,-0.014444,0.000000,0.116341,-0.121488,0.012863
18.120,-0.540177,0.378935,1.139296,-0.466999,0.595663,1.288674,-0.137264,-0.132763,-0.005420,0.092830,-0.081314,-0.013356,-0.951831,0.306625,-0.949321,0.314307,0.000000,0.199272,0.765547,-0.014189,0.000000,0.122097,-0.127107,0.012585
18.140,-0.541323,0.375441,1.139299,-0.469726,0.592991,1.288563,-0.135417,-0.134366,-0.005688,0.091894,-0.078983,-0.013457,-0.954114,0.299444,-0.951706,0.307011,0.000000,0.201771,0.762950,-0.013940,0.000000,0.127794,-0.132666,0.012325
18.160,-0.542448,0.371923,1.139301,-0.472416,0.590288,1.288446,-0.133589,-0.135923,-0.005958,0.090964,-0.076717,-0.013557,-0.956317,0.292332,-0.954007,0.299785,0.000000,0.204384,0.760241,-0.013696,0.000000,0.133429,-0.138163,0.012083
18.180,-0.543551,0.368382,1.139304,-0.475070,0.587555,1.288325,-0.131779,-0.137435,-0.006230,0.090036,-0.074515,-0.013655,-0.958442,0.285287,-0.956226,0.292628,0.000000,0.207108,0.757423,-0.013457,0.000000,0.138999,-0.143595,0.011861
18.200,-0.544633,0.364817,1.139307,-0.477687,0.584791,1.288197,-0.129987,-0.138904,-0.006504,0.089108,-0.072379,-0.013753,-0.960491,0.278310,-0.958367,0.285539,0.000000,0.209943,0.754498,-0.013221,0.000000,0.144503,-0.148959,0.011657
18.220,-0.545693,0.361229,1.139310,-0.480269,0.581999,1.288064,-0.128214,-0.140330,-0.006780,0.088177,-0.070307,-0.013848,-0.962467,0.271397,-0.960432,0.278516,0.000000,0.212888,0.751466,-0.012990,0.000000,0.149936,-0.154252,0.011473
18.240,-0.546730,0.357619,1.139312,-0.482816,0.579178,1.287926,-0.126460,-0.141716,-0.007058,0.087238,-0.068300,-0.013941,-0.964372,0.264549,-0.962422,0.271558,0.000000,0.215940,0.748328,-0.012762,0.000000,0.155298,-0.159472,0.011307
18.260,-0.547746,0.353988,1.139315,-0.485328,0.576331,1.287782,-0.124725,-0.143063,-0.007338,0.086289,-0.066358,-0.014031,-0.966208,0.257765,-0.964341,0.264664,0.000000,0.219099,0.745087,-0.012538,0.000000,0.160584,-0.164616,0.011160
18.280,-0.548739,0.350335,1.139317,-0.487805,0.573456,1.287632,-0.123009,-0.144371,-0.007620,0.085326,-0.064480,-0.014119,-0.967976,0.251042,-0.966190,0.257833,0.000000,0.222363,0.741744,-0.012316,0.000000,0.165793,-0.169682,0.011030
18.300,-0.549709,0.346662,1.139319,-0.490248,0.570556,1.287477,-0.121312,-0.145642,-0.007903,0.084347,-0.062667,-0.014202,-0.969680,0.244380,-0.967971,0.251063,0.000000,0.225730,0.738300,-0.012097,0.000000,0.170922,-0.174667,0.010916
18.320,-0.550657,0.342969,1.139321,-0.492658,0.567631,1.287316,-0.119635,-0.146878,-0.008188,0.083347,-0.060918,-0.014282,-0.971320,0.237778,-0.969687,0.244352,0.000000,0.229199,0.734758,-0.011879,0.000000,0.175969,-0.179571,0.010817
18.340,-0.551582,0.339256,1.139322,-0.495034,0.564681,1.287150,-0.117978,-0.148080,-0.008474,0.082325,-0.059232,-0.014357,-0.972898,0.231234,-0.971339,0.237700,0.000000,0.232768,0.731118,-0.011664,0.000000,0.180931,-0.184389,0.010732
18.360,-0.552485,0.335524,1.139324,-0.497377,0.561708,1.286977,-0.116342,-0.149248,-0.008762,0.081278,-0.057610,-0.014427,-0.974417,0.224747,-0.972929,0.231106,0.000000,0.236436,0.727383,-0.011450,0.000000,0.185805,-0.189121,0.010657
18.380,-0.553364,0.331773,1.139325,-0.499688,0.558711,1.286799,-0.114727,-0.150384,-0.009051,0.080205,-0.056050,-0.014492,-0.975878,0.218315,-0.974459,0.224566,0.000000,0.240200,0.723554,-0.011237,0.000000,0.190590,-0.193764,0.010591
18.400,-0.554221,0.328004,1.139325,-0.501966,0.555693,1.286615,-0.113134,-0.151490,-0.009342,0.079104,-0.054552,-0.014551,-0.977283,0.211938,-0.975931,0.218081,0.000000,0.244059,0.719633,-0.011026,0.000000,0.195283,-0.198317,0.010532
18.420,-0.555054,0.324218,1.139326,-0.504213,0.552652,1.286426,-0.111563,-0.152567,-0.009633,0.077975,-0.053115,-0.014604,-0.978633,0.205614,-0.977346,0.211649,0.000000,0.248011,0.715622,-0.010816,0.000000,0.199882,-0.202778,0.010477
18.440,-0.555865,0.320414,1.139326,-0.506429,0.549590,1.286230,-0.110015,-0.153615,-0.009926,0.076819,-0.051737,-0.014650,-0.979930,0.199342,-0.978706,0.205268,0.000000,0.252053,0.711523,-0.010607,0.000000,0.204384,-0.207145,0.010422
18.460,-0.556652,0.316593,1.139325,-0.508614,0.546507,1.286029,-0.108491,-0.154637,-0.010219,0.075636,-0.050417,-0.014688,-0.981175,0.193119,-0.980012,0.198938,0.000000,0.256185,0.707337,-0.010399,0.000000,0.208787,-0.211417,0.010365
18.480,-0.557416,0.312757,1.139325,-0.510769,0.543405,1.285821,-0.106990,-0.155632,-0.010513,0.074428,-0.049153,-0.014718,-0.982370,0.186945,-0.981267,0.192655,0.000000,0.260404,0.703066,-0.010193,0.000000,0.213089,-0.215593,0.010304
18.500,-0.558158,0.308904,1.139324,-0.512894,0.540282,1.285608,-0.105514,-0.156603,-0.010808,0.073197,-0.047944,-0.014739,-0.983517,0.180817,-0.982470,0.186420,0.000000,0.264708,0.698714,-0.009987,0.000000,0.217288,-0.219669,0.010236
18.520,-0.558876,0.305036,1.139323,-0.514989,0.537141,1.285389,-0.104062,-0.157550,-0.011103,0.071947,-0.046787,-0.014752,-0.984616,0.174735,-0.983625,0.180230,0.000000,0.269095,0.694280,-0.009783,0.000000,0.221382,-0.223646,0.010159
18.540,-0.559571,0.301153,1.139322,-0.517056,0.533980,1.285164,-0.102636,-0.158475,-0.011398,0.070679,-0.045680,-0.014754,-0.985668,0.168696,-0.984731,0.174084,0.000000,0.273563,0.689769,-0.009581,0.000000,0.225369,-0.227521,0.010072
18.560,-0.560243,0.297256,1.139320,-0.519095,0.530802,1.284933,-0.101235,-0.159378,-0.011693,0.069399,-0.044622,-0.014746,-0.986676,0.162700,-0.985790,0.167980,0.000000,0.278109,0.685180,-0.009380,0.000000,0.229247,-0.231293,0.009973
18.580,-0.560893,0.293344,1.139319,-0.521106,0.527605,1.284696,-0.099860,-0.160260,-0.011987,0.068109,-0.043610,-0.014728,-0.987639,0.156743,-0.986804,0.161918,0.000000,0.282732,0.680518,-0.009182,0.000000,0.233013,-0.234960,0.009861
18.600,-0.561520,0.289419,1.139317,-0.523089,0.524392,1.284453,-0.098511,-0.161123,-0.012282,0.066815,-0.042641,-0.014697,-0.988560,0.150826,-0.987774,0.155895,0.000000,0.287429,0.675783,-0.008986,0.000000,0.236667,-0.238521,0.009735
18.620,-0.562124,0.285481,1.139316,-0.525046,0.521161,1.284205,-0.097187,-0.161966,-0.012575,0.065521,-0.041713,-0.014655,-0.989440,0.144945,-0.988700,0.149910,0.000000,0.292198,0.670977,-0.008793,0.000000,0.240207,-0.241974,0.009594
18.640,-0.562705,0.281529,1.139314,-0.526977,0.517913,1.283950,-0.095890,-0.162791,-0.012868,0.064231,-0.040823,-0.014600,-0.990278,0.139099,-0.989583,0.143961,0.000000,0.297036,0.666104,-0.008602,0.000000,0.243630,-0.245317,0.009438
18.660,-0.563264,0.277566,1.139313,-0.528882,0.514649,1.283690,-0.094618,-0.163599,-0.013159,0.062951,-0.039969,-0.014532,-0.991077,0.133287,-0.990426,0.138048,0.000000,0.301942,0.661165,-0.008415,0.000000,0.246936,-0.248550,0.009266
18.680,-0.563801,0.273590,1.139311,-0.530762,0.511369,1.283424,-0.093372,-0.164390,-0.013449,0.061685,-0.039149,-0.014450,-0.991838,0.127507,-0.991227,0.132168,0.000000,0.306913,0.656163,-0.008232,0.000000,0.250122,-0.251670,0.009079
18.700,-0.564315,0.269603,1.139310,-0.532617,0.508074,1.283152,-0.092151,-0.165165,-0.013737,0.060437,-0.038359,-0.014354,-0.992560,0.121757,-0.991990,0.126320,0.000000,0.311946,0.651099,-0.008052,0.000000,0.253187,-0.254676,0.008877
18.720,-0.564807,0.265604,1.139308,-0.534448,0.504763,1.282875,-0.090954,-0.165925,-0.014023,0.059213,-0.037598,-0.014243,-0.993245,0.116036,-0.992713,0.120502,0.000000,0.317040,0.645977,-0.007877,0.000000,0.256130,-0.257566,0.008661
18.740,-0.565278,0.261595,1.139307,-0.536256,0.501437,1.282591,-0.089782,-0.166670,-0.014307,0.058018,-0.036862,-0.014116,-0.993894,0.110342,-0.993399,0.114714,0.000000,0.322191,0.640798,-0.007706,0.000000,0.258949,-0.260340,0.008430
18.760,-0.565726,0.257576,1.139306,-0.538040,0.498096,1.282302,-0.088633,-0.167400,-0.014588,0.056854,-0.036150,-0.013974,-0.994507,0.104672,-0.994047,0.108954,0.000000,0.327397,0.635564,-0.007540,0.000000,0.261643,-0.262995,0.008188
18.780,-0.566152,0.253547,1.139305,-0.539801,0.494741,1.282008,-0.087507,-0.168116,-0.014866,0.055727,-0.035460,-0.013816,-0.995085,0.099027,-0.994659,0.103219,0.000000,0.332656,0.630279,-0.007378,0.000000,0.264210,-0.265530,0.007934
18.800,-0.566556,0.249508,1.139304,-0.541540,0.491371,1.281708,-0.086404,-0.168818,-0.015140,0.054639,-0.034788,-0.013641,-0.995628,0.093403,-0.995235,0.097509,0.000000,0.337964,0.624944,-0.007222,0.000000,0.266650,-0.267944,0.007671
18.820,-0.566938,0.245461,1.139304,-0.543257,0.487988,1.281402,-0.085322,-0.169507,-0.015411,0.053595,-0.034133,-0.013449,-0.996138,0.087800,-0.995775,0.091823,0.000000,0.343321,0.619562,-0.007072,0.000000,0.268961,-0.270234,0.007400
18.840,-0.567299,0.241405,1.139303,-0.544953,0.484591,1.281091,-0.084260,-0.170184,-0.015678,0.052595,-0.033492,-0.013240,-0.996615,0.082216,-0.996281,0.086158,0.000000,0.348722,0.614135,-0.006926,0.000000,0.271143,-0.272401,0.007123
18.860,-0.567637,0.237341,1.139303,-0.546628,0.481181,1.280775,-0.083217,-0.170847,-0.015941,0.051644,-0.032865,-0.013014,-0.997058,0.076649,-0.996753,0.080514,0.000000,0.354166,0.608666,-0.006787,0.000000,0.273193,-0.274441,0.006844
18.880,-0.567954,0.233269,1.139303,-0.548282,0.477757,1.280454,-0.082194,-0.171498,-0.016198,0.050742,-0.032249,-0.012770,-0.997469,0.071098,-0.997192,0.074889,0.000000,0.359649,0.603158,-0.006653,0.000000,0.275111,-0.276354,0.006563
18.900,-0.568250,0.229191,1.139303,-0.549916,0.474321,1.280127,-0.081187,-0.172137,-0.016451,0.049889,-0.031644,-0.012507,-0.997848,0.065562,-0.997597,0.069281,0.000000,0.365169,0.597613,-0.006524,0.000000,0.276897,-0.278138,0.006285
18.920,-0.568523,0.225105,1.139303,-0.551530,0.470872,1.279796,-0.080198,-0.172764,-0.016699,0.049086,-0.031047,-0.012227,-0.998196,0.060040,-0.997970,0.063690,0.000000,0.370724,0.592034,-0.006401,0.000000,0.278549,-0.279792,0.006013
18.940,-0.568775,0.221014,1.139304,-0.553124,0.467411,1.279459,-0.079224,-0.173379,-0.016940,0.048333,-0.030458,-0.011928,-0.998512,0.054529,-0.998310,0.058113,0.000000,0.376310,0.586422,-0.006284,0.000000,0.280066,-0.281314,0.005750
18.960,-0.569005,0.216918,1.139305,-0.554699,0.463937,1.279118,-0.078264,-0.173982,-0.017176,0.047627,-0.029876,-0.011611,-0.998797,0.049029,-0.998618,0.052550,0.000000,0.381926,0.580782,-0.006171,0.000000,0.281448,-0.282703,0.005498
18.980,-0.569212,0.212816,1.139305,-0.556254,0.460451,1.278772,-0.077318,-0.174574,-0.017405,0.046966,-0.029300,-0.011276,-0.999052,0.043539,-0.998895,0.047000,0.000000,0.387567,0.575115,-0.006064,0.000000,0.282694,-0.283958,0.005260
19.000,-0.569398,0.208709,1.139306,-0.557791,0.456954,1.278422,-0.076385,-0.175154,-0.017627,0.046347,-0.028730,-0.010923,-0.999276,0.038057,-0.999140,0.041460,0.000000,0.393232,0.569425,-0.005961,0.000000,0.283804,-0.285078,0.005040
19.020,-0.569562,0.204599,1.139307,-0.559310,0.453445,1.278067,-0.075464,-0.175723,-0.017841,0.045768,-0.028167,-0.010551,-0.999469,0.032583,-0.999354,0.035930,0.000000,0.398918,0.563713,-0.005862,0.000000,0.284777,-0.286061,0.004838
19.040,-0.569704,0.200485,1.139308,-0.560810,0.449925,1.277708,-0.074554,-0.176281,-0.018049,0.045222,-0.027609,-0.010161,-0.999632,0.027114,-0.999538,0.030408,0.000000,0.404623,0.557983,-0.005767,0.000000,0.285612,-0.286907,0.004658
19.060,-0.569823,0.196368,1.139309,-0.562292,0.446394,1.277346,-0.073655,-0.176828,-0.018248,0.044708,-0.027058,-0.009753,-0.999766,0.021651,-0.999690,0.024893,0.000000,0.410342,0.552238,-0.005675,0.000000,0.286309,-0.287615,0.004500
19.080,-0.569920,0.192249,1.139310,-0.563756,0.442852,1.276979,-0.072766,-0.177363,-0.018439,0.044218,-0.026512,-0.009328,-0.999869,0.016192,-0.999812,0.019384,0.000000,0.416074,0.546479,-0.005587,0.000000,0.286868,-0.288184,0.004366
19.100,-0.569995,0.188128,1.139311,-0.565203,0.439300,1.276608,-0.071886,-0.177888,-0.018621,0.043749,-0.025974,-0.008886,-0.999942,0.010737,-0.999904,0.013880,0.000000,0.421816,0.540711,-0.005501,0.000000,0.287288,-0.288613,0.004256
19.120,-0.570047,0.184006,1.139311,-0.566632,0.435737,1.276234,-0.071016,-0.178402,-0.018794,0.043295,-0.025442,-0.008426,-0.999986,0.005283,-0.999965,0.008378,0.000000,0.427565,0.534936,-0.005416,0.000000,0.287570,-0.288903,0.004172
19.140,-0.570076,0.179882,1.139312,-0.568043,0.432164,1.275856,-0.070154,-0.178906,-0.018958,0.042850,-0.024919,-0.007949,-1.000000,-0.000169,-0.999996,0.002879,0.000000,0.433318,0.529156,-0.005334,0.000000,0.287712,-0.289052,0.004113
19.160,-0.570082,0.175759,1.139313,-0.569438,0.428581,1.275476,-0.069302,-0.179399,-0.019112,0.042409,-0.024404,-0.007456,-0.999984,-0.005621,-0.999997,-0.002620,0.000000,0.439072,0.523375,-0.005252,0.000000,0.287716,-0.289060,0.004080
19.180,-0.570066,0.171636,1.139313,-0.570816,0.424988,1.275092,-0.068458,-0.179882,-0.019256,0.041966,-0.023898,-0.006947,-0.999939,-0.011074,-0.999967,-0.008119,0.000000,0.444825,0.517594,-0.005170,0.000000,0.287581,-0.288926,0.004073
19.200,-0.570026,0.167513,1.139314,-0.572176,0.421385,1.274705,-0.067623,-0.180355,-0.019389,0.041516,-0.023403,-0.006423,-0.999863,-0.016528,-0.999907,-0.013620,0.000000,0.450575,0.511818,-0.005089,0.000000,0.287307,-0.288652,0.004090
19.220,-0.569964,0.163392,1.139314,-0.573521,0.417774,1.274316,-0.066797,-0.180818,-0.019513,0.041053,-0.022918,-0.005883,-0.999758,-0.021986,-0.999817,-0.019125,0.000000,0.456317,0.506049,-0.005006,0.000000,0.286894,-0.288236,0.004132
19.240,-0.569878,0.159273,1.139314,-0.574848,0.414153,1.273925,-0.065981,-0.181272,-0.019625,0.040573,-0.022445,-0.005329,-0.999623,-0.027446,-0.999697,-0.024633,0.000000,0.462049,0.500290,-0.004923,0.000000,0.286342,-0.287679,0.004197
19.260,-0.569769,0.155156,1.139314,-0.576160,0.410523,1.273532,-0.065175,-0.181716,-0.019726,0.040070,-0.021985,-0.004761,-0.999458,-0.032912,-0.999545,-0.030148,0.000000,0.467770,0.494543,-0.004838,0.000000,0.285652,-0.286980,0.004283
19.280,-0.569636,0.151042,1.139314,-0.577455,0.406884,1.273136,-0.064379,-0.182152,-0.019815,0.039540,-0.021539,-0.004179,-0.999263,-0.038383,-0.999364,-0.035669,0.000000,0.473475,0.488812,-0.004752,0.000000,0.284824,-0.286141,0.004390
19.300,-0.569480,0.146932,1.139314,-0.578735,0.403237,1.272739,-0.063593,-0.182578,-0.019893,0.038978,-0.021107,-0.003584,-0.999038,-0.043862,-0.999151,-0.041199,0.000000,0.479162,0.483098,-0.004663,0.000000,0.283859,-0.285160,0.004515
19.320,-0.569301,0.142825,1.139313,-0.579999,0.399581,1.272340,-0.062820,-0.182996,-0.019958,0.038382,-0.020689,-0.002977,-0.998782,-0.049348,-0.998907,-0.046738,0.000000,0.484828,0.477406,-0.004571,0.000000,0.282756,-0.284040,0.004655
19.340,-0.569098,0.138723,1.139313,-0.581248,0.395917,1.271941,-0.062058,-0.183406,-0.020012,0.037748,-0.020288,-0.002358,-0.998495,-0.054843,-0.998632,-0.052288,0.000000,0.490471,0.471738,-0.004476,0.000000,0.281517,-0.282780,0.004808
19.360,-0.568871,0.134626,1.139312,-0.582482,0.392245,1.271540,-0.061310,-0.183808,-0.020053,0.037074,-0.019904,-0.001729,-0.998177,-0.060349,-0.998325,-0.057850,0.000000,0.496088,0.466096,-0.004379,0.000000,0.280142,-0.281381,0.004972
19.380,-0.568621,0.130535,1.139312,-0.583700,0.388565,1.271139,-0.060576,-0.184202,-0.020081,0.036357,-0.019537,-0.001088,-0.997828,-0.065866,-0.997987,-0.063426,0.000000,0.501676,0.460483,-0.004278,0.000000,0.278632,-0.279843,0.005143
19.400,-0.568348,0.126449,1.139311,-0.584905,0.384877,1.270737,-0.059856,-0.184589,-0.020096,0.035598,-0.019187,-0.000439,-0.997448,-0.071396,-0.997616,-0.069016,0.000000,0.507232,0.454903,-0.004173,0.000000,0.276986,-0.278168,0.005317
19.420,-0.568051,0.122370,1.139310,-0.586095,0.381181,1.270335,-0.059152,-0.184970,-0.020098,0.034795,-0.018856,0.000220,-0.997036,-0.076940,-0.997212,-0.074623,0.000000,0.512754,0.449358,-0.004065,0.000000,0.275207,-0.276356,0.005491
19.440,-0.567731,0.118297,1.139309,-0.587271,0.377478,1.269933,-0.058464,-0.185344,-0.020087,0.033951,-0.018543,0.000887,-0.996591,-0.082500,-0.996775,-0.080247,0.000000,0.518240,0.443850,-0.003953,0.000000,0.273295,-0.274408,0.005662
19.460,-0.567387,0.114232,1.139309,-0.588434,0.373768,1.269532,-0.057794,-0.185711,-0.020063,0.033066,-0.018248,0.001562,-0.996114,-0.088076,-0.996305,-0.085890,0.000000,0.523685,0.438382,-0.003838,0.000000,0.271251,-0.272326,0.005824
19.480,-0.567021,0.110175,1.139308,-0.589583,0.370050,1.269131,-0.057142,-0.186074,-0.020025,0.032144,-0.017973,0.002244,-0.995603,-0.093672,-0.995800,-0.091553,0.000000,0.529089,0.432958,-0.003720,0.000000,0.269076,-0.270110,0.005977
19.500,-0.566631,0.106126,1.139307,-0.590719,0.366325,1.268731,-0.056509,-0.186430,-0.019973,0.031186,-0.017716,0.002931,-0.995059,-0.099287,-0.995261,-0.097239,0.000000,0.534447,0.427579,-0.003599,0.000000,0.266771,-0.267761,0.006115
19.520,-0.566218,0.102086,1.139307,-0.591843,0.362592,1.268332,-0.055895,-0.186782,-0.019907,0.030199,-0.017478,0.003624,-0.994480,-0.104924,-0.994687,-0.102947,0.000000,0.539759,0.422248,-0.003476,0.000000,0.264337,-0.265281,0.006238
19.540,-0.565782,0.098055,1.139306,-0.592955,0.358853,1.267934,-0.055301,-0.187130,-0.019828,0.029184,-0.017258,0.004321,-0.993867,-0.110584,-0.994077,-0.108680,0.000000,0.545020,0.416968,-0.003350,0.000000,0.261775,-0.262671,0.006342
19.560,-0.565324,0.094034,1.139306,-0.594056,0.355107,1.267539,-0.054728,-0.187473,-0.019735,0.028149,-0.017057,0.005022,-0.993218,-0.116270,-0.993430,-0.114439,0.000000,0.550229,0.411742,-0.003222,0.000000,0.259087,-0.259932,0.006427
19.580,-0.564843,0.090023,1.139306,-0.595145,0.351354,1.267145,-0.054175,-0.187812,-0.019627,0.027097,-0.016873,0.005726,-0.992532,-0.121982,-0.992747,-0.120226,0.000000,0.555383,0.406572,-0.003093,0.000000,0.256273,-0.257064,0.006490
19.600,-0.564339,0.086022,1.139306,-0.596223,0.347595,1.266754,-0.053644,-0.188148,-0.019505,0.026035,-0.016708,0.006432,-0.991810,-0.127722,-0.992025,-0.126042,0.000000,0.560479,0.401460,-0.002963,0.000000,0.253336,-0.254071,0.006531
19.620,-0.563814,0.082033,1.139306,-0.597290,0.343829,1.266365,-0.053134,-0.188481,-0.019370,0.024969,-0.016561,0.007140,-0.991050,-0.133493,-0.991265,-0.131888,0.000000,0.565515,0.396410,-0.002832,0.000000,0.250276,-0.250952,0.006548
19.640,-0.563265,0.078055,1.139306,-0.598348,0.340056,1.265979,-0.052645,-0.188810,-0.019220,0.023903,-0.016431,0.007848,-0.990251,-0.139296,-0.990465,-0.137766,0.000000,0.570489,0.391423,-0.002701,0.000000,0.247095,-0.247709,0.006542
19.660,-0.562695,0.074089,1.139307,-0.599396,0.336276,1.265596,-0.052178,-0.189138,-0.019056,0.022846,-0.016319,0.008556,-0.989412,-0.145132,-0.989625,-0.143677,0.000000,0.575398,0.386502,-0.002570,0.000000,0.243794,-0.244344,0.006512
19.680,-0.562103,0.070135,1.139308,-0.600435,0.332490,1.265217,-0.051731,-0.189463,-0.018878,0.021802,-0.016224,0.009263,-0.988533,-0.151004,-0.988743,-0.149624,0.000000,0.580240,0.381650,-0.002441,0.000000,0.240375,-0.240857,0.006459
19.700,-0.561489,0.066194,1.139309,-0.601466,0.328698,1.264841,-0.051305,-0.189787,-0.018685,0.020777,-0.016147,0.009968,-0.987612,-0.156913,-0.987819,-0.155607,0.000000,0.585012,0.376869,-0.002312,0.000000,0.236840,-0.237251,0.006382
19.720,-0.560854,0.062267,1.139310,-0.602488,0.324899,1.264470,-0.050900,-0.190109,-0.018479,0.019778,-0.016087,0.010671,-0.986649,-0.162862,-0.986852,-0.161628,0.000000,0.589713,0.372161,-0.002186,0.000000,0.233190,-0.233526,0.006284
19.740,-0.560197,0.058353,1.139311,-0.603502,0.321093,1.264102,-0.050514,-0.190431,-0.018258,0.018810,-0.016046,0.011370,-0.985642,-0.168851,-0.985840,-0.167688,0.000000,0.594339,0.367529,-0.002061,0.000000,0.229428,-0.229686,0.006164
19.760,-0.559518,0.054454,1.139312,-0.604508,0.317281,1.263739,-0.050147,-0.190751,-0.018024,0.017878,-0.016023,0.012066,-0.984589,-0.174882,-0.984783,-0.173790,0.000000,0.598889,0.362974,-0.001939,0.000000,0.225554,-0.225729,0.006026
19.780,-0.558818,0.050569,1.139313,-0.605508,0.313463,1.263381,-0.049799,-0.191072,-0.017776,0.016987,-0.016018,0.012757,-0.983491,-0.180958,-0.983679,-0.179933,0.000000,0.603361,0.358500,-0.001820,0.000000,0.221571,-0.221660,0.005871
19.800,-0.558097,0.046699,1.139315,-0.606500,0.309639,1.263028,-0.049467,-0.191392,-0.017514,0.016141,-0.016033,0.013443,-0.982345,-0.187079,-0.982527,-0.186121,0.000000,0.607751,0.354109,-0.001704,0.000000,0.217481,-0.217478,0.005701
19.820,-0.557354,0.042845,1.139316,-0.607487,0.305808,1.262681,-0.049153,-0.191713,-0.017238,0.015344,-0.016068,0.014123,-0.981150,-0.193248,-0.981326,-0.192354,0.000000,0.612059,0.349802,-0.001592,0.000000,0.213286,-0.213187,0.005519
19.840,-0.556590,0.039007,1.139318,-0.608467,0.301970,1.262339,-0.048853,-0.192035,-0.016949,0.014600,-0.016125,0.014795,-0.979905,-0.199466,-0.980074,-0.198635,0.000000,0.616282,0.345582,-0.001484,0.000000,0.208988,-0.208787,0.005328
19.860,-0.555805,0.035186,1.139319,-0.609441,0.298126,1.262003,-0.048568,-0.192358,-0.016646,0.013911,-0.016203,0.015461,-0.978608,-0.205735,-0.978770,-0.204963,0.000000,0.620418,0.341451,-0.001379,0.000000,0.204588,-0.204280,0.005131
19.880,-0.554999,0.031382,1.139320,-0.610410,0.294276,1.261673,-0.048297,-0.192683,-0.016331,0.013277,-0.016306,0.016119,-0.977257,-0.212056,-0.977412,-0.211342,0.000000,0.624465,0.337411,-0.001278,0.000000,0.200090,-0.199668,0.004933
19.900,-0.554171,0.027595,1.139321,-0.611373,0.290419,1.261350,-0.048037,-0.193011,-0.016002,0.012701,-0.016434,0.016768,-0.975852,-0.218431,-0.976000,-0.217771,0.000000,0.628421,0.333465,-0.001182,0.000000,0.195495,-0.194953,0.004736
19.920,-0.553323,0.023827,1.139322,-0.612331,0.286555,1.261033,-0.047788,-0.193341,-0.015660,0.012181,-0.016589,0.017408,-0.974391,-0.224861,-0.974531,-0.224254,0.000000,0.632284,0.329614,-0.001089,0.000000,0.190805,-0.190137,0.004546
19.940,-0.552452,0.020077,1.139323,-0.613284,0.282685,1.260724,-0.047549,-0.193674,-0.015305,0.011716,-0.016774,0.018039,-0.972871,-0.231347,-0.973003,-0.230791,0.000000,0.636053,0.325860,-0.001000,0.000000,0.186024,-0.185221,0.004367
19.960,-0.551561,0.016346,1.139323,-0.614233,0.278808,1.260421,-0.047319,-0.194012,-0.014938,0.011305,-0.016990,0.018659,-0.971292,-0.237891,-0.971416,-0.237383,0.000000,0.639725,0.322206,-0.000914,0.000000,0.181153,-0.180208,0.004202
19.980,-0.550648,0.012634,1.139323,-0.615177,0.274925,1.260126,-0.047097,-0.194354,-0.014559,0.010943,-0.017241,0.019269,-0.969651,-0.244494,-0.969767,-0.244033,0.000000,0.643298,0.318653,-0.000832,0.000000,0.176194,-0.175099,0.004056
20.000,-0.549714,0.008943,1.139323,-0.616117,0.271034,1.259839,-0.046881,-0.194702,-0.014168,0.010628,-0.017529,0.019868,-0.967946,-0.251157,-0.968054,-0.250741,0.000000,0.646772,0.315202,-0.000752,0.000000,0.171151,-0.169897,0.003931
20.020,-0.548758,0.005271,1.139323,-0.617053,0.267137,1.259560,-0.046671,-0.195056,-0.013765,0.010355,-0.017857,0.020455,-0.966177,-0.257881,-0.966276,-0.257508,0.000000,0.650144,0.311857,-0.000674,0.000000,0.166026,-0.164604,0.003830
20.040,-0.547780,0.001621,1.139322,-0.617984,0.263232,1.259288,-0.046467,-0.195416,-0.013350,0.010118,-0.018228,0.021031,-0.964340,-0.264667,-0.964430,-0.264337,0.000000,0.653412,0.308619,-0.000598,0.000000,0.160820,-0.159221,0.003754
20.060,-0.546780,-0.002008,1.139321,-0.618911,0.259320,1.259026,-0.046266,-0.195785,-0.012923,0.009913,-0.018645,0.021594,-0.962434,-0.271517,-0.962515,-0.271229,0.000000,0.656576,0.305489,-0.000524,0.000000,0.155538,-0.153751,0.003705
20.080,-0.545759,-0.005615,1.139320,-0.619835,0.255400,1.258772,-0.046070,-0.196163,-0.012486,0.009735,-0.019111,0.022144,-0.960456,-0.278431,-0.960528,-0.278184,0.000000,0.659633,0.302469,-0.000450,0.000000,0.150180,-0.148195,0.003685
20.100,-0.544715,-0.009199,1.139318,-0.620754,0.251473,1.258526,-0.045877,-0.196550,-0.012038,0.009577,-0.019630,0.022681,-0.958405,-0.285410,-0.958467,-0.285204,0.000000,0.662583,0.299562,-0.000376,0.000000,0.144750,-0.142557,0.003694
20.120,-0.543649,-0.012761,1.139316,-0.621670,0.247538,1.258290,-0.045687,-0.196948,-0.011579,0.009435,-0.020204,0.023205,-0.956279,-0.292456,-0.956329,-0.292291,0.000000,0.665423,0.296768,-0.000302,0.000000,0.139251,-0.136839,0.003732
20.140,-0.542561,-0.016300,1.139314,-0.622582,0.243595,1.258063,-0.045499,-0.197358,-0.011110,0.009302,-0.020837,0.023714,-0.954075,-0.299569,-0.954113,-0.299445,0.000000,0.668152,0.294089,-0.000227,0.000000,0.133684,-0.131042,0.003799
20.160,-0.541450,-0.019815,1.139311,-0.623490,0.239644,1.257846,-0.045315,-0.197782,-0.010630,0.009174,-0.021530,0.024209,-0.951790,-0.306750,-0.951816,-0.306669,0.000000,0.670770,0.291526,-0.000150,0.000000,0.128054,-0.125170,0.003894
20.180,-0.540317,-0.023306,1.139308,-0.624394,0.235684,1.257638,-0.045132,-0.198220,-0.010141,0.009045,-0.022289,0.024689,-0.949423,-0.314000,-0.949436,-0.313962,0.000000,0.673274,0.289082,-0.000071,0.000000,0.122361,-0.119224,0.004015
20.200,-0.539161,-0.026773,1.139305,-0.625295,0.231715,1.257440,-0.044953,-0.198674,-0.009643,0.008912,-0.023114,0.025154,-0.946970,-0.321321,-0.946968,-0.321327,0.000000,0.675664,0.286758,0.000011,0.000000,0.116610,-0.113207,0.004162
20.220,-0.537983,-0.030215,1.139302,-0.626192,0.227737,1.257252,-0.044776,-0.199145,-0.009135,0.008770,-0.024009,0.025603,-0.944430,-0.328712,-0.944412,-0.328764,0.000000,0.677938,0.284555,0.000096,0.000000,0.110802,-0.107121,0.004331
20.240,-0.536781,-0.033632,1.139299,-0.627086,0.223749,1.257075,-0.044602,-0.199635,-0.008619,0.008616,-0.024975,0.026036,-0.941800,-0.336175,-0.941764,-0.336274,0.000000,0.680096,0.282474,0.000184,0.000000,0.104941,-0.100970,0.004520
20.260,-0.535557,-0.037022,1.139296,-0.627976,0.219751,1.256908,-0.044431,-0.200145,-0.008094,0.008448,-0.026016,0.026451,-0.939076,-0.343711,-0.939021,-0.343860,0.000000,0.682135,0.280516,0.000277,0.000000,0.099029,-0.094755,0.004726
20.280,-0.534310,-0.040387,1.139294,-0.628863,0.215743,1.256751,-0.044264,-0.200676,-0.007561,0.008266,-0.027132,0.026850,-0.936255,-0.351320,-0.936180,-0.351520,0.000000,0.684056,0.278684,0.000373,0.000000,0.093069,-0.088479,0.004945
20.300,-0.533040,-0.043726,1.139291,-0.629747,0.211724,1.256605,-0.044101,-0.201230,-0.007020,0.008068,-0.028326,0.027230,-0.933336,-0.359005,-0.933238,-0.359258,0.000000,0.685858,0.276977,0.000475,0.000000,0.087064,-0.082145,0.005174
20.320,-0.531748,-0.047037,1.139288,-0.630627,0.207694,1.256470,-0.043942,-0.201809,-0.006472,0.007856,-0.029598,0.027592,-0.930314,-0.366764,-0.930192,-0.367073,0.000000,0.687539,0.275398,0.000580,0.000000,0.081017,-0.075756,0.005406
20.340,-0.530432,-0.050322,1.139286,-0.631505,0.203652,1.256346,-0.043787,-0.202415,-0.005917,0.007631,-0.030949,0.027935,-0.927186,-0.374601,-0.927038,-0.374967,0.000000,0.689098,0.273948,0.000691,0.000000,0.074930,-0.069314,0.005639
20.360,-0.529094,-0.053579,1.139285,-0.632379,0.199597,1.256234,-0.043637,-0.203048,-0.005355,0.007398,-0.032380,0.028258,-0.923949,-0.382515,-0.923773,-0.382940,0.000000,0.690536,0.272626,0.000806,0.000000,0.068808,-0.062822,0.005865
20.380,-0.527733,-0.056808,1.139284,-0.633250,0.195529,1.256132,-0.043491,-0.203711,-0.004786,0.007162,-0.033891,0.028560,-0.920600,-0.390507,-0.920393,-0.390993,0.000000,0.691850,0.271435,0.000925,0.000000,0.062652,-0.056283,0.006079
20.400,-0.526350,-0.060009,1.139283,-0.634119,0.191448,1.256042,-0.043350,-0.204404,-0.004212,0.006930,-0.035481,0.028840,-0.917134,-0.398579,-0.916895,-0.399128,0.000000,0.693042,0.270375,0.001049,0.000000,0.056465,-0.049699,0.006274
20.420,-0.524944,-0.063181,1.139283,-0.634984,0.187353,1.255964,-0.043214,-0.205130,-0.003633,0.006710,-0.037149,0.029099,-0.913548,-0.406731,-0.913275,-0.407344,0.000000,0.694109,0.269447,0.001176,0.000000,0.050251,-0.043075,0.006444
20.440,-0.523516,-0.066325,1.139284,-0.635847,0.183243,1.255897,-0.043081,-0.205891,-0.003049,0.006513,-0.038893,0.029334,-0.909838,-0.414964,-0.909528,-0.415642,0.000000,0.695051,0.268652,0.001306,0.000000,0.044013,-0.036412,0.006582
20.460,-0.522066,-0.069439,1.139285,-0.636707,0.179117,1.255842,-0.042953,-0.206687,-0.002460,0.006352,-0.040712,0.029545,-0.905999,-0.423280,-0.905651,-0.424024,0.000000,0.695869,0.267991,0.001439,0.000000,0.037754,-0.029713,0.006680
20.480,-0.520594,-0.072523,1.139287,-0.637565,0.174975,1.255799,-0.042827,-0.207520,-0.001867,0.006239,-0.042603,0.029731,-0.902027,-0.431679,-0.901640,-0.432488,0.000000,0.696561,0.267464,0.001573,0.000000,0.031476,-0.022983,0.006734
20.500,-0.519101,-0.075578,1.139290,-0.638421,0.170816,1.255767,-0.042703,-0.208391,-0.001271,0.006190,-0.044563,0.029891,-0.897918,-0.440163,-0.897489,-0.441037,0.000000,0.697128,0.267072,0.001708,0.000000,0.025183,-0.016225,0.006738
20.520,-0.517586,-0.078602,1.139293,-0.639273,0.166639,1.255748,-0.042579,-0.209303,-0.000671,0.006221,-0.046588,0.030023,-0.893667,-0.448731,-0.893195,-0.449669,0.000000,0.697569,0.266815,0.001843,0.000000,0.018877,-0.009441,0.006687
20.540,-0.516049,-0.081595,1.139297,-0.640124,0.162444,1.255740,-0.042453,-0.210255,-0.000070,0.006349,-0.048674,0.030128,-0.889269,-0.457385,-0.888754,-0.458385,0.000000,0.697883,0.266694,0.001975,0.000000,0.012563,-0.002637,0.006577
20.560,-0.514492,-0.084557,1.139301,-0.640972,0.158229,1.255745,-0.042324,-0.211250,0.000533,0.006592,-0.050815,0.030204,-0.884719,-0.466125,-0.884159,-0.467185,0.000000,0.698071,0.266710,0.002105,0.000000,0.006242,0.004185,0.006403
20.580,-0.512913,-0.087488,1.139306,-0.641817,0.153993,1.255762,-0.042189,-0.212288,0.001138,0.006967,-0.053005,0.030249,-0.880012,-0.474952,-0.879408,-0.476069,0.000000,0.698133,0.266862,0.002231,0.000000,-0.000082,0.011020,0.006163
20.600,-0.511315,-0.090387,1.139311,-0.642659,0.149737,1.255791,-0.042044,-0.213370,0.001743,0.007493,-0.055239,0.030263,-0.875142,-0.483866,-0.874494,-0.485036,0.000000,0.698068,0.267151,0.002351,0.000000,-0.006407,0.017863,0.005853
20.620,-0.509695,-0.093253,1.139316,-0.643498,0.145458,1.255832,-0.041888,-0.214498,0.002348,0.008188,-0.057510,0.030246,-0.870105,-0.492866,-0.869413,-0.494085,0.000000,0.697876,0.267576,0.002465,0.000000,-0.012728,0.024712,0.005471
20.640,-0.508056,-0.096087,1.139322,-0.644334,0.141157,1.255885,-0.041716,-0.215671,0.002953,0.009071,-0.059808,0.030195,-0.864895,-0.501953,-0.864160,-0.503216,0.000000,0.697559,0.268139,0.002570,0.000000,-0.019043,0.031560,0.005015
20.660,-0.506397,-0.098888,1.139328,-0.645167,0.136831,1.255950,-0.041524,-0.216890,0.003556,0.010159,-0.062127,0.030111,-0.859505,-0.511127,-0.858730,-0.512428,0.000000,0.697115,0.268839,0.002665,0.000000,-0.025350,0.038404,0.004484
20.680,-0.504719,-0.101655,1.139333,-0.645995,0.132481,1.256027,-0.041308,-0.218156,0.004157,0.011471,-0.064456,0.029993,-0.853931,-0.520386,-0.853118,-0.521718,0.000000,0.696545,0.269675,0.002748,0.000000,-0.031645,0.045238,0.003877
20.700,-0.503021,-0.104389,1.139339,-0.646819,0.128105,1.256116,-0.041063,-0.219469,0.004755,0.013022,-0.066786,0.029839,-0.848167,-0.529729,-0.847318,-0.531086,0.000000,0.695849,0.270648,0.002819,0.000000,-0.037924,0.052059,0.003193
20.720,-0.501304,-0.107088,1.139344,-0.647638,0.123702,1.256217,-0.040785,-0.220827,0.005350,0.014829,-0.069105,0.029650,-0.842206,-0.539156,-0.841325,-0.540529,0.000000,0.695028,0.271757,0.002876,0.000000,-0.044186,0.058859,0.002433
20.740,-0.499568,-0.109753,1.139348,-0.648450,0.119271,1.256330,-0.040468,-0.222233,0.005941,0.016905,-0.071403,0.029425,-0.836043,-0.548664,-0.835134,-0.550046,0.000000,0.694082,0.273002,0.002916,0.000000,-0.050427,0.065636,0.001598
20.760,-0.497813,-0.112383,1.139352,-0.649256,0.114812,1.256455,-0.040107,-0.223683,0.006527,0.019265,-0.073666,0.029163,-0.829672,-0.558251,-0.828740,-0.559633,0.000000,0.693011,0.274383,0.002939,0.000000,-0.056644,0.072382,0.000687
20.780,-0.496039,-0.114978,1.139356,-0.650054,0.110324,1.256591,-0.039696,-0.225179,0.007107,0.021920,-0.075880,0.028864,-0.823086,-0.567916,-0.822138,-0.569288,0.000000,0.691816,0.275898,0.002943,0.000000,-0.062833,0.079092,-0.000296
20.800,-0.494247,-0.117538,1.139358,-0.650843,0.105805,1.256739,-0.039228,-0.226718,0.007681,0.024880,-0.078033,0.028529,-0.816281,-0.577655,-0.815322,-0.579008,0.000000,0.690498,0.277546,0.002927,0.000000,-0.068993,0.085762,-0.001350
20.820,-0.492436,-0.120061,1.139360,-0.651623,0.101255,1.256898,-0.038699,-0.228300,0.008248,0.028153,-0.080108,0.028157,-0.809249,-0.587466,-0.808287,-0.588789,0.000000,0.689057,0.279328,0.002889,0.000000,-0.075120,0.092384,-0.002472
20.840,-0.490607,-0.122548,1.139360,-0.652391,0.096672,1.257069,-0.038100,-0.229922,0.008807,0.031744,-0.082090,0.027748,-0.801985,-0.597344,-0.801028,-0.598627,0.000000,0.687493,0.281241,0.002827,0.000000,-0.081211,0.098954,-0.003659
20.860,-0.488759,-0.124999,1.139359,-0.653146,0.092057,1.257250,-0.037427,-0.231583,0.009358,0.035658,-0.083962,0.027303,-0.794483,-0.607286,-0.793540,-0.608518,0.000000,0.685809,0.283285,0.002742,0.000000,-0.087262,0.105464,-0.004908
20.880,-0.486893,-0.127413,1.139357,-0.653887,0.087409,1.257443,-0.036672,-0.233279,0.009899,0.039895,-0.085706,0.026822,-0.786738,-0.617287,-0.785819,-0.618457,0.000000,0.684003,0.285459,0.002631,0.000000,-0.093272,0.111909,-0.006213
20.900,-0.485008,-0.129789,1.139354,-0.654613,0.082726,1.257646,-0.035829,-0.235010,0.010431,0.044453,-0.087302,0.026306,-0.778743,-0.627343,-0.777858,-0.628440,0.000000,0.682078,0.287761,0.002493,0.000000,-0.099236,0.118282,-0.007572
20.920,-0.483105,-0.132128,1.139350,-0.655320,0.078008,1.257860,-0.034891,-0.236770,0.010951,0.049328,-0.088731,0.025756,-0.770494,-0.637447,-0.769655,-0.638460,0.000000,0.680034,0.290190,0.002327,0.000000,-0.105152,0.124576,-0.008978
20.940,-0.481182,-0.134430,1.139345,-0.656008,0.073255,1.258084,-0.033853,-0.238558,0.011461,0.054512,-0.089973,0.025173,-0.761985,-0.647595,-0.761204,-0.648513,0.000000,0.677872,0.292744,0.002134,0.000000,-0.111017,0.130786,-0.010426
20.960,-0.479241,-0.136694,1.139338,-0.656673,0.068466,1.258318,-0.032709,-0.240368,0.011958,0.059993,-0.091006,0.024558,-0.753211,-0.657779,-0.752501,-0.658591,0.000000,0.675594,0.295421,0.001910,0.000000,-0.116828,0.136905,-0.011910
20.980,-0.477280,-0.138919,1.139331,-0.657315,0.063640,1.258563,-0.031452,-0.242197,0.012443,0.065759,-0.091807,0.023912,-0.744167,-0.667993,-0.743542,-0.668689,0.000000,0.673200,0.298219,0.001657,0.000000,-0.122583,0.142927,-0.013426
21.000,-0.475300,-0.141107,1.139323,-0.657931,0.058778,1.258816,-0.030077,-0.244039,0.012914,0.071793,-0.092354,0.023238,-0.734849,-0.678230,-0.734323,-0.678800,0.000000,0.670691,0.301137,0.001373,0.000000,-0.128277,0.148847,-0.014968
21.020,-0.473301,-0.143255,1.139314,-0.658517,0.053879,1.259079,-0.028578,-0.245889,0.013372,0.078078,-0.092625,0.022537,-0.725253,-0.688482,-0.724841,-0.688916,0.000000,0.668069,0.304173,0.001058,0.000000,-0.133909,0.154660,-0.016530
21.040,-0.471281,-0.145366,1.139305,-0.659073,0.048942,1.259351,-0.026952,-0.247742,0.013816,0.084592,-0.092597,0.021811,-0.715375,-0.698741,-0.715093,-0.699029,0.000000,0.665335,0.307323,0.000712,0.000000,-0.139475,0.160360,-0.018106
21.060,-0.469241,-0.147437,1.139296,-0.659595,0.043969,1.259632,-0.025193,-0.249591,0.014244,0.091313,-0.092247,0.021062,-0.705211,-0.708998,-0.705076,-0.709132,0.000000,0.662490,0.310586,0.000334,0.000000,-0.144974,0.165944,-0.019691
21.080,-0.467181,-0.149469,1.139287,-0.660080,0.038959,1.259921,-0.023298,-0.251429,0.014658,0.098218,-0.091555,0.020291,-0.694758,-0.719243,-0.694787,-0.719215,0.000000,0.659536,0.313960,-0.000076,0.000000,-0.150401,0.171407,-0.021279
21.100,-0.465101,-0.151462,1.139278,-0.660526,0.033912,1.260218,-0.021264,-0.253250,0.015056,0.105280,-0.090499,0.019502,-0.684014,-0.729469,-0.684225,-0.729271,0.000000,0.656475,0.317442,-0.000517,0.000000,-0.155756,0.176745,-0.022864
21.120,-0.462999,-0.153415,1.139270,-0.660929,0.028829,1.260523,-0.019086,-0.255047,0.015438,0.112472,-0.089059,0.018696,-0.672977,-0.739663,-0.673387,-0.739291,0.000000,0.653307,0.321029,-0.000990,0.000000,-0.161034,0.181955,-0.024441
21.140,-0.460876,-0.155329,1.139262,-0.661288,0.023710,1.260835,-0.016764,-0.256810,0.015804,0.119767,-0.087216,0.017875,-0.661645,-0.749817,-0.662272,-0.749264,0.000000,0.650034,0.324719,-0.001495,0.000000,-0.166235,0.187032,-0.026002
21.160,-0.458733,-0.157203,1.139256,-0.661599,0.018557,1.261155,-0.014295,-0.258532,0.016153,0.127135,-0.084952,0.017042,-0.650017,-0.759920,-0.650880,-0.759181,0.000000,0.646658,0.328509,-0.002030,0.000000,-0.171354,0.191976,-0.027544
21.180,-0.456567,-0.159037,1.139250,-0.661859,0.013369,1.261481,-0.011678,-0.260205,0.016485,0.134546,-0.082250,0.016200,-0.638092,-0.769960,-0.639211,-0.769032,0.000000,0.643180,0.332397,-0.002596,0.000000,-0.176390,0.196781,-0.029058
21.200,-0.454380,-0.160830,1.139245,-0.662065,0.008149,1.261814,-0.008913,-0.261819,0.016801,0.141969,-0.079098,0.015350,-0.625872,-0.779926,-0.627264,-0.778806,0.000000,0.639603,0.336380,-0.003193,0.000000,-0.181340,0.201448,-0.030540
21.220,-0.452172,-0.162583,1.139242,-0.662214,0.002897,1.262153,-0.006000,-0.263366,0.017099,0.149374,-0.075481,0.014495,-0.613356,-0.789807,-0.615042,-0.788495,0.000000,0.635927,0.340454,-0.003818,0.000000,-0.186203,0.205972,-0.031982
21.240,-0.449942,-0.164295,1.139240,-0.662304,-0.002385,1.262498,-0.002939,-0.264835,0.017381,0.156730,-0.071390,0.013636,-0.600546,-0.799590,-0.602544,-0.798085,0.000000,0.632155,0.344618,-0.004472,0.000000,-0.190975,0.210353,-0.033380
21.260,-0.447691,-0.165966,1.139240,-0.662331,-0.007696,1.262848,0.000269,-0.266218,0.017645,0.164005,-0.066816,0.012777,-0.587445,-0.809264,-0.589774,-0.807568,0.000000,0.628289,0.348867,-0.005153,0.000000,-0.195655,0.214589,-0.034726
21.280,-0.445418,-0.167596,1.139241,-0.662292,-0.013033,1.263204,0.003621,-0.267505,0.017892,0.171169,-0.061754,0.011920,-0.574056,-0.818816,-0.576735,-0.816932,0.000000,0.624330,0.353200,-0.005860,0.000000,-0.200240,0.218680,-0.036014
21.300,-0.443123,-0.169184,1.139244,-0.662185,-0.018395,1.263564,0.007115,-0.268685,0.018122,0.178191,-0.056202,0.011066,-0.560381,-0.828235,-0.563429,-0.826165,0.000000,0.620280,0.357613,-0.006593,0.000000,-0.204728,0.222623,-0.037238
21.320,-0.440808,-0.170730,1.139249,-0.662007,-0.023780,1.263928,0.010747,-0.269750,0.018334,0.185041,-0.050159,0.010219,-0.546428,-0.837506,-0.549861,-0.835256,0.000000,0.616141,0.362104,-0.007349,0.000000,-0.209118,0.226420,-0.038391
21.340,-0.438471,-0.172234,1.139255,-0.661754,-0.029184,1.264297,0.014515,-0.270688,0.018530,0.191690,-0.043629,0.009378,-0.532199,-0.846619,-0.536036,-0.844195,0.000000,0.611916,0.366669,-0.008128,0.000000,-0.213406,0.230069,-0.039467
21.360,-0.436114,-0.173696,1.139262,-0.661425,-0.034607,1.264669,0.018413,-0.271492,0.018710,0.198109,-0.036620,0.008547,-0.517703,-0.855560,-0.521960,-0.852970,0.000000,0.607606,0.371306,-0.008927,0.000000,-0.217591,0.233571,-0.040459
21.380,-0.433737,-0.175115,1.139271,-0.661017,-0.040043,1.265045,0.022438,-0.272150,0.018872,0.204273,-0.029140,0.007728,-0.502947,-0.864317,-0.507639,-0.861570,0.000000,0.603213,0.376011,-0.009746,0.000000,-0.221672,0.236927,-0.041361
21.400,-0.431339,-0.176492,1.139281,-0.660527,-0.045491,1.265424,0.026582,-0.272654,0.019019,0.210154,-0.021205,0.006921,-0.487938,-0.872878,-0.493081,-0.869984,0.000000,0.598740,0.380782,-0.010581,0.000000,-0.225645,0.240137,-0.042166
21.420,-0.428923,-0.177825,1.139292,-0.659953,-0.050948,1.265806,0.030842,-0.272995,0.019149,0.215730,-0.012833,0.006128,-0.472686,-0.881231,-0.478293,-0.878200,0.000000,0.594188,0.385616,-0.011432,0.000000,-0.229510,0.243202,-0.042866
21.440,-0.426487,-0.179115,1.139303,-0.659293,-0.056410,1.266190,0.035209,-0.273165,0.019264,0.220977,-0.004046,0.005350,-0.457202,-0.889363,-0.463285,-0.886209,0.000000,0.589560,0.390509,-0.012295,0.000000,-0.233265,0.246123,-0.043457
21.460,-0.424033,-0.180362,1.139315,-0.658544,-0.061874,1.266576,0.039679,-0.273155,0.019363,0.225876,0.005130,0.004589,-0.441495,-0.897264,-0.448066,-0.894000,0.000000,0.584858,0.395460,-0.013169,0.000000,-0.236907,0.248902,-0.043933
21.480,-0.421560,-0.181565,1.139327,-0.657705,-0.067335,1.266964,0.044242,-0.272957,0.019448,0.230406,0.014665,0.003845,-0.425579,-0.904921,-0.432648,-0.901563,0.000000,0.580084,0.400464,-0.014052,0.000000,-0.240435,0.251541,-0.044288
21.500,-0.419071,-0.182724,1.139339,-0.656774,-0.072791,1.267354,0.048892,-0.272566,0.019517,0.234550,0.024527,0.003119,-0.409466,-0.912325,-0.417041,-0.908888,0.000000,0.575241,0.405520,-0.014940,0.000000,-0.243848,0.254039,-0.044520
21.520,-0.416564,-0.183839,1.139350,-0.655749,-0.078236,1.267745,0.053621,-0.271974,0.019573,0.238294,0.034682,0.002412,-0.393170,-0.919466,-0.401257,-0.915966,0.000000,0.570331,0.410625,-0.015832,0.000000,-0.247143,0.256399,-0.044624
21.540,-0.414041,-0.184910,1.139360,-0.654628,-0.083668,1.268137,0.058421,-0.271177,0.019614,0.241623,0.045090,0.001724,-0.376705,-0.926333,-0.385308,-0.922788,0.000000,0.565356,0.415775,-0.016724,0.000000,-0.250320,0.258623,-0.044598
21.560,-0.411502,-0.185937,1.139369,-0.653411,-0.089082,1.268530,0.063283,-0.270169,0.019642,0.244525,0.055714,0.001056,-0.360086,-0.932919,-0.369209,-0.929346,0.000000,0.560319,0.420969,-0.017615,0.000000,-0.253376,0.260711,-0.044441
21.580,-0.408947,-0.186920,1.139377,-0.652097,-0.094474,1.268923,0.068199,-0.268947,0.019656,0.246989,0.066510,0.000408,-0.343328,-0.939216,-0.352973,-0.935634,0.000000,0.555222,0.426203,-0.018501,0.000000,-0.256311,0.262664,-0.044151
21.600,-0.406377,-0.187858,1.139384,-0.650683,-0.099838,1.269316,0.073160,-0.267508,0.019658,0.249007,0.077437,-0.000221,-0.326448,-0.945215,-0.336614,-0.941643,0.000000,0.550068,0.431475,-0.019380,0.000000,-0.259122,0.264485,-0.043728
21.620,-0.403792,-0.188752,1.139389,-0.649170,-0.105172,1.269709,0.078157,-0.265849,0.019648,0.250572,0.088451,-0.000829,-0.309462,-0.950912,-0.320146,-0.947368,0.000000,0.544858,0.436781,-0.020249,0.000000,-0.261809,0.266176,-0.043173
21.640,-0.401193,-0.189602,1.139392,-0.647557,-0.110471,1.270102,0.083180,-0.263970,0.019625,0.251678,0.099506,-0.001418,-0.292388,-0.956300,-0.303585,-0.952804,0.000000,0.539596,0.442121,-0.021106,0.000000,-0.264370,0.267736,-0.042487
21.660,-0.398578,-0.190407,1.139393,-0.645843,-0.115730,1.270494,0.088221,-0.261869,0.019591,0.252323,0.110559,-0.001987,-0.275241,-0.961375,-0.286946,-0.957947,0.000000,0.534284,0.447490,-0.021948,0.000000,-0.266804,0.269169,-0.041672
21.680,-0.395950,-0.191167,1.139392,-0.644028,-0.120944,1.270885,0.093270,-0.259547,0.019546,0.252503,0.121564,-0.002535,-0.258041,-0.966134,-0.270244,-0.962792,0.000000,0.528925,0.452887,-0.022772,0.000000,-0.269110,0.270476,-0.040730
21.700,-0.393307,-0.191884,1.139390,-0.642112,-0.126110,1.271275,0.098318,-0.257007,0.019490,0.252220,0.132476,-0.003065,-0.240803,-0.970574,-0.253496,-0.967336,0.000000,0.523521,0.458308,-0.023576,0.000000,-0.271287,0.271659,-0.039665
21.720,-0.390649,-0.192555,1.139386,-0.640095,-0.131223,1.271665,0.103355,-0.254249,0.019423,0.251475,0.143251,-0.003575,-0.223547,-0.974693,-0.236716,-0.971579,0.000000,0.518074,0.463752,-0.024358,0.000000,-0.273333,0.272718,-0.038481
21.740,-0.387977,-0.193183,1.139380,-0.637978,-0.136279,1.272052,0.108374,-0.251278,0.019347,0.250272,0.153847,-0.004067,-0.206288,-0.978491,-0.219921,-0.975518,0.000000,0.512588,0.469216,-0.025114,0.000000,-0.275248,0.273657,-0.037184
21.760,-0.385290,-0.193766,1.139372,-0.635760,-0.141273,1.272438,0.113363,-0.248097,0.019261,0.248614,0.164220,-0.004540,-0.189046,-0.981968,-0.203126,-0.979153,0.000000,0.507065,0.474698,-0.025844,0.000000,-0.277030,0.274476,-0.035777
21.780,-0.382589,-0.194304,1.139363,-0.633444,-0.146201,1.272823,0.118315,-0.244711,0.019165,0.246511,0.174330,-0.004996,-0.171837,-0.985125,-0.186347,-0.982484,0.000000,0.501508,0.480194,-0.026545,0.000000,-0.278678,0.275178,-0.034269
21.800,-0.379872,-0.194797,1.139354,-0.631028,-0.151060,1.273205,0.123221,-0.241126,0.019061,0.243970,0.184140,-0.005434,-0.154677,-0.987965,-0.169599,-0.985513,0.000000,0.495919,0.485704,-0.027214,0.000000,-0.280193,0.275765,-0.032666
21.820,-0.377140,-0.195247,1.139343,-0.628515,-0.155845,1.273585,0.128071,-0.237348,0.018948,0.241001,0.193613,-0.005855,-0.137583,-0.990490,-0.152897,-0.988242,0.000000,0.490301,0.491224,-0.027851,0.000000,-0.281572,0.276238,-0.030976
21.840,-0.374392,-0.195651,1.139331,-0.625906,-0.160553,1.273963,0.132858,-0.233384,0.018827,0.237618,0.202716,-0.006259,-0.120572,-0.992705,-0.136255,-0.990674,0.000000,0.484657,0.496753,-0.028453,0.000000,-0.282815,0.276599,-0.029207
21.860,-0.371627,-0.196011,1.139319,-0.623201,-0.165179,1.274338,0.137573,-0.229242,0.018698,0.233834,0.211418,-0.006648,-0.103658,-0.994613,-0.119689,-0.992811,0.000000,0.478989,0.502287,-0.029019,0.000000,-0.283922,0.276851,-0.027370
21.880,-0.368847,-0.196327,1.139308,-0.620403,-0.169721,1.274711,0.142209,-0.224930,0.018561,0.229665,0.219691,-0.007022,-0.086856,-0.996221,-0.103211,-0.994659,0.000000,0.473301,0.507826,-0.029547,0.000000,-0.284891,0.276994,-0.025473
21.900,-0.366049,-0.196597,1.139296,-0.617513,-0.174175,1.275081,0.146757,-0.220457,0.018417,0.225129,0.227512,-0.007380,-0.070181,-0.997534,-0.086835,-0.996223,0.000000,0.467595,0.513367,-0.030037,0.000000,-0.285723,0.277033,-0.023528
21.920,-0.363235,-0.196823,1.139285,-0.614534,-0.178538,1.275447,0.151212,-0.215832,0.018266,0.220245,0.234862,-0.007725,-0.053645,-0.998560,-0.070574,-0.997507,0.000000,0.461873,0.518907,-0.030488,0.000000,-0.286416,0.276968,-0.021546
21.940,-0.360403,-0.197004,1.139274,-0.611466,-0.182808,1.275811,0.155565,-0.211066,0.018108,0.215033,0.241724,-0.008055,-0.037262,-0.999306,-0.054439,-0.998517,0.000000,0.456139,0.524445,-0.030899,0.000000,-0.286969,0.276801,-0.019538
21.960,-0.357553,-0.197140,1.139265,-0.608312,-0.186980,1.276172,0.159811,-0.206167,0.017944,0.209518,0.248086,-0.008372,-0.021042,-0.999779,-0.038441,-0.999261,0.000000,0.450395,0.529978,-0.031270,0.000000,-0.287384,0.276534,-0.017516
21.980,-0.354685,-0.197231,1.139256,-0.605074,-0.191053,1.276529,0.163944,-0.201146,0.017773,0.203722,0.253941,-0.008676,-0.004996,-0.999988,-0.022592,-0.999745,0.000000,0.444645,0.535505,-0.031600,0.000000,-0.287658,0.276169,-0.015488
22.000,-0.351798,-0.197276,1.139249,-0.601755,-0.195025,1.276883,0.167958,-0.196013,0.017597,0.197671,0.259283,-0.008967,0.010864,-0.999941,-0.006900,-0.999976,0.000000,0.438890,0.541024,-0.031889,0.000000,-0.287793,0.275707,-0.013464
22.020,-0.348894,-0.197276,1.139243,-0.598356,-0.198893,1.277233,0.171849,-0.190778,0.017415,0.191390,0.264111,-0.009246,0.026531,-0.999648,0.008624,-0.999963,0.000000,0.433134,0.546533,-0.032138,0.000000,-0.287787,0.275150,-0.011453
22.040,-0.345971,-0.197231,1.139239,-0.594882,-0.202656,1.277579,0.175612,-0.185452,0.017227,0.184908,0.268427,-0.009513,0.041997,-0.999118,0.023972,-0.999713,0.000000,0.427379,0.552030,-0.032347,0.000000,-0.287641,0.274498,-0.009464
22.060,-0.343029,-0.197141,1.139237,-0.591333,-0.206311,1.277922,0.179244,-0.180044,0.017034,0.178252,0.272233,-0.009769,0.057252,-0.998360,0.039137,-0.999234,0.000000,0.421629,0.557512,-0.032517,0.000000,-0.287355,0.273752,-0.007505
22.080,-0.340069,-0.197005,1.139236,-0.587713,-0.209857,1.278260,0.182742,-0.174566,0.016837,0.171449,0.275538,-0.010013,0.072291,-0.997384,0.054111,-0.998535,0.000000,0.415886,0.562979,-0.032648,0.000000,-0.286929,0.272914,-0.005581
22.100,-0.337090,-0.196823,1.139236,-0.584024,-0.213293,1.278595,0.186102,-0.169026,0.016634,0.164529,0.278351,-0.010247,0.087108,-0.996199,0.068887,-0.997624,0.000000,0.410153,0.568428,-0.032741,0.000000,-0.286363,0.271983,-0.003701
22.120,-0.334093,-0.196595,1.139239,-0.580270,-0.216618,1.278926,0.189322,-0.163435,0.016427,0.157519,0.280682,-0.010470,0.101697,-0.994815,0.083460,-0.996511,0.000000,0.404432,0.573858,-0.032796,0.000000,-0.285657,0.270961,-0.001871
22.140,-0.331078,-0.196322,1.139242,-0.576452,-0.219830,1.279252,0.192402,-0.157802,0.016215,0.150448,0.282546,-0.010683,0.116053,-0.993243,0.097823,-0.995204,0.000000,0.398727,0.579266,-0.032816,0.000000,-0.284812,0.269846,-0.000095
22.160,-0.328045,-0.196004,1.139247,-0.572575,-0.222930,1.279574,0.195340,-0.152136,0.015999,0.143345,0.283957,-0.010886,0.130173,-0.991491,0.111973,-0.993711,0.000000,0.393041,0.584651,-0.032800,0.000000,-0.283828,0.268640,0.001621
22.180,-0.324994,-0.195639,1.139254,-0.568640,-0.225915,1.279892,0.198136,-0.146446,0.015780,0.136237,0.284932,-0.011079,0.144054,-0.989570,0.125906,-0.992042,0.000000,0.387375,0.590011,-0.032751,0.000000,-0.282706,0.267342,0.003272
22.200,-0.321927,-0.195229,1.139261,-0.564650,-0.228787,1.280206,0.200789,-0.140742,0.015556,0.129152,0.285489,-0.011263,0.157692,-0.987488,0.139616,-0.990206,0.000000,0.381733,0.595344,-0.032670,0.000000,-0.281447,0.265952,0.004855
22.220,-0.318842,-0.194774,1.139269,-0.560609,-0.231545,1.280514,0.203302,-0.135029,0.015329,0.122115,0.285648,-0.011437,0.171086,-0.985256,0.153102,-0.988210,0.000000,0.376118,0.600648,-0.032558,0.000000,-0.280050,0.264470,0.006366
22.240,-0.315741,-0.194273,1.139278,-0.556519,-0.234189,1.280819,0.205675,-0.129318,0.015099,0.115153,0.285429,-0.011603,0.184234,-0.982882,0.166361,-0.986065,0.000000,0.370532,0.605922,-0.032416,0.000000,-0.278517,0.262894,0.007803
22.260,-0.312624,-0.193727,1.139288,-0.552383,-0.236718,1.281118,0.207909,-0.123615,0.014865,0.108290,0.284852,-0.011760,0.197134,-0.980376,0.179391,-0.983778,0.000000,0.364979,0.611164,-0.032246,0.000000,-0.276849,0.261224,0.009163
22.280,-0.309491,-0.193136,1.139297,-0.548203,-0.239133,1.281413,0.210007,-0.117926,0.014629,0.101549,0.283939,-0.011909,0.209788,-0.977747,0.192190,-0.981358,0.000000,0.359459,0.616371,-0.032050,0.000000,-0.275046,0.259459,0.010445
22.300,-0.306343,-0.192499,1.139307,-0.543983,-0.241435,1.281703,0.211972,-0.112259,0.014389,0.094952,0.282711,-0.012049,0.222194,-0.975002,0.204756,-0.978813,0.000000,0.353978,0.621541,-0.031829,0.000000,-0.273111,0.257598,0.011647
22.320,-0.303181,-0.191818,1.139316,-0.539725,-0.243624,1.281989,0.213806,-0.106620,0.014147,0.088518,0.281192,-0.012181,0.234353,-0.972152,0.217090,-0.976151,0.000000,0.348536,0.626674,-0.031584,0.000000,-0.271043,0.255639,0.012768
22.340,-0.300004,-0.191092,1.139326,-0.535432,-0.245700,1.282269,0.215514,-0.101013,0.013902,0.082266,0.279401,-0.012306,0.246266,-0.969202,0.229192,-0.973381,0.000000,0.343137,0.631766,-0.031319,0.000000,-0.268844,0.253581,0.013810
22.360,-0.296814,-0.190322,1.139334,-0.531106,-0.247665,1.282545,0.217098,-0.095445,0.013654,0.076211,0.277362,-0.012423,0.257934,-0.966162,0.241060,-0.970510,0.000000,0.337783,0.636816,-0.031033,0.000000,-0.266516,0.251423,0.014772
22.380,-0.293610,-0.189507,1.139342,-0.526749,-0.249518,1.282815,0.218564,-0.089920,0.013405,0.070369,0.275095,-0.012533,0.269359,-0.963040,0.252695,-0.967546,0.000000,0.332477,0.641822,-0.030728,0.000000,-0.264059,0.249162,0.015655
22.400,-0.290393,-0.188647,1.139349,-0.522364,-0.251262,1.283081,0.219914,-0.084443,0.013153,0.064750,0.272619,-0.012636,0.280543,-0.959842,0.264100,-0.964495,0.000000,0.327221,0.646782,-0.030407,0.000000,-0.261476,0.246796,0.016461
22.420,-0.287164,-0.187744,1.139355,-0.517953,-0.252896,1.283342,0.221155,-0.079017,0.012900,0.059364,0.269955,-0.012732,0.291487,-0.956575,0.275273,-0.961366,0.000000,0.322019,0.651694,-0.030070,0.000000,-0.258768,0.244323,0.017192
22.440,-0.283922,-0.186797,1.139359,-0.513518,-0.254423,1.283597,0.222290,-0.073646,0.012644,0.054217,0.267121,-0.012821,0.302194,-0.953246,0.286218,-0.958165,0.000000,0.316871,0.656554,-0.029720,0.000000,-0.255936,0.241742,0.017850
22.460,-0.280668,-0.185806,1.139363,-0.509062,-0.255842,1.283847,0.223325,-0.068333,0.012387,0.049313,0.264133,-0.012904,0.312668,-0.949863,0.296935,-0.954898,0.000000,0.311782,0.661362,-0.029357,0.000000,-0.252982,0.239051,0.018438
22.480,-0.277402,-0.184771,1.139366,-0.504586,-0.257156,1.284092,0.224265,-0.063082,0.012128,0.044654,0.261010,-0.012981,0.322910,-0.946430,0.307427,-0.951572,0.000000,0.306753,0.666116,-0.028983,0.000000,-0.249907,0.236247,0.018958
22.500,-0.274124,-0.183693,1.139367,-0.500092,-0.258366,1.284332,0.225113,-0.057894,0.011868,0.040240,0.257765,-0.013051,0.332924,-0.942954,0.317695,-0.948193,0.000000,0.301787,0.670812,-0.028599,0.000000,-0.246714,0.233330,0.019412
22.520,-0.270835,-0.182572,1.139367,-0.495582,-0.259473,1.284567,0.225876,-0.052772,0.011606,0.036069,0.254413,-0.013117,0.342714,-0.939440,0.327743,-0.944767,0.000000,0.296885,0.675448,-0.028207,0.000000,-0.243404,0.230298,0.019802
22.540,-0.267534,-0.181408,1.139366,-0.491058,-0.260477,1.284797,0.226558,-0.047718,0.011343,0.032137,0.250969,-0.013176,0.352282,-0.935894,0.337572,-0.941300,0.000000,0.292051,0.680023,-0.027807,0.000000,-0.239979,0.227151,0.020131
22.560,-0.264222,-0.180200,1.139364,-0.486520,-0.261382,1.285021,0.227163,-0.042733,0.011079,0.028439,0.247445,-0.013231,0.361632,-0.932321,0.347187,-0.937796,0.000000,0.287287,0.684533,-0.027402,0.000000,-0.236439,0.223887,0.020401
22.580,-0.260898,-0.178950,1.139361,-0.481972,-0.262187,1.285240,0.227697,-0.037820,0.010814,0.024967,0.243853,-0.013280,0.370769,-0.928725,0.356589,-0.934261,0.000000,0.282594,0.688977,-0.026992,0.000000,-0.232788,0.220506,0.020614
22.600,-0.257563,-0.177657,1.139357,-0.477413,-0.262895,1.285453,0.228163,-0.032980,0.010548,0.021714,0.240203,-0.013325,0.379695,-0.925112,0.365781,-0.930701,0.000000,0.277976,0.693353,-0.026578,0.000000,-0.229026,0.217008,0.020774
22.620,-0.254216,-0.176321,1.139353,-0.472845,-0.263507,1.285662,0.228567,-0.028212,0.010281,0.018670,0.236507,-0.013365,0.388415,-0.921485,0.374768,-0.927119,0.000000,0.273434,0.697657,-0.026161,0.000000,-0.225155,0.213393,0.020883
22.640,-0.250858,-0.174943,1.139348,-0.468271,-0.264024,1.285865,0.228911,-0.023520,0.010013,0.015824,0.232774,-0.013401,0.396933,-0.917848,0.383552,-0.923519,0.000000,0.268971,0.701888,-0.025743,0.000000,-0.221178,0.209660,0.020943
22.660,-0.247488,-0.173523,1.139342,-0.463689,-0.264448,1.286062,0.229201,-0.018902,0.009745,0.013165,0.229013,-0.013433,0.405252,-0.914205,0.392137,-0.919907,0.000000,0.264588,0.706043,-0.025324,0.000000,-0.217096,0.205810,0.020956
22.680,-0.244106,-0.172060,1.139336,-0.459103,-0.264781,1.286254,0.229439,-0.014359,0.009476,0.010681,0.225232,-0.013460,0.413378,-0.910560,0.400526,-0.916285,0.000000,0.260287,0.710119,-0.024905,0.000000,-0.212910,0.201843,0.020926
22.700,-0.240712,-0.170555,1.139329,-0.454512,-0.265023,1.286441,0.229629,-0.009893,0.009206,0.008360,0.221438,-0.013485,0.421313,-0.906915,0.408724,-0.912658,0.000000,0.256072,0.714116,-0.024487,0.000000,-0.208623,0.197760,0.020855
22.720,-0.237306,-0.169008,1.139323,-0.449918,-0.265177,1.286623,0.229774,-0.005502,0.008936,0.006188,0.217638,-0.013505,0.429062,-0.903275,0.416732,-0.909029,0.000000,0.251943,0.718029,-0.024071,0.000000,-0.204235,0.193561,0.020746
22.740,-0.233888,-0.167420,1.139316,-0.445321,-0.265244,1.286799,0.229877,-0.001187,0.008666,0.004153,0.213838,-0.013523,0.436630,-0.899641,0.424557,-0.905401,0.000000,0.247903,0.721857,-0.023657,0.000000,-0.199750,0.189249,0.020602
22.760,-0.230457,-0.165789,1.139310,-0.440723,-0.265225,1.286969,0.229941,0.003052,0.008396,0.002241,0.210044,-0.013537,0.444020,-0.896017,0.432200,-0.901778,0.000000,0.243954,0.725598,-0.023247,0.000000,-0.195169,0.184823,0.020425
22.780,-0.227014,-0.164117,1.139304,-0.436124,-0.265122,1.287135,0.229968,0.007215,0.008125,0.000439,0.206261,-0.013549,0.451235,-0.892405,0.439665,-0.898162,0.000000,0.240097,0.729249,-0.022840,0.000000,-0.190494,0.180286,0.020218
22.800,-0.223558,-0.162404,1.139298,-0.431525,-0.264937,1.287294,0.229959,0.011302,0.007854,-0.001267,0.202493,-0.013557,0.458282,-0.888807,0.446958,-0.894555,0.000000,0.236335,0.732809,-0.022438,0.000000,-0.185726,0.175639,0.019984
22.820,-0.220090,-0.160649,1.139293,-0.426926,-0.264670,1.287449,0.229918,0.015315,0.007582,-0.002889,0.198744,-0.013564,0.465162,-0.885226,0.454080,-0.890961,0.000000,0.232669,0.736274,-0.022041,0.000000,-0.180867,0.170884,0.019727
22.840,-0.216608,-0.158853,1.139288,-0.422328,-0.264325,1.287598,0.229844,0.019252,0.007311,-0.004439,0.195017,-0.013567,0.471880,-0.881663,0.461036,-0.887382,0.000000,0.229101,0.739644,-0.021649,0.000000,-0.175920,0.166023,0.019447
22.860,-0.213114,-0.157016,1.139284,-0.417732,-0.263901,1.287741,0.229741,0.023116,0.007040,-0.005928,0.191315,-0.013569,0.478441,-0.878120,0.467829,-0.883819,0.000000,0.225632,0.742915,-0.021263,0.000000,-0.170887,0.161058,0.019150
22.880,-0.209607,-0.155139,1.139280,-0.413139,-0.263401,1.287879,0.229608,0.026905,0.006768,-0.007368,0.187640,-0.013569,0.484847,-0.874599,0.474463,-0.880275,0.000000,0.222266,0.746085,-0.020883,0.000000,-0.165768,0.155992,0.018838
22.900,-0.206086,-0.153221,1.139277,-0.408548,-0.262825,1.288012,0.229446,0.030621,0.006497,-0.008767,0.183994,-0.013566,0.491102,-0.871102,0.480942,-0.876752,0.000000,0.219002,0.749154,-0.020510,0.000000,-0.160567,0.150827,0.018513
22.920,-0.202553,-0.151262,1.139275,-0.403961,-0.262176,1.288139,0.229257,0.034265,0.006226,-0.010135,0.180379,-0.013562,0.497210,-0.867630,0.487269,-0.873252,0.000000,0.215844,0.752118,-0.020143,0.000000,-0.155285,0.145567,0.018179
22.940,-0.199006,-0.149264,1.139274,-0.399378,-0.261455,1.288261,0.229041,0.037837,0.005955,-0.011480,0.176795,-0.013557,0.503174,-0.864185,0.493446,-0.869776,0.000000,0.212791,0.754976,-0.019783,0.000000,-0.149924,0.140213,0.017839
22.960,-0.195447,-0.147226,1.139273,-0.394800,-0.260663,1.288377,0.228798,0.041337,0.005683,-0.012806,0.173243,-0.013550,0.508997,-0.860768,0.499478,-0.866326,0.000000,0.209847,0.757726,-0.019429,0.000000,-0.144487,0.134770,0.017495
22.980,-0.191875,-0.145148,1.139273,-0.390226,-0.259802,1.288488,0.228529,0.044767,0.005413,-0.014121,0.169724,-0.013541,0.514683,-0.857381,0.505368,-0.862904,0.000000,0.207012,0.760366,-0.019083,0.000000,-0.138976,0.129240,0.017150
23.000,-0.188290,-0.143031,1.139274,-0.385659,-0.258873,1.288594,0.228233,0.048126,0.005142,-0.015427,0.166238,-0.013531,0.520235,-0.854023,0.511119,-0.859510,0.000000,0.204288,0.762895,-0.018743,0.000000,-0.133394,0.123628,0.016807
23.020,-0.184693,-0.140875,1.139275,-0.381097,-0.257877,1.288694,0.227912,0.051416,0.004871,-0.016730,0.162784,-0.013520,0.525655,-0.850698,0.516734,-0.856146,0.000000,0.201677,0.765310,-0.018411,0.000000,-0.127743,0.117935,0.016466
23.040,-0.181084,-0.138681,1.139277,-0.376542,-0.256817,1.288789,0.227564,0.054638,0.004601,-0.018031,0.159362,-0.013507,0.530947,-0.847405,0.522215,-0.852814,0.000000,0.199179,0.767612,-0.018085,0.000000,-0.122026,0.112166,0.016131
23.060,-0.177462,-0.136448,1.139280,-0.371995,-0.255692,1.288878,0.227190,0.057791,0.004331,-0.019332,0.155970,-0.013494,0.536113,-0.844146,0.527566,-0.849514,0.000000,0.196796,0.769797,-0.017765,0.000000,-0.116247,0.106325,0.015802
23.080,-0.173829,-0.134177,1.139282,-0.367455,-0.254506,1.288962,0.226791,0.060877,0.004061,-0.020636,0.152609,-0.013479,0.541157,-0.840922,0.532790,-0.846247,0.000000,0.194530,0.771864,-0.017453,0.000000,-0.110408,0.100415,0.015482
23.100,-0.170184,-0.131869,1.139286,-0.362923,-0.253258,1.289040,0.226365,0.063896,0.003792,-0.021942,0.149275,-0.013464,0.546080,-0.837733,0.537889,-0.843015,0.000000,0.192380,0.773813,-0.017146,0.000000,-0.104512,0.094440,0.015171
23.120,-0.166529,-0.129524,1.139289,-0.358401,-0.251950,1.289114,0.225913,0.066848,0.003523,-0.023250,0.145969,-0.013447,0.550886,-0.834580,0.542867,-0.839819,0.000000,0.190350,0.775641,-0.016846,0.000000,-0.098564,0.088404,0.014872
23.140,-0.162862,-0.127142,1.139293,-0.353887,-0.250584,1.289181,0.225435,0.069735,0.003254,-0.024562,0.142688,-0.013430,0.555577,-0.831465,0.547725,-0.836658,0.000000,0.188438,0.777348,-0.016551,0.000000,-0.092567,0.082312,0.014584
23.160,-0.159185,-0.124723,1.139297,-0.349383,-0.249161,1.289244,0.224931,0.072556,0.002986,-0.025875,0.139431,-0.013411,0.560155,-0.828388,0.552466,-0.833535,0.000000,0.186647,0.778933,-0.016262,0.000000,-0.086524,0.076168,0.014310
23.180,-0.155499,-0.122269,1.139302,-0.344890,-0.247683,1.289301,0.224400,0.075312,0.002718,-0.027188,0.136195,-0.013392,0.564622,-0.825349,0.557094,-0.830450,0.000000,0.184978,0.780395,-0.015979,0.000000,-0.080440,0.069976,0.014048
23.200,-0.151803,-0.119780,1.139306,-0.340408,-0.246149,1.289352,0.223843,0.078004,0.002450,-0.028501,0.132979,-0.013372,0.568982,-0.822350,0.561609,-0.827403,0.000000,0.183430,0.781732,-0.015700,0.000000,-0.074319,0.063740,0.013801
23.220,-0.148098,-0.117255,1.139310,-0.335936,-0.244563,1.289399,0.223260,0.080631,0.002183,-0.029812,0.129780,-0.013350,0.573236,-0.819390,0.566016,-0.824394,0.000000,0.182005,0.782944,-0.015426,0.000000,-0.068164,0.057466,0.013568
23.240,-0.144384,-0.114696,1.139314,-0.331477,-0.242924,1.289440,0.222651,0.083195,0.001916,-0.031118,0.126597,-0.013327,0.577386,-0.816471,0.570315,-0.821426,0.000000,0.180703,0.784031,-0.015157,0.000000,-0.061981,0.051158,0.013348
23.260,-0.140663,-0.112104,1.139318,-0.327031,-0.241235,1.289475,0.222015,0.085695,0.001650,-0.032419,0.123427,-0.013304,0.581435,-0.813593,0.574510,-0.818498,0.000000,0.179526,0.784990,-0.014892,0.000000,-0.055773,0.044821,0.013143
23.280,-0.136934,-0.109477,1.139321,-0.322597,-0.239497,1.289506,0.221354,0.088132,0.001384,-0.033712,0.120268,-0.013279,0.585384,-0.810756,0.578602,-0.815610,0.000000,0.178473,0.785823,-0.014632,0.000000,-0.049546,0.038459,0.012952
23.300,-0.133198,-0.106818,1.139325,-0.318177,-0.237711,1.289531,0.220667,0.090506,0.001118,-0.034996,0.117118,-0.013252,0.589235,-0.807961,0.582594,-0.812764,0.000000,0.177544,0.786529,-0.014374,0.000000,-0.043303,0.032079,0.012774
23.320,-0.129455,-0.104127,1.139327,-0.313770,-0.235877,1.289550,0.219954,0.092817,0.000854,-0.036268,0.113975,-0.013225,0.592991,-0.805209,0.586487,-0.809958,0.000000,0.176741,0.787106,-0.014121,0.000000,-0.037052,0.025685,0.012608
23.340,-0.125707,-0.101405,1.139330,-0.309379,-0.233998,1.289565,0.219216,0.095065,0.000589,-0.037528,0.110836,-0.013195,0.596654,-0.802499,0.590285,-0.807195,0.000000,0.176062,0.787556,-0.013870,0.000000,-0.030795,0.019283,0.012454
23.360,-0.121953,-0.098651,1.139332,-0.305002,-0.232075,1.289574,0.218453,0.097250,0.000326,-0.038774,0.107701,-0.013164,0.600225,-0.799832,0.593988,-0.804474,0.000000,0.175509,0.787878,-0.013622,0.000000,-0.024539,0.012878,0.012311
23.380,-0.118195,-0.095867,1.139334,-0.300641,-0.230109,1.289578,0.217665,0.099373,0.000063,-0.040005,0.104566,-0.013132,0.603705,-0.797208,0.597599,-0.801795,0.000000,0.175081,0.788071,-0.013377,0.000000,-0.018288,0.006476,0.012177
23.400,-0.114432,-0.093053,1.139335,-0.296295,-0.228101,1.289577,0.216853,0.101433,-0.000199,-0.041221,0.101431,-0.013097,0.607098,-0.794627,0.601120,-0.799159,0.000000,0.174777,0.788137,-0.013135,0.000000,-0.012050,0.000083,0.012051
23.420,-0.110666,-0.090211,1.139336,-0.291967,-0.226052,1.289570,0.216017,0.103430,-0.000461,-0.042422,0.098294,-0.013060,0.610404,-0.792090,0.604552,-0.796566,0.000000,0.174598,0.788075,-0.012895,0.000000,-0.005828,-0.006297,0.011931
23.440,-0.106896,-0.087340,1.139336,-0.287655,-0.223964,1.289558,0.215156,0.105365,-0.000722,-0.043607,0.095153,-0.013020,0.613626,-0.789597,0.607898,-0.794015,0.000000,0.174544,0.787885,-0.012658,0.000000,0.000371,-0.012656,0.011817
23.460,-0.103124,-0.084442,1.139336,-0.283361,-0.221838,1.289541,0.214272,0.107236,-0.000982,-0.044778,0.092007,-0.012978,0.616765,-0.787148,0.611159,-0.791508,0.000000,0.174613,0.787568,-0.012423,0.000000,0.006541,-0.018989,0.011707
23.480,-0.099351,-0.081517,1.139335,-0.279084,-0.219675,1.289519,0.213365,0.109045,-0.001241,-0.045935,0.088856,-0.012933,0.619822,-0.784742,0.614336,-0.789044,0.000000,0.174805,0.787126,-0.012190,0.000000,0.012678,-0.025290,0.011599
23.500,-0.095576,-0.078567,1.139334,-0.274826,-0.217476,1.289491,0.212435,0.110790,-0.001499,-0.047080,0.085697,-0.012885,0.622800,-0.782381,0.617432,-0.786624,0.000000,0.175120,0.786557,-0.011959,0.000000,0.018775,-0.031553,0.011492
23.520,-0.091800,-0.075591,1.139333,-0.270587,-0.215244,1.289459,0.211482,0.112473,-0.001756,-0.048214,0.082532,-0.012834,0.625700,-0.780064,0.620449,-0.784247,0.000000,0.175556,0.785864,-0.011730,0.000000,0.024827,-0.037773,0.011386
23.540,-0.088024,-0.072591,1.139331,-0.266367,-0.212978,1.289421,0.210507,0.114092,-0.002012,-0.049340,0.079358,-0.012779,0.628523,-0.777791,0.623387,-0.781914,0.000000,0.176113,0.785046,-0.011503,0.000000,0.030828,-0.043943,0.011279
23.560,-0.084248,-0.069569,1.139329,-0.262167,-0.210680,1.289378,0.209509,0.115647,-0.002267,-0.050459,0.076176,-0.012720,0.631271,-0.775562,0.626248,-0.779624,0.000000,0.176789,0.784106,-0.011279,0.000000,0.036774,-0.050058,0.011171
23.580,-0.080474,-0.066524,1.139327,-0.257987,-0.208352,1.289331,0.208488,0.117139,-0.002521,-0.051573,0.072985,-0.012657,0.633946,-0.773377,0.629034,-0.777378,0.000000,0.177583,0.783045,-0.011056,0.000000,0.042658,-0.056110,0.011061
23.600,-0.076701,-0.063457,1.139324,-0.253827,-0.205995,1.289278,0.207446,0.118566,-0.002774,-0.052686,0.069785,-0.012590,0.636550,-0.771236,0.631747,-0.775175,0.000000,0.178495,0.781862,-0.010836,0.000000,0.048475,-0.062096,0.010948
23.620,-0.072930,-0.060370,1.139322,-0.249689,-0.203610,1.289220,0.206381,0.119930,-0.003025,-0.053798,0.066576,-0.012517,0.639082,-0.769138,0.634387,-0.773016,0.000000,0.179522,0.780561,-0.010619,0.000000,0.054220,-0.068007,0.010833
23.640,-0.069163,-0.057264,1.139319,-0.245572,-0.201198,1.289157,0.205294,0.121229,-0.003274,-0.054913,0.063359,-0.012440,0.641546,-0.767085,0.636957,-0.770900,0.000000,0.180663,0.779143,-0.010403,0.000000,0.059887,-0.073839,0.010713
23.660,-0.065399,-0.054140,1.139316,-0.241478,-0.198761,1.289089,0.204184,0.122464,-0.003522,-0.056033,0.060133,-0.012357,0.643942,-0.765074,0.639457,-0.768827,0.000000,0.181917,0.777608,-0.010190,0.000000,0.065471,-0.079586,0.010590
23.680,-0.061639,-0.050999,1.139313,-0.237405,-0.196300,1.289016,0.203052,0.123635,-0.003769,-0.057160,0.056899,-0.012268,0.646272,-0.763107,0.641889,-0.766798,0.000000,0.183281,0.775960,-0.009979,0.000000,0.070967,-0.085241,0.010462
23.700,-0.057884,-0.047841,1.139310,-0.233356,-0.193816,1.288938,0.201898,0.124740,-0.004013,-0.058297,0.053658,-0.012173,0.648537,-0.761183,0.644254,-0.764811,0.000000,0.184755,0.774199,-0.009772,0.000000,0.076369,-0.090797,0.010331
23.720,-0.054134,-0.044668,1.139307,-0.229329,-0.191311,1.288855,0.200720,0.125781,-0.004255,-0.059446,0.050411,-0.012071,0.650738,-0.759302,0.646555,-0.762868,0.000000,0.186335,0.772329,-0.009566,0.000000,0.081672,-0.096250,0.010195
23.740,-0.050391,-0.041481,1.139304,-0.225327,-0.188786,1.288768,0.199520,0.126757,-0.004496,-0.060609,0.047157,-0.011963,0.652877,-0.757464,0.648791,-0.760967,0.000000,0.188021,0.770350,-0.009364,0.000000,0.086872,-0.101593,0.010055
23.760,-0.046655,-0.038282,1.139301,-0.221349,-0.186241,1.288675,0.198296,0.127667,-0.004734,-0.061788,0.043899,-0.011847,0.654955,-0.755668,0.650964,-0.759109,0.000000,0.189809,0.768266,-0.009164,0.000000,0.091961,-0.106820,0.009911
23.780,-0.042927,-0.035071,1.139299,-0.217395,-0.183679,1.288578,0.197048,0.128513,-0.004970,-0.062984,0.040637,-0.011723,0.656974,-0.753914,0.653075,-0.757293,0.000000,0.191699,0.766078,-0.008967,0.000000,0.096937,-0.111924,0.009764
23.800,-0.039207,-0.031850,1.139297,-0.213467,-0.181101,1.288477,0.195776,0.129293,-0.005203,-0.064199,0.037373,-0.011592,0.658933,-0.752201,0.655126,-0.755519,0.000000,0.193686,0.763790,-0.008774,0.000000,0.101792,-0.116900,0.009613
23.820,-0.035497,-0.028619,1.139295,-0.209564,-0.178508,1.288370,0.194480,0.130007,-0.005433,-0.065433,0.034108,-0.011451,0.660836,-0.750531,0.657118,-0.753787,0.000000,0.195770,0.761403,-0.008583,0.000000,0.106523,-0.121741,0.009460
23.840,-0.031796,-0.025381,1.139293,-0.205688,-0.175901,1.288259,0.193159,0.130657,-0.005661,-0.066688,0.030843,-0.011302,0.662682,-0.748901,0.659052,-0.752097,0.000000,0.197946,0.758921,-0.008395,0.000000,0.111124,-0.126441,0.009304
23.860,-0.028107,-0.022136,1.139292,-0.201838,-0.173282,1.288144,0.191812,0.131241,-0.005885,-0.067964,0.027581,-0.011143,0.664473,-0.747312,0.660929,-0.750448,0.000000,0.200214,0.756346,-0.008211,0.000000,0.115589,-0.130994,0.009147
23.880,-0.024429,-0.018886,1.139291,-0.198016,-0.170652,1.288024,0.190440,0.131760,-0.006106,-0.069260,0.024322,-0.010975,0.666210,-0.745764,0.662751,-0.748840,0.000000,0.202569,0.753682,-0.008029,0.000000,0.119915,-0.135393,0.008990
23.900,-0.020764,-0.015632,1.139291,-0.194221,-0.168012,1.287900,0.189042,0.132214,-0.006324,-0.070576,0.021070,-0.010796,0.667895,-0.744256,0.664518,-0.747273,0.000000,0.205009,0.750932,-0.007851,0.000000,0.124095,-0.139632,0.008832
23.920,-0.017113,-0.012375,1.139291,-0.190454,-0.165364,1.287771,0.187617,0.132603,-0.006538,-0.071911,0.017825,-0.010607,0.669528,-0.742787,0.666231,-0.745746,0.000000,0.207532,0.748098,-0.007676,0.000000,0.128126,-0.143706,0.008676
23.940,-0.013476,-0.009116,1.139291,-0.186716,-0.162709,1.287638,0.186165,0.132927,-0.006748,-0.073264,0.014590,-0.010406,0.671110,-0.741358,0.667892,-0.744259,0.000000,0.210133,0.745185,-0.007504,0.000000,0.132001,-0.147608,0.008522
23.960,-0.009854,-0.005858,1.139292,-0.183008,-0.160047,1.287501,0.184686,0.133187,-0.006954,-0.074631,0.011368,-0.010194,0.672642,-0.739968,0.669501,-0.742811,0.000000,0.212811,0.742195,-0.007335,0.000000,0.135719,-0.151334,0.008371
23.980,-0.006249,-0.002601,1.139293,-0.179329,-0.157382,1.287360,0.183180,0.133382,-0.007156,-0.076012,0.008160,-0.009970,0.674126,-0.738617,0.671060,-0.741403,0.000000,0.215561,0.739132,-0.007169,0.000000,0.139274,-0.154878,0.008224
24.000,-0.002661,0.000654,1.139294,-0.175681,-0.154712,1.287215,0.181646,0.133513,-0.007353,-0.077403,0.004968,-0.009733,0.675562,-0.737303,0.672570,-0.740033,0.000000,0.218380,0.736001,-0.007006,0.000000,0.142663,-0.158237,0.008080
24.020,0.000909,0.003904,1.139296,-0.172063,-0.152041,1.287066,0.180084,0.133581,-0.007545,-0.078802,0.001797,-0.009484,0.676951,-0.736028,0.674032,-0.738702,0.000000,0.221266,0.732804,-0.006846,0.000000,0.145883,-0.161407,0.007942
24.040,0.004460,0.007149,1.139297,-0.168478,-0.149370,1.286913,0.178494,0.133585,-0.007732,-0.080204,-0.001353,-0.009222,0.678295,-0.734790,0.675446,-0.737409,0.000000,0.224215,0.729546,-0.006688,0.000000,0.148931,-0.164385,0.007808
24.060,0.007990,0.010388,1.139300,-0.164924,-0.146698,1.286757,0.176876,0.133527,-0.007914,-0.081606,-0.004479,-0.008946,0.679594,-0.733588,0.676815,-0.736153,0.000000,0.227222,0.726230,-0.006534,0.000000,0.151806,-0.167168,0.007681
24.080,0.011499,0.013618,1.139302,-0.161403,-0.144029,1.286597,0.175230,0.133406,-0.008090,-0.083005,-0.007577,-0.008657,0.680849,-0.732424,0.678138,-0.734935,0.000000,0.230286,0.722860,-0.006381,0.000000,0.154505,-0.169754,0.007559
24.100,0.014986,0.016839,1.139304,-0.157915,-0.141363,1.286433,0.173556,0.133224,-0.008260,-0.084397,-0.010647,-0.008353,0.682061,-0.731295,0.679417,-0.733752,0.000000,0.233401,0.719441,-0.006231,0.000000,0.157027,-0.172141,0.007443
24.120,0.018449,0.020049,1.139307,-0.154461,-0.138700,1.286266,0.171854,0.132981,-0.008424,-0.085778,-0.013684,-0.008036,0.683232,-0.730202,0.680653,-0.732606,0.000000,0.236566,0.715976,-0.006083,0.000000,0.159370,-0.174328,0.007334
24.140,0.021889,0.023246,1.139310,-0.151041,-0.136044,1.286096,0.170125,0.132677,-0.008582,-0.087143,-0.016686,-0.007704,0.684361,-0.729144,0.681846,-0.731495,0.000000,0.239775,0.712469,-0.005938,0.000000,0.161533,-0.176314,0.007231
24.160,0.025303,0.026430,1.139312,-0.147656,-0.133394,1.285923,0.168368,0.132313,-0.008732,-0.088488,-0.019651,-0.007358,0.685450,-0.728120,0.682999,-0.730420,0.000000,0.243026,0.708925,-0.005794,0.000000,0.163517,-0.178099,0.007134
24.180,0.028691,0.029600,1.139315,-0.144306,-0.130752,1.285747,0.166585,0.131891,-0.008876,-0.089810,-0.022576,-0.006997,0.686499,-0.727130,0.684110,-0.729378,0.000000,0.246314,0.705347,-0.005652,0.000000,0.165321,-0.179683,0.007044
24.200,0.032052,0.032753,1.139317,-0.140993,-0.128119,1.285568,0.164776,0.131411,-0.009012,-0.091103,-0.025459,-0.006623,0.687510,-0.726175,0.685183,-0.728371,0.000000,0.249637,0.701739,-0.005512,0.000000,0.166945,-0.181067,0.006960
24.220,0.035384,0.035889,1.139320,-0.137715,-0.125496,1.285386,0.162941,0.130873,-0.009141,-0.092365,-0.028297,-0.006234,0.688484,-0.725252,0.686217,-0.727397,0.000000,0.252991,0.698105,-0.005374,0.000000,0.168390,-0.182253,0.006882
24.240,0.038688,0.039006,1.139322,-0.134475,-0.122884,1.285202,0.161082,0.130279,-0.009261,-0.093591,-0.031088,-0.005831,0.689421,-0.724361,0.687213,-0.726456,0.000000,0.256372,0.694450,-0.005237,0.000000,0.169657,-0.183241,0.006809
24.260,0.041961,0.042103,1.139324,-0.131272,-0.120285,1.285016,0.159198,0.129630,-0.009374,-0.094778,-0.033830,-0.005415,0.690321,-0.723503,0.688173,-0.725547,0.000000,0.259776,0.690777,-0.005102,0.000000,0.170747,-0.184034,0.006742
24.280,0.045204,0.045179,1.139326,-0.128107,-0.117699,1.284828,0.157291,0.128926,-0.009478,-0.095921,-0.036520,-0.004986,0.691187,-0.722676,0.689097,-0.724669,0.000000,0.263201,0.687090,-0.004967,0.000000,0.171663,-0.184635,0.006679
24.300,0.048415,0.048232,1.139327,-0.124981,-0.115128,1.284637,0.155361,0.128169,-0.009573,-0.097018,-0.039156,-0.004544,0.692019,-0.721880,0.689986,-0.723823,0.000000,0.266641,0.683393,-0.004834,0.000000,0.172405,-0.185046,0.006621
24.320,0.051593,0.051262,1.139328,-0.121893,-0.112573,1.284445,0.153410,0.127360,-0.009660,-0.098066,-0.041737,-0.004090,0.692817,-0.721114,0.690841,-0.723007,0.000000,0.270096,0.679690,-0.004702,0.000000,0.172977,-0.185272,0.006567
24.340,0.054738,0.054268,1.139329,-0.118845,-0.110034,1.284251,0.151439,0.126500,-0.009737,-0.099061,-0.044259,-0.003625,0.693582,-0.720378,0.691663,-0.722221,0.000000,0.273559,0.675983,-0.004572,0.000000,0.173382,-0.185317,0.006515
24.360,0.057848,0.057247,1.139330,-0.115836,-0.107513,1.284055,0.149448,0.125590,-0.009804,-0.100001,-0.046723,-0.003150,0.694316,-0.719670,0.692452,-0.721464,0.000000,0.277030,0.672278,-0.004442,0.000000,0.173622,-0.185184,0.006466
24.380,0.060924,0.060200,1.139330,-0.112867,-0.105011,1.283859,0.147439,0.124632,-0.009863,-0.100885,-0.049125,-0.002665,0.695018,-0.718992,0.693210,-0.720736,0.000000,0.280503,0.668577,-0.004313,0.000000,0.173701,-0.184881,0.006418
24.400,0.063964,0.063124,1.139329,-0.109938,-0.102528,1.283661,0.145413,0.123626,-0.009911,-0.101711,-0.051465,-0.002172,0.695691,-0.718341,0.693937,-0.720035,0.000000,0.283977,0.664884,-0.004185,0.000000,0.173623,-0.184411,0.006370
24.420,0.066967,0.066020,1.139329,-0.107050,-0.100066,1.283462,0.143371,0.122574,-0.009949,-0.102478,-0.053741,-0.001671,0.696334,-0.717717,0.694635,-0.719363,0.000000,0.287447,0.661202,-0.004058,0.000000,0.173392,-0.183780,0.006322
24.440,0.069933,0.068885,1.139328,-0.104203,-0.097625,1.283263,0.141315,0.121477,-0.009978,-0.103185,-0.055952,-0.001165,0.696949,-0.717120,0.695303,-0.718716,0.000000,0.290911,0.657534,-0.003932,0.000000,0.173013,-0.182995,0.006273
24.460,0.072862,0.071720,1.139326,-0.101398,-0.095207,1.283063,0.139244,0.120336,-0.009996,-0.103831,-0.058097,-0.000655,0.697536,-0.716549,0.695944,-0.718096,0.000000,0.294367,0.653883,-0.003807,0.000000,0.172490,-0.182061,0.006221
24.480,0.075752,0.074523,1.139325,-0.098634,-0.092812,1.282863,0.137162,0.119153,-0.010004,-0.104418,-0.060175,-0.000142,0.698097,-0.716003,0.696557,-0.717502,0.000000,0.297810,0.650252,-0.003683,0.000000,0.171826,-0.180983,0.006166
24.500,0.078604,0.077294,1.139323,-0.095911,-0.090441,1.282663,0.135068,0.117929,-0.010002,-0.104945,-0.062186,0.000372,0.698631,-0.715482,0.697143,-0.716932,0.000000,0.301239,0.646644,-0.003561,0.000000,0.171026,-0.179768,0.006108
24.520,0.081416,0.080031,1.139320,-0.093231,-0.088095,1.282463,0.132964,0.116666,-0.009989,-0.105413,-0.064129,0.000886,0.699140,-0.714984,0.697704,-0.716386,0.000000,0.304650,0.643062,-0.003439,0.000000,0.170094,-0.178419,0.006047
24.540,0.084188,0.082733,1.139318,-0.090593,-0.085775,1.282264,0.130852,0.115365,-0.009966,-0.105823,-0.066003,0.001397,0.699625,-0.714510,0.698239,-0.715864,0.000000,0.308042,0.639509,-0.003319,0.000000,0.169035,-0.176943,0.005980
24.560,0.086920,0.085401,1.139316,-0.087997,-0.083481,1.282065,0.128732,0.114026,-0.009933,-0.106176,-0.067808,0.001905,0.700086,-0.714058,0.698751,-0.715365,0.000000,0.311411,0.635985,-0.003200,0.000000,0.167853,-0.175345,0.005908
24.580,0.089612,0.088033,1.139313,-0.085444,-0.081214,1.281866,0.126605,0.112653,-0.009890,-0.106475,-0.069544,0.002406,0.700525,-0.713628,0.699239,-0.714888,0.000000,0.314755,0.632496,-0.003083,0.000000,0.166552,-0.173629,0.005832
24.600,0.092262,0.090629,1.139310,-0.082933,-0.078975,1.281669,0.124473,0.111245,-0.009837,-0.106720,-0.071211,0.002901,0.700941,-0.713219,0.699704,-0.714433,0.000000,0.318072,0.629041,-0.002967,0.000000,0.165136,-0.171801,0.005749
24.620,0.094871,0.093188,1.139307,-0.080465,-0.076765,1.281473,0.122337,0.109805,-0.009774,-0.106913,-0.072807,0.003385,0.701337,-0.712830,0.700148,-0.713998,0.000000,0.321360,0.625624,-0.002853,0.000000,0.163611,-0.169866,0.005661
24.640,0.097438,0.095708,1.139305,-0.078039,-0.074583,1.281278,0.120197,0.108333,-0.009702,-0.107056,-0.074334,0.003859,0.701711,-0.712461,0.700570,-0.713584,0.000000,0.324616,0.622247,-0.002740,0.000000,0.161980,-0.167828,0.005567
24.660,0.099963,0.098191,1.139302,-0.075657,-0.072431,1.281085,0.118055,0.106832,-0.009620,-0.107152,-0.075790,0.004320,0.702067,-0.712111,0.700971,-0.713189,0.000000,0.327838,0.618912,-0.002630,0.000000,0.160247,-0.165693,0.005467
24.680,0.102445,0.100635,1.139300,-0.073317,-0.070310,1.280893,0.115911,0.105302,-0.009529,-0.107202,-0.077177,0.004766,0.702403,-0.711779,0.701353,-0.712814,0.000000,0.331025,0.615620,-0.002522,0.000000,0.158419,-0.163464,0.005361
24.700,0.104885,0.103040,1.139297,-0.071020,-0.068220,1.280704,0.113767,0.103745,-0.009429,-0.107207,-0.078494,0.005197,0.702721,-0.711465,0.701716,-0.712457,0.000000,0.334174,0.612374,-0.002416,0.000000,0.156498,-0.161147,0.005249
24.720,0.107282,0.105405,1.139295,-0.068767,-0.066160,1.280516,0.111623,0.102163,-0.009321,-0.107171,-0.079740,0.005610,0.703022,-0.711168,0.702060,-0.712118,0.000000,0.337284,0.609175,-0.002312,0.000000,0.154489,-0.158745,0.005131
24.740,0.109636,0.107730,1.139293,-0.066556,-0.064133,1.280331,0.109480,0.100556,-0.009205,-0.107094,-0.080917,0.006005,0.703306,-0.710887,0.702387,-0.711796,0.000000,0.340353,0.606024,-0.002210,0.000000,0.152398,-0.156264,0.005008
24.760,0.111947,0.110014,1.139292,-0.064387,-0.062138,1.280148,0.107340,0.098927,-0.009081,-0.106980,-0.082023,0.006379,0.703574,-0.710622,0.702696,-0.711490,0.000000,0.343380,0.602925,-0.002111,0.000000,0.150228,-0.153708,0.004880
24.780,0.114215,0.112257,1.139291,-0.062262,-0.060176,1.279968,0.105202,0.097276,-0.008950,-0.106828,-0.083060,0.006732,0.703827,-0.710372,0.702989,-0.711201,0.000000,0.346362,0.599877,-0.002015,0.000000,0.147984,-0.151080,0.004746
24.800,0.116439,0.114459,1.139290,-0.060179,-0.058247,1.279790,0.103067,0.095605,-0.008812,-0.106642,-0.084026,0.007063,0.704065,-0.710136,0.703266,-0.710926,0.000000,0.349299,0.596882,-0.001922,0.000000,0.145671,-0.148385,0.004609
24.820,0.118619,0.116619,1.139289,-0.058139,-0.056352,1.279615,0.100936,0.093915,-0.008668,-0.106422,-0.084923,0.007372,0.704289,-0.709913,0.703528,-0.710667,0.000000,0.352188,0.593942,-0.001831,0.000000,0.143294,-0.145627,0.004467
24.840,0.120756,0.118737,1.139289,-0.056142,-0.054491,1.279443,0.098810,0.092208,-0.008517,-0.106169,-0.085749,0.007656,0.704500,-0.709704,0.703776,-0.710422,0.000000,0.355030,0.591057,-0.001743,0.000000,0.140857,-0.142810,0.004322
24.860,0.122849,0.120814,1.139290,-0.054187,-0.052664,1.279275,0.096690,0.090486,-0.008362,-0.105884,-0.086504,0.007916,0.704698,-0.709508,0.704010,-0.710191,0.000000,0.357822,0.588230,-0.001658,0.000000,0.138365,-0.139937,0.004175
24.880,0.124898,0.122847,1.139291,-0.052274,-0.050872,1.279109,0.094575,0.088749,-0.008201,-0.105568,-0.087189,0.008152,0.704884,-0.709323,0.704230,-0.709972,0.000000,0.360564,0.585460,-0.001576,0.000000,0.135823,-0.137014,0.004025
24.900,0.126904,0.124839,1.139292,-0.050404,-0.049114,1.278947,0.092467,0.086999,-0.008036,-0.105221,-0.087803,0.008364,0.705058,-0.709149,0.704437,-0.709766,0.000000,0.363255,0.582749,-0.001497,0.000000,0.133235,-0.134042,0.003875
24.920,0.128865,0.126787,1.139293,-0.048575,-0.047392,1.278788,0.090366,0.085237,-0.007866,-0.104843,-0.088345,0.008551,0.705222,-0.708987,0.704632,-0.709573,0.000000,0.365893,0.580099,-0.001421,0.000000,0.130606,-0.131026,0.003724
24.940,0.130782,0.128693,1.139295,-0.046789,-0.045705,1.278632,0.088273,0.083465,-0.007694,-0.104433,-0.088816,0.008714,0.705375,-0.708835,0.704816,-0.709390,0.000000,0.368479,0.577509,-0.001348,0.000000,0.127942,-0.127970,0.003574
24.960,0.132656,0.130555,1.139297,-0.045044,-0.044053,1.278480,0.086189,0.081685,-0.007518,-0.103990,-0.089214,0.008854,0.705518,-0.708692,0.704988,-0.709219,0.000000,0.371011,0.574980,-0.001278,0.000000,0.125246,-0.124877,0.003425
24.980,0.134486,0.132375,1.139300,-0.043341,-0.042437,1.278331,0.084114,0.079897,-0.007340,-0.103515,-0.089539,0.008972,0.705652,-0.708559,0.705150,-0.709059,0.000000,0.373489,0.572514,-0.001211,0.000000,0.122523,-0.121751,0.003277
25.000,0.136271,0.134151,1.139303,-0.041680,-0.040857,1.278186,0.082049,0.078104,-0.007159,-0.103004,-0.089791,0.009067,0.705776,-0.708435,0.705301,-0.708908,0.000000,0.375912,0.570110,-0.001147,0.000000,0.119776,-0.118596,0.003132
25.020,0.138013,0.135885,1.139306,-0.040059,-0.039313,1.278045,0.079994,0.076306,-0.006977,-0.102458,-0.089968,0.009143,0.705892,-0.708319,0.705443,-0.708767,0.000000,0.378280,0.567770,-0.001086,0.000000,0.117011,-0.115416,0.002990
25.040,0.139712,0.137575,1.139309,-0.038480,-0.037805,1.277907,0.077951,0.074506,-0.006794,-0.101874,-0.090071,0.009198,0.706001,-0.708211,0.705575,-0.708635,0.000000,0.380592,0.565494,-0.001027,0.000000,0.114231,-0.112215,0.002851
25.060,0.141367,0.139222,1.139312,-0.036941,-0.036333,1.277773,0.075919,0.072704,-0.006609,-0.101251,-0.090099,0.009235,0.706101,-0.708111,0.705699,-0.708512,0.000000,0.382849,0.563282,-0.000972,0.000000,0.111440,-0.108995,0.002716
25.080,0.142978,0.140827,1.139315,-0.035443,-0.034897,1.277643,0.073901,0.070902,-0.006424,-0.100587,-0.090051,0.009256,0.706195,-0.708018,0.705814,-0.708397,0.000000,0.385050,0.561134,-0.000919,0.000000,0.108641,-0.105763,0.002585
25.100,0.144546,0.142388,1.139318,-0.033985,-0.033497,1.277516,0.071896,0.069102,-0.006239,-0.099881,-0.089927,0.009261,0.706281,-0.707931,0.705922,-0.708290,0.000000,0.387194,0.559051,-0.000868,0.000000,0.105839,-0.102520,0.002459
25.120,0.146072,0.143907,1.139322,-0.032567,-0.032133,1.277393,0.069906,0.067306,-0.006054,-0.099130,-0.089727,0.009251,0.706361,-0.707851,0.706022,-0.708190,0.000000,0.389283,0.557033,-0.000820,0.000000,0.103037,-0.099273,0.002338
25.140,0.147554,0.145383,1.139325,-0.031189,-0.030805,1.277274,0.067931,0.065514,-0.005869,-0.098333,-0.089450,0.009230,0.706435,-0.707778,0.706115,-0.708097,0.000000,0.391316,0.555080,-0.000775,0.000000,0.100238,-0.096023,0.002221
25.160,0.148993,0.146817,1.139328,-0.029850,-0.029512,1.277159,0.065973,0.063728,-0.005685,-0.097488,-0.089096,0.009196,0.706504,-0.707709,0.706201,-0.708011,0.000000,0.393293,0.553192,-0.000731,0.000000,0.097446,-0.092776,0.002110
25.180,0.150391,0.148209,1.139330,-0.028550,-0.028256,1.277047,0.064032,0.061950,-0.005501,-0.096593,-0.088667,0.009154,0.706567,-0.707647,0.706281,-0.707932,0.000000,0.395214,0.551369,-0.000690,0.000000,0.094663,-0.089535,0.002005
25.200,0.151746,0.149559,1.139332,-0.027288,-0.027034,1.276939,0.062110,0.060182,-0.005319,-0.095648,-0.088160,0.009102,0.706624,-0.707589,0.706355,-0.707858,0.000000,0.397079,0.549611,-0.000651,0.000000,0.091894,-0.086305,0.001904
25.220,0.153059,0.150868,1.139334,-0.026065,-0.025848,1.276834,0.060207,0.058424,-0.005137,-0.094650,-0.087578,0.009044,0.706677,-0.707536,0.706423,-0.707790,0.000000,0.398890,0.547917,-0.000614,0.000000,0.089139,-0.083090,0.001810
25.240,0.154331,0.152136,1.139336,-0.024880,-0.024697,1.276733,0.058324,0.056679,-0.004957,-0.093599,-0.086920,0.008980,0.706726,-0.707488,0.706486,-0.707727,0.000000,0.400645,0.546287,-0.000579,0.000000,0.086404,-0.079894,0.001721
25.260,0.155562,0.153363,1.139337,-0.023732,-0.023581,1.276636,0.056463,0.054948,-0.004778,-0.092494,-0.086188,0.008912,0.706770,-0.707443,0.706545,-0.707668,0.000000,0.402346,0.544721,-0.000545,0.000000,0.083689,-0.076721,0.001637
25.280,0.156753,0.154549,1.139338,-0.022621,-0.022499,1.276542,0.054625,0.053232,-0.004601,-0.091333,-0.085382,0.008841,0.706810,-0.707403,0.706598,-0.707615,0.000000,0.403993,0.543218,-0.000513,0.000000,0.080998,-0.073576,0.001558
25.300,0.157903,0.155696,1.139338,-0.021547,-0.021452,1.276452,0.052810,0.051533,-0.004425,-0.090117,-0.084503,0.008767,0.706847,-0.707367,0.706647,-0.707566,0.000000,0.405586,0.541778,-0.000483,0.000000,0.078333,-0.070462,0.001485
25.320,0.159013,0.156803,1.139338,-0.020509,-0.020438,1.276365,0.051020,0.049853,-0.004250,-0.088846,-0.083554,0.008692,0.706880,-0.707334,0.706692,-0.707521,0.000000,0.407126,0.540399,-0.000454,0.000000,0.075696,-0.067384,0.001416
25.340,0.160085,0.157871,1.139337,-0.019506,-0.019457,1.276282,0.049257,0.048192,-0.004077,-0.087520,-0.082535,0.008616,0.706910,-0.707304,0.706734,-0.707480,0.000000,0.408614,0.539082,-0.000426,0.000000,0.073090,-0.064346,0.001352
25.360,0.161117,0.158902,1.139336,-0.018538,-0.018510,1.276202,0.047520,0.046552,-0.003905,-0.086139,-0.081449,0.008540,0.706937,-0.707277,0.706772,-0.707442,0.000000,0.410050,0.537825,-0.000400,0.000000,0.070517,-0.061353,0.001293
25.380,0.162112,0.159894,1.139334,-0.017605,-0.017595,1.276125,0.045811,0.044934,-0.003735,-0.084705,-0.080297,0.008464,0.706961,-0.707253,0.706806,-0.707407,0.000000,0.411435,0.536628,-0.000374,0.000000,0.067978,-0.058410,0.001237
25.400,0.163069,0.160849,1.139332,-0.016706,-0.016712,1.276052,0.044132,0.043340,-0.003567,-0.083219,-0.079084,0.008389,0.706982,-0.707231,0.706838,-0.707376,0.000000,0.412769,0.535488,-0.000350,0.000000,0.065476,-0.055520,0.001185
25.420,0.163990,0.161768,1.139329,-0.015840,-0.015861,1.275983,0.042483,0.041771,-0.003400,-0.081683,-0.077811,0.008313,0.707001,-0.707212,0.706866,-0.707347,0.000000,0.414054,0.534407,-0.000327,0.000000,0.063011,-0.052687,0.001135
25.440,0.164874,0.162651,1.139326,-0.015006,-0.015041,1.275916,0.040865,0.040228,-0.003234,-0.080101,-0.076481,0.008238,0.707018,-0.707196,0.706892,-0.707321,0.000000,0.415290,0.533381,-0.000305,0.000000,0.060586,-0.049916,0.001089
25.460,0.165723,0.163498,1.139323,-0.014205,-0.014252,1.275853,0.039279,0.038712,-0.003070,-0.078474,-0.075100,0.008162,0.707033,-0.707181,0.706916,-0.707298,0.000000,0.416478,0.532409,-0.000283,0.000000,0.058203,-0.047210,0.001044
25.480,0.166537,0.164312,1.139319,-0.013435,-0.013493,1.275794,0.037726,0.037224,-0.002908,-0.076807,-0.073669,0.008084,0.707046,-0.707168,0.706937,-0.707276,0.000000,0.417619,0.531492,-0.000263,0.000000,0.055862,-0.044573,0.001002
25.500,0.167317,0.165091,1.139315,-0.012695,-0.012763,1.275737,0.036207,0.035766,-0.002747,-0.075102,-0.072193,0.008005,0.707057,-0.707157,0.706957,-0.707257,0.000000,0.418713,0.530626,-0.000243,0.000000,0.053566,-0.042006,0.000961
25.520,0.168064,0.165838,1.139310,-0.011986,-0.012062,1.275684,0.034722,0.034337,-0.002588,-0.073364,-0.070676,0.007923,0.707066,-0.707147,0.706974,-0.707240,0.000000,0.419761,0.529811,-0.000225,0.000000,0.051314,-0.039514,0.000922
25.540,0.168779,0.166552,1.139306,-0.011306,-0.011389,1.275633,0.033273,0.032939,-0.002430,-0.071596,-0.069122,0.007838,0.707075,-0.707139,0.706990,-0.707224,0.000000,0.420766,0.529045,-0.000206,0.000000,0.049110,-0.037097,0.000884
25.560,0.169462,0.167236,1.139302,-0.010655,-0.010744,1.275586,0.031859,0.031572,-0.002274,-0.069803,-0.067537,0.007747,0.707081,-0.707132,0.707004,-0.707210,0.000000,0.421726,0.528327,-0.000189,0.000000,0.046952,-0.034758,0.000846
25.580,0.170114,0.167888,1.139297,-0.010032,-0.010126,1.275543,0.030481,0.030238,-0.002120,-0.067989,-0.065923,0.007651,0.707087,-0.707126,0.707016,-0.707197,0.000000,0.422644,0.527654,-0.000173,0.000000,0.044844,-0.032499,0.000809
25.600,0.170736,0.168511,1.139293,-0.009436,-0.009534,1.275502,0.029139,0.028936,-0.001968,-0.066159,-0.064286,0.007547,0.707092,-0.707122,0.707027,-0.707186,0.000000,0.423520,0.527026,-0.000157,0.000000,0.042785,-0.030321,0.000773
25.620,0.171329,0.169105,1.139289,-0.008866,-0.008968,1.275464,0.027835,0.027666,-0.001818,-0.064317,-0.062630,0.007436,0.707096,-0.707118,0.707038,-0.707176,0.000000,0.424356,0.526441,-0.000142,0.000000,0.040776,-0.028224,0.000737
25.640,0.171894,0.169671,1.139285,-0.008322,-0.008427,1.275429,0.026567,0.026430,-0.001671,-0.062469,-0.060959,0.007315,0.707099,-0.707115,0.707046,-0.707167,0.000000,0.425152,0.525897,-0.000127,0.000000,0.038819,-0.026210,0.000701
25.660,0.172432,0.170210,1.139282,-0.007803,-0.007911,1.275397,0.025336,0.025228,-0.001526,-0.060618,-0.059278,0.007184,0.707101,-0.707113,0.707054,-0.707159,0.000000,0.425909,0.525392,-0.000114,0.000000,0.036913,-0.024278,0.000665
25.680,0.172943,0.170722,1.139279,-0.007308,-0.007418,1.275368,0.024142,0.024059,-0.001384,-0.058769,-0.057592,0.007041,0.707103,-0.707111,0.707061,-0.707152,0.000000,0.426629,0.524925,-0.000101,0.000000,0.035060,-0.022429,0.000629
25.700,0.173428,0.171209,1.139276,-0.006837,-0.006948,1.275342,0.022985,0.022924,-0.001244,-0.056927,-0.055904,0.006886,0.707104,-0.707110,0.707068,-0.707146,0.000000,0.427312,0.524494,-0.000088,0.000000,0.033259,-0.020663,0.000593
25.720,0.173888,0.171671,1.139274,-0.006389,-0.006501,1.275318,0.021865,0.021823,-0.001108,-0.055096,-0.054219,0.006718,0.707105,-0.707109,0.707073,-0.707141,0.000000,0.427959,0.524098,-0.000077,0.000000,0.031512,-0.018978,0.000557
25.740,0.174325,0.172109,1.139272,-0.005962,-0.006075,1.275297,0.020781,0.020756,-0.000976,-0.053280,-0.052540,0.006536,0.707105,-0.707109,0.707078,-0.707136,0.000000,0.428572,0.523734,-0.000066,0.000000,0.029818,-0.017373,0.000521
25.760,0.174739,0.172524,1.139271,-0.005557,-0.005670,1.275279,0.019734,0.019722,-0.000847,-0.051483,-0.050872,0.006339,0.707105,-0.707109,0.707082,-0.707132,0.000000,0.429152,0.523402,-0.000056,0.000000,0.028178,-0.015848,0.000485
25.780,0.175130,0.172916,1.139271,-0.005173,-0.005286,1.275263,0.018722,0.018721,-0.000722,-0.049710,-0.049217,0.006128,0.707105,-0.707109,0.707086,-0.707128,0.000000,0.429700,0.523100,-0.000047,0.000000,0.026592,-0.014400,0.000449
25.800,0.175500,0.173288,1.139271,-0.004808,-0.004921,1.275250,0.017745,0.017753,-0.000602,-0.047962,-0.047579,0.005901,0.707104,-0.707109,0.707089,-0.707125,0.000000,0.430216,0.522826,-0.000038,0.000000,0.025059,-0.013028,0.000413
25.820,0.175849,0.173638,1.139272,-0.004463,-0.004576,1.275239,0.016803,0.016817,-0.000486,-0.046244,-0.045962,0.005659,0.707104,-0.707110,0.707091,-0.707122,0.000000,0.430703,0.522578,-0.000030,0.000000,0.023581,-0.011729,0.000377
25.840,0.176178,0.173969,1.139274,-0.004136,-0.004249,1.275231,0.015895,0.015914,-0.000376,-0.044559,-0.044367,0.005401,0.707103,-0.707110,0.707094,-0.707120,0.000000,0.431160,0.522356,-0.000023,0.000000,0.022156,-0.010501,0.000341
25.860,0.176488,0.174280,1.139277,-0.003827,-0.003939,1.275224,0.015020,0.015043,-0.000270,-0.042907,-0.042797,0.005129,0.707103,-0.707111,0.707096,-0.707118,0.000000,0.431589,0.522158,-0.000017,0.000000,0.020784,-0.009341,0.000306
25.880,0.176780,0.174573,1.139280,-0.003535,-0.003647,1.275220,0.014178,0.014202,-0.000171,-0.041292,-0.041254,0.004843,0.707102,-0.707112,0.707098,-0.707116,0.000000,0.431992,0.521982,-0.000011,0.000000,0.019466,-0.008245,0.000272
25.900,0.177055,0.174849,1.139284,-0.003259,-0.003371,1.275217,0.013368,0.013392,-0.000077,-0.039715,-0.039739,0.004543,0.707101,-0.707112,0.707099,-0.707115,0.000000,0.432368,0.521828,-0.000006,0.000000,0.018200,-0.007210,0.000239
25.920,0.177312,0.175107,1.139288,-0.003000,-0.003111,1.275217,0.012590,0.012612,0.000011,-0.038177,-0.038253,0.004232,0.707101,-0.707113,0.707100,-0.707113,0.000000,0.432720,0.521693,-0.000001,0.000000,0.016986,-0.006233,0.000206
25.940,0.177553,0.175349,1.139293,-0.002755,-0.002866,1.275218,0.011841,0.011862,0.000093,-0.036677,-0.036798,0.003910,0.707100,-0.707113,0.707101,-0.707112,0.000000,0.433048,0.521578,0.000003,0.000000,0.015824,-0.005310,0.000175
25.960,0.177779,0.175575,1.139299,-0.002526,-0.002636,1.275220,0.011122,0.011140,0.000167,-0.035216,-0.035373,0.003580,0.707100,-0.707114,0.707102,-0.707111,0.000000,0.433353,0.521481,0.000006,0.000000,0.014713,-0.004438,0.000146
25.980,0.177990,0.175787,1.139305,-0.002310,-0.002420,1.275224,0.010432,0.010447,0.000236,-0.033794,-0.033978,0.003242,0.707100,-0.707114,0.707103,-0.707111,0.000000,0.433637,0.521400,0.000008,0.000000,0.013653,-0.003615,0.000118
26.000,0.178186,0.175984,1.139311,-0.002108,-0.002218,1.275230,0.009770,0.009781,0.000297,-0.032409,-0.032613,0.002900,0.707099,-0.707114,0.707104,-0.707110,0.000000,0.433900,0.521336,0.000010,0.000000,0.012642,-0.002838,0.000091
26.020,0.178369,0.176167,1.139318,-0.001919,-0.002029,1.275236,0.009136,0.009142,0.000352,-0.031062,-0.031278,0.002556,0.707099,-0.707114,0.707104,-0.707109,0.000000,0.434143,0.521286,0.000012,0.000000,0.011680,-0.002104,0.000067
26.040,0.178539,0.176337,1.139325,-0.001743,-0.001852,1.275244,0.008528,0.008530,0.000399,-0.029750,-0.029972,0.002211,0.707099,-0.707114,0.707105,-0.707109,0.000000,0.434367,0.521251,0.000013,0.000000,0.010767,-0.001411,0.000044
26.060,0.178696,0.176494,1.139332,-0.001578,-0.001687,1.275252,0.007945,0.007943,0.000440,-0.028472,-0.028694,0.001868,0.707099,-0.707114,0.707105,-0.707109,0.000000,0.434574,0.521230,0.000014,0.000000,0.009901,-0.000758,0.000024
26.080,0.178841,0.176639,1.139339,-0.001425,-0.001534,1.275261,0.007388,0.007382,0.000474,-0.027226,-0.027444,0.001530,0.707099,-0.707114,0.707105,-0.707108,0.000000,0.434764,0.521221,0.000014,0.000000,0.009082,-0.000143,0.000005
26.100,0.178975,0.176772,1.139346,-0.001282,-0.001392,1.275271,0.006856,0.006845,0.000501,-0.026012,-0.026219,0.001199,0.707100,-0.707114,0.707105,-0.707108,0.000000,0.434937,0.521224,0.000014,0.000000,0.008309,0.000436,-0.000011
26.120,0.179098,0.176895,1.139352,-0.001150,-0.001260,1.275281,0.006348,0.006333,0.000522,-0.024826,-0.025019,0.000877,0.707100,-0.707113,0.707106,-0.707108,0.000000,0.435096,0.521238,0.000014,0.000000,0.007580,0.000980,-0.000025
26.140,0.179210,0.177007,1.139359,-0.001028,-0.001139,1.275292,0.005863,0.005844,0.000537,-0.023667,-0.023842,0.000567,0.707101,-0.707113,0.707106,-0.707108,0.000000,0.435241,0.521263,0.000013,0.000000,0.006895,0.001491,-0.000037
26.160,0.179312,0.177109,1.139365,-0.000916,-0.001026,1.275303,0.005401,0.005379,0.000545,-0.022534,-0.022689,0.000271,0.707101,-0.707113,0.707106,-0.707108,0.000000,0.435372,0.521297,0.000012,0.000000,0.006252,0.001968,-0.000047
26.180,0.179405,0.177201,1.139371,-0.000812,-0.000923,1.275314,0.004961,0.004936,0.000547,-0.021424,-0.021556,-0.000008,0.707102,-0.707112,0.707106,-0.707107,0.000000,0.435491,0.521341,0.000011,0.000000,0.005651,0.002413,-0.000055
26.200,0.179489,0.177285,1.139376,-0.000717,-0.000829,1.275325,0.004544,0.004516,0.000545,-0.020336,-0.020444,-0.000269,0.707102,-0.707111,0.707106,-0.707107,0.000000,0.435599,0.521394,0.000010,0.000000,0.005091,0.002826,-0.000061
26.220,0.179565,0.177360,1.139380,-0.000630,-0.000742,1.275335,0.004148,0.004119,0.000537,-0.019268,-0.019351,-0.000509,0.707103,-0.707111,0.707106,-0.707107,0.000000,0.435695,0.521454,0.000009,0.000000,0.004569,0.003208,-0.000065
26.240,0.179632,0.177427,1.139384,-0.000551,-0.000664,1.275346,0.003773,0.003742,0.000524,-0.018218,-0.018277,-0.000728,0.707104,-0.707110,0.707107,-0.707107,0.000000,0.435782,0.521522,0.000007,0.000000,0.004086,0.003557,-0.000068
26.260,0.179692,0.177486,1.139387,-0.000479,-0.000593,1.275356,0.003419,0.003387,0.000508,-0.017187,-0.017220,-0.000923,0.707104,-0.707109,0.707107,-0.707107,0.000000,0.435859,0.521596,0.000006,0.000000,0.003638,0.003875,-0.000068
26.280,0.179745,0.177538,1.139390,-0.000414,-0.000528,1.275366,0.003085,0.003053,0.000488,-0.016172,-0.016182,-0.001093,0.707105,-0.707109,0.707107,-0.707107,0.000000,0.435927,0.521677,0.000005,0.000000,0.003226,0.004160,-0.000067
26.300,0.179791,0.177583,1.139391,-0.000356,-0.000470,1.275376,0.002772,0.002740,0.000464,-0.015173,-0.015160,-0.001238,0.707106,-0.707108,0.707107,-0.707107,0.000000,0.435988,0.521762,0.000003,0.000000,0.002848,0.004413,-0.000064
26.320,0.179830,0.177622,1.139392,-0.000303,-0.000419,1.275385,0.002478,0.002447,0.000438,-0.014190,-0.014157,-0.001356,0.707106,-0.707107,0.707107,-0.707107,0.000000,0.436042,0.521853,0.000002,0.000000,0.002502,0.004631,-0.000061
26.340,0.179864,0.177655,1.139392,-0.000256,-0.000372,1.275393,0.002204,0.002174,0.000410,-0.013223,-0.013171,-0.001448,0.707107,-0.707107,0.707107,-0.707107,0.000000,0.436088,0.521947,0.000001,0.000000,0.002187,0.004814,-0.000056
26.360,0.179893,0.177683,1.139391,-0.000215,-0.000331,1.275401,0.001949,0.001920,0.000381,-0.012273,-0.012205,-0.001514,0.707107,-0.707106,0.707107,-0.707106,0.000000,0.436129,0.522045,-0.000000,0.000000,0.001901,0.004962,-0.000050
26.380,0.179916,0.177706,1.139390,-0.000178,-0.000295,1.275409,0.001713,0.001685,0.000350,-0.011340,-0.011258,-0.001553,0.707108,-0.707106,0.707107,-0.707106,0.000000,0.436165,0.522146,-0.000001,0.000000,0.001642,0.005071,-0.000044
26.400,0.179935,0.177725,1.139388,-0.000146,-0.000264,1.275415,0.001496,0.001469,0.000319,-0.010427,-0.010334,-0.001567,0.707108,-0.707106,0.707107,-0.707106,0.000000,0.436195,0.522248,-0.000002,0.000000,0.001409,0.005141,-0.000037
26.420,0.179950,0.177739,1.139385,-0.000118,-0.000237,1.275421,0.001296,0.001272,0.000287,-0.009535,-0.009434,-0.001558,0.707108,-0.707105,0.707107,-0.707106,0.000000,0.436221,0.522351,-0.000003,0.000000,0.001201,0.005171,-0.000030
26.440,0.179961,0.177750,1.139381,-0.000094,-0.000213,1.275427,0.001114,0.001092,0.000256,-0.008667,-0.008561,-0.001527,0.707109,-0.707105,0.707107,-0.707106,0.000000,0.436243,0.522454,-0.000003,0.000000,0.001015,0.005159,-0.000023
26.460,0.179969,0.177758,1.139377,-0.000074,-0.000193,1.275432,0.000949,0.000929,0.000226,-0.007825,-0.007716,-0.001477,0.707109,-0.707105,0.707107,-0.707106,0.000000,0.436262,0.522557,-0.000003,0.000000,0.000850,0.005107,-0.000016
26.480,0.179975,0.177763,1.139373,-0.000056,-0.000176,1.275436,0.000801,0.000783,0.000198,-0.007014,-0.006904,-0.001408,0.707109,-0.707105,0.707107,-0.707106,0.000000,0.436277,0.522658,-0.000004,0.000000,0.000705,0.005013,-0.000010
26.500,0.179977,0.177765,1.139368,-0.000041,-0.000161,1.275439,0.000668,0.000653,0.000170,-0.006235,-0.006127,-0.001325,0.707109,-0.707105,0.707107,-0.707106,0.000000,0.436290,0.522757,-0.000004,0.000000,0.000578,0.004880,-0.000004
26.520,0.179978,0.177765,1.139363,-0.000029,-0.000149,1.275443,0.000551,0.000538,0.000145,-0.005492,-0.005388,-0.001230,0.707109,-0.707105,0.707107,-0.707106,0.000000,0.436301,0.522853,-0.000004,0.000000,0.000467,0.004708,0.000002
26.540,0.179977,0.177764,1.139357,-0.000019,-0.000140,1.275445,0.000449,0.000437,0.000121,-0.004788,-0.004690,-0.001125,0.707109,-0.707105,0.707107,-0.707106,0.000000,0.436309,0.522945,-0.000004,0.000000,0.000373,0.004500,0.000007
26.560,0.179975,0.177762,1.139352,-0.000011,-0.000132,1.275447,0.000359,0.000350,0.000100,-0.004126,-0.004035,-0.001013,0.707109,-0.707105,0.707107,-0.707106,0.000000,0.436316,0.523033,-0.000004,0.000000,0.000292,0.004258,0.000011
26.580,0.179971,0.177758,1.139347,-0.000005,-0.000126,1.275449,0.000283,0.000275,0.000081,-0.003510,-0.003427,-0.000898,0.707108,-0.707105,0.707107,-0.707106,0.000000,0.436321,0.523115,-0.000003,0.000000,0.000224,0.003986,0.000014
26.600,0.179967,0.177754,1.139342,0.000000,-0.000121,1.275451,0.000219,0.000212,0.000064,-0.002942,-0.002868,-0.000782,0.707108,-0.707105,0.707107,-0.707106,0.000000,0.436325,0.523192,-0.000003,0.000000,0.000167,0.003687,0.000016
26.620,0.179963,0.177750,1.139337,0.000004,-0.000117,1.275452,0.000165,0.000160,0.000049,-0.002423,-0.002359,-0.000667,0.707108,-0.707105,0.707107,-0.707107,0.000000,0.436328,0.523263,-0.000003,0.000000,0.000121,0.003365,0.000018
26.640,0.179958,0.177745,1.139332,0.000007,-0.000114,1.275453,0.000121,0.000118,0.000037,-0.001956,-0.001901,-0.000557,0.707108,-0.707106,0.707107,-0.707107,0.000000,0.436330,0.523327,-0.000002,0.000000,0.000084,0.003026,0.000019
26.660,0.179954,0.177741,1.139328,0.000009,-0.000112,1.275453,0.000087,0.000084,0.000027,-0.001542,-0.001497,-0.000452,0.707108,-0.707106,0.707107,-0.707107,0.000000,0.436331,0.523384,-0.000002,0.000000,0.000055,0.002673,0.000019
26.680,0.179950,0.177736,1.139324,0.000010,-0.000111,1.275454,0.000059,0.000057,0.000019,-0.001182,-0.001146,-0.000357,0.707108,-0.707106,0.707107,-0.707107,0.000000,0.436332,0.523434,-0.000002,0.000000,0.000033,0.002314,0.000018
26.700,0.179946,0.177732,1.139321,0.000011,-0.000110,1.275454,0.000039,0.000038,0.000013,-0.000875,-0.000847,-0.000271,0.707107,-0.707106,0.707107,-0.707107,0.000000,0.436332,0.523476,-0.000001,0.000000,0.000017,0.001955,0.000017
26.720,0.179942,0.177729,1.139318,0.000012,-0.000109,1.275454,0.000024,0.000023,0.000008,-0.000620,-0.000599,-0.000197,0.707107,-0.707106,0.707107,-0.707107,0.000000,0.436333,0.523512,-0.000001,0.000000,0.000007,0.001602,0.000015
26.740,0.179939,0.177726,1.139316,0.000012,-0.000109,1.275454,0.000014,0.000013,0.000005,-0.000415,-0.000401,-0.000135,0.707107,-0.707106,0.707107,-0.707107,0.000000,0.436333,0.523540,-0.000001,0.000000,0.000000,0.001263,0.000013
26.760,0.179937,0.177724,1.139314,0.000013,-0.000109,1.275454,0.000007,0.000007,0.000002,-0.000258,-0.000249,-0.000086,0.707107,-0.707107,0.707107,-0.707107,0.000000,0.436333,0.523563,-0.000000,0.000000,-0.000003,0.000946,0.000010
26.780,0.179935,0.177722,1.139312,0.000013,-0.000109,1.275455,0.000003,0.000003,0.000001,-0.000144,-0.000139,-0.000049,0.707107,-0.707107,0.707107,-0.707107,0.000000,0.436333,0.523579,-0.000000,0.000000,-0.000004,0.000659,0.000007
26.800,0.179934,0.177721,1.139311,0.000013,-0.000109,1.275455,0.000001,0.000001,0.000000,-0.000068,-0.000066,-0.000024,0.707107,-0.707107,0.707107,-0.707107,0.000000,0.436332,0.523589,-0.000000,0.000000,-0.000004,0.000412,0.000005
26.820,0.179933,0.177720,1.139311,0.000013,-0.000109,1.275455,0.000000,0.000000,0.000000,-0.000025,-0.000024,-0.000009,0.707107,-0.707107,0.707107,-0.707107,0.000000,0.436332,0.523595,-0.000000,0.000000,-0.000003,0.000214,0.000003
26.840,0.179933,0.177720,1.139311,0.000013,-0.000109,1.275455,0.000000,0.000000,0.000000,-0.000005,-0.000005,-0.000002,0.707107,-0.707107,0.707107,-0.707107,0.000000,0.436332,0.523598,-0.000000,0.000000,-0.000001,0.000075,0.000001
26.860,0.179933,0.177720,1.139311,0.000013,-0.000109,1.275455,0.000000,0.000000,0.000000,-0.000000,-0.000000,-0.000000,0.707107,-0.707107,0.707107,-0.707107,0.000000,0.436332,0.523599,-0.000000,0.000000,-0.000000,0.000006,0.000000
