t,ex,ey,ez,cx,cy,cz,vcx,vcy,vcz,acx,acy,acz,b1x,b1y,bex,bey,q1,q2,q3,q4,qd1,qd2,qd3,qd4
0.000,0.179933,0.177720,1.139311,0.000013,-0.000109,1.275455,0.000000,0.000000,0.000000,-0.000000,0.000000,-0.000000,0.707107,-0.707107,0.707107,-0.707107,0.000000,0.436332,0.523599,-0.000000,0.000000,0.000000,0.000000,0.000000
0.020,0.179933,0.177720,1.139311,0.000013,-0.000109,1.275455,0.000000,0.000000,0.000000,0.000002,0.000001,0.000001,0.707107,-0.707107,0.707107,-0.707107,0.000000,0.436332,0.523599,0.000000,0.000000,-0.000001,0.000039,0.000003
0.040,0.179933,0.177719,1.139311,0.000013,-0.000109,1.275455,0.000000,0.000000,0.000000,0.000015,0.000012,0.000005,0.707107,-0.707107,0.707107,-0.707107,0.000000,0.436332,0.523601,0.000000,0.000000,-0.000002,0.000150,0.000011
0.060,0.179932,0.177719,1.139310,0.000013,-0.000109,1.275455,0.000001,0.000001,0.000000,0.000050,0.000038,0.000017,0.707106,-0.707107,0.707106,-0.707107,0.000000,0.436332,0.523605,0.000000,0.000000,-0.000004,0.000321,0.000023
0.080,0.179931,0.177718,1.139310,0.000013,-0.000109,1.275455,0.000002,0.000002,0.000001,0.000114,0.000088,0.000038,0.707105,-0.707108,0.707106,-0.707108,0.000000,0.436332,0.523614,0.000001,0.000000,-0.000005,0.000544,0.000037
0.100,0.179930,0.177716,1.139309,0.000013,-0.000109,1.275455,0.000006,0.000004,0.000002,0.000215,0.000166,0.000069,0.707104,-0.707109,0.707105,-0.707108,0.000000,0.436332,0.523627,0.000002,0.000000,-0.000005,0.000808,0.000052
0.120,0.179928,0.177714,1.139307,0.000013,-0.000108,1.275455,0.000011,0.000009,0.000004,0.000358,0.000279,0.000113,0.707103,-0.707111,0.707104,-0.707109,0.000000,0.436332,0.523647,0.000003,0.000000,-0.000001,0.001104,0.000066
0.140,0.179926,0.177711,1.139305,0.000013,-0.000108,1.275455,0.000020,0.000016,0.000006,0.000547,0.000431,0.000168,0.707101,-0.707113,0.707103,-0.707111,0.000000,0.436332,0.523672,0.000005,0.000000,0.000005,0.001424,0.000080
0.160,0.179923,0.177708,1.139303,0.000014,-0.000108,1.275455,0.000033,0.000026,0.000010,0.000786,0.000624,0.000236,0.707099,-0.707115,0.707101,-0.707112,0.000000,0.436332,0.523704,0.000006,0.000000,0.000017,0.001761,0.000091
0.180,0.179920,0.177704,1.139300,0.000015,-0.000107,1.275455,0.000052,0.000041,0.000016,0.001076,0.000863,0.000314,0.707096,-0.707118,0.707099,-0.707114,0.000000,0.436333,0.523742,0.000008,0.000000,0.000034,0.002105,0.000099
0.200,0.179917,0.177700,1.139297,0.000016,-0.000106,1.275456,0.000077,0.000061,0.000023,0.001418,0.001150,0.000402,0.707093,-0.707121,0.707097,-0.707116,0.000000,0.436334,0.523788,0.000010,0.000000,0.000059,0.002451,0.000104
0.220,0.179913,0.177695,1.139294,0.000018,-0.000105,1.275456,0.000109,0.000087,0.000032,0.001813,0.001486,0.000497,0.707090,-0.707124,0.707095,-0.707119,0.000000,0.436335,0.523840,0.000012,0.000000,0.000092,0.002792,0.000105
0.240,0.179909,0.177690,1.139290,0.000020,-0.000103,1.275457,0.000150,0.000121,0.000043,0.002261,0.001872,0.000599,0.707087,-0.707127,0.707093,-0.707121,0.000000,0.436337,0.523899,0.000014,0.000000,0.000134,0.003121,0.000101
0.260,0.179906,0.177685,1.139286,0.000024,-0.000100,1.275458,0.000200,0.000163,0.000056,0.002759,0.002309,0.000705,0.707083,-0.707130,0.707090,-0.707123,0.000000,0.436341,0.523965,0.000016,0.000000,0.000187,0.003434,0.000093
0.280,0.179903,0.177680,1.139281,0.000028,-0.000096,1.275459,0.000260,0.000214,0.000071,0.003306,0.002798,0.000811,0.707080,-0.707133,0.707088,-0.707126,0.000000,0.436345,0.524037,0.000018,0.000000,0.000253,0.003724,0.000079
0.300,0.179900,0.177675,1.139277,0.000034,-0.000091,1.275461,0.000332,0.000275,0.000088,0.003900,0.003337,0.000916,0.707077,-0.707136,0.707085,-0.707128,0.000000,0.436351,0.524114,0.000020,0.000000,0.000333,0.003988,0.000061
0.320,0.179898,0.177672,1.139272,0.000042,-0.000085,1.275463,0.000417,0.000347,0.000108,0.004538,0.003927,0.001017,0.707075,-0.707139,0.707083,-0.707131,0.000000,0.436358,0.524196,0.000021,0.000000,0.000428,0.004221,0.000038
0.340,0.179898,0.177669,1.139268,0.000051,-0.000077,1.275465,0.000514,0.000432,0.000129,0.005216,0.004566,0.001110,0.707072,-0.707141,0.707081,-0.707133,0.000000,0.436368,0.524282,0.000021,0.000000,0.000539,0.004420,0.000010
0.360,0.179899,0.177668,1.139263,0.000062,-0.000068,1.275468,0.000626,0.000530,0.000152,0.005931,0.005253,0.001194,0.707070,-0.707143,0.707079,-0.707135,0.000000,0.436380,0.524373,0.000021,0.000000,0.000670,0.004581,-0.000023
0.380,0.179901,0.177668,1.139259,0.000076,-0.000056,1.275471,0.000752,0.000643,0.000177,0.006681,0.005987,0.001264,0.707069,-0.707145,0.707077,-0.707136,0.000000,0.436395,0.524465,0.000020,0.000000,0.000821,0.004702,-0.000059
0.400,0.179906,0.177670,1.139255,0.000093,-0.000042,1.275475,0.000893,0.000770,0.000203,0.007461,0.006766,0.001318,0.707068,-0.707145,0.707076,-0.707138,0.000000,0.436413,0.524560,0.000019,0.000000,0.000994,0.004780,-0.000099
0.420,0.179914,0.177675,1.139251,0.000112,-0.000025,1.275479,0.001050,0.000914,0.000229,0.008268,0.007587,0.001353,0.707069,-0.707145,0.707075,-0.707139,0.000000,0.436435,0.524656,0.000016,0.000000,0.001190,0.004814,-0.000142
0.440,0.179924,0.177683,1.139247,0.000135,-0.000005,1.275484,0.001224,0.001074,0.000257,0.009098,0.008450,0.001368,0.707069,-0.707144,0.707075,-0.707139,0.000000,0.436461,0.524753,0.000013,0.000000,0.001413,0.004803,-0.000186
0.460,0.179938,0.177694,1.139244,0.000161,0.000018,1.275489,0.001414,0.001252,0.000284,0.009950,0.009351,0.001360,0.707071,-0.707142,0.707075,-0.707139,0.000000,0.436491,0.524848,0.000009,0.000000,0.001663,0.004746,-0.000231
0.480,0.179956,0.177708,1.139242,0.000191,0.000045,1.275495,0.001622,0.001448,0.000311,0.010820,0.010290,0.001327,0.707074,-0.707140,0.707075,-0.707138,0.000000,0.436527,0.524942,0.000004,0.000000,0.001942,0.004642,-0.000277
0.500,0.179978,0.177727,1.139240,0.000226,0.000076,1.275502,0.001847,0.001664,0.000337,0.011705,0.011263,0.001267,0.707078,-0.707136,0.707076,-0.707137,0.000000,0.436569,0.525034,-0.000002,0.000000,0.002253,0.004492,-0.000321
0.520,0.180004,0.177751,1.139239,0.000265,0.000112,1.275509,0.002090,0.001899,0.000361,0.012606,0.012269,0.001180,0.707082,-0.707132,0.707078,-0.707135,0.000000,0.436618,0.525122,-0.000009,0.000000,0.002598,0.004297,-0.000362
0.540,0.180036,0.177780,1.139238,0.000310,0.000152,1.275516,0.002352,0.002155,0.000384,0.013519,0.013305,0.001066,0.707087,-0.707126,0.707080,-0.707133,0.000000,0.436674,0.525205,-0.000017,0.000000,0.002979,0.004057,-0.000400
0.560,0.180073,0.177814,1.139238,0.000360,0.000198,1.275524,0.002631,0.002431,0.000404,0.014446,0.014371,0.000923,0.707093,-0.707120,0.707083,-0.707130,0.000000,0.436737,0.525283,-0.000025,0.000000,0.003397,0.003773,-0.000433
0.580,0.180116,0.177854,1.139239,0.000415,0.000250,1.275532,0.002929,0.002730,0.000421,0.015385,0.015463,0.000753,0.707100,-0.707113,0.707086,-0.707127,0.000000,0.436810,0.525356,-0.000034,0.000000,0.003855,0.003445,-0.000461
0.600,0.180166,0.177901,1.139240,0.000477,0.000307,1.275541,0.003247,0.003050,0.000434,0.016338,0.016581,0.000556,0.707108,-0.707106,0.707090,-0.707124,0.000000,0.436892,0.525421,-0.000044,0.000000,0.004354,0.003073,-0.000482
0.620,0.180222,0.177955,1.139242,0.000545,0.000372,1.275550,0.003583,0.003393,0.000443,0.017305,0.017723,0.000333,0.707116,-0.707098,0.707094,-0.707120,0.000000,0.436984,0.525478,-0.000053,0.000000,0.004897,0.002658,-0.000495
0.640,0.180285,0.178017,1.139245,0.000620,0.000443,1.275559,0.003939,0.003759,0.000447,0.018287,0.018888,0.000085,0.707124,-0.707090,0.707098,-0.707115,0.000000,0.437088,0.525527,-0.000063,0.000000,0.005484,0.002200,-0.000501
0.660,0.180357,0.178086,1.139248,0.000703,0.000522,1.275568,0.004315,0.004149,0.000446,0.019287,0.020073,-0.000186,0.707132,-0.707081,0.707103,-0.707111,0.000000,0.437204,0.525566,-0.000073,0.000000,0.006119,0.001698,-0.000499
0.680,0.180436,0.178164,1.139252,0.000793,0.000609,1.275577,0.004711,0.004562,0.000439,0.020305,0.021278,-0.000479,0.707141,-0.707073,0.707107,-0.707106,0.000000,0.437333,0.525595,-0.000083,0.000000,0.006801,0.001153,-0.000488
0.700,0.180525,0.178252,1.139256,0.000891,0.000705,1.275585,0.005127,0.005000,0.000427,0.021343,0.022501,-0.000790,0.707149,-0.707064,0.707112,-0.707102,0.000000,0.437476,0.525612,-0.000093,0.000000,0.007534,0.000563,-0.000469
0.720,0.180622,0.178349,1.139261,0.000998,0.000810,1.275594,0.005564,0.005462,0.000408,0.022405,0.023742,-0.001119,0.707158,-0.707056,0.707117,-0.707097,0.000000,0.437635,0.525617,-0.000102,0.000000,0.008318,-0.000073,-0.000442
0.740,0.180729,0.178456,1.139266,0.001114,0.000924,1.275601,0.006023,0.005950,0.000382,0.023491,0.024999,-0.001463,0.707166,-0.707048,0.707121,-0.707092,0.000000,0.437809,0.525609,-0.000110,0.000000,0.009155,-0.000754,-0.000407
0.760,0.180847,0.178574,1.139271,0.001239,0.001048,1.275609,0.006504,0.006462,0.000349,0.024605,0.026272,-0.001819,0.707173,-0.707040,0.707126,-0.707088,0.000000,0.438001,0.525586,-0.000118,0.000000,0.010045,-0.001481,-0.000364
0.780,0.180975,0.178703,1.139277,0.001374,0.001182,1.275615,0.007008,0.007001,0.000309,0.025748,0.027559,-0.002185,0.707180,-0.707034,0.707130,-0.707084,0.000000,0.438211,0.525549,-0.000125,0.000000,0.010992,-0.002257,-0.000313
0.800,0.181114,0.178844,1.139282,0.001520,0.001328,1.275621,0.007534,0.007565,0.000262,0.026922,0.028860,-0.002558,0.707186,-0.707028,0.707133,-0.707080,0.000000,0.438441,0.525496,-0.000131,0.000000,0.011995,-0.003083,-0.000256
0.820,0.181265,0.178997,1.139288,0.001676,0.001485,1.275626,0.008085,0.008155,0.000207,0.028130,0.030174,-0.002936,0.707191,-0.707023,0.707136,-0.707077,0.000000,0.438692,0.525425,-0.000135,0.000000,0.013055,-0.003958,-0.000193
0.840,0.181429,0.179163,1.139294,0.001843,0.001654,1.275629,0.008660,0.008772,0.000144,0.029374,0.031501,-0.003316,0.707194,-0.707019,0.707139,-0.707075,0.000000,0.438964,0.525337,-0.000138,0.000000,0.014175,-0.004887,-0.000125
0.860,0.181606,0.179343,1.139300,0.002023,0.001836,1.275631,0.009260,0.009415,0.000074,0.030654,0.032841,-0.003696,0.707197,-0.707017,0.707141,-0.707073,0.000000,0.439259,0.525230,-0.000140,0.000000,0.015355,-0.005869,-0.000053
0.880,0.181796,0.179537,1.139306,0.002214,0.002031,1.275632,0.009886,0.010086,-0.000004,0.031973,0.034192,-0.004074,0.707198,-0.707015,0.707142,-0.707072,0.000000,0.439578,0.525102,-0.000141,0.000000,0.016596,-0.006907,0.000022
0.900,0.182000,0.179745,1.139312,0.002418,0.002240,1.275631,0.010539,0.010783,-0.000089,0.033332,0.035555,-0.004447,0.707198,-0.707016,0.707142,-0.707072,0.000000,0.439923,0.524953,-0.000139,0.000000,0.017898,-0.008003,0.000098
0.920,0.182220,0.179969,1.139317,0.002636,0.002463,1.275629,0.011220,0.011508,-0.000182,0.034731,0.036930,-0.004813,0.707196,-0.707018,0.707141,-0.707073,0.000000,0.440295,0.524781,-0.000137,0.000000,0.019264,-0.009159,0.000174
0.940,0.182454,0.180209,1.139322,0.002867,0.002700,1.275624,0.011929,0.012260,-0.000281,0.036170,0.038317,-0.005171,0.707192,-0.707021,0.707139,-0.707074,0.000000,0.440694,0.524586,-0.000132,0.000000,0.020693,-0.010378,0.000248
0.960,0.182705,0.180466,1.139327,0.003113,0.002953,1.275617,0.012667,0.013041,-0.000388,0.037650,0.039715,-0.005518,0.707187,-0.707026,0.707136,-0.707077,0.000000,0.441123,0.524366,-0.000127,0.000000,0.022186,-0.011662,0.000319
0.980,0.182973,0.180739,1.139331,0.003374,0.003222,1.275608,0.013435,0.013849,-0.000502,0.039170,0.041126,-0.005854,0.707180,-0.707033,0.707132,-0.707081,0.000000,0.441582,0.524119,-0.000120,0.000000,0.023744,-0.013014,0.000385
1.000,0.183258,0.181031,1.139334,0.003651,0.003507,1.275597,0.014234,0.014686,-0.000622,0.040728,0.042548,-0.006177,0.707172,-0.707042,0.707127,-0.707086,0.000000,0.442073,0.523845,-0.000111,0.000000,0.025368,-0.014437,0.000444
1.020,0.183562,0.181341,1.139338,0.003944,0.003810,1.275583,0.015064,0.015551,-0.000749,0.042322,0.043984,-0.006486,0.707162,-0.707052,0.707121,-0.707093,0.000000,0.442597,0.523541,-0.000102,0.000000,0.027058,-0.015933,0.000493
1.040,0.183884,0.181670,1.139340,0.004253,0.004130,1.275567,0.015927,0.016445,-0.000882,0.043951,0.045432,-0.006782,0.707150,-0.707063,0.707113,-0.707100,0.000000,0.443156,0.523207,-0.000092,0.000000,0.028815,-0.017505,0.000530
1.060,0.184226,0.182019,1.139343,0.004581,0.004468,1.275548,0.016823,0.017368,-0.001020,0.045610,0.046894,-0.007063,0.707137,-0.707077,0.707105,-0.707109,0.000000,0.443750,0.522841,-0.000081,0.000000,0.030638,-0.019156,0.000554
1.080,0.184589,0.182388,1.139344,0.004927,0.004824,1.275526,0.017752,0.018321,-0.001164,0.047297,0.048371,-0.007331,0.707123,-0.707091,0.707095,-0.707119,0.000000,0.444382,0.522440,-0.000070,0.000000,0.032529,-0.020888,0.000564
1.100,0.184973,0.182779,1.139345,0.005291,0.005201,1.275502,0.018715,0.019303,-0.001313,0.049006,0.049863,-0.007585,0.707107,-0.707107,0.707083,-0.707130,0.000000,0.445052,0.522004,-0.000058,0.000000,0.034487,-0.022702,0.000558
1.120,0.185380,0.183192,1.139346,0.005675,0.005597,1.275474,0.019712,0.020316,-0.001468,0.050734,0.051370,-0.007827,0.707090,-0.707124,0.707071,-0.707143,0.000000,0.445762,0.521532,-0.000047,0.000000,0.036511,-0.024601,0.000534
1.140,0.185809,0.183627,1.139346,0.006080,0.006014,1.275443,0.020744,0.021358,-0.001626,0.052476,0.052894,-0.008057,0.707072,-0.707141,0.707057,-0.707156,0.000000,0.446513,0.521020,-0.000037,0.000000,0.038603,-0.026586,0.000493
1.160,0.186262,0.184086,1.139345,0.006505,0.006451,1.275409,0.021811,0.022431,-0.001790,0.054226,0.054435,-0.008275,0.707054,-0.707160,0.707043,-0.707171,0.000000,0.447306,0.520468,-0.000028,0.000000,0.040761,-0.028657,0.000433
1.180,0.186740,0.184569,1.139344,0.006953,0.006911,1.275371,0.022913,0.023536,-0.001957,0.055980,0.055993,-0.008484,0.707035,-0.707179,0.707027,-0.707187,0.000000,0.448144,0.519873,-0.000020,0.000000,0.042985,-0.030816,0.000355
1.200,0.187243,0.185077,1.139343,0.007422,0.007393,1.275330,0.024050,0.024671,-0.002129,0.057731,0.057569,-0.008685,0.707015,-0.707199,0.707009,-0.707204,0.000000,0.449026,0.519234,-0.000014,0.000000,0.045275,-0.033063,0.000257
1.220,0.187772,0.185611,1.139341,0.007915,0.007898,1.275286,0.025222,0.025839,-0.002305,0.059474,0.059163,-0.008879,0.706995,-0.707219,0.706991,-0.707223,0.000000,0.449955,0.518550,-0.000010,0.000000,0.047630,-0.035399,0.000141
1.240,0.188329,0.186171,1.139339,0.008431,0.008427,1.275238,0.026429,0.027038,-0.002484,0.061202,0.060776,-0.009067,0.706975,-0.707239,0.706971,-0.707243,0.000000,0.450932,0.517818,-0.000008,0.000000,0.050048,-0.037822,0.000007
1.260,0.188913,0.186758,1.139336,0.008972,0.008980,1.275187,0.027670,0.028270,-0.002667,0.062911,0.062406,-0.009251,0.706954,-0.707259,0.706950,-0.707264,0.000000,0.451957,0.517036,-0.000010,0.000000,0.052530,-0.040333,-0.000146
1.280,0.189526,0.187373,1.139334,0.009538,0.009558,1.275131,0.028945,0.029534,-0.002854,0.064594,0.064055,-0.009432,0.706934,-0.707280,0.706928,-0.707286,0.000000,0.453033,0.516204,-0.000014,0.000000,0.055074,-0.042932,-0.000315
1.300,0.190169,0.188017,1.139330,0.010130,0.010161,1.275072,0.030254,0.030832,-0.003045,0.066245,0.065722,-0.009613,0.706913,-0.707300,0.706904,-0.707310,0.000000,0.454161,0.515319,-0.000022,0.000000,0.057679,-0.045617,-0.000501
1.320,0.190842,0.188690,1.139327,0.010749,0.010791,1.275010,0.031595,0.032163,-0.003239,0.067859,0.067405,-0.009793,0.706893,-0.707321,0.706878,-0.707335,0.000000,0.455341,0.514379,-0.000034,0.000000,0.060344,-0.048387,-0.000702
1.340,0.191547,0.189393,1.139324,0.011394,0.011448,1.274943,0.032968,0.033528,-0.003436,0.069430,0.069105,-0.009976,0.706872,-0.707341,0.706851,-0.707362,0.000000,0.456575,0.513383,-0.000050,0.000000,0.063067,-0.051241,-0.000915
1.360,0.192283,0.190128,1.139320,0.012068,0.012133,1.274872,0.034372,0.034928,-0.003638,0.070953,0.070820,-0.010162,0.706852,-0.707362,0.706823,-0.707391,0.000000,0.457864,0.512329,-0.000071,0.000000,0.065846,-0.054176,-0.001141
1.380,0.193052,0.190894,1.139317,0.012769,0.012845,1.274797,0.035806,0.036361,-0.003843,0.072423,0.072548,-0.010352,0.706831,-0.707382,0.706792,-0.707421,0.000000,0.459209,0.511215,-0.000096,0.000000,0.068681,-0.057192,-0.001376
1.400,0.193854,0.191692,1.139313,0.013500,0.013587,1.274718,0.037268,0.037830,-0.004052,0.073836,0.074288,-0.010547,0.706810,-0.707403,0.706759,-0.707454,0.000000,0.460612,0.510040,-0.000126,0.000000,0.071568,-0.060286,-0.001619
1.420,0.194691,0.192524,1.139310,0.014260,0.014359,1.274635,0.038759,0.039333,-0.004265,0.075187,0.076037,-0.010749,0.706789,-0.707424,0.706724,-0.707489,0.000000,0.462072,0.508803,-0.000161,0.000000,0.074507,-0.063454,-0.001866
1.440,0.195563,0.193390,1.139307,0.015051,0.015161,1.274548,0.040275,0.040871,-0.004482,0.076472,0.077793,-0.010957,0.706767,-0.707446,0.706687,-0.707527,0.000000,0.463592,0.507502,-0.000201,0.000000,0.077496,-0.066695,-0.002116
1.460,0.196470,0.194291,1.139303,0.015871,0.015994,1.274456,0.041817,0.042445,-0.004703,0.077689,0.079553,-0.011173,0.706745,-0.707469,0.706646,-0.707567,0.000000,0.465172,0.506135,-0.000246,0.000000,0.080531,-0.070005,-0.002366
1.480,0.197414,0.195227,1.139300,0.016723,0.016859,1.274360,0.043383,0.044053,-0.004929,0.078834,0.081314,-0.011397,0.706721,-0.707493,0.706602,-0.707611,0.000000,0.466814,0.504701,-0.000295,0.000000,0.083611,-0.073380,-0.002612
1.500,0.198394,0.196199,1.139297,0.017607,0.017756,1.274259,0.044970,0.045697,-0.005159,0.079906,0.083072,-0.011628,0.706695,-0.707518,0.706555,-0.707658,0.000000,0.468517,0.503199,-0.000350,0.000000,0.086734,-0.076818,-0.002851
1.520,0.199412,0.197207,1.139295,0.018522,0.018687,1.274153,0.046578,0.047376,-0.005394,0.080903,0.084823,-0.011866,0.706667,-0.707546,0.706504,-0.707709,0.000000,0.470283,0.501628,-0.000409,0.000000,0.089897,-0.080313,-0.003080
1.540,0.200468,0.198254,1.139293,0.019470,0.019652,1.274043,0.048206,0.049090,-0.005634,0.081825,0.086561,-0.012111,0.706637,-0.707576,0.706448,-0.707765,0.000000,0.472113,0.499986,-0.000473,0.000000,0.093096,-0.083863,-0.003295
1.560,0.201563,0.199338,1.139291,0.020451,0.020651,1.273928,0.049851,0.050838,-0.005878,0.082670,0.088281,-0.012361,0.706603,-0.707610,0.706387,-0.707826,0.000000,0.474008,0.498273,-0.000541,0.000000,0.096330,-0.087462,-0.003495
1.580,0.202697,0.200461,1.139289,0.021464,0.021685,1.273808,0.051512,0.052621,-0.006128,0.083441,0.089980,-0.012616,0.706566,-0.707648,0.706321,-0.707892,0.000000,0.475967,0.496487,-0.000613,0.000000,0.099595,-0.091107,-0.003675
1.600,0.203871,0.201624,1.139287,0.022511,0.022756,1.273683,0.053188,0.054437,-0.006383,0.084137,0.091649,-0.012873,0.706523,-0.707690,0.706249,-0.707964,0.000000,0.477992,0.494629,-0.000688,0.000000,0.102887,-0.094792,-0.003835
1.620,0.205085,0.202826,1.139286,0.023592,0.023863,1.273552,0.054877,0.056287,-0.006643,0.084759,0.093285,-0.013132,0.706475,-0.707738,0.706170,-0.708042,0.000000,0.480082,0.492696,-0.000766,0.000000,0.106204,-0.098513,-0.003972
1.640,0.206340,0.204069,1.139286,0.024706,0.025008,1.273417,0.056578,0.058169,-0.006908,0.085311,0.094880,-0.013390,0.706421,-0.707792,0.706084,-0.708128,0.000000,0.482240,0.490688,-0.000847,0.000000,0.109540,-0.102265,-0.004086
1.660,0.207635,0.205353,1.139285,0.025855,0.026190,1.273276,0.058289,0.060082,-0.007179,0.085792,0.096429,-0.013646,0.706360,-0.707853,0.705990,-0.708222,0.000000,0.484464,0.488605,-0.000929,0.000000,0.112892,-0.106043,-0.004174
1.680,0.208972,0.206678,1.139285,0.027038,0.027411,1.273130,0.060009,0.062025,-0.007454,0.086207,0.097926,-0.013897,0.706291,-0.707922,0.705887,-0.708324,0.000000,0.486756,0.486446,-0.001013,0.000000,0.116256,-0.109841,-0.004237
1.700,0.210351,0.208044,1.139286,0.028255,0.028671,1.272978,0.061737,0.063998,-0.007735,0.086558,0.099364,-0.014141,0.706213,-0.708000,0.705775,-0.708436,0.000000,0.489114,0.484211,-0.001099,0.000000,0.119627,-0.113654,-0.004273
1.720,0.211772,0.209454,1.139286,0.029508,0.029971,1.272820,0.063471,0.065999,-0.008020,0.086846,0.100737,-0.014376,0.706125,-0.708087,0.705653,-0.708557,0.000000,0.491541,0.481900,-0.001184,0.000000,0.123001,-0.117476,-0.004283
1.740,0.213236,0.210905,1.139287,0.030794,0.031311,1.272657,0.065210,0.068027,-0.008310,0.087075,0.102040,-0.014599,0.706026,-0.708186,0.705521,-0.708689,0.000000,0.494034,0.479512,-0.001270,0.000000,0.126373,-0.121302,-0.004267
1.760,0.214742,0.212400,1.139288,0.032116,0.032692,1.272488,0.066954,0.070081,-0.008604,0.087249,0.103267,-0.014807,0.705915,-0.708296,0.705376,-0.708833,0.000000,0.496596,0.477048,-0.001355,0.000000,0.129737,-0.125126,-0.004226
1.780,0.216291,0.213937,1.139290,0.033473,0.034115,1.272313,0.068700,0.072158,-0.008902,0.087369,0.104413,-0.014998,0.705792,-0.708419,0.705220,-0.708989,0.000000,0.499224,0.474507,-0.001439,0.000000,0.133088,-0.128940,-0.004160
1.800,0.217884,0.215518,1.139292,0.034864,0.035579,1.272132,0.070448,0.074257,-0.009203,0.087439,0.105472,-0.015170,0.705655,-0.708556,0.705050,-0.709158,0.000000,0.501919,0.471890,-0.001521,0.000000,0.136421,-0.132741,-0.004070
1.820,0.219519,0.217143,1.139294,0.036290,0.037085,1.271945,0.072197,0.076376,-0.009508,0.087461,0.106441,-0.015320,0.705503,-0.708707,0.704866,-0.709341,0.000000,0.504680,0.469198,-0.001601,0.000000,0.139729,-0.136519,-0.003959
1.840,0.221199,0.218810,1.139296,0.037752,0.038634,1.271751,0.073946,0.078514,-0.009816,0.087439,0.107314,-0.015445,0.705336,-0.708874,0.704667,-0.709538,0.000000,0.507508,0.466430,-0.001679,0.000000,0.143007,-0.140270,-0.003829
1.860,0.222922,0.220522,1.139298,0.039248,0.040226,1.271552,0.075694,0.080668,-0.010126,0.087374,0.108089,-0.015543,0.705151,-0.709057,0.704453,-0.709751,0.000000,0.510401,0.463587,-0.001754,0.000000,0.146249,-0.143986,-0.003680
1.880,0.224689,0.222277,1.139301,0.040780,0.041861,1.271346,0.077441,0.082836,-0.010438,0.087268,0.108761,-0.015611,0.704949,-0.709258,0.704222,-0.709980,0.000000,0.513358,0.460670,-0.001826,0.000000,0.149448,-0.147660,-0.003517
1.900,0.226499,0.224076,1.139303,0.042346,0.043539,1.271135,0.079185,0.085018,-0.010750,0.087124,0.109330,-0.015647,0.704729,-0.709477,0.703974,-0.710226,0.000000,0.516378,0.457681,-0.001895,0.000000,0.152597,-0.151285,-0.003342
1.920,0.228354,0.225919,1.139306,0.043947,0.045262,1.270916,0.080926,0.087209,-0.011063,0.086943,0.109792,-0.015648,0.704489,-0.709715,0.703707,-0.710490,0.000000,0.519461,0.454619,-0.001960,0.000000,0.155691,-0.154854,-0.003158
1.940,0.230253,0.227804,1.139309,0.045583,0.047028,1.270692,0.082662,0.089408,-0.011376,0.086726,0.110147,-0.015613,0.704228,-0.709974,0.703422,-0.710772,0.000000,0.522605,0.451487,-0.002021,0.000000,0.158720,-0.158359,-0.002969
1.960,0.232196,0.229733,1.139312,0.047253,0.048838,1.270461,0.084394,0.091614,-0.011687,0.086474,0.110395,-0.015540,0.703946,-0.710253,0.703117,-0.711074,0.000000,0.525809,0.448286,-0.002079,0.000000,0.161679,-0.161793,-0.002779
1.980,0.234183,0.231704,1.139315,0.048959,0.050692,1.270225,0.086121,0.093824,-0.011997,0.086186,0.110537,-0.015426,0.703642,-0.710555,0.702791,-0.711397,0.000000,0.529072,0.445016,-0.002132,0.000000,0.164560,-0.165147,-0.002593
2.000,0.236214,0.233718,1.139318,0.050698,0.052591,1.269981,0.087842,0.096035,-0.012304,0.085863,0.110573,-0.015270,0.703315,-0.710878,0.702443,-0.711740,0.000000,0.532391,0.441680,-0.002182,0.000000,0.167354,-0.168414,-0.002414
2.020,0.238288,0.235774,1.139320,0.052472,0.054534,1.269732,0.089555,0.098246,-0.012608,0.085503,0.110507,-0.015070,0.702964,-0.711225,0.702073,-0.712105,0.000000,0.535765,0.438280,-0.002229,0.000000,0.170055,-0.171586,-0.002247
2.040,0.240407,0.237872,1.139323,0.054280,0.056521,1.269477,0.091261,0.100454,-0.012907,0.085105,0.110342,-0.014826,0.702589,-0.711596,0.701680,-0.712492,0.000000,0.539193,0.434817,-0.002272,0.000000,0.172654,-0.174655,-0.002097
2.060,0.242570,0.240011,1.139325,0.056123,0.058552,1.269216,0.092959,0.102659,-0.013200,0.084665,0.110082,-0.014536,0.702189,-0.711990,0.701263,-0.712902,0.000000,0.542671,0.431295,-0.002313,0.000000,0.175144,-0.177612,-0.001967
2.080,0.244776,0.242191,1.139328,0.057999,0.060627,1.268949,0.094648,0.104857,-0.013488,0.084183,0.109733,-0.014200,0.701763,-0.712410,0.700821,-0.713337,0.000000,0.546198,0.427714,-0.002351,0.000000,0.177518,-0.180451,-0.001861
2.100,0.247025,0.244410,1.139330,0.059909,0.062746,1.268677,0.096326,0.107048,-0.013768,0.083654,0.109299,-0.013816,0.701311,-0.712855,0.700354,-0.713796,0.000000,0.549771,0.424077,-0.002388,0.000000,0.179767,-0.183162,-0.001781
2.120,0.249318,0.246669,1.139332,0.061852,0.064909,1.268399,0.097994,0.109229,-0.014040,0.083075,0.108787,-0.013385,0.700832,-0.713326,0.699860,-0.714280,0.000000,0.553388,0.420388,-0.002423,0.000000,0.181884,-0.185739,-0.001729
2.140,0.251654,0.248967,1.139333,0.063828,0.067115,1.268115,0.099649,0.111399,-0.014303,0.082443,0.108204,-0.012906,0.700325,-0.713824,0.699338,-0.714791,0.000000,0.557045,0.416649,-0.002457,0.000000,0.183862,-0.188173,-0.001707
2.160,0.254032,0.251302,1.139334,0.065838,0.069365,1.267827,0.101291,0.113556,-0.014556,0.081755,0.107556,-0.012379,0.699791,-0.714348,0.698789,-0.715328,0.000000,0.560741,0.412862,-0.002491,0.000000,0.185693,-0.190458,-0.001716
2.180,0.256453,0.253675,1.139335,0.067880,0.071657,1.267533,0.102919,0.115700,-0.014798,0.081005,0.106851,-0.011804,0.699227,-0.714900,0.698210,-0.715893,0.000000,0.564472,0.409032,-0.002526,0.000000,0.187372,-0.192585,-0.001757
2.200,0.258917,0.256085,1.139336,0.069954,0.073993,1.267235,0.104531,0.117830,-0.015028,0.080191,0.106095,-0.011182,0.698634,-0.715480,0.697601,-0.716486,0.000000,0.568235,0.405160,-0.002562,0.000000,0.188889,-0.194548,-0.001830
2.220,0.261422,0.258530,1.139336,0.072061,0.076370,1.266932,0.106126,0.119944,-0.015245,0.079308,0.105297,-0.010512,0.698010,-0.716088,0.696962,-0.717108,0.000000,0.572026,0.401251,-0.002599,0.000000,0.190238,-0.196338,-0.001936
2.240,0.263968,0.261009,1.139336,0.074199,0.078790,1.266625,0.107703,0.122042,-0.015448,0.078353,0.104463,-0.009795,0.697356,-0.716725,0.696290,-0.717761,0.000000,0.575843,0.397308,-0.002639,0.000000,0.191413,-0.197949,-0.002073
2.260,0.266556,0.263523,1.139335,0.076369,0.081252,1.266314,0.109259,0.124122,-0.015636,0.077321,0.103601,-0.009033,0.696671,-0.717391,0.695586,-0.718443,0.000000,0.579682,0.393334,-0.002682,0.000000,0.192406,-0.199372,-0.002240
2.280,0.269184,0.266070,1.139334,0.078569,0.083755,1.266000,0.110795,0.126186,-0.015809,0.076210,0.102717,-0.008225,0.695952,-0.718088,0.694847,-0.719157,0.000000,0.583538,0.389334,-0.002729,0.000000,0.193211,-0.200602,-0.002435
2.300,0.271852,0.268649,1.139333,0.080800,0.086299,1.265682,0.112307,0.128231,-0.015965,0.075016,0.101819,-0.007373,0.695201,-0.718815,0.694074,-0.719904,0.000000,0.587409,0.385311,-0.002780,0.000000,0.193820,-0.201631,-0.002657
2.320,0.274560,0.271258,1.139332,0.083062,0.088884,1.265361,0.113795,0.130258,-0.016104,0.073737,0.100911,-0.006477,0.694416,-0.719574,0.693264,-0.720683,0.000000,0.591290,0.381270,-0.002836,0.000000,0.194227,-0.202451,-0.002903
2.340,0.277308,0.273898,1.139329,0.085352,0.091510,1.265038,0.115256,0.132267,-0.016224,0.072369,0.100001,-0.005540,0.693595,-0.720365,0.692418,-0.721497,0.000000,0.595176,0.377215,-0.002896,0.000000,0.194426,-0.203057,-0.003169
2.360,0.280093,0.276567,1.139327,0.087672,0.094175,1.264712,0.116689,0.134258,-0.016325,0.070912,0.099093,-0.004562,0.692739,-0.721189,0.691532,-0.722346,0.000000,0.599065,0.373149,-0.002962,0.000000,0.194410,-0.203440,-0.003452
2.380,0.282917,0.279265,1.139325,0.090019,0.096880,1.264385,0.118092,0.136231,-0.016406,0.069362,0.098192,-0.003545,0.691845,-0.722047,0.690607,-0.723230,0.000000,0.602951,0.369079,-0.003034,0.000000,0.194172,-0.203594,-0.003749
2.400,0.285779,0.281989,1.139322,0.092395,0.099624,1.264056,0.119463,0.138186,-0.016467,0.067721,0.097300,-0.002491,0.690912,-0.722939,0.689641,-0.724151,0.000000,0.606831,0.365007,-0.003112,0.000000,0.193707,-0.203513,-0.004053
2.420,0.288677,0.284739,1.139319,0.094798,0.102407,1.263726,0.120800,0.140123,-0.016506,0.065987,0.096422,-0.001400,0.689940,-0.723867,0.688632,-0.725111,0.000000,0.610698,0.360940,-0.003197,0.000000,0.193007,-0.203189,-0.004361
2.440,0.291611,0.287515,1.139315,0.097227,0.105229,1.263396,0.122102,0.142043,-0.016522,0.064161,0.095557,-0.000275,0.688926,-0.724832,0.687579,-0.726109,0.000000,0.614549,0.356881,-0.003287,0.000000,0.192067,-0.202616,-0.004667
2.460,0.294581,0.290314,1.139312,0.099682,0.108089,1.263066,0.123366,0.143946,-0.016516,0.062244,0.094708,0.000883,0.687869,-0.725835,0.686481,-0.727148,0.000000,0.618379,0.352837,-0.003383,0.000000,0.190880,-0.201788,-0.004964
2.480,0.297585,0.293136,1.139308,0.102161,0.110986,1.262736,0.124591,0.145831,-0.016487,0.060239,0.093873,0.002071,0.686768,-0.726877,0.685336,-0.728227,0.000000,0.622183,0.348812,-0.003485,0.000000,0.189441,-0.200697,-0.005247
2.500,0.300623,0.295980,1.139305,0.104665,0.113922,1.262406,0.125775,0.147701,-0.016433,0.058148,0.093050,0.003288,0.685620,-0.727959,0.684141,-0.729350,0.000000,0.625955,0.344811,-0.003593,0.000000,0.187743,-0.199338,-0.005508
2.520,0.303695,0.298845,1.139301,0.107192,0.116894,1.262078,0.126916,0.149553,-0.016355,0.055977,0.092237,0.004531,0.684425,-0.729084,0.682896,-0.730515,0.000000,0.629691,0.340840,-0.003706,0.000000,0.185782,-0.197704,-0.005741
2.540,0.306799,0.301729,1.139298,0.109741,0.119904,1.261752,0.128014,0.151390,-0.016252,0.053729,0.091429,0.005799,0.683178,-0.730252,0.681599,-0.731726,0.000000,0.633385,0.336904,-0.003822,0.000000,0.183551,-0.195790,-0.005940
2.560,0.309934,0.304632,1.139294,0.112312,0.122950,1.261429,0.129065,0.153211,-0.016123,0.051410,0.090621,0.007089,0.681879,-0.731465,0.680247,-0.732983,0.000000,0.637031,0.333010,-0.003943,0.000000,0.181048,-0.193592,-0.006099
2.580,0.313100,0.307551,1.139291,0.114904,0.126032,1.261108,0.130070,0.155015,-0.015968,0.049028,0.089806,0.008399,0.680525,-0.732725,0.678838,-0.734288,0.000000,0.640625,0.329163,-0.004066,0.000000,0.178269,-0.191105,-0.006214
2.600,0.316297,0.310487,1.139288,0.117515,0.129150,1.260790,0.131026,0.156803,-0.015787,0.046589,0.088979,0.009727,0.679113,-0.734033,0.677371,-0.735642,0.000000,0.644160,0.325368,-0.004191,0.000000,0.175211,-0.188326,-0.006282
2.620,0.319522,0.313437,1.139286,0.120144,0.132304,1.260476,0.131933,0.158574,-0.015579,0.044101,0.088130,0.011070,0.677642,-0.735392,0.675843,-0.737045,0.000000,0.647631,0.321632,-0.004317,0.000000,0.171873,-0.185253,-0.006300
2.640,0.322775,0.316401,1.139284,0.122792,0.135493,1.260167,0.132790,0.160328,-0.015344,0.041572,0.087253,0.012426,0.676107,-0.736803,0.674252,-0.738501,0.000000,0.651033,0.317960,-0.004443,0.000000,0.168252,-0.181883,-0.006265
2.660,0.326056,0.319377,1.139282,0.125456,0.138717,1.259863,0.133595,0.162064,-0.015082,0.039011,0.086340,0.013793,0.674508,-0.738268,0.672596,-0.740010,0.000000,0.654359,0.314358,-0.004567,0.000000,0.164350,-0.178215,-0.006176
2.680,0.329363,0.322364,1.139281,0.128135,0.141976,1.259564,0.134350,0.163781,-0.014792,0.036426,0.085382,0.015167,0.672840,-0.739788,0.670873,-0.741572,0.000000,0.657605,0.310833,-0.004689,0.000000,0.160166,-0.174249,-0.006033
2.700,0.332696,0.325361,1.139280,0.130829,0.145268,1.259271,0.135052,0.165479,-0.014475,0.033827,0.084372,0.016547,0.671102,-0.741365,0.669079,-0.743191,0.000000,0.660764,0.307390,-0.004808,0.000000,0.155701,-0.169983,-0.005835
2.720,0.336053,0.328366,1.139279,0.133537,0.148595,1.258985,0.135703,0.167156,-0.014131,0.031223,0.083301,0.017929,0.669289,-0.743002,0.667213,-0.744867,0.000000,0.663831,0.304036,-0.004922,0.000000,0.150956,-0.165420,-0.005583
2.740,0.339433,0.331378,1.139280,0.136257,0.151954,1.258706,0.136301,0.168810,-0.013758,0.028624,0.082163,0.019311,0.667400,-0.744699,0.665273,-0.746600,0.000000,0.666801,0.300775,-0.005031,0.000000,0.145935,-0.160560,-0.005280
2.760,0.342837,0.334395,1.139280,0.138989,0.155347,1.258435,0.136848,0.170442,-0.013358,0.026038,0.080950,0.020691,0.665431,-0.746459,0.663255,-0.748394,0.000000,0.669667,0.297615,-0.005133,0.000000,0.140641,-0.155404,-0.004926
2.780,0.346261,0.337416,1.139282,0.141731,0.158772,1.258172,0.137343,0.172048,-0.012931,0.023476,0.079656,0.022064,0.663380,-0.748283,0.661157,-0.750248,0.000000,0.672424,0.294561,-0.005228,0.000000,0.135077,-0.149957,-0.004526
2.800,0.349707,0.340440,1.139284,0.144482,0.162229,1.257918,0.137787,0.173627,-0.012476,0.020946,0.078277,0.023429,0.661242,-0.750172,0.658976,-0.752164,0.000000,0.675068,0.291619,-0.005314,0.000000,0.129248,-0.144220,-0.004083
2.820,0.353172,0.343465,1.139286,0.147242,0.165717,1.257673,0.138181,0.175178,-0.011993,0.018457,0.076808,0.024782,0.659017,-0.752128,0.656710,-0.754143,0.000000,0.677593,0.288794,-0.005391,0.000000,0.123159,-0.138198,-0.003601
2.840,0.356655,0.346489,1.139289,0.150009,0.169236,1.257438,0.138526,0.176699,-0.011484,0.016017,0.075245,0.026120,0.656699,-0.754153,0.654357,-0.756186,0.000000,0.679993,0.286093,-0.005458,0.000000,0.116817,-0.131895,-0.003087
2.860,0.360157,0.349511,1.139293,0.152782,0.172784,1.257214,0.138822,0.178187,-0.010949,0.013635,0.073588,0.027441,0.654287,-0.756246,0.651913,-0.758294,0.000000,0.682264,0.283520,-0.005514,0.000000,0.110228,-0.125318,-0.002546
2.880,0.363675,0.352529,1.139297,0.155561,0.176363,1.257001,0.139072,0.179642,-0.010387,0.011319,0.071837,0.028741,0.651778,-0.758410,0.649376,-0.760467,0.000000,0.684400,0.281082,-0.005560,0.000000,0.103400,-0.118470,-0.001985
2.900,0.367208,0.355541,1.139301,0.158345,0.179970,1.256799,0.139275,0.181060,-0.009799,0.009074,0.069992,0.030017,0.649168,-0.760645,0.646743,-0.762708,0.000000,0.686398,0.278783,-0.005594,0.000000,0.096341,-0.111360,-0.001412
2.920,0.370757,0.358547,1.139306,0.161132,0.183605,1.256609,0.139435,0.182441,-0.009186,0.006909,0.068058,0.031266,0.646454,-0.762953,0.644011,-0.765016,0.000000,0.688252,0.276629,-0.005616,0.000000,0.089060,-0.103994,-0.000835
2.940,0.374318,0.361543,1.139310,0.163922,0.187267,1.256431,0.139552,0.183782,-0.008549,0.004828,0.066039,0.032484,0.643635,-0.765333,0.641179,-0.767392,0.000000,0.689959,0.274625,-0.005627,0.000000,0.081566,-0.096381,-0.000263
2.960,0.377893,0.364529,1.139315,0.166714,0.190956,1.256267,0.139629,0.185082,-0.007887,0.002835,0.063942,0.033669,0.640707,-0.767786,0.638242,-0.769836,0.000000,0.691514,0.272776,-0.005627,0.000000,0.073871,-0.088528,0.000295
2.980,0.381479,0.367502,1.139320,0.169507,0.194670,1.256116,0.139666,0.186339,-0.007202,0.000936,0.061779,0.034816,0.637667,-0.770312,0.635198,-0.772349,0.000000,0.692913,0.271086,-0.005615,0.000000,0.065985,-0.080445,0.000826
3.000,0.385076,0.370461,1.139326,0.172300,0.198409,1.255979,0.139667,0.187553,-0.006495,-0.000867,0.059560,0.035924,0.634514,-0.772911,0.632045,-0.774932,0.000000,0.694152,0.269559,-0.005594,0.000000,0.057919,-0.072141,0.001322
3.020,0.388682,0.373404,1.139330,0.175093,0.202172,1.255856,0.139632,0.188721,-0.005766,-0.002573,0.057301,0.036987,0.631244,-0.775584,0.628779,-0.777584,0.000000,0.695228,0.268201,-0.005563,0.000000,0.049686,-0.063628,0.001770
3.040,0.392297,0.376329,1.139335,0.177885,0.205958,1.255749,0.139565,0.189845,-0.005016,-0.004180,0.055018,0.038003,0.627856,-0.778329,0.625399,-0.780305,0.000000,0.696138,0.267016,-0.005523,0.000000,0.041298,-0.054914,0.002162
3.060,0.395919,0.379235,1.139339,0.180676,0.209766,1.255656,0.139466,0.190922,-0.004246,-0.005687,0.052729,0.038968,0.624347,-0.781147,0.621900,-0.783096,0.000000,0.696879,0.266006,-0.005477,0.000000,0.032767,-0.046012,0.002490
3.080,0.399548,0.382119,1.139343,0.183464,0.213594,1.255579,0.139338,0.191954,-0.003457,-0.007096,0.050455,0.039879,0.620714,-0.784037,0.618282,-0.785957,0.000000,0.697448,0.265176,-0.005424,0.000000,0.024103,-0.036930,0.002748
3.100,0.403182,0.384981,1.139347,0.186249,0.217443,1.255518,0.139183,0.192940,-0.002651,-0.008408,0.048217,0.040733,0.616957,-0.786997,0.614539,-0.788886,0.000000,0.697843,0.264530,-0.005367,0.000000,0.015320,-0.027681,0.002929
3.120,0.406821,0.387817,1.139349,0.189031,0.221312,1.255473,0.139002,0.193883,-0.001828,-0.009622,0.046037,0.041526,0.613071,-0.790027,0.610671,-0.791884,0.000000,0.698060,0.264070,-0.005308,0.000000,0.006427,-0.018274,0.003030
3.140,0.410464,0.390628,1.139351,0.191809,0.225198,1.255445,0.138798,0.194783,-0.000991,-0.010742,0.043938,0.042255,0.609056,-0.793127,0.606673,-0.794951,0.000000,0.698099,0.263800,-0.005247,0.000000,-0.002562,-0.008722,0.003048
3.160,0.414109,0.393410,1.139352,0.194583,0.229103,1.255433,0.138573,0.195641,-0.000139,-0.011768,0.041943,0.042917,0.604909,-0.796295,0.602543,-0.798086,0.000000,0.697957,0.263722,-0.005186,0.000000,-0.011637,0.000965,0.002981
3.180,0.417756,0.396162,1.139352,0.197352,0.233024,1.255439,0.138328,0.196461,0.000726,-0.012704,0.040074,0.043508,0.600628,-0.799529,0.598278,-0.801288,0.000000,0.697633,0.263839,-0.005128,0.000000,-0.020787,0.010775,0.002829
3.200,0.421403,0.398883,1.139352,0.200116,0.236961,1.255462,0.138066,0.197245,0.001601,-0.013549,0.038356,0.044027,0.596209,-0.802829,0.593874,-0.804558,0.000000,0.697125,0.264154,-0.005074,0.000000,-0.029999,0.020695,0.002591
3.220,0.425051,0.401571,1.139350,0.202874,0.240913,1.255503,0.137787,0.197996,0.002486,-0.014307,0.036809,0.044469,0.591651,-0.806194,0.589329,-0.807893,0.000000,0.696433,0.264668,-0.005025,0.000000,-0.039262,0.030715,0.002271
3.240,0.428698,0.404225,1.139348,0.205627,0.244881,1.255562,0.137494,0.198719,0.003379,-0.014979,0.035455,0.044834,0.586951,-0.809622,0.584638,-0.811294,0.000000,0.695555,0.265383,-0.004983,0.000000,-0.048566,0.040823,0.001872
3.260,0.432342,0.406844,1.139344,0.208374,0.248862,1.255639,0.137188,0.199416,0.004279,-0.015565,0.034314,0.045117,0.582106,-0.813113,0.579798,-0.814760,0.000000,0.694490,0.266301,-0.004951,0.000000,-0.057898,0.051005,0.001397
3.280,0.435984,0.409425,1.139340,0.211115,0.252857,1.255733,0.136872,0.200093,0.005184,-0.016066,0.033404,0.045318,0.577114,-0.816664,0.574805,-0.818290,0.000000,0.693239,0.267424,-0.004928,0.000000,-0.067249,0.061249,0.000853
3.300,0.439623,0.411968,1.139335,0.213849,0.256866,1.255846,0.136546,0.200754,0.006091,-0.016482,0.032742,0.045434,0.571970,-0.820275,0.569656,-0.821883,0.000000,0.691800,0.268752,-0.004917,0.000000,-0.076606,0.071544,0.000246
3.320,0.443258,0.414472,1.139329,0.216576,0.260887,1.255977,0.136213,0.201404,0.007000,-0.016811,0.032343,0.045464,0.566671,-0.823944,0.564346,-0.825538,0.000000,0.690174,0.270286,-0.004919,0.000000,-0.085959,0.081875,-0.000415
3.340,0.446887,0.416935,1.139323,0.219297,0.264922,1.256126,0.135874,0.202049,0.007909,-0.017053,0.032218,0.045405,0.561214,-0.827670,0.558871,-0.829254,0.000000,0.688362,0.272027,-0.004934,0.000000,-0.095297,0.092230,-0.001121
3.360,0.450511,0.419356,1.139316,0.222011,0.268969,1.256293,0.135532,0.202695,0.008816,-0.017204,0.032377,0.045258,0.555595,-0.831453,0.553227,-0.833030,0.000000,0.686363,0.273975,-0.004964,0.000000,-0.104609,0.102597,-0.001862
3.380,0.454129,0.421735,1.139309,0.224719,0.273030,1.256478,0.135187,0.203346,0.009719,-0.017260,0.032825,0.045020,0.549809,-0.835290,0.547409,-0.836865,0.000000,0.684178,0.276131,-0.005008,0.000000,-0.113884,0.112961,-0.002625
3.400,0.457739,0.424071,1.139301,0.227419,0.277103,1.256682,0.134842,0.204010,0.010616,-0.017216,0.033567,0.044693,0.543852,-0.839181,0.541411,-0.840758,0.000000,0.681808,0.278493,-0.005069,0.000000,-0.123111,0.123308,-0.003398
3.420,0.461342,0.426362,1.139294,0.230112,0.281190,1.256903,0.134499,0.204691,0.011506,-0.017067,0.034600,0.044274,0.537719,-0.843124,0.535230,-0.844706,0.000000,0.679254,0.281063,-0.005144,0.000000,-0.132279,0.133627,-0.004166
3.440,0.464937,0.428609,1.139286,0.232799,0.285291,1.257142,0.134160,0.205396,0.012387,-0.016803,0.035921,0.043766,0.531404,-0.847119,0.528859,-0.848710,0.000000,0.676517,0.283838,-0.005235,0.000000,-0.141378,0.143901,-0.004914
3.460,0.468523,0.430811,1.139279,0.235479,0.289406,1.257398,0.133828,0.206130,0.013256,-0.016416,0.037520,0.043168,0.524900,-0.851164,0.522292,-0.852766,0.000000,0.673599,0.286818,-0.005341,0.000000,-0.150397,0.154118,-0.005625
3.480,0.472100,0.432966,1.139273,0.238152,0.293536,1.257672,0.133504,0.206898,0.014113,-0.015895,0.039383,0.042481,0.518203,-0.855257,0.515525,-0.856875,0.000000,0.670502,0.290002,-0.005460,0.000000,-0.159326,0.164263,-0.006280
3.500,0.475667,0.435075,1.139267,0.240819,0.297682,1.257963,0.133193,0.207707,0.014955,-0.015226,0.041492,0.041706,0.511305,-0.859399,0.508549,-0.861033,0.000000,0.667227,0.293388,-0.005591,0.000000,-0.168154,0.174322,-0.006862
3.520,0.479223,0.437137,1.139262,0.243480,0.301845,1.258270,0.132896,0.208559,0.015780,-0.014395,0.043824,0.040846,0.504199,-0.863587,0.501360,-0.865239,0.000000,0.663776,0.296975,-0.005734,0.000000,-0.176871,0.184281,-0.007354
3.540,0.482769,0.439152,1.139257,0.246135,0.306025,1.258594,0.132618,0.209461,0.016588,-0.013387,0.046351,0.039903,0.496877,-0.867821,0.493949,-0.869491,0.000000,0.660153,0.300759,-0.005885,0.000000,-0.185467,0.194125,-0.007738
3.560,0.486303,0.441119,1.139254,0.248785,0.310224,1.258934,0.132362,0.210415,0.017376,-0.012184,0.049041,0.038879,0.489330,-0.872098,0.486310,-0.873786,0.000000,0.656358,0.304739,-0.006042,0.000000,-0.193933,0.203843,-0.008002
3.580,0.489826,0.443038,1.139253,0.251430,0.314442,1.259289,0.132132,0.211423,0.018143,-0.010768,0.051861,0.037777,0.481551,-0.876418,0.478436,-0.878123,0.000000,0.652396,0.308912,-0.006204,0.000000,-0.202259,0.213420,-0.008132
3.600,0.493337,0.444909,1.139252,0.254070,0.318681,1.259659,0.131933,0.212490,0.018886,-0.009123,0.054771,0.036600,0.473530,-0.880778,0.470318,-0.882497,0.000000,0.648269,0.313275,-0.006367,0.000000,-0.210437,0.222845,-0.008118
3.620,0.496836,0.446731,1.139253,0.256707,0.322942,1.260044,0.131769,0.213615,0.019606,-0.007229,0.057731,0.035353,0.465258,-0.885175,0.461950,-0.886906,0.000000,0.643980,0.317824,-0.006528,0.000000,-0.218459,0.232105,-0.007951
3.640,0.500321,0.448505,1.139256,0.259341,0.327226,1.260443,0.131646,0.214799,0.020300,-0.005069,0.060699,0.034037,0.456726,-0.889607,0.453324,-0.891346,0.000000,0.639532,0.322558,-0.006684,0.000000,-0.226315,0.241188,-0.007621
3.660,0.503793,0.450230,1.139260,0.261973,0.331534,1.260856,0.131568,0.216042,0.020967,-0.002626,0.063628,0.032658,0.447924,-0.894071,0.444431,-0.895813,0.000000,0.634928,0.327471,-0.006831,0.000000,-0.233999,0.250082,-0.007124
3.680,0.507252,0.451906,1.139265,0.264604,0.335868,1.261282,0.131543,0.217344,0.021606,0.000118,0.066474,0.031220,0.438843,-0.898564,0.435264,-0.900303,0.000000,0.630173,0.332560,-0.006967,0.000000,-0.241504,0.258777,-0.006454
3.700,0.510697,0.453533,1.139272,0.267235,0.340228,1.261720,0.131575,0.218700,0.022216,0.003177,0.069188,0.029727,0.429472,-0.903080,0.425815,-0.904810,0.000000,0.625269,0.337820,-0.007088,0.000000,-0.248821,0.267261,-0.005609
3.720,0.514127,0.455111,1.139280,0.269868,0.344616,1.262170,0.131672,0.220110,0.022795,0.006566,0.071723,0.028183,0.419802,-0.907615,0.416076,-0.909330,0.000000,0.620221,0.343248,-0.007191,0.000000,-0.255944,0.275525,-0.004587
3.740,0.517542,0.456639,1.139289,0.272503,0.349033,1.262632,0.131840,0.221568,0.023343,0.010297,0.074031,0.026593,0.409824,-0.912165,0.406039,-0.913855,0.000000,0.615033,0.348840,-0.007271,0.000000,-0.262867,0.283557,-0.003388
3.760,0.520942,0.458118,1.139299,0.275142,0.353479,1.263104,0.132086,0.223069,0.023858,0.014379,0.076065,0.024963,0.399527,-0.916722,0.395698,-0.918381,0.000000,0.609708,0.354589,-0.007325,0.000000,-0.269584,0.291349,-0.002014
3.780,0.524327,0.459547,1.139310,0.277787,0.357956,1.263586,0.132417,0.224608,0.024341,0.018822,0.077776,0.023297,0.388902,-0.921279,0.385043,-0.922898,0.000000,0.604251,0.360492,-0.007350,0.000000,-0.276089,0.298890,-0.000468
3.800,0.527695,0.460926,1.139321,0.280439,0.362464,1.264077,0.132841,0.226178,0.024790,0.023629,0.079120,0.021599,0.377939,-0.925830,0.374069,-0.927401,0.000000,0.598666,0.366543,-0.007343,0.000000,-0.282376,0.306172,0.001244
3.820,0.531047,0.462254,1.139332,0.283101,0.367003,1.264577,0.133365,0.227770,0.025205,0.028804,0.080051,0.019875,0.366631,-0.930366,0.362767,-0.931880,0.000000,0.592957,0.372737,-0.007299,0.000000,-0.288441,0.313186,0.003117
3.840,0.534383,0.463533,1.139344,0.285774,0.371575,1.265085,0.133996,0.229377,0.025585,0.034345,0.080527,0.018130,0.354968,-0.934878,0.351133,-0.936326,0.000000,0.587130,0.379069,-0.007217,0.000000,-0.294279,0.319924,0.005142
3.860,0.537702,0.464760,1.139355,0.288462,0.376179,1.265600,0.134741,0.230988,0.025930,0.040246,0.080509,0.016369,0.342942,-0.939356,0.339158,-0.940729,0.000000,0.581188,0.385532,-0.007093,0.000000,-0.299885,0.326377,0.007309
3.880,0.541003,0.465937,1.139365,0.291165,0.380814,1.266122,0.135608,0.232594,0.026239,0.046500,0.079957,0.014596,0.330547,-0.943790,0.326838,-0.945080,0.000000,0.575136,0.392122,-0.006924,0.000000,-0.305255,0.332538,0.009608
3.900,0.544286,0.467062,1.139374,0.293887,0.385482,1.266650,0.136603,0.234183,0.026514,0.053094,0.078839,0.012817,0.317774,-0.948166,0.314168,-0.949367,0.000000,0.568979,0.398832,-0.006708,0.000000,-0.310387,0.338400,0.012025
3.920,0.547552,0.468134,1.139382,0.296630,0.390181,1.267182,0.137734,0.235743,0.026752,0.060009,0.077123,0.011036,0.304619,-0.952474,0.301142,-0.953579,0.000000,0.562722,0.405656,-0.006442,0.000000,-0.315276,0.343955,0.014545
3.940,0.550800,0.469155,1.139388,0.299397,0.394912,1.267719,0.139006,0.237263,0.026955,0.067225,0.074783,0.009258,0.291075,-0.956700,0.287757,-0.957703,0.000000,0.556370,0.412588,-0.006125,0.000000,-0.319919,0.349198,0.017154
3.960,0.554029,0.470122,1.139392,0.302191,0.399672,1.268260,0.140425,0.238730,0.027122,0.074712,0.071795,0.007487,0.277138,-0.960830,0.274010,-0.961727,0.000000,0.549927,0.419622,-0.005755,0.000000,-0.324313,0.354122,0.019832
3.980,0.557240,0.471036,1.139395,0.305015,0.404460,1.268804,0.141996,0.240131,0.027255,0.082439,0.068144,0.005729,0.262806,-0.964849,0.259898,-0.965636,0.000000,0.543399,0.426750,-0.005332,0.000000,-0.328457,0.358720,0.022562
4.000,0.560432,0.471896,1.139395,0.307872,0.409276,1.269350,0.143724,0.241451,0.027352,0.090366,0.063816,0.003986,0.248075,-0.968741,0.245420,-0.969417,0.000000,0.536790,0.433968,-0.004853,0.000000,-0.332349,0.362988,0.025323
4.020,0.563606,0.472701,1.139393,0.310765,0.414118,1.269898,0.145612,0.242679,0.027414,0.098450,0.058804,0.002263,0.232945,-0.972490,0.230575,-0.973055,0.000000,0.530107,0.441268,-0.004319,0.000000,-0.335986,0.366921,0.028095
4.040,0.566760,0.473451,1.139388,0.313698,0.418983,1.270447,0.147662,0.243799,0.027442,0.106642,0.053106,0.000565,0.217416,-0.976079,0.215363,-0.976534,0.000000,0.523353,0.448643,-0.003729,0.000000,-0.339366,0.370514,0.030862
4.060,0.569896,0.474146,1.139382,0.316673,0.423869,1.270995,0.149878,0.244798,0.027437,0.114890,0.046725,-0.001107,0.201489,-0.979491,0.199785,-0.979840,0.000000,0.516534,0.456086,-0.003084,0.000000,-0.342488,0.373763,0.033604
4.080,0.573014,0.474783,1.139373,0.319694,0.428774,1.271544,0.152258,0.245664,0.027398,0.123137,0.039668,-0.002748,0.185168,-0.982707,0.183845,-0.982955,0.000000,0.509655,0.463591,-0.002385,0.000000,-0.345351,0.376665,0.036305
4.100,0.576112,0.475364,1.139362,0.322764,0.433695,1.272091,0.154803,0.246381,0.027327,0.131323,0.031945,-0.004354,0.168455,-0.985709,0.167545,-0.985864,0.000000,0.502722,0.471150,-0.001632,0.000000,-0.347952,0.379216,0.038950
4.120,0.579192,0.475888,1.139350,0.325887,0.438628,1.272637,0.157510,0.246937,0.027224,0.139389,0.023573,-0.005924,0.151356,-0.988479,0.150890,-0.988550,0.000000,0.495739,0.478757,-0.000828,0.000000,-0.350291,0.381416,0.041523
4.140,0.582253,0.476353,1.139337,0.329066,0.443571,1.273180,0.160377,0.247319,0.027091,0.147270,0.014571,-0.007453,0.133879,-0.990998,0.133886,-0.990997,0.000000,0.488712,0.486405,0.000028,0.000000,-0.352367,0.383261,0.044010
4.160,0.585296,0.476760,1.139322,0.332303,0.448520,1.273720,0.163399,0.247516,0.026927,0.154902,0.004962,-0.008940,0.116030,-0.993246,0.116540,-0.993186,0.000000,0.481646,0.494085,0.000932,0.000000,-0.354179,0.384750,0.046398
4.180,0.588320,0.477107,1.139307,0.335603,0.453470,1.274257,0.166571,0.247514,0.026733,0.162221,-0.005228,-0.010382,0.097821,-0.995204,0.098861,-0.995101,0.000000,0.474546,0.501792,0.001883,0.000000,-0.355725,0.385883,0.048674
4.200,0.591326,0.477395,1.139291,0.338967,0.458419,1.274789,0.169886,0.247303,0.026512,0.169163,-0.015967,-0.011777,0.079261,-0.996854,0.080856,-0.996726,0.000000,0.467418,0.509518,0.002878,0.000000,-0.357006,0.386658,0.050825
4.220,0.594314,0.477623,1.139275,0.342399,0.463361,1.275317,0.173335,0.246872,0.026263,0.175662,-0.027223,-0.013122,0.060364,-0.998176,0.062538,-0.998042,0.000000,0.460268,0.517256,0.003915,0.000000,-0.358020,0.387078,0.052843
4.240,0.597283,0.477790,1.139260,0.345901,0.468292,1.275840,0.176909,0.246211,0.025987,0.181658,-0.038961,-0.014415,0.041144,-0.999153,0.043918,-0.999035,0.000000,0.453099,0.524999,0.004991,0.000000,-0.358767,0.387141,0.054715
4.260,0.600234,0.477897,1.139245,0.349476,0.473208,1.276356,0.180597,0.245311,0.025686,0.187090,-0.051140,-0.015656,0.021616,-0.999766,0.025010,-0.999687,0.000000,0.445919,0.532739,0.006103,0.000000,-0.359246,0.386850,0.056433
4.280,0.603167,0.477943,1.139232,0.353126,0.478103,1.276867,0.184388,0.244163,0.025361,0.191899,-0.063721,-0.016841,0.001797,-0.999998,0.005827,-0.999983,0.000000,0.438731,0.540471,0.007247,0.000000,-0.359459,0.386205,0.057989
4.300,0.606081,0.477929,1.139220,0.356852,0.482972,1.277371,0.188269,0.242759,0.025013,0.196031,-0.076659,-0.017970,-0.018295,-0.999833,-0.013613,-0.999907,0.000000,0.431542,0.548185,0.008421,0.000000,-0.359403,0.385210,0.059374
4.320,0.608977,0.477853,1.139211,0.360657,0.487811,1.277867,0.192225,0.241094,0.024643,0.199435,-0.089909,-0.019042,-0.038639,-0.999253,-0.033295,-0.999445,0.000000,0.424357,0.555877,0.009621,0.000000,-0.359081,0.383867,0.060582
4.340,0.611854,0.477716,1.139203,0.364542,0.492614,1.278356,0.196241,0.239161,0.024252,0.202065,-0.103423,-0.020055,-0.059215,-0.998245,-0.053199,-0.998584,0.000000,0.417181,0.563538,0.010843,0.000000,-0.358491,0.382179,0.061607
4.360,0.614712,0.477519,1.139199,0.368507,0.497376,1.278837,0.200302,0.236956,0.023841,0.203879,-0.117152,-0.021009,-0.079999,-0.996795,-0.073306,-0.997309,0.000000,0.410019,0.571162,0.012084,0.000000,-0.357635,0.380151,0.062443
4.380,0.617551,0.477261,1.139197,0.372554,0.502091,1.279310,0.204390,0.234474,0.023412,0.204841,-0.131045,-0.021903,-0.100968,-0.994890,-0.093595,-0.995610,0.000000,0.402877,0.578741,0.013340,0.000000,-0.356513,0.377785,0.063087
4.400,0.620371,0.476943,1.139198,0.376683,0.506753,1.279774,0.208490,0.231713,0.022965,0.204921,-0.145050,-0.022736,-0.122096,-0.992518,-0.114044,-0.993476,0.000000,0.395760,0.586271,0.014606,0.000000,-0.355124,0.375089,0.063535
4.420,0.623171,0.476565,1.139202,0.380893,0.511357,1.280228,0.212581,0.228672,0.022503,0.204097,-0.159114,-0.023508,-0.143358,-0.989671,-0.134630,-0.990896,0.000000,0.388674,0.593743,0.015880,0.000000,-0.353472,0.372066,0.063783
4.440,0.625950,0.476128,1.139209,0.385186,0.515898,1.280674,0.216647,0.225349,0.022025,0.202353,-0.173184,-0.024219,-0.164725,-0.986339,-0.155329,-0.987863,0.000000,0.381623,0.601151,0.017156,0.000000,-0.351555,0.368722,0.063831
4.460,0.628709,0.475633,1.139219,0.389559,0.520370,1.281109,0.220669,0.221745,0.021534,0.199681,-0.187204,-0.024868,-0.186170,-0.982518,-0.176115,-0.984370,0.000000,0.374614,0.608490,0.018432,0.000000,-0.349375,0.365064,0.063677
4.480,0.631447,0.475080,1.139232,0.394012,0.524766,1.281535,0.224628,0.217861,0.021031,0.196083,-0.201120,-0.025457,-0.207663,-0.978200,-0.196963,-0.980411,0.000000,0.367650,0.615752,0.019702,0.000000,-0.346934,0.361099,0.063321
4.500,0.634164,0.474470,1.139247,0.398544,0.529082,1.281950,0.228506,0.213701,0.020517,0.191569,-0.214876,-0.025985,-0.229174,-0.973386,-0.217845,-0.975983,0.000000,0.360738,0.622932,0.020963,0.000000,-0.344232,0.356834,0.062764
4.520,0.636858,0.473803,1.139264,0.403152,0.533312,1.282355,0.232285,0.209268,0.019992,0.186158,-0.228416,-0.026452,-0.250671,-0.968072,-0.238734,-0.971085,0.000000,0.353883,0.630023,0.022211,0.000000,-0.341271,0.352277,0.062006
4.540,0.639530,0.473082,1.139282,0.407834,0.537451,1.282750,0.235947,0.204566,0.019459,0.179875,-0.241686,-0.026860,-0.272125,-0.962262,-0.259601,-0.965716,0.000000,0.347089,0.637021,0.023442,0.000000,-0.338054,0.347434,0.061050
4.560,0.642178,0.472306,1.139302,0.412589,0.541493,1.283134,0.239475,0.199602,0.018918,0.172755,-0.254632,-0.027209,-0.293504,-0.955958,-0.280419,-0.959878,0.000000,0.340362,0.643919,0.024652,0.000000,-0.334582,0.342314,0.059898
4.580,0.644803,0.471477,1.139322,0.417412,0.545433,1.283507,0.242852,0.194383,0.018371,0.164838,-0.267199,-0.027499,-0.314775,-0.949166,-0.301158,-0.953574,0.000000,0.333707,0.650712,0.025837,0.000000,-0.330857,0.336925,0.058555
4.600,0.647404,0.470596,1.139342,0.422302,0.549267,1.283869,0.246063,0.188917,0.017818,0.156172,-0.279336,-0.027733,-0.335910,-0.941894,-0.321789,-0.946811,0.000000,0.327129,0.657394,0.026993,0.000000,-0.326881,0.331273,0.057024
4.620,0.649981,0.469663,1.139361,0.427253,0.552989,1.284219,0.249094,0.183213,0.017262,0.146807,-0.290990,-0.027912,-0.356876,-0.934152,-0.342286,-0.939596,0.000000,0.320634,0.663961,0.028117,0.000000,-0.322658,0.325369,0.055311
4.640,0.652533,0.468679,1.139379,0.432264,0.556594,1.284559,0.251931,0.177281,0.016702,0.136801,-0.302113,-0.028036,-0.377644,-0.925951,-0.362619,-0.931937,0.000000,0.314225,0.670407,0.029204,0.000000,-0.318190,0.319220,0.053420
4.660,0.655060,0.467645,1.139396,0.437329,0.560078,1.284887,0.254562,0.171132,0.016141,0.126214,-0.312657,-0.028107,-0.398184,-0.917306,-0.382761,-0.923847,0.000000,0.307908,0.676728,0.030252,0.000000,-0.313480,0.312834,0.051360
4.680,0.657562,0.466562,1.139411,0.442445,0.563438,1.285205,0.256976,0.164779,0.015578,0.115112,-0.322576,-0.028127,-0.418469,-0.908231,-0.402686,-0.915338,0.000000,0.301687,0.682919,0.031257,0.000000,-0.308532,0.306220,0.049136
4.700,0.660039,0.465429,1.139423,0.447607,0.566668,1.285511,0.259164,0.158234,0.015016,0.103561,-0.331828,-0.028098,-0.438471,-0.898746,-0.422367,-0.906425,0.000000,0.295568,0.688975,0.032217,0.000000,-0.303349,0.299387,0.046758
4.720,0.662491,0.464249,1.139432,0.452810,0.569766,1.285805,0.261116,0.151511,0.014455,0.091631,-0.340373,-0.028021,-0.458164,-0.888868,-0.441781,-0.897123,0.000000,0.289555,0.694893,0.033127,0.000000,-0.297934,0.292344,0.044234
4.740,0.664918,0.463020,1.139438,0.458050,0.572728,1.286089,0.262827,0.144624,0.013896,0.079394,-0.348173,-0.027899,-0.477525,-0.878618,-0.460904,-0.887450,0.000000,0.283652,0.700668,0.033985,0.000000,-0.292292,0.285101,0.041572
4.760,0.667320,0.461743,1.139441,0.463321,0.575550,1.286361,0.264290,0.137589,0.013339,0.066922,-0.355195,-0.027734,-0.496531,-0.868019,-0.479713,-0.877425,0.000000,0.277865,0.706296,0.034789,0.000000,-0.286427,0.277666,0.038785
4.780,0.669697,0.460417,1.139442,0.468620,0.578230,1.286622,0.265503,0.130422,0.012786,0.054289,-0.361408,-0.027528,-0.515161,-0.857093,-0.498189,-0.867069,0.000000,0.272197,0.711773,0.035536,0.000000,-0.280342,0.270048,0.035882
4.800,0.672050,0.459044,1.139438,0.473940,0.580766,1.286873,0.266461,0.123138,0.012238,0.041565,-0.366787,-0.027283,-0.533397,-0.845865,-0.516311,-0.856401,0.000000,0.266652,0.717096,0.036223,0.000000,-0.274043,0.262259,0.032876
4.820,0.674379,0.457623,1.139432,0.479277,0.583155,1.287112,0.267165,0.115756,0.011695,0.028825,-0.371308,-0.027002,-0.551220,-0.834360,-0.534063,-0.845444,0.000000,0.261236,0.722262,0.036850,0.000000,-0.267535,0.254306,0.029778
4.840,0.676684,0.456153,1.139423,0.484625,0.585396,1.287340,0.267615,0.108292,0.011158,0.016137,-0.374954,-0.026687,-0.568615,-0.822603,-0.551430,-0.834221,0.000000,0.255952,0.727268,0.037414,0.000000,-0.260821,0.246201,0.026603
4.860,0.678966,0.454634,1.139411,0.489979,0.587486,1.287558,0.267811,0.100764,0.010628,0.003570,-0.377712,-0.026341,-0.585571,-0.810621,-0.568396,-0.822755,0.000000,0.250805,0.732109,0.037914,0.000000,-0.253908,0.237953,0.023364
4.880,0.681224,0.453065,1.139397,0.495336,0.589426,1.287766,0.267759,0.093189,0.010105,-0.008810,-0.379574,-0.025967,-0.602076,-0.798439,-0.584951,-0.811069,0.000000,0.245797,0.736785,0.038348,0.000000,-0.246801,0.229573,0.020076
4.900,0.683460,0.451447,1.139381,0.500688,0.591214,1.287963,0.267461,0.085587,0.009590,-0.020941,-0.380536,-0.025568,-0.618121,-0.786083,-0.601084,-0.799186,0.000000,0.240934,0.741292,0.038717,0.000000,-0.239505,0.221072,0.016754
4.920,0.685673,0.449779,1.139363,0.506032,0.592849,1.288149,0.266923,0.077974,0.009082,-0.032764,-0.380601,-0.025147,-0.633699,-0.773580,-0.616787,-0.787130,0.000000,0.236218,0.745627,0.039018,0.000000,-0.232027,0.212459,0.013416
4.940,0.687864,0.448059,1.139344,0.511364,0.594333,1.288326,0.266153,0.070368,0.008584,-0.044226,-0.379777,-0.024706,-0.648805,-0.760954,-0.632054,-0.774924,0.000000,0.231654,0.749789,0.039253,0.000000,-0.224372,0.203745,0.010077
4.960,0.690034,0.446288,1.139324,0.516677,0.595664,1.288493,0.265157,0.062788,0.008094,-0.055279,-0.378079,-0.024250,-0.663438,-0.748231,-0.646880,-0.762592,0.000000,0.227245,0.753776,0.039421,0.000000,-0.216546,0.194942,0.006755
4.980,0.692181,0.444465,1.139304,0.521968,0.596845,1.288650,0.263944,0.055251,0.007614,-0.065878,-0.375526,-0.023780,-0.677597,-0.735433,-0.661263,-0.750154,0.000000,0.222993,0.757586,0.039524,0.000000,-0.208556,0.186060,0.003469
5.000,0.694308,0.442589,1.139285,0.527233,0.597875,1.288797,0.262525,0.047773,0.007143,-0.075989,-0.372146,-0.023300,-0.691283,-0.722584,-0.675202,-0.737633,0.000000,0.218903,0.761218,0.039561,0.000000,-0.200409,0.177110,0.000237
5.020,0.696412,0.440659,1.139266,0.532468,0.598756,1.288936,0.260908,0.040370,0.006682,-0.085579,-0.367972,-0.022815,-0.704499,-0.709705,-0.688699,-0.725047,0.000000,0.214978,0.764670,0.039534,0.000000,-0.192110,0.168103,-0.002925
5.040,0.698495,0.438676,1.139248,0.537668,0.599490,1.289065,0.259105,0.033059,0.006231,-0.094625,-0.363041,-0.022326,-0.717250,-0.696816,-0.701755,-0.712418,0.000000,0.211220,0.767942,0.039444,0.000000,-0.183667,0.159047,-0.006002
5.060,0.700557,0.436639,1.139232,0.542831,0.600079,1.289185,0.257127,0.025854,0.005789,-0.103105,-0.357395,-0.021838,-0.729543,-0.683935,-0.714375,-0.699763,0.000000,0.207632,0.771032,0.039294,0.000000,-0.175087,0.149952,-0.008979
5.080,0.702597,0.434548,1.139218,0.547952,0.600525,1.289296,0.254985,0.018768,0.005357,-0.111005,-0.351083,-0.021353,-0.741384,-0.671081,-0.726564,-0.687099,0.000000,0.204217,0.773940,0.039086,0.000000,-0.166375,0.140826,-0.011844
5.100,0.704615,0.432402,1.139207,0.553029,0.600831,1.289399,0.252691,0.011814,0.004935,-0.118315,-0.344155,-0.020876,-0.752783,-0.658268,-0.738328,-0.674442,0.000000,0.200978,0.776665,0.038821,0.000000,-0.157539,0.131676,-0.014585
5.120,0.706611,0.430202,1.139198,0.558059,0.600999,1.289494,0.250256,0.005005,0.004522,-0.125030,-0.336664,-0.020408,-0.763749,-0.645513,-0.749674,-0.661807,0.000000,0.197916,0.779207,0.038503,0.000000,-0.148586,0.122511,-0.017191
5.140,0.708584,0.427949,1.139191,0.563039,0.601032,1.289580,0.247694,-0.001649,0.004118,-0.131149,-0.328668,-0.019955,-0.774292,-0.632828,-0.760611,-0.649208,0.000000,0.195035,0.781565,0.038135,0.000000,-0.139522,0.113337,-0.019653
5.160,0.710534,0.425641,1.139188,0.567966,0.600934,1.289659,0.245014,-0.008138,0.003724,-0.136673,-0.320225,-0.019517,-0.784424,-0.620225,-0.771147,-0.636657,0.000000,0.192336,0.783740,0.037718,0.000000,-0.130354,0.104159,-0.021963
5.180,0.712460,0.423281,1.139187,0.572839,0.600708,1.289729,0.242231,-0.014455,0.003337,-0.141609,-0.311396,-0.019100,-0.794156,-0.607715,-0.781291,-0.624167,0.000000,0.189822,0.785732,0.037257,0.000000,-0.121089,0.094984,-0.024113
5.200,0.714363,0.420869,1.139189,0.577655,0.600357,1.289792,0.239354,-0.020592,0.002959,-0.145967,-0.302242,-0.018705,-0.803499,-0.595306,-0.791054,-0.611746,0.000000,0.187493,0.787540,0.036755,0.000000,-0.111735,0.085816,-0.026098
5.220,0.716242,0.418405,1.139194,0.582412,0.599885,1.289848,0.236396,-0.026543,0.002589,-0.149760,-0.292826,-0.018335,-0.812467,-0.583007,-0.800445,-0.599406,0.000000,0.185353,0.789164,0.036214,0.000000,-0.102297,0.076660,-0.027914
5.240,0.718095,0.415890,1.139201,0.587110,0.599296,1.289896,0.233367,-0.032304,0.002226,-0.153003,-0.283211,-0.017993,-0.821072,-0.570825,-0.809476,-0.587153,0.000000,0.183402,0.790606,0.035639,0.000000,-0.092783,0.067519,-0.029556
5.260,0.719924,0.413326,1.139211,0.591747,0.598594,1.289937,0.230279,-0.037871,0.001869,-0.155714,-0.273457,-0.017681,-0.829326,-0.558766,-0.818157,-0.574995,0.000000,0.181642,0.791865,0.035033,0.000000,-0.083201,0.058398,-0.031023
5.280,0.721726,0.410714,1.139222,0.596321,0.597783,1.289971,0.227142,-0.043242,0.001518,-0.157913,-0.263628,-0.017402,-0.837242,-0.546833,-0.826499,-0.562938,0.000000,0.180074,0.792942,0.034400,0.000000,-0.073556,0.049297,-0.032314
5.300,0.723503,0.408055,1.139236,0.600832,0.596866,1.289997,0.223966,-0.048416,0.001173,-0.159623,-0.253781,-0.017157,-0.844832,-0.535031,-0.834513,-0.550988,0.000000,0.178700,0.793837,0.033742,0.000000,-0.063858,0.040221,-0.033428
5.320,0.725252,0.405350,1.139250,0.605279,0.595847,1.290017,0.220760,-0.053393,0.000832,-0.160867,-0.243974,-0.016947,-0.852110,-0.523362,-0.842210,-0.539149,0.000000,0.177520,0.794551,0.033064,0.000000,-0.054111,0.031169,-0.034367
5.340,0.726974,0.402601,1.139266,0.609662,0.594731,1.290031,0.217534,-0.058175,0.000495,-0.161672,-0.234264,-0.016776,-0.859087,-0.511829,-0.849601,-0.527425,0.000000,0.176536,0.795084,0.032368,0.000000,-0.044325,0.022144,-0.035134
5.360,0.728669,0.399810,1.139283,0.613981,0.593522,1.290037,0.214296,-0.062765,0.000161,-0.162062,-0.224701,-0.016642,-0.865776,-0.500432,-0.856697,-0.515819,0.000000,0.175748,0.795437,0.031659,0.000000,-0.034506,0.013145,-0.035733
5.380,0.730336,0.396976,1.139300,0.618234,0.592222,1.290037,0.211054,-0.067165,-0.000171,-0.162066,-0.215335,-0.016548,-0.872188,-0.489171,-0.863509,-0.504334,0.000000,0.175156,0.795610,0.030940,0.000000,-0.024661,0.004173,-0.036167
5.400,0.731974,0.394103,1.139316,0.622423,0.590836,1.290030,0.207816,-0.071380,-0.000502,-0.161712,-0.206210,-0.016494,-0.878334,-0.478047,-0.870046,-0.492971,0.000000,0.174761,0.795604,0.030214,0.000000,-0.014798,-0.004774,-0.036444
5.420,0.733584,0.391191,1.139333,0.626547,0.589368,1.290017,0.204588,-0.075415,-0.000831,-0.161027,-0.197366,-0.016479,-0.884226,-0.467059,-0.876319,-0.481732,0.000000,0.174564,0.795419,0.029483,0.000000,-0.004924,-0.013697,-0.036571
5.440,0.735165,0.388242,1.139348,0.630606,0.587821,1.289997,0.201377,-0.079276,-0.001161,-0.160039,-0.188838,-0.016504,-0.889875,-0.456205,-0.882338,-0.470617,0.000000,0.174564,0.795057,0.028752,0.000000,0.004953,-0.022597,-0.036556
5.460,0.736718,0.385257,1.139362,0.634602,0.586198,1.289971,0.198188,-0.082971,-0.001492,-0.158777,-0.180655,-0.016569,-0.895289,-0.445486,-0.888112,-0.459627,0.000000,0.174762,0.794516,0.028022,0.000000,0.014825,-0.031477,-0.036408
5.480,0.738241,0.382237,1.139375,0.638534,0.584503,1.289938,0.195027,-0.086505,-0.001824,-0.157267,-0.172840,-0.016671,-0.900480,-0.434898,-0.893651,-0.448763,0.000000,0.175157,0.793798,0.027296,0.000000,0.024686,-0.040340,-0.036139
5.500,0.739735,0.379183,1.139386,0.642403,0.582739,1.289898,0.191899,-0.089887,-0.002159,-0.155536,-0.165411,-0.016811,-0.905455,-0.424441,-0.898963,-0.438024,0.000000,0.175749,0.792902,0.026577,0.000000,0.034528,-0.049189,-0.035759
5.520,0.741200,0.376096,1.139395,0.646210,0.580909,1.289851,0.188807,-0.093124,-0.002497,-0.153609,-0.158379,-0.016985,-0.910225,-0.414113,-0.904058,-0.427411,0.000000,0.176538,0.791830,0.025867,0.000000,0.044343,-0.058024,-0.035278
5.540,0.742637,0.372977,1.139402,0.649956,0.579015,1.289798,0.185756,-0.096225,-0.002838,-0.151512,-0.151749,-0.017192,-0.914798,-0.403912,-0.908942,-0.416922,0.000000,0.177523,0.790581,0.025167,0.000000,0.054124,-0.066846,-0.034707
5.560,0.744044,0.369827,1.139407,0.653641,0.577061,1.289738,0.182748,-0.099197,-0.003185,-0.149269,-0.145523,-0.017429,-0.919181,-0.393835,-0.913625,-0.406557,0.000000,0.178703,0.789156,0.024479,0.000000,0.063864,-0.075657,-0.034054
5.580,0.745423,0.366646,1.139410,0.657266,0.575048,1.289670,0.179786,-0.102048,-0.003536,-0.146902,-0.139696,-0.017694,-0.923382,-0.383882,-0.918114,-0.396316,0.000000,0.180077,0.787555,0.023805,0.000000,0.073555,-0.084455,-0.033329
5.600,0.746774,0.363435,1.139410,0.660833,0.572979,1.289596,0.176872,-0.104787,-0.003892,-0.144434,-0.134262,-0.017984,-0.927409,-0.374049,-0.922416,-0.386198,0.000000,0.181645,0.785778,0.023146,0.000000,0.083191,-0.093239,-0.032541
5.620,0.748097,0.360194,1.139409,0.664341,0.570857,1.289515,0.174009,-0.107421,-0.004255,-0.141886,-0.129208,-0.018296,-0.931268,-0.364335,-0.926538,-0.376201,0.000000,0.183404,0.783826,0.022504,0.000000,0.092763,-0.102008,-0.031699
5.640,0.749392,0.356924,1.139405,0.667793,0.568683,1.289426,0.171197,-0.109958,-0.004624,-0.139278,-0.124520,-0.018625,-0.934966,-0.354738,-0.930487,-0.366324,0.000000,0.185355,0.781698,0.021878,0.000000,0.102266,-0.110758,-0.030812
5.660,0.750659,0.353625,1.139400,0.671190,0.566459,1.289330,0.168438,-0.112404,-0.005000,-0.136630,-0.120180,-0.018970,-0.938509,-0.345255,-0.934270,-0.356566,0.000000,0.187494,0.779396,0.021271,0.000000,0.111692,-0.119487,-0.029887
5.680,0.751899,0.350297,1.139393,0.674531,0.564188,1.289226,0.165732,-0.114767,-0.005383,-0.133959,-0.116167,-0.019325,-0.941903,-0.335884,-0.937893,-0.346926,0.000000,0.189822,0.776919,0.020683,0.000000,0.121034,-0.128192,-0.028933
5.700,0.753113,0.346939,1.139384,0.677819,0.561869,1.289114,0.163080,-0.117053,-0.005773,-0.131282,-0.112458,-0.019689,-0.945155,-0.326623,-0.941361,-0.337401,0.000000,0.192335,0.774268,0.020114,0.000000,0.130286,-0.136866,-0.027956
5.720,0.754300,0.343553,1.139374,0.681055,0.559506,1.288995,0.160481,-0.119268,-0.006171,-0.128616,-0.109030,-0.020056,-0.948268,-0.317470,-0.944681,-0.327992,0.000000,0.195033,0.771444,0.019565,0.000000,0.139440,-0.145505,-0.026965
5.740,0.755460,0.340138,1.139363,0.684239,0.557099,1.288867,0.157935,-0.121416,-0.006576,-0.125974,-0.105856,-0.020423,-0.951250,-0.308422,-0.947858,-0.318694,0.000000,0.197912,0.768448,0.019036,0.000000,0.148490,-0.154103,-0.025966
5.760,0.756595,0.336694,1.139352,0.687373,0.554650,1.288732,0.155442,-0.123503,-0.006988,-0.123371,-0.102910,-0.020786,-0.954103,-0.299477,-0.950897,-0.309507,0.000000,0.200972,0.765281,0.018526,0.000000,0.157428,-0.162653,-0.024966
5.780,0.757703,0.333221,1.139339,0.690457,0.552159,1.288588,0.153000,-0.125534,-0.007407,-0.120817,-0.100164,-0.021142,-0.956834,-0.290634,-0.953804,-0.300429,0.000000,0.204209,0.761942,0.018037,0.000000,0.166250,-0.171148,-0.023971
5.800,0.758786,0.329718,1.139326,0.693493,0.549629,1.288435,0.150609,-0.127511,-0.007833,-0.118323,-0.097592,-0.021486,-0.959447,-0.281890,-0.956584,-0.291458,0.000000,0.207621,0.758435,0.017567,0.000000,0.174947,-0.179580,-0.022988
5.820,0.759844,0.326186,1.139314,0.696482,0.547059,1.288274,0.148266,-0.129438,-0.008266,-0.115900,-0.095166,-0.021816,-0.961945,-0.273242,-0.959240,-0.282592,0.000000,0.211206,0.754760,0.017117,0.000000,0.183514,-0.187940,-0.022021
5.840,0.760877,0.322625,1.139301,0.699424,0.544451,1.288105,0.145972,-0.131318,-0.008706,-0.113553,-0.092859,-0.022128,-0.964334,-0.264689,-0.961779,-0.273828,0.000000,0.214960,0.750918,0.016686,0.000000,0.191943,-0.196219,-0.021077
5.860,0.761884,0.319035,1.139289,0.702321,0.541807,1.287926,0.143724,-0.133153,-0.009151,-0.111291,-0.090646,-0.022419,-0.966616,-0.256229,-0.964203,-0.265164,0.000000,0.218882,0.746912,0.016274,0.000000,0.200229,-0.204406,-0.020161
5.880,0.762866,0.315415,1.139278,0.705173,0.539126,1.287739,0.141520,-0.134945,-0.009602,-0.109118,-0.088504,-0.022685,-0.968796,-0.247859,-0.966518,-0.256599,0.000000,0.222968,0.742742,0.015880,0.000000,0.208366,-0.212490,-0.019278
5.900,0.763824,0.311767,1.139268,0.707982,0.536409,1.287542,0.139358,-0.136694,-0.010059,-0.107037,-0.086410,-0.022924,-0.970878,-0.239576,-0.968727,-0.248129,0.000000,0.227216,0.738413,0.015503,0.000000,0.216346,-0.220461,-0.018431
5.920,0.764756,0.308089,1.139259,0.710748,0.533658,1.287336,0.137238,-0.138401,-0.010519,-0.105050,-0.084344,-0.023133,-0.972863,-0.231380,-0.970834,-0.239753,0.000000,0.231621,0.733925,0.015142,0.000000,0.224164,-0.228306,-0.017627
5.940,0.765664,0.304383,1.139251,0.713472,0.530873,1.287121,0.135156,-0.140068,-0.010984,-0.103157,-0.082289,-0.023310,-0.974757,-0.223268,-0.972843,-0.231468,0.000000,0.236181,0.729281,0.014797,0.000000,0.231814,-0.236011,-0.016867
5.960,0.766546,0.300648,1.139245,0.716154,0.528056,1.286897,0.133111,-0.141693,-0.011451,-0.101356,-0.080230,-0.023452,-0.976562,-0.215238,-0.974756,-0.223271,0.000000,0.240893,0.724485,0.014467,0.000000,0.239290,-0.243564,-0.016157
5.980,0.767403,0.296885,1.139240,0.718796,0.525206,1.286663,0.131101,-0.143277,-0.011922,-0.099645,-0.078158,-0.023559,-0.978280,-0.207287,-0.976579,-0.215160,0.000000,0.245752,0.719540,0.014151,0.000000,0.246584,-0.250951,-0.015499
6.000,0.768234,0.293095,1.139237,0.721398,0.522325,1.286420,0.129124,-0.144819,-0.012393,-0.098018,-0.076065,-0.023629,-0.979915,-0.199414,-0.978313,-0.207132,0.000000,0.250755,0.714448,0.013847,0.000000,0.253693,-0.258158,-0.014897
6.020,0.769040,0.289279,1.139236,0.723961,0.519413,1.286167,0.127180,-0.146319,-0.012866,-0.096469,-0.073946,-0.023661,-0.981470,-0.191617,-0.979962,-0.199185,0.000000,0.255898,0.709215,0.013554,0.000000,0.260610,-0.265174,-0.014352
6.040,0.769819,0.285437,1.139237,0.726486,0.516472,1.285905,0.125265,-0.147777,-0.013340,-0.094992,-0.071801,-0.023655,-0.982946,-0.183893,-0.981529,-0.191315,0.000000,0.261178,0.703843,0.013272,0.000000,0.267330,-0.271986,-0.013867
6.060,0.770573,0.281570,1.139239,0.728972,0.513503,1.285634,0.123380,-0.149191,-0.013812,-0.093577,-0.069630,-0.023609,-0.984347,-0.176240,-0.983016,-0.183522,0.000000,0.266590,0.698337,0.012999,0.000000,0.273847,-0.278584,-0.013442
6.080,0.771299,0.277680,1.139242,0.731421,0.510505,1.285353,0.121522,-0.150562,-0.014284,-0.092214,-0.067436,-0.023524,-0.985675,-0.168656,-0.984426,-0.175800,0.000000,0.272130,0.692701,0.012734,0.000000,0.280157,-0.284958,-0.013079
6.100,0.771999,0.273766,1.139247,0.733833,0.507480,1.285062,0.119691,-0.151888,-0.014753,-0.090894,-0.065227,-0.023400,-0.986932,-0.161139,-0.985762,-0.168149,0.000000,0.277795,0.686940,0.012476,0.000000,0.286255,-0.291098,-0.012777
6.120,0.772671,0.269831,1.139253,0.736209,0.504430,1.284763,0.117886,-0.153171,-0.015220,-0.089606,-0.063009,-0.023237,-0.988120,-0.153687,-0.987025,-0.160564,0.000000,0.283579,0.681059,0.012223,0.000000,0.292135,-0.296997,-0.012536
6.140,0.773315,0.265875,1.139260,0.738549,0.501354,1.284454,0.116106,-0.154409,-0.015682,-0.088338,-0.060791,-0.023036,-0.989241,-0.146298,-0.988220,-0.153043,0.000000,0.289479,0.675062,0.011974,0.000000,0.297795,-0.302646,-0.012357
6.160,0.773931,0.261901,1.139268,0.740853,0.498254,1.284135,0.114352,-0.155603,-0.016141,-0.087079,-0.058584,-0.022797,-0.990297,-0.138968,-0.989346,-0.145584,0.000000,0.295489,0.668955,0.011728,0.000000,0.303228,-0.308039,-0.012236
6.180,0.774519,0.257908,1.139277,0.743123,0.495130,1.283808,0.112623,-0.156752,-0.016594,-0.085818,-0.056400,-0.022521,-0.991290,-0.131698,-0.990407,-0.138183,0.000000,0.301606,0.662742,0.011484,0.000000,0.308432,-0.313170,-0.012172
6.200,0.775077,0.253899,1.139286,0.745359,0.491984,1.283472,0.110920,-0.157859,-0.017041,-0.084541,-0.054251,-0.022209,-0.992222,-0.124483,-0.991404,-0.130837,0.000000,0.307825,0.656430,0.011241,0.000000,0.313402,-0.318033,-0.012164
6.220,0.775607,0.249875,1.139295,0.747560,0.488816,1.283127,0.109242,-0.158923,-0.017482,-0.083239,-0.052150,-0.021862,-0.993094,-0.117321,-0.992339,-0.123545,0.000000,0.314141,0.650023,0.010997,0.000000,0.318134,-0.322623,-0.012208
6.240,0.776106,0.245837,1.139305,0.749728,0.485627,1.282773,0.107590,-0.159945,-0.017916,-0.081900,-0.050111,-0.021481,-0.993908,-0.110211,-0.993214,-0.116302,0.000000,0.320549,0.643527,0.010752,0.000000,0.322626,-0.326938,-0.012300
6.260,0.776576,0.241786,1.139314,0.751864,0.482418,1.282410,0.105966,-0.160928,-0.018341,-0.080513,-0.048147,-0.021067,-0.994666,-0.103149,-0.994030,-0.109105,0.000000,0.327044,0.636947,0.010505,0.000000,0.326874,-0.330975,-0.012437
6.280,0.777016,0.237724,1.139323,0.753967,0.479190,1.282039,0.104370,-0.161872,-0.018758,-0.079069,-0.046272,-0.020622,-0.995368,-0.096134,-0.994789,-0.101953,0.000000,0.333622,0.630289,0.010254,0.000000,0.330874,-0.334730,-0.012615
6.300,0.777425,0.233653,1.139332,0.756039,0.475944,1.281660,0.102804,-0.162779,-0.019166,-0.077559,-0.044498,-0.020145,-0.996017,-0.089162,-0.995492,-0.094841,0.000000,0.340278,0.623560,0.010000,0.000000,0.334624,-0.338203,-0.012828
6.320,0.777803,0.229573,1.139340,0.758080,0.472679,1.281272,0.101268,-0.163652,-0.019564,-0.075974,-0.042838,-0.019640,-0.996613,-0.082232,-0.996141,-0.087768,0.000000,0.347005,0.616763,0.009741,0.000000,0.338120,-0.341393,-0.013071
6.340,0.778151,0.225486,1.139347,0.760090,0.469398,1.280877,0.099765,-0.164494,-0.019951,-0.074309,-0.041303,-0.019105,-0.997158,-0.075340,-0.996736,-0.080730,0.000000,0.353801,0.609906,0.009477,0.000000,0.341362,-0.344300,-0.013338
6.360,0.778468,0.221393,1.139353,0.762070,0.466100,1.280474,0.098297,-0.165305,-0.020328,-0.072558,-0.039903,-0.018543,-0.997652,-0.068484,-0.997279,-0.073723,0.000000,0.360658,0.602993,0.009207,0.000000,0.344345,-0.346926,-0.013623
6.380,0.778753,0.217295,1.139358,0.764022,0.462786,1.280064,0.096864,-0.166091,-0.020693,-0.070717,-0.038647,-0.017955,-0.998097,-0.061661,-0.997770,-0.066746,0.000000,0.367573,0.596031,0.008932,0.000000,0.347068,-0.349271,-0.013918
6.400,0.779008,0.213193,1.139362,0.765945,0.459456,1.279647,0.095468,-0.166852,-0.021046,-0.068784,-0.037542,-0.017341,-0.998494,-0.054868,-0.998211,-0.059796,0.000000,0.374539,0.589024,0.008651,0.000000,0.349529,-0.351340,-0.014216
6.420,0.779232,0.209088,1.139364,0.767841,0.456112,1.279222,0.094113,-0.167593,-0.021386,-0.066759,-0.036593,-0.016702,-0.998842,-0.048103,-0.998601,-0.052868,0.000000,0.381552,0.581979,0.008363,0.000000,0.351726,-0.353134,-0.014509
6.440,0.779425,0.204982,1.139365,0.769710,0.452753,1.278791,0.092799,-0.168317,-0.021714,-0.064643,-0.035803,-0.016038,-0.999144,-0.041361,-0.998943,-0.045961,0.000000,0.388606,0.574900,0.008070,0.000000,0.353658,-0.354658,-0.014788
6.460,0.779587,0.200874,1.139365,0.771553,0.449379,1.278354,0.091528,-0.169027,-0.022028,-0.062441,-0.035173,-0.015350,-0.999400,-0.034640,-0.999236,-0.039072,0.000000,0.395697,0.567794,0.007772,0.000000,0.355323,-0.355918,-0.015044
6.480,0.779719,0.196767,1.139363,0.773371,0.445992,1.277910,0.090302,-0.169725,-0.022328,-0.060158,-0.034700,-0.014638,-0.999610,-0.027937,-0.999482,-0.032197,0.000000,0.402818,0.560666,0.007469,0.000000,0.356719,-0.356917,-0.015269
6.500,0.779820,0.192659,1.139360,0.775166,0.442590,1.277461,0.089122,-0.170416,-0.022613,-0.057804,-0.034381,-0.013903,-0.999774,-0.021248,-0.999679,-0.025333,0.000000,0.409964,0.553519,0.007162,0.000000,0.357846,-0.357661,-0.015454
6.520,0.779892,0.188552,1.139356,0.776937,0.439175,1.277006,0.087990,-0.171101,-0.022883,-0.055388,-0.034207,-0.013142,-0.999894,-0.014570,-0.999829,-0.018479,0.000000,0.417130,0.546361,0.006851,0.000000,0.358703,-0.358155,-0.015593
6.540,0.779934,0.184447,1.139351,0.778685,0.435746,1.276546,0.086907,-0.171785,-0.023138,-0.052922,-0.034171,-0.012358,-0.999969,-0.007899,-0.999932,-0.011630,0.000000,0.424310,0.539195,0.006538,0.000000,0.359290,-0.358401,-0.015680
6.560,0.779946,0.180344,1.139345,0.780413,0.432304,1.276081,0.085873,-0.172469,-0.023378,-0.050419,-0.034262,-0.011548,-0.999999,-0.001232,-0.999989,-0.004784,0.000000,0.431499,0.532026,0.006224,0.000000,0.359606,-0.358405,-0.015710
6.580,0.779930,0.176243,1.139339,0.782121,0.428848,1.275611,0.084890,-0.173156,-0.023600,-0.047894,-0.034468,-0.010713,-0.999985,0.005435,-0.999998,0.002062,0.000000,0.438692,0.524860,0.005910,0.000000,0.359650,-0.358168,-0.015679
6.600,0.779885,0.172145,1.139332,0.783809,0.425378,1.275137,0.083958,-0.173848,-0.023806,-0.045362,-0.034775,-0.009852,-0.999927,0.012105,-0.999960,0.008911,0.000000,0.445884,0.517701,0.005598,0.000000,0.359423,-0.357695,-0.015583
6.620,0.779812,0.168049,1.139324,0.785479,0.421894,1.274659,0.083076,-0.174548,-0.023994,-0.042840,-0.035170,-0.008964,-0.999824,0.018782,-0.999876,0.015766,0.000000,0.453068,0.510554,0.005287,0.000000,0.358924,-0.356988,-0.015421
6.640,0.779711,0.163957,1.139317,0.787133,0.418396,1.274177,0.082244,-0.175256,-0.024164,-0.040343,-0.035636,-0.008049,-0.999676,0.025470,-0.999744,0.022629,0.000000,0.460239,0.503423,0.004981,0.000000,0.358155,-0.356048,-0.015193
6.660,0.779582,0.159868,1.139309,0.788769,0.414883,1.273692,0.081462,-0.175973,-0.024316,-0.037889,-0.036159,-0.007106,-0.999482,0.032173,-0.999565,0.029504,0.000000,0.467392,0.496314,0.004680,0.000000,0.357116,-0.354878,-0.014898
6.680,0.779427,0.155783,1.139302,0.790391,0.411357,1.273204,0.080728,-0.176702,-0.024448,-0.035493,-0.036722,-0.006134,-0.999243,0.038893,-0.999338,0.036392,0.000000,0.474522,0.489230,0.004386,0.000000,0.355808,-0.353480,-0.014536
6.700,0.779245,0.151702,1.139295,0.791999,0.407815,1.272714,0.080041,-0.177442,-0.024561,-0.033173,-0.037309,-0.005132,-0.998958,0.045635,-0.999062,0.043298,0.000000,0.481622,0.482176,0.004099,0.000000,0.354231,-0.351854,-0.014111
6.720,0.779036,0.147625,1.139288,0.793593,0.404259,1.272222,0.079400,-0.178195,-0.024653,-0.030945,-0.037904,-0.004101,-0.998626,0.052402,-0.998738,0.050224,0.000000,0.488689,0.475157,0.003822,0.000000,0.352386,-0.350000,-0.013625
6.740,0.778802,0.143552,1.139282,0.795175,0.400687,1.271728,0.078803,-0.178959,-0.024725,-0.028824,-0.038492,-0.003039,-0.998246,0.059197,-0.998364,0.057172,0.000000,0.495716,0.468177,0.003554,0.000000,0.350276,-0.347921,-0.013081
6.760,0.778542,0.139484,1.139278,0.796746,0.397100,1.271233,0.078247,-0.179734,-0.024775,-0.026823,-0.039057,-0.001946,-0.997818,0.066024,-0.997941,0.064146,0.000000,0.502698,0.461242,0.003299,0.000000,0.347902,-0.345614,-0.012486
6.780,0.778256,0.135421,1.139274,0.798305,0.393498,1.270738,0.077729,-0.180521,-0.024803,-0.024956,-0.039585,-0.000822,-0.997340,0.072886,-0.997466,0.071147,0.000000,0.509630,0.454354,0.003055,0.000000,0.345265,-0.343081,-0.011845
6.800,0.777945,0.131364,1.139271,0.799855,0.389880,1.270241,0.077247,-0.181317,-0.024807,-0.023235,-0.040064,0.000334,-0.996812,0.079786,-0.996939,0.078179,0.000000,0.516507,0.447520,0.002825,0.000000,0.342368,-0.340319,-0.011165
6.820,0.777609,0.127312,1.139269,0.801395,0.386245,1.269745,0.076799,-0.182123,-0.024789,-0.021669,-0.040481,0.001521,-0.996232,0.086728,-0.996360,0.085244,0.000000,0.523323,0.440743,0.002609,0.000000,0.339212,-0.337329,-0.010454
6.840,0.777248,0.123266,1.139269,0.802927,0.382595,1.269250,0.076379,-0.182936,-0.024746,-0.020267,-0.040827,0.002739,-0.995599,0.093714,-0.995727,0.092346,0.000000,0.530074,0.434028,0.002407,0.000000,0.335801,-0.334109,-0.009720
6.860,0.776862,0.119228,1.139269,0.804451,0.378928,1.268756,0.075987,-0.183755,-0.024679,-0.019034,-0.041092,0.003988,-0.994912,0.100746,-0.995039,0.099486,0.000000,0.536754,0.427380,0.002220,0.000000,0.332136,-0.330656,-0.008975
6.880,0.776450,0.115196,1.139271,0.805967,0.375244,1.268263,0.075617,-0.184579,-0.024587,-0.017974,-0.041272,0.005268,-0.994169,0.107829,-0.994295,0.106666,0.000000,0.543358,0.420804,0.002048,0.000000,0.328220,-0.326969,-0.008228
6.900,0.776014,0.111173,1.139274,0.807476,0.371545,1.267772,0.075267,-0.185406,-0.024468,-0.017087,-0.041361,0.006577,-0.993370,0.114963,-0.993493,0.113891,0.000000,0.549881,0.414303,0.001891,0.000000,0.324057,-0.323045,-0.007491
6.920,0.775552,0.107158,1.139278,0.808978,0.367828,1.267284,0.074932,-0.186233,-0.024323,-0.016371,-0.041359,0.007914,-0.992511,0.122152,-0.992633,0.121161,0.000000,0.556318,0.407883,0.001748,0.000000,0.319650,-0.318881,-0.006779
6.940,0.775065,0.103154,1.139283,0.810473,0.364095,1.266800,0.074611,-0.187059,-0.024152,-0.015821,-0.041266,0.009278,-0.991593,0.129397,-0.991712,0.128480,0.000000,0.562665,0.401549,0.001620,0.000000,0.315001,-0.314474,-0.006103
6.960,0.774552,0.099159,1.139289,0.811962,0.360346,1.266319,0.074298,-0.187883,-0.023952,-0.015429,-0.041087,0.010667,-0.990612,0.136700,-0.990729,0.135850,0.000000,0.568917,0.395306,0.001504,0.000000,0.310115,-0.309819,-0.005480
6.980,0.774013,0.095177,1.139296,0.813445,0.356580,1.265842,0.073992,-0.188702,-0.023725,-0.015183,-0.040829,0.012079,-0.989568,0.144063,-0.989683,0.143273,0.000000,0.575068,0.389158,0.001400,0.000000,0.304996,-0.304915,-0.004922
7.000,0.773448,0.091206,1.139303,0.814922,0.352798,1.265370,0.073690,-0.189516,-0.023469,-0.015068,-0.040503,0.013513,-0.988459,0.151488,-0.988572,0.150751,0.000000,0.581115,0.383111,0.001306,0.000000,0.299646,-0.299758,-0.004443
7.020,0.772856,0.087250,1.139310,0.816393,0.348999,1.264903,0.073389,-0.190322,-0.023184,-0.015065,-0.040120,0.014964,-0.987283,0.158976,-0.987393,0.158287,0.000000,0.587053,0.377170,0.001222,0.000000,0.294071,-0.294345,-0.004053
7.040,0.772237,0.083308,1.139318,0.817857,0.345185,1.264443,0.073087,-0.191120,-0.022870,-0.015156,-0.039697,0.016431,-0.986037,0.166527,-0.986145,0.165884,0.000000,0.592877,0.371339,0.001144,0.000000,0.288274,-0.288677,-0.003762
7.060,0.771591,0.079382,1.139325,0.819316,0.341355,1.263989,0.072782,-0.191910,-0.022527,-0.015319,-0.039249,0.017910,-0.984720,0.174143,-0.984826,0.173542,0.000000,0.598582,0.365624,0.001070,0.000000,0.282260,-0.282751,-0.003575
7.080,0.770917,0.075474,1.139332,0.820769,0.337509,1.263542,0.072474,-0.192690,-0.022154,-0.015530,-0.038796,0.019398,-0.983331,0.181826,-0.983434,0.181265,0.000000,0.604166,0.360031,0.001000,0.000000,0.276033,-0.276567,-0.003501
7.100,0.770215,0.071584,1.139338,0.822215,0.333647,1.263103,0.072161,-0.193462,-0.021751,-0.015766,-0.038358,0.020892,-0.981866,0.189575,-0.981967,0.189055,0.000000,0.609622,0.354563,0.000930,0.000000,0.269598,-0.270126,-0.003542
7.120,0.769484,0.067713,1.139344,0.823655,0.329770,1.262672,0.071843,-0.194225,-0.021318,-0.016001,-0.037956,0.022387,-0.980325,0.197392,-0.980421,0.196914,0.000000,0.614948,0.349227,0.000857,0.000000,0.262960,-0.263430,-0.003701
7.140,0.768724,0.063863,1.139348,0.825089,0.325878,1.262250,0.071521,-0.194980,-0.020855,-0.016212,-0.037612,0.023881,-0.978704,0.205279,-0.978795,0.204844,0.000000,0.620139,0.344028,0.000781,0.000000,0.256123,-0.256479,-0.003979
7.160,0.767935,0.060036,1.139352,0.826516,0.321971,1.261838,0.071195,-0.195730,-0.020363,-0.016374,-0.037350,0.025368,-0.977001,0.213235,-0.977085,0.212848,0.000000,0.625192,0.338970,0.000697,0.000000,0.249092,-0.249275,-0.004376
7.180,0.767116,0.056232,1.139354,0.827936,0.318049,1.261436,0.070867,-0.196475,-0.019841,-0.016461,-0.037191,0.026846,-0.975214,0.221262,-0.975290,0.220927,0.000000,0.630102,0.334059,0.000605,0.000000,0.241874,-0.241823,-0.004888
7.200,0.766267,0.052452,1.139355,0.829350,0.314112,1.261044,0.070537,-0.197218,-0.019289,-0.016453,-0.037160,0.028309,-0.973341,0.229362,-0.973406,0.229085,0.000000,0.634865,0.329299,0.000501,0.000000,0.234472,-0.234126,-0.005513
7.220,0.765387,0.048698,1.139354,0.830758,0.310160,1.260664,0.070209,-0.197962,-0.018708,-0.016326,-0.037278,0.029754,-0.971379,0.237535,-0.971431,0.237323,0.000000,0.639479,0.324695,0.000384,0.000000,0.226893,-0.226187,-0.006243
7.240,0.764477,0.044971,1.139353,0.832159,0.306193,1.260296,0.069885,-0.198711,-0.018099,-0.016062,-0.037569,0.031177,-0.969325,0.245782,-0.969360,0.245645,0.000000,0.643940,0.320253,0.000251,0.000000,0.219141,-0.218011,-0.007073
7.260,0.763536,0.041272,1.139349,0.833553,0.302212,1.259941,0.069568,-0.199466,-0.017462,-0.015643,-0.038054,0.032572,-0.967176,0.254106,-0.967190,0.254052,0.000000,0.648244,0.315976,0.000100,0.000000,0.211224,-0.209605,-0.007993
7.280,0.762564,0.037601,1.139345,0.834942,0.298215,1.259598,0.069261,-0.200234,-0.016796,-0.015054,-0.038753,0.033937,-0.964930,0.262507,-0.964919,0.262548,0.000000,0.652388,0.311870,-0.000069,0.000000,0.203146,-0.200974,-0.008992
7.300,0.761561,0.033960,1.139339,0.836324,0.294202,1.259269,0.068967,-0.201018,-0.016104,-0.014284,-0.039685,0.035266,-0.962583,0.270989,-0.962542,0.271133,0.000000,0.656369,0.307939,-0.000260,0.000000,0.194915,-0.192124,-0.010059
7.320,0.760526,0.030350,1.139332,0.837700,0.290174,1.258954,0.068690,-0.201823,-0.015386,-0.013324,-0.040867,0.036555,-0.960131,0.279552,-0.960054,0.279813,0.000000,0.660184,0.304187,-0.000472,0.000000,0.186535,-0.183064,-0.011179
7.340,0.759461,0.026771,1.139324,0.839072,0.286129,1.258654,0.068435,-0.202655,-0.014642,-0.012170,-0.042316,0.037801,-0.957570,0.288200,-0.957453,0.288588,0.000000,0.663829,0.300618,-0.000707,0.000000,0.178013,-0.173801,-0.012337
7.360,0.758364,0.023224,1.139315,0.840438,0.282067,1.258368,0.068205,-0.203518,-0.013874,-0.010823,-0.044043,0.038999,-0.954898,0.296934,-0.954734,0.297462,0.000000,0.667303,0.297236,-0.000966,0.000000,0.169357,-0.164344,-0.013515
7.380,0.757237,0.019709,1.139306,0.841800,0.277988,1.258099,0.068004,-0.204418,-0.013083,-0.009286,-0.046060,0.040145,-0.952109,0.305758,-0.951891,0.306437,0.000000,0.670603,0.294045,-0.001248,0.000000,0.160571,-0.154702,-0.014696
7.400,0.756079,0.016228,1.139297,0.843158,0.273890,1.257845,0.067835,-0.205362,-0.012269,-0.007570,-0.048375,0.041236,-0.949199,0.314675,-0.948920,0.315517,0.000000,0.673725,0.291049,-0.001553,0.000000,0.151664,-0.144885,-0.015859
7.420,0.754891,0.012781,1.139287,0.844514,0.269773,1.257608,0.067702,-0.206355,-0.011434,-0.005690,-0.050992,0.042267,-0.946164,0.323688,-0.945816,0.324704,0.000000,0.676668,0.288251,-0.001882,0.000000,0.142643,-0.134903,-0.016981
7.440,0.753673,0.009367,1.139278,0.845867,0.265636,1.257388,0.067608,-0.207404,-0.010579,-0.003668,-0.053913,0.043236,-0.942997,0.332802,-0.942572,0.334002,0.000000,0.679430,0.285654,-0.002232,0.000000,0.133513,-0.124768,-0.018038
7.460,0.752426,0.005988,1.139269,0.847218,0.261477,1.257185,0.067556,-0.208514,-0.009705,-0.001530,-0.057136,0.044138,-0.939693,0.342019,-0.939185,0.343412,0.000000,0.682008,0.283261,-0.002603,0.000000,0.124282,-0.114490,-0.019008
7.480,0.751149,0.002644,1.139261,0.848569,0.257295,1.257000,0.067547,-0.209691,-0.008814,0.000689,-0.060654,0.044972,-0.936246,0.351345,-0.935646,0.352939,0.000000,0.684401,0.281075,-0.002992,0.000000,0.114959,-0.104083,-0.019864
7.500,0.749844,-0.000665,1.139255,0.849920,0.253089,1.256833,0.067584,-0.210942,-0.007906,0.002950,-0.064459,0.045733,-0.932650,0.360783,-0.931951,0.362585,0.000000,0.686606,0.279098,-0.003397,0.000000,0.105548,-0.093558,-0.020588
7.520,0.748510,-0.003940,1.139249,0.851273,0.248857,1.256684,0.067665,-0.212271,-0.006985,0.005209,-0.068537,0.046419,-0.928896,0.370340,-0.928091,0.372354,0.000000,0.688622,0.277333,-0.003814,0.000000,0.096059,-0.082927,-0.021157
7.540,0.747149,-0.007179,1.139245,0.852627,0.244597,1.256553,0.067792,-0.213685,-0.006050,0.007417,-0.072873,0.047029,-0.924979,0.380018,-0.924060,0.382247,0.000000,0.690448,0.275782,-0.004242,0.000000,0.086498,-0.072202,-0.021556
7.560,0.745761,-0.010382,1.139243,0.853985,0.240309,1.256442,0.067961,-0.215188,-0.005104,0.009523,-0.077447,0.047558,-0.920889,0.389825,-0.919851,0.392269,0.000000,0.692082,0.274446,-0.004675,0.000000,0.076873,-0.061395,-0.021769
7.580,0.744347,-0.013550,1.139243,0.855346,0.235989,1.256349,0.068172,-0.216784,-0.004148,0.011472,-0.082238,0.048007,-0.916619,0.399763,-0.915455,0.402420,0.000000,0.693522,0.273327,-0.005111,0.000000,0.067190,-0.050518,-0.021783
7.600,0.742906,-0.016682,1.139244,0.856712,0.231637,1.256276,0.068419,-0.218479,-0.003184,0.013207,-0.087222,0.048372,-0.912159,0.409837,-0.910865,0.412704,0.000000,0.694769,0.272426,-0.005545,0.000000,0.057458,-0.039583,-0.021585
7.620,0.741441,-0.019778,1.139248,0.858083,0.227249,1.256222,0.068698,-0.220274,-0.002214,0.014671,-0.092370,0.048652,-0.907500,0.420052,-0.906073,0.423122,0.000000,0.695821,0.271744,-0.005973,0.000000,0.047682,-0.028603,-0.021167
7.640,0.739951,-0.022838,1.139254,0.859460,0.222825,1.256188,0.069003,-0.222174,-0.001239,0.015804,-0.097655,0.048846,-0.902632,0.430412,-0.901069,0.433676,0.000000,0.696676,0.271282,-0.006390,0.000000,0.037872,-0.017590,-0.020521
7.660,0.738437,-0.025862,1.139261,0.860843,0.218362,1.256173,0.069328,-0.224181,-0.000261,0.016548,-0.103043,0.048953,-0.897546,0.440921,-0.895844,0.444368,0.000000,0.697335,0.271040,-0.006792,0.000000,0.028033,-0.006556,-0.019642
7.680,0.736899,-0.028850,1.139271,0.862233,0.213857,1.256177,0.069662,-0.226297,0.000719,0.016846,-0.108503,0.048973,-0.892230,0.451581,-0.890391,0.455197,0.000000,0.697797,0.271019,-0.007174,0.000000,0.018173,0.004487,-0.018527
7.700,0.735339,-0.031801,1.139282,0.863630,0.209309,1.256201,0.069998,-0.228522,0.001698,0.016639,-0.113998,0.048903,-0.886674,0.462395,-0.884698,0.466164,0.000000,0.698062,0.271220,-0.007532,0.000000,0.008299,0.015526,-0.017174
7.720,0.733756,-0.034715,1.139295,0.865033,0.204715,1.256245,0.070324,-0.230856,0.002674,0.015875,-0.119491,0.048745,-0.880867,0.473365,-0.878757,0.477269,0.000000,0.698129,0.271640,-0.007860,0.000000,-0.001580,0.026548,-0.015585
7.740,0.732151,-0.037592,1.139309,0.866443,0.200074,1.256308,0.070629,-0.233301,0.003647,0.014502,-0.124945,0.048498,-0.874796,0.484492,-0.872557,0.488511,0.000000,0.697999,0.272281,-0.008154,0.000000,-0.011459,0.037541,-0.013761
7.760,0.730525,-0.040432,1.139324,0.867858,0.195383,1.256391,0.070900,-0.235854,0.004614,0.012470,-0.130318,0.048163,-0.868449,0.495778,-0.866089,0.499888,0.000000,0.697671,0.273142,-0.008409,0.000000,-0.021329,0.048493,-0.011708
7.780,0.728877,-0.043234,1.139339,0.869278,0.190639,1.256493,0.071123,-0.238513,0.005573,0.009738,-0.135571,0.047740,-0.861816,0.507221,-0.859343,0.511399,0.000000,0.697146,0.274221,-0.008621,0.000000,-0.031183,0.059390,-0.009433
7.800,0.727208,-0.045997,1.139354,0.870703,0.185841,1.256614,0.071284,-0.241276,0.006523,0.006264,-0.140662,0.047230,-0.854883,0.518821,-0.852308,0.523040,0.000000,0.696424,0.275517,-0.008785,0.000000,-0.041015,0.070221,-0.006943
7.820,0.725518,-0.048722,1.139369,0.872129,0.180987,1.256754,0.071369,-0.244138,0.007461,0.002017,-0.145548,0.046634,-0.847638,0.530575,-0.844973,0.534808,0.000000,0.695505,0.277029,-0.008897,0.000000,-0.050816,0.080971,-0.004251
7.840,0.723807,-0.051407,1.139383,0.873557,0.176075,1.256912,0.071360,-0.247096,0.008387,-0.003030,-0.150186,0.045954,-0.840069,0.542480,-0.837329,0.546699,0.000000,0.694391,0.278755,-0.008953,0.000000,-0.060579,0.091630,-0.001369
7.860,0.722075,-0.054052,1.139396,0.874983,0.171103,1.257089,0.071242,-0.250144,0.009299,-0.008898,-0.154533,0.045191,-0.832162,0.554532,-0.829365,0.558706,0.000000,0.693083,0.280693,-0.008951,0.000000,-0.070297,0.102183,0.001688
7.880,0.720323,-0.056656,1.139407,0.876405,0.166069,1.257284,0.070998,-0.253275,0.010194,-0.015600,-0.158544,0.044347,-0.823906,0.566726,-0.821072,0.570825,0.000000,0.691580,0.282842,-0.008885,0.000000,-0.079962,0.112617,0.004903
7.900,0.718549,-0.059219,1.139416,0.877822,0.160972,1.257497,0.070612,-0.256483,0.011072,-0.023138,-0.162175,0.043424,-0.815289,0.579055,-0.812438,0.583047,0.000000,0.689884,0.285197,-0.008754,0.000000,-0.089568,0.122921,0.008257
7.920,0.716754,-0.061740,1.139422,0.879229,0.155809,1.257727,0.070067,-0.259759,0.011931,-0.031508,-0.165383,0.042426,-0.806297,0.591510,-0.803455,0.595366,0.000000,0.687998,0.287757,-0.008554,0.000000,-0.099106,0.133080,0.011729
7.940,0.714936,-0.064217,1.139426,0.880623,0.150581,1.257974,0.069347,-0.263095,0.012769,-0.040695,-0.168125,0.041355,-0.796921,0.604084,-0.794112,0.607771,0.000000,0.685921,0.290519,-0.008284,0.000000,-0.108569,0.143082,0.015297
7.960,0.713097,-0.066651,1.139426,0.882002,0.145285,1.258237,0.068434,-0.266481,0.013585,-0.050672,-0.170356,0.040215,-0.787148,0.616765,-0.784401,0.620255,0.000000,0.683655,0.293480,-0.007941,0.000000,-0.117950,0.152913,0.018936
7.980,0.711235,-0.069040,1.139424,0.883359,0.139921,1.258517,0.067315,-0.269906,0.014377,-0.061406,-0.172035,0.039008,-0.776967,0.629541,-0.774312,0.632804,0.000000,0.681203,0.296635,-0.007526,0.000000,-0.127242,0.162562,0.022622
8.000,0.709349,-0.071384,1.139418,0.884693,0.134489,1.258812,0.065973,-0.273358,0.015145,-0.072850,-0.173121,0.037739,-0.766369,0.642400,-0.763838,0.645408,0.000000,0.678566,0.299981,-0.007036,0.000000,-0.136438,0.172017,0.026333
8.020,0.707440,-0.073681,1.139409,0.885997,0.128987,1.259122,0.064396,-0.276826,0.015886,-0.084952,-0.173572,0.036413,-0.755344,0.655328,-0.752970,0.658054,0.000000,0.675746,0.303514,-0.006473,0.000000,-0.145530,0.181267,0.030046
8.040,0.705505,-0.075931,1.139397,0.887267,0.123416,1.259447,0.062571,-0.280296,0.016601,-0.097649,-0.173351,0.035032,-0.743884,0.668308,-0.741703,0.670729,0.000000,0.672746,0.307230,-0.005835,0.000000,-0.154511,0.190301,0.033741
8.060,0.703545,-0.078133,1.139382,0.888498,0.117775,1.259786,0.060487,-0.283755,0.017287,-0.110875,-0.172421,0.033603,-0.731981,0.681325,-0.730028,0.683417,0.000000,0.669567,0.311125,-0.005123,0.000000,-0.163375,0.199111,0.037397
8.080,0.701559,-0.080286,1.139364,0.889684,0.112066,1.260139,0.058133,-0.287188,0.017945,-0.124555,-0.170747,0.032129,-0.719628,0.694360,-0.717941,0.696103,0.000000,0.666212,0.315193,-0.004339,0.000000,-0.172116,0.207687,0.040994
8.100,0.699546,-0.082390,1.139345,0.890821,0.106288,1.260504,0.055502,-0.290580,0.018572,-0.138609,-0.168297,0.030615,-0.706819,0.707395,-0.705437,0.708772,0.000000,0.662683,0.319430,-0.003484,0.000000,-0.180725,0.216021,0.044515
8.120,0.697505,-0.084443,1.139324,0.891903,0.100443,1.260881,0.052587,-0.293915,0.019169,-0.152955,-0.165041,0.029067,-0.693549,0.720409,-0.692512,0.721406,0.000000,0.658984,0.323832,-0.002559,0.000000,-0.189198,0.224106,0.047941
8.140,0.695436,-0.086446,1.139302,0.892923,0.094532,1.261270,0.049383,-0.297176,0.019734,-0.167503,-0.160953,0.027488,-0.679816,0.733383,-0.679163,0.733987,0.000000,0.655116,0.328393,-0.001567,0.000000,-0.197528,0.231935,0.051256
8.160,0.693339,-0.088396,1.139279,0.893876,0.088556,1.261671,0.045886,-0.300347,0.020268,-0.182164,-0.156011,0.025886,-0.665616,0.746294,-0.665389,0.746496,0.000000,0.651083,0.333108,-0.000510,0.000000,-0.205709,0.239502,0.054443
8.180,0.691211,-0.090293,1.139255,0.894756,0.082519,1.262081,0.042096,-0.303411,0.020770,-0.196846,-0.150194,0.024264,-0.650950,0.759121,-0.651188,0.758916,0.000000,0.646889,0.337971,0.000610,0.000000,-0.213734,0.246802,0.057488
8.200,0.689054,-0.092138,1.139233,0.895558,0.076421,1.262501,0.038013,-0.306349,0.021239,-0.211455,-0.143487,0.022627,-0.635817,0.771840,-0.636560,0.771226,0.000000,0.642535,0.342978,0.001789,0.000000,-0.221598,0.253830,0.060375
8.220,0.686867,-0.093928,1.139212,0.896275,0.070266,1.262930,0.033639,-0.309144,0.021675,-0.225898,-0.135878,0.020982,-0.620220,0.784428,-0.621509,0.783407,0.000000,0.638026,0.348123,0.003024,0.000000,-0.229294,0.260582,0.063092
8.240,0.684649,-0.095664,1.139192,0.896902,0.064056,1.263368,0.028978,-0.311778,0.022078,-0.240081,-0.127361,0.019332,-0.604162,0.796861,-0.606036,0.795437,0.000000,0.633365,0.353399,0.004311,0.000000,-0.236818,0.267055,0.065626
8.260,0.682401,-0.097345,1.139175,0.897432,0.057796,1.263813,0.024038,-0.314233,0.022448,-0.253913,-0.117934,0.017683,-0.587650,0.809116,-0.590146,0.807296,0.000000,0.628554,0.358803,0.005647,0.000000,-0.244163,0.273246,0.067966
8.280,0.680122,-0.098971,1.139160,0.897861,0.051488,1.264266,0.018825,-0.316489,0.022785,-0.267304,-0.107598,0.016039,-0.570689,0.821166,-0.573844,0.818964,0.000000,0.623599,0.364327,0.007028,0.000000,-0.251325,0.279154,0.070099
8.300,0.677812,-0.100541,1.139149,0.898183,0.045137,1.264724,0.013349,-0.318531,0.023090,-0.280167,-0.096363,0.014406,-0.553289,0.832989,-0.557139,0.830419,0.000000,0.618503,0.369967,0.008450,0.000000,-0.258297,0.284777,0.072017
8.320,0.675473,-0.102055,1.139142,0.898394,0.038748,1.265189,0.007622,-0.320338,0.023362,-0.292419,-0.084242,0.012788,-0.535460,0.844560,-0.540038,0.841640,0.000000,0.613269,0.375717,0.009907,0.000000,-0.265075,0.290115,0.073709
8.340,0.673104,-0.103512,1.139138,0.898487,0.032326,1.265659,0.001657,-0.321894,0.023601,-0.303982,-0.071256,0.011190,-0.517216,0.855855,-0.522552,0.852607,0.000000,0.607901,0.381570,0.011397,0.000000,-0.271654,0.295168,0.075168
8.360,0.670705,-0.104913,1.139140,0.898458,0.025874,1.266133,-0.004532,-0.323183,0.023809,-0.314783,-0.057429,0.009614,-0.498570,0.866849,-0.504694,0.863298,0.000000,0.602404,0.387521,0.012913,0.000000,-0.278028,0.299937,0.076387
8.380,0.668278,-0.106257,1.139145,0.898304,0.019400,1.266611,-0.010929,-0.324186,0.023986,-0.324754,-0.042795,0.008067,-0.479538,0.877521,-0.486475,0.873694,0.000000,0.596781,0.393565,0.014450,0.000000,-0.284192,0.304423,0.077357
8.400,0.665824,-0.107545,1.139155,0.898020,0.012909,1.267092,-0.017516,-0.324889,0.024132,-0.333838,-0.027393,0.006550,-0.460140,0.887846,-0.467912,0.883775,0.000000,0.591038,0.399696,0.016005,0.000000,-0.290143,0.308629,0.078075
8.420,0.663343,-0.108775,1.139170,0.897602,0.006407,1.267576,-0.024276,-0.325277,0.024248,-0.341981,-0.011270,0.005067,-0.440394,0.897805,-0.449022,0.893521,0.000000,0.585177,0.405909,0.017572,0.000000,-0.295875,0.312559,0.078534
8.440,0.660836,-0.109950,1.139189,0.897048,-0.000100,1.268062,-0.031189,-0.325336,0.024335,-0.349141,0.005522,0.003623,-0.420323,0.907374,-0.429822,0.902913,0.000000,0.579204,0.412197,0.019145,0.000000,-0.301384,0.316214,0.078730
8.460,0.658305,-0.111068,1.139211,0.896354,-0.006604,1.268549,-0.038235,-0.325052,0.024394,-0.355284,0.022920,0.002218,-0.399951,0.916536,-0.410334,0.911935,0.000000,0.573123,0.418556,0.020719,0.000000,-0.306666,0.319601,0.078662
8.480,0.655751,-0.112130,1.139237,0.895518,-0.013100,1.269037,-0.045393,-0.324415,0.024424,-0.360386,0.040856,0.000855,-0.379303,0.925272,-0.390578,0.920570,0.000000,0.566939,0.424979,0.022289,0.000000,-0.311716,0.322723,0.078325
8.500,0.653175,-0.113136,1.139265,0.894537,-0.019579,1.269526,-0.052643,-0.323415,0.024428,-0.364431,0.059257,-0.000463,-0.358407,0.933565,-0.370578,0.928801,0.000000,0.560656,0.431463,0.023850,0.000000,-0.316530,0.325583,0.077721
8.520,0.650579,-0.114087,1.139294,0.893411,-0.026034,1.270014,-0.059963,-0.322043,0.024406,-0.367411,0.078041,-0.001734,-0.337291,0.941400,-0.350358,0.936616,0.000000,0.554279,0.438001,0.025397,0.000000,-0.321105,0.328186,0.076849
8.540,0.647964,-0.114984,1.139325,0.892139,-0.032458,1.270502,-0.067333,-0.320291,0.024359,-0.369327,0.097124,-0.002959,-0.315985,0.948764,-0.329944,0.944000,0.000000,0.547814,0.444589,0.026923,0.000000,-0.325438,0.330536,0.075712
8.560,0.645331,-0.115825,1.139355,0.890718,-0.038843,1.270989,-0.074729,-0.318156,0.024288,-0.370186,0.116418,-0.004134,-0.294520,0.955645,-0.309364,0.950943,0.000000,0.541263,0.451221,0.028423,0.000000,-0.329525,0.332637,0.074312
8.580,0.642681,-0.116613,1.139385,0.889149,-0.045181,1.271473,-0.082133,-0.315634,0.024194,-0.370002,0.135830,-0.005260,-0.272928,0.962035,-0.288644,0.957436,0.000000,0.534634,0.457892,0.029893,0.000000,-0.333362,0.334493,0.072654
8.600,0.640016,-0.117348,1.139413,0.887433,-0.051466,1.271956,-0.089523,-0.312723,0.024078,-0.368796,0.155267,-0.006336,-0.251242,0.967924,-0.267813,0.963470,0.000000,0.527931,0.464599,0.031328,0.000000,-0.336948,0.336108,0.070744
8.620,0.637336,-0.118029,1.139439,0.885569,-0.057688,1.272436,-0.096878,-0.309424,0.023941,-0.366594,0.174633,-0.007362,-0.229494,0.973310,-0.246901,0.969040,0.000000,0.521158,0.471335,0.032721,0.000000,-0.340278,0.337485,0.068587
8.640,0.634642,-0.118657,1.139462,0.883558,-0.063840,1.272914,-0.104180,-0.305739,0.023784,-0.363428,0.193832,-0.008337,-0.207720,0.978188,-0.225936,0.974142,0.000000,0.514321,0.478097,0.034070,0.000000,-0.343352,0.338629,0.066193
8.660,0.631935,-0.119233,1.139482,0.881402,-0.069915,1.273388,-0.111409,-0.301672,0.023608,-0.359335,0.212766,-0.009262,-0.185951,0.982559,-0.204949,0.978772,0.000000,0.507426,0.484879,0.035368,0.000000,-0.346166,0.339543,0.063570
8.680,0.629214,-0.119757,1.139497,0.879102,-0.075904,1.273858,-0.118548,-0.297230,0.023414,-0.354356,0.231339,-0.010137,-0.164222,0.986423,-0.183970,0.982932,0.000000,0.500476,0.491677,0.036611,0.000000,-0.348718,0.340231,0.060729
8.700,0.626481,-0.120230,1.139508,0.876661,-0.081802,1.274324,-0.125578,-0.292422,0.023203,-0.348535,0.249458,-0.010962,-0.142565,0.989785,-0.163028,0.986621,0.000000,0.493479,0.498486,0.037795,0.000000,-0.351007,0.340697,0.057681
8.720,0.623734,-0.120650,1.139515,0.874080,-0.087599,1.274786,-0.132484,-0.287256,0.022975,-0.341920,0.267029,-0.011739,-0.121013,0.992651,-0.142151,0.989845,0.000000,0.486438,0.505303,0.038917,0.000000,-0.353030,0.340944,0.054440
8.740,0.620975,-0.121020,1.139516,0.871362,-0.093289,1.275243,-0.139250,-0.281745,0.022733,-0.334564,0.283965,-0.012467,-0.099598,0.995028,-0.121370,0.992607,0.000000,0.479359,0.512123,0.039972,0.000000,-0.354787,0.340977,0.051020
8.760,0.618203,-0.121337,1.139513,0.868511,-0.098866,1.275695,-0.145862,-0.275902,0.022477,-0.326518,0.300178,-0.013149,-0.078351,0.996926,-0.100713,0.994915,0.000000,0.472248,0.518941,0.040957,0.000000,-0.356276,0.340799,0.047436
8.780,0.615416,-0.121603,1.139504,0.865529,-0.104323,1.276142,-0.152306,-0.269743,0.022208,-0.317840,0.315589,-0.013785,-0.057302,0.998357,-0.080205,0.996778,0.000000,0.465110,0.525753,0.041868,0.000000,-0.357496,0.340414,0.043705
8.800,0.612615,-0.121817,1.139492,0.862420,-0.109654,1.276583,-0.158571,-0.263284,0.021926,-0.308586,0.330122,-0.014376,-0.036477,0.999334,-0.059875,0.998206,0.000000,0.457950,0.532556,0.042704,0.000000,-0.358445,0.339824,0.039844
8.820,0.609799,-0.121979,1.139475,0.859187,-0.114853,1.277019,-0.164646,-0.256544,0.021633,-0.298815,0.343708,-0.014924,-0.015905,0.999874,-0.039746,0.999210,0.000000,0.450774,0.539345,0.043461,0.000000,-0.359125,0.339035,0.035874
8.840,0.606966,-0.122088,1.139454,0.855835,-0.119914,1.277449,-0.170521,-0.249543,0.021329,-0.288584,0.356284,-0.015430,0.004389,0.999990,-0.019843,0.999803,0.000000,0.443587,0.546116,0.044138,0.000000,-0.359533,0.338049,0.031813
8.860,0.604116,-0.122145,1.139430,0.852368,-0.124833,1.277872,-0.176187,-0.242300,0.021016,-0.277952,0.367794,-0.015896,0.024384,0.999703,-0.000187,1.000000,0.000000,0.436395,0.552866,0.044733,0.000000,-0.359670,0.336870,0.027685
8.880,0.601249,-0.122147,1.139403,0.848789,-0.129605,1.278289,-0.181637,-0.234838,0.020694,-0.266978,0.378194,-0.016324,0.044056,0.999029,0.019201,0.999816,0.000000,0.429202,0.559590,0.045245,0.000000,-0.359535,0.335501,0.023511
8.900,0.598361,-0.122096,1.139375,0.845104,-0.134225,1.278700,-0.186864,-0.227180,0.020363,-0.255718,0.387444,-0.016714,0.063387,0.997989,0.038301,0.999266,0.000000,0.422015,0.566284,0.045674,0.000000,-0.359129,0.333946,0.019315
8.920,0.595454,-0.121990,1.139345,0.841316,-0.138691,1.279104,-0.191864,-0.219348,0.020025,-0.244229,0.395519,-0.017069,0.082361,0.996603,0.057097,0.998369,0.000000,0.414839,0.572946,0.046018,0.000000,-0.358452,0.332208,0.015124
8.940,0.592525,-0.121829,1.139314,0.837431,-0.142998,1.279501,-0.196632,-0.211367,0.019681,-0.232565,0.402402,-0.017390,0.100962,0.994890,0.075574,0.997140,0.000000,0.407679,0.579572,0.046279,0.000000,-0.357505,0.330291,0.010963
8.960,0.589574,-0.121611,1.139284,0.833453,-0.147145,1.279891,-0.201166,-0.203260,0.019330,-0.220776,0.408086,-0.017679,0.119178,0.992873,0.093719,0.995599,0.000000,0.400540,0.586157,0.046457,0.000000,-0.356288,0.328198,0.006858
8.980,0.586600,-0.121336,1.139254,0.829386,-0.151128,1.280274,-0.205463,-0.195052,0.018974,-0.208913,0.412578,-0.017938,0.137000,0.990571,0.111520,0.993762,0.000000,0.393429,0.592698,0.046554,0.000000,-0.354803,0.325932,0.002833
9.000,0.583602,-0.121004,1.139227,0.825236,-0.154946,1.280650,-0.209522,-0.186765,0.018613,-0.197022,0.415892,-0.018168,0.154419,0.988005,0.128968,0.991648,0.000000,0.386350,0.599193,0.046571,0.000000,-0.353050,0.323495,-0.001089
9.020,0.580579,-0.120613,1.139201,0.821007,-0.158598,1.281018,-0.213344,-0.178424,0.018247,-0.185149,0.418052,-0.018371,0.171430,0.985196,0.146056,0.989276,0.000000,0.379309,0.605637,0.046511,0.000000,-0.351030,0.320890,-0.004888
9.040,0.577531,-0.120163,1.139178,0.816704,-0.162083,1.281380,-0.216928,-0.170050,0.017878,-0.173335,0.419090,-0.018549,0.188029,0.982163,0.162778,0.986662,0.000000,0.372310,0.612027,0.046376,0.000000,-0.348746,0.318119,-0.008546
9.060,0.574458,-0.119653,1.139158,0.812331,-0.165400,1.281733,-0.220278,-0.161667,0.017505,-0.161620,0.419047,-0.018704,0.204214,0.978926,0.179129,0.983825,0.000000,0.365361,0.618361,0.046170,0.000000,-0.346199,0.315185,-0.012045
9.080,0.571358,-0.119082,1.139142,0.807894,-0.168550,1.282080,-0.223394,-0.153295,0.017130,-0.150043,0.417969,-0.018836,0.219984,0.975503,0.195107,0.980782,0.000000,0.358464,0.624634,0.045896,0.000000,-0.343390,0.312087,-0.015371
9.100,0.568233,-0.118452,1.139130,0.803397,-0.171532,1.282419,-0.226281,-0.144955,0.016752,-0.138638,0.415910,-0.018948,0.235341,0.971913,0.210710,0.977548,0.000000,0.351627,0.630843,0.045557,0.000000,-0.340323,0.308829,-0.018511
9.120,0.565082,-0.117760,1.139122,0.798844,-0.174348,1.282750,-0.228941,-0.136665,0.016372,-0.127440,0.412927,-0.019042,0.250288,0.968172,0.225937,0.974142,0.000000,0.344853,0.636986,0.045157,0.000000,-0.336998,0.305410,-0.021452
9.140,0.561905,-0.117008,1.139118,0.794241,-0.176999,1.283073,-0.231380,-0.128444,0.015991,-0.116477,0.409083,-0.019119,0.264827,0.964296,0.240791,0.970577,0.000000,0.338148,0.643059,0.044700,0.000000,-0.333420,0.301832,-0.024186
9.160,0.558704,-0.116195,1.139118,0.789591,-0.179487,1.283389,-0.233602,-0.120307,0.015608,-0.105780,0.404447,-0.019180,0.278964,0.960302,0.255273,0.966869,0.000000,0.331518,0.649058,0.044191,0.000000,-0.329589,0.298095,-0.026704
9.180,0.555477,-0.115321,1.139122,0.784898,-0.181812,1.283698,-0.235613,-0.112271,0.015223,-0.095374,0.399086,-0.019227,0.292705,0.956203,0.269386,0.963032,0.000000,0.324967,0.654981,0.043633,0.000000,-0.325509,0.294200,-0.029001
9.200,0.552227,-0.114386,1.139130,0.780167,-0.183978,1.283998,-0.237419,-0.104348,0.014839,-0.085282,0.393075,-0.019261,0.306056,0.952013,0.283134,0.959080,0.000000,0.318499,0.660825,0.043032,0.000000,-0.321184,0.290146,-0.031072
9.220,0.548954,-0.113392,1.139142,0.775403,-0.185987,1.284291,-0.239026,-0.096551,0.014453,-0.075527,0.386487,-0.019284,0.319026,0.947746,0.296521,0.955026,0.000000,0.312121,0.666586,0.042392,0.000000,-0.316616,0.285932,-0.032915
9.240,0.545658,-0.112338,1.139157,0.770608,-0.187841,1.284576,-0.240442,-0.088892,0.014067,-0.066127,0.379397,-0.019297,0.331623,0.943412,0.309553,0.950882,0.000000,0.305836,0.672261,0.041717,0.000000,-0.311808,0.281559,-0.034530
9.260,0.542341,-0.111225,1.139175,0.765786,-0.189544,1.284854,-0.241674,-0.081378,0.013681,-0.057100,0.371880,-0.019302,0.343855,0.939023,0.322236,0.946659,0.000000,0.299650,0.677847,0.041012,0.000000,-0.306765,0.277026,-0.035918
9.280,0.539004,-0.110054,1.139195,0.760942,-0.191097,1.285124,-0.242729,-0.074019,0.013295,-0.048460,0.364012,-0.019300,0.355731,0.934588,0.334576,0.942369,0.000000,0.293567,0.683341,0.040282,0.000000,-0.301490,0.272331,-0.037081
9.300,0.535647,-0.108825,1.139218,0.756078,-0.192505,1.285386,-0.243615,-0.066820,0.012909,-0.040218,0.355865,-0.019291,0.367261,0.930118,0.346579,0.938021,0.000000,0.287592,0.688739,0.039530,0.000000,-0.295986,0.267473,-0.038025
9.320,0.532272,-0.107541,1.139241,0.751198,-0.193771,1.285640,-0.244340,-0.059786,0.012524,-0.032386,0.347511,-0.019278,0.378454,0.925620,0.358254,0.933624,0.000000,0.281729,0.694039,0.038762,0.000000,-0.290260,0.262451,-0.038757
9.340,0.528880,-0.106200,1.139266,0.746306,-0.194898,1.285887,-0.244913,-0.052920,0.012138,-0.024970,0.339019,-0.019260,0.389321,0.921102,0.369606,0.929189,0.000000,0.275983,0.699236,0.037981,0.000000,-0.284313,0.257261,-0.039284
9.360,0.525472,-0.104805,1.139291,0.741403,-0.195889,1.286126,-0.245342,-0.046226,0.011753,-0.017976,0.330452,-0.019240,0.399872,0.916571,0.380644,0.924722,0.000000,0.270358,0.704328,0.037192,0.000000,-0.278152,0.251903,-0.039618
9.380,0.522049,-0.103357,1.139315,0.736493,-0.196748,1.286357,-0.245635,-0.039702,0.011369,-0.011406,0.321873,-0.019218,0.410114,0.912034,0.391375,0.920231,0.000000,0.264858,0.709311,0.036398,0.000000,-0.271780,0.246373,-0.039769
9.400,0.518612,-0.101856,1.139339,0.731578,-0.197478,1.286580,-0.245801,-0.033350,0.010985,-0.005262,0.313337,-0.019194,0.420060,0.907497,0.401806,0.915725,0.000000,0.259488,0.714182,0.035603,0.000000,-0.265204,0.240670,-0.039753
9.420,0.515161,-0.100303,1.139362,0.726661,-0.198083,1.286796,-0.245848,-0.027168,0.010601,0.000459,0.304894,-0.019170,0.429716,0.902964,0.411946,0.911208,0.000000,0.254252,0.718937,0.034809,0.000000,-0.258427,0.234789,-0.039585
9.440,0.511698,-0.098700,1.139383,0.721745,-0.198566,1.287004,-0.245785,-0.021154,0.010218,0.005761,0.296587,-0.019146,0.439094,0.898441,0.421801,0.906688,0.000000,0.249152,0.723572,0.034020,0.000000,-0.251455,0.228727,-0.039282
9.460,0.508224,-0.097047,1.139402,0.716831,-0.198930,1.287205,-0.245621,-0.015304,0.009835,0.010649,0.288453,-0.019123,0.448200,0.893933,0.431378,0.902171,0.000000,0.244195,0.728085,0.033238,0.000000,-0.244294,0.222483,-0.038861
9.480,0.504739,-0.095345,1.139419,0.711921,-0.199179,1.287398,-0.245362,-0.009614,0.009453,0.015132,0.280523,-0.019100,0.457044,0.889444,0.440685,0.897662,0.000000,0.239382,0.732471,0.032466,0.000000,-0.236949,0.216053,-0.038338
9.500,0.501243,-0.093594,1.139433,0.707017,-0.199316,1.287583,-0.245018,-0.004081,0.009071,0.019221,0.272820,-0.019080,0.465634,0.884978,0.449728,0.893165,0.000000,0.234718,0.736726,0.031705,0.000000,-0.229426,0.209436,-0.037728
9.520,0.497738,-0.091797,1.139444,0.702121,-0.199344,1.287761,-0.244596,0.001300,0.008690,0.022928,0.265364,-0.019061,0.473976,0.880538,0.458515,0.888687,0.000000,0.230206,0.740847,0.030958,0.000000,-0.221730,0.202632,-0.037046
9.540,0.494222,-0.089952,1.139453,0.697233,-0.199265,1.287931,-0.244103,0.006535,0.008309,0.026265,0.258167,-0.019044,0.482077,0.876129,0.467051,0.884230,0.000000,0.225850,0.744830,0.030224,0.000000,-0.213867,0.195640,-0.036306
9.560,0.490698,-0.088061,1.139459,0.692357,-0.199083,1.288093,-0.243548,0.011629,0.007928,0.029249,0.251239,-0.019029,0.489946,0.871753,0.475343,0.879800,0.000000,0.221652,0.748671,0.029506,0.000000,-0.205844,0.188462,-0.035519
9.580,0.487164,-0.086125,1.139462,0.687492,-0.198801,1.288248,-0.242936,0.016587,0.007547,0.031896,0.244582,-0.019016,0.497589,0.867413,0.483397,0.875401,0.000000,0.217617,0.752367,0.028803,0.000000,-0.197665,0.181097,-0.034698
9.600,0.483621,-0.084143,1.139462,0.682640,-0.198421,1.288395,-0.242274,0.021414,0.007167,0.034222,0.238198,-0.019006,0.505011,0.863113,0.491220,0.871035,0.000000,0.213747,0.755914,0.028118,0.000000,-0.189338,0.173548,-0.033853
9.620,0.480068,-0.082116,1.139459,0.677801,-0.197945,1.288534,-0.241569,0.026116,0.006787,0.036248,0.232081,-0.018998,0.512219,0.858855,0.498817,0.866707,0.000000,0.210045,0.759308,0.027449,0.000000,-0.180868,0.165818,-0.032993
9.640,0.476506,-0.080044,1.139453,0.672977,-0.197377,1.288666,-0.240826,0.030699,0.006407,0.037991,0.226225,-0.018992,0.519220,0.854641,0.506195,0.862419,0.000000,0.206513,0.762545,0.026798,0.000000,-0.172261,0.157910,-0.032129
9.660,0.472935,-0.077927,1.139445,0.668168,-0.196718,1.288791,-0.240051,0.035167,0.006027,0.039472,0.220619,-0.018989,0.526017,0.850474,0.513358,0.858175,0.000000,0.203155,0.765623,0.026164,0.000000,-0.163524,0.149827,-0.031268
9.680,0.469354,-0.075766,1.139435,0.663375,-0.195971,1.288908,-0.239249,0.039525,0.005648,0.040711,0.215251,-0.018988,0.532617,0.846356,0.520312,0.853976,0.000000,0.199973,0.768537,0.025547,0.000000,-0.154664,0.141575,-0.030418
9.700,0.465763,-0.073560,1.139423,0.658599,-0.195138,1.289017,-0.238424,0.043778,0.005268,0.041728,0.210107,-0.018989,0.539025,0.842290,0.527063,0.849826,0.000000,0.196969,0.771285,0.024947,0.000000,-0.145687,0.133159,-0.029583
9.720,0.462161,-0.071309,1.139410,0.653839,-0.194220,1.289118,-0.237581,0.047931,0.004888,0.042545,0.205168,-0.018992,0.545246,0.838276,0.533616,0.845727,0.000000,0.194146,0.773863,0.024364,0.000000,-0.136600,0.124584,-0.028771
9.740,0.458548,-0.069014,1.139395,0.649095,-0.193221,1.289212,-0.236723,0.051986,0.004508,0.043181,0.200418,-0.018998,0.551285,0.834317,0.539976,0.841681,0.000000,0.191506,0.776267,0.023796,0.000000,-0.127408,0.115857,-0.027985
9.760,0.454924,-0.066675,1.139378,0.644370,-0.192141,1.289299,-0.235855,0.055949,0.004128,0.043658,0.195838,-0.019005,0.557146,0.830414,0.546148,0.837689,0.000000,0.189050,0.778496,0.023244,0.000000,-0.118120,0.106985,-0.027230
9.780,0.451289,-0.064290,1.139362,0.639661,-0.190984,1.289377,-0.234978,0.059821,0.003748,0.043995,0.191407,-0.019014,0.562834,0.826570,0.552137,0.833753,0.000000,0.186782,0.780546,0.022707,0.000000,-0.108743,0.097977,-0.026506
9.800,0.447641,-0.061860,1.139344,0.634971,-0.189749,1.289448,-0.234096,0.063606,0.003368,0.044211,0.187107,-0.019025,0.568353,0.822785,0.557948,0.829876,0.000000,0.184701,0.782414,0.022184,0.000000,-0.099282,0.088840,-0.025818
9.820,0.443981,-0.059386,1.139327,0.630298,-0.188440,1.289512,-0.233210,0.067306,0.002987,0.044327,0.182917,-0.019038,0.573708,0.819060,0.563585,0.826058,0.000000,0.182811,0.784099,0.021674,0.000000,-0.089746,0.079584,-0.025165
9.840,0.440308,-0.056866,1.139310,0.625642,-0.187058,1.289568,-0.232323,0.070923,0.002606,0.044359,0.178819,-0.019052,0.578902,0.815397,0.569053,0.822301,0.000000,0.181112,0.785597,0.021177,0.000000,-0.080141,0.070220,-0.024547
9.860,0.436622,-0.054302,1.139293,0.621005,-0.185604,1.289616,-0.231436,0.074459,0.002225,0.044325,0.174795,-0.019069,0.583940,0.811797,0.574357,0.818605,0.000000,0.179606,0.786907,0.020692,0.000000,-0.070475,0.060757,-0.023964
9.880,0.432922,-0.051692,1.139277,0.616385,-0.184080,1.289657,-0.230551,0.077915,0.001843,0.044240,0.170828,-0.019087,0.588825,0.808261,0.579500,0.814972,0.000000,0.178293,0.788026,0.020218,0.000000,-0.060756,0.051207,-0.023414
9.900,0.429209,-0.049037,1.139263,0.611783,-0.182488,1.289690,-0.229667,0.081293,0.001461,0.044119,0.166903,-0.019108,0.593562,0.804788,0.584488,0.811403,0.000000,0.177176,0.788954,0.019755,0.000000,-0.050990,0.041582,-0.022894
9.920,0.425481,-0.046337,1.139249,0.607198,-0.180829,1.289715,-0.228786,0.084592,0.001079,0.043974,0.163007,-0.019131,0.598154,0.801381,0.589323,0.807897,0.000000,0.176254,0.789689,0.019302,0.000000,-0.041186,0.031894,-0.022400
9.940,0.421738,-0.043593,1.139237,0.602631,-0.179104,1.289733,-0.227908,0.087813,0.000696,0.043817,0.159131,-0.019156,0.602605,0.798040,0.594011,0.804457,0.000000,0.175528,0.790230,0.018859,0.000000,-0.031351,0.022157,-0.021929
9.960,0.417982,-0.040803,1.139227,0.598082,-0.177317,1.289743,-0.227033,0.090957,0.000313,0.043658,0.155266,-0.019184,0.606919,0.794764,0.598556,0.801081,0.000000,0.175000,0.790575,0.018425,0.000000,-0.021492,0.012382,-0.021476
9.980,0.414210,-0.037970,1.139219,0.593550,-0.175467,1.289746,-0.226162,0.094024,-0.000071,0.043503,0.151408,-0.019216,0.611099,0.791554,0.602960,0.797771,0.000000,0.174669,0.790725,0.018000,0.000000,-0.011618,0.002584,-0.021038
10.000,0.410424,-0.035093,1.139212,0.589035,-0.173556,1.289740,-0.225293,0.097013,-0.000456,0.043360,0.147554,-0.019251,0.615150,0.788410,0.607229,0.794527,0.000000,0.174535,0.790679,0.017583,0.000000,-0.001736,-0.007227,-0.020611
10.020,0.406624,-0.032172,1.139207,0.584538,-0.171587,1.289727,-0.224427,0.099926,-0.000841,0.043234,0.143702,-0.019290,0.619074,0.785332,0.611366,0.791348,0.000000,0.174599,0.790436,0.017175,0.000000,0.008147,-0.017039,-0.020191
10.040,0.402809,-0.029208,1.139204,0.580058,-0.169560,1.289707,-0.223564,0.102761,-0.001228,0.043127,0.139853,-0.019334,0.622876,0.782321,0.615374,0.788235,0.000000,0.174861,0.789997,0.016776,0.000000,0.018023,-0.026841,-0.019777
10.060,0.398981,-0.026203,1.139203,0.575595,-0.167477,1.289678,-0.222702,0.105520,-0.001615,0.043044,0.136011,-0.019383,0.626558,0.779375,0.619257,0.785188,0.000000,0.175320,0.789362,0.016384,0.000000,0.027884,-0.036622,-0.019366
10.080,0.395138,-0.023155,1.139204,0.571150,-0.165339,1.289642,-0.221842,0.108202,-0.002003,0.042984,0.132180,-0.019437,0.630125,0.776494,0.623019,0.782206,0.000000,0.175976,0.788532,0.016001,0.000000,0.037724,-0.046372,-0.018955
10.100,0.391281,-0.020067,1.139206,0.566722,-0.163149,1.289598,-0.220982,0.110807,-0.002392,0.042948,0.128364,-0.019498,0.633578,0.773678,0.626663,0.779290,0.000000,0.176829,0.787508,0.015626,0.000000,0.047535,-0.056080,-0.018542
10.120,0.387412,-0.016938,1.139210,0.562311,-0.160907,1.289546,-0.220124,0.113337,-0.002783,0.042935,0.124571,-0.019564,0.636923,0.770927,0.630193,0.776439,0.000000,0.177878,0.786290,0.015259,0.000000,0.057310,-0.065738,-0.018126
10.140,0.383529,-0.013770,1.139215,0.557917,-0.158616,1.289487,-0.219265,0.115790,-0.003175,0.042945,0.120809,-0.019637,0.640161,0.768240,0.633611,0.773652,0.000000,0.179121,0.784879,0.014901,0.000000,0.067041,-0.075336,-0.017705
10.160,0.379634,-0.010564,1.139222,0.553540,-0.156276,1.289419,-0.218406,0.118169,-0.003568,0.042974,0.117086,-0.019718,0.643297,0.765617,0.636921,0.770929,0.000000,0.180559,0.783277,0.014551,0.000000,0.076721,-0.084866,-0.017279
10.180,0.375727,-0.007320,1.139230,0.549181,-0.153890,1.289344,-0.217546,0.120474,-0.003964,0.043019,0.113412,-0.019806,0.646332,0.763056,0.640125,0.768271,0.000000,0.182190,0.781485,0.014210,0.000000,0.086343,-0.094319,-0.016847
10.200,0.371808,-0.004040,1.139239,0.544838,-0.151458,1.289261,-0.216685,0.122706,-0.004361,0.043078,0.109796,-0.019901,0.649270,0.760558,0.643227,0.765675,0.000000,0.184012,0.779504,0.013877,0.000000,0.095900,-0.103688,-0.016408
10.220,0.367878,-0.000724,1.139249,0.540513,-0.148982,1.289170,-0.215823,0.124866,-0.004760,0.043146,0.106247,-0.020004,0.652114,0.758121,0.646230,0.763143,0.000000,0.186025,0.777338,0.013554,0.000000,0.105385,-0.112964,-0.015963
10.240,0.363938,0.002626,1.139259,0.536205,-0.146464,1.289071,-0.214959,0.126957,-0.005161,0.043219,0.102777,-0.020115,0.654866,0.755745,0.649136,0.760673,0.000000,0.188227,0.774986,0.013239,0.000000,0.114791,-0.122142,-0.015510
10.260,0.359987,0.006010,1.139270,0.531915,-0.143904,1.288963,-0.214094,0.128978,-0.005564,0.043291,0.099395,-0.020233,0.657529,0.753429,0.651947,0.758264,0.000000,0.190616,0.772453,0.012933,0.000000,0.124111,-0.131214,-0.015052
10.280,0.356028,0.009426,1.139282,0.527642,-0.141305,1.288848,-0.213227,0.130933,-0.005970,0.043360,0.096111,-0.020360,0.660106,0.751172,0.654668,0.755917,0.000000,0.193191,0.769739,0.012637,0.000000,0.133337,-0.140174,-0.014588
10.300,0.352059,0.012875,1.139293,0.523386,-0.138667,1.288724,-0.212360,0.132823,-0.006379,0.043418,0.092934,-0.020493,0.662599,0.748974,0.657299,0.753630,0.000000,0.195949,0.766847,0.012350,0.000000,0.142463,-0.149017,-0.014121
10.320,0.348082,0.016353,1.139305,0.519147,-0.135993,1.288593,-0.211491,0.134651,-0.006790,0.043462,0.089873,-0.020634,0.665010,0.746834,0.659843,0.751403,0.000000,0.198889,0.763779,0.012072,0.000000,0.151483,-0.157737,-0.013650
10.340,0.344097,0.019861,1.139316,0.514926,-0.133282,1.288453,-0.210621,0.136419,-0.007204,0.043487,0.086936,-0.020781,0.667342,0.744751,0.662303,0.749236,0.000000,0.202008,0.760538,0.011804,0.000000,0.160389,-0.166328,-0.013179
10.360,0.340105,0.023398,1.139327,0.510722,-0.130536,1.288305,-0.209751,0.138129,-0.007621,0.043489,0.084131,-0.020934,0.669597,0.742725,0.664681,0.747127,0.000000,0.205303,0.757127,0.011545,0.000000,0.169174,-0.174788,-0.012708
10.380,0.336107,0.026963,1.139337,0.506536,-0.127757,1.288148,-0.208882,0.139785,-0.008042,0.043462,0.081461,-0.021092,0.671776,0.740755,0.666979,0.745077,0.000000,0.208774,0.753547,0.011295,0.000000,0.177832,-0.183110,-0.012241
10.400,0.332102,0.030554,1.139346,0.502367,-0.124945,1.287983,-0.208013,0.141389,-0.008465,0.043403,0.078934,-0.021254,0.673881,0.738840,0.669198,0.743084,0.000000,0.212416,0.749803,0.011055,0.000000,0.186357,-0.191292,-0.011780
10.420,0.328091,0.034171,1.139355,0.498216,-0.122102,1.287809,-0.207146,0.142943,-0.008892,0.043308,0.076550,-0.021419,0.675915,0.736980,0.671341,0.741149,0.000000,0.216227,0.745897,0.010824,0.000000,0.194740,-0.199330,-0.011328
10.440,0.324075,0.037813,1.139363,0.494081,-0.119228,1.287627,-0.206281,0.144452,-0.009322,0.043176,0.074313,-0.021585,0.677879,0.735174,0.673409,0.739270,0.000000,0.220204,0.741831,0.010602,0.000000,0.202977,-0.207222,-0.010888
10.460,0.320054,0.041479,1.139369,0.489964,-0.116324,1.287436,-0.205419,0.145917,-0.009755,0.043002,0.072221,-0.021751,0.679774,0.733421,0.675405,0.737447,0.000000,0.224345,0.737609,0.010389,0.000000,0.211060,-0.214963,-0.010463
10.480,0.316029,0.045169,1.139375,0.485865,-0.113391,1.287237,-0.204561,0.147342,-0.010192,0.042787,0.070273,-0.021916,0.681602,0.731723,0.677329,0.735681,0.000000,0.228646,0.733233,0.010183,0.000000,0.218984,-0.222551,-0.010054
10.500,0.311999,0.048881,1.139379,0.481782,-0.110430,1.287029,-0.203708,0.148729,-0.010632,0.042528,0.068466,-0.022076,0.683365,0.730077,0.679183,0.733969,0.000000,0.233103,0.728708,0.009986,0.000000,0.226741,-0.229983,-0.009665
10.520,0.307965,0.052616,1.139383,0.477716,-0.107442,1.286812,-0.202860,0.150081,-0.011075,0.042224,0.066795,-0.022232,0.685062,0.728484,0.680969,0.732313,0.000000,0.237714,0.724035,0.009797,0.000000,0.234328,-0.237254,-0.009298
10.540,0.303928,0.056372,1.139385,0.473667,-0.104427,1.286586,-0.202019,0.151401,-0.011521,0.041876,0.065256,-0.022379,0.686697,0.726944,0.682687,0.730710,0.000000,0.242475,0.719219,0.009614,0.000000,0.241736,-0.244363,-0.008953
10.560,0.299887,0.060148,1.139386,0.469635,-0.101386,1.286351,-0.201186,0.152692,-0.011970,0.041484,0.063841,-0.022517,0.688268,0.725456,0.684340,0.729163,0.000000,0.247383,0.714262,0.009438,0.000000,0.248962,-0.251304,-0.008632
10.580,0.295844,0.063945,1.139386,0.465620,-0.098320,1.286107,-0.200360,0.153956,-0.012422,0.041049,0.062544,-0.022642,0.689779,0.724020,0.685929,0.727669,0.000000,0.252432,0.709168,0.009269,0.000000,0.255999,-0.258076,-0.008337
10.600,0.291797,0.067761,1.139385,0.461621,-0.095228,1.285854,-0.199544,0.155195,-0.012876,0.040571,0.061356,-0.022753,0.691228,0.722637,0.687454,0.726228,0.000000,0.257621,0.703940,0.009105,0.000000,0.262843,-0.264673,-0.008067
10.620,0.287747,0.071597,1.139383,0.457638,-0.092112,1.285592,-0.198738,0.156411,-0.013332,0.040051,0.060269,-0.022848,0.692618,0.721305,0.688916,0.724841,0.000000,0.262945,0.698582,0.008946,0.000000,0.269487,-0.271093,-0.007824
10.640,0.283695,0.075451,1.139380,0.453671,-0.088972,1.285321,-0.197942,0.157606,-0.013789,0.039493,0.059272,-0.022923,0.693949,0.720025,0.690317,0.723507,0.000000,0.268399,0.693097,0.008792,0.000000,0.275928,-0.277331,-0.007608
10.660,0.279639,0.079322,1.139376,0.449720,-0.085808,1.285040,-0.197158,0.158782,-0.014248,0.038898,0.058357,-0.022976,0.695221,0.718796,0.691657,0.722226,0.000000,0.273981,0.687490,0.008641,0.000000,0.282161,-0.283384,-0.007418
10.680,0.275582,0.083212,1.139371,0.445785,-0.082621,1.284751,-0.196387,0.159941,-0.014708,0.038268,0.057512,-0.023006,0.696435,0.717620,0.692938,0.720997,0.000000,0.279684,0.681763,0.008495,0.000000,0.288180,-0.289248,-0.007253
10.700,0.271521,0.087118,1.139366,0.441865,-0.079411,1.284452,-0.195628,0.161083,-0.015168,0.037607,0.056729,-0.023009,0.697593,0.716495,0.694160,0.719821,0.000000,0.285506,0.675921,0.008351,0.000000,0.293982,-0.294919,-0.007114
10.720,0.267458,0.091042,1.139360,0.437960,-0.076178,1.284144,-0.194882,0.162210,-0.015628,0.036917,0.055996,-0.022984,0.698693,0.715421,0.695324,0.718697,0.000000,0.291442,0.669968,0.008210,0.000000,0.299562,-0.300393,-0.006999
10.740,0.263393,0.094981,1.139353,0.434069,-0.072922,1.283827,-0.194151,0.163323,-0.016088,0.036202,0.055303,-0.022928,0.699738,0.714400,0.696430,0.717625,0.000000,0.297487,0.663907,0.008071,0.000000,0.304916,-0.305666,-0.006907
10.760,0.259325,0.098935,1.139346,0.430194,-0.069645,1.283500,-0.193435,0.164423,-0.016545,0.035465,0.054640,-0.022839,0.700726,0.713430,0.697479,0.716605,0.000000,0.303637,0.657742,0.007934,0.000000,0.310040,-0.310734,-0.006836
10.780,0.255254,0.102905,1.139338,0.426332,-0.066346,1.283165,-0.192733,0.165509,-0.017001,0.034711,0.053997,-0.022714,0.701659,0.712513,0.698472,0.715637,0.000000,0.309887,0.651479,0.007797,0.000000,0.314930,-0.315592,-0.006785
10.800,0.251181,0.106890,1.139331,0.422484,-0.063025,1.282820,-0.192046,0.166583,-0.017454,0.033942,0.053365,-0.022553,0.702538,0.711646,0.699410,0.714721,0.000000,0.316233,0.645120,0.007662,0.000000,0.319583,-0.320236,-0.006751
10.820,0.247106,0.110888,1.139323,0.418650,-0.059682,1.282467,-0.191375,0.167644,-0.017903,0.033164,0.052734,-0.022352,0.703362,0.710832,0.700292,0.713856,0.000000,0.322669,0.638671,0.007527,0.000000,0.323995,-0.324662,-0.006731
10.840,0.243027,0.114900,1.139315,0.414829,-0.056319,1.282104,-0.190720,0.168692,-0.018347,0.032380,0.052096,-0.022111,0.704131,0.710070,0.701120,0.713043,0.000000,0.329191,0.632135,0.007393,0.000000,0.328163,-0.328866,-0.006724
10.860,0.238946,0.118925,1.139308,0.411021,-0.052935,1.281733,-0.190080,0.169727,-0.018787,0.031594,0.051444,-0.021827,0.704847,0.709360,0.701893,0.712282,0.000000,0.335794,0.625518,0.007258,0.000000,0.332083,-0.332842,-0.006725
10.880,0.234862,0.122962,1.139300,0.407226,-0.049530,1.281353,-0.189456,0.170750,-0.019220,0.030812,0.050771,-0.021500,0.705509,0.708701,0.702613,0.711572,0.000000,0.342473,0.618823,0.007124,0.000000,0.335753,-0.336587,-0.006732
10.900,0.230775,0.127011,1.139293,0.403443,-0.046105,1.280964,-0.188847,0.171758,-0.019647,0.030038,0.050071,-0.021128,0.706118,0.708094,0.703279,0.710914,0.000000,0.349222,0.612056,0.006989,0.000000,0.339170,-0.340096,-0.006741
10.920,0.226686,0.131071,1.139287,0.399672,-0.042660,1.280567,-0.188254,0.172752,-0.020065,0.029275,0.049339,-0.020710,0.706674,0.707539,0.703892,0.710307,0.000000,0.356038,0.605221,0.006854,0.000000,0.342332,-0.343363,-0.006748
10.940,0.222593,0.135141,1.139281,0.395912,-0.039195,1.280162,-0.187676,0.173731,-0.020475,0.028530,0.048573,-0.020246,0.707178,0.707036,0.704453,0.709751,0.000000,0.362914,0.598323,0.006719,0.000000,0.345235,-0.346385,-0.006749
10.960,0.218498,0.139221,1.139275,0.392165,-0.035711,1.279748,-0.187113,0.174695,-0.020875,0.027806,0.047768,-0.019734,0.707629,0.706584,0.704960,0.709247,0.000000,0.369845,0.591367,0.006584,0.000000,0.347877,-0.349158,-0.006741
10.980,0.214400,0.143309,1.139270,0.388428,-0.032207,1.279327,-0.186564,0.175642,-0.021264,0.027107,0.046925,-0.019175,0.708028,0.706184,0.705416,0.708794,0.000000,0.376827,0.584358,0.006450,0.000000,0.350257,-0.351676,-0.006720
11.000,0.210299,0.147406,1.139265,0.384702,-0.028685,1.278898,-0.186028,0.176572,-0.021641,0.026439,0.046043,-0.018568,0.708376,0.705835,0.705819,0.708392,0.000000,0.383854,0.577302,0.006315,0.000000,0.352372,-0.353937,-0.006684
11.020,0.206195,0.151510,1.139262,0.380987,-0.025144,1.278461,-0.185506,0.177483,-0.022006,0.025805,0.045123,-0.017914,0.708673,0.705537,0.706171,0.708041,0.000000,0.390920,0.570203,0.006182,0.000000,0.354221,-0.355938,-0.006630
11.040,0.202088,0.155621,1.139258,0.377282,-0.021586,1.278018,-0.184996,0.178376,-0.022358,0.025210,0.044165,-0.017212,0.708919,0.705290,0.706471,0.707742,0.000000,0.398021,0.563066,0.006050,0.000000,0.355802,-0.357675,-0.006557
11.060,0.197978,0.159737,1.139256,0.373587,-0.018009,1.277567,-0.184497,0.179250,-0.022694,0.024658,0.043173,-0.016464,0.709114,0.705094,0.706719,0.707494,0.000000,0.405151,0.555897,0.005920,0.000000,0.357115,-0.359145,-0.006462
11.080,0.193866,0.163858,1.139254,0.369902,-0.014416,1.277110,-0.184009,0.180103,-0.023016,0.024153,0.042148,-0.015669,0.709259,0.704948,0.706917,0.707297,0.000000,0.412304,0.548702,0.005792,0.000000,0.358158,-0.360346,-0.006345
11.100,0.189752,0.167983,1.139253,0.366226,-0.010805,1.276647,-0.183531,0.180935,-0.023321,0.023698,0.041095,-0.014830,0.709354,0.704853,0.707062,0.707151,0.000000,0.419475,0.541485,0.005666,0.000000,0.358931,-0.361277,-0.006205
11.120,0.185635,0.172110,1.139253,0.362560,-0.007179,1.276177,-0.183061,0.181747,-0.023609,0.023296,0.040016,-0.013945,0.709399,0.704808,0.707157,0.707057,0.000000,0.426659,0.534253,0.005544,0.000000,0.359432,-0.361934,-0.006040
11.140,0.181515,0.176240,1.139254,0.358904,-0.003536,1.275702,-0.182599,0.182536,-0.023878,0.022951,0.038917,-0.013017,0.709394,0.704812,0.707200,0.707013,0.000000,0.433851,0.527010,0.005425,0.000000,0.359661,-0.362317,-0.005852
11.160,0.177394,0.180371,1.139255,0.355256,0.000123,1.275222,-0.182143,0.183303,-0.024129,0.022665,0.037802,-0.012048,0.709340,0.704866,0.707193,0.707021,0.000000,0.441044,0.519762,0.005310,0.000000,0.359619,-0.362425,-0.005639
11.180,0.173270,0.184501,1.139256,0.351618,0.003796,1.274737,-0.181692,0.184048,-0.024360,0.022441,0.036676,-0.011037,0.709237,0.704970,0.707134,0.707080,0.000000,0.448234,0.512515,0.005200,0.000000,0.359305,-0.362256,-0.005403
11.200,0.169145,0.188631,1.139259,0.347989,0.007484,1.274248,-0.181245,0.184770,-0.024570,0.022282,0.035544,-0.009988,0.709085,0.705123,0.707024,0.707190,0.000000,0.455414,0.505274,0.005094,0.000000,0.358720,-0.361809,-0.005144
11.220,0.165019,0.192759,1.139262,0.344368,0.011187,1.273755,-0.180800,0.185470,-0.024759,0.022187,0.034411,-0.008900,0.708884,0.705325,0.706863,0.707351,0.000000,0.462581,0.498044,0.004994,0.000000,0.357864,-0.361086,-0.004864
11.240,0.160891,0.196884,1.139265,0.340757,0.014903,1.273258,-0.180357,0.186147,-0.024926,0.022160,0.033283,-0.007778,0.708634,0.705576,0.706650,0.707563,0.000000,0.469727,0.490832,0.004900,0.000000,0.356737,-0.360084,-0.004565
11.260,0.156762,0.201005,1.139269,0.337154,0.018633,1.272758,-0.179913,0.186801,-0.025070,0.022199,0.032165,-0.006621,0.708335,0.705876,0.706386,0.707827,0.000000,0.476848,0.483643,0.004812,0.000000,0.355341,-0.358806,-0.004248
11.280,0.152633,0.205122,1.139274,0.333560,0.022375,1.272255,-0.179468,0.187433,-0.025191,0.022307,0.031061,-0.005432,0.707987,0.706225,0.706070,0.708142,0.000000,0.483939,0.476482,0.004730,0.000000,0.353676,-0.357251,-0.003917
11.300,0.148503,0.209233,1.139279,0.329975,0.026130,1.271750,-0.179020,0.188044,-0.025287,0.022482,0.029977,-0.004213,0.707591,0.706623,0.705703,0.708508,0.000000,0.490993,0.469354,0.004655,0.000000,0.351744,-0.355420,-0.003572
11.320,0.144373,0.213338,1.139284,0.326399,0.029897,1.271244,-0.178569,0.188633,-0.025359,0.022723,0.028917,-0.002967,0.707145,0.707068,0.705283,0.708926,0.000000,0.498007,0.462267,0.004587,0.000000,0.349547,-0.353315,-0.003219
11.340,0.140244,0.217435,1.139290,0.322832,0.033675,1.270736,-0.178111,0.189201,-0.025406,0.023030,0.027885,-0.001696,0.706650,0.707563,0.704812,0.709394,0.000000,0.504974,0.455224,0.004526,0.000000,0.347086,-0.350937,-0.002861
11.360,0.136116,0.221523,1.139295,0.319275,0.037464,1.270228,-0.177647,0.189748,-0.025427,0.023399,0.026886,-0.000401,0.706106,0.708106,0.704288,0.709915,0.000000,0.511889,0.448231,0.004473,0.000000,0.344362,-0.348288,-0.002500
11.380,0.131988,0.225603,1.139301,0.315727,0.041265,1.269719,-0.177175,0.190276,-0.025422,0.023829,0.025922,0.000914,0.705512,0.708698,0.703711,0.710486,0.000000,0.518746,0.441294,0.004426,0.000000,0.341379,-0.345370,-0.002143
11.400,0.127862,0.229672,1.139307,0.312188,0.045075,1.269211,-0.176693,0.190785,-0.025390,0.024316,0.024996,0.002248,0.704868,0.709338,0.703081,0.711109,0.000000,0.525542,0.434418,0.004387,0.000000,0.338138,-0.342186,-0.001792
11.420,0.123738,0.233730,1.139313,0.308659,0.048896,1.268704,-0.176202,0.191276,-0.025332,0.024856,0.024110,0.003597,0.704174,0.710027,0.702398,0.711784,0.000000,0.532270,0.427608,0.004354,0.000000,0.334643,-0.338737,-0.001453
11.440,0.119617,0.237777,1.139320,0.305140,0.052726,1.268198,-0.175699,0.191750,-0.025246,0.025444,0.023266,0.004960,0.703429,0.710765,0.701662,0.712510,0.000000,0.538926,0.420870,0.004329,0.000000,0.330895,-0.335028,-0.001132
11.460,0.115498,0.241811,1.139326,0.301631,0.056566,1.267694,-0.175184,0.192207,-0.025133,0.026076,0.022463,0.006333,0.702633,0.711553,0.700871,0.713288,0.000000,0.545504,0.414209,0.004309,0.000000,0.326897,-0.331061,-0.000831
11.480,0.111383,0.245832,1.139332,0.298133,0.060414,1.267193,-0.174656,0.192649,-0.024993,0.026743,0.021703,0.007714,0.701784,0.712390,0.700026,0.714117,0.000000,0.552000,0.407629,0.004295,0.000000,0.322653,-0.326839,-0.000555
11.500,0.107271,0.249839,1.139337,0.294645,0.064272,1.266695,-0.174114,0.193076,-0.024825,0.027442,0.020984,0.009101,0.700883,0.713276,0.699126,0.714998,0.000000,0.558409,0.401137,0.004287,0.000000,0.318166,-0.322366,-0.000308
11.520,0.103163,0.253832,1.139343,0.291168,0.068137,1.266200,-0.173558,0.193488,-0.024629,0.028164,0.020305,0.010490,0.699929,0.714212,0.698171,0.715931,0.000000,0.564725,0.394736,0.004283,0.000000,0.313439,-0.317646,-0.000090
11.540,0.099060,0.257809,1.139348,0.287703,0.072011,1.265710,-0.172987,0.193888,-0.024405,0.028903,0.019665,0.011879,0.698921,0.715199,0.697160,0.716915,0.000000,0.570945,0.388433,0.004283,0.000000,0.308476,-0.312681,0.000094
11.560,0.094962,0.261770,1.139353,0.284249,0.075893,1.265224,-0.172402,0.194275,-0.024153,0.029652,0.019062,0.013266,0.697857,0.716237,0.696093,0.717952,0.000000,0.577063,0.382231,0.004286,0.000000,0.303280,-0.307477,0.000243
11.580,0.090870,0.265714,1.139357,0.280807,0.079782,1.264744,-0.171801,0.194651,-0.023874,0.030402,0.018494,0.014647,0.696738,0.717326,0.694968,0.719040,0.000000,0.583075,0.376135,0.004292,0.000000,0.297856,-0.302036,0.000356
11.600,0.086783,0.269640,1.139361,0.277377,0.083679,1.264269,-0.171185,0.195015,-0.023568,0.031147,0.017959,0.016021,0.695562,0.718466,0.693786,0.720181,0.000000,0.588976,0.370151,0.004300,0.000000,0.292207,-0.296364,0.000432
11.620,0.082703,0.273549,1.139365,0.273960,0.087583,1.263801,-0.170555,0.195369,-0.023234,0.031880,0.017453,0.017385,0.694329,0.719658,0.692545,0.721374,0.000000,0.594761,0.364282,0.004309,0.000000,0.286337,-0.290464,0.000471
11.640,0.078629,0.277439,1.139367,0.270555,0.091494,1.263340,-0.169910,0.195714,-0.022872,0.032593,0.016974,0.018735,0.693036,0.720903,0.691246,0.722620,0.000000,0.600428,0.358534,0.004319,0.000000,0.280251,-0.284341,0.000474
11.660,0.074563,0.281310,1.139370,0.267163,0.095411,1.262886,-0.169252,0.196048,-0.022484,0.033279,0.016518,0.020070,0.691684,0.722200,0.689886,0.723918,0.000000,0.605970,0.352910,0.004328,0.000000,0.273954,-0.278000,0.000439
11.680,0.070503,0.285160,1.139371,0.263785,0.099335,1.262441,-0.168579,0.196374,-0.022070,0.033931,0.016084,0.021387,0.690270,0.723551,0.688466,0.725269,0.000000,0.611384,0.347415,0.004336,0.000000,0.267449,-0.271446,0.000370
11.700,0.066452,0.288991,1.139372,0.260420,0.103266,1.262004,-0.167895,0.196692,-0.021629,0.034543,0.015667,0.022684,0.688795,0.724956,0.686984,0.726673,0.000000,0.616667,0.342053,0.004343,0.000000,0.260742,-0.264682,0.000267
11.720,0.062408,0.292800,1.139372,0.257069,0.107203,1.261576,-0.167198,0.197001,-0.021162,0.035110,0.015266,0.023959,0.687256,0.726416,0.685439,0.728130,0.000000,0.621813,0.336829,0.004347,0.000000,0.253838,-0.257716,0.000133
11.740,0.058372,0.296588,1.139372,0.253732,0.111146,1.261157,-0.166491,0.197303,-0.020671,0.035625,0.014876,0.025208,0.685651,0.727930,0.683830,0.729641,0.000000,0.626819,0.331746,0.004348,0.000000,0.246742,-0.250551,-0.000030
11.760,0.054345,0.300353,1.139370,0.250410,0.115095,1.260749,-0.165773,0.197596,-0.020154,0.036085,0.014496,0.026431,0.683981,0.729500,0.682157,0.731206,0.000000,0.631681,0.326808,0.004345,0.000000,0.239459,-0.243194,-0.000218
11.780,0.050326,0.304096,1.139368,0.247101,0.119050,1.260351,-0.165048,0.197883,-0.019614,0.036485,0.014124,0.027626,0.682243,0.731125,0.680418,0.732825,0.000000,0.636396,0.322020,0.004339,0.000000,0.231995,-0.235649,-0.000428
11.800,0.046316,0.307815,1.139365,0.243808,0.123010,1.259965,-0.164314,0.198161,-0.019049,0.036821,0.013756,0.028789,0.680436,0.732807,0.678611,0.734498,0.000000,0.640960,0.317384,0.004328,0.000000,0.224355,-0.227924,-0.000657
11.820,0.042314,0.311510,1.139361,0.240529,0.126976,1.259590,-0.163575,0.198433,-0.018462,0.037092,0.013392,0.029920,0.678558,0.734546,0.676735,0.736227,0.000000,0.645369,0.312904,0.004312,0.000000,0.216545,-0.220023,-0.000898
11.840,0.038322,0.315180,1.139357,0.237265,0.130948,1.259226,-0.162831,0.198697,-0.017853,0.037297,0.013029,0.031017,0.676609,0.736343,0.674789,0.738010,0.000000,0.649620,0.308584,0.004292,0.000000,0.208571,-0.211952,-0.001148
11.860,0.034338,0.318825,1.139351,0.234016,0.134924,1.258876,-0.162084,0.198954,-0.017222,0.037435,0.012668,0.032078,0.674585,0.738197,0.672772,0.739850,0.000000,0.653711,0.304427,0.004267,0.000000,0.200440,-0.203719,-0.001400
11.880,0.030363,0.322444,1.139345,0.230781,0.138906,1.258538,-0.161334,0.199204,-0.016570,0.037506,0.012307,0.033101,0.672486,0.740110,0.670681,0.741746,0.000000,0.657637,0.300436,0.004236,0.000000,0.192157,-0.195329,-0.001649
11.900,0.026397,0.326037,1.139338,0.227562,0.142892,1.258213,-0.160584,0.199446,-0.015898,0.037514,0.011947,0.034087,0.670310,0.742081,0.668515,0.743698,0.000000,0.661396,0.296615,0.004201,0.000000,0.183729,-0.186789,-0.001888
11.920,0.022439,0.329603,1.139331,0.224358,0.146883,1.257902,-0.159834,0.199682,-0.015207,0.037460,0.011589,0.035033,0.668055,0.744111,0.666273,0.745708,0.000000,0.664985,0.292966,0.004161,0.000000,0.175162,-0.178106,-0.002110
11.940,0.018490,0.333141,1.139323,0.221169,0.150879,1.257605,-0.159086,0.199910,-0.014497,0.037351,0.011234,0.035939,0.665720,0.746201,0.663951,0.747776,0.000000,0.668402,0.289491,0.004116,0.000000,0.166464,-0.169285,-0.002309
11.960,0.014550,0.336650,1.139314,0.217995,0.154880,1.257322,-0.158340,0.200131,-0.013770,0.037191,0.010885,0.036803,0.663303,0.748351,0.661549,0.749902,0.000000,0.671643,0.286195,0.004068,0.000000,0.157641,-0.160335,-0.002478
11.980,0.010617,0.340131,1.139306,0.214835,0.158885,1.257054,-0.157599,0.200345,-0.013025,0.036987,0.010543,0.037626,0.660801,0.750561,0.659064,0.752087,0.000000,0.674707,0.283079,0.004018,0.000000,0.148699,-0.151261,-0.002614
12.000,0.006693,0.343581,1.139297,0.211691,0.162894,1.256801,-0.156861,0.200553,-0.012265,0.036747,0.010211,0.038407,0.658213,0.752832,0.656494,0.754331,0.000000,0.677590,0.280145,0.003964,0.000000,0.139645,-0.142070,-0.002711
12.020,0.002777,0.347002,1.139287,0.208561,0.166907,1.256564,-0.156129,0.200754,-0.011489,0.036478,0.009894,0.039144,0.655537,0.755163,0.653836,0.756636,0.000000,0.680292,0.277397,0.003909,0.000000,0.130487,-0.132769,-0.002766
12.040,-0.001131,0.350391,1.139278,0.205445,0.170924,1.256342,-0.155402,0.200949,-0.010699,0.036189,0.009596,0.039839,0.652771,0.757556,0.651089,0.759001,0.000000,0.682809,0.274835,0.003854,0.000000,0.121231,-0.123363,-0.002775
12.060,-0.005032,0.353748,1.139269,0.202345,0.174945,1.256136,-0.154681,0.201138,-0.009896,0.035888,0.009320,0.040491,0.649912,0.760009,0.648249,0.761428,0.000000,0.685140,0.272463,0.003799,0.000000,0.111884,-0.113860,-0.002736
12.080,-0.008926,0.357073,1.139260,0.199258,0.178969,1.255946,-0.153967,0.201322,-0.009080,0.035585,0.009071,0.041098,0.646959,0.762525,0.645314,0.763917,0.000000,0.687284,0.270281,0.003745,0.000000,0.102453,-0.104265,-0.002646
12.100,-0.012813,0.360364,1.139252,0.196186,0.182997,1.255773,-0.153258,0.201501,-0.008252,0.035289,0.008854,0.041663,0.643910,0.765101,0.642282,0.766468,0.000000,0.689238,0.268293,0.003693,0.000000,0.092945,-0.094586,-0.002505
12.120,-0.016693,0.363622,1.139244,0.193128,0.187029,1.255616,-0.152555,0.201676,-0.007414,0.035007,0.008674,0.042184,0.640761,0.767740,0.639149,0.769083,0.000000,0.691001,0.266499,0.003645,0.000000,0.083367,-0.084827,-0.002312
12.140,-0.020566,0.366845,1.139237,0.190084,0.191064,1.255476,-0.151857,0.201848,-0.006565,0.034749,0.008537,0.042661,0.637511,0.770441,0.635913,0.771761,0.000000,0.692572,0.264900,0.003601,0.000000,0.073726,-0.074996,-0.002067
12.160,-0.024432,0.370033,1.139231,0.187053,0.195103,1.255353,-0.151165,0.202018,-0.005708,0.034522,0.008448,0.043094,0.634158,0.773204,0.632571,0.774503,0.000000,0.693950,0.263499,0.003563,0.000000,0.064029,-0.065098,-0.001770
12.180,-0.028292,0.373185,1.139226,0.184037,0.199145,1.255248,-0.150476,0.202186,-0.004842,0.034333,0.008412,0.043484,0.630697,0.776029,0.629119,0.777309,0.000000,0.695133,0.262297,0.003531,0.000000,0.054284,-0.055140,-0.001423
12.200,-0.032145,0.376300,1.139221,0.181034,0.203191,1.255160,-0.149791,0.202355,-0.003969,0.034188,0.008436,0.043830,0.627128,0.778916,0.625554,0.780180,0.000000,0.696121,0.261294,0.003506,0.000000,0.044497,-0.045127,-0.001028
12.220,-0.035992,0.379377,1.139218,0.178045,0.207239,1.255089,-0.149109,0.202524,-0.003089,0.034092,0.008524,0.044133,0.623446,0.781866,0.621874,0.783117,0.000000,0.696913,0.260492,0.003490,0.000000,0.034677,-0.035066,-0.000587
12.240,-0.039832,0.382417,1.139217,0.175070,0.211292,1.255036,-0.148427,0.202696,-0.002203,0.034050,0.008683,0.044392,0.619650,0.784879,0.618075,0.786119,0.000000,0.697508,0.259892,0.003483,0.000000,0.024829,-0.024963,-0.000103
12.260,-0.043666,0.385417,1.139217,0.172108,0.215347,1.255001,-0.147746,0.202872,-0.001313,0.034064,0.008918,0.044607,0.615735,0.787953,0.614153,0.789187,0.000000,0.697906,0.259494,0.003486,0.000000,0.014962,-0.014823,0.000420
12.280,-0.047493,0.388378,1.139218,0.169160,0.219406,1.254984,-0.147064,0.203053,-0.000419,0.034136,0.009234,0.044779,0.611700,0.791090,0.610105,0.792321,0.000000,0.698106,0.259299,0.003500,0.000000,0.005084,-0.004653,0.000977
12.300,-0.051314,0.391299,1.139221,0.166226,0.223469,1.254984,-0.146380,0.203242,0.000477,0.034265,0.009636,0.044906,0.607540,0.794289,0.605927,0.795520,0.000000,0.698109,0.259308,0.003525,0.000000,-0.004800,0.005542,0.001563
12.320,-0.055127,0.394180,1.139226,0.163305,0.227536,1.255003,-0.145693,0.203439,0.001376,0.034449,0.010130,0.044989,0.603252,0.797550,0.601616,0.798786,0.000000,0.697914,0.259521,0.003562,0.000000,-0.014680,0.015756,0.002173
12.340,-0.058932,0.397018,1.139232,0.160398,0.231607,1.255039,-0.145002,0.203648,0.002277,0.034683,0.010721,0.045028,0.598834,0.800874,0.597167,0.802117,0.000000,0.697522,0.259938,0.003612,0.000000,-0.024550,0.025984,0.002800
12.360,-0.062730,0.399815,1.139239,0.157505,0.235682,1.255094,-0.144306,0.203869,0.003177,0.034961,0.011412,0.045022,0.594280,0.804258,0.592577,0.805514,0.000000,0.696932,0.260560,0.003675,0.000000,-0.034403,0.036218,0.003438
12.380,-0.066519,0.402569,1.139249,0.154626,0.239762,1.255167,-0.143603,0.204105,0.004077,0.035275,0.012208,0.044970,0.589587,0.807705,0.587843,0.808975,0.000000,0.696146,0.261387,0.003750,0.000000,-0.044229,0.046455,0.004078
12.400,-0.070300,0.405279,1.139260,0.151761,0.243847,1.255257,-0.142895,0.204358,0.004976,0.035613,0.013112,0.044871,0.584752,0.811212,0.582959,0.812502,0.000000,0.695163,0.262418,0.003838,0.000000,-0.054022,0.056689,0.004712
12.420,-0.074071,0.407946,1.139272,0.148910,0.247936,1.255366,-0.142179,0.204630,0.005872,0.035962,0.014129,0.044726,0.579770,0.814780,0.577922,0.816092,0.000000,0.693985,0.263654,0.003938,0.000000,-0.063774,0.066913,0.005332
12.440,-0.077833,0.410568,1.139285,0.146074,0.252032,1.255492,-0.141456,0.204924,0.006764,0.036305,0.015260,0.044533,0.574637,0.818408,0.572728,0.819746,0.000000,0.692613,0.265095,0.004051,0.000000,-0.073478,0.077122,0.005929
12.460,-0.081583,0.413145,1.139299,0.143252,0.256133,1.255636,-0.140727,0.205241,0.007653,0.036624,0.016507,0.044290,0.569349,0.822096,0.567372,0.823462,0.000000,0.691047,0.266739,0.004175,0.000000,-0.083126,0.087309,0.006496
12.480,-0.085322,0.415677,1.139314,0.140445,0.260242,1.255798,-0.139991,0.205585,0.008536,0.036900,0.017873,0.043998,0.563900,0.825843,0.561850,0.827239,0.000000,0.689288,0.268587,0.004310,0.000000,-0.092710,0.097470,0.007024
12.500,-0.089049,0.418163,1.139330,0.137652,0.264357,1.255977,-0.139251,0.205957,0.009412,0.037110,0.019359,0.043654,0.558286,0.829648,0.556158,0.831077,0.000000,0.687339,0.270638,0.004456,0.000000,-0.102223,0.107596,0.007508
12.520,-0.092763,0.420602,1.139346,0.134875,0.268480,1.256174,-0.138508,0.206360,0.010282,0.037231,0.020963,0.043258,0.552503,0.833511,0.550291,0.834973,0.000000,0.685200,0.272890,0.004610,0.000000,-0.111659,0.117681,0.007939
12.540,-0.096464,0.422994,1.139362,0.132112,0.272612,1.256389,-0.137763,0.206796,0.011142,0.037239,0.022685,0.042808,0.546545,0.837430,0.544244,0.838927,0.000000,0.682873,0.275344,0.004773,0.000000,-0.121010,0.127718,0.008313
12.560,-0.100149,0.425339,1.139377,0.129364,0.276752,1.256620,-0.137019,0.207268,0.011994,0.037110,0.024523,0.042304,0.540406,0.841404,0.538013,0.842937,0.000000,0.680360,0.277999,0.004942,0.000000,-0.130268,0.137700,0.008621
12.580,-0.103820,0.427636,1.139392,0.126631,0.280903,1.256868,-0.136279,0.207778,0.012834,0.036818,0.026473,0.041743,0.534081,0.845433,0.531593,0.847000,0.000000,0.677663,0.280852,0.005117,0.000000,-0.139428,0.147619,0.008860
12.600,-0.107474,0.429886,1.139406,0.123913,0.285064,1.257133,-0.135548,0.208328,0.013663,0.036338,0.028533,0.041126,0.527566,0.849514,0.524978,0.851116,0.000000,0.674784,0.283903,0.005296,0.000000,-0.148482,0.157467,0.009024
12.620,-0.111111,0.432087,1.139418,0.121209,0.289236,1.257415,-0.134827,0.208920,0.014479,0.035645,0.030695,0.040450,0.520852,0.853647,0.518164,0.855281,0.000000,0.671724,0.287150,0.005478,0.000000,-0.157424,0.167237,0.009108
12.640,-0.114731,0.434239,1.139430,0.118520,0.293421,1.257712,-0.134123,0.209556,0.015281,0.034714,0.032954,0.039716,0.513936,0.857829,0.511145,0.859495,0.000000,0.668487,0.290592,0.005660,0.000000,-0.166246,0.176920,0.009108
12.660,-0.118333,0.436342,1.139439,0.115844,0.297619,1.258026,-0.133440,0.210239,0.016067,0.033522,0.035300,0.038921,0.506810,0.862058,0.503916,0.863753,0.000000,0.665075,0.294226,0.005841,0.000000,-0.174943,0.186507,0.009019
12.680,-0.121916,0.438397,1.139446,0.113182,0.301831,1.258355,-0.132784,0.210969,0.016837,0.032046,0.037724,0.038067,0.499467,0.866333,0.496471,0.868053,0.000000,0.661491,0.298052,0.006020,0.000000,-0.183508,0.195990,0.008838
12.700,-0.125479,0.440402,1.139452,0.110533,0.306058,1.258699,-0.132161,0.211748,0.017589,0.030264,0.040215,0.037152,0.491903,0.870650,0.488806,0.872393,0.000000,0.657736,0.302065,0.006194,0.000000,-0.191935,0.205359,0.008561
12.720,-0.129023,0.442357,1.139454,0.107895,0.310301,1.259058,-0.131576,0.212578,0.018323,0.028156,0.042760,0.036176,0.484108,0.875008,0.480912,0.876769,0.000000,0.653814,0.306265,0.006362,0.000000,-0.200217,0.214607,0.008186
12.740,-0.132547,0.444263,1.139454,0.105269,0.314561,1.259432,-0.131037,0.213459,0.019036,0.025705,0.045343,0.035139,0.476077,0.879404,0.472786,0.881177,0.000000,0.649728,0.310649,0.006521,0.000000,-0.208348,0.223722,0.007711
12.760,-0.136050,0.446119,1.139452,0.102653,0.318840,1.259820,-0.130550,0.214392,0.019728,0.022896,0.047949,0.034041,0.467802,0.883833,0.464421,0.885615,0.000000,0.645481,0.315213,0.006670,0.000000,-0.216322,0.232695,0.007132
12.780,-0.139532,0.447925,1.139446,0.100047,0.323137,1.260221,-0.130123,0.215377,0.020397,0.019714,0.050558,0.032883,0.459275,0.888294,0.455810,0.890077,0.000000,0.641076,0.319955,0.006806,0.000000,-0.224134,0.241517,0.006449
12.800,-0.142994,0.449681,1.139438,0.097448,0.327455,1.260635,-0.129764,0.216414,0.021043,0.016150,0.053149,0.031666,0.450490,0.892782,0.446947,0.894561,0.000000,0.636517,0.324873,0.006927,0.000000,-0.231777,0.250176,0.005660
12.820,-0.146435,0.451387,1.139427,0.094856,0.331794,1.261063,-0.129480,0.217503,0.021663,0.012196,0.055702,0.030390,0.441438,0.897292,0.437825,0.899060,0.000000,0.631806,0.329961,0.007031,0.000000,-0.239246,0.258664,0.004763
12.840,-0.149856,0.453042,1.139414,0.092268,0.336155,1.261502,-0.129279,0.218642,0.022258,0.007849,0.058189,0.029057,0.432110,0.901821,0.428437,0.903572,0.000000,0.626948,0.335218,0.007117,0.000000,-0.246534,0.266968,0.003759
12.860,-0.153256,0.454647,1.139398,0.089684,0.340540,1.261953,-0.129169,0.219830,0.022825,0.003109,0.060585,0.027670,0.422500,0.906363,0.418777,0.908089,0.000000,0.621946,0.340639,0.007181,0.000000,-0.253637,0.275078,0.002648
12.880,-0.156637,0.456201,1.139379,0.087101,0.344949,1.262415,-0.129157,0.221064,0.023364,-0.002021,0.062860,0.026229,0.412598,0.910913,0.408838,0.912607,0.000000,0.616804,0.346220,0.007222,0.000000,-0.260549,0.282983,0.001428
12.900,-0.159998,0.457704,1.139359,0.084517,0.349383,1.262887,-0.129252,0.222343,0.023874,-0.007532,0.064981,0.024738,0.402396,0.915466,0.398611,0.917120,0.000000,0.611526,0.351957,0.007237,0.000000,-0.267264,0.290671,0.000102
12.920,-0.163340,0.459157,1.139337,0.081930,0.353843,1.263369,-0.129461,0.223662,0.024354,-0.013411,0.066916,0.023200,0.391886,0.920014,0.388091,0.921621,0.000000,0.606115,0.357845,0.007225,0.000000,-0.273778,0.298131,-0.001330
12.940,-0.166664,0.460558,1.139314,0.079338,0.358330,1.263861,-0.129791,0.225018,0.024802,-0.019643,0.068627,0.021617,0.381057,0.924552,0.377268,0.926104,0.000000,0.600576,0.363880,0.007184,0.000000,-0.280085,0.305352,-0.002866
12.960,-0.169971,0.461908,1.139290,0.076738,0.362844,1.264361,-0.130249,0.226406,0.025218,-0.026205,0.070076,0.019995,0.369901,0.929071,0.366136,0.930561,0.000000,0.594913,0.370057,0.007110,0.000000,-0.286180,0.312323,-0.004505
12.980,-0.173262,0.463205,1.139265,0.074127,0.367386,1.264870,-0.130841,0.227819,0.025601,-0.033073,0.071225,0.018336,0.358410,0.933564,0.354687,0.934985,0.000000,0.589130,0.376371,0.007003,0.000000,-0.292059,0.319036,-0.006241
13.000,-0.176536,0.464451,1.139242,0.071503,0.371957,1.265385,-0.131574,0.229252,0.025951,-0.040219,0.072032,0.016646,0.346575,0.938022,0.342913,0.939367,0.000000,0.583232,0.382817,0.006860,0.000000,-0.297717,0.325480,-0.008073
13.020,-0.179796,0.465644,1.139218,0.068863,0.376556,1.265907,-0.132451,0.230698,0.026267,-0.047612,0.072458,0.014928,0.334387,0.942436,0.330807,0.943698,0.000000,0.577223,0.389389,0.006679,0.000000,-0.303149,0.331647,-0.009996
13.040,-0.183041,0.466785,1.139197,0.066204,0.381185,1.266436,-0.133479,0.232148,0.026548,-0.055219,0.072462,0.013188,0.321838,0.946795,0.318363,0.947969,0.000000,0.571108,0.396081,0.006459,0.000000,-0.308353,0.337527,-0.012004
13.060,-0.186274,0.467872,1.139177,0.063523,0.385842,1.266969,-0.134661,0.233593,0.026794,-0.063002,0.072005,0.011430,0.308920,0.951088,0.305574,0.952168,0.000000,0.564891,0.402888,0.006198,0.000000,-0.313324,0.343114,-0.014093
13.080,-0.189493,0.468905,1.139159,0.060816,0.390528,1.267507,-0.136000,0.235025,0.027005,-0.070924,0.071046,0.009661,0.295625,0.955304,0.292432,0.956286,0.000000,0.558576,0.409804,0.005895,0.000000,-0.318057,0.348399,-0.016255
13.100,-0.192701,0.469884,1.139144,0.058082,0.395243,1.268049,-0.137499,0.236431,0.027181,-0.078943,0.069548,0.007884,0.281949,0.959430,0.278934,0.960310,0.000000,0.552170,0.416822,0.005548,0.000000,-0.322551,0.353376,-0.018484
13.120,-0.195897,0.470808,1.139133,0.055315,0.399985,1.268594,-0.139159,0.237803,0.027321,-0.087017,0.067475,0.006106,0.267883,0.963452,0.265072,0.964229,0.000000,0.545676,0.423936,0.005155,0.000000,-0.326800,0.358038,-0.020772
13.140,-0.199082,0.471678,1.139124,0.052514,0.404755,1.269142,-0.140980,0.239126,0.027425,-0.095104,0.064792,0.004332,0.253423,0.967356,0.250844,0.968027,0.000000,0.539099,0.431141,0.004717,0.000000,-0.330803,0.362379,-0.023111
13.160,-0.202256,0.472491,1.139120,0.049675,0.409550,1.269691,-0.142963,0.240390,0.027494,-0.103159,0.061470,0.002567,0.238565,0.971126,0.236246,0.971693,0.000000,0.532445,0.438429,0.004231,0.000000,-0.334556,0.366394,-0.025492
13.180,-0.205420,0.473249,1.139119,0.046795,0.414370,1.270241,-0.145106,0.241581,0.027528,-0.111137,0.057478,0.000816,0.223306,0.974748,0.221275,0.975212,0.000000,0.525719,0.445795,0.003697,0.000000,-0.338056,0.370077,-0.027906
13.200,-0.208574,0.473950,1.139122,0.043870,0.419213,1.270792,-0.147407,0.242685,0.027527,-0.118992,0.052792,-0.000914,0.207643,0.978205,0.205928,0.978567,0.000000,0.518925,0.453230,0.003114,0.000000,-0.341301,0.373424,-0.030342
13.220,-0.211716,0.474593,1.139130,0.040897,0.424077,1.271342,-0.149864,0.243688,0.027491,-0.126679,0.047391,-0.002619,0.191576,0.981478,0.190207,0.981744,0.000000,0.512069,0.460729,0.002483,0.000000,-0.344289,0.376431,-0.032789
13.240,-0.214848,0.475180,1.139141,0.037874,0.428959,1.271891,-0.152473,0.244575,0.027422,-0.134152,0.041258,-0.004295,0.175105,0.984550,0.174110,0.984726,0.000000,0.505155,0.468285,0.001803,0.000000,-0.347017,0.379094,-0.035236
13.260,-0.217968,0.475708,1.139156,0.034798,0.433859,1.272439,-0.155229,0.245333,0.027320,-0.141368,0.034381,-0.005934,0.158232,0.987402,0.157641,0.987496,0.000000,0.498190,0.475891,0.001074,0.000000,-0.349482,0.381411,-0.037671
13.280,-0.221077,0.476177,1.139174,0.031664,0.438772,1.272984,-0.158126,0.245946,0.027185,-0.148281,0.026753,-0.007534,0.140961,0.990015,0.140802,0.990038,0.000000,0.491178,0.483539,0.000296,0.000000,-0.351685,0.383378,-0.040080
13.300,-0.224172,0.476588,1.139196,0.028472,0.443695,1.273526,-0.161158,0.246398,0.027019,-0.154849,0.018372,-0.009090,0.123298,0.992370,0.123598,0.992332,0.000000,0.484124,0.491224,-0.000529,0.000000,-0.353622,0.384993,-0.042451
13.320,-0.227254,0.476939,1.139220,0.025217,0.448627,1.274064,-0.164317,0.246675,0.026822,-0.161031,0.009243,-0.010597,0.105250,0.994446,0.106037,0.994362,0.000000,0.477034,0.498937,-0.001402,0.000000,-0.355292,0.386255,-0.044770
13.340,-0.230320,0.477232,1.139247,0.021898,0.453561,1.274599,-0.167596,0.246763,0.026595,-0.166786,-0.000624,-0.012051,0.086825,0.996224,0.088125,0.996109,0.000000,0.469914,0.506672,-0.002320,0.000000,-0.356694,0.387163,-0.047021
13.360,-0.233371,0.477464,1.139275,0.018512,0.458496,1.275128,-0.170985,0.246646,0.026340,-0.172078,-0.011211,-0.013450,0.068035,0.997683,0.069873,0.997556,0.000000,0.462768,0.514421,-0.003282,0.000000,-0.357828,0.387716,-0.049188
13.380,-0.236405,0.477637,1.139304,0.015058,0.463426,1.275652,-0.174476,0.246310,0.026058,-0.176870,-0.022493,-0.014789,0.048894,0.998804,0.051293,0.998684,0.000000,0.455603,0.522178,-0.004287,0.000000,-0.358691,0.387913,-0.051257
13.400,-0.239420,0.477750,1.139334,0.011533,0.468347,1.276170,-0.178057,0.245742,0.025749,-0.181130,-0.034437,-0.016066,0.029416,0.999567,0.032398,0.999475,0.000000,0.448423,0.529935,-0.005332,0.000000,-0.359284,0.387755,-0.053211
13.420,-0.242415,0.477804,1.139364,0.007935,0.473254,1.276682,-0.181717,0.244928,0.025415,-0.184827,-0.047003,-0.017279,0.009621,0.999954,0.013205,0.999913,0.000000,0.441233,0.537686,-0.006414,0.000000,-0.359606,0.387243,-0.055032
13.440,-0.245389,0.477799,1.139392,0.004264,0.478142,1.277186,-0.185446,0.243858,0.025058,-0.187936,-0.060143,-0.018425,-0.010474,0.999945,-0.006270,0.999980,0.000000,0.434040,0.545422,-0.007532,0.000000,-0.359656,0.386378,-0.056708
13.460,-0.248340,0.477735,1.139419,0.000517,0.483006,1.277684,-0.189230,0.242519,0.024679,-0.190431,-0.073804,-0.019504,-0.030845,0.999524,-0.026006,0.999662,0.000000,0.426849,0.553138,-0.008681,0.000000,-0.359435,0.385162,-0.058223
13.480,-0.251267,0.477612,1.139444,-0.003306,0.487841,1.278174,-0.193059,0.240902,0.024279,-0.192292,-0.087926,-0.020513,-0.051468,0.998675,-0.045983,0.998942,0.000000,0.419665,0.560827,-0.009860,0.000000,-0.358943,0.383597,-0.059567
13.500,-0.254169,0.477431,1.139466,-0.007206,0.492640,1.278655,-0.196918,0.238999,0.023859,-0.193500,-0.102444,-0.021453,-0.072319,0.997382,-0.066178,0.997808,0.000000,0.412493,0.568480,-0.011063,0.000000,-0.358180,0.381686,-0.060728
13.520,-0.257044,0.477193,1.139484,-0.011183,0.497399,1.279128,-0.200794,0.236802,0.023421,-0.194039,-0.117287,-0.022323,-0.093370,0.995631,-0.086567,0.996246,0.000000,0.405339,0.576092,-0.012287,0.000000,-0.357146,0.379432,-0.061697
13.540,-0.259892,0.476898,1.139499,-0.015237,0.502110,1.279592,-0.204675,0.234306,0.022966,-0.193898,-0.132383,-0.023123,-0.114593,0.993413,-0.107124,0.994246,0.000000,0.398209,0.583655,-0.013529,0.000000,-0.355843,0.376840,-0.062466
13.560,-0.262712,0.476547,1.139509,-0.019370,0.506769,1.280046,-0.208546,0.231506,0.022497,-0.193067,-0.147656,-0.023852,-0.135957,0.990715,-0.127823,0.991797,0.000000,0.391107,0.591163,-0.014785,0.000000,-0.354271,0.373914,-0.063027
13.580,-0.265503,0.476140,1.139515,-0.023579,0.511369,1.280491,-0.212393,0.228399,0.022013,-0.191540,-0.163026,-0.024512,-0.157433,0.987530,-0.148636,0.988892,0.000000,0.384040,0.598609,-0.016049,0.000000,-0.352431,0.370657,-0.063375
13.600,-0.268265,0.475678,1.139517,-0.027865,0.515903,1.280927,-0.216203,0.224985,0.021516,-0.189313,-0.178412,-0.025104,-0.178988,0.983851,-0.169536,0.985524,0.000000,0.377012,0.605987,-0.017318,0.000000,-0.350325,0.367077,-0.063506
13.620,-0.270997,0.475161,1.139514,-0.032227,0.520366,1.281352,-0.219961,0.221263,0.021009,-0.186387,-0.193733,-0.025627,-0.200591,0.979675,-0.190492,0.981689,0.000000,0.370029,0.613290,-0.018588,0.000000,-0.347955,0.363179,-0.063417
13.640,-0.273700,0.474590,1.139506,-0.036663,0.524752,1.281767,-0.223653,0.217237,0.020492,-0.182764,-0.208906,-0.026085,-0.222208,0.974999,-0.211476,0.977383,0.000000,0.363095,0.620512,-0.019853,0.000000,-0.345321,0.358969,-0.063106
13.660,-0.276373,0.473965,1.139495,-0.041172,0.529053,1.282172,-0.227267,0.212908,0.019966,-0.178450,-0.223850,-0.026478,-0.243806,0.969824,-0.232458,0.972606,0.000000,0.356217,0.627647,-0.021111,0.000000,-0.342427,0.354455,-0.062573
13.680,-0.279017,0.473288,1.139479,-0.045753,0.533266,1.282566,-0.230787,0.208285,0.019433,-0.173455,-0.238483,-0.026807,-0.265353,0.964151,-0.253409,0.967359,0.000000,0.349400,0.634689,-0.022355,0.000000,-0.339273,0.349643,-0.061819
13.700,-0.281632,0.472557,1.139459,-0.050403,0.537383,1.282949,-0.234200,0.203372,0.018894,-0.167790,-0.252726,-0.027076,-0.286817,0.957986,-0.274298,0.961645,0.000000,0.342648,0.641631,-0.023582,0.000000,-0.335863,0.344541,-0.060845
13.720,-0.284219,0.471774,1.139437,-0.055120,0.541399,1.283321,-0.237494,0.198179,0.018351,-0.161471,-0.266502,-0.027285,-0.308164,0.951333,-0.295096,0.955468,0.000000,0.335967,0.648468,-0.024787,0.000000,-0.332199,0.339159,-0.059657
13.740,-0.286778,0.470939,1.139412,-0.059902,0.545308,1.283683,-0.240655,0.192715,0.017803,-0.154518,-0.279737,-0.027438,-0.329363,0.944203,-0.315774,0.948834,0.000000,0.329362,0.655195,-0.025967,0.000000,-0.328284,0.333505,-0.058257
13.760,-0.289312,0.470052,1.139385,-0.064746,0.549106,1.284033,-0.243671,0.186993,0.017253,-0.146951,-0.292359,-0.027537,-0.350383,0.936606,-0.336304,0.941753,0.000000,0.322837,0.661807,-0.027116,0.000000,-0.324121,0.327589,-0.056654
13.780,-0.291819,0.469114,1.139357,-0.069648,0.552786,1.284373,-0.246529,0.181025,0.016702,-0.138795,-0.304303,-0.027583,-0.371195,0.928555,-0.356659,0.934235,0.000000,0.316399,0.668297,-0.028232,0.000000,-0.319713,0.321421,-0.054853
13.800,-0.294303,0.468123,1.139328,-0.074606,0.556345,1.284702,-0.249219,0.174826,0.016150,-0.130080,-0.315507,-0.027581,-0.391770,0.920063,-0.376811,0.926290,0.000000,0.310051,0.674662,-0.029309,0.000000,-0.315063,0.315011,-0.052864
13.820,-0.296763,0.467080,1.139299,-0.079615,0.559778,1.285019,-0.251729,0.168410,0.015599,-0.120837,-0.325917,-0.027532,-0.412081,0.911147,-0.396736,0.917933,0.000000,0.303798,0.680896,-0.030345,0.000000,-0.310175,0.308370,-0.050697
13.840,-0.299201,0.465986,1.139272,-0.084673,0.563080,1.285326,-0.254049,0.161795,0.015049,-0.111100,-0.335483,-0.027439,-0.432102,0.901825,-0.416410,0.909177,0.000000,0.297645,0.686995,-0.031336,0.000000,-0.305053,0.301510,-0.048364
13.860,-0.301618,0.464840,1.139245,-0.089776,0.566249,1.285621,-0.256170,0.154997,0.014502,-0.100908,-0.344162,-0.027306,-0.451808,0.892115,-0.435809,0.900039,0.000000,0.291597,0.692955,-0.032278,0.000000,-0.299700,0.294444,-0.045877
13.880,-0.304014,0.463641,1.139221,-0.094919,0.569279,1.285906,-0.258083,0.148035,0.013957,-0.090302,-0.351921,-0.027134,-0.471179,0.882038,-0.454913,0.890536,0.000000,0.285659,0.698772,-0.033170,0.000000,-0.294122,0.287183,-0.043249
13.900,-0.306392,0.462390,1.139199,-0.100098,0.572169,1.286179,-0.259779,0.140927,0.013417,-0.079328,-0.358733,-0.026928,-0.490193,0.871614,-0.473701,0.880686,0.000000,0.279834,0.704441,-0.034008,0.000000,-0.288322,0.279740,-0.040497
13.920,-0.308751,0.461087,1.139181,-0.105309,0.574915,1.286442,-0.261253,0.133692,0.012881,-0.068033,-0.364580,-0.026689,-0.508832,0.860866,-0.492157,0.870507,0.000000,0.274127,0.709960,-0.034789,0.000000,-0.282304,0.272129,-0.037635
13.940,-0.311093,0.459730,1.139166,-0.110546,0.577516,1.286695,-0.262499,0.126350,0.012349,-0.056468,-0.369454,-0.026421,-0.527081,0.849815,-0.510263,0.860019,0.000000,0.268543,0.715325,-0.035512,0.000000,-0.276074,0.264361,-0.034679
13.960,-0.313418,0.458321,1.139154,-0.115807,0.579969,1.286936,-0.263511,0.118920,0.011824,-0.044687,-0.373353,-0.026127,-0.544924,0.838486,-0.528005,0.849241,0.000000,0.263086,0.720534,-0.036176,0.000000,-0.269636,0.256448,-0.031641
13.980,-0.315726,0.456858,1.139146,-0.121085,0.582272,1.287168,-0.264285,0.111422,0.011304,-0.032744,-0.376282,-0.025809,-0.562348,0.826901,-0.545370,0.838195,0.000000,0.257759,0.725582,-0.036778,0.000000,-0.262995,0.248402,-0.028538
14.000,-0.318017,0.455341,1.139142,-0.126377,0.584425,1.287389,-0.264820,0.103875,0.010792,-0.020696,-0.378252,-0.025470,-0.579344,0.815083,-0.562347,0.826901,0.000000,0.252567,0.730469,-0.037317,0.000000,-0.256156,0.240233,-0.025382
14.020,-0.320292,0.453771,1.139141,-0.131676,0.586427,1.287599,-0.265113,0.096298,0.010286,-0.008600,-0.379283,-0.025114,-0.595902,0.803057,-0.578926,0.815380,0.000000,0.247514,0.735191,-0.037793,0.000000,-0.249125,0.231951,-0.022187
14.040,-0.322551,0.452148,1.139144,-0.136980,0.588277,1.287800,-0.265164,0.088710,0.009787,0.003484,-0.379397,-0.024742,-0.612016,0.790845,-0.595099,0.803652,0.000000,0.242603,0.739746,-0.038204,0.000000,-0.241906,0.223566,-0.018967
14.060,-0.324793,0.450470,1.139151,-0.142281,0.589976,1.287991,-0.264974,0.081128,0.009296,0.015499,-0.378624,-0.024358,-0.627680,0.778472,-0.610859,0.791739,0.000000,0.237839,0.744133,-0.038551,0.000000,-0.234505,0.215088,-0.015734
14.080,-0.327018,0.448739,1.139160,-0.147577,0.591522,1.288172,-0.264545,0.073571,0.008813,0.027386,-0.376998,-0.023964,-0.642889,0.765959,-0.626201,0.779662,0.000000,0.233224,0.748349,-0.038834,0.000000,-0.226927,0.206525,-0.012500
14.100,-0.329225,0.446954,1.139173,-0.152862,0.592919,1.288343,-0.263880,0.066054,0.008338,0.039087,-0.374557,-0.023563,-0.657643,0.753330,-0.641120,0.767440,0.000000,0.228763,0.752394,-0.039051,0.000000,-0.219177,0.197885,-0.009279
14.120,-0.331414,0.445116,1.139188,-0.158131,0.594165,1.288505,-0.262983,0.058594,0.007870,0.050545,-0.371343,-0.023158,-0.671940,0.740606,-0.655615,0.755095,0.000000,0.224458,0.756264,-0.039205,0.000000,-0.211263,0.189176,-0.006082
14.140,-0.333584,0.443225,1.139205,-0.163379,0.595263,1.288658,-0.261860,0.051205,0.007411,0.061705,-0.367399,-0.022750,-0.685780,0.727809,-0.669684,0.742646,0.000000,0.220314,0.759960,-0.039295,0.000000,-0.203189,0.180405,-0.002921
14.160,-0.335735,0.441281,1.139223,-0.168604,0.596214,1.288802,-0.260517,0.043902,0.006960,0.072514,-0.362775,-0.022344,-0.699166,0.714959,-0.683327,0.730112,0.000000,0.216332,0.763480,-0.039322,0.000000,-0.194962,0.171580,0.000194
14.180,-0.337864,0.439285,1.139243,-0.173799,0.597020,1.288937,-0.258962,0.036698,0.006518,0.082920,-0.357521,-0.021940,-0.712102,0.702076,-0.696545,0.717513,0.000000,0.212516,0.766823,-0.039287,0.000000,-0.186587,0.162706,0.003250
14.200,-0.339973,0.437236,1.139264,-0.178961,0.597682,1.289063,-0.257203,0.029605,0.006083,0.092875,-0.351688,-0.021541,-0.724590,0.689180,-0.709340,0.704866,0.000000,0.208869,0.769988,-0.039192,0.000000,-0.178071,0.153789,0.006238
14.220,-0.342058,0.435137,1.139284,-0.184086,0.598205,1.289180,-0.255250,0.022634,0.005656,0.102333,-0.345329,-0.021150,-0.736637,0.676288,-0.721715,0.692190,0.000000,0.205394,0.772974,-0.039039,0.000000,-0.169420,0.144835,0.009147
14.240,-0.344120,0.432986,1.139305,-0.189169,0.598589,1.289289,-0.253114,0.015795,0.005237,0.111253,-0.338499,-0.020768,-0.748249,0.663418,-0.733676,0.679500,0.000000,0.202093,0.775781,-0.038827,0.000000,-0.160640,0.135847,0.011967
14.260,-0.346157,0.430785,1.139325,-0.194209,0.598837,1.289390,-0.250804,0.009097,0.004825,0.119596,-0.331252,-0.020398,-0.759433,0.650586,-0.745225,0.666813,0.000000,0.198969,0.778408,-0.038561,0.000000,-0.151739,0.126832,0.014688
14.280,-0.348169,0.428535,1.139343,-0.199201,0.598954,1.289482,-0.248334,0.002548,0.004421,0.127330,-0.323641,-0.020042,-0.770197,0.637806,-0.756371,0.654143,0.000000,0.196025,0.780854,-0.038240,0.000000,-0.142723,0.117791,0.017301
14.300,-0.350154,0.426236,1.139360,-0.204141,0.598940,1.289567,-0.245715,-0.003847,0.004023,0.134425,-0.315722,-0.019701,-0.780550,0.625093,-0.767118,0.641506,0.000000,0.193261,0.783120,-0.037869,0.000000,-0.133598,0.108729,0.019797
14.320,-0.352112,0.423889,1.139376,-0.209028,0.598801,1.289643,-0.242961,-0.010080,0.003633,0.140857,-0.307546,-0.019376,-0.790502,0.612460,-0.777474,0.628915,0.000000,0.190681,0.785203,-0.037449,0.000000,-0.124372,0.099649,0.022167
14.340,-0.354041,0.421495,1.139389,-0.213859,0.598538,1.289712,-0.240085,-0.016147,0.003248,0.146610,-0.299165,-0.019071,-0.800061,0.599918,-0.787447,0.616382,0.000000,0.188287,0.787105,-0.036983,0.000000,-0.115051,0.090552,0.024402
14.360,-0.355942,0.419054,1.139400,-0.218631,0.598156,1.289773,-0.237101,-0.022045,0.002870,0.151671,-0.290627,-0.018785,-0.809240,0.587479,-0.797046,0.603919,0.000000,0.186080,0.788825,-0.036474,0.000000,-0.105644,0.081440,0.026495
14.380,-0.357812,0.416567,1.139409,-0.223342,0.597658,1.289827,-0.234023,-0.027771,0.002497,0.156035,-0.281978,-0.018521,-0.818047,0.575151,-0.806278,0.591536,0.000000,0.184062,0.790363,-0.035925,0.000000,-0.096157,0.072316,0.028438
14.400,-0.359653,0.414035,1.139415,-0.227991,0.597046,1.289873,-0.230865,-0.033324,0.002129,0.159704,-0.273262,-0.018279,-0.826495,0.562944,-0.815155,0.579243,0.000000,0.182234,0.791718,-0.035338,0.000000,-0.086597,0.063179,0.030224
14.420,-0.361462,0.411459,1.139418,-0.232577,0.596326,1.289912,-0.227640,-0.038702,0.001765,0.162685,-0.264519,-0.018060,-0.834595,0.550863,-0.823684,0.567049,0.000000,0.180598,0.792890,-0.034717,0.000000,-0.076972,0.054032,0.031845
14.440,-0.363241,0.408839,1.139419,-0.237097,0.595499,1.289944,-0.224362,-0.043905,0.001406,0.164994,-0.255787,-0.017866,-0.842359,0.538917,-0.831876,0.554961,0.000000,0.179156,0.793879,-0.034065,0.000000,-0.067289,0.044874,0.033298
14.460,-0.364989,0.406176,1.139418,-0.241551,0.594571,1.289968,-0.221044,-0.048933,0.001050,0.166650,-0.247099,-0.017698,-0.849798,0.527108,-0.839741,0.542987,0.000000,0.177907,0.794685,-0.033386,0.000000,-0.057557,0.035709,0.034578
14.480,-0.366705,0.403471,1.139415,-0.245938,0.593543,1.289986,-0.217700,-0.053789,0.000698,0.167679,-0.238487,-0.017555,-0.856924,0.515443,-0.847289,0.531132,0.000000,0.176854,0.795307,-0.032683,0.000000,-0.047781,0.026538,0.035681
14.500,-0.368391,0.400724,1.139410,-0.250259,0.592420,1.289996,-0.214341,-0.058474,0.000348,0.168110,-0.229978,-0.017438,-0.863749,0.503923,-0.854531,0.519400,0.000000,0.175996,0.795746,-0.031960,0.000000,-0.037970,0.017362,0.036606
14.520,-0.370045,0.397936,1.139403,-0.254512,0.591205,1.290000,-0.210979,-0.062989,0.000000,0.167978,-0.221600,-0.017347,-0.870284,0.492551,-0.861476,0.507798,0.000000,0.175335,0.796002,-0.031220,0.000000,-0.028131,0.008185,0.037352
14.540,-0.371668,0.395107,1.139395,-0.258698,0.589902,1.289996,-0.207625,-0.067339,-0.000346,0.167320,-0.213376,-0.017284,-0.876541,0.481328,-0.868136,0.496327,0.000000,0.174871,0.796074,-0.030467,0.000000,-0.018271,-0.000992,0.037918
14.560,-0.373261,0.392239,1.139385,-0.262817,0.588513,1.289986,-0.204290,-0.071525,-0.000691,0.166178,-0.205325,-0.017247,-0.882531,0.470255,-0.874519,0.484990,0.000000,0.174604,0.795962,-0.029705,0.000000,-0.008397,-0.010166,0.038307
14.580,-0.374824,0.389331,1.139375,-0.266870,0.587042,1.289968,-0.200981,-0.075553,-0.001036,0.164594,-0.197466,-0.017236,-0.888265,0.459332,-0.880638,0.473790,0.000000,0.174535,0.795667,-0.028936,0.000000,0.001483,-0.019333,0.038521
14.600,-0.376358,0.386384,1.139364,-0.270856,0.585492,1.289944,-0.197709,-0.079425,-0.001381,0.162615,-0.189815,-0.017252,-0.893754,0.448557,-0.886500,0.462728,0.000000,0.174664,0.795189,-0.028165,0.000000,0.011361,-0.028491,0.038562
14.620,-0.377862,0.383400,1.139353,-0.274778,0.583866,1.289913,-0.194479,-0.083147,-0.001726,0.160287,-0.182387,-0.017294,-0.899009,0.437929,-0.892117,0.451804,0.000000,0.174989,0.794528,-0.027395,0.000000,0.021231,-0.037636,0.038435
14.640,-0.379338,0.380378,1.139342,-0.278636,0.582167,1.289875,-0.191299,-0.086722,-0.002073,0.157659,-0.175192,-0.017362,-0.904041,0.427447,-0.897498,0.441019,0.000000,0.175513,0.793684,-0.026629,0.000000,0.031085,-0.046764,0.038146
14.660,-0.380786,0.377319,1.139331,-0.282431,0.580398,1.289830,-0.188174,-0.090156,-0.002421,0.154779,-0.168240,-0.017454,-0.908857,0.417107,-0.902652,0.430371,0.000000,0.176233,0.792657,-0.025870,0.000000,0.040916,-0.055872,0.037702
14.680,-0.382207,0.374223,1.139320,-0.286163,0.578562,1.289778,-0.185109,-0.093454,-0.002771,0.151696,-0.161539,-0.017571,-0.913470,0.406907,-0.907588,0.419861,0.000000,0.177149,0.791449,-0.025121,0.000000,0.050717,-0.064956,0.037109
14.700,-0.383601,0.371092,1.139310,-0.289835,0.576661,1.289719,-0.182108,-0.096620,-0.003124,0.148458,-0.155095,-0.017710,-0.917887,0.396843,-0.912316,0.409487,0.000000,0.178261,0.790059,-0.024386,0.000000,0.060480,-0.074011,0.036376
14.720,-0.384969,0.367926,1.139300,-0.293448,0.574698,1.289653,-0.179172,-0.099659,-0.003480,0.145112,-0.148910,-0.017872,-0.922117,0.386911,-0.916844,0.399247,0.000000,0.179568,0.788489,-0.023667,0.000000,0.070198,-0.083033,0.035514
14.740,-0.386311,0.364725,1.139292,-0.297003,0.572675,1.289580,-0.176303,-0.102578,-0.003839,0.141705,-0.142989,-0.018055,-0.926169,0.377109,-0.921179,0.389138,0.000000,0.181069,0.786738,-0.022967,0.000000,0.079863,-0.092017,0.034534
14.760,-0.387629,0.361489,1.139284,-0.300501,0.570595,1.289500,-0.173504,-0.105381,-0.004202,0.138279,-0.137331,-0.018257,-0.930051,0.367431,-0.925331,0.379160,0.000000,0.182762,0.784808,-0.022287,0.000000,0.089470,-0.100959,0.033446
14.780,-0.388922,0.358220,1.139278,-0.303943,0.568461,1.289412,-0.170772,-0.108073,-0.004569,0.134875,-0.131936,-0.018477,-0.933770,0.357874,-0.929307,0.369308,0.000000,0.184647,0.782700,-0.021629,0.000000,0.099009,-0.109852,0.032264
14.800,-0.390192,0.354918,1.139273,-0.307332,0.566273,1.289317,-0.168108,-0.110660,-0.004941,0.131532,-0.126802,-0.018713,-0.937334,0.348433,-0.933114,0.359581,0.000000,0.186722,0.780415,-0.020997,0.000000,0.108474,-0.118691,0.031002
14.820,-0.391438,0.351584,1.139269,-0.310668,0.564035,1.289214,-0.165510,-0.113147,-0.005318,0.128285,-0.121924,-0.018964,-0.940749,0.339105,-0.936759,0.349974,0.000000,0.188986,0.777953,-0.020390,0.000000,0.117859,-0.127472,0.029676
14.840,-0.392660,0.348217,1.139266,-0.313953,0.561748,1.289104,-0.162976,-0.115538,-0.005700,0.125162,-0.117299,-0.019229,-0.944021,0.329885,-0.940249,0.340487,0.000000,0.191436,0.775316,-0.019810,0.000000,0.127154,-0.136187,0.028301
14.860,-0.393860,0.344819,1.139264,-0.317187,0.559414,1.288986,-0.160503,-0.117840,-0.006087,0.122191,-0.112921,-0.019503,-0.947157,0.320769,-0.943591,0.331114,0.000000,0.194071,0.772506,-0.019258,0.000000,0.136354,-0.144832,0.026895
14.880,-0.395037,0.341391,1.139263,-0.320373,0.557035,1.288861,-0.158087,-0.120057,-0.006480,0.119391,-0.108783,-0.019787,-0.950163,0.311754,-0.946790,0.321853,0.000000,0.196889,0.769523,-0.018734,0.000000,0.145451,-0.153399,0.025475
14.900,-0.396191,0.337932,1.139264,-0.323511,0.554612,1.288727,-0.155726,-0.122193,-0.006879,0.116777,-0.104877,-0.020077,-0.953043,0.302836,-0.949851,0.312702,0.000000,0.199888,0.766370,-0.018239,0.000000,0.154438,-0.161883,0.024061
14.920,-0.397322,0.334443,1.139265,-0.326603,0.552148,1.288586,-0.153415,-0.124253,-0.007283,0.114360,-0.101195,-0.020371,-0.955802,0.294013,-0.952782,0.303656,0.000000,0.203066,0.763049,-0.017772,0.000000,0.163308,-0.170276,0.022669
14.940,-0.398431,0.330925,1.139267,-0.329648,0.549643,1.288436,-0.151150,-0.126242,-0.007694,0.112143,-0.097727,-0.020667,-0.958444,0.285280,-0.955585,0.294714,0.000000,0.206420,0.759560,-0.017332,0.000000,0.172054,-0.178572,0.021315
14.960,-0.399516,0.327378,1.139270,-0.332649,0.547098,1.288278,-0.148928,-0.128164,-0.008110,0.110127,-0.094463,-0.020961,-0.960975,0.276636,-0.958268,0.285872,0.000000,0.209947,0.755906,-0.016919,0.000000,0.180670,-0.186766,0.020013
14.980,-0.400578,0.323803,1.139273,-0.335606,0.544516,1.288111,-0.146744,-0.130022,-0.008532,0.108308,-0.091393,-0.021252,-0.963397,0.268079,-0.960833,0.277127,0.000000,0.213646,0.752090,-0.016531,0.000000,0.189148,-0.194850,0.018776
15.000,-0.401617,0.320201,1.139277,-0.338519,0.541898,1.287936,-0.144594,-0.131821,-0.008960,0.106678,-0.088506,-0.021536,-0.965715,0.259605,-0.963286,0.268478,0.000000,0.217512,0.748113,-0.016167,0.000000,0.197483,-0.202818,0.017615
15.020,-0.402632,0.316572,1.139280,-0.341390,0.539244,1.287753,-0.142475,-0.133563,-0.009393,0.105225,-0.085790,-0.021812,-0.967932,0.251213,-0.965630,0.259920,0.000000,0.221544,0.743978,-0.015826,0.000000,0.205667,-0.210663,0.016539
15.040,-0.403622,0.312917,1.139284,-0.344218,0.536556,1.287561,-0.140384,-0.135253,-0.009832,0.103935,-0.083234,-0.022075,-0.970051,0.242901,-0.967870,0.251452,0.000000,0.225738,0.739688,-0.015505,0.000000,0.213696,-0.218380,0.015558
15.060,-0.404587,0.309236,1.139288,-0.347005,0.533834,1.287360,-0.138317,-0.136894,-0.010276,0.102792,-0.080827,-0.022324,-0.972076,0.234668,-0.970008,0.243071,0.000000,0.230091,0.735244,-0.015203,0.000000,0.221562,-0.225962,0.014678
15.080,-0.405526,0.305529,1.139291,-0.349751,0.531080,1.287150,-0.136272,-0.138487,-0.010725,0.101775,-0.078555,-0.022555,-0.974008,0.226512,-0.972050,0.234775,0.000000,0.234599,0.730650,-0.014917,0.000000,0.229261,-0.233402,0.013906
15.100,-0.406440,0.301798,1.139295,-0.352456,0.528295,1.286931,-0.134245,-0.140037,-0.011178,0.100864,-0.076408,-0.022767,-0.975852,0.218431,-0.973997,0.226561,0.000000,0.239260,0.725909,-0.014646,0.000000,0.236786,-0.240694,0.013244
15.120,-0.407327,0.298043,1.139298,-0.355121,0.525479,1.286702,-0.132236,-0.141544,-0.011636,0.100037,-0.074373,-0.022955,-0.977610,0.210425,-0.975854,0.218426,0.000000,0.244070,0.721023,-0.014387,0.000000,0.244131,-0.247832,0.012695
15.140,-0.408186,0.294264,1.139300,-0.357746,0.522633,1.286465,-0.130243,-0.143012,-0.012096,0.099270,-0.072439,-0.023119,-0.979284,0.202492,-0.977622,0.210369,0.000000,0.249024,0.715997,-0.014137,0.000000,0.251292,-0.254809,0.012262
15.160,-0.409018,0.290462,1.139302,-0.360331,0.519759,1.286219,-0.128265,-0.144443,-0.012560,0.098539,-0.070595,-0.023254,-0.980877,0.194631,-0.979306,0.202386,0.000000,0.254120,0.710832,-0.013895,0.000000,0.258263,-0.261618,0.011943
15.180,-0.409821,0.286637,1.139304,-0.362876,0.516856,1.285963,-0.126302,-0.145837,-0.013026,0.097820,-0.068830,-0.023360,-0.982390,0.186841,-0.980907,0.194477,0.000000,0.259353,0.705533,-0.013659,0.000000,0.265039,-0.268254,0.011737
15.200,-0.410595,0.282791,1.139305,-0.365383,0.513926,1.285698,-0.124353,-0.147196,-0.013494,0.097088,-0.067133,-0.023433,-0.983827,0.179120,-0.982429,0.186638,0.000000,0.264720,0.700103,-0.013425,0.000000,0.271615,-0.274711,0.011641
15.220,-0.411339,0.278923,1.139305,-0.367851,0.510968,1.285423,-0.122419,-0.148522,-0.013963,0.096320,-0.065495,-0.023471,-0.985189,0.171469,-0.983873,0.178867,0.000000,0.270217,0.694546,-0.013192,0.000000,0.277986,-0.280981,0.011651
15.240,-0.412053,0.275035,1.139306,-0.370280,0.507985,1.285139,-0.120500,-0.149816,-0.014433,0.095492,-0.063906,-0.023473,-0.986479,0.163886,-0.985243,0.171163,0.000000,0.275838,0.688865,-0.012958,0.000000,0.284148,-0.287058,0.011760
15.260,-0.412736,0.271127,1.139306,-0.372671,0.504976,1.284846,-0.118599,-0.151079,-0.014902,0.094584,-0.062358,-0.023436,-0.987699,0.156369,-0.986540,0.163522,0.000000,0.281581,0.683065,-0.012721,0.000000,0.290095,-0.292936,0.011961
15.280,-0.413388,0.267200,1.139305,-0.375024,0.501942,1.284543,-0.116718,-0.152311,-0.015370,0.093576,-0.060843,-0.023359,-0.988850,0.148917,-0.987766,0.155943,0.000000,0.287441,0.677149,-0.012479,0.000000,0.295823,-0.298609,0.012246
15.300,-0.414009,0.263254,1.139305,-0.377340,0.498884,1.284231,-0.114857,-0.153513,-0.015836,0.092450,-0.059355,-0.023240,-0.989934,0.141529,-0.988924,0.148423,0.000000,0.293412,0.671122,-0.012231,0.000000,0.301329,-0.304070,0.012604
15.320,-0.414598,0.259290,1.139304,-0.379618,0.495802,1.283909,-0.113020,-0.154685,-0.016299,0.091191,-0.057888,-0.023079,-0.990954,0.134203,-0.990015,0.140961,0.000000,0.299492,0.664988,-0.011975,0.000000,0.306607,-0.309313,0.013023
15.340,-0.415155,0.255309,1.139303,-0.381861,0.492696,1.283579,-0.111210,-0.155828,-0.016759,0.089787,-0.056438,-0.022873,-0.991911,0.126938,-0.991042,0.133553,0.000000,0.305675,0.658751,-0.011710,0.000000,0.311655,-0.314332,0.013490
15.360,-0.415679,0.251311,1.139303,-0.384067,0.489569,1.283239,-0.109430,-0.156943,-0.017214,0.088229,-0.055002,-0.022623,-0.992806,0.119732,-0.992005,0.126199,0.000000,0.311957,0.652416,-0.011435,0.000000,0.316468,-0.319119,0.013991
15.380,-0.416172,0.247298,1.139302,-0.386238,0.486419,1.282890,-0.107682,-0.158029,-0.017664,0.086512,-0.053577,-0.022328,-0.993642,0.112583,-0.992907,0.118894,0.000000,0.318332,0.645988,-0.011150,0.000000,0.321042,-0.323670,0.014510
15.400,-0.416632,0.243271,1.139302,-0.388374,0.483248,1.282533,-0.105971,-0.159086,-0.018107,0.084635,-0.052163,-0.021988,-0.994421,0.105488,-0.993749,0.111637,0.000000,0.324797,0.639471,-0.010855,0.000000,0.325374,-0.327977,0.015031
15.420,-0.417061,0.239229,1.139302,-0.390477,0.480056,1.282166,-0.104298,-0.160115,-0.018543,0.082599,-0.050762,-0.021602,-0.995143,0.098445,-0.994533,0.104426,0.000000,0.331346,0.632870,-0.010549,0.000000,0.329461,-0.332036,0.015540
15.440,-0.417457,0.235175,1.139303,-0.392547,0.476843,1.281791,-0.102668,-0.161117,-0.018971,0.080411,-0.049374,-0.021171,-0.995810,0.091451,-0.995259,0.097258,0.000000,0.337974,0.626191,-0.010233,0.000000,0.333299,-0.335841,0.016023
15.460,-0.417822,0.231109,1.139304,-0.394584,0.473611,1.281407,-0.101083,-0.162090,-0.019389,0.078080,-0.048003,-0.020696,-0.996423,0.084504,-0.995930,0.090130,0.000000,0.344676,0.619438,-0.009908,0.000000,0.336885,-0.339387,0.016469
15.480,-0.418156,0.227032,1.139306,-0.396590,0.470360,1.281015,-0.099545,-0.163037,-0.019798,0.075617,-0.046652,-0.020177,-0.996985,0.077599,-0.996546,0.083040,0.000000,0.351447,0.612617,-0.009575,0.000000,0.340218,-0.342669,0.016866
15.500,-0.418458,0.222945,1.139308,-0.398566,0.467090,1.280616,-0.098059,-0.163957,-0.020196,0.073037,-0.045327,-0.019615,-0.997495,0.070735,-0.997109,0.075986,0.000000,0.358283,0.605733,-0.009234,0.000000,0.343294,-0.345685,0.017206
15.520,-0.418730,0.218849,1.139311,-0.400513,0.463802,1.280208,-0.096625,-0.164850,-0.020582,0.070354,-0.044032,-0.019010,-0.997956,0.063908,-0.997619,0.068964,0.000000,0.365177,0.598792,-0.008887,0.000000,0.346111,-0.348431,0.017480
15.540,-0.418973,0.214745,1.139314,-0.402432,0.460496,1.279792,-0.095245,-0.165718,-0.020956,0.067588,-0.042774,-0.018366,-0.998368,0.057113,-0.998078,0.061972,0.000000,0.372126,0.591798,-0.008535,0.000000,0.348666,-0.350903,0.017681
15.560,-0.419185,0.210635,1.139318,-0.404323,0.457173,1.279370,-0.093921,-0.166561,-0.021317,0.064758,-0.041558,-0.017682,-0.998732,0.050348,-0.998486,0.055007,0.000000,0.379122,0.584757,-0.008180,0.000000,0.350959,-0.353099,0.017804
15.580,-0.419369,0.206519,1.139323,-0.406189,0.453834,1.278940,-0.092655,-0.167381,-0.021663,0.061883,-0.040392,-0.016959,-0.999049,0.043610,-0.998844,0.048067,0.000000,0.386162,0.577676,-0.007824,0.000000,0.352987,-0.355017,0.017845
15.600,-0.419524,0.202398,1.139328,-0.408030,0.450478,1.278503,-0.091446,-0.168177,-0.021995,0.058987,-0.039281,-0.016201,-0.999319,0.036893,-0.999153,0.041149,0.000000,0.393240,0.570559,-0.007467,0.000000,0.354748,-0.356655,0.017800
15.620,-0.419652,0.198274,1.139333,-0.409847,0.447107,1.278060,-0.090296,-0.168952,-0.022311,0.056090,-0.038233,-0.015407,-0.999544,0.030194,-0.999413,0.034249,0.000000,0.400350,0.563412,-0.007112,0.000000,0.356242,-0.358013,0.017668
15.640,-0.419752,0.194147,1.139338,-0.411642,0.443720,1.277611,-0.089203,-0.169707,-0.022611,0.053214,-0.037255,-0.014581,-0.999724,0.023511,-0.999625,0.027366,0.000000,0.407488,0.556240,-0.006761,0.000000,0.357467,-0.359088,0.017448
15.660,-0.419825,0.190019,1.139343,-0.413416,0.440319,1.277156,-0.088167,-0.170443,-0.022894,0.050383,-0.036352,-0.013722,-0.999858,0.016838,-0.999790,0.020497,0.000000,0.414647,0.549050,-0.006415,0.000000,0.358423,-0.359881,0.017141
15.680,-0.419872,0.185890,1.139349,-0.415169,0.436903,1.276695,-0.087187,-0.171162,-0.023160,0.047617,-0.035530,-0.012834,-0.999948,0.010171,-0.999907,0.013638,0.000000,0.421823,0.541847,-0.006076,0.000000,0.359108,-0.360392,0.016749
15.700,-0.419893,0.181762,1.139354,-0.416903,0.433472,1.276229,-0.086261,-0.171865,-0.023407,0.044936,-0.034797,-0.011918,-0.999994,0.003508,-0.999977,0.006786,0.000000,0.429010,0.534636,-0.005745,0.000000,0.359522,-0.360622,0.016276
15.720,-0.419889,0.177635,1.139359,-0.418620,0.430028,1.275759,-0.085389,-0.172554,-0.023636,0.042362,-0.034156,-0.010975,-0.999995,-0.003156,-1.000000,-0.000060,0.000000,0.436202,0.527424,-0.005425,0.000000,0.359665,-0.360571,0.015726
15.740,-0.419860,0.173511,1.139363,-0.420319,0.426570,1.275284,-0.084566,-0.173232,-0.023846,0.039913,-0.033613,-0.010006,-0.999952,-0.009824,-0.999976,-0.006905,0.000000,0.443395,0.520215,-0.005117,0.000000,0.359537,-0.360240,0.015104
15.760,-0.419806,0.169390,1.139367,-0.422003,0.423099,1.274805,-0.083791,-0.173899,-0.024036,0.037604,-0.033170,-0.009015,-0.999864,-0.016501,-0.999905,-0.013750,0.000000,0.450582,0.513016,-0.004822,0.000000,0.359137,-0.359632,0.014419
15.780,-0.419727,0.165274,1.139370,-0.423671,0.419614,1.274323,-0.083061,-0.174559,-0.024207,0.035451,-0.032830,-0.008001,-0.999731,-0.023190,-0.999788,-0.020599,0.000000,0.457758,0.505832,-0.004540,0.000000,0.358467,-0.358749,0.013679
15.800,-0.419625,0.161163,1.139372,-0.425325,0.416117,1.273837,-0.082372,-0.175213,-0.024356,0.033467,-0.032596,-0.006966,-0.999553,-0.029894,-0.999623,-0.027455,0.000000,0.464919,0.498668,-0.004275,0.000000,0.357526,-0.357594,0.012893
15.820,-0.419498,0.157057,1.139373,-0.426966,0.412606,1.273349,-0.081721,-0.175864,-0.024485,0.031660,-0.032468,-0.005912,-0.999329,-0.036617,-0.999411,-0.034321,0.000000,0.472057,0.491530,-0.004025,0.000000,0.356315,-0.356168,0.012072
15.840,-0.419347,0.152958,1.139373,-0.428594,0.409082,1.272858,-0.081104,-0.176513,-0.024593,0.030039,-0.032444,-0.004839,-0.999059,-0.043362,-0.999151,-0.041200,0.000000,0.479169,0.484423,-0.003792,0.000000,0.354835,-0.354478,0.011229
15.860,-0.419172,0.148867,1.139371,-0.430211,0.405545,1.272365,-0.080518,-0.177162,-0.024679,0.028605,-0.032522,-0.003749,-0.998743,-0.050132,-0.998843,-0.048094,0.000000,0.486249,0.477352,-0.003576,0.000000,0.353088,-0.352525,0.010377
15.880,-0.418973,0.144783,1.139368,-0.431815,0.401996,1.271871,-0.079959,-0.177814,-0.024743,0.027359,-0.032699,-0.002642,-0.998378,-0.056931,-0.998486,-0.055006,0.000000,0.493291,0.470323,-0.003377,0.000000,0.351074,-0.350315,0.009531
15.900,-0.418750,0.140707,1.139364,-0.433409,0.398433,1.271376,-0.079423,-0.178471,-0.024784,0.026298,-0.032970,-0.001518,-0.997965,-0.063760,-0.998080,-0.061940,0.000000,0.500290,0.463341,-0.003195,0.000000,0.348795,-0.347852,0.008705
15.920,-0.418502,0.136641,1.139358,-0.434992,0.394857,1.270880,-0.078906,-0.179134,-0.024803,0.025414,-0.033327,-0.000378,-0.997503,-0.070623,-0.997624,-0.068899,0.000000,0.507241,0.456411,-0.003028,0.000000,0.346252,-0.345139,0.007911
15.940,-0.418229,0.132584,1.139351,-0.436566,0.391267,1.270384,-0.078405,-0.179804,-0.024799,0.024698,-0.033762,0.000777,-0.996991,-0.077522,-0.997117,-0.075884,0.000000,0.514139,0.449537,-0.002878,0.000000,0.343448,-0.342182,0.007163
15.960,-0.417930,0.128537,1.139343,-0.438129,0.387664,1.269888,-0.077917,-0.180485,-0.024772,0.024135,-0.034267,0.001948,-0.996427,-0.084459,-0.996558,-0.082900,0.000000,0.520977,0.442725,-0.002742,0.000000,0.340384,-0.338983,0.006469
15.980,-0.417606,0.124500,1.139333,-0.439682,0.384048,1.269393,-0.077439,-0.181176,-0.024721,0.023712,-0.034832,0.003135,-0.995811,-0.091438,-0.995946,-0.089950,0.000000,0.527752,0.435980,-0.002619,0.000000,0.337064,-0.335546,0.005841
16.000,-0.417256,0.120473,1.139322,-0.441226,0.380417,1.268899,-0.076968,-0.181878,-0.024646,0.023410,-0.035447,0.004338,-0.995141,-0.098459,-0.995281,-0.097035,0.000000,0.534458,0.429305,-0.002507,0.000000,0.333488,-0.331875,0.005285
16.020,-0.416878,0.116458,1.139311,-0.442761,0.376773,1.268407,-0.076502,-0.182594,-0.024548,0.023210,-0.036100,0.005556,-0.994417,-0.105525,-0.994561,-0.104159,0.000000,0.541090,0.422706,-0.002407,0.000000,0.329660,-0.327971,0.004811
16.040,-0.416474,0.112454,1.139299,-0.444286,0.373113,1.267917,-0.076039,-0.183322,-0.024424,0.023093,-0.036782,0.006790,-0.993636,-0.112638,-0.993784,-0.111326,0.000000,0.547643,0.416188,-0.002314,0.000000,0.325583,-0.323838,0.004422
16.060,-0.416041,0.108461,1.139286,-0.445803,0.369440,1.267430,-0.075577,-0.184065,-0.024276,0.023036,-0.037481,0.008040,-0.992798,-0.119799,-0.992950,-0.118537,0.000000,0.554112,0.409754,-0.002229,0.000000,0.321260,-0.319478,0.004126
16.080,-0.415580,0.104480,1.139273,-0.447309,0.365751,1.266947,-0.075117,-0.184822,-0.024102,0.023017,-0.038186,0.009306,-0.991901,-0.127012,-0.992056,-0.125796,0.000000,0.560492,0.403410,-0.002149,0.000000,0.316693,-0.314894,0.003925
16.100,-0.415090,0.100512,1.139259,-0.448807,0.362047,1.266466,-0.074657,-0.185592,-0.023903,0.023014,-0.038888,0.010588,-0.990944,-0.134276,-0.991102,-0.133106,0.000000,0.566778,0.397160,-0.002071,0.000000,0.311886,-0.310088,0.003822
16.120,-0.414570,0.096556,1.139246,-0.450296,0.358327,1.265991,-0.074196,-0.186377,-0.023679,0.023003,-0.039575,0.011886,-0.989925,-0.141595,-0.990085,-0.140469,0.000000,0.572966,0.391008,-0.001995,0.000000,0.306843,-0.305060,0.003818
16.140,-0.414020,0.092613,1.139234,-0.451775,0.354591,1.265519,-0.073737,-0.187175,-0.023428,0.022962,-0.040240,0.013199,-0.988842,-0.148970,-0.989004,-0.147889,0.000000,0.579050,0.384959,-0.001918,0.000000,0.301568,-0.299814,0.003915
16.160,-0.413439,0.088683,1.139222,-0.453245,0.350840,1.265054,-0.073278,-0.187987,-0.023151,0.022868,-0.040873,0.014528,-0.987693,-0.156403,-0.987857,-0.155368,0.000000,0.585027,0.379017,-0.001838,0.000000,0.296064,-0.294350,0.004111
16.180,-0.412826,0.084767,1.139212,-0.454706,0.347072,1.264594,-0.072822,-0.188810,-0.022847,0.022701,-0.041469,0.015871,-0.986478,-0.163895,-0.986641,-0.162909,0.000000,0.590891,0.373186,-0.001753,0.000000,0.290336,-0.288669,0.004405
16.200,-0.412183,0.080865,1.139202,-0.456158,0.343287,1.264140,-0.072371,-0.189645,-0.022516,0.022441,-0.042022,0.017228,-0.985193,-0.171448,-0.985355,-0.170515,0.000000,0.596639,0.367472,-0.001661,0.000000,0.284388,-0.282773,0.004793
16.220,-0.411507,0.076977,1.139195,-0.457601,0.339486,1.263693,-0.071926,-0.190491,-0.022157,0.022068,-0.042527,0.018598,-0.983837,-0.179064,-0.983996,-0.178189,0.000000,0.602265,0.361877,-0.001561,0.000000,0.278224,-0.276661,0.005271
16.240,-0.410799,0.073105,1.139189,-0.459035,0.335668,1.263254,-0.071489,-0.191346,-0.021772,0.021567,-0.042982,0.019980,-0.982408,-0.186745,-0.982562,-0.185934,0.000000,0.607766,0.356407,-0.001450,0.000000,0.271849,-0.270335,0.005834
16.260,-0.410058,0.069249,1.139185,-0.460461,0.331832,1.262822,-0.071064,-0.192210,-0.021358,0.020923,-0.043387,0.021372,-0.980904,-0.194493,-0.981051,-0.193751,0.000000,0.613138,0.351065,-0.001327,0.000000,0.265268,-0.263794,0.006476
16.280,-0.409284,0.065410,1.139184,-0.461878,0.327979,1.262400,-0.070653,-0.193081,-0.020917,0.020124,-0.043743,0.022773,-0.979322,-0.202309,-0.979459,-0.201645,0.000000,0.618376,0.345856,-0.001190,0.000000,0.258487,-0.257039,0.007188
16.300,-0.408478,0.061588,1.139185,-0.463287,0.324109,1.261986,-0.070260,-0.193959,-0.020447,0.019160,-0.044055,0.024181,-0.977659,-0.210196,-0.977783,-0.209617,0.000000,0.623476,0.340785,-0.001039,0.000000,0.251510,-0.250069,0.007963
16.320,-0.407639,0.057784,1.139189,-0.464688,0.320221,1.261582,-0.069888,-0.194843,-0.019949,0.018027,-0.044330,0.025593,-0.975914,-0.218155,-0.976022,-0.217671,0.000000,0.628435,0.335855,-0.000871,0.000000,0.244343,-0.242883,0.008790
16.340,-0.406768,0.053999,1.139195,-0.466083,0.316315,1.261188,-0.069540,-0.195732,-0.019423,0.016721,-0.044575,0.027007,-0.974083,-0.226190,-0.974172,-0.225809,0.000000,0.633248,0.331071,-0.000687,0.000000,0.236991,-0.235482,0.009659
16.360,-0.405864,0.050234,1.139204,-0.467470,0.312392,1.260805,-0.069220,-0.196626,-0.018869,0.015244,-0.044805,0.028419,-0.972164,-0.234301,-0.972229,-0.234033,0.000000,0.637913,0.326437,-0.000485,0.000000,0.229461,-0.227863,0.010556
16.380,-0.404928,0.046490,1.139216,-0.468852,0.308450,1.260434,-0.068931,-0.197524,-0.018287,0.013602,-0.045033,0.029825,-0.970153,-0.242492,-0.970190,-0.242346,0.000000,0.642426,0.321958,-0.000265,0.000000,0.221758,-0.220026,0.011470
16.400,-0.403960,0.042769,1.139230,-0.470228,0.304491,1.260074,-0.068677,-0.198427,-0.017676,0.011803,-0.045278,0.031223,-0.968048,-0.250765,-0.968052,-0.250751,0.000000,0.646782,0.317638,-0.000026,0.000000,0.213889,-0.211971,0.012388
16.420,-0.402960,0.039071,1.139247,-0.471599,0.300513,1.259727,-0.068460,-0.199335,-0.017038,0.009862,-0.045561,0.032608,-0.965844,-0.259123,-0.965810,-0.259250,0.000000,0.650980,0.313481,0.000231,0.000000,0.205860,-0.203699,0.013297
16.440,-0.401931,0.035397,1.139266,-0.472966,0.296517,1.259393,-0.068283,-0.200250,-0.016372,0.007796,-0.045903,0.033975,-0.963539,-0.267568,-0.963462,-0.267845,0.000000,0.655016,0.309491,0.000506,0.000000,0.197676,-0.195209,0.014185
16.460,-0.400871,0.031750,1.139286,-0.474331,0.292503,1.259072,-0.068149,-0.201172,-0.015679,0.005623,-0.046331,0.035319,-0.961128,-0.276102,-0.961003,-0.276539,0.000000,0.658886,0.305674,0.000798,0.000000,0.189345,-0.186506,0.015041
16.480,-0.399781,0.028130,1.139308,-0.475693,0.288470,1.258766,-0.068059,-0.202104,-0.014959,0.003369,-0.046869,0.036635,-0.958608,-0.284730,-0.958428,-0.285334,0.000000,0.662589,0.302032,0.001107,0.000000,0.180872,-0.177591,0.015855
16.500,-0.398663,0.024539,1.139331,-0.477053,0.284419,1.258474,-0.068015,-0.203048,-0.014214,0.001058,-0.047543,0.037918,-0.955974,-0.293452,-0.955734,-0.294231,0.000000,0.666120,0.298571,0.001432,0.000000,0.172265,-0.168468,0.016616
16.520,-0.397518,0.020977,1.139354,-0.478414,0.280348,1.258197,-0.068017,-0.204007,-0.013443,-0.001282,-0.048379,0.039163,-0.953221,-0.302274,-0.952916,-0.303235,0.000000,0.669478,0.295295,0.001771,0.000000,0.163528,-0.159143,0.017314
16.540,-0.396345,0.017447,1.139377,-0.479774,0.276258,1.257936,-0.068066,-0.204984,-0.012648,-0.003620,-0.049406,0.040364,-0.950346,-0.311197,-0.949969,-0.312345,0.000000,0.672661,0.292207,0.002124,0.000000,0.154670,-0.149621,0.017939
16.560,-0.395146,0.013949,1.139400,-0.481136,0.272149,1.257692,-0.068162,-0.205984,-0.011829,-0.005926,-0.050648,0.041516,-0.947342,-0.320224,-0.946887,-0.321565,0.000000,0.675664,0.289311,0.002488,0.000000,0.145696,-0.139907,0.018484
16.580,-0.393921,0.010485,1.139423,-0.482501,0.268019,1.257463,-0.068303,-0.207012,-0.010987,-0.008164,-0.052130,0.042613,-0.944205,-0.329359,-0.943667,-0.330896,0.000000,0.678488,0.286612,0.002863,0.000000,0.136613,-0.130009,0.018938
16.600,-0.392672,0.007055,1.139443,-0.483869,0.263868,1.257252,-0.068487,-0.208071,-0.010125,-0.010303,-0.053876,0.043650,-0.940929,-0.338604,-0.940302,-0.340341,0.000000,0.681128,0.284112,0.003245,0.000000,0.127428,-0.119936,0.019295
16.620,-0.391399,0.003662,1.139462,-0.485241,0.259696,1.257058,-0.068714,-0.209169,-0.009242,-0.012305,-0.055908,0.044622,-0.937508,-0.347963,-0.936787,-0.349900,0.000000,0.683584,0.281816,0.003634,0.000000,0.118148,-0.109695,0.019547
16.640,-0.390103,0.000306,1.139479,-0.486618,0.255501,1.256883,-0.068978,-0.210310,-0.008340,-0.014137,-0.058245,0.045522,-0.933937,-0.357438,-0.933116,-0.359575,0.000000,0.685854,0.279725,0.004026,0.000000,0.108779,-0.099296,0.019687
16.660,-0.388784,-0.003012,1.139493,-0.488000,0.251283,1.256725,-0.069278,-0.211501,-0.007421,-0.015761,-0.060904,0.046348,-0.930208,-0.367032,-0.929283,-0.369369,0.000000,0.687935,0.277845,0.004421,0.000000,0.099328,-0.088750,0.019707
16.680,-0.387444,-0.006291,1.139503,-0.489389,0.247040,1.256586,-0.069607,-0.212748,-0.006487,-0.017142,-0.063898,0.047093,-0.926316,-0.376749,-0.925281,-0.379282,0.000000,0.689826,0.276176,0.004814,0.000000,0.089803,-0.078069,0.019603
16.700,-0.386082,-0.009531,1.139511,-0.490785,0.242773,1.256466,-0.069962,-0.214059,-0.005538,-0.018245,-0.067238,0.047753,-0.922252,-0.386590,-0.921104,-0.389316,0.000000,0.691526,0.274723,0.005204,0.000000,0.080210,-0.067263,0.019368
16.720,-0.384700,-0.012730,1.139514,-0.492188,0.238478,1.256364,-0.070335,-0.215440,-0.004577,-0.019035,-0.070929,0.048324,-0.918009,-0.396559,-0.916746,-0.399472,0.000000,0.693034,0.273487,0.005588,0.000000,0.070556,-0.056346,0.018998
16.740,-0.383298,-0.015887,1.139513,-0.493598,0.234154,1.256283,-0.070721,-0.216898,-0.003606,-0.019478,-0.074972,0.048802,-0.913580,-0.406659,-0.912198,-0.409750,0.000000,0.694348,0.272470,0.005963,0.000000,0.060849,-0.045332,0.018487
16.760,-0.381875,-0.019004,1.139508,-0.495016,0.229801,1.256220,-0.071112,-0.218441,-0.002626,-0.019542,-0.079365,0.049184,-0.908956,-0.416891,-0.907453,-0.420153,0.000000,0.695468,0.271674,0.006326,0.000000,0.051096,-0.034236,0.017832
16.780,-0.380433,-0.022078,1.139499,-0.496443,0.225416,1.256178,-0.071500,-0.220075,-0.001639,-0.019197,-0.084099,0.049468,-0.904130,-0.427258,-0.902505,-0.430680,0.000000,0.696392,0.271101,0.006675,0.000000,0.041304,-0.023071,0.017028
16.800,-0.378971,-0.025111,1.139485,-0.497876,0.220997,1.256155,-0.071877,-0.221807,-0.000648,-0.018412,-0.089159,0.049649,-0.899090,-0.437763,-0.897344,-0.441332,0.000000,0.697120,0.270751,0.007006,0.000000,0.031480,-0.011856,0.016072
16.820,-0.377489,-0.028101,1.139468,-0.499318,0.216543,1.256152,-0.072233,-0.223644,0.000346,-0.017163,-0.094525,0.049728,-0.893830,-0.448406,-0.891962,-0.452110,0.000000,0.697651,0.270627,0.007317,0.000000,0.021631,-0.000607,0.014963
16.840,-0.375987,-0.031049,1.139446,-0.500765,0.212051,1.256169,-0.072560,-0.225590,0.001341,-0.015423,-0.100168,0.049702,-0.888338,-0.459190,-0.886351,-0.463013,0.000000,0.697985,0.270727,0.007604,0.000000,0.011766,0.010659,0.013696
16.860,-0.374464,-0.033955,1.139420,-0.502220,0.207519,1.256205,-0.072847,-0.227652,0.002333,-0.013173,-0.106056,0.049571,-0.882604,-0.470117,-0.880502,-0.474042,0.000000,0.698122,0.271053,0.007864,0.000000,0.001891,0.021922,0.012271
16.880,-0.372921,-0.036818,1.139392,-0.503679,0.202944,1.256262,-0.073083,-0.229834,0.003323,-0.010393,-0.112145,0.049335,-0.876619,-0.481186,-0.874406,-0.485196,0.000000,0.698061,0.271604,0.008094,0.000000,-0.007986,0.033164,0.010687
16.900,-0.371356,-0.039640,1.139360,-0.505143,0.198325,1.256338,-0.073259,-0.232139,0.004306,-0.007069,-0.118388,0.048994,-0.870369,-0.492399,-0.868052,-0.496474,0.000000,0.697802,0.272379,0.008290,0.000000,-0.017857,0.044366,0.008942
16.920,-0.369768,-0.042420,1.139327,-0.506609,0.193658,1.256434,-0.073362,-0.234570,0.005282,-0.003188,-0.124729,0.048551,-0.863846,-0.503757,-0.861430,-0.507876,0.000000,0.697346,0.273378,0.008450,0.000000,-0.027715,0.055511,0.007039
16.940,-0.368157,-0.045159,1.139292,-0.508076,0.188941,1.256549,-0.073382,-0.237128,0.006247,0.001259,-0.131109,0.048006,-0.857035,-0.515258,-0.854531,-0.519400,0.000000,0.696694,0.274599,0.008571,0.000000,-0.037553,0.066582,0.004979
16.960,-0.366523,-0.047857,1.139257,-0.509544,0.184172,1.256684,-0.073308,-0.239814,0.007201,0.006277,-0.137461,0.047363,-0.849926,-0.526903,-0.847345,-0.531043,0.000000,0.695844,0.276041,0.008648,0.000000,-0.047363,0.077562,0.002765
16.980,-0.364863,-0.050515,1.139222,-0.511008,0.179348,1.256837,-0.073128,-0.242626,0.008141,0.011869,-0.143718,0.046625,-0.842505,-0.538688,-0.839859,-0.542804,0.000000,0.694799,0.277701,0.008680,0.000000,-0.057137,0.088435,0.000402
17.000,-0.363176,-0.053132,1.139187,-0.512468,0.174466,1.257009,-0.072829,-0.245562,0.009066,0.018035,-0.149807,0.045794,-0.834761,-0.550613,-0.832064,-0.554679,0.000000,0.693559,0.279577,0.008663,0.000000,-0.066870,0.099188,-0.002106
17.020,-0.361463,-0.055709,1.139155,-0.513920,0.169524,1.257200,-0.072402,-0.248617,0.009973,0.024770,-0.155653,0.044875,-0.826680,-0.562673,-0.823949,-0.566664,0.000000,0.692125,0.281668,0.008595,0.000000,-0.076552,0.109804,-0.004753
17.040,-0.359722,-0.058246,1.139125,-0.515363,0.164520,1.257408,-0.071835,-0.251786,0.010860,0.032068,-0.161180,0.043872,-0.818249,-0.574864,-0.815503,-0.578753,0.000000,0.690498,0.283969,0.008472,0.000000,-0.086178,0.120272,-0.007530
17.060,-0.357951,-0.060743,1.139099,-0.516793,0.159452,1.257634,-0.071116,-0.255061,0.011727,0.039919,-0.166311,0.042789,-0.809456,-0.587180,-0.806713,-0.590943,0.000000,0.688678,0.286477,0.008293,0.000000,-0.095740,0.130577,-0.010430
17.080,-0.356150,-0.063201,1.139076,-0.518207,0.154317,1.257877,-0.070235,-0.258435,0.012571,0.048310,-0.170970,0.041632,-0.800288,-0.599616,-0.797571,-0.603225,0.000000,0.686668,0.289191,0.008054,0.000000,-0.105231,0.140709,-0.013442
17.100,-0.354319,-0.065619,1.139059,-0.519601,0.149114,1.258137,-0.069180,-0.261896,0.013392,0.057225,-0.175079,0.040405,-0.790731,-0.612164,-0.788065,-0.615592,0.000000,0.684470,0.292104,0.007755,0.000000,-0.114644,0.150654,-0.016558
17.120,-0.352456,-0.067997,1.139046,-0.520973,0.143841,1.258413,-0.067942,-0.265434,0.014187,0.066644,-0.178564,0.039114,-0.780774,-0.624813,-0.778184,-0.628036,0.000000,0.682083,0.295215,0.007392,0.000000,-0.123971,0.160403,-0.019764
17.140,-0.350560,-0.070334,1.139038,-0.522317,0.138496,1.258704,-0.066511,-0.269034,0.014956,0.076544,-0.181351,0.037765,-0.770405,-0.637555,-0.767919,-0.640547,0.000000,0.679511,0.298519,0.006964,0.000000,-0.133207,0.169946,-0.023049
17.160,-0.348632,-0.072631,1.139037,-0.523632,0.133079,1.259011,-0.064877,-0.272683,0.015697,0.086901,-0.183371,0.036362,-0.759611,-0.650378,-0.757259,-0.653115,0.000000,0.676756,0.302012,0.006469,0.000000,-0.142343,0.179272,-0.026399
17.180,-0.346670,-0.074886,1.139041,-0.524911,0.127589,1.259332,-0.063032,-0.276364,0.016410,0.097685,-0.184558,0.034912,-0.748382,-0.663268,-0.746196,-0.665727,0.000000,0.673818,0.305689,0.005907,0.000000,-0.151374,0.188373,-0.029798
17.200,-0.344675,-0.077099,1.139051,-0.526151,0.122025,1.259667,-0.060967,-0.280059,0.017093,0.108864,-0.184849,0.033421,-0.736708,-0.676211,-0.734720,-0.678370,0.000000,0.670701,0.309545,0.005277,0.000000,-0.160291,0.197241,-0.033232
17.220,-0.342647,-0.079269,1.139067,-0.527348,0.116387,1.260015,-0.058675,-0.283751,0.017747,0.120403,-0.184189,0.031894,-0.724578,-0.689192,-0.722825,-0.691031,0.000000,0.667407,0.313577,0.004578,0.000000,-0.169089,0.205868,-0.036683
17.240,-0.340585,-0.081396,1.139088,-0.528497,0.110675,1.260377,-0.056149,-0.287420,0.018369,0.132265,-0.182527,0.030337,-0.711986,-0.702194,-0.710503,-0.703694,0.000000,0.663939,0.317778,0.003810,0.000000,-0.177761,0.214248,-0.040133
17.260,-0.338490,-0.083477,1.139115,-0.529593,0.104890,1.260750,-0.053383,-0.291045,0.018960,0.144408,-0.179820,0.028756,-0.698923,-0.715197,-0.697748,-0.716343,0.000000,0.660298,0.322145,0.002973,0.000000,-0.186300,0.222376,-0.043564
17.280,-0.336363,-0.085513,1.139146,-0.530631,0.099033,1.261135,-0.050371,-0.294606,0.019519,0.156787,-0.176031,0.027156,-0.685384,-0.728182,-0.684555,-0.728961,0.000000,0.656488,0.326671,0.002067,0.000000,-0.194698,0.230244,-0.046955
17.300,-0.334204,-0.087501,1.139182,-0.531606,0.093106,1.261530,-0.047110,-0.298079,0.020046,0.169356,-0.171132,0.025544,-0.671364,-0.741128,-0.670922,-0.741528,0.000000,0.652511,0.331353,0.001095,0.000000,-0.202951,0.237849,-0.050284
17.320,-0.332014,-0.089440,1.139221,-0.532513,0.087111,1.261936,-0.043596,-0.301443,0.020541,0.182063,-0.165105,0.023923,-0.656860,-0.754012,-0.656845,-0.754025,0.000000,0.648371,0.336184,0.000057,0.000000,-0.211050,0.245187,-0.053531
17.340,-0.329794,-0.091329,1.139262,-0.533348,0.081049,1.262352,-0.039827,-0.304676,0.021003,0.194855,-0.157941,0.022300,-0.641873,-0.766811,-0.642325,-0.766432,0.000000,0.644070,0.341159,-0.001046,0.000000,-0.218990,0.252255,-0.056671
17.360,-0.327546,-0.093168,1.139305,-0.534105,0.074925,1.262776,-0.035802,-0.307754,0.021433,0.207674,-0.149642,0.020679,-0.626402,-0.779500,-0.627362,-0.778728,0.000000,0.639612,0.346272,-0.002209,0.000000,-0.226763,0.259049,-0.059681
17.380,-0.325270,-0.094954,1.139349,-0.534778,0.068741,1.263209,-0.031520,-0.310654,0.021830,0.220462,-0.140221,0.019064,-0.610452,-0.792053,-0.611960,-0.790889,0.000000,0.635001,0.351519,-0.003432,0.000000,-0.234364,0.265569,-0.062536
17.400,-0.322969,-0.096686,1.139392,-0.535364,0.062500,1.263649,-0.026984,-0.313355,0.022195,0.233156,-0.129701,0.017460,-0.594028,-0.804444,-0.596123,-0.802893,0.000000,0.630239,0.356893,-0.004710,0.000000,-0.241787,0.271811,-0.065215
17.420,-0.320643,-0.098364,1.139433,-0.535856,0.056208,1.264097,-0.022195,-0.315835,0.022529,0.245691,-0.118114,0.015871,-0.577138,-0.816647,-0.579858,-0.814717,0.000000,0.625330,0.362389,-0.006039,0.000000,-0.249025,0.277775,-0.067698
17.440,-0.318294,-0.099986,1.139473,-0.536250,0.049868,1.264550,-0.017158,-0.318073,0.022830,0.258001,-0.105504,0.014300,-0.559791,-0.828634,-0.563175,-0.826338,0.000000,0.620279,0.368002,-0.007416,0.000000,-0.256072,0.283460,-0.069965
17.460,-0.315925,-0.101551,1.139508,-0.536541,0.043487,1.265010,-0.011877,-0.320049,0.023101,0.270020,-0.091922,0.012750,-0.542001,-0.840378,-0.546083,-0.837731,0.000000,0.615089,0.373726,-0.008836,0.000000,-0.262924,0.288864,-0.072002
17.480,-0.313535,-0.103059,1.139539,-0.536723,0.037068,1.265474,-0.006359,-0.321744,0.023341,0.281679,-0.077424,0.011224,-0.523782,-0.851852,-0.528596,-0.848874,0.000000,0.609763,0.379555,-0.010295,0.000000,-0.269574,0.293989,-0.073792
17.500,-0.311128,-0.104509,1.139566,-0.536794,0.030619,1.265943,-0.000613,-0.323140,0.023550,0.292912,-0.062078,0.009726,-0.505151,-0.863031,-0.510727,-0.859743,0.000000,0.604307,0.385483,-0.011786,0.000000,-0.276019,0.298834,-0.075324
17.520,-0.308704,-0.105900,1.139586,-0.536746,0.024145,1.266416,0.005354,-0.324222,0.023730,0.303650,-0.045954,0.008258,-0.486126,-0.873889,-0.492493,-0.870317,0.000000,0.598724,0.391506,-0.013306,0.000000,-0.282251,0.303400,-0.076586
17.540,-0.306263,-0.107232,1.139600,-0.536578,0.017652,1.266892,0.011530,-0.324973,0.023881,0.313829,-0.029128,0.006821,-0.466729,-0.884400,-0.473911,-0.880573,0.000000,0.593019,0.397618,-0.014848,0.000000,-0.288269,0.307687,-0.077569
17.560,-0.303808,-0.108505,1.139608,-0.536284,0.011148,1.267371,0.017903,-0.325383,0.024003,0.323382,-0.011684,0.005419,-0.446982,-0.894543,-0.455002,-0.890490,0.000000,0.587195,0.403812,-0.016407,0.000000,-0.294065,0.311697,-0.078267
17.580,-0.301339,-0.109718,1.139609,-0.535861,0.004639,1.267852,0.024460,-0.325437,0.024098,0.332249,0.006295,0.004053,-0.426910,-0.904294,-0.435787,-0.900050,0.000000,0.581257,0.410084,-0.017977,0.000000,-0.299637,0.315431,-0.078674
17.600,-0.298857,-0.110872,1.139604,-0.535304,-0.001867,1.268335,0.031188,-0.325128,0.024165,0.340368,0.024720,0.002724,-0.406539,-0.913633,-0.416287,-0.909233,0.000000,0.575211,0.416427,-0.019552,0.000000,-0.304981,0.318891,-0.078786
17.620,-0.296362,-0.111966,1.139592,-0.534612,-0.008363,1.268818,0.038070,-0.324446,0.024207,0.347683,0.043499,0.001434,-0.385898,-0.922542,-0.396527,-0.918023,0.000000,0.569060,0.422837,-0.021126,0.000000,-0.310091,0.322081,-0.078602
17.640,-0.293854,-0.113002,1.139573,-0.533781,-0.014842,1.269303,0.045090,-0.323386,0.024223,0.354141,0.062540,0.000184,-0.365014,-0.931002,-0.376531,-0.926404,0.000000,0.562809,0.429309,-0.022694,0.000000,-0.314966,0.325001,-0.078123
17.660,-0.291333,-0.113978,1.139549,-0.532808,-0.021296,1.269787,0.052229,-0.321943,0.024214,0.359692,0.081750,-0.001025,-0.343919,-0.938999,-0.356327,-0.934361,0.000000,0.556463,0.435836,-0.024249,0.000000,-0.319601,0.327657,-0.077349
17.680,-0.288799,-0.114897,1.139520,-0.531691,-0.027717,1.270271,0.059471,-0.320116,0.024182,0.364292,0.101034,-0.002192,-0.322643,-0.946521,-0.335940,-0.941883,0.000000,0.550026,0.442413,-0.025786,0.000000,-0.323994,0.330050,-0.076286
17.700,-0.286251,-0.115757,1.139486,-0.530428,-0.034098,1.270754,0.066795,-0.317902,0.024127,0.367901,0.120299,-0.003316,-0.301218,-0.953555,-0.315399,-0.948959,0.000000,0.543505,0.449036,-0.027298,0.000000,-0.328140,0.332186,-0.074938
17.720,-0.283690,-0.116560,1.139449,-0.529019,-0.040431,1.271236,0.074180,-0.315304,0.024050,0.370486,0.139453,-0.004398,-0.279677,-0.960094,-0.294731,-0.955580,0.000000,0.536902,0.455699,-0.028781,0.000000,-0.332038,0.334067,-0.073315
17.740,-0.281113,-0.117306,1.139409,-0.527461,-0.046708,1.271716,0.081607,-0.312325,0.023951,0.372017,0.158406,-0.005436,-0.258053,-0.966131,-0.273966,-0.961739,0.000000,0.530225,0.462397,-0.030229,0.000000,-0.335685,0.335700,-0.071424
17.760,-0.278520,-0.117997,1.139367,-0.525754,-0.052922,1.272194,0.089054,-0.308970,0.023833,0.372476,0.177071,-0.006432,-0.236378,-0.971661,-0.253131,-0.967432,0.000000,0.523477,0.469125,-0.031637,0.000000,-0.339079,0.337088,-0.069278
17.780,-0.275910,-0.118632,1.139325,-0.523899,-0.059064,1.272669,0.096499,-0.305245,0.023694,0.371847,0.195364,-0.007384,-0.214685,-0.976683,-0.232255,-0.972655,0.000000,0.516663,0.475879,-0.032999,0.000000,-0.342217,0.338238,-0.066890
17.800,-0.273281,-0.119211,1.139283,-0.521894,-0.065129,1.273142,0.103920,-0.301158,0.023538,0.370124,0.213205,-0.008293,-0.193007,-0.981197,-0.211367,-0.977407,0.000000,0.509790,0.482653,-0.034311,0.000000,-0.345097,0.339154,-0.064274
17.820,-0.270633,-0.119737,1.139243,-0.519742,-0.071108,1.273611,0.111296,-0.296720,0.023363,0.367310,0.230520,-0.009159,-0.171374,-0.985206,-0.190494,-0.981688,0.000000,0.502861,0.489444,-0.035568,0.000000,-0.347718,0.339843,-0.061449
17.840,-0.267964,-0.120208,1.139205,-0.517443,-0.076995,1.274076,0.118605,-0.291942,0.023171,0.363414,0.247241,-0.009983,-0.149819,-0.988713,-0.169665,-0.985502,0.000000,0.495883,0.496246,-0.036767,0.000000,-0.350079,0.340311,-0.058432
17.860,-0.265273,-0.120626,1.139170,-0.514999,-0.082784,1.274537,0.125826,-0.286835,0.022964,0.358458,0.263304,-0.010765,-0.128370,-0.991726,-0.148905,-0.988851,0.000000,0.488860,0.503055,-0.037905,0.000000,-0.352177,0.340566,-0.055244
17.880,-0.262559,-0.120991,1.139140,-0.512411,-0.088467,1.274994,0.132937,-0.281414,0.022741,0.352469,0.278654,-0.011506,-0.107056,-0.994253,-0.128242,-0.991743,0.000000,0.481797,0.509867,-0.038976,0.000000,-0.354012,0.340614,-0.051906
17.900,-0.259820,-0.121303,1.139113,-0.509682,-0.094038,1.275447,0.139918,-0.275694,0.022504,0.345486,0.293244,-0.012207,-0.085906,-0.996303,-0.107698,-0.994184,0.000000,0.474701,0.516678,-0.039980,0.000000,-0.355583,0.340460,-0.048438
17.920,-0.257056,-0.121563,1.139092,-0.506815,-0.099493,1.275894,0.146750,-0.269690,0.022253,0.337555,0.307029,-0.012868,-0.064944,-0.997889,-0.087299,-0.996182,0.000000,0.467576,0.523484,-0.040913,0.000000,-0.356889,0.340110,-0.044859
17.940,-0.254265,-0.121769,1.139076,-0.503813,-0.104824,1.276337,0.153414,-0.263418,0.021989,0.328729,0.319974,-0.013491,-0.044196,-0.999023,-0.067067,-0.997748,0.000000,0.460427,0.530281,-0.041774,0.000000,-0.357929,0.339570,-0.041189
17.960,-0.251447,-0.121923,1.139065,-0.500680,-0.110028,1.276774,0.159894,-0.256897,0.021714,0.319066,0.332050,-0.014076,-0.023684,-0.999719,-0.047024,-0.998894,0.000000,0.453260,0.537065,-0.042560,0.000000,-0.358703,0.338844,-0.037445
17.980,-0.248602,-0.122024,1.139060,-0.497419,-0.115098,1.277205,0.166172,-0.250142,0.021427,0.308632,0.343231,-0.014624,-0.003430,-0.999994,-0.027189,-0.999630,0.000000,0.446081,0.543834,-0.043271,0.000000,-0.359210,0.337936,-0.033646
18.000,-0.245730,-0.122073,1.139060,-0.494034,-0.120032,1.277631,0.172234,-0.243174,0.021129,0.297498,0.353500,-0.015137,0.016545,-0.999863,-0.007582,-0.999971,0.000000,0.438894,0.550582,-0.043906,0.000000,-0.359449,0.336850,-0.029808
18.020,-0.242829,-0.122068,1.139066,-0.490531,-0.124824,1.278050,0.178067,-0.236009,0.020821,0.285736,0.362842,-0.015616,0.036224,-0.999344,0.011778,-0.999931,0.000000,0.431705,0.557306,-0.044463,0.000000,-0.359421,0.335589,-0.025948
18.040,-0.239900,-0.122011,1.139077,-0.486913,-0.129471,1.278464,0.183660,-0.228666,0.020505,0.273426,0.371249,-0.016062,0.055589,-0.998454,0.030876,-0.999523,0.000000,0.424519,0.564004,-0.044944,0.000000,-0.359126,0.334156,-0.022083
18.060,-0.236943,-0.121900,1.139092,-0.483186,-0.133970,1.278871,0.189001,-0.221165,0.020179,0.260647,0.378717,-0.016476,0.074625,-0.997212,0.049695,-0.998764,0.000000,0.417341,0.570672,-0.045347,0.000000,-0.358564,0.332552,-0.018228
18.080,-0.233958,-0.121735,1.139111,-0.479355,-0.138317,1.279271,0.194083,-0.213524,0.019846,0.247483,0.385246,-0.016860,0.093319,-0.995636,0.068223,-0.997670,0.000000,0.410178,0.577305,-0.045673,0.000000,-0.357734,0.330780,-0.014397
18.100,-0.230947,-0.121517,1.139134,-0.475425,-0.142510,1.279664,0.198899,-0.205761,0.019505,0.234015,0.390843,-0.017215,0.111657,-0.993747,0.086445,-0.996256,0.000000,0.403034,0.583902,-0.045923,0.000000,-0.356637,0.328841,-0.010605
18.120,-0.227909,-0.121244,1.139160,-0.471401,-0.146547,1.280051,0.203442,-0.197896,0.019157,0.220330,0.395516,-0.017543,0.129630,-0.991562,0.104351,-0.994540,0.000000,0.395914,0.590458,-0.046097,0.000000,-0.355274,0.326735,-0.006866
18.140,-0.224845,-0.120916,1.139188,-0.467289,-0.150425,1.280431,0.207711,-0.189947,0.018803,0.206510,0.399278,-0.017843,0.147227,-0.989103,0.121930,-0.992539,0.000000,0.388825,0.596970,-0.046198,0.000000,-0.353646,0.324463,-0.003192
18.160,-0.221757,-0.120534,1.139218,-0.463094,-0.154144,1.280803,0.211702,-0.181931,0.018444,0.192639,0.402146,-0.018119,0.164442,-0.986387,0.139172,-0.990268,0.000000,0.381770,0.603435,-0.046226,0.000000,-0.351752,0.322024,0.000404
18.180,-0.218644,-0.120096,1.139249,-0.458822,-0.157702,1.281168,0.215417,-0.173867,0.018079,0.178797,0.404138,-0.018372,0.181268,-0.983434,0.156071,-0.987746,0.000000,0.374756,0.609850,-0.046182,0.000000,-0.349594,0.319418,0.003909
18.200,-0.215510,-0.119603,1.139280,-0.454479,-0.161098,1.281526,0.218855,-0.165771,0.017709,0.165063,0.405279,-0.018602,0.197700,-0.980262,0.172619,-0.984988,0.000000,0.367788,0.616211,-0.046070,0.000000,-0.347174,0.316644,0.007313
18.220,-0.212353,-0.119054,1.139310,-0.450070,-0.164333,1.281877,0.222020,-0.157661,0.017335,0.151513,0.405593,-0.018812,0.213735,-0.976892,0.188811,-0.982013,0.000000,0.360871,0.622514,-0.045891,0.000000,-0.344491,0.313699,0.010604
18.240,-0.209176,-0.118449,1.139340,-0.445600,-0.167405,1.282220,0.224917,-0.149553,0.016957,0.138217,0.405109,-0.019001,0.229369,-0.973339,0.204643,-0.978837,0.000000,0.354010,0.628757,-0.045647,0.000000,-0.341548,0.310581,0.013773
18.260,-0.205980,-0.117788,1.139367,-0.441075,-0.170315,1.282555,0.227551,-0.141462,0.016575,0.125244,0.403857,-0.019173,0.244603,-0.969623,0.220111,-0.975475,0.000000,0.347211,0.634936,-0.045341,0.000000,-0.338346,0.307289,0.016810
18.280,-0.202766,-0.117070,1.139393,-0.436500,-0.173064,1.282883,0.229930,-0.133403,0.016190,0.112653,0.401871,-0.019327,0.259436,-0.965760,0.235213,-0.971944,0.000000,0.340478,0.641048,-0.044975,0.000000,-0.334886,0.303818,0.019705
18.300,-0.199535,-0.116295,1.139416,-0.431880,-0.175651,1.283203,0.232060,-0.125392,0.015802,0.100499,0.399183,-0.019465,0.273869,-0.961767,0.249948,-0.968259,0.000000,0.333817,0.647088,-0.044553,0.000000,-0.331170,0.300165,0.022451
18.320,-0.196288,-0.115463,1.139435,-0.427219,-0.178080,1.283515,0.233953,-0.117440,0.015411,0.088832,0.395832,-0.019589,0.287904,-0.957659,0.264317,-0.964436,0.000000,0.327233,0.653053,-0.044078,0.000000,-0.327200,0.296326,0.025039
18.340,-0.193026,-0.114574,1.139452,-0.422523,-0.180350,1.283819,0.235617,-0.109563,0.015018,0.077690,0.391853,-0.019699,0.301546,-0.953452,0.278319,-0.960489,0.000000,0.320731,0.658940,-0.043553,0.000000,-0.322978,0.292296,0.027463
18.360,-0.189750,-0.113628,1.139464,-0.417796,-0.182463,1.284115,0.237064,-0.101770,0.014623,0.067106,0.387285,-0.019796,0.314797,-0.949159,0.291956,-0.956432,0.000000,0.314316,0.664744,-0.042981,0.000000,-0.318506,0.288071,0.029715
18.380,-0.186461,-0.112625,1.139473,-0.413042,-0.184421,1.284404,0.238305,-0.094075,0.014227,0.057103,0.382169,-0.019881,0.327664,-0.944794,0.305232,-0.952278,0.000000,0.307992,0.670461,-0.042365,0.000000,-0.313786,0.283645,0.031790
18.400,-0.183160,-0.111565,1.139479,-0.408265,-0.186226,1.284684,0.239352,-0.086487,0.013828,0.047697,0.376543,-0.019955,0.340152,-0.940371,0.318149,-0.948041,0.000000,0.301766,0.676088,-0.041710,0.000000,-0.308822,0.279016,0.033683
18.420,-0.179847,-0.110448,1.139480,-0.403469,-0.187881,1.284957,0.240217,-0.079016,0.013429,0.038895,0.370449,-0.020019,0.352268,-0.935899,0.330712,-0.943731,0.000000,0.295641,0.681620,-0.041019,0.000000,-0.303616,0.274179,0.035390
18.440,-0.176523,-0.109273,1.139479,-0.398657,-0.189388,1.285222,0.240912,-0.071672,0.013028,0.030698,0.363928,-0.020073,0.364018,-0.931392,0.342926,-0.939362,0.000000,0.289623,0.687054,-0.040296,0.000000,-0.298172,0.269133,0.036909
18.460,-0.173187,-0.108042,1.139474,-0.393833,-0.190749,1.285478,0.241449,-0.064462,0.012626,0.023101,0.357021,-0.020118,0.375412,-0.926858,0.354796,-0.934944,0.000000,0.283716,0.692384,-0.039544,0.000000,-0.292494,0.263875,0.038238
18.480,-0.169841,-0.106754,1.139466,-0.389000,-0.191967,1.285727,0.241840,-0.057393,0.012223,0.016092,0.349769,-0.020154,0.386457,-0.922307,0.366327,-0.930486,0.000000,0.277925,0.697608,-0.038768,0.000000,-0.286585,0.258405,0.039376
18.500,-0.166484,-0.105410,1.139456,-0.384161,-0.193046,1.285967,0.242097,-0.050473,0.011820,0.009654,0.342213,-0.020183,0.397162,-0.917749,0.377526,-0.925999,0.000000,0.272254,0.702719,-0.037970,0.000000,-0.280451,0.252722,0.040323
18.520,-0.163117,-0.104010,1.139443,-0.379317,-0.193987,1.286199,0.242230,-0.043706,0.011416,0.003766,0.334394,-0.020205,0.407536,-0.913189,0.388400,-0.921491,0.000000,0.266708,0.707715,-0.037156,0.000000,-0.274095,0.246826,0.041080
18.540,-0.159739,-0.102555,1.139429,-0.374472,-0.194795,1.286424,0.242251,-0.037099,0.011011,-0.001599,0.326353,-0.020219,0.417588,-0.908637,0.398956,-0.916970,0.000000,0.261291,0.712591,-0.036329,0.000000,-0.267524,0.240719,0.041650
18.560,-0.156350,-0.101044,1.139413,-0.369628,-0.195472,1.286640,0.242169,-0.030653,0.010607,-0.006469,0.318129,-0.020226,0.427327,-0.904097,0.409201,-0.912444,0.000000,0.256008,0.717342,-0.035491,0.000000,-0.260743,0.234401,0.042035
18.580,-0.152951,-0.099479,1.139396,-0.364786,-0.196022,1.286848,0.241995,-0.024374,0.010202,-0.010878,0.309761,-0.020228,0.436764,-0.899576,0.419143,-0.907920,0.000000,0.250863,0.721965,-0.034648,0.000000,-0.253757,0.227876,0.042240
18.600,-0.149541,-0.097860,1.139378,-0.359949,-0.196448,1.287048,0.241737,-0.018264,0.009798,-0.014861,0.301286,-0.020223,0.445908,-0.895079,0.428789,-0.903404,0.000000,0.245860,0.726456,-0.033803,0.000000,-0.246573,0.221145,0.042270
18.620,-0.146120,-0.096188,1.139360,-0.355117,-0.196754,1.287240,0.241403,-0.012323,0.009394,-0.018455,0.292742,-0.020212,0.454769,-0.890610,0.438148,-0.898903,0.000000,0.241002,0.730810,-0.032959,0.000000,-0.239197,0.214213,0.042131
18.640,-0.142687,-0.094463,1.139342,-0.350293,-0.196942,1.287424,0.241001,-0.006554,0.008989,-0.021700,0.284162,-0.020196,0.463356,-0.886172,0.447226,-0.894421,0.000000,0.236293,0.735023,-0.032119,0.000000,-0.231636,0.207083,0.041830
18.660,-0.139243,-0.092687,1.139324,-0.345478,-0.197017,1.287599,0.240537,-0.000957,0.008586,-0.024636,0.275581,-0.020174,0.471678,-0.881771,0.456033,-0.889963,0.000000,0.231737,0.739092,-0.031286,0.000000,-0.223898,0.199761,0.041375
18.680,-0.135787,-0.090859,1.139306,-0.340672,-0.196982,1.287767,0.240017,0.004469,0.008183,-0.027304,0.267030,-0.020147,0.479746,-0.877407,0.464577,-0.885533,0.000000,0.227338,0.743012,-0.030465,0.000000,-0.215989,0.192253,0.040775
18.700,-0.132319,-0.088982,1.139290,-0.335877,-0.196840,1.287927,0.239447,0.009725,0.007780,-0.029743,0.258540,-0.020115,0.487568,-0.873085,0.472864,-0.881136,0.000000,0.223099,0.746781,-0.029656,0.000000,-0.207918,0.184564,0.040041
18.720,-0.128838,-0.087055,1.139275,-0.331094,-0.196594,1.288078,0.238829,0.014811,0.007378,-0.031994,0.250138,-0.020077,0.495154,-0.868805,0.480903,-0.876774,0.000000,0.219022,0.750394,-0.028864,0.000000,-0.199693,0.176701,0.039182
18.740,-0.125345,-0.085080,1.139261,-0.326324,-0.196248,1.288222,0.238168,0.019731,0.006977,-0.034095,0.241850,-0.020035,0.502512,-0.864570,0.488701,-0.872451,0.000000,0.215112,0.753848,-0.028090,0.000000,-0.191323,0.168673,0.038212
18.760,-0.121839,-0.083058,1.139249,-0.321568,-0.195806,1.288357,0.237466,0.024486,0.006577,-0.036084,0.233699,-0.019987,0.509650,-0.860382,0.496266,-0.868170,0.000000,0.211370,0.757140,-0.027336,0.000000,-0.182816,0.160487,0.037143
18.780,-0.118320,-0.080989,1.139239,-0.316826,-0.195270,1.288485,0.236725,0.029080,0.006177,-0.037996,0.225706,-0.019935,0.516578,-0.856240,0.503606,-0.863934,0.000000,0.207800,0.760266,-0.026605,0.000000,-0.174181,0.152153,0.035989
18.800,-0.114789,-0.078875,1.139230,-0.312099,-0.194644,1.288604,0.235946,0.033516,0.005779,-0.039862,0.217887,-0.019877,0.523301,-0.852148,0.510727,-0.859743,0.000000,0.204404,0.763225,-0.025897,0.000000,-0.165429,0.143679,0.034766
18.820,-0.111244,-0.076716,1.139223,-0.307388,-0.193930,1.288716,0.235131,0.037797,0.005382,-0.041711,0.210259,-0.019815,0.529828,-0.848105,0.517636,-0.855601,0.000000,0.201184,0.766013,-0.025214,0.000000,-0.156568,0.135077,0.033488
18.840,-0.107687,-0.074514,1.139219,-0.302694,-0.193133,1.288820,0.234278,0.041927,0.004987,-0.043569,0.202832,-0.019747,0.536166,-0.844113,0.524340,-0.851509,0.000000,0.198142,0.768627,-0.024558,0.000000,-0.147610,0.126357,0.032174
18.860,-0.104118,-0.072269,1.139216,-0.298018,-0.192254,1.288916,0.233388,0.045911,0.004593,-0.045455,0.195616,-0.019675,0.542320,-0.840172,0.530844,-0.847469,0.000000,0.195280,0.771066,-0.023928,0.000000,-0.138565,0.117531,0.030840
18.880,-0.100537,-0.069983,1.139215,-0.293359,-0.191297,1.289004,0.232459,0.049753,0.004200,-0.047387,0.188615,-0.019598,0.548297,-0.836284,0.537156,-0.843483,0.000000,0.192600,0.773328,-0.023324,0.000000,-0.129444,0.108610,0.029502
18.900,-0.096943,-0.067657,1.139215,-0.288719,-0.190265,1.289084,0.231492,0.053458,0.003809,-0.049376,0.181831,-0.019517,0.554102,-0.832449,0.543280,-0.839552,0.000000,0.190103,0.775410,-0.022747,0.000000,-0.120256,0.099606,0.028175
18.920,-0.093339,-0.065291,1.139218,-0.284100,-0.189160,1.289156,0.230484,0.057028,0.003419,-0.051431,0.175264,-0.019430,0.559739,-0.828669,0.549221,-0.835677,0.000000,0.187790,0.777311,-0.022197,0.000000,-0.111013,0.090530,0.026874
18.940,-0.089725,-0.062887,1.139222,-0.279500,-0.187985,1.289220,0.229434,0.060470,0.003031,-0.053556,0.168911,-0.019338,0.565215,-0.824944,0.554986,-0.831860,0.000000,0.185662,0.779031,-0.021672,0.000000,-0.101726,0.081396,0.025611
18.960,-0.086100,-0.060446,1.139227,-0.274922,-0.186742,1.289277,0.228341,0.063786,0.002646,-0.055754,0.162767,-0.019242,0.570532,-0.821276,0.560578,-0.828102,0.000000,0.183721,0.780567,-0.021172,0.000000,-0.092405,0.072214,0.024397
18.980,-0.082467,-0.057968,1.139233,-0.270367,-0.185434,1.289326,0.227203,0.066982,0.002262,-0.058023,0.156824,-0.019141,0.575694,-0.817665,0.566002,-0.824404,0.000000,0.181966,0.781919,-0.020696,0.000000,-0.083061,0.062996,0.023242
19.000,-0.078826,-0.055455,1.139240,-0.265835,-0.184063,1.289368,0.226020,0.070060,0.001880,-0.060359,0.151073,-0.019035,0.580706,-0.814113,0.571263,-0.820767,0.000000,0.180399,0.783087,-0.020242,0.000000,-0.073706,0.053755,0.022155
19.020,-0.075177,-0.052908,1.139248,-0.261326,-0.182632,1.289401,0.224789,0.073026,0.001500,-0.062756,0.145503,-0.018923,0.585571,-0.810621,0.576364,-0.817193,0.000000,0.179018,0.784069,-0.019809,0.000000,-0.064349,0.044503,0.021143
19.040,-0.071523,-0.050328,1.139256,-0.256843,-0.181143,1.289428,0.223509,0.075881,0.001123,-0.065205,0.140101,-0.018807,0.590292,-0.807190,0.581310,-0.813682,0.000000,0.177825,0.784867,-0.019396,0.000000,-0.055003,0.035251,0.020214
19.060,-0.067863,-0.047715,1.139265,-0.252386,-0.179598,1.289446,0.222180,0.078631,0.000748,-0.067696,0.134856,-0.018686,0.594871,-0.803821,0.586105,-0.810235,0.000000,0.176818,0.785479,-0.019000,0.000000,-0.045678,0.026013,0.019372
19.080,-0.064200,-0.045072,1.139274,-0.247957,-0.177999,1.289458,0.220801,0.081277,0.000376,-0.070217,0.129751,-0.018560,0.599312,-0.800516,0.590752,-0.806853,0.000000,0.175997,0.785907,-0.018620,0.000000,-0.036386,0.016800,0.018621
19.100,-0.060534,-0.042397,1.139284,-0.243555,-0.176347,1.289461,0.219371,0.083822,0.000006,-0.072755,0.124773,-0.018428,0.603617,-0.797275,0.595255,-0.803537,0.000000,0.175362,0.786152,-0.018255,0.000000,-0.027137,0.007625,0.017965
19.120,-0.056867,-0.039694,1.139293,-0.239182,-0.174646,1.289458,0.217891,0.086268,-0.000361,-0.075295,0.119905,-0.018290,0.607788,-0.794099,0.599616,-0.800287,0.000000,0.174911,0.786213,-0.017901,0.000000,-0.017943,-0.001500,0.017403
19.140,-0.053199,-0.036963,1.139301,-0.234839,-0.172897,1.289447,0.216360,0.088618,-0.000726,-0.077824,0.115132,-0.018147,0.611828,-0.790991,0.603841,-0.797105,0.000000,0.174644,0.786092,-0.017558,0.000000,-0.008816,-0.010561,0.016937
19.160,-0.049533,-0.034204,1.139310,-0.230528,-0.171102,1.289429,0.214778,0.090874,-0.001087,-0.080324,0.110439,-0.017998,0.615739,-0.787950,0.607930,-0.793991,0.000000,0.174558,0.785791,-0.017223,0.000000,0.000234,-0.019546,0.016566
19.180,-0.045869,-0.031419,1.139318,-0.226249,-0.169263,1.289404,0.213147,0.093036,-0.001446,-0.082782,0.105809,-0.017843,0.619523,-0.784978,0.611888,-0.790944,0.000000,0.174653,0.785311,-0.016895,0.000000,0.009195,-0.028444,0.016288
19.200,-0.042209,-0.028609,1.139325,-0.222002,-0.167381,1.289371,0.211467,0.095107,-0.001801,-0.085181,0.101228,-0.017682,0.623183,-0.782076,0.615718,-0.787967,0.000000,0.174925,0.784654,-0.016571,0.000000,0.018055,-0.037239,0.016098
19.220,-0.038555,-0.025774,1.139332,-0.217790,-0.165459,1.289331,0.209740,0.097086,-0.002153,-0.087507,0.096680,-0.017514,0.626719,-0.779245,0.619422,-0.785058,0.000000,0.175374,0.783822,-0.016250,0.000000,0.026802,-0.045921,0.015993
19.240,-0.034906,-0.022917,1.139338,-0.213613,-0.163499,1.289285,0.207968,0.098974,-0.002501,-0.089744,0.092154,-0.017338,0.630136,-0.776485,0.623003,-0.782219,0.000000,0.175997,0.782818,-0.015931,0.000000,0.035426,-0.054475,0.015967
19.260,-0.031266,-0.020039,1.139343,-0.209472,-0.161501,1.289231,0.206151,0.100772,-0.002846,-0.091881,0.087636,-0.017155,0.633433,-0.773797,0.626465,-0.779450,0.000000,0.176790,0.781644,-0.015611,0.000000,0.043915,-0.062889,0.016011
19.280,-0.027635,-0.017140,1.139348,-0.205367,-0.159468,1.289171,0.204293,0.102479,-0.003188,-0.093904,0.083115,-0.016965,0.636615,-0.771182,0.629809,-0.776750,0.000000,0.177752,0.780303,-0.015290,0.000000,0.052256,-0.071150,0.016119
19.300,-0.024014,-0.014221,1.139352,-0.201300,-0.157402,1.289104,0.202396,0.104096,-0.003525,-0.095803,0.078582,-0.016766,0.639682,-0.768639,0.633039,-0.774120,0.000000,0.178880,0.778799,-0.014966,0.000000,0.060438,-0.079244,0.016281
19.320,-0.020405,-0.011285,1.139355,-0.197272,-0.155305,1.289030,0.200462,0.105623,-0.003858,-0.097569,0.074028,-0.016558,0.642638,-0.766170,0.636158,-0.771559,0.000000,0.180169,0.777135,-0.014638,0.000000,0.068449,-0.087158,0.016485
19.340,-0.016808,-0.008332,1.139357,-0.193282,-0.153178,1.288950,0.198494,0.107057,-0.004187,-0.099195,0.069449,-0.016340,0.645484,-0.763774,0.639168,-0.769067,0.000000,0.181616,0.775314,-0.014306,0.000000,0.076277,-0.094879,0.016720
19.360,-0.013226,-0.005364,1.139358,-0.189332,-0.151023,1.288863,0.196495,0.108400,-0.004512,-0.100677,0.064841,-0.016113,0.648223,-0.761450,0.642071,-0.766645,0.000000,0.183219,0.773341,-0.013969,0.000000,0.083912,-0.102394,0.016973
19.380,-0.009659,-0.002382,1.139358,-0.185423,-0.148843,1.288769,0.194468,0.109651,-0.004832,-0.102012,0.060203,-0.015875,0.650858,-0.759199,0.644872,-0.764291,0.000000,0.184971,0.771220,-0.013627,0.000000,0.091340,-0.109691,0.017233
19.400,-0.006108,0.000611,1.139358,-0.181554,-0.146638,1.288669,0.192416,0.110808,-0.005147,-0.103200,0.055535,-0.015625,0.653392,-0.757020,0.647572,-0.762004,0.000000,0.186871,0.768955,-0.013280,0.000000,0.098554,-0.116757,0.017490
19.420,-0.002575,0.003616,1.139357,-0.177726,-0.144411,1.288563,0.190341,0.111872,-0.005456,-0.104243,0.050839,-0.015364,0.655826,-0.754912,0.650174,-0.759785,0.000000,0.188912,0.766551,-0.012928,0.000000,0.105542,-0.123584,0.017734
19.440,0.000940,0.006629,1.139356,-0.173940,-0.142164,1.288451,0.188247,0.112842,-0.005761,-0.105144,0.046120,-0.015089,0.658165,-0.752874,0.652681,-0.757633,0.000000,0.191091,0.764013,-0.012571,0.000000,0.112297,-0.130161,0.017955
19.460,0.004436,0.009650,1.139354,-0.170196,-0.139898,1.288333,0.186136,0.113717,-0.006060,-0.105907,0.041384,-0.014801,0.660411,-0.750904,0.655096,-0.755546,0.000000,0.193402,0.761346,-0.012210,0.000000,0.118810,-0.136480,0.018147
19.480,0.007912,0.012677,1.139352,-0.166495,-0.137616,1.288209,0.184011,0.114497,-0.006353,-0.106540,0.036636,-0.014499,0.662567,-0.749003,0.657421,-0.753524,0.000000,0.195842,0.758556,-0.011845,0.000000,0.125074,-0.142532,0.018302
19.500,0.011366,0.015708,1.139349,-0.162836,-0.135319,1.288079,0.181875,0.115182,-0.006640,-0.107050,0.031886,-0.014182,0.664635,-0.747168,0.659659,-0.751565,0.000000,0.198404,0.755647,-0.011478,0.000000,0.131083,-0.148311,0.018413
19.520,0.014798,0.018740,1.139346,-0.159220,-0.133009,1.287943,0.179730,0.115772,-0.006920,-0.107445,0.027142,-0.013850,0.666620,-0.745398,0.661813,-0.749669,0.000000,0.201083,0.752625,-0.011109,0.000000,0.136830,-0.153811,0.018477
19.540,0.018208,0.021774,1.139342,-0.155647,-0.130689,1.287802,0.177578,0.116268,-0.007194,-0.107735,0.022415,-0.013501,0.668524,-0.743691,0.663886,-0.747834,0.000000,0.203875,0.749496,-0.010739,0.000000,0.142311,-0.159026,0.018487
19.560,0.021594,0.024806,1.139339,-0.152117,-0.128359,1.287656,0.175421,0.116669,-0.007460,-0.107930,0.017714,-0.013136,0.670349,-0.742046,0.665879,-0.746060,0.000000,0.206774,0.746266,-0.010370,0.000000,0.147521,-0.163951,0.018442
19.580,0.024955,0.027835,1.139335,-0.148630,-0.126022,1.287504,0.173262,0.116977,-0.007719,-0.108042,0.013052,-0.012754,0.672100,-0.740460,0.667796,-0.744344,0.000000,0.209774,0.742940,-0.010002,0.000000,0.152457,-0.168584,0.018337
19.600,0.028292,0.030859,1.139331,-0.145186,-0.123681,1.287347,0.171100,0.117192,-0.007970,-0.108081,0.008439,-0.012354,0.673779,-0.738933,0.669639,-0.742687,0.000000,0.212870,0.739525,-0.009637,0.000000,0.157115,-0.172922,0.018172
19.620,0.031602,0.033877,1.139327,-0.141786,-0.121335,1.287185,0.168939,0.117315,-0.008213,-0.108059,0.003888,-0.011936,0.675389,-0.737462,0.671411,-0.741086,0.000000,0.216057,0.736025,-0.009275,0.000000,0.161493,-0.176962,0.017946
19.640,0.034886,0.036886,1.139323,-0.138429,-0.118989,1.287018,0.166778,0.117348,-0.008447,-0.107989,-0.000589,-0.011499,0.676932,-0.736045,0.673113,-0.739540,0.000000,0.219328,0.732448,-0.008919,0.000000,0.165590,-0.180703,0.017658
19.660,0.038143,0.039884,1.139319,-0.135115,-0.116642,1.286847,0.164619,0.117292,-0.008673,-0.107882,-0.004981,-0.011045,0.678412,-0.734681,0.674749,-0.738047,0.000000,0.222678,0.728799,-0.008570,0.000000,0.169405,-0.184147,0.017310
19.680,0.041372,0.042871,1.139315,-0.131844,-0.114297,1.286672,0.162463,0.117149,-0.008889,-0.107749,-0.009277,-0.010572,0.679832,-0.733368,0.676320,-0.736608,0.000000,0.226102,0.725084,-0.008227,0.000000,0.172938,-0.187293,0.016904
19.700,0.044572,0.045844,1.139311,-0.128616,-0.111957,1.286492,0.160310,0.116921,-0.009096,-0.107602,-0.013464,-0.010080,0.681194,-0.732103,0.677829,-0.735219,0.000000,0.229594,0.721309,-0.007894,0.000000,0.176189,-0.190142,0.016441
19.720,0.047744,0.048802,1.139308,-0.125432,-0.109621,1.286308,0.158159,0.116611,-0.009292,-0.107452,-0.017533,-0.009570,0.682500,-0.730885,0.679278,-0.733881,0.000000,0.233148,0.717481,-0.007570,0.000000,0.179160,-0.192698,0.015927
19.740,0.050885,0.051742,1.139304,-0.122290,-0.107293,1.286120,0.156011,0.116221,-0.009478,-0.107308,-0.021474,-0.009042,0.683754,-0.729712,0.680670,-0.732590,0.000000,0.236759,0.713603,-0.007257,0.000000,0.181854,-0.194963,0.015364
19.760,0.053997,0.054664,1.139301,-0.119191,-0.104973,1.285929,0.153867,0.115753,-0.009654,-0.107179,-0.025277,-0.008497,0.684958,-0.728583,0.682005,-0.731347,0.000000,0.240420,0.709684,-0.006956,0.000000,0.184272,-0.196943,0.014759
19.780,0.057077,0.057566,1.139298,-0.116135,-0.102663,1.285734,0.151724,0.115211,-0.009818,-0.107075,-0.028935,-0.007935,0.686113,-0.727495,0.683287,-0.730150,0.000000,0.244128,0.705728,-0.006667,0.000000,0.186418,-0.198641,0.014118
19.800,0.060126,0.060446,1.139295,-0.113122,-0.100365,1.285536,0.149583,0.114597,-0.009971,-0.107001,-0.032442,-0.007356,0.687223,-0.726447,0.684517,-0.728997,0.000000,0.247875,0.701740,-0.006391,0.000000,0.188298,-0.200063,0.013448
19.820,0.063143,0.063303,1.139293,-0.110152,-0.098080,1.285335,0.147444,0.113914,-0.010112,-0.106964,-0.035790,-0.006763,0.688288,-0.725438,0.685696,-0.727888,0.000000,0.251658,0.697727,-0.006129,0.000000,0.189914,-0.201218,0.012757
19.840,0.066126,0.066135,1.139291,-0.107224,-0.095809,1.285132,0.145305,0.113166,-0.010241,-0.106968,-0.038978,-0.006156,0.689311,-0.724465,0.686827,-0.726821,0.000000,0.255470,0.693693,-0.005881,0.000000,0.191275,-0.202111,0.012054
19.860,0.069077,0.068942,1.139289,-0.104340,-0.093553,1.284926,0.143165,0.112356,-0.010358,-0.107016,-0.042003,-0.005535,0.690294,-0.723529,0.687912,-0.725794,0.000000,0.259307,0.689644,-0.005647,0.000000,0.192384,-0.202751,0.011347
19.880,0.071993,0.071721,1.139287,-0.101498,-0.091315,1.284717,0.141024,0.111487,-0.010463,-0.107108,-0.044863,-0.004904,0.691239,-0.722627,0.688951,-0.724808,0.000000,0.263164,0.685585,-0.005427,0.000000,0.193249,-0.203145,0.010645
19.900,0.074875,0.074472,1.139286,-0.098699,-0.089094,1.284507,0.138880,0.110563,-0.010555,-0.107245,-0.047560,-0.004263,0.692145,-0.721758,0.689947,-0.723860,0.000000,0.267036,0.681520,-0.005221,0.000000,0.193876,-0.203302,0.009955
19.920,0.077722,0.077194,1.139285,-0.095943,-0.086893,1.284295,0.136734,0.109586,-0.010633,-0.107424,-0.050095,-0.003615,0.693016,-0.720922,0.690901,-0.722949,0.000000,0.270917,0.677454,-0.005029,0.000000,0.194270,-0.203229,0.009284
19.940,0.080533,0.079885,1.139284,-0.093229,-0.084711,1.284082,0.134583,0.108560,-0.010699,-0.107644,-0.052472,-0.002961,0.693851,-0.720118,0.691814,-0.722076,0.000000,0.274805,0.673392,-0.004850,0.000000,0.194438,-0.202933,0.008638
19.960,0.083307,0.082545,1.139284,-0.090559,-0.082551,1.283868,0.132428,0.107488,-0.010752,-0.107901,-0.054695,-0.002302,0.694653,-0.719345,0.692687,-0.721238,0.000000,0.278693,0.669338,-0.004683,0.000000,0.194387,-0.202423,0.008023
19.980,0.086044,0.085172,1.139284,-0.087932,-0.080412,1.283652,0.130267,0.106373,-0.010791,-0.108191,-0.056768,-0.001642,0.695422,-0.718602,0.693522,-0.720435,0.000000,0.282579,0.665297,-0.004528,0.000000,0.194123,-0.201705,0.007444
20.000,0.088743,0.087766,1.139284,-0.085349,-0.078296,1.283436,0.128100,0.105218,-0.010817,-0.108506,-0.058698,-0.000983,0.696158,-0.717888,0.694321,-0.719666,0.000000,0.286457,0.661271,-0.004385,0.000000,0.193652,-0.200786,0.006904
20.020,0.091404,0.090326,1.139285,-0.082808,-0.076203,1.283219,0.125926,0.104026,-0.010830,-0.108842,-0.060492,-0.000326,0.696864,-0.717204,0.695083,-0.718929,0.000000,0.290324,0.657267,-0.004252,0.000000,0.192982,-0.199675,0.006408
20.040,0.094027,0.092852,1.139285,-0.080312,-0.074135,1.283003,0.123746,0.102800,-0.010830,-0.109192,-0.062157,0.000326,0.697538,-0.716548,0.695811,-0.718225,0.000000,0.294175,0.653286,-0.004128,0.000000,0.192118,-0.198378,0.005958
20.060,0.096609,0.095341,1.139286,-0.077859,-0.072092,1.282786,0.121559,0.101541,-0.010817,-0.109548,-0.063700,0.000971,0.698183,-0.715919,0.696505,-0.717552,0.000000,0.298007,0.649333,-0.004013,0.000000,0.191068,-0.196903,0.005557
20.080,0.099152,0.097795,1.139287,-0.075449,-0.070074,1.282570,0.119364,0.100252,-0.010792,-0.109903,-0.065129,0.001607,0.698798,-0.715319,0.697166,-0.716910,0.000000,0.301817,0.645411,-0.003906,0.000000,0.189838,-0.195256,0.005206
20.100,0.101654,0.100212,1.139289,-0.073084,-0.068082,1.282355,0.117162,0.098936,-0.010753,-0.110248,-0.066453,0.002231,0.699385,-0.714745,0.697796,-0.716297,0.000000,0.305600,0.641523,-0.003805,0.000000,0.188436,-0.193445,0.004906
20.120,0.104115,0.102592,1.139290,-0.070763,-0.066116,1.282140,0.114954,0.097595,-0.010703,-0.110576,-0.067681,0.002842,0.699943,-0.714199,0.698394,-0.715713,0.000000,0.309353,0.637674,-0.003709,0.000000,0.186868,-0.191477,0.004659
20.140,0.106534,0.104934,1.139292,-0.068486,-0.064178,1.281927,0.112740,0.096230,-0.010640,-0.110877,-0.068821,0.003438,0.700473,-0.713679,0.698964,-0.715157,0.000000,0.313073,0.633865,-0.003618,0.000000,0.185142,-0.189358,0.004463
20.160,0.108911,0.107238,1.139294,-0.066253,-0.062267,1.281715,0.110519,0.094842,-0.010565,-0.111144,-0.069881,0.004015,0.700976,-0.713185,0.699504,-0.714629,0.000000,0.316758,0.630101,-0.003530,0.000000,0.183264,-0.187095,0.004317
20.180,0.111245,0.109504,1.139296,-0.064065,-0.060385,1.281504,0.108294,0.093435,-0.010479,-0.111368,-0.070870,0.004574,0.701453,-0.712716,0.700016,-0.714127,0.000000,0.320403,0.626382,-0.003445,0.000000,0.181242,-0.184696,0.004221
20.200,0.113536,0.111730,1.139299,-0.061922,-0.058530,1.281296,0.106065,0.092008,-0.010382,-0.111542,-0.071795,0.005111,0.701902,-0.712273,0.700502,-0.713651,0.000000,0.324006,0.622714,-0.003361,0.000000,0.179083,-0.182166,0.004171
20.220,0.115784,0.113918,1.139301,-0.059823,-0.056704,1.281089,0.103833,0.090563,-0.010275,-0.111658,-0.072664,0.005625,0.702326,-0.711855,0.700961,-0.713200,0.000000,0.327565,0.619097,-0.003278,0.000000,0.176795,-0.179513,0.004165
20.240,0.117988,0.116065,1.139304,-0.057768,-0.054908,1.280885,0.101599,0.089102,-0.010157,-0.111708,-0.073484,0.006115,0.702725,-0.711462,0.701395,-0.712773,0.000000,0.331077,0.615534,-0.003194,0.000000,0.174385,-0.176743,0.004200
20.260,0.120147,0.118173,1.139306,-0.055759,-0.053140,1.280683,0.099365,0.087624,-0.010030,-0.111687,-0.074262,0.006580,0.703098,-0.711093,0.701804,-0.712370,0.000000,0.334540,0.612028,-0.003110,0.000000,0.171860,-0.173863,0.004271
20.280,0.122263,0.120241,1.139309,-0.053794,-0.051403,1.280483,0.097132,0.086132,-0.009894,-0.111589,-0.075002,0.007018,0.703447,-0.710748,0.702189,-0.711991,0.000000,0.337951,0.608580,-0.003023,0.000000,0.169228,-0.170878,0.004373
20.300,0.124333,0.122268,1.139311,-0.051873,-0.049695,1.280287,0.094902,0.084624,-0.009750,-0.111407,-0.075709,0.007429,0.703772,-0.710426,0.702552,-0.711633,0.000000,0.341308,0.605193,-0.002935,0.000000,0.166497,-0.167795,0.004501
20.320,0.126359,0.124255,1.139314,-0.049998,-0.048018,1.280094,0.092676,0.083103,-0.009598,-0.111139,-0.076387,0.007811,0.704074,-0.710126,0.702892,-0.711297,0.000000,0.344610,0.601869,-0.002843,0.000000,0.163675,-0.164621,0.004650
20.340,0.128340,0.126201,1.139317,-0.048166,-0.046371,1.279903,0.090457,0.081569,-0.009438,-0.110780,-0.077038,0.008165,0.704354,-0.709849,0.703211,-0.710981,0.000000,0.347855,0.598609,-0.002748,0.000000,0.160770,-0.161362,0.004812
20.360,0.130275,0.128106,1.139319,-0.046379,-0.044755,1.279716,0.088246,0.080022,-0.009271,-0.110330,-0.077664,0.008491,0.704612,-0.709593,0.703510,-0.710685,0.000000,0.351041,0.595415,-0.002651,0.000000,0.157788,-0.158024,0.004981
20.380,0.132165,0.129970,1.139322,-0.044636,-0.043170,1.279532,0.086045,0.078463,-0.009098,-0.109785,-0.078264,0.008788,0.704849,-0.709358,0.703789,-0.710409,0.000000,0.354166,0.592288,-0.002549,0.000000,0.154738,-0.154613,0.005151
20.400,0.134010,0.131793,1.139324,-0.042937,-0.041617,1.279352,0.083855,0.076892,-0.008920,-0.109147,-0.078839,0.009057,0.705066,-0.709142,0.704050,-0.710150,0.000000,0.357230,0.589231,-0.002445,0.000000,0.151627,-0.151135,0.005316
20.420,0.135810,0.133575,1.139326,-0.041282,-0.040095,1.279176,0.081679,0.075309,-0.008736,-0.108415,-0.079387,0.009298,0.705263,-0.708946,0.704293,-0.709910,0.000000,0.360231,0.586243,-0.002337,0.000000,0.148461,-0.147597,0.005473
20.440,0.137565,0.135315,1.139328,-0.039670,-0.038605,1.279003,0.079519,0.073716,-0.008548,-0.107592,-0.079905,0.009513,0.705443,-0.708767,0.704518,-0.709686,0.000000,0.363168,0.583327,-0.002226,0.000000,0.145248,-0.144004,0.005615
20.460,0.139274,0.137014,1.139330,-0.038101,-0.037146,1.278834,0.077376,0.072113,-0.008356,-0.106678,-0.080390,0.009701,0.705605,-0.708606,0.704728,-0.709478,0.000000,0.366040,0.580484,-0.002112,0.000000,0.141995,-0.140362,0.005740
20.480,0.140939,0.138671,1.139332,-0.036575,-0.035720,1.278669,0.075252,0.070501,-0.008160,-0.105678,-0.080838,0.009865,0.705751,-0.708460,0.704922,-0.709285,0.000000,0.368847,0.577713,-0.001996,0.000000,0.138706,-0.136678,0.005843
20.500,0.142559,0.140286,1.139333,-0.035091,-0.034326,1.278507,0.073150,0.068880,-0.007961,-0.104593,-0.081246,0.010004,0.705881,-0.708330,0.705102,-0.709106,0.000000,0.371588,0.575017,-0.001879,0.000000,0.135390,-0.132957,0.005922
20.520,0.144134,0.141860,1.139335,-0.033649,-0.032965,1.278350,0.071069,0.067252,-0.007760,-0.103429,-0.081608,0.010121,0.705998,-0.708214,0.705268,-0.708941,0.000000,0.374263,0.572395,-0.001760,0.000000,0.132051,-0.129206,0.005974
20.540,0.145665,0.143393,1.139336,-0.032248,-0.031636,1.278197,0.069013,0.065616,-0.007557,-0.102188,-0.081920,0.010217,0.706101,-0.708111,0.705421,-0.708788,0.000000,0.376870,0.569849,-0.001640,0.000000,0.128695,-0.125430,0.005997
20.560,0.147153,0.144884,1.139336,-0.030888,-0.030340,1.278048,0.066982,0.063975,-0.007352,-0.100877,-0.082177,0.010292,0.706192,-0.708020,0.705562,-0.708648,0.000000,0.379410,0.567378,-0.001520,0.000000,0.125328,-0.121635,0.005988
20.580,0.148597,0.146334,1.139337,-0.029569,-0.029077,1.277903,0.064978,0.062330,-0.007145,-0.099499,-0.082373,0.010349,0.706272,-0.707941,0.705692,-0.708519,0.000000,0.381883,0.564983,-0.001400,0.000000,0.121955,-0.117827,0.005948
20.600,0.149997,0.147742,1.139337,-0.028289,-0.027847,1.277762,0.063003,0.060681,-0.006938,-0.098061,-0.082503,0.010389,0.706342,-0.707871,0.705811,-0.708400,0.000000,0.384289,0.562665,-0.001282,0.000000,0.118582,-0.114012,0.005874
20.620,0.151356,0.149110,1.139336,-0.027048,-0.026650,1.277625,0.061056,0.059030,-0.006730,-0.096568,-0.082562,0.010413,0.706403,-0.707810,0.705920,-0.708291,0.000000,0.386627,0.560423,-0.001166,0.000000,0.115212,-0.110196,0.005767
20.640,0.152672,0.150436,1.139336,-0.025846,-0.025486,1.277493,0.059140,0.057379,-0.006521,-0.095026,-0.082544,0.010423,0.706455,-0.707758,0.706020,-0.708192,0.000000,0.388897,0.558257,-0.001052,0.000000,0.111851,-0.106385,0.005628
20.660,0.153946,0.151722,1.139335,-0.024682,-0.024355,1.277365,0.057256,0.055729,-0.006313,-0.093440,-0.082445,0.010421,0.706501,-0.707712,0.706112,-0.708100,0.000000,0.391101,0.556167,-0.000941,0.000000,0.108504,-0.102583,0.005456
20.680,0.155179,0.152967,1.139334,-0.023556,-0.023257,1.277240,0.055403,0.054081,-0.006105,-0.091816,-0.082259,0.010406,0.706541,-0.707672,0.706196,-0.708016,0.000000,0.393238,0.554154,-0.000834,0.000000,0.105173,-0.098798,0.005253
20.700,0.156372,0.154172,1.139332,-0.022466,-0.022192,1.277120,0.053583,0.052439,-0.005897,-0.090161,-0.081982,0.010382,0.706575,-0.707638,0.706273,-0.707939,0.000000,0.395308,0.552215,-0.000731,0.000000,0.101864,-0.095035,0.005020
20.720,0.157524,0.155337,1.139330,-0.021412,-0.021159,1.277004,0.051797,0.050803,-0.005689,-0.088479,-0.081612,0.010348,0.706605,-0.707608,0.706344,-0.707869,0.000000,0.397312,0.550352,-0.000633,0.000000,0.098580,-0.091299,0.004760
20.740,0.158638,0.156462,1.139328,-0.020394,-0.020159,1.276893,0.050044,0.049175,-0.005483,-0.086777,-0.081144,0.010307,0.706631,-0.707582,0.706408,-0.707805,0.000000,0.399251,0.548563,-0.000541,0.000000,0.095324,-0.087596,0.004474
20.760,0.159712,0.157548,1.139326,-0.019410,-0.019192,1.276785,0.048326,0.047558,-0.005277,-0.085059,-0.080576,0.010258,0.706654,-0.707559,0.706467,-0.707746,0.000000,0.401125,0.546848,-0.000454,0.000000,0.092101,-0.083931,0.004167
20.780,0.160749,0.158596,1.139323,-0.018461,-0.018257,1.276682,0.046642,0.045953,-0.005073,-0.083331,-0.079906,0.010204,0.706676,-0.707538,0.706522,-0.707691,0.000000,0.402935,0.545206,-0.000374,0.000000,0.088912,-0.080311,0.003841
20.800,0.161747,0.159605,1.139320,-0.017544,-0.017354,1.276582,0.044993,0.044362,-0.004869,-0.081597,-0.079134,0.010144,0.706695,-0.707518,0.706572,-0.707641,0.000000,0.404682,0.543635,-0.000301,0.000000,0.085762,-0.076740,0.003501
20.820,0.162710,0.160576,1.139317,-0.016661,-0.016482,1.276487,0.043378,0.042788,-0.004667,-0.079862,-0.078260,0.010079,0.706714,-0.707499,0.706618,-0.707595,0.000000,0.406366,0.542136,-0.000234,0.000000,0.082652,-0.073225,0.003151
20.840,0.163636,0.161511,1.139314,-0.015809,-0.015642,1.276396,0.041798,0.041232,-0.004466,-0.078129,-0.077284,0.010009,0.706732,-0.707481,0.706661,-0.707553,0.000000,0.407989,0.540706,-0.000175,0.000000,0.079585,-0.069771,0.002795
20.860,0.164527,0.162409,1.139311,-0.014989,-0.014833,1.276308,0.040253,0.039697,-0.004266,-0.076403,-0.076210,0.009934,0.706750,-0.707463,0.706700,-0.707513,0.000000,0.409550,0.539344,-0.000122,0.000000,0.076564,-0.066382,0.002438
20.880,0.165383,0.163271,1.139307,-0.014199,-0.014054,1.276225,0.038742,0.038185,-0.004069,-0.074684,-0.075039,0.009854,0.706768,-0.707445,0.706737,-0.707476,0.000000,0.411051,0.538050,-0.000077,0.000000,0.073591,-0.063064,0.002085
20.900,0.166205,0.164097,1.139303,-0.013439,-0.013305,1.276145,0.037265,0.036696,-0.003872,-0.072977,-0.073777,0.009769,0.706786,-0.707427,0.706771,-0.707442,0.000000,0.412494,0.536821,-0.000039,0.000000,0.070668,-0.059820,0.001738
20.920,0.166995,0.164889,1.139300,-0.012708,-0.012586,1.276070,0.035823,0.035234,-0.003678,-0.071283,-0.072427,0.009679,0.706805,-0.707408,0.706803,-0.707410,0.000000,0.413878,0.535657,-0.000008,0.000000,0.067796,-0.056655,0.001402
20.940,0.167751,0.165647,1.139296,-0.012006,-0.011896,1.275998,0.034414,0.033800,-0.003485,-0.069603,-0.070995,0.009583,0.706825,-0.707388,0.706833,-0.707381,0.000000,0.415206,0.534555,0.000017,0.000000,0.064979,-0.053573,0.001080
20.960,0.168477,0.166373,1.139293,-0.011331,-0.011234,1.275931,0.033038,0.032395,-0.003295,-0.067940,-0.069488,0.009479,0.706845,-0.707368,0.706861,-0.707353,0.000000,0.416478,0.533513,0.000036,0.000000,0.062217,-0.050575,0.000774
20.980,0.169171,0.167066,1.139290,-0.010684,-0.010600,1.275867,0.031696,0.031021,-0.003106,-0.066293,-0.067912,0.009368,0.706866,-0.707347,0.706887,-0.707327,0.000000,0.417695,0.532531,0.000048,0.000000,0.059512,-0.047666,0.000487
21.000,0.169836,0.167727,1.139287,-0.010063,-0.009993,1.275806,0.030387,0.029679,-0.002920,-0.064664,-0.066275,0.009249,0.706888,-0.707325,0.706912,-0.707302,0.000000,0.418859,0.531606,0.000055,0.000000,0.056865,-0.044847,0.000222
21.020,0.170471,0.168358,1.139284,-0.009468,-0.009412,1.275750,0.029109,0.028370,-0.002736,-0.063053,-0.064583,0.009121,0.706911,-0.707303,0.706935,-0.707279,0.000000,0.419970,0.530736,0.000057,0.000000,0.054279,-0.042121,-0.000021
21.040,0.171078,0.168959,1.139281,-0.008899,-0.008858,1.275697,0.027864,0.027096,-0.002555,-0.061460,-0.062844,0.008983,0.706934,-0.707280,0.706956,-0.707257,0.000000,0.421030,0.529921,0.000055,0.000000,0.051754,-0.039488,-0.000239
21.060,0.171657,0.169531,1.139279,-0.008353,-0.008328,1.275648,0.026651,0.025857,-0.002377,-0.059885,-0.061066,0.008834,0.706957,-0.707257,0.706977,-0.707237,0.000000,0.422041,0.529156,0.000048,0.000000,0.049292,-0.036951,-0.000431
21.080,0.172209,0.170075,1.139277,-0.007832,-0.007823,1.275602,0.025469,0.024653,-0.002202,-0.058328,-0.059259,0.008673,0.706980,-0.707233,0.706996,-0.707217,0.000000,0.423003,0.528442,0.000038,0.000000,0.046893,-0.034510,-0.000596
21.100,0.172735,0.170592,1.139276,-0.007334,-0.007342,1.275559,0.024318,0.023486,-0.002030,-0.056788,-0.057429,0.008500,0.707004,-0.707210,0.707014,-0.707199,0.000000,0.423917,0.527775,0.000024,0.000000,0.044558,-0.032165,-0.000735
21.120,0.173235,0.171083,1.139275,-0.006859,-0.006884,1.275520,0.023197,0.022356,-0.001862,-0.055265,-0.055584,0.008313,0.707027,-0.707186,0.707031,-0.707183,0.000000,0.424785,0.527155,0.000008,0.000000,0.042289,-0.029917,-0.000845
21.140,0.173711,0.171549,1.139274,-0.006406,-0.006448,1.275485,0.022107,0.021263,-0.001698,-0.053758,-0.053734,0.008113,0.707050,-0.707163,0.707046,-0.707167,0.000000,0.425609,0.526578,-0.000009,0.000000,0.040085,-0.027765,-0.000929
21.160,0.174163,0.171990,1.139274,-0.005975,-0.006033,1.275453,0.021047,0.020207,-0.001538,-0.052266,-0.051886,0.007898,0.707073,-0.707141,0.707061,-0.707153,0.000000,0.426389,0.526043,-0.000028,0.000000,0.037947,-0.025708,-0.000985
21.180,0.174591,0.172407,1.139275,-0.005564,-0.005639,1.275423,0.020016,0.019188,-0.001382,-0.050789,-0.050046,0.007669,0.707094,-0.707120,0.707074,-0.707140,0.000000,0.427127,0.525549,-0.000049,0.000000,0.035876,-0.023746,-0.001015
21.200,0.174997,0.172802,1.139276,-0.005174,-0.005265,1.275397,0.019015,0.018205,-0.001231,-0.049325,-0.048224,0.007424,0.707114,-0.707099,0.707086,-0.707127,0.000000,0.427825,0.525093,-0.000069,0.000000,0.033872,-0.021877,-0.001020
21.220,0.175381,0.173175,1.139277,-0.004803,-0.004911,1.275374,0.018043,0.017258,-0.001085,-0.047874,-0.046424,0.007164,0.707134,-0.707080,0.707097,-0.707117,0.000000,0.428483,0.524673,-0.000089,0.000000,0.031936,-0.020098,-0.001001
21.240,0.175744,0.173527,1.139280,-0.004452,-0.004575,1.275354,0.017100,0.016348,-0.000944,-0.046435,-0.044654,0.006888,0.707151,-0.707062,0.707107,-0.707107,0.000000,0.429102,0.524288,-0.000109,0.000000,0.030066,-0.018409,-0.000961
21.260,0.176087,0.173860,1.139282,-0.004119,-0.004256,1.275336,0.016186,0.015472,-0.000810,-0.045007,-0.042920,0.006598,0.707167,-0.707046,0.707115,-0.707099,0.000000,0.429686,0.523936,-0.000127,0.000000,0.028263,-0.016805,-0.000900
21.280,0.176411,0.174172,1.139286,-0.003804,-0.003955,1.275321,0.015300,0.014631,-0.000681,-0.043589,-0.041225,0.006292,0.707182,-0.707032,0.707122,-0.707091,0.000000,0.430233,0.523616,-0.000145,0.000000,0.026527,-0.015285,-0.000821
21.300,0.176715,0.174466,1.139289,-0.003507,-0.003671,1.275309,0.014442,0.013823,-0.000558,-0.042181,-0.039575,0.005973,0.707194,-0.707019,0.707128,-0.707085,0.000000,0.430747,0.523325,-0.000160,0.000000,0.024858,-0.013844,-0.000728
21.320,0.177001,0.174743,1.139293,-0.003227,-0.003402,1.275299,0.013612,0.013047,-0.000442,-0.040781,-0.037972,0.005641,0.707205,-0.707009,0.707133,-0.707080,0.000000,0.431228,0.523061,-0.000174,0.000000,0.023254,-0.012479,-0.000623
21.340,0.177269,0.175003,1.139298,-0.002962,-0.003149,1.275291,0.012811,0.012304,-0.000332,-0.039391,-0.036419,0.005297,0.707213,-0.707001,0.707137,-0.707077,0.000000,0.431678,0.522825,-0.000185,0.000000,0.021716,-0.011186,-0.000509
21.360,0.177520,0.175246,1.139303,-0.002714,-0.002910,1.275286,0.012037,0.011590,-0.000230,-0.038009,-0.034918,0.004942,0.707219,-0.706994,0.707140,-0.707074,0.000000,0.432097,0.522614,-0.000194,0.000000,0.020243,-0.009961,-0.000389
21.380,0.177755,0.175474,1.139308,-0.002481,-0.002685,1.275282,0.011290,0.010906,-0.000135,-0.036635,-0.033470,0.004579,0.707223,-0.706990,0.707141,-0.707072,0.000000,0.432488,0.522426,-0.000201,0.000000,0.018834,-0.008801,-0.000266
21.400,0.177975,0.175687,1.139314,-0.002262,-0.002474,1.275280,0.010571,0.010251,-0.000047,-0.035270,-0.032073,0.004209,0.707226,-0.706988,0.707142,-0.707072,0.000000,0.432851,0.522261,-0.000205,0.000000,0.017488,-0.007702,-0.000142
21.420,0.178179,0.175885,1.139320,-0.002058,-0.002275,1.275280,0.009880,0.009623,0.000034,-0.033913,-0.030729,0.003834,0.707226,-0.706988,0.707141,-0.707072,0.000000,0.433188,0.522118,-0.000206,0.000000,0.016204,-0.006662,-0.000020
21.440,0.178368,0.176070,1.139326,-0.001867,-0.002088,1.275282,0.009215,0.009022,0.000106,-0.032566,-0.029434,0.003456,0.707224,-0.706989,0.707140,-0.707073,0.000000,0.433500,0.521994,-0.000206,0.000000,0.014983,-0.005677,0.000098
21.460,0.178544,0.176242,1.139332,-0.001689,-0.001914,1.275284,0.008577,0.008446,0.000172,-0.031228,-0.028189,0.003078,0.707221,-0.706992,0.707138,-0.707075,0.000000,0.433788,0.521890,-0.000202,0.000000,0.013822,-0.004744,0.000210
21.480,0.178706,0.176402,1.139338,-0.001524,-0.001750,1.275288,0.007966,0.007894,0.000230,-0.029899,-0.026990,0.002702,0.707216,-0.706997,0.707136,-0.707078,0.000000,0.434053,0.521804,-0.000197,0.000000,0.012720,-0.003863,0.000315
21.500,0.178856,0.176550,1.139344,-0.001370,-0.001598,1.275293,0.007381,0.007366,0.000280,-0.028582,-0.025834,0.002330,0.707210,-0.707003,0.707133,-0.707081,0.000000,0.434297,0.521735,-0.000190,0.000000,0.011678,-0.003029,0.000411
21.520,0.178993,0.176686,1.139350,-0.001228,-0.001456,1.275300,0.006822,0.006860,0.000323,-0.027276,-0.024719,0.001966,0.707203,-0.707011,0.707129,-0.707085,0.000000,0.434520,0.521683,-0.000181,0.000000,0.010692,-0.002242,0.000497
21.540,0.179119,0.176812,1.139355,-0.001097,-0.001323,1.275306,0.006290,0.006377,0.000359,-0.025983,-0.023642,0.001610,0.707194,-0.707019,0.707125,-0.707089,0.000000,0.434725,0.521645,-0.000170,0.000000,0.009763,-0.001500,0.000572
21.560,0.179233,0.176927,1.139360,-0.000976,-0.001200,1.275314,0.005783,0.005914,0.000387,-0.024703,-0.022600,0.001266,0.707185,-0.707029,0.707120,-0.707093,0.000000,0.434911,0.521622,-0.000158,0.000000,0.008890,-0.000801,0.000635
21.580,0.179337,0.177033,1.139365,-0.000866,-0.001087,1.275322,0.005301,0.005472,0.000409,-0.023438,-0.021588,0.000936,0.707175,-0.707039,0.707116,-0.707098,0.000000,0.435081,0.521613,-0.000145,0.000000,0.008069,-0.000144,0.000685
21.600,0.179431,0.177129,1.139370,-0.000764,-0.000981,1.275330,0.004845,0.005051,0.000425,-0.022189,-0.020603,0.000622,0.707164,-0.707049,0.707111,-0.707103,0.000000,0.435234,0.521616,-0.000131,0.000000,0.007302,0.000471,0.000723
21.620,0.179516,0.177216,1.139374,-0.000672,-0.000885,1.275339,0.004414,0.004648,0.000434,-0.020957,-0.019642,0.000327,0.707154,-0.707060,0.707106,-0.707107,0.000000,0.435373,0.521632,-0.000116,0.000000,0.006585,0.001047,0.000748
21.640,0.179591,0.177295,1.139377,-0.000587,-0.000795,1.275347,0.004007,0.004265,0.000438,-0.019743,-0.018702,0.000051,0.707143,-0.707071,0.707102,-0.707112,0.000000,0.435498,0.521658,-0.000101,0.000000,0.005917,0.001582,0.000759
21.660,0.179658,0.177366,1.139380,-0.000511,-0.000714,1.275356,0.003624,0.003900,0.000437,-0.018550,-0.017780,-0.000202,0.707132,-0.707081,0.707097,-0.707116,0.000000,0.435610,0.521695,-0.000086,0.000000,0.005297,0.002079,0.000758
21.680,0.179718,0.177429,1.139382,-0.000442,-0.000639,1.275365,0.003265,0.003553,0.000430,-0.017379,-0.016871,-0.000432,0.707122,-0.707092,0.707093,-0.707121,0.000000,0.435710,0.521741,-0.000071,0.000000,0.004724,0.002535,0.000744
21.700,0.179769,0.177485,1.139384,-0.000380,-0.000572,1.275373,0.002929,0.003225,0.000419,-0.016231,-0.015975,-0.000637,0.707112,-0.707102,0.707089,-0.707125,0.000000,0.435799,0.521796,-0.000056,0.000000,0.004195,0.002952,0.000719
21.720,0.179814,0.177535,1.139385,-0.000325,-0.000510,1.275382,0.002615,0.002914,0.000405,-0.015108,-0.015089,-0.000816,0.707103,-0.707111,0.707085,-0.707128,0.000000,0.435878,0.521859,-0.000042,0.000000,0.003708,0.003330,0.000683
21.740,0.179853,0.177578,1.139385,-0.000276,-0.000455,1.275390,0.002324,0.002621,0.000387,-0.014013,-0.014211,-0.000969,0.707094,-0.707120,0.707082,-0.707131,0.000000,0.435948,0.521929,-0.000029,0.000000,0.003263,0.003667,0.000637
21.760,0.179885,0.177615,1.139385,-0.000232,-0.000405,1.275397,0.002055,0.002346,0.000366,-0.012946,-0.013340,-0.001095,0.707086,-0.707127,0.707080,-0.707134,0.000000,0.436009,0.522005,-0.000017,0.000000,0.002857,0.003962,0.000583
21.780,0.179912,0.177647,1.139384,-0.000193,-0.000361,1.275404,0.001806,0.002088,0.000343,-0.011910,-0.012476,-0.001193,0.707080,-0.707134,0.707078,-0.707136,0.000000,0.436063,0.522087,-0.000005,0.000000,0.002487,0.004215,0.000522
21.800,0.179934,0.177674,1.139382,-0.000160,-0.000322,1.275411,0.001578,0.001847,0.000319,-0.010907,-0.011619,-0.001265,0.707074,-0.707139,0.707076,-0.707138,0.000000,0.436109,0.522173,0.000004,0.000000,0.002153,0.004424,0.000457
21.820,0.179952,0.177696,1.139380,-0.000130,-0.000287,1.275417,0.001370,0.001623,0.000293,-0.009938,-0.010769,-0.001311,0.707070,-0.707144,0.707075,-0.707139,0.000000,0.436149,0.522263,0.000013,0.000000,0.001852,0.004588,0.000388
21.840,0.179965,0.177714,1.139377,-0.000105,-0.000257,1.275423,0.001180,0.001416,0.000266,-0.009007,-0.009929,-0.001332,0.707066,-0.707147,0.707074,-0.707139,0.000000,0.436183,0.522357,0.000020,0.000000,0.001582,0.004706,0.000317
21.860,0.179975,0.177728,1.139374,-0.000083,-0.000230,1.275428,0.001009,0.001226,0.000240,-0.008114,-0.009100,-0.001330,0.707064,-0.707149,0.707074,-0.707139,0.000000,0.436212,0.522451,0.000025,0.000000,0.001341,0.004776,0.000248
21.880,0.179981,0.177738,1.139370,-0.000064,-0.000207,1.275432,0.000855,0.001052,0.000213,-0.007263,-0.008286,-0.001306,0.707063,-0.707151,0.707075,-0.707139,0.000000,0.436237,0.522547,0.000030,0.000000,0.001127,0.004799,0.000180
21.900,0.179985,0.177746,1.139366,-0.000048,-0.000188,1.275436,0.000718,0.000894,0.000188,-0.006454,-0.007491,-0.001264,0.707063,-0.707151,0.707076,-0.707138,0.000000,0.436258,0.522643,0.000033,0.000000,0.000938,0.004775,0.000116
21.920,0.179987,0.177751,1.139362,-0.000035,-0.000172,1.275440,0.000597,0.000752,0.000163,-0.005691,-0.006717,-0.001204,0.707063,-0.707150,0.707077,-0.707136,0.000000,0.436275,0.522738,0.000034,0.000000,0.000772,0.004704,0.000057
21.940,0.179986,0.177754,1.139357,-0.000025,-0.000158,1.275443,0.000490,0.000625,0.000140,-0.004974,-0.005970,-0.001131,0.707065,-0.707149,0.707079,-0.707135,0.000000,0.436289,0.522831,0.000035,0.000000,0.000627,0.004590,0.000003
21.960,0.179984,0.177755,1.139352,-0.000016,-0.000146,1.275445,0.000398,0.000513,0.000118,-0.004305,-0.005253,-0.001046,0.707067,-0.707147,0.707081,-0.707133,0.000000,0.436300,0.522921,0.000035,0.000000,0.000503,0.004432,-0.000044
21.980,0.179981,0.177754,1.139348,-0.000009,-0.000137,1.275447,0.000318,0.000415,0.000098,-0.003685,-0.004570,-0.000952,0.707070,-0.707144,0.707083,-0.707130,0.000000,0.436309,0.523008,0.000033,0.000000,0.000396,0.004235,-0.000085
22.000,0.179977,0.177752,1.139343,-0.000003,-0.000130,1.275449,0.000250,0.000330,0.000080,-0.003116,-0.003926,-0.000852,0.707073,-0.707141,0.707086,-0.707128,0.000000,0.436316,0.523090,0.000031,0.000000,0.000306,0.004002,-0.000117
22.020,0.179972,0.177750,1.139339,0.000002,-0.000124,1.275451,0.000193,0.000258,0.000064,-0.002597,-0.003324,-0.000750,0.707076,-0.707137,0.707088,-0.707125,0.000000,0.436321,0.523168,0.000029,0.000000,0.000231,0.003735,-0.000142
22.040,0.179967,0.177746,1.139334,0.000005,-0.000119,1.275452,0.000146,0.000197,0.000050,-0.002130,-0.002768,-0.000647,0.707080,-0.707133,0.707091,-0.707123,0.000000,0.436325,0.523240,0.000026,0.000000,0.000169,0.003440,-0.000160
22.060,0.179962,0.177743,1.139330,0.000007,-0.000116,1.275453,0.000107,0.000147,0.000038,-0.001714,-0.002262,-0.000545,0.707084,-0.707130,0.707093,-0.707120,0.000000,0.436328,0.523305,0.000022,0.000000,0.000120,0.003122,-0.000169
22.080,0.179957,0.177739,1.139326,0.000009,-0.000113,1.275453,0.000077,0.000106,0.000028,-0.001349,-0.001806,-0.000449,0.707088,-0.707126,0.707095,-0.707118,0.000000,0.436330,0.523364,0.000019,0.000000,0.000080,0.002785,-0.000172
22.100,0.179952,0.177735,1.139323,0.000011,-0.000112,1.275454,0.000053,0.000074,0.000020,-0.001034,-0.001404,-0.000359,0.707091,-0.707122,0.707098,-0.707116,0.000000,0.436331,0.523417,0.000015,0.000000,0.000050,0.002436,-0.000167
22.120,0.179948,0.177732,1.139320,0.000011,-0.000110,1.275454,0.000035,0.000049,0.000013,-0.000767,-0.001057,-0.000277,0.707095,-0.707119,0.707100,-0.707114,0.000000,0.436332,0.523462,0.000012,0.000000,0.000028,0.002082,-0.000157
22.140,0.179944,0.177729,1.139317,0.000012,-0.000110,1.275454,0.000022,0.000031,0.000009,-0.000547,-0.000764,-0.000205,0.707098,-0.707116,0.707102,-0.707112,0.000000,0.436333,0.523500,0.000009,0.000000,0.000013,0.001729,-0.000141
22.160,0.179941,0.177726,1.139315,0.000012,-0.000109,1.275454,0.000013,0.000019,0.000005,-0.000370,-0.000524,-0.000144,0.707100,-0.707113,0.707103,-0.707110,0.000000,0.436333,0.523531,0.000007,0.000000,0.000003,0.001385,-0.000121
22.180,0.179938,0.177724,1.139314,0.000013,-0.000109,1.275454,0.000007,0.000010,0.000003,-0.000234,-0.000336,-0.000094,0.707103,-0.707111,0.707104,-0.707109,0.000000,0.436333,0.523555,0.000004,0.000000,-0.000003,0.001059,-0.000099
22.200,0.179936,0.177722,1.139312,0.000013,-0.000109,1.275455,0.000003,0.000005,0.000001,-0.000135,-0.000196,-0.000056,0.707104,-0.707109,0.707105,-0.707108,0.000000,0.436333,0.523574,0.000003,0.000000,-0.000005,0.000759,-0.000075
22.220,0.179934,0.177721,1.139312,0.000013,-0.000109,1.275455,0.000001,0.000002,0.000001,-0.000067,-0.000099,-0.000029,0.707105,-0.707108,0.707106,-0.707108,0.000000,0.436332,0.523586,0.000001,0.000000,-0.000005,0.000495,-0.000052
22.240,0.179934,0.177720,1.139311,0.000013,-0.000109,1.275455,0.000000,0.000001,0.000000,-0.000027,-0.000040,-0.000012,0.707106,-0.707107,0.707106,-0.707107,0.000000,0.436332,0.523594,0.000001,0.000000,-0.000004,0.000277,-0.000030
22.260,0.179933,0.177720,1.139311,0.000013,-0.000109,1.275455,0.000000,0.000000,0.000000,-0.000007,-0.000010,-0.000003,0.707107,-0.707107,0.707107,-0.707107,0.000000,0.436332,0.523597,0.000000,0.000000,-0.000002,0.000115,-0.000013
22.280,0.179933,0.177720,1.139311,0.000013,-0.000109,1.275455,0.000000,0.000000,0.000000,-0.000000,-0.000001,-0.000000,0.707107,-0.707107,0.707107,-0.707107,0.000000,0.436332,0.523599,0.000000,0.000000,-0.000000,0.000020,-0.000002
