t,bx,by,bz,roll,pitch,yaw,cx,cy,cz,dist,q1,q2,q3,q4,m0,m1,m2,m3
0.0259,0.0008,0.0001,0.3055,-0.0000,-0.0000,0.0136,0.2574,-0.0007,0.2261,0.2686,0.1675,36.8758,38.2341,0.0560,nan,nan,nan,nan
0.0464,0.0008,0.0001,0.3055,-0.0000,-0.0000,0.0136,0.2574,-0.0007,0.2261,0.2686,0.1649,36.8769,38.2326,0.0606,nan,nan,nan,nan
0.0714,0.0008,0.0001,0.3055,-0.0000,0.0000,0.0136,0.2574,-0.0007,0.2261,0.2686,0.1595,36.8802,38.2321,0.0673,nan,nan,nan,nan
0.0967,0.0008,0.0001,0.3055,-0.0000,-0.0000,0.0136,0.2574,-0.0007,0.2262,0.2686,0.1542,36.8841,38.2340,0.0727,nan,nan,nan,nan
0.1184,0.0008,0.0001,0.3055,-0.0000,-0.0000,0.0136,0.2573,-0.0008,0.2262,0.2685,0.1525,36.8870,38.2355,0.0745,nan,nan,nan,nan
0.1406,0.0008,0.0001,0.3055,-0.0000,-0.0000,0.0136,0.2573,-0.0008,0.2262,0.2685,0.1519,36.8902,38.2387,0.0756,nan,nan,nan,nan
0.1715,0.0008,0.0001,0.3055,0.0000,-0.0000,0.0136,0.2573,-0.0008,0.2262,0.2685,0.1510,36.8931,38.2406,0.0786,nan,nan,nan,nan
0.2070,0.0008,0.0001,0.3055,-0.0000,0.0000,0.0136,0.2573,-0.0008,0.2262,0.2685,0.1454,36.8953,38.2433,0.0802,nan,nan,nan,nan
0.2331,0.0008,0.0001,0.3055,-0.0000,0.0000,0.0136,0.2573,-0.0008,0.2262,0.2685,0.1416,36.8956,38.2450,0.0796,nan,nan,nan,nan
0.2591,0.0008,0.0001,0.3055,-0.0000,0.0000,0.0136,0.2573,-0.0008,0.2262,0.2685,0.1404,36.8958,38.2452,0.0791,nan,nan,nan,nan
0.2914,0.0008,0.0001,0.3055,-0.0000,-0.0000,0.0136,0.2573,-0.0008,0.2262,0.2685,0.1379,36.8967,38.2429,0.0789,nan,nan,nan,nan
0.3129,0.0008,0.0001,0.3055,-0.0000,-0.0000,0.0136,0.2573,-0.0008,0.2262,0.2685,0.1375,36.8953,38.2420,0.0817,nan,nan,nan,nan
0.3414,0.0008,0.0001,0.3055,-0.0001,0.0000,0.0136,0.2573,-0.0008,0.2262,0.2685,0.1371,36.8946,38.2429,0.0815,nan,nan,nan,nan
0.3674,0.0008,0.0001,0.3055,-0.0000,-0.0000,0.0136,0.2573,-0.0008,0.2262,0.2685,0.1357,36.8944,38.2438,0.0813,nan,nan,nan,nan
0.4005,0.0008,0.0001,0.3055,-0.0001,0.0000,0.0136,0.2573,-0.0008,0.2262,0.2685,0.1327,36.8959,38.2397,0.0839,nan,nan,nan,nan
0.4229,0.0008,0.0001,0.3055,-0.0001,0.0000,0.0136,0.2574,-0.0009,0.2262,0.2685,0.1301,36.8962,38.2363,0.0865,nan,nan,nan,nan
0.4494,0.0008,0.0001,0.3055,-0.0000,0.0000,0.0136,0.2574,-0.0009,0.2262,0.2685,0.1259,36.8968,38.2315,0.0892,nan,nan,nan,nan
0.4813,0.0008,0.0001,0.3055,0.0000,-0.0000,0.0136,0.2574,-0.0009,0.2262,0.2685,0.1214,36.8960,38.2291,0.0891,nan,nan,nan,nan
0.5193,0.0008,0.0001,0.3055,-0.0000,0.0000,0.0136,0.2574,-0.0009,0.2262,0.2686,0.1161,36.8959,38.2281,0.0886,nan,nan,nan,nan
0.5413,0.0008,0.0001,0.3055,-0.0000,0.0000,0.0136,0.2574,-0.0009,0.2262,0.2686,0.1124,36.8978,38.2237,0.0892,nan,nan,nan,nan
0.5631,0.0008,0.0001,0.3055,-0.0000,0.0000,0.0136,0.2574,-0.0009,0.2262,0.2686,0.1114,36.8979,38.2234,0.0901,nan,nan,nan,nan
0.5950,0.0008,0.0001,0.3055,-0.0000,-0.0000,0.0136,0.2574,-0.0010,0.2262,0.2686,0.1061,36.8990,38.2235,0.0921,nan,nan,nan,nan
0.6152,0.0008,0.0001,0.3055,-0.0000,-0.0000,0.0136,0.2574,-0.0010,0.2262,0.2686,0.1037,36.9006,38.2234,0.0908,nan,nan,nan,nan
0.6355,0.0008,0.0001,0.3055,-0.0000,0.0000,0.0136,0.2574,-0.0010,0.2262,0.2686,0.1037,36.9035,38.2198,0.0882,nan,nan,nan,nan
0.6559,0.0008,0.0001,0.3055,-0.0000,-0.0000,0.0136,0.2574,-0.0009,0.2262,0.2686,0.1078,36.9054,38.2165,0.0838,nan,nan,nan,nan
0.6809,0.0008,0.0001,0.3055,-0.0000,0.0001,0.0136,0.2574,-0.0009,0.2262,0.2686,0.1162,36.9095,38.2142,0.0779,nan,nan,nan,nan
0.7024,0.0008,0.0001,0.3055,-0.0000,0.0001,0.0136,0.2574,-0.0009,0.2262,0.2686,0.1224,36.9122,38.2154,0.0744,nan,nan,nan,nan
0.7272,0.0008,0.0001,0.3055,-0.0000,-0.0000,0.0136,0.2574,-0.0008,0.2263,0.2685,0.1336,36.9158,38.2177,0.0732,nan,nan,nan,nan
0.7543,0.0008,0.0001,0.3055,-0.0000,-0.0000,0.0136,0.2574,-0.0008,0.2263,0.2685,0.1459,36.9203,38.2187,0.0764,nan,nan,nan,nan
0.7767,0.0008,0.0001,0.3055,-0.0000,-0.0000,0.0136,0.2574,-0.0007,0.2263,0.2685,0.1567,36.9240,38.2183,0.0784,nan,nan,nan,nan
0.7992,0.0008,0.0001,0.3055,-0.0000,-0.0000,0.0136,0.2574,-0.0007,0.2263,0.2685,0.1598,36.9245,38.2173,0.0779,nan,nan,nan,nan
0.8242,0.0008,0.0001,0.3055,-0.0000,-0.0000,0.0136,0.2574,-0.0007,0.2263,0.2686,0.1726,36.9244,38.2114,0.0764,nan,nan,nan,nan
0.8598,0.0008,0.0001,0.3055,-0.0000,0.0000,0.0136,0.2574,-0.0006,0.2263,0.2686,0.1780,36.9247,38.2059,0.0764,nan,nan,nan,nan
0.8943,0.0008,0.0001,0.3055,-0.0000,-0.0000,0.0136,0.2574,-0.0007,0.2263,0.2686,0.1749,36.9261,38.2029,0.0689,nan,nan,nan,nan
0.9278,0.0008,0.0001,0.3055,-0.0000,0.0000,0.0136,0.2574,-0.0007,0.2263,0.2686,0.1653,36.9275,38.2013,0.0619,nan,nan,nan,nan
0.9500,0.0008,0.0001,0.3055,-0.0000,0.0000,0.0136,0.2574,-0.0007,0.2263,0.2686,0.1615,36.9289,38.1998,0.0576,nan,nan,nan,nan
0.9764,0.0008,0.0001,0.3055,-0.0000,0.0000,0.0136,0.2574,-0.0007,0.2263,0.2686,0.1618,36.9300,38.1993,0.0542,nan,nan,nan,nan
1.0028,0.0008,0.0001,0.3055,-0.0000,-0.0000,0.0136,0.2574,-0.0007,0.2263,0.2686,0.1648,36.9319,38.1985,0.0506,nan,nan,nan,nan
1.0355,0.0008,0.0001,0.3055,-0.0000,0.0000,0.0136,0.2574,-0.0007,0.2263,0.2686,0.1619,36.9342,38.1953,0.0413,nan,nan,nan,nan
1.0617,0.0008,0.0001,0.3055,-0.0000,0.0000,0.0136,0.2574,-0.0007,0.2263,0.2686,0.1531,36.9363,38.1959,0.0337,nan,nan,nan,nan
1.0829,0.0008,0.0001,0.3055,-0.0000,0.0000,0.0137,0.2574,-0.0008,0.2263,0.2686,0.1493,36.9364,38.1971,0.0324,nan,nan,nan,nan
1.1169,0.0008,0.0001,0.3055,-0.0000,-0.0000,0.0136,0.2574,-0.0008,0.2263,0.2686,0.1316,36.9370,38.1990,0.0320,nan,nan,nan,nan
1.1436,0.0008,0.0001,0.3055,0.0000,0.0000,0.0136,0.2574,-0.0009,0.2263,0.2686,0.1161,36.9350,38.1943,0.0356,nan,nan,nan,nan
1.1798,0.0008,0.0001,0.3055,-0.0000,0.0000,0.0136,0.2574,-0.0010,0.2262,0.2686,0.1060,36.9311,38.1884,0.0322,nan,nan,nan,nan
1.2032,0.0008,0.0001,0.3055,-0.0000,0.0000,0.0136,0.2574,-0.0010,0.2262,0.2686,0.1033,36.9296,38.1850,0.0281,nan,nan,nan,nan
1.2252,0.0008,0.0001,0.3055,-0.0000,-0.0000,0.0136,0.2574,-0.0010,0.2262,0.2686,0.0963,36.9268,38.1802,0.0219,nan,nan,nan,nan
1.2559,0.0008,0.0001,0.3055,-0.0000,-0.0000,0.0136,0.2574,-0.0011,0.2262,0.2686,0.0829,36.9234,38.1747,0.0195,nan,nan,nan,nan
1.2835,0.0008,0.0001,0.3055,-0.0000,-0.0000,0.0136,0.2575,-0.0011,0.2261,0.2687,0.0708,36.9215,38.1706,0.0195,nan,nan,nan,nan
1.3036,0.0008,0.0001,0.3055,-0.0000,-0.0000,0.0136,0.2575,-0.0012,0.2261,0.2687,0.0565,36.9190,38.1692,0.0192,nan,nan,nan,nan
1.3303,0.0008,0.0001,0.3055,-0.0000,-0.0000,0.0136,0.2575,-0.0013,0.2261,0.2687,0.0291,36.9139,38.1680,0.0167,nan,nan,nan,nan
1.3554,0.0008,0.0001,0.3055,-0.0000,-0.0000,0.0136,0.2575,-0.0014,0.2261,0.2687,0.0195,36.9123,38.1669,0.0144,nan,nan,nan,nan
1.3777,0.0008,0.0001,0.3055,-0.0001,-0.0000,0.0136,0.2575,-0.0014,0.2261,0.2687,0.0114,36.9112,38.1641,0.0129,nan,nan,nan,nan
1.4074,0.0008,0.0001,0.3055,-0.0000,-0.0000,0.0136,0.2575,-0.0014,0.2261,0.2687,0.0085,36.9084,38.1618,0.0123,nan,nan,nan,nan
1.4346,0.0008,0.0001,0.3055,-0.0000,-0.0000,0.0136,0.2575,-0.0014,0.2260,0.2687,0.0089,36.9051,38.1609,0.0131,nan,nan,nan,nan
1.4618,0.0008,0.0001,0.3055,-0.0000,0.0000,0.0136,0.2575,-0.0014,0.2260,0.2687,0.0100,36.9009,38.1589,0.0172,nan,nan,nan,nan
1.4975,0.0008,0.0001,0.3055,-0.0001,0.0000,0.0136,0.2575,-0.0014,0.2260,0.2687,0.0137,36.8983,38.1541,0.0219,nan,nan,nan,nan
1.5339,0.0008,0.0001,0.3055,-0.0000,0.0000,0.0136,0.2575,-0.0013,0.2260,0.2687,0.0243,36.8957,38.1483,0.0257,nan,nan,nan,nan
1.5603,0.0008,0.0001,0.3055,-0.0000,0.0000,0.0136,0.2575,-0.0013,0.2260,0.2688,0.0358,36.8933,38.1447,0.0232,nan,nan,nan,nan
1.5852,0.0008,0.0001,0.3055,-0.0000,0.0000,0.0136,0.2575,-0.0012,0.2260,0.2688,0.0438,36.8921,38.1448,0.0225,nan,nan,nan,nan
1.6129,0.0008,0.0001,0.3055,-0.0001,-0.0000,0.0136,0.2575,-0.0012,0.2260,0.2687,0.0563,36.8912,38.1462,0.0246,nan,nan,nan,nan
1.6470,0.0008,0.0001,0.3055,-0.0000,-0.0000,0.0136,0.2575,-0.0011,0.2260,0.2687,0.0802,36.8918,38.1483,0.0223,nan,nan,nan,nan
1.6670,0.0008,0.0001,0.3055,-0.0000,-0.0000,0.0136,0.2575,-0.0010,0.2260,0.2687,0.0965,36.8923,38.1493,0.0189,nan,nan,nan,nan
1.6909,0.0008,0.0001,0.3055,-0.0000,-0.0000,0.0136,0.2575,-0.0009,0.2260,0.2687,0.1154,36.8927,38.1502,0.0168,nan,nan,nan,nan
1.7149,0.0008,0.0001,0.3055,-0.0000,-0.0000,0.0136,0.2575,-0.0007,0.2260,0.2687,0.1599,36.8926,38.1549,0.0162,nan,nan,nan,nan
1.7378,0.0008,0.0001,0.3055,-0.0000,-0.0000,0.0136,0.2575,-0.0006,0.2260,0.2687,0.1935,36.8941,38.1573,0.0180,nan,nan,nan,nan
1.7639,0.0008,0.0001,0.3055,-0.0000,-0.0000,0.0136,0.2575,-0.0005,0.2260,0.2687,0.2039,36.8950,38.1581,0.0175,nan,nan,nan,nan
1.7974,0.0008,0.0001,0.3055,-0.0000,-0.0000,0.0136,0.2575,-0.0004,0.2260,0.2687,0.2410,36.8999,38.1585,0.0213,nan,nan,nan,nan
1.8236,0.0008,0.0001,0.3055,0.0000,-0.0000,0.0136,0.2575,-0.0002,0.2261,0.2687,0.2725,36.9048,38.1617,0.0192,nan,nan,nan,nan
1.8461,0.0008,0.0001,0.3055,0.0000,-0.0000,0.0136,0.2575,-0.0001,0.2261,0.2687,0.2857,36.9057,38.1632,0.0114,nan,nan,nan,nan
1.8699,0.0008,0.0001,0.3055,-0.0001,0.0000,0.0137,0.2575,-0.0001,0.2261,0.2687,0.3051,36.9078,38.1659,-0.0157,nan,nan,nan,nan
1.8924,0.0008,0.0001,0.3055,0.0000,0.0000,0.0136,0.2575,-0.0000,0.2261,0.2687,0.3120,36.9078,38.1691,-0.0373,nan,nan,nan,nan
1.9166,0.0008,0.0001,0.3055,-0.0000,-0.0000,0.0136,0.2574,-0.0000,0.2261,0.2687,0.3117,36.9099,38.1724,-0.0497,nan,nan,nan,nan
1.9393,0.0008,0.0001,0.3055,-0.0000,-0.0000,0.0136,0.2574,-0.0001,0.2261,0.2687,0.3095,36.9110,38.1736,-0.0527,nan,nan,nan,nan
1.9662,0.0008,0.0001,0.3055,-0.0001,-0.0000,0.0136,0.2575,-0.0001,0.2261,0.2687,0.3043,36.9122,38.1723,-0.0515,nan,nan,nan,nan
2.0014,0.0008,0.0001,0.3055,-0.0000,-0.0000,0.0136,0.2575,-0.0001,0.2261,0.2687,0.2962,36.9135,38.1696,-0.0489,nan,nan,nan,nan
2.0275,0.0008,0.0001,0.3055,-0.0000,-0.0000,0.0136,0.2575,-0.0002,0.2261,0.2687,0.2876,36.9139,38.1692,-0.0477,nan,nan,nan,nan
2.0491,0.0008,0.0001,0.3055,-0.0000,0.0000,0.0136,0.2575,-0.0002,0.2261,0.2687,0.2693,36.9148,38.1696,-0.0449,nan,nan,nan,nan
2.0734,0.0008,0.0001,0.3055,-0.0000,-0.0000,0.0136,0.2575,-0.0004,0.2261,0.2687,0.2297,36.9172,38.1714,-0.0382,nan,nan,nan,nan
2.1077,0.0008,0.0001,0.3055,-0.0000,0.0000,0.0136,0.2575,-0.0006,0.2261,0.2686,0.1932,36.9195,38.1720,-0.0336,nan,nan,nan,nan
2.1300,0.0008,0.0001,0.3055,-0.0000,0.0000,0.0136,0.2574,-0.0007,0.2262,0.2686,0.1570,36.9231,38.1725,-0.0269,nan,nan,nan,nan
2.1511,0.0008,0.0001,0.3055,-0.0000,-0.0000,0.0136,0.2575,-0.0008,0.2262,0.2686,0.1351,36.9257,38.1713,-0.0225,nan,nan,nan,nan
2.1749,0.0008,0.0001,0.3055,-0.0000,-0.0000,0.0136,0.2575,-0.0010,0.2262,0.2686,0.1023,36.9290,38.1698,-0.0206,nan,nan,nan,nan
2.1982,0.0008,0.0001,0.3055,-0.0000,-0.0000,0.0136,0.2575,-0.0011,0.2262,0.2686,0.0711,36.9301,38.1697,-0.0190,nan,nan,nan,nan
2.2244,0.0008,0.0001,0.3055,-0.0000,-0.0000,0.0136,0.2574,-0.0012,0.2262,0.2686,0.0488,36.9308,38.1711,-0.0171,nan,nan,nan,nan
2.2529,0.0008,0.0001,0.3055,0.0000,-0.0000,0.0136,0.2574,-0.0014,0.2262,0.2686,0.0124,36.9311,38.1731,-0.0159,nan,nan,nan,nan
2.2795,0.0008,0.0001,0.3055,0.0000,-0.0000,0.0136,0.2574,-0.0015,0.2262,0.2686,-0.0121,36.9298,38.1728,-0.0152,nan,nan,nan,nan
2.3004,0.0008,0.0001,0.3055,-0.0000,0.0000,0.0136,0.2575,-0.0016,0.2262,0.2686,-0.0470,36.9282,38.1699,-0.0139,nan,nan,nan,nan
2.3266,0.0008,0.0001,0.3055,-0.0000,-0.0000,0.0136,0.2575,-0.0018,0.2262,0.2687,-0.0802,36.9265,38.1657,-0.0157,nan,nan,nan,nan
2.3518,0.0008,0.0001,0.3055,-0.0000,-0.0000,0.0136,0.2575,-0.0019,0.2261,0.2687,-0.1019,36.9253,38.1631,-0.0162,nan,nan,nan,nan
2.3738,0.0008,0.0001,0.3055,-0.0000,0.0000,0.0136,0.2575,-0.0020,0.2261,0.2687,-0.1331,36.9250,38.1592,-0.0171,nan,nan,nan,nan
2.4065,0.0008,0.0001,0.3055,-0.0000,-0.0000,0.0136,0.2575,-0.0022,0.2261,0.2687,-0.1626,36.9265,38.1545,-0.0134,nan,nan,nan,nan
2.4296,0.0008,0.0001,0.3055,-0.0000,-0.0000,0.0136,0.2575,-0.0023,0.2261,0.2687,-0.1901,36.9278,38.1490,-0.0120,nan,nan,nan,nan
2.4572,0.0008,0.0001,0.3055,-0.0000,-0.0000,0.0136,0.2575,-0.0023,0.2261,0.2687,-0.2042,36.9278,38.1464,-0.0111,nan,nan,nan,nan
2.4923,0.0008,0.0001,0.3055,-0.0000,-0.0000,0.0136,0.2575,-0.0024,0.2261,0.2687,-0.2181,36.9284,38.1436,-0.0063,nan,nan,nan,nan
2.5191,0.0008,0.0001,0.3055,-0.0000,-0.0000,0.0136,0.2575,-0.0024,0.2261,0.2687,-0.2235,36.9278,38.1423,-0.0023,nan,nan,nan,nan
2.5474,0.0008,0.0001,0.3055,-0.0000,-0.0000,0.0136,0.2575,-0.0025,0.2261,0.2687,-0.2296,36.9259,38.1431,0.0010,nan,nan,nan,nan
2.5770,0.0008,0.0001,0.3055,-0.0000,0.0000,0.0136,0.2575,-0.0025,0.2261,0.2687,-0.2424,36.9224,38.1476,0.0039,nan,nan,nan,nan
2.6036,0.0008,0.0001,0.3055,-0.0000,0.0000,0.0136,0.2575,-0.0025,0.2261,0.2687,-0.2485,36.9226,38.1485,0.0050,nan,nan,nan,nan
2.6287,0.0008,0.0001,0.3055,-0.0000,-0.0000,0.0136,0.2575,-0.0026,0.2261,0.2687,-0.2533,36.9230,38.1524,0.0077,nan,nan,nan,nan
2.6626,0.0008,0.0001,0.3055,-0.0000,0.0000,0.0136,0.2575,-0.0026,0.2261,0.2687,-0.2575,36.9263,38.1586,0.0128,nan,nan,nan,nan
2.6848,0.0008,0.0001,0.3055,-0.0000,0.0000,0.0136,0.2575,-0.0026,0.2262,0.2687,-0.2561,36.9276,38.1604,0.0170,nan,nan,nan,nan
2.7120,0.0008,0.0001,0.3055,-0.0000,-0.0000,0.0136,0.2575,-0.0026,0.2262,0.2687,-0.2527,36.9282,38.1627,0.0197,nan,nan,nan,nan
2.7380,0.0008,0.0001,0.3055,-0.0000,-0.0000,0.0136,0.2574,-0.0025,0.2262,0.2687,-0.2429,36.9254,38.1681,0.0158,nan,nan,nan,nan
2.7665,0.0008,0.0001,0.3055,-0.0000,-0.0000,0.0136,0.2574,-0.0025,0.2262,0.2687,-0.2317,36.9231,38.1691,0.0051,nan,nan,nan,nan
2.7889,0.0008,0.0001,0.3055,-0.0000,-0.0000,0.0136,0.2575,-0.0024,0.2261,0.2687,-0.2263,36.9213,38.1658,-0.0036,nan,nan,nan,nan
2.8122,0.0008,0.0001,0.3055,-0.0000,-0.0000,0.0136,0.2575,-0.0024,0.2261,0.2687,-0.2243,36.9214,38.1623,-0.0110,nan,nan,nan,nan
2.8350,0.0008,0.0001,0.3055,-0.0000,0.0000,0.0136,0.2575,-0.0024,0.2261,0.2687,-0.2234,36.9215,38.1603,-0.0162,nan,nan,nan,nan
2.8602,0.0008,0.0001,0.3055,-0.0000,0.0000,0.0136,0.2575,-0.0024,0.2261,0.2687,-0.2207,36.9185,38.1595,-0.0182,nan,nan,nan,nan
2.8906,0.0008,0.0001,0.3055,-0.0000,-0.0000,0.0136,0.2575,-0.0024,0.2261,0.2687,-0.2206,36.9142,38.1599,-0.0168,nan,nan,nan,nan
2.9132,0.0008,0.0001,0.3055,-0.0000,-0.0000,0.0136,0.2575,-0.0024,0.2261,0.2687,-0.2184,36.9103,38.1591,-0.0180,nan,nan,nan,nan
2.9405,0.0008,0.0001,0.3055,-0.0000,-0.0000,0.0136,0.2575,-0.0024,0.2261,0.2687,-0.2154,36.9083,38.1570,-0.0213,nan,nan,nan,nan
2.9716,0.0008,0.0001,0.3055,-0.0000,-0.0000,0.0136,0.2575,-0.0023,0.2260,0.2687,-0.2060,36.9057,38.1561,-0.0261,nan,nan,nan,nan
2.9987,0.0008,0.0001,0.3055,-0.0000,0.0000,0.0136,0.2575,-0.0023,0.2260,0.2687,-0.1864,36.9044,38.1564,-0.0269,nan,nan,nan,nan
3.0280,0.0008,0.0001,0.3055,-0.0000,-0.0000,0.0136,0.2575,-0.0022,0.2260,0.2687,-0.1648,36.9051,38.1541,-0.0251,nan,nan,nan,nan
3.0525,0.0008,0.0001,0.3055,-0.0000,0.0000,0.0136,0.2575,-0.0021,0.2260,0.2687,-0.1408,36.9079,38.1539,-0.0304,nan,nan,nan,nan
3.0734,0.0008,0.0001,0.3055,-0.0000,0.0000,0.0136,0.2575,-0.0020,0.2261,0.2687,-0.1250,36.9094,38.1544,-0.0355,nan,nan,nan,nan
3.0982,0.0008,0.0001,0.3055,-0.0001,-0.0000,0.0136,0.2575,-0.0019,0.2261,0.2687,-0.1185,36.9105,38.1542,-0.0404,nan,nan,nan,nan
3.1195,0.0008,0.0001,0.3055,-0.0000,-0.0000,0.0136,0.2575,-0.0019,0.2261,0.2687,-0.1130,36.9117,38.1521,-0.0515,nan,nan,nan,nan
3.1509,0.0008,0.0001,0.3055,0.0000,-0.0000,0.0136,0.2575,-0.0019,0.2260,0.2687,-0.1081,36.9119,38.1478,-0.0677,nan,nan,nan,nan
3.1711,0.0008,0.0001,0.3055,0.0000,-0.0000,0.0136,0.2575,-0.0019,0.2260,0.2687,-0.1050,36.9111,38.1455,-0.0746,nan,nan,nan,nan
3.1975,0.0008,0.0001,0.3055,-0.0000,0.0000,0.0136,0.2575,-0.0018,0.2260,0.2687,-0.0944,36.9095,38.1467,-0.0773,nan,nan,nan,nan
3.2210,0.0008,0.0001,0.3055,-0.0000,-0.0000,0.0136,0.2575,-0.0018,0.2260,0.2687,-0.0858,36.9097,38.1469,-0.0779,nan,nan,nan,nan
3.2577,0.0008,0.0001,0.3055,-0.0001,-0.0000,0.0136,0.2575,-0.0017,0.2260,0.2687,-0.0632,36.9093,38.1504,-0.0790,nan,nan,nan,nan
3.2851,0.0008,0.0001,0.3055,-0.0001,-0.0000,0.0136,0.2575,-0.0016,0.2260,0.2687,-0.0437,36.9068,38.1564,-0.0841,nan,nan,nan,nan
3.3080,0.0008,0.0001,0.3055,-0.0000,-0.0000,0.0136,0.2575,-0.0016,0.2261,0.2687,-0.0375,36.9064,38.1583,-0.0878,nan,nan,nan,nan
3.3364,0.0008,0.0001,0.3055,-0.0000,-0.0000,0.0136,0.2575,-0.0015,0.2261,0.2687,-0.0173,36.9050,38.1651,-0.1112,nan,nan,nan,nan
3.3617,0.0008,0.0001,0.3055,-0.0000,-0.0000,0.0136,0.2575,-0.0014,0.2261,0.2687,-0.0022,36.9035,38.1682,-0.1300,nan,nan,nan,nan
3.3886,0.0008,0.0001,0.3055,-0.0000,0.0000,0.0136,0.2575,-0.0014,0.2261,0.2687,0.0093,36.9012,38.1704,-0.1355,nan,nan,nan,nan
3.4191,0.0008,0.0001,0.3055,-0.0000,-0.0000,0.0136,0.2574,-0.0013,0.2261,0.2687,0.0280,36.8981,38.1747,-0.1326,nan,nan,nan,nan
3.4465,0.0008,0.0001,0.3055,-0.0000,-0.0000,0.0136,0.2574,-0.0012,0.2261,0.2687,0.0422,36.8961,38.1773,-0.1278,nan,nan,nan,nan
3.4724,0.0008,0.0001,0.3055,-0.0000,-0.0000,0.0136,0.2574,-0.0011,0.2261,0.2687,0.0682,36.8914,38.1837,-0.1190,nan,nan,nan,nan
3.4948,0.0008,0.0001,0.3055,-0.0000,0.0000,0.0136,0.2574,-0.0010,0.2261,0.2686,0.0972,36.8885,38.1910,-0.1079,nan,nan,nan,nan
3.5242,0.0008,0.0001,0.3055,-0.0000,-0.0000,0.0136,0.2574,-0.0008,0.2261,0.2686,0.1318,36.8849,38.1997,-0.0911,nan,nan,nan,nan
3.5487,0.0008,0.0001,0.3055,-0.0000,-0.0000,0.0136,0.2574,-0.0008,0.2261,0.2686,0.1505,36.8823,38.2034,-0.0874,nan,nan,nan,nan
3.5743,0.0008,0.0001,0.3055,-0.0001,-0.0000,0.0136,0.2574,-0.0007,0.2261,0.2686,0.1598,36.8800,38.2053,-0.0857,nan,nan,nan,nan
3.6071,0.0008,0.0001,0.3055,0.0000,-0.0000,0.0136,0.2574,-0.0007,0.2261,0.2686,0.1670,36.8759,38.2086,-0.0855,nan,nan,nan,nan
3.6294,0.0008,0.0001,0.3055,0.0000,-0.0000,0.0136,0.2574,-0.0007,0.2260,0.2686,0.1705,36.8733,38.2096,-0.0882,nan,nan,nan,nan
3.6550,0.0008,0.0001,0.3055,-0.0000,-0.0000,0.0136,0.2574,-0.0007,0.2260,0.2686,0.1718,36.8727,38.2091,-0.0896,nan,nan,nan,nan
3.6928,0.0008,0.0001,0.3055,-0.0000,0.0000,0.0136,0.2574,-0.0006,0.2260,0.2686,0.1786,36.8707,38.2040,-0.0913,nan,nan,nan,nan
3.7210,0.0008,0.0001,0.3055,-0.0000,0.0000,0.0136,0.2574,-0.0006,0.2260,0.2686,0.1880,36.8683,38.2030,-0.0916,nan,nan,nan,nan
3.7438,0.0008,0.0001,0.3055,-0.0000,0.0000,0.0136,0.2574,-0.0006,0.2260,0.2686,0.1918,36.8684,38.2031,-0.0918,nan,nan,nan,nan
3.7723,0.0008,0.0001,0.3055,-0.0000,-0.0000,0.0136,0.2574,-0.0005,0.2260,0.2686,0.2068,36.8707,38.2038,-0.0881,nan,nan,nan,nan
3.8072,0.0008,0.0001,0.3055,-0.0000,0.0000,0.0136,0.2574,-0.0004,0.2260,0.2686,0.2216,36.8759,38.2004,-0.0877,nan,nan,nan,nan
3.8310,0.0008,0.0001,0.3055,-0.0000,0.0000,0.0136,0.2574,-0.0004,0.2260,0.2686,0.2254,36.8775,38.1986,-0.0872,nan,nan,nan,nan
3.8546,0.0008,0.0001,0.3055,0.0000,0.0000,0.0136,0.2574,-0.0004,0.2260,0.2686,0.2286,36.8787,38.1972,-0.0854,nan,nan,nan,nan
3.8835,0.0008,0.0001,0.3055,-0.0000,-0.0000,0.0136,0.2574,-0.0004,0.2260,0.2686,0.2309,36.8803,38.1971,-0.0829,nan,nan,nan,nan
3.9049,0.0008,0.0001,0.3055,-0.0000,-0.0000,0.0136,0.2574,-0.0004,0.2261,0.2686,0.2255,36.8798,38.2016,-0.0804,nan,nan,nan,nan
3.9330,0.0008,0.0001,0.3055,-0.0000,-0.0000,0.0136,0.2574,-0.0005,0.2261,0.2686,0.2188,36.8794,38.2043,-0.0794,nan,nan,nan,nan
3.9616,0.0008,0.0001,0.3055,-0.0000,-0.0000,0.0136,0.2574,-0.0005,0.2261,0.2686,0.2075,36.8778,38.2090,-0.0789,nan,nan,nan,nan
3.9842,0.0008,0.0001,0.3055,-0.0000,-0.0000,0.0136,0.2574,-0.0006,0.2261,0.2686,0.1942,36.8755,38.2142,-0.0802,nan,nan,nan,nan
4.0108,0.0008,0.0001,0.3055,-0.0000,-0.0000,0.0136,0.2574,-0.0006,0.2261,0.2686,0.1900,36.8751,38.2159,-0.0816,nan,nan,nan,nan
4.0423,0.0008,0.0001,0.3055,-0.0000,0.0000,0.0136,0.2574,-0.0006,0.2261,0.2686,0.1788,36.8744,38.2191,-0.0810,nan,nan,nan,nan
4.0761,0.0008,0.0001,0.3055,0.0000,-0.0000,0.0136,0.2574,-0.0007,0.2261,0.2686,0.1739,36.8750,38.2260,-0.0707,nan,nan,nan,nan
4.0980,0.0008,0.0001,0.3055,0.0000,-0.0000,0.0136,0.2574,-0.0007,0.2261,0.2686,0.1737,36.8760,38.2303,-0.0668,nan,nan,nan,nan
4.1214,0.0008,0.0001,0.3055,-0.0000,-0.0000,0.0136,0.2574,-0.0006,0.2261,0.2686,0.1759,36.8788,38.2359,-0.0638,nan,nan,nan,nan
4.1480,0.0008,0.0001,0.3055,-0.0000,0.0000,0.0136,0.2573,-0.0006,0.2262,0.2685,0.1791,36.8822,38.2391,-0.0599,nan,nan,nan,nan
4.1865,0.0008,0.0001,0.3055,-0.0000,0.0000,0.0136,0.2573,-0.0006,0.2262,0.2685,0.1816,36.8843,38.2449,-0.0579,nan,nan,nan,nan
4.2170,0.0008,0.0001,0.3055,-0.0000,0.0000,0.0135,0.2573,-0.0006,0.2262,0.2685,0.1838,36.8849,38.2513,-0.0580,nan,nan,nan,nan
4.2504,0.0008,0.0001,0.3055,-0.0000,0.0000,0.0136,0.2573,-0.0006,0.2262,0.2685,0.1844,36.8843,38.2576,-0.0602,nan,nan,nan,nan
4.2784,0.0008,0.0001,0.3055,-0.0000,0.0000,0.0136,0.2573,-0.0006,0.2262,0.2685,0.1827,36.8850,38.2639,-0.0595,nan,nan,nan,nan
4.3057,0.0008,0.0001,0.3055,-0.0000,0.0000,0.0136,0.2573,-0.0006,0.2263,0.2685,0.1784,36.8867,38.2701,-0.0604,nan,nan,nan,nan
4.3257,0.0008,0.0001,0.3055,-0.0000,0.0000,0.0136,0.2573,-0.0007,0.2263,0.2684,0.1688,36.8900,38.2768,-0.0635,nan,nan,nan,nan
4.3573,0.0008,0.0001,0.3055,-0.0000,-0.0000,0.0136,0.2573,-0.0007,0.2263,0.2684,0.1552,36.8949,38.2790,-0.0665,nan,nan,nan,nan
4.3833,0.0008,0.0001,0.3055,-0.0000,-0.0000,0.0136,0.2573,-0.0008,0.2264,0.2684,0.1384,36.8982,38.2813,-0.0626,nan,nan,nan,nan
4.4052,0.0008,0.0001,0.3055,-0.0000,-0.0000,0.0136,0.2573,-0.0009,0.2264,0.2684,0.1188,36.8998,38.2811,-0.0596,nan,nan,nan,nan
4.4347,0.0008,0.0001,0.3055,-0.0001,0.0000,0.0136,0.2573,-0.0010,0.2264,0.2684,0.1022,36.9012,38.2816,-0.0538,nan,nan,nan,nan
4.4692,0.0008,0.0001,0.3055,-0.0000,0.0000,0.0136,0.2573,-0.0011,0.2264,0.2684,0.0728,36.9046,38.2811,-0.0401,nan,nan,nan,nan
4.4898,0.0008,0.0001,0.3055,-0.0000,0.0000,0.0136,0.2573,-0.0012,0.2264,0.2684,0.0512,36.9060,38.2811,-0.0355,nan,nan,nan,nan
4.5099,0.0008,0.0001,0.3055,-0.0000,0.0000,0.0136,0.2573,-0.0014,0.2264,0.2684,0.0092,36.9077,38.2852,-0.0335,nan,nan,nan,nan
4.5349,0.0008,0.0001,0.3055,-0.0000,-0.0000,0.0136,0.2573,-0.0015,0.2264,0.2684,-0.0085,36.9083,38.2899,-0.0366,nan,nan,nan,nan
4.5677,0.0008,0.0001,0.3055,-0.0000,0.0000,0.0136,0.2572,-0.0016,0.2265,0.2684,-0.0321,36.9140,38.2968,-0.0415,nan,nan,nan,nan
4.5961,0.0008,0.0001,0.3055,-0.0000,-0.0000,0.0136,0.2572,-0.0016,0.2265,0.2684,-0.0437,36.9196,38.2984,-0.0432,nan,nan,nan,nan
4.6235,0.0008,0.0001,0.3055,-0.0000,0.0000,0.0136,0.2572,-0.0016,0.2265,0.2684,-0.0447,36.9213,38.2980,-0.0428,nan,nan,nan,nan
4.6585,0.0008,0.0001,0.3055,-0.0000,0.0000,0.0136,0.2572,-0.0016,0.2265,0.2684,-0.0298,36.9212,38.2964,-0.0398,nan,nan,nan,nan
4.6858,0.0008,0.0001,0.3055,-0.0000,0.0000,0.0136,0.2573,-0.0015,0.2265,0.2684,-0.0090,36.9229,38.2938,-0.0370,nan,nan,nan,nan
4.7073,0.0008,0.0001,0.3055,-0.0000,-0.0000,0.0136,0.2573,-0.0014,0.2265,0.2684,-0.0014,36.9238,38.2932,-0.0372,nan,nan,nan,nan
4.7353,0.0008,0.0001,0.3055,-0.0001,0.0000,0.0136,0.2573,-0.0013,0.2265,0.2684,0.0278,36.9270,38.2922,-0.0406,nan,nan,nan,nan
4.7621,0.0008,0.0001,0.3055,-0.0001,0.0000,0.0136,0.2573,-0.0012,0.2265,0.2684,0.0421,36.9271,38.2925,-0.0408,nan,nan,nan,nan
4.7906,0.0008,0.0001,0.3055,-0.0000,0.0000,0.0136,0.2573,-0.0012,0.2265,0.2684,0.0456,36.9270,38.2922,-0.0402,nan,nan,nan,nan
4.8246,0.0008,0.0001,0.3055,-0.0000,-0.0000,0.0136,0.2573,-0.0012,0.2265,0.2684,0.0583,36.9250,38.2945,-0.0397,nan,nan,nan,nan
4.8523,0.0008,0.0001,0.3055,-0.0000,0.0000,0.0136,0.2573,-0.0011,0.2265,0.2683,0.0692,36.9258,38.2968,-0.0459,nan,nan,nan,nan
4.8772,0.0008,0.0001,0.3055,0.0000,-0.0000,0.0136,0.2573,-0.0011,0.2265,0.2683,0.0833,36.9278,38.2964,-0.0533,nan,nan,nan,nan
4.9148,0.0008,0.0001,0.3055,-0.0000,-0.0000,0.0136,0.2572,-0.0010,0.2265,0.2683,0.1001,36.9288,38.2977,-0.0536,nan,nan,nan,nan
4.9468,0.0008,0.0001,0.3055,0.0000,-0.0000,0.0136,0.2572,-0.0009,0.2265,0.2683,0.1167,36.9277,38.3037,-0.0523,nan,nan,nan,nan
4.9845,0.0008,0.0001,0.3055,-0.0000,-0.0000,0.0136,0.2572,-0.0008,0.2266,0.2683,0.1338,36.9252,38.3104,-0.0519,nan,nan,nan,nan
5.0068,0.0008,0.0001,0.3055,-0.0000,-0.0000,0.0136,0.2572,-0.0008,0.2266,0.2683,0.1418,36.9241,38.3139,-0.0508,nan,nan,nan,nan
5.0273,0.0008,0.0001,0.3055,-0.0000,0.0000,0.0136,0.2572,-0.0008,0.2266,0.2683,0.1484,36.9237,38.3164,-0.0515,nan,nan,nan,nan
5.0494,0.0008,0.0001,0.3055,-0.0000,0.0000,0.0136,0.2572,-0.0007,0.2266,0.2683,0.1582,36.9248,38.3238,-0.0528,nan,nan,nan,nan
5.0767,0.0008,0.0001,0.3055,-0.0000,0.0000,0.0136,0.2572,-0.0007,0.2266,0.2683,0.1650,36.9246,38.3285,-0.0532,nan,nan,nan,nan
5.0992,0.0008,0.0001,0.3055,-0.0000,-0.0000,0.0136,0.2572,-0.0007,0.2266,0.2683,0.1672,36.9245,38.3303,-0.0538,nan,nan,nan,nan
5.1320,0.0008,0.0001,0.3055,-0.0000,0.0000,0.0137,0.2572,-0.0006,0.2266,0.2683,0.1801,36.9265,38.3306,-0.0553,nan,nan,nan,nan
5.1563,0.0008,0.0001,0.3055,-0.0000,0.0000,0.0137,0.2572,-0.0006,0.2266,0.2683,0.1916,36.9284,38.3285,-0.0560,nan,nan,nan,nan
5.1787,0.0008,0.0001,0.3055,0.0000,0.0000,0.0136,0.2572,-0.0005,0.2266,0.2683,0.2026,36.9300,38.3254,-0.0554,nan,nan,nan,nan
5.1994,0.0008,0.0001,0.3055,-0.0000,-0.0000,0.0136,0.2572,-0.0004,0.2266,0.2683,0.2173,36.9293,38.3230,-0.0556,nan,nan,nan,nan
5.2214,0.0008,0.0001,0.3055,-0.0000,0.0000,0.0136,0.2572,-0.0004,0.2266,0.2683,0.2316,36.9281,38.3193,-0.0581,nan,nan,nan,nan
5.2417,0.0008,0.0001,0.3055,-0.0000,0.0000,0.0136,0.2572,-0.0004,0.2266,0.2683,0.2374,36.9271,38.3187,-0.0587,nan,nan,nan,nan
5.2709,0.0008,0.0001,0.3055,0.0000,-0.0000,0.0136,0.2572,-0.0004,0.2266,0.2683,0.2383,36.9247,38.3161,-0.0525,nan,nan,nan,nan
5.2959,0.0008,0.0001,0.3055,-0.0000,0.0000,0.0136,0.2572,-0.0004,0.2266,0.2683,0.2373,36.9236,38.3146,-0.0461,nan,nan,nan,nan
5.3291,0.0008,0.0001,0.3055,-0.0000,-0.0000,0.0136,0.2572,-0.0004,0.2265,0.2683,0.2340,36.9212,38.3147,-0.0343,nan,nan,nan,nan
5.3638,0.0008,0.0001,0.3055,0.0000,-0.0000,0.0136,0.2572,-0.0004,0.2266,0.2683,0.2373,36.9204,38.3177,-0.0300,nan,nan,nan,nan
5.3885,0.0008,0.0001,0.3055,-0.0000,-0.0000,0.0136,0.2572,-0.0004,0.2266,0.2683,0.2360,36.9194,38.3230,-0.0230,nan,nan,nan,nan
5.4183,0.0008,0.0001,0.3055,-0.0001,-0.0000,0.0136,0.2572,-0.0004,0.2266,0.2683,0.2279,36.9197,38.3261,-0.0188,nan,nan,nan,nan
5.4428,0.0008,0.0001,0.3055,-0.0001,-0.0000,0.0136,0.2572,-0.0005,0.2266,0.2683,0.2188,36.9176,38.3258,-0.0158,nan,nan,nan,nan
5.4661,0.0008,0.0001,0.3055,-0.0000,-0.0000,0.0136,0.2572,-0.0005,0.2266,0.2683,0.2156,36.9165,38.3255,-0.0148,nan,nan,nan,nan
5.4903,0.0008,0.0001,0.3055,-0.0000,-0.0000,0.0136,0.2572,-0.0006,0.2265,0.2683,0.1995,36.9137,38.3262,-0.0129,nan,nan,nan,nan
5.5138,0.0008,0.0001,0.3055,-0.0000,0.0000,0.0136,0.2572,-0.0006,0.2265,0.2683,0.1877,36.9128,38.3262,-0.0166,nan,nan,nan,nan
5.5357,0.0008,0.0001,0.3055,-0.0000,0.0000,0.0136,0.2572,-0.0006,0.2265,0.2683,0.1858,36.9119,38.3259,-0.0220,nan,nan,nan,nan
5.5643,0.0008,0.0001,0.3055,-0.0000,0.0000,0.0136,0.2572,-0.0006,0.2265,0.2683,0.1902,36.9115,38.3266,-0.0322,nan,nan,nan,nan
5.5909,0.0008,0.0001,0.3055,-0.0000,-0.0000,0.0136,0.2572,-0.0006,0.2265,0.2683,0.1927,36.9113,38.3286,-0.0326,nan,nan,nan,nan
5.6164,0.0008,0.0001,0.3055,-0.0000,-0.0000,0.0136,0.2572,-0.0006,0.2266,0.2683,0.1914,36.9119,38.3306,-0.0320,nan,nan,nan,nan
5.6381,0.0008,0.0001,0.3055,-0.0000,0.0000,0.0136,0.2572,-0.0006,0.2266,0.2683,0.1859,36.9131,38.3317,-0.0326,nan,nan,nan,nan
5.6617,0.0008,0.0001,0.3055,-0.0000,-0.0000,0.0136,0.2572,-0.0007,0.2266,0.2683,0.1712,36.9143,38.3331,-0.0335,nan,nan,nan,nan
5.6893,0.0008,0.0001,0.3055,-0.0000,0.0000,0.0136,0.2572,-0.0008,0.2266,0.2683,0.1483,36.9154,38.3344,-0.0304,nan,nan,nan,nan
5.7137,0.0008,0.0001,0.3055,-0.0000,0.0000,0.0136,0.2572,-0.0008,0.2266,0.2683,0.1350,36.9176,38.3340,-0.0308,nan,nan,nan,nan
5.7342,0.0008,0.0001,0.3055,-0.0000,0.0000,0.0136,0.2572,-0.0009,0.2266,0.2683,0.1284,36.9186,38.3344,-0.0310,nan,nan,nan,nan
5.7562,0.0008,0.0001,0.3055,-0.0000,-0.0000,0.0136,0.2572,-0.0009,0.2266,0.2683,0.1224,36.9196,38.3347,-0.0292,nan,nan,nan,nan
5.7899,0.0008,0.0001,0.3055,-0.0000,0.0000,0.0136,0.2572,-0.0009,0.2266,0.2683,0.1198,36.9202,38.3381,-0.0193,nan,nan,nan,nan
5.8187,0.0008,0.0001,0.3055,-0.0000,-0.0000,0.0136,0.2572,-0.0009,0.2266,0.2683,0.1167,36.9245,38.3374,-0.0047,nan,nan,nan,nan
5.8550,0.0008,0.0001,0.3055,-0.0000,-0.0000,0.0137,0.2572,-0.0009,0.2266,0.2682,0.1137,36.9284,38.3383,0.0119,nan,nan,nan,nan
5.8857,0.0008,0.0001,0.3055,-0.0000,-0.0000,0.0136,0.2572,-0.0009,0.2267,0.2682,0.1109,36.9344,38.3407,0.0197,nan,nan,nan,nan
5.9119,0.0008,0.0001,0.3055,-0.0001,0.0000,0.0136,0.2572,-0.0009,0.2267,0.2682,0.1170,36.9380,38.3434,0.0239,nan,nan,nan,nan
5.9494,0.0008,0.0001,0.3055,-0.0000,-0.0000,0.0136,0.2572,-0.0008,0.2267,0.2682,0.1312,36.9354,38.3465,0.0287,nan,nan,nan,nan
5.9778,0.0008,0.0001,0.3055,-0.0000,-0.0000,0.0136,0.2572,-0.0008,0.2267,0.2682,0.1484,36.9294,38.3508,0.0340,nan,nan,nan,nan
5.9993,0.0008,0.0001,0.3055,-0.0000,-0.0000,0.0136,0.2572,-0.0007,0.2267,0.2682,0.1572,36.9269,38.3511,0.0367,nan,nan,nan,nan
6.0228,0.0008,0.0001,0.3055,-0.0000,0.0000,0.0136,0.2572,-0.0007,0.2267,0.2682,0.1652,36.9248,38.3521,0.0382,nan,nan,nan,nan
6.0537,0.0008,0.0001,0.3055,-0.0000,0.0000,0.0136,0.2572,-0.0007,0.2267,0.2682,0.1729,36.9221,38.3570,0.0433,nan,nan,nan,nan
6.0775,0.0008,0.0001,0.3055,-0.0000,0.0000,0.0136,0.2572,-0.0007,0.2267,0.2682,0.1709,36.9238,38.3579,0.0467,nan,nan,nan,nan
6.1045,0.0008,0.0001,0.3055,-0.0000,0.0000,0.0136,0.2572,-0.0007,0.2267,0.2682,0.1653,36.9251,38.3591,0.0472,nan,nan,nan,nan
6.1248,0.0008,0.0001,0.3055,-0.0000,-0.0000,0.0136,0.2572,-0.0007,0.2267,0.2682,0.1607,36.9260,38.3586,0.0469,nan,nan,nan,nan
6.1546,0.0008,0.0001,0.3055,-0.0000,-0.0000,0.0136,0.2572,-0.0008,0.2267,0.2682,0.1521,36.9274,38.3567,0.0486,nan,nan,nan,nan
6.1787,0.0008,0.0001,0.3055,-0.0000,-0.0000,0.0136,0.2572,-0.0008,0.2267,0.2682,0.1400,36.9258,38.3530,0.0530,nan,nan,nan,nan
6.2090,0.0008,0.0001,0.3055,-0.0000,-0.0000,0.0136,0.2572,-0.0009,0.2267,0.2682,0.1158,36.9247,38.3468,0.0528,nan,nan,nan,nan
6.2402,0.0008,0.0001,0.3055,-0.0000,0.0000,0.0136,0.2572,-0.0011,0.2266,0.2682,0.0830,36.9243,38.3425,0.0517,nan,nan,nan,nan
6.2654,0.0008,0.0001,0.3055,-0.0000,0.0000,0.0136,0.2572,-0.0012,0.2266,0.2683,0.0525,36.9232,38.3380,0.0528,nan,nan,nan,nan
6.2887,0.0008,0.0001,0.3055,0.0000,0.0000,0.0136,0.2572,-0.0013,0.2266,0.2683,0.0299,36.9219,38.3364,0.0536,nan,nan,nan,nan
6.3189,0.0008,0.0001,0.3055,-0.0000,-0.0000,0.0136,0.2572,-0.0015,0.2266,0.2683,-0.0067,36.9204,38.3350,0.0537,nan,nan,nan,nan
6.3440,0.0008,0.0001,0.3055,-0.0000,-0.0000,0.0136,0.2572,-0.0016,0.2266,0.2683,-0.0462,36.9186,38.3293,0.0570,nan,nan,nan,nan
6.3721,0.0008,0.0001,0.3055,0.0000,0.0000,0.0136,0.2572,-0.0017,0.2266,0.2683,-0.0721,36.9151,38.3283,0.0584,nan,nan,nan,nan
6.3987,0.0008,0.0001,0.3055,-0.0000,0.0000,0.0136,0.2572,-0.0018,0.2265,0.2683,-0.0919,36.9129,38.3263,0.0582,nan,nan,nan,nan
6.4251,0.0008,0.0001,0.3055,-0.0000,0.0000,0.0136,0.2572,-0.0019,0.2265,0.2683,-0.1025,36.9104,38.3274,0.0553,nan,nan,nan,nan
6.4540,0.0008,0.0001,0.3055,-0.0000,-0.0000,0.0136,0.2572,-0.0019,0.2265,0.2683,-0.1066,36.9093,38.3276,0.0484,nan,nan,nan,nan
6.4862,0.0008,0.0001,0.3055,0.0000,0.0000,0.0136,0.2572,-0.0019,0.2265,0.2683,-0.1115,36.9078,38.3276,0.0400,nan,nan,nan,nan
6.5113,0.0008,0.0001,0.3055,0.0000,0.0000,0.0136,0.2572,-0.0019,0.2265,0.2683,-0.1132,36.9066,38.3267,0.0362,nan,nan,nan,nan
6.5314,0.0008,0.0001,0.3055,0.0000,-0.0000,0.0136,0.2572,-0.0020,0.2265,0.2683,-0.1165,36.9058,38.3250,0.0313,nan,nan,nan,nan
6.5519,0.0008,0.0001,0.3055,-0.0000,-0.0000,0.0136,0.2572,-0.0020,0.2265,0.2683,-0.1193,36.9062,38.3229,0.0265,nan,nan,nan,nan
6.5827,0.0008,0.0001,0.3055,-0.0000,0.0000,0.0136,0.2572,-0.0020,0.2265,0.2683,-0.1198,36.9068,38.3197,0.0244,nan,nan,nan,nan
6.6075,0.0008,0.0001,0.3055,-0.0000,0.0000,0.0136,0.2572,-0.0020,0.2265,0.2683,-0.1206,36.9074,38.3180,0.0241,nan,nan,nan,nan
6.6280,0.0008,0.0001,0.3055,0.0000,-0.0000,0.0136,0.2572,-0.0020,0.2265,0.2683,-0.1235,36.9079,38.3171,0.0222,nan,nan,nan,nan
6.6505,0.0008,0.0001,0.3055,-0.0000,-0.0000,0.0136,0.2572,-0.0020,0.2265,0.2683,-0.1278,36.9078,38.3182,0.0203,nan,nan,nan,nan
6.6811,0.0008,0.0001,0.3055,-0.0000,0.0000,0.0136,0.2572,-0.0020,0.2265,0.2683,-0.1355,36.9079,38.3190,0.0193,nan,nan,nan,nan
6.7136,0.0008,0.0001,0.3055,0.0000,-0.0000,0.0136,0.2572,-0.0021,0.2265,0.2683,-0.1461,36.9093,38.3178,0.0240,nan,nan,nan,nan
6.7351,0.0008,0.0001,0.3055,0.0000,-0.0000,0.0136,0.2572,-0.0021,0.2265,0.2683,-0.1541,36.9099,38.3167,0.0272,nan,nan,nan,nan
6.7570,0.0008,0.0001,0.3055,-0.0000,0.0000,0.0136,0.2572,-0.0022,0.2265,0.2683,-0.1646,36.9103,38.3164,0.0263,nan,nan,nan,nan
6.7801,0.0008,0.0001,0.3055,-0.0000,0.0000,0.0136,0.2572,-0.0022,0.2265,0.2683,-0.1710,36.9094,38.3190,0.0267,nan,nan,nan,nan
6.8183,0.0008,0.0001,0.3055,0.0000,-0.0000,0.0137,0.2572,-0.0022,0.2265,0.2683,-0.1759,36.9063,38.3194,0.0294,nan,nan,nan,nan
6.8484,0.0008,0.0001,0.3055,-0.0000,-0.0000,0.0137,0.2572,-0.0022,0.2265,0.2683,-0.1723,36.9010,38.3209,0.0318,nan,nan,nan,nan
6.8858,0.0008,0.0001,0.3055,-0.0001,0.0000,0.0137,0.2572,-0.0022,0.2265,0.2683,-0.1659,36.9005,38.3221,0.0313,nan,nan,nan,nan
6.9080,0.0008,0.0001,0.3055,-0.0001,0.0000,0.0137,0.2572,-0.0021,0.2265,0.2683,-0.1616,36.9009,38.3239,0.0318,nan,nan,nan,nan
6.9354,0.0008,0.0001,0.3055,0.0000,0.0000,0.0136,0.2572,-0.0021,0.2265,0.2683,-0.1561,36.9025,38.3254,0.0307,nan,nan,nan,nan
6.9688,0.0008,0.0001,0.3055,-0.0000,0.0001,0.0137,0.2572,-0.0021,0.2265,0.2683,-0.1406,36.9031,38.3281,0.0304,nan,nan,nan,nan
6.9930,0.0008,0.0001,0.3055,-0.0000,0.0001,0.0137,0.2572,-0.0020,0.2265,0.2683,-0.1237,36.9020,38.3323,0.0296,nan,nan,nan,nan
7.0206,0.0008,0.0001,0.3055,-0.0000,0.0011,0.0137,0.2572,-0.0019,0.2265,0.2683,-0.1102,36.9021,38.3328,0.0289,nan,nan,nan,nan
7.0563,0.0008,0.0001,0.3055,-0.0000,0.0033,0.0137,0.2572,-0.0018,0.2265,0.2683,-0.0869,36.9027,38.3352,0.0289,nan,nan,nan,nan
7.0862,0.0008,0.0001,0.3055,-0.0000,0.0077,0.0137,0.2572,-0.0017,0.2265,0.2683,-0.0513,36.9038,38.3366,0.0284,nan,nan,nan,nan
7.1078,0.0009,0.0001,0.3055,-0.0000,0.0077,0.0137,0.2572,-0.0015,0.2265,0.2683,-0.0316,36.9046,38.3354,0.0306,nan,nan,nan,nan
7.1342,0.0009,0.0001,0.3055,-0.0001,0.0145,0.0137,0.2573,-0.0014,0.2265,0.2683,0.0059,36.9065,38.3346,0.0341,nan,nan,nan,nan
7.1579,0.0009,0.0001,0.3055,-0.0000,0.0242,0.0136,0.2573,-0.0013,0.2265,0.2683,0.0210,36.9066,38.3343,0.0334,nan,nan,nan,nan
7.1937,0.0010,0.0001,0.3056,-0.0000,0.0373,0.0136,0.2573,-0.0013,0.2265,0.2683,0.0378,36.9041,38.3348,0.0294,nan,nan,nan,nan
7.2187,0.0011,0.0001,0.3056,-0.0000,0.0373,0.0136,0.2574,-0.0013,0.2264,0.2683,0.0380,36.9022,38.3347,0.0261,nan,nan,nan,nan
7.2399,0.0011,0.0001,0.3056,-0.0000,0.0540,0.0137,0.2574,-0.0013,0.2264,0.2683,0.0327,36.9018,38.3322,0.0209,nan,nan,nan,nan
7.2767,0.0012,0.0001,0.3057,-0.0000,0.0746,0.0136,0.2575,-0.0014,0.2264,0.2683,0.0130,36.9013,38.3299,0.0117,nan,nan,nan,nan
7.3043,0.0013,0.0001,0.3057,-0.0000,0.0746,0.0136,0.2576,-0.0014,0.2263,0.2683,-0.0040,36.8993,38.3288,0.0067,nan,nan,nan,nan
7.3249,0.0014,0.0001,0.3057,-0.0001,0.0995,0.0135,0.2576,-0.0015,0.2263,0.2683,-0.0087,36.8985,38.3286,0.0050,nan,nan,nan,nan
7.3470,0.0014,0.0001,0.3058,-0.0001,0.0995,0.0135,0.2577,-0.0015,0.2263,0.2683,-0.0163,36.8967,38.3274,0.0036,nan,nan,nan,nan
7.3794,0.0015,0.0001,0.3058,0.0000,0.1288,0.0134,0.2577,-0.0015,0.2262,0.2683,-0.0208,36.8953,38.3250,0.0029,nan,nan,nan,nan
7.4079,0.0017,0.0001,0.3059,0.0000,0.1288,0.0134,0.2578,-0.0015,0.2262,0.2683,-0.0218,36.8947,38.3222,0.0036,nan,nan,nan,nan
7.4295,0.0018,0.0001,0.3059,-0.0000,0.1628,0.0135,0.2579,-0.0015,0.2261,0.2683,-0.0166,36.8939,38.3209,0.0034,nan,nan,nan,nan
7.4515,0.0019,0.0001,0.3060,-0.0000,0.2019,0.0135,0.2580,-0.0015,0.2261,0.2683,-0.0059,36.8925,38.3211,0.0028,nan,nan,nan,nan
7.4786,0.0021,0.0001,0.3061,-0.0000,0.2019,0.0135,0.2582,-0.0014,0.2260,0.2683,0.0090,36.8896,38.3223,0.0064,nan,nan,nan,nan
7.5066,0.0022,0.0001,0.3062,-0.0000,0.2461,0.0135,0.2583,-0.0013,0.2259,0.2683,0.0150,36.8886,38.3230,0.0082,nan,nan,nan,nan
7.5368,0.0025,0.0001,0.3063,-0.0000,0.2956,0.0135,0.2584,-0.0013,0.2259,0.2683,0.0310,36.8846,38.3252,0.0165,nan,nan,nan,nan
7.5604,0.0027,0.0001,0.3064,-0.0000,0.2956,0.0135,0.2586,-0.0013,0.2258,0.2683,0.0317,36.8830,38.3278,0.0171,nan,nan,nan,nan
7.5860,0.0029,0.0001,0.3065,-0.0000,0.3507,0.0135,0.2587,-0.0013,0.2257,0.2683,0.0242,36.8816,38.3304,0.0159,nan,nan,nan,nan
7.6074,0.0031,0.0001,0.3066,-0.0000,0.4116,0.0134,0.2589,-0.0014,0.2256,0.2683,0.0147,36.8812,38.3314,0.0158,nan,nan,nan,nan
7.6348,0.0034,0.0001,0.3067,-0.0000,0.4116,0.0134,0.2591,-0.0014,0.2255,0.2683,0.0030,36.8809,38.3320,0.0139,nan,nan,nan,nan
7.6597,0.0036,0.0001,0.3068,-0.0000,0.4783,0.0134,0.2592,-0.0015,0.2255,0.2683,-0.0094,36.8797,38.3322,0.0131,nan,nan,nan,nan
7.6980,0.0039,0.0001,0.3069,-0.0000,0.5511,0.0133,0.2594,-0.0016,0.2254,0.2683,-0.0332,36.8794,38.3289,0.0132,nan,nan,nan,nan
7.7218,0.0042,0.0001,0.3071,-0.0000,0.5511,0.0133,0.2597,-0.0016,0.2252,0.2683,-0.0465,36.8786,38.3256,0.0152,nan,nan,nan,nan
7.7422,0.0046,0.0001,0.3072,-0.0000,0.6305,0.0133,0.2599,-0.0017,0.2251,0.2683,-0.0550,36.8781,38.3239,0.0172,nan,nan,nan,nan
7.7650,0.0048,0.0001,0.3074,-0.0000,0.7165,0.0133,0.2601,-0.0017,0.2250,0.2683,-0.0660,36.8770,38.3233,0.0199,nan,nan,nan,nan
7.7967,0.0053,0.0001,0.3076,-0.0000,0.8095,0.0134,0.2605,-0.0018,0.2248,0.2682,-0.0732,36.8761,38.3249,0.0235,nan,nan,nan,nan
7.8353,0.0059,0.0001,0.3078,-0.0001,0.9099,0.0134,0.2609,-0.0018,0.2246,0.2682,-0.0771,36.8762,38.3263,0.0260,nan,nan,nan,nan
7.8615,0.0063,0.0001,0.3081,-0.0001,0.9099,0.0134,0.2612,-0.0018,0.2245,0.2682,-0.0790,36.8768,38.3275,0.0244,nan,nan,nan,nan
7.8870,0.0068,0.0001,0.3083,-0.0000,1.0178,0.0134,0.2616,-0.0018,0.2243,0.2682,-0.0796,36.8765,38.3278,0.0235,nan,nan,nan,nan
7.9146,0.0072,0.0001,0.3084,-0.0000,1.1333,0.0134,0.2618,-0.0018,0.2242,0.2682,-0.0799,36.8756,38.3262,0.0234,nan,nan,nan,nan
7.9372,0.0077,0.0001,0.3087,-0.0000,1.1333,0.0134,0.2622,-0.0018,0.2240,0.2682,-0.0817,36.8763,38.3216,0.0236,nan,nan,nan,nan
7.9643,0.0080,0.0001,0.3088,-0.0000,1.2571,0.0134,0.2624,-0.0018,0.2239,0.2682,-0.0815,36.8769,38.3186,0.0234,nan,nan,nan,nan
7.9953,0.0086,0.0001,0.3091,-0.0000,1.3898,0.0134,0.2628,-0.0018,0.2237,0.2682,-0.0814,36.8776,38.3161,0.0230,nan,nan,nan,nan
8.0226,0.0092,0.0001,0.3093,-0.0000,1.3898,0.0134,0.2633,-0.0018,0.2235,0.2682,-0.0863,36.8787,38.3152,0.0235,nan,nan,nan,nan
8.0435,0.0096,0.0001,0.3095,-0.0000,1.5314,0.0134,0.2636,-0.0018,0.2233,0.2682,-0.0887,36.8790,38.3145,0.0234,nan,nan,nan,nan
8.0769,0.0102,0.0001,0.3098,0.0000,1.6825,0.0133,0.2640,-0.0019,0.2231,0.2682,-0.0985,36.8808,38.3126,0.0261,nan,nan,nan,nan
8.1006,0.0109,0.0001,0.3101,0.0000,1.6825,0.0133,0.2645,-0.0019,0.2229,0.2682,-0.1030,36.8832,38.3138,0.0270,nan,nan,nan,nan
8.1269,0.0114,0.0001,0.3103,0.0000,1.8440,0.0133,0.2648,-0.0019,0.2227,0.2682,-0.1037,36.8844,38.3139,0.0266,nan,nan,nan,nan
8.1613,0.0121,0.0001,0.3106,0.0000,2.0159,0.0133,0.2654,-0.0019,0.2225,0.2682,-0.1064,36.8874,38.3154,0.0220,nan,nan,nan,nan
8.1924,0.0131,0.0001,0.3111,-0.0000,2.1986,0.0134,0.2661,-0.0019,0.2221,0.2681,-0.1076,36.8908,38.3196,0.0138,nan,nan,nan,nan
8.2134,0.0140,0.0001,0.3114,-0.0000,2.1986,0.0134,0.2667,-0.0019,0.2219,0.2681,-0.1085,36.8943,38.3196,0.0079,nan,nan,nan,nan
8.2417,0.0145,0.0001,0.3116,-0.0000,2.3932,0.0133,0.2671,-0.0019,0.2217,0.2681,-0.1104,36.8959,38.3205,0.0061,nan,nan,nan,nan
8.2700,0.0154,0.0001,0.3120,-0.0000,2.6001,0.0134,0.2677,-0.0019,0.2213,0.2681,-0.1166,36.8985,38.3198,0.0031,nan,nan,nan,nan
8.2962,0.0163,0.0001,0.3124,-0.0000,2.6001,0.0134,0.2683,-0.0020,0.2210,0.2681,-0.1255,36.9000,38.3191,0.0028,nan,nan,nan,nan
8.3195,0.0173,0.0001,0.3128,-0.0000,2.8197,0.0133,0.2690,-0.0020,0.2207,0.2681,-0.1301,36.9003,38.3202,0.0033,nan,nan,nan,nan
8.3399,0.0183,0.0001,0.3132,-0.0001,3.0530,0.0133,0.2697,-0.0020,0.2203,0.2680,-0.1285,36.9003,38.3233,0.0037,nan,nan,nan,nan
8.3643,0.0194,0.0001,0.3137,-0.0000,3.3009,0.0134,0.2705,-0.0019,0.2199,0.2680,-0.1157,36.9012,38.3251,0.0029,nan,nan,nan,nan
8.3918,0.0205,0.0001,0.3141,-0.0000,3.3009,0.0134,0.2712,-0.0019,0.2195,0.2680,-0.1063,36.9011,38.3257,0.0022,nan,nan,nan,nan
8.4155,0.0213,0.0001,0.3144,-0.0000,3.5639,0.0134,0.2718,-0.0018,0.2192,0.2680,-0.0977,36.9006,38.3268,-0.0001,nan,nan,nan,nan
8.4460,0.0225,0.0001,0.3149,-0.0001,3.8424,0.0135,0.2726,-0.0018,0.2188,0.2680,-0.0871,36.9003,38.3266,-0.0034,nan,nan,nan,nan
8.4704,0.0237,0.0001,0.3154,-0.0001,3.8424,0.0135,0.2735,-0.0018,0.2183,0.2680,-0.0797,36.8994,38.3273,-0.0035,nan,nan,nan,nan
8.4978,0.0246,0.0001,0.3157,-0.0000,4.1385,0.0135,0.2741,-0.0018,0.2180,0.2680,-0.0739,36.8989,38.3274,-0.0046,nan,nan,nan,nan
8.5267,0.0259,0.0001,0.3163,-0.0000,4.4530,0.0136,0.2750,-0.0017,0.2174,0.2680,-0.0632,36.8989,38.3281,-0.0048,nan,nan,nan,nan
8.5499,0.0274,0.0001,0.3168,-0.0000,4.4530,0.0136,0.2760,-0.0016,0.2169,0.2679,-0.0479,36.8995,38.3307,-0.0039,nan,nan,nan,nan
8.5768,0.0284,0.0001,0.3172,-0.0000,4.7891,0.0136,0.2767,-0.0016,0.2165,0.2679,-0.0361,36.8988,38.3338,-0.0046,nan,nan,nan,nan
8.5990,0.0300,0.0001,0.3178,-0.0000,5.1516,0.0136,0.2777,-0.0015,0.2159,0.2679,-0.0168,36.8989,38.3374,-0.0083,nan,nan,nan,nan
8.6222,0.0317,0.0001,0.3184,-0.0000,5.1516,0.0136,0.2788,-0.0014,0.2153,0.2678,0.0006,36.8987,38.3403,-0.0098,nan,nan,nan,nan
8.6483,0.0328,0.0001,0.3188,-0.0000,5.5440,0.0137,0.2796,-0.0014,0.2148,0.2678,0.0082,36.8979,38.3420,-0.0078,nan,nan,nan,nan
8.6765,0.0347,0.0001,0.3195,-0.0000,5.9689,0.0138,0.2809,-0.0014,0.2141,0.2678,0.0148,36.8970,38.3431,-0.0052,nan,nan,nan,nan
8.7047,0.0367,0.0001,0.3202,-0.0000,5.9689,0.0138,0.2822,-0.0013,0.2133,0.2677,0.0193,36.8964,38.3467,-0.0017,nan,nan,nan,nan
8.7322,0.0381,0.0001,0.3207,-0.0001,6.4296,0.0138,0.2831,-0.0013,0.2128,0.2677,0.0205,36.8975,38.3480,-0.0016,nan,nan,nan,nan
8.7663,0.0403,0.0001,0.3214,0.0000,6.9300,0.0139,0.2846,-0.0013,0.2119,0.2677,0.0197,36.8985,38.3498,-0.0001,nan,nan,nan,nan
8.7932,0.0435,0.0001,0.3224,-0.0001,7.4707,0.0183,0.2866,-0.0013,0.2106,0.2676,0.0172,36.9004,38.3495,0.0012,nan,nan,nan,nan
8.8297,0.0470,0.0001,0.3235,-0.0005,8.0509,0.0342,0.2889,-0.0013,0.2092,0.2676,0.0146,36.9053,38.3470,-0.0001,nan,nan,nan,nan
8.8535,0.0498,0.0001,0.3244,-0.0005,8.0509,0.0342,0.2907,-0.0013,0.2081,0.2675,0.0114,36.9109,38.3467,-0.0007,nan,nan,nan,nan
8.8753,0.0517,0.0000,0.3249,-0.0018,8.6746,0.0631,0.2920,-0.0012,0.2074,0.2675,0.0098,36.9127,38.3479,-0.0014,nan,nan,nan,nan
8.8979,0.0548,-0.0000,0.3258,-0.0054,9.3427,0.1093,0.2940,-0.0011,0.2061,0.2674,0.0045,36.9215,38.3546,-0.0047,nan,nan,nan,nan
8.9244,0.0581,-0.0001,0.3267,-0.0054,9.3427,0.1093,0.2961,-0.0010,0.2049,0.2673,0.0015,36.9254,38.3599,-0.0085,nan,nan,nan,nan
8.9530,0.0604,-0.0001,0.3273,-0.0139,10.0508,0.1799,0.2976,-0.0009,0.2040,0.2673,0.0008,36.9268,38.3633,-0.0093,nan,nan,nan,nan
8.9833,0.0641,-0.0002,0.3282,-0.0275,10.8016,0.2761,0.2999,-0.0006,0.2026,0.2672,0.0006,36.9302,38.3681,-0.0080,nan,nan,nan,nan
9.0106,0.0680,-0.0002,0.3292,-0.0275,10.8016,0.2761,0.3024,-0.0004,0.2011,0.2671,0.0005,36.9326,38.3722,-0.0076,nan,nan,nan,nan
9.0382,0.0707,-0.0003,0.3298,-0.0480,11.5917,0.3955,0.3042,-0.0002,0.2001,0.2671,0.0044,36.9334,38.3815,-0.0066,nan,nan,nan,nan
9.0757,0.0750,-0.0003,0.3307,-0.0815,12.3926,0.5329,0.3070,0.0002,0.1986,0.2670,0.0145,36.9300,38.3913,-0.0018,nan,nan,nan,nan
9.0989,0.0796,-0.0004,0.3316,-0.0815,12.3926,0.5329,0.3101,0.0006,0.1970,0.2669,0.0231,36.9265,38.3965,0.0022,nan,nan,nan,nan
9.1276,0.0829,-0.0005,0.3322,-0.1296,13.1911,0.6869,0.3124,0.0009,0.1960,0.2668,0.0328,36.9233,38.4020,0.0053,nan,nan,nan,nan
9.1563,0.0880,-0.0005,0.3331,-0.1904,13.9906,0.8549,0.3159,0.0013,0.1945,0.2667,0.0557,36.9174,38.4121,0.0075,nan,nan,nan,nan
9.1786,0.0935,-0.0006,0.3339,-0.1904,13.9906,0.8549,0.3198,0.0018,0.1930,0.2667,0.0704,36.9118,38.4176,0.0097,nan,nan,nan,nan
9.1994,0.0993,-0.0006,0.3347,-0.2660,14.7706,1.0334,0.3241,0.0023,0.1915,0.2666,0.0967,36.8983,38.4240,0.0115,nan,nan,nan,nan
9.2241,0.1034,-0.0007,0.3352,-0.3571,15.5116,1.2235,0.3272,0.0026,0.1905,0.2665,0.1245,36.8827,38.4296,0.0137,nan,nan,nan,nan
9.2467,0.1098,-0.0007,0.3359,-0.3571,15.5116,1.2235,0.3321,0.0032,0.1892,0.2664,0.1413,36.8730,38.4326,0.0170,nan,nan,nan,nan
9.2738,0.1143,-0.0007,0.3364,-0.4585,16.2168,1.4243,0.3356,0.0035,0.1883,0.2664,0.1576,36.8644,38.4356,0.0208,nan,nan,nan,nan
9.2965,0.1213,-0.0007,0.3371,-0.5675,16.8793,1.6329,0.3412,0.0041,0.1870,0.2663,0.1883,36.8430,38.4439,0.0220,nan,nan,nan,nan
9.3286,0.1314,-0.0007,0.3379,-0.6839,17.4809,1.8528,0.3494,0.0049,0.1854,0.2661,0.2132,36.8183,38.4517,0.0184,nan,nan,nan,nan
9.3522,0.1394,-0.0006,0.3385,-0.6839,17.4809,1.8528,0.3561,0.0054,0.1844,0.2660,0.2217,36.8006,38.4576,0.0193,nan,nan,nan,nan
9.3729,0.1478,-0.0005,0.3390,-0.8035,18.0198,2.0857,0.3634,0.0061,0.1834,0.2659,0.2192,36.7836,38.4675,0.0232,nan,nan,nan,nan
9.3982,0.1567,-0.0003,0.3395,-0.9207,18.4967,2.3278,0.3711,0.0067,0.1826,0.2658,0.2080,36.7659,38.4761,0.0242,nan,nan,nan,nan
9.4288,0.1659,-0.0002,0.3399,-1.0276,18.9083,2.5873,0.3794,0.0074,0.1818,0.2657,0.1909,36.7469,38.4818,0.0212,nan,nan,nan,nan
9.4537,0.1757,0.0001,0.3404,-1.0276,18.9083,2.5873,0.3882,0.0082,0.1812,0.2656,0.1752,36.7251,38.4882,0.0169,nan,nan,nan,nan
9.4809,0.1824,0.0003,0.3406,-1.1261,19.2467,2.8651,0.3944,0.0087,0.1809,0.2655,0.1652,36.7107,38.4918,0.0162,nan,nan,nan,nan
9.5039,0.1929,0.0006,0.3409,-1.2216,19.5044,3.1491,0.4041,0.0097,0.1805,0.2654,0.1535,36.6890,38.4989,0.0095,nan,nan,nan,nan
9.5297,0.2038,0.0009,0.3412,-1.2216,19.5044,3.1491,0.4144,0.0107,0.1802,0.2653,0.1419,36.6670,38.5080,0.0027,nan,nan,nan,nan
9.5576,0.2114,0.0012,0.3414,-1.3125,19.6772,3.4389,0.4217,0.0114,0.1801,0.2652,0.1337,36.6513,38.5150,-0.0009,nan,nan,nan,nan
9.5865,0.2230,0.0017,0.3416,-1.4004,19.7611,3.7359,0.4330,0.0125,0.1800,0.2651,0.1198,36.6284,38.5282,-0.0076,nan,nan,nan,nan
9.6157,0.2394,0.0025,0.3418,-1.4840,19.7539,4.0384,0.4490,0.0141,0.1802,0.2649,0.0943,36.5995,38.5392,-0.0198,nan,nan,nan,nan
9.6362,0.2521,0.0031,0.3419,-1.4840,19.7539,4.0384,0.4618,0.0154,0.1805,0.2648,0.0730,36.5745,38.5440,-0.0280,nan,nan,nan,nan
9.6618,0.2609,0.0036,0.3419,-1.5631,19.6493,4.3426,0.4706,0.0163,0.1807,0.2648,0.0578,36.5568,38.5474,-0.0325,nan,nan,nan,nan
9.6893,0.2744,0.0043,0.3419,-1.6408,19.4515,4.6482,0.4843,0.0178,0.1813,0.2646,0.0340,36.5315,38.5511,-0.0318,nan,nan,nan,nan
9.7181,0.2932,0.0055,0.3418,-1.7206,19.1625,4.9522,0.5036,0.0198,0.1822,0.2645,0.0084,36.4984,38.5554,-0.0272,nan,nan,nan,nan
9.7530,0.3127,0.0068,0.3417,-1.7940,18.7806,5.2553,0.5239,0.0221,0.1834,0.2643,-0.0124,36.4657,38.5624,-0.0280,nan,nan,nan,nan
9.7859,0.3330,0.0083,0.3415,-1.8589,18.3145,5.5598,0.5451,0.0247,0.1849,0.2642,-0.0329,36.4351,38.5713,-0.0294,nan,nan,nan,nan
9.8249,0.3541,0.0099,0.3413,-1.9320,17.7637,5.8555,0.5674,0.0273,0.1867,0.2640,-0.0453,36.4081,38.5810,-0.0318,nan,nan,nan,nan
9.8459,0.3703,0.0112,0.3411,-1.9320,17.7637,5.8555,0.5847,0.0295,0.1883,0.2639,-0.0457,36.3874,38.5889,-0.0367,nan,nan,nan,nan
9.8678,0.3870,0.0126,0.3408,-2.0160,17.1145,6.1347,0.6026,0.0317,0.1900,0.2637,-0.0434,36.3732,38.5946,-0.0416,nan,nan,nan,nan
9.8954,0.3984,0.0137,0.3405,-2.1126,16.3596,6.3920,0.6148,0.0333,0.1913,0.2636,-0.0362,36.3521,38.6076,-0.0468,nan,nan,nan,nan
9.9196,0.4158,0.0152,0.3402,-2.1126,16.3596,6.3920,0.6335,0.0356,0.1934,0.2635,-0.0307,36.3399,38.6155,-0.0478,nan,nan,nan,nan
9.9485,0.4335,0.0170,0.3398,-2.2267,15.5207,6.6302,0.6527,0.0381,0.1956,0.2633,-0.0170,36.3172,38.6304,-0.0491,nan,nan,nan,nan
9.9720,0.4455,0.0181,0.3395,-2.3570,14.6021,6.8504,0.6658,0.0397,0.1971,0.2632,-0.0124,36.3036,38.6359,-0.0504,nan,nan,nan,nan
9.9943,0.4638,0.0200,0.3391,-2.3570,14.6021,6.8504,0.6857,0.0423,0.1996,0.2631,-0.0110,36.2890,38.6416,-0.0528,nan,nan,nan,nan
10.0168,0.4762,0.0213,0.3388,-2.4944,13.5946,7.0530,0.6993,0.0440,0.2014,0.2630,-0.0147,36.2681,38.6494,-0.0569,nan,nan,nan,nan
10.0499,0.4950,0.0234,0.3384,-2.6418,12.5201,7.2391,0.7199,0.0466,0.2042,0.2629,-0.0253,36.2496,38.6571,-0.0622,nan,nan,nan,nan
10.0745,0.5141,0.0256,0.3379,-2.6418,12.5201,7.2391,0.7407,0.0493,0.2071,0.2628,-0.0398,36.2361,38.6630,-0.0691,nan,nan,nan,nan
10.0994,0.5270,0.0271,0.3376,-2.8041,11.3999,7.4094,0.7548,0.0511,0.2092,0.2627,-0.0445,36.2314,38.6646,-0.0707,nan,nan,nan,nan
10.1305,0.5465,0.0295,0.3372,-2.9740,10.2217,7.5623,0.7762,0.0539,0.2124,0.2626,-0.0570,36.2128,38.6702,-0.0752,nan,nan,nan,nan
10.1568,0.5663,0.0319,0.3368,-2.9740,10.2217,7.5623,0.7978,0.0569,0.2157,0.2625,-0.0594,36.2028,38.6729,-0.0778,nan,nan,nan,nan
10.1830,0.5862,0.0345,0.3364,-3.1492,8.9947,7.6977,0.8196,0.0599,0.2192,0.2624,-0.0585,36.1998,38.6732,-0.0758,nan,nan,nan,nan
10.2106,0.5996,0.0363,0.3362,-3.3358,7.7511,7.8174,0.8342,0.0619,0.2216,0.2623,-0.0583,36.1972,38.6735,-0.0709,nan,nan,nan,nan
10.2338,0.6199,0.0391,0.3358,-3.3358,7.7511,7.8174,0.8562,0.0650,0.2253,0.2622,-0.0615,36.1911,38.6729,-0.0673,nan,nan,nan,nan
10.2616,0.6334,0.0410,0.3356,-3.5284,6.4864,7.9234,0.8710,0.0671,0.2278,0.2622,-0.0678,36.1859,38.6705,-0.0647,nan,nan,nan,nan
10.2861,0.6539,0.0440,0.3354,-3.7186,5.1941,8.0170,0.8932,0.0703,0.2317,0.2621,-0.0834,36.1794,38.6670,-0.0566,nan,nan,nan,nan
10.3103,0.6744,0.0471,0.3351,-3.7186,5.1941,8.0170,0.9154,0.0736,0.2357,0.2621,-0.0996,36.1802,38.6648,-0.0511,nan,nan,nan,nan
10.3323,0.6881,0.0492,0.3350,-3.9126,3.9068,8.0963,0.9302,0.0758,0.2383,0.2620,-0.1114,36.1822,38.6640,-0.0501,nan,nan,nan,nan
10.3690,0.7087,0.0524,0.3349,-4.1119,2.6366,8.1622,0.9524,0.0792,0.2424,0.2620,-0.1316,36.1832,38.6622,-0.0501,nan,nan,nan,nan
10.3998,0.7362,0.0570,0.3347,-4.3069,1.3676,8.2151,0.9819,0.0838,0.2479,0.2619,-0.1577,36.1812,38.6584,-0.0446,nan,nan,nan,nan
10.4265,0.7637,0.0617,0.3347,-4.4989,0.1175,8.2529,1.0112,0.0886,0.2534,0.2619,-0.1701,36.1856,38.6497,-0.0337,nan,nan,nan,nan
10.4475,0.7842,0.0654,0.3348,-4.4989,0.1175,8.2529,1.0331,0.0923,0.2575,0.2619,-0.1715,36.1898,38.6449,-0.0303,nan,nan,nan,nan
10.4733,0.7979,0.0679,0.3348,-4.6936,-1.0872,8.2746,1.0475,0.0948,0.2602,0.2619,-0.1715,36.1964,38.6370,-0.0273,nan,nan,nan,nan
10.4955,0.8183,0.0718,0.3349,-4.8829,-2.2588,8.2834,1.0691,0.0986,0.2643,0.2619,-0.1781,36.1992,38.6306,-0.0293,nan,nan,nan,nan
10.5263,0.8453,0.0771,0.3352,-5.0606,-3.3981,8.2807,1.0976,0.1037,0.2697,0.2620,-0.1989,36.2046,38.6192,-0.0344,nan,nan,nan,nan
10.5523,0.8654,0.0813,0.3354,-5.0606,-3.3981,8.2807,1.1187,0.1076,0.2737,0.2620,-0.2192,36.2135,38.6098,-0.0375,nan,nan,nan,nan
10.5741,0.8853,0.0855,0.3357,-5.2327,-4.4768,8.2631,1.1395,0.1116,0.2776,0.2620,-0.2400,36.2236,38.6000,-0.0400,nan,nan,nan,nan
10.6017,0.8985,0.0884,0.3359,-5.3983,-5.4945,8.2297,1.1533,0.1143,0.2801,0.2621,-0.2531,36.2281,38.5948,-0.0422,nan,nan,nan,nan
10.6332,0.9246,0.0944,0.3364,-5.5495,-6.4644,8.1824,1.1804,0.1198,0.2850,0.2622,-0.2803,36.2339,38.5847,-0.0446,nan,nan,nan,nan
10.6639,0.9499,0.1005,0.3375,-5.6232,-7.0789,8.1725,1.2065,0.1254,0.2891,0.2624,-0.3599,36.3084,38.5359,-0.0425,nan,nan,nan,nan
10.6917,0.9747,0.1068,0.3388,-5.6612,-7.5076,8.1679,1.2319,0.1312,0.2924,0.2625,-0.4692,36.3414,38.5071,-0.0439,nan,nan,nan,nan
10.7155,0.9930,0.1116,0.3397,-5.6612,-7.5076,8.1679,1.2506,0.1356,0.2947,0.2626,-0.5309,36.3467,38.5000,-0.0456,nan,nan,nan,nan
10.7393,1.0110,0.1166,0.3407,-5.6837,-7.8807,8.1459,1.2690,0.1400,0.2969,0.2627,-0.6276,36.3544,38.4868,-0.0460,nan,nan,nan,nan
10.7605,1.0288,0.1217,0.3417,-5.6909,-8.2025,8.1073,1.2871,0.1444,0.2990,0.2628,-0.7695,36.3682,38.4691,-0.0442,nan,nan,nan,nan
10.7899,1.0463,0.1269,0.3427,-5.6829,-8.4717,8.0515,1.3050,0.1489,0.3010,0.2629,-0.8816,36.3795,38.4608,-0.0435,nan,nan,nan,nan
10.8184,1.0636,0.1322,0.3437,-5.6829,-8.4717,8.0515,1.3225,0.1536,0.3029,0.2630,-0.9858,36.3909,38.4537,-0.0450,nan,nan,nan,nan
10.8459,1.0750,0.1358,0.3444,-5.6602,-8.6951,7.9766,1.3341,0.1567,0.3041,0.2630,-1.0502,36.3984,38.4496,-0.0479,nan,nan,nan,nan
10.8755,1.0918,0.1413,0.3454,-5.6223,-8.8797,7.8849,1.3511,0.1615,0.3058,0.2631,-1.1419,36.4086,38.4437,-0.0506,nan,nan,nan,nan
10.9115,1.1138,0.1488,0.3468,-5.5681,-9.0258,7.7761,1.3734,0.1680,0.3079,0.2633,-1.2540,36.4202,38.4334,-0.0525,nan,nan,nan,nan
10.9352,1.1299,0.1546,0.3478,-5.5681,-9.0258,7.7761,1.3898,0.1730,0.3093,0.2634,-1.3068,36.4254,38.4277,-0.0522,nan,nan,nan,nan
10.9559,1.1406,0.1584,0.3484,-5.4960,-9.1365,7.6513,1.4006,0.1764,0.3102,0.2634,-1.3587,36.4299,38.4229,-0.0528,nan,nan,nan,nan
10.9896,1.1563,0.1644,0.3494,-5.4068,-9.2175,7.5125,1.4165,0.1816,0.3115,0.2635,-1.4592,36.4376,38.4146,-0.0557,nan,nan,nan,nan
11.0216,1.1768,0.1724,0.3508,-5.3001,-9.2717,7.3601,1.4373,0.1886,0.3131,0.2636,-1.5519,36.4437,38.4090,-0.0523,nan,nan,nan,nan
11.0587,1.1969,0.1806,0.3521,-5.1747,-9.3012,7.1936,1.4575,0.1959,0.3146,0.2638,-1.6258,36.4498,38.4067,-0.0492,nan,nan,nan,nan
11.0847,1.2116,0.1869,0.3530,-5.1747,-9.3012,7.1936,1.4724,0.2015,0.3156,0.2639,-1.6677,36.4570,38.4040,-0.0482,nan,nan,nan,nan
11.1110,1.2212,0.1911,0.3537,-5.0321,-9.3089,7.0135,1.4821,0.2052,0.3162,0.2639,-1.6786,36.4600,38.4019,-0.0470,nan,nan,nan,nan
11.1411,1.2355,0.1975,0.3546,-4.8739,-9.2976,6.8206,1.4965,0.2110,0.3171,0.2640,-1.7108,36.4736,38.3928,-0.0371,nan,nan,nan,nan
11.1795,1.2541,0.2062,0.3558,-4.6968,-9.2714,6.6182,1.5153,0.2189,0.3182,0.2641,-1.7354,36.4874,38.3820,-0.0207,nan,nan,nan,nan
11.2025,1.2678,0.2129,0.3567,-4.6968,-9.2714,6.6182,1.5290,0.2249,0.3189,0.2642,-1.7438,36.4940,38.3753,-0.0132,nan,nan,nan,nan
11.2266,1.2856,0.2218,0.3578,-4.5014,-9.2339,6.4068,1.5470,0.2331,0.3199,0.2644,-1.7482,36.5053,38.3594,-0.0077,nan,nan,nan,nan
11.2477,1.2943,0.2263,0.3584,-4.2926,-9.1850,6.1855,1.5557,0.2373,0.3203,0.2644,-1.7397,36.5106,38.3509,-0.0086,nan,nan,nan,nan
11.2750,1.3072,0.2332,0.3592,-4.0691,-9.1286,5.9556,1.5687,0.2437,0.3209,0.2645,-1.7083,36.5168,38.3384,-0.0098,nan,nan,nan,nan
11.2985,1.3198,0.2401,0.3601,-4.0691,-9.1286,5.9556,1.5814,0.2502,0.3214,0.2646,-1.6704,36.5206,38.3307,-0.0135,nan,nan,nan,nan
11.3208,1.3322,0.2471,0.3609,-3.8286,-9.0688,5.7183,1.5939,0.2568,0.3220,0.2647,-1.6158,36.5255,38.3213,-0.0219,nan,nan,nan,nan
11.3417,1.3403,0.2518,0.3614,-3.5769,-9.0041,5.4735,1.6020,0.2613,0.3223,0.2648,-1.5715,36.5286,38.3147,-0.0304,nan,nan,nan,nan
11.3638,1.3522,0.2589,0.3622,-3.5769,-9.0041,5.4735,1.6140,0.2680,0.3228,0.2649,-1.5250,36.5309,38.3093,-0.0362,nan,nan,nan,nan
11.3845,1.3601,0.2636,0.3627,-3.3152,-8.9361,5.2242,1.6219,0.2726,0.3231,0.2650,-1.4561,36.5330,38.3000,-0.0399,nan,nan,nan,nan
11.4071,1.3716,0.2708,0.3634,-3.0383,-8.8699,4.9741,1.6336,0.2795,0.3235,0.2651,-1.3927,36.5347,38.2893,-0.0421,nan,nan,nan,nan
11.4330,1.3867,0.2805,0.3644,-2.7497,-8.8056,4.7243,1.6487,0.2887,0.3241,0.2652,-1.3149,36.5370,38.2690,-0.0446,nan,nan,nan,nan
11.4616,1.4013,0.2902,0.3654,-2.4551,-8.7418,4.4740,1.6634,0.2980,0.3246,0.2654,-1.2409,36.5402,38.2446,-0.0475,nan,nan,nan,nan
11.4880,1.4120,0.2976,0.3661,-2.4551,-8.7418,4.4740,1.6742,0.3050,0.3250,0.2655,-1.2038,36.5417,38.2320,-0.0501,nan,nan,nan,nan
11.5083,1.4190,0.3025,0.3665,-2.1517,-8.6822,4.2241,1.6812,0.3097,0.3253,0.2656,-1.1483,36.5408,38.2206,-0.0529,nan,nan,nan,nan
11.5440,1.4293,0.3099,0.3672,-1.8390,-8.6290,3.9758,1.6916,0.3168,0.3258,0.2657,-1.0925,36.5398,38.2118,-0.0565,nan,nan,nan,nan
11.5667,1.4394,0.3173,0.3679,-1.8390,-8.6290,3.9758,1.7018,0.3240,0.3262,0.2658,-1.0559,36.5402,38.2054,-0.0599,nan,nan,nan,nan
11.5901,1.4460,0.3223,0.3683,-1.5243,-8.5792,3.7290,1.7084,0.3288,0.3265,0.2658,-1.0000,36.5421,38.1963,-0.0605,nan,nan,nan,nan
11.6139,1.4557,0.3298,0.3690,-1.2076,-8.5344,3.4849,1.7182,0.3359,0.3269,0.2659,-0.9492,36.5433,38.1876,-0.0564,nan,nan,nan,nan
11.6403,1.4651,0.3372,0.3696,-1.2076,-8.5344,3.4849,1.7277,0.3431,0.3274,0.2660,-0.9106,36.5445,38.1766,-0.0507,nan,nan,nan,nan
11.6623,1.4713,0.3422,0.3700,-0.8840,-8.4977,3.2467,1.7340,0.3478,0.3277,0.2661,-0.8998,36.5445,38.1733,-0.0487,nan,nan,nan,nan
11.6844,1.4804,0.3497,0.3707,-0.5595,-8.4679,3.0140,1.7432,0.3549,0.3282,0.2662,-0.8648,36.5431,38.1621,-0.0420,nan,nan,nan,nan
11.7125,1.4893,0.3572,0.3713,-0.5595,-8.4679,3.0140,1.7522,0.3621,0.3287,0.2663,-0.8391,36.5416,38.1523,-0.0388,nan,nan,nan,nan
11.7403,1.4951,0.3621,0.3717,-0.2393,-8.4435,2.7843,1.7580,0.3668,0.3290,0.2664,-0.8189,36.5410,38.1448,-0.0357,nan,nan,nan,nan
11.7677,1.5037,0.3696,0.3723,0.0803,-8.4262,2.5582,1.7666,0.3740,0.3295,0.2665,-0.7860,36.5403,38.1309,-0.0280,nan,nan,nan,nan
11.7990,1.5147,0.3795,0.3732,0.3981,-8.4157,2.3368,1.7778,0.3835,0.3302,0.2666,-0.7378,36.5408,38.1117,-0.0217,nan,nan,nan,nan
11.8206,1.5227,0.3868,0.3738,0.3981,-8.4157,2.3368,1.7859,0.3907,0.3308,0.2667,-0.6968,36.5416,38.1019,-0.0222,nan,nan,nan,nan
11.8443,1.5305,0.3942,0.3744,0.7073,-8.4103,2.1194,1.7938,0.3978,0.3313,0.2668,-0.6485,36.5412,38.0904,-0.0290,nan,nan,nan,nan
11.8684,1.5381,0.4015,0.3750,1.0091,-8.4108,1.9055,1.8015,0.4050,0.3319,0.2669,-0.5922,36.5405,38.0791,-0.0318,nan,nan,nan,nan
11.8933,1.5454,0.4087,0.3756,1.3059,-8.4168,1.6960,1.8089,0.4121,0.3325,0.2670,-0.5268,36.5391,38.0696,-0.0345,nan,nan,nan,nan
11.9209,1.5526,0.4159,0.3762,1.3059,-8.4168,1.6960,1.8162,0.4192,0.3331,0.2671,-0.4531,36.5381,38.0606,-0.0356,nan,nan,nan,nan
11.9443,1.5572,0.4207,0.3766,1.5917,-8.4272,1.4911,1.8209,0.4240,0.3336,0.2672,-0.3986,36.5391,38.0552,-0.0353,nan,nan,nan,nan
11.9663,1.5640,0.4278,0.3772,1.8644,-8.4415,1.2904,1.8278,0.4311,0.3342,0.2672,-0.3103,36.5403,38.0474,-0.0360,nan,nan,nan,nan
11.9931,1.5727,0.4372,0.3780,2.1284,-8.4595,1.0963,1.8366,0.4405,0.3351,0.2674,-0.1891,36.5408,38.0350,-0.0367,nan,nan,nan,nan
12.0146,1.5790,0.4441,0.3787,2.1284,-8.4595,1.0963,1.8430,0.4475,0.3358,0.2675,-0.1310,36.5403,38.0266,-0.0380,nan,nan,nan,nan
12.0420,1.5831,0.4487,0.3791,2.3818,-8.4808,0.9105,1.8471,0.4521,0.3362,0.2675,-0.0507,36.5398,38.0145,-0.0428,nan,nan,nan,nan
12.0771,1.5890,0.4556,0.3797,2.6213,-8.5047,0.7339,1.8532,0.4589,0.3369,0.2676,0.0176,36.5403,38.0017,-0.0494,nan,nan,nan,nan
12.1134,1.5965,0.4646,0.3805,2.8489,-8.5300,0.5673,1.8609,0.4678,0.3379,0.2678,0.0905,36.5422,37.9902,-0.0534,nan,nan,nan,nan
12.1351,1.6020,0.4712,0.3811,2.8489,-8.5300,0.5673,1.8646,0.4722,0.3384,0.2661,0.1222,36.5427,37.9873,-0.0563,nan,nan,nan,nan
12.1563,1.6071,0.4778,0.3818,3.0649,-8.5555,0.4100,1.8717,0.4808,0.3393,0.2679,0.1801,36.5443,37.9794,-0.0680,nan,nan,nan,nan
12.1808,1.6137,0.4864,0.3826,3.2647,-8.5814,0.2608,1.8784,0.4893,0.3403,0.2680,0.2350,36.5465,37.9720,-0.0711,nan,nan,nan,nan
12.2055,1.6169,0.4906,0.3830,3.4487,-8.6070,0.1193,1.8816,0.4935,0.3408,0.2681,0.2602,36.5474,37.9692,-0.0678,nan,nan,nan,nan
12.2427,1.6228,0.4989,0.3839,3.6197,-8.6304,-0.0125,1.8877,0.5017,0.3418,0.2682,0.2990,36.5519,37.9630,-0.0630,nan,nan,nan,nan
12.2697,1.6271,0.5051,0.3846,3.6197,-8.6304,-0.0125,1.8920,0.5077,0.3425,0.2683,0.3258,36.5549,37.9583,-0.0589,nan,nan,nan,nan
12.2931,1.6298,0.5091,0.3850,3.7750,-8.6518,-0.1364,1.8948,0.5117,0.3430,0.2683,0.3442,36.5564,37.9556,-0.0562,nan,nan,nan,nan
12.3203,1.6336,0.5151,0.3856,3.9129,-8.6709,-0.2529,1.8988,0.5176,0.3438,0.2684,0.3716,36.5574,37.9535,-0.0563,nan,nan,nan,nan
12.3475,1.6373,0.5209,0.3863,3.9129,-8.6709,-0.2529,1.9025,0.5233,0.3445,0.2685,0.3904,36.5574,37.9522,-0.0575,nan,nan,nan,nan
12.3683,1.6407,0.5267,0.3870,4.0355,-8.6867,-0.3622,1.9060,0.5290,0.3452,0.2686,0.4316,36.5582,37.9464,-0.0608,nan,nan,nan,nan
12.3936,1.6428,0.5305,0.3874,4.1428,-8.6976,-0.4641,1.9082,0.5327,0.3457,0.2686,0.4530,36.5597,37.9422,-0.0621,nan,nan,nan,nan
12.4194,1.6469,0.5378,0.3883,4.2333,-8.7038,-0.5587,1.9123,0.5400,0.3466,0.2688,0.4946,36.5622,37.9315,-0.0657,nan,nan,nan,nan
12.4464,1.6505,0.5450,0.3893,4.3084,-8.7048,-0.6459,1.9161,0.5471,0.3476,0.2689,0.5330,36.5638,37.9223,-0.0699,nan,nan,nan,nan
12.4722,1.6529,0.5503,0.3900,4.3084,-8.7048,-0.6459,1.9186,0.5523,0.3483,0.2690,0.5614,36.5652,37.9179,-0.0709,nan,nan,nan,nan
12.4993,1.6544,0.5537,0.3904,4.3693,-8.6996,-0.7263,1.9202,0.5558,0.3487,0.2690,0.5715,36.5661,37.9167,-0.0712,nan,nan,nan,nan
12.5345,1.6565,0.5588,0.3911,4.4144,-8.6871,-0.8003,1.9223,0.5608,0.3494,0.2691,0.6170,36.5737,37.9094,-0.0702,nan,nan,nan,nan
12.5626,1.6583,0.5637,0.3919,4.4144,-8.6871,-0.8003,1.9243,0.5657,0.3501,0.2692,0.6526,36.5794,37.9037,-0.0687,nan,nan,nan,nan
12.5922,1.6595,0.5669,0.3923,4.4447,-8.6675,-0.8682,1.9254,0.5690,0.3505,0.2692,0.6756,36.5828,37.8997,-0.0677,nan,nan,nan,nan
12.6294,1.6609,0.5717,0.3931,4.4615,-8.6411,-0.9297,1.9270,0.5737,0.3512,0.2693,0.7100,36.5880,37.8970,-0.0673,nan,nan,nan,nan
12.6527,1.6622,0.5763,0.3938,4.4615,-8.6411,-0.9297,1.9283,0.5783,0.3518,0.2694,0.7474,36.5903,37.8949,-0.0702,nan,nan,nan,nan
12.6809,1.6629,0.5793,0.3943,4.4648,-8.6077,-0.9859,1.9290,0.5814,0.3523,0.2694,0.7755,36.5921,37.8933,-0.0734,nan,nan,nan,nan
12.7170,1.6638,0.5838,0.3950,4.4546,-8.5657,-1.0375,1.9300,0.5859,0.3529,0.2695,0.8227,36.5950,37.8899,-0.0800,nan,nan,nan,nan
12.7440,1.6645,0.5881,0.3958,4.4546,-8.5657,-1.0375,1.9307,0.5902,0.3535,0.2696,0.8551,36.5966,37.8875,-0.0837,nan,nan,nan,nan
12.7715,1.6648,0.5909,0.3963,4.4321,-8.5155,-1.0836,1.9311,0.5931,0.3539,0.2696,0.8862,36.5990,37.8833,-0.0849,nan,nan,nan,nan
12.8000,1.6651,0.5950,0.3971,4.3980,-8.4577,-1.1246,1.9315,0.5973,0.3544,0.2697,0.9485,36.6031,37.8750,-0.0829,nan,nan,nan,nan
12.8270,1.6652,0.5990,0.3979,4.3980,-8.4577,-1.1246,1.9316,0.6014,0.3550,0.2698,0.9785,36.6049,37.8705,-0.0820,nan,nan,nan,nan
12.8484,1.6652,0.6016,0.3984,4.3544,-8.3913,-1.1601,1.9316,0.6040,0.3554,0.2698,1.0180,36.6069,37.8670,-0.0781,nan,nan,nan,nan
12.8699,1.6649,0.6055,0.3992,4.3023,-8.3160,-1.1893,1.9313,0.6079,0.3559,0.2699,1.0493,36.6096,37.8667,-0.0791,nan,nan,nan,nan
12.8972,1.6645,0.6092,0.4000,4.3023,-8.3160,-1.1893,1.9309,0.6116,0.3565,0.2700,1.0739,36.6134,37.8643,-0.0807,nan,nan,nan,nan
12.9237,1.6640,0.6116,0.4006,4.2411,-8.2334,-1.2128,1.9305,0.6140,0.3568,0.2700,1.0805,36.6145,37.8630,-0.0798,nan,nan,nan,nan
12.9533,1.6632,0.6152,0.4014,4.1733,-8.1436,-1.2303,1.9297,0.6175,0.3573,0.2701,1.0941,36.6150,37.8583,-0.0765,nan,nan,nan,nan
12.9818,1.6618,0.6197,0.4026,4.1001,-8.0451,-1.2429,1.9283,0.6220,0.3579,0.2702,1.0959,36.6119,37.8537,-0.0770,nan,nan,nan,nan
13.0063,1.6605,0.6231,0.4034,4.1001,-8.0451,-1.2429,1.9270,0.6252,0.3584,0.2703,1.0934,36.6119,37.8488,-0.0734,nan,nan,nan,nan
13.0287,1.6595,0.6252,0.4040,4.0205,-7.9391,-1.2517,1.9261,0.6273,0.3587,0.2703,1.0914,36.6118,37.8464,-0.0727,nan,nan,nan,nan
13.0531,1.6579,0.6284,0.4049,3.9343,-7.8261,-1.2578,1.9244,0.6303,0.3592,0.2704,1.0893,36.6137,37.8441,-0.0731,nan,nan,nan,nan
13.0835,1.6554,0.6324,0.4061,3.8449,-7.7038,-1.2614,1.9220,0.6342,0.3599,0.2705,1.0863,36.6184,37.8409,-0.0757,nan,nan,nan,nan
13.1104,1.6534,0.6353,0.4070,3.8449,-7.7038,-1.2614,1.9199,0.6371,0.3603,0.2706,1.0840,36.6222,37.8375,-0.0794,nan,nan,nan,nan
13.1378,1.6519,0.6372,0.4077,3.7524,-7.5738,-1.2631,1.9184,0.6389,0.3606,0.2706,1.0840,36.6251,37.8344,-0.0801,nan,nan,nan,nan
13.1695,1.6495,0.6400,0.4086,3.6553,-7.4391,-1.2634,1.9160,0.6416,0.3611,0.2707,1.0846,36.6282,37.8291,-0.0827,nan,nan,nan,nan
13.1930,1.6469,0.6426,0.4096,3.6553,-7.4391,-1.2634,1.9134,0.6442,0.3616,0.2708,1.0837,36.6325,37.8234,-0.0835,nan,nan,nan,nan
13.2143,1.6451,0.6444,0.4102,3.5570,-7.2971,-1.2619,1.9115,0.6459,0.3619,0.2708,1.0832,36.6341,37.8208,-0.0830,nan,nan,nan,nan
13.2435,1.6422,0.6469,0.4112,3.4591,-7.1480,-1.2591,1.9086,0.6483,0.3623,0.2709,1.0810,36.6373,37.8111,-0.0696,nan,nan,nan,nan
13.2712,1.6381,0.6501,0.4126,3.3597,-6.9947,-1.2555,1.9045,0.6515,0.3629,0.2710,1.0801,36.6409,37.7990,-0.0516,nan,nan,nan,nan
13.3063,1.6336,0.6532,0.4139,3.2599,-6.8370,-1.2511,1.9000,0.6545,0.3635,0.2711,1.0783,36.6446,37.7865,-0.0393,nan,nan,nan,nan
13.3306,1.6289,0.6561,0.4154,3.1639,-6.6730,-1.2449,1.8952,0.6573,0.3641,0.2712,1.0645,36.6484,37.7768,-0.0279,nan,nan,nan,nan
13.3602,1.6239,0.6590,0.4168,3.0704,-6.5053,-1.2367,1.8901,0.6599,0.3648,0.2713,1.0367,36.6511,37.7721,-0.0137,nan,nan,nan,nan
13.3840,1.6199,0.6610,0.4179,3.0704,-6.5053,-1.2367,1.8861,0.6618,0.3653,0.2713,1.0163,36.6519,37.7671,-0.0105,nan,nan,nan,nan
13.4074,1.6172,0.6623,0.4187,2.9784,-6.3365,-1.2267,1.8834,0.6630,0.3656,0.2714,0.9936,36.6516,37.7603,-0.0075,nan,nan,nan,nan
13.4365,1.6130,0.6642,0.4198,2.8907,-6.1630,-1.2161,1.8791,0.6647,0.3661,0.2715,0.9430,36.6521,37.7484,-0.0055,nan,nan,nan,nan
13.4573,1.6086,0.6661,0.4209,2.8907,-6.1630,-1.2161,1.8747,0.6663,0.3666,0.2715,0.9035,36.6535,37.7443,-0.0076,nan,nan,nan,nan
13.4869,1.6057,0.6673,0.4217,2.8074,-5.9855,-1.2055,1.8716,0.6674,0.3669,0.2716,0.8778,36.6541,37.7432,-0.0045,nan,nan,nan,nan
13.5232,1.6011,0.6690,0.4229,2.7265,-5.8082,-1.1956,1.8670,0.6689,0.3675,0.2716,0.8391,36.6545,37.7404,0.0033,nan,nan,nan,nan
13.5476,1.5963,0.6707,0.4241,2.7265,-5.8082,-1.1956,1.8621,0.6704,0.3680,0.2717,0.8130,36.6542,37.7371,0.0101,nan,nan,nan,nan
13.5707,1.5931,0.6717,0.4249,2.6500,-5.6295,-1.1865,1.8589,0.6713,0.3684,0.2717,0.7862,36.6542,37.7329,0.0174,nan,nan,nan,nan
13.5979,1.5881,0.6733,0.4262,2.5797,-5.4478,-1.1777,1.8538,0.6727,0.3690,0.2718,0.7305,36.6534,37.7254,0.0294,nan,nan,nan,nan
13.6215,1.5830,0.6748,0.4274,2.5797,-5.4478,-1.1777,1.8486,0.6740,0.3696,0.2718,0.6932,36.6540,37.7197,0.0340,nan,nan,nan,nan
13.6498,1.5796,0.6757,0.4283,2.5133,-5.2668,-1.1709,1.8451,0.6748,0.3700,0.2719,0.6743,36.6538,37.7158,0.0363,nan,nan,nan,nan
13.6849,1.5743,0.6771,0.4296,2.4500,-5.0878,-1.1676,1.8397,0.6761,0.3707,0.2719,0.6547,36.6528,37.7123,0.0375,nan,nan,nan,nan
13.7057,1.5688,0.6785,0.4309,2.4500,-5.0878,-1.1676,1.8342,0.6774,0.3714,0.2720,0.6430,36.6545,37.7097,0.0394,nan,nan,nan,nan
13.7315,1.5633,0.6797,0.4323,2.3918,-4.9074,-1.1667,1.8286,0.6786,0.3721,0.2720,0.6404,36.6553,37.7097,0.0414,nan,nan,nan,nan
13.7523,1.5595,0.6805,0.4332,2.3390,-4.7282,-1.1683,1.8247,0.6793,0.3726,0.2720,0.6386,36.6544,37.7111,0.0418,nan,nan,nan,nan
13.7740,1.5538,0.6817,0.4345,2.3390,-4.7282,-1.1683,1.8189,0.6805,0.3733,0.2721,0.6334,36.6532,37.7113,0.0435,nan,nan,nan,nan
13.8005,1.5480,0.6828,0.4359,2.2919,-4.5531,-1.1703,1.8130,0.6815,0.3741,0.2721,0.6255,36.6545,37.7093,0.0449,nan,nan,nan,nan
13.8235,1.5421,0.6839,0.4374,2.2508,-4.3794,-1.1728,1.8069,0.6825,0.3749,0.2721,0.6193,36.6555,37.7094,0.0439,nan,nan,nan,nan
13.8446,1.5360,0.6849,0.4388,2.2167,-4.2073,-1.1755,1.8008,0.6834,0.3758,0.2722,0.6016,36.6559,37.7108,0.0345,nan,nan,nan,nan
13.8718,1.5299,0.6859,0.4403,2.2167,-4.2073,-1.1755,1.7945,0.6843,0.3767,0.2722,0.5913,36.6551,37.7130,0.0277,nan,nan,nan,nan
13.8957,1.5258,0.6865,0.4413,2.1884,-4.0404,-1.1791,1.7903,0.6849,0.3773,0.2722,0.5830,36.6546,37.7185,0.0201,nan,nan,nan,nan
13.9289,1.5195,0.6874,0.4428,2.1650,-3.8774,-1.1850,1.7839,0.6857,0.3783,0.2722,0.5725,36.6564,37.7267,0.0020,nan,nan,nan,nan
13.9601,1.5110,0.6885,0.4449,2.1471,-3.7166,-1.1923,1.7753,0.6867,0.3796,0.2722,0.5675,36.6600,37.7294,-0.0038,nan,nan,nan,nan
13.9824,1.5045,0.6892,0.4464,2.1471,-3.7166,-1.1923,1.7687,0.6875,0.3806,0.2723,0.5678,36.6620,37.7308,0.0016,nan,nan,nan,nan
14.0089,1.5001,0.6897,0.4475,2.1340,-3.5610,-1.2012,1.7642,0.6879,0.3814,0.2723,0.5699,36.6632,37.7301,0.0053,nan,nan,nan,nan
14.0396,1.4935,0.6904,0.4491,2.1258,-3.4119,-1.2115,1.7575,0.6886,0.3825,0.2723,0.5736,36.6651,37.7283,0.0063,nan,nan,nan,nan
14.0712,1.4846,0.6912,0.4513,2.1221,-3.2669,-1.2230,1.7484,0.6894,0.3840,0.2723,0.5823,36.6668,37.7273,0.0044,nan,nan,nan,nan
14.0933,1.4778,0.6917,0.4530,2.1221,-3.2669,-1.2230,1.7416,0.6899,0.3852,0.2724,0.5865,36.6686,37.7275,-0.0022,nan,nan,nan,nan
14.1217,1.4732,0.6920,0.4541,2.1229,-3.1263,-1.2340,1.7369,0.6903,0.3860,0.2724,0.5850,36.6699,37.7271,-0.0046,nan,nan,nan,nan
14.1467,1.4663,0.6925,0.4558,2.1292,-2.9928,-1.2445,1.7299,0.6907,0.3873,0.2724,0.5790,36.6718,37.7274,-0.0056,nan,nan,nan,nan
14.1836,1.4570,0.6930,0.4582,2.1394,-2.8643,-1.2552,1.7205,0.6912,0.3890,0.2724,0.5718,36.6768,37.7257,-0.0029,nan,nan,nan,nan
14.2209,1.4476,0.6935,0.4606,2.1524,-2.7403,-1.2666,1.7110,0.6916,0.3908,0.2724,0.5690,36.6788,37.7280,0.0067,nan,nan,nan,nan
14.2425,1.4405,0.6938,0.4624,2.1524,-2.7403,-1.2666,1.7037,0.6919,0.3923,0.2725,0.5669,36.6789,37.7304,0.0113,nan,nan,nan,nan
14.2696,1.4357,0.6939,0.4636,2.1687,-2.6226,-1.2783,1.6989,0.6920,0.3932,0.2725,0.5655,36.6790,37.7354,0.0133,nan,nan,nan,nan
14.3015,1.4285,0.6941,0.4655,2.1880,-2.5112,-1.2907,1.6916,0.6922,0.3947,0.2725,0.5666,36.6787,37.7389,0.0122,nan,nan,nan,nan
14.3243,1.4212,0.6942,0.4674,2.1880,-2.5112,-1.2907,1.6842,0.6923,0.3963,0.2725,0.5729,36.6773,37.7437,0.0076,nan,nan,nan,nan
14.3451,1.4163,0.6943,0.4687,2.2083,-2.4043,-1.3039,1.6793,0.6924,0.3973,0.2725,0.5788,36.6753,37.7480,0.0046,nan,nan,nan,nan
14.3820,1.4090,0.6943,0.4706,2.2304,-2.3027,-1.3173,1.6719,0.6925,0.3989,0.2725,0.5879,36.6720,37.7541,0.0061,nan,nan,nan,nan
14.4131,1.3991,0.6943,0.4733,2.2545,-2.2071,-1.3308,1.6619,0.6925,0.4011,0.2725,0.6016,36.6690,37.7628,0.0102,nan,nan,nan,nan
14.4395,1.3916,0.6942,0.4753,2.2545,-2.2071,-1.3308,1.6543,0.6925,0.4028,0.2725,0.6137,36.6684,37.7664,0.0114,nan,nan,nan,nan
14.4624,1.3841,0.6940,0.4773,2.2785,-2.1160,-1.3459,1.6468,0.6925,0.4046,0.2725,0.6395,36.6694,37.7685,0.0119,nan,nan,nan,nan
14.4856,1.3766,0.6938,0.4794,2.3017,-2.0285,-1.3619,1.6392,0.6924,0.4063,0.2725,0.6705,36.6707,37.7678,0.0112,nan,nan,nan,nan
14.5065,1.3690,0.6935,0.4815,2.3251,-1.9472,-1.3782,1.6315,0.6923,0.4081,0.2726,0.7169,36.6690,37.7659,0.0105,nan,nan,nan,nan
14.5389,1.3588,0.6931,0.4843,2.3481,-1.8716,-1.3943,1.6213,0.6920,0.4106,0.2726,0.7674,36.6665,37.7634,0.0078,nan,nan,nan,nan
14.5602,1.3512,0.6927,0.4865,2.3481,-1.8716,-1.3943,1.6135,0.6917,0.4125,0.2726,0.7971,36.6645,37.7606,0.0101,nan,nan,nan,nan
14.5803,1.3460,0.6924,0.4880,2.3708,-1.7996,-1.4079,1.6084,0.6915,0.4138,0.2726,0.8108,36.6632,37.7587,0.0119,nan,nan,nan,nan
14.6100,1.3383,0.6919,0.4902,2.3938,-1.7315,-1.4184,1.6006,0.6911,0.4158,0.2726,0.8223,36.6624,37.7567,0.0130,nan,nan,nan,nan
14.6360,1.3305,0.6913,0.4924,2.3938,-1.7315,-1.4184,1.5928,0.6905,0.4178,0.2727,0.8245,36.6627,37.7552,0.0127,nan,nan,nan,nan
14.6562,1.3227,0.6907,0.4947,2.4172,-1.6684,-1.4263,1.5850,0.6899,0.4199,0.2727,0.8189,36.6651,37.7510,0.0158,nan,nan,nan,nan
14.6774,1.3175,0.6902,0.4962,2.4389,-1.6082,-1.4323,1.5797,0.6895,0.4213,0.2727,0.8151,36.6663,37.7485,0.0164,nan,nan,nan,nan
14.7039,1.3071,0.6893,0.4994,2.4582,-1.5515,-1.4374,1.5692,0.6885,0.4241,0.2727,0.8064,36.6657,37.7424,0.0137,nan,nan,nan,nan
14.7364,1.2965,0.6882,0.5025,2.4758,-1.4991,-1.4416,1.5586,0.6874,0.4270,0.2728,0.7968,36.6621,37.7395,0.0065,nan,nan,nan,nan
14.7625,1.2860,0.6870,0.5058,2.4906,-1.4491,-1.4453,1.5480,0.6862,0.4300,0.2728,0.7895,36.6601,37.7404,0.0018,nan,nan,nan,nan
14.7883,1.2780,0.6860,0.5082,2.4906,-1.4491,-1.4453,1.5400,0.6853,0.4323,0.2728,0.7906,36.6584,37.7408,0.0029,nan,nan,nan,nan
14.8151,1.2727,0.6854,0.5099,2.5012,-1.4012,-1.4490,1.5347,0.6846,0.4338,0.2728,0.7910,36.6580,37.7412,0.0030,nan,nan,nan,nan
14.8398,1.2647,0.6843,0.5124,2.5090,-1.3556,-1.4515,1.5266,0.6836,0.4361,0.2728,0.7885,36.6563,37.7459,0.0021,nan,nan,nan,nan
14.8672,1.2567,0.6832,0.5149,2.5090,-1.3556,-1.4515,1.5186,0.6825,0.4385,0.2728,0.7864,36.6554,37.7491,0.0025,nan,nan,nan,nan
14.8943,1.2513,0.6824,0.5166,2.5138,-1.3124,-1.4529,1.5132,0.6817,0.4401,0.2728,0.7840,36.6552,37.7499,0.0025,nan,nan,nan,nan
14.9225,1.2433,0.6811,0.5192,2.5149,-1.2708,-1.4530,1.5051,0.6804,0.4426,0.2728,0.7784,36.6516,37.7555,-0.0016,nan,nan,nan,nan
14.9456,1.2352,0.6799,0.5218,2.5149,-1.2708,-1.4530,1.4970,0.6791,0.4450,0.2728,0.7740,36.6496,37.7622,-0.0060,nan,nan,nan,nan
14.9698,1.2298,0.6790,0.5236,2.5124,-1.2305,-1.4525,1.4916,0.6783,0.4467,0.2728,0.7735,36.6490,37.7647,-0.0070,nan,nan,nan,nan
14.9940,1.2217,0.6775,0.5262,2.5055,-1.1919,-1.4517,1.4834,0.6769,0.4492,0.2728,0.7739,36.6479,37.7723,-0.0073,nan,nan,nan,nan
15.0287,1.2109,0.6756,0.5298,2.4943,-1.1541,-1.4506,1.4725,0.6749,0.4527,0.2728,0.7789,36.6471,37.7796,-0.0025,nan,nan,nan,nan
15.0547,1.2027,0.6740,0.5326,2.4943,-1.1541,-1.4506,1.4643,0.6734,0.4553,0.2728,0.7838,36.6458,37.7841,0.0008,nan,nan,nan,nan
15.0787,1.1945,0.6724,0.5353,2.4791,-1.1171,-1.4492,1.4561,0.6719,0.4579,0.2728,0.7919,36.6435,37.7917,0.0057,nan,nan,nan,nan
15.1031,1.1863,0.6707,0.5381,2.4594,-1.0809,-1.4476,1.4479,0.6702,0.4606,0.2728,0.8024,36.6429,37.8013,0.0121,nan,nan,nan,nan
15.1301,1.1781,0.6690,0.5410,2.4355,-1.0453,-1.4453,1.4396,0.6686,0.4633,0.2728,0.8160,36.6433,37.8109,0.0190,nan,nan,nan,nan
15.1543,1.1699,0.6672,0.5438,2.4355,-1.0453,-1.4453,1.4313,0.6668,0.4661,0.2728,0.8195,36.6438,37.8138,0.0238,nan,nan,nan,nan
15.1749,1.1617,0.6654,0.5467,2.4086,-1.0098,-1.4413,1.4231,0.6649,0.4688,0.2728,0.8226,36.6431,37.8163,0.0250,nan,nan,nan,nan
15.2007,1.1534,0.6634,0.5496,2.3785,-0.9745,-1.4353,1.4148,0.6630,0.4716,0.2728,0.8130,36.6419,37.8173,0.0199,nan,nan,nan,nan
15.2264,1.1452,0.6615,0.5526,2.3452,-0.9395,-1.4270,1.4065,0.6610,0.4744,0.2728,0.7981,36.6409,37.8188,0.0143,nan,nan,nan,nan
15.2622,1.1341,0.6588,0.5565,2.3077,-0.9035,-1.4195,1.3954,0.6582,0.4782,0.2728,0.7887,36.6410,37.8211,0.0093,nan,nan,nan,nan
15.2831,1.1258,0.6567,0.5596,2.3077,-0.9035,-1.4195,1.3898,0.6568,0.4802,0.2757,0.7879,36.6416,37.8233,0.0104,nan,nan,nan,nan
15.3073,1.1175,0.6545,0.5626,2.2664,-0.8661,-1.4123,1.3787,0.6540,0.4840,0.2728,0.7876,36.6432,37.8261,0.0105,nan,nan,nan,nan
15.3276,1.1120,0.6530,0.5647,2.2209,-0.8287,-1.4050,1.3731,0.6525,0.4860,0.2728,0.7880,36.6447,37.8260,0.0060,nan,nan,nan,nan
15.3551,1.1036,0.6508,0.5678,2.2209,-0.8287,-1.4050,1.3648,0.6502,0.4890,0.2728,0.7869,36.6458,37.8254,0.0032,nan,nan,nan,nan
15.3812,1.0981,0.6493,0.5698,2.1726,-0.7910,-1.3963,1.3592,0.6487,0.4910,0.2728,0.7787,36.6470,37.8255,0.0022,nan,nan,nan,nan
15.4117,1.0897,0.6469,0.5730,2.1236,-0.7519,-1.3856,1.3508,0.6463,0.4940,0.2728,0.7608,36.6488,37.8277,0.0047,nan,nan,nan,nan
15.4403,1.0786,0.6437,0.5772,2.0723,-0.7125,-1.3731,1.3396,0.6429,0.4980,0.2728,0.7282,36.6518,37.8305,0.0118,nan,nan,nan,nan
15.4641,1.0702,0.6413,0.5804,2.0723,-0.7125,-1.3731,1.3312,0.6404,0.5011,0.2728,0.7147,36.6514,37.8314,0.0140,nan,nan,nan,nan
15.4868,1.0646,0.6396,0.5826,2.0173,-0.6732,-1.3616,1.3256,0.6387,0.5031,0.2728,0.7052,36.6507,37.8311,0.0146,nan,nan,nan,nan
15.5100,1.0563,0.6371,0.5859,1.9603,-0.6329,-1.3513,1.3172,0.6361,0.5062,0.2728,0.6913,36.6480,37.8290,0.0095,nan,nan,nan,nan
15.5395,1.0451,0.6336,0.5903,1.9011,-0.5917,-1.3409,1.3060,0.6326,0.5104,0.2728,0.6813,36.6451,37.8256,0.0090,nan,nan,nan,nan
15.5597,1.0367,0.6310,0.5936,1.9011,-0.5917,-1.3409,1.2976,0.6299,0.5136,0.2728,0.6794,36.6433,37.8233,0.0081,nan,nan,nan,nan
15.5858,1.0311,0.6292,0.5958,1.8391,-0.5509,-1.3318,1.2919,0.6281,0.5157,0.2728,0.6803,36.6416,37.8211,0.0068,nan,nan,nan,nan
15.6171,1.0227,0.6265,0.5992,1.7757,-0.5094,-1.3236,1.2835,0.6254,0.5189,0.2729,0.6845,36.6398,37.8158,0.0089,nan,nan,nan,nan
15.6394,1.0144,0.6237,0.6026,1.7757,-0.5094,-1.3236,1.2751,0.6226,0.5221,0.2729,0.6838,36.6394,37.8135,0.0099,nan,nan,nan,nan
15.6664,1.0088,0.6219,0.6049,1.7127,-0.4666,-1.3140,1.2695,0.6207,0.5243,0.2729,0.6766,36.6407,37.8103,0.0087,nan,nan,nan,nan
15.6969,1.0004,0.6190,0.6083,1.6491,-0.4240,-1.3034,1.2610,0.6178,0.5276,0.2729,0.6653,36.6418,37.8079,0.0100,nan,nan,nan,nan
15.7270,0.9892,0.6152,0.6130,1.5850,-0.3820,-1.2924,1.2498,0.6139,0.5320,0.2729,0.6467,36.6410,37.8090,0.0076,nan,nan,nan,nan
15.7508,0.9808,0.6123,0.6165,1.5850,-0.3820,-1.2924,1.2413,0.6109,0.5354,0.2729,0.6348,36.6411,37.8112,0.0067,nan,nan,nan,nan
15.7728,0.9752,0.6103,0.6188,1.5218,-0.3386,-1.2808,1.2357,0.6088,0.5377,0.2729,0.6148,36.6431,37.8125,0.0069,nan,nan,nan,nan
15.8002,0.9668,0.6074,0.6224,1.4588,-0.2948,-1.2690,1.2273,0.6058,0.5411,0.2729,0.5944,36.6466,37.8136,0.0069,nan,nan,nan,nan
15.8244,0.9585,0.6044,0.6260,1.4588,-0.2948,-1.2690,1.2189,0.6027,0.5445,0.2729,0.5737,36.6498,37.8139,0.0030,nan,nan,nan,nan
15.8535,0.9529,0.6023,0.6284,1.3956,-0.2519,-1.2574,1.2132,0.6006,0.5468,0.2729,0.5601,36.6515,37.8136,-0.0010,nan,nan,nan,nan
15.8856,0.9445,0.5993,0.6320,1.3335,-0.2092,-1.2467,1.2048,0.5974,0.5503,0.2729,0.5412,36.6531,37.8123,-0.0032,nan,nan,nan,nan
15.9133,0.9333,0.5952,0.6369,1.2730,-0.1669,-1.2366,1.1936,0.5932,0.5550,0.2729,0.5171,36.6535,37.8091,0.0002,nan,nan,nan,nan
15.9354,0.9250,0.5920,0.6406,1.2730,-0.1669,-1.2366,1.1852,0.5899,0.5585,0.2729,0.5058,36.6532,37.8092,0.0026,nan,nan,nan,nan
15.9612,0.9167,0.5889,0.6443,1.2129,-0.1257,-1.2269,1.1768,0.5867,0.5621,0.2729,0.4789,36.6529,37.8129,0.0054,nan,nan,nan,nan
15.9879,0.9083,0.5857,0.6480,1.1548,-0.0851,-1.2165,1.1684,0.5834,0.5656,0.2729,0.4615,36.6521,37.8156,0.0055,nan,nan,nan,nan
16.0107,0.9000,0.5825,0.6518,1.0995,-0.0446,-1.2066,1.1600,0.5800,0.5693,0.2728,0.4284,36.6494,37.8214,0.0031,nan,nan,nan,nan
16.0336,0.8917,0.5793,0.6556,1.0995,-0.0446,-1.2066,1.1517,0.5767,0.5729,0.2728,0.4056,36.6466,37.8265,0.0050,nan,nan,nan,nan
16.0545,0.8861,0.5771,0.6581,1.0456,-0.0052,-1.1976,1.1461,0.5744,0.5753,0.2728,0.3979,36.6464,37.8272,0.0057,nan,nan,nan,nan
16.0797,0.8778,0.5739,0.6619,0.9936,0.0334,-1.1890,1.1378,0.5711,0.5790,0.2728,0.3662,36.6454,37.8291,0.0111,nan,nan,nan,nan
16.1084,0.8668,0.5695,0.6670,0.9440,0.0719,-1.1818,1.1266,0.5665,0.5840,0.2728,0.3402,36.6442,37.8327,0.0187,nan,nan,nan,nan
16.1325,0.8585,0.5662,0.6709,0.9440,0.0719,-1.1818,1.1183,0.5631,0.5877,0.2728,0.3237,36.6468,37.8334,0.0172,nan,nan,nan,nan
16.1527,0.8530,0.5639,0.6735,0.8966,0.1105,-1.1755,1.1128,0.5608,0.5902,0.2728,0.3135,36.6472,37.8328,0.0166,nan,nan,nan,nan
16.1875,0.8448,0.5606,0.6774,0.8506,0.1473,-1.1704,1.1045,0.5574,0.5940,0.2728,0.3010,36.6482,37.8304,0.0143,nan,nan,nan,nan
16.2209,0.8338,0.5561,0.6827,0.8067,0.1835,-1.1668,1.0935,0.5528,0.5991,0.2728,0.2930,36.6476,37.8330,0.0081,nan,nan,nan,nan
16.2458,0.8256,0.5527,0.6866,0.8067,0.1835,-1.1668,1.0852,0.5494,0.6029,0.2728,0.2883,36.6470,37.8355,0.0073,nan,nan,nan,nan
16.2744,0.8147,0.5482,0.6919,0.7662,0.2192,-1.1638,1.0742,0.5448,0.6081,0.2728,0.2837,36.6446,37.8386,0.0053,nan,nan,nan,nan
16.2995,0.8092,0.5459,0.6946,0.7275,0.2539,-1.1621,1.0688,0.5425,0.6107,0.2728,0.2838,36.6445,37.8388,0.0047,nan,nan,nan,nan
16.3307,0.8011,0.5425,0.6986,0.6915,0.2876,-1.1604,1.0606,0.5390,0.6146,0.2728,0.2805,36.6447,37.8425,0.0056,nan,nan,nan,nan
16.3552,0.7930,0.5390,0.7027,0.6915,0.2876,-1.1604,1.0524,0.5355,0.6185,0.2728,0.2727,36.6451,37.8455,0.0062,nan,nan,nan,nan
16.3754,0.7848,0.5356,0.7067,0.6601,0.3207,-1.1574,1.0442,0.5320,0.6224,0.2728,0.2551,36.6458,37.8473,0.0033,nan,nan,nan,nan
16.4002,0.7741,0.5309,0.7122,0.6323,0.3527,-1.1539,1.0334,0.5272,0.6278,0.2727,0.2247,36.6472,37.8496,0.0003,nan,nan,nan,nan
16.4260,0.7687,0.5286,0.7149,0.6064,0.3835,-1.1514,1.0280,0.5248,0.6304,0.2727,0.2163,36.6474,37.8535,0.0026,nan,nan,nan,nan
16.4524,0.7606,0.5251,0.7190,0.6064,0.3835,-1.1514,1.0198,0.5213,0.6345,0.2727,0.2064,36.6480,37.8608,0.0071,nan,nan,nan,nan
16.4751,0.7553,0.5228,0.7218,0.5828,0.4139,-1.1503,1.0145,0.5189,0.6371,0.2727,0.2043,36.6481,37.8630,0.0069,nan,nan,nan,nan
16.5090,0.7472,0.5193,0.7259,0.5617,0.4437,-1.1505,1.0064,0.5154,0.6412,0.2727,0.2004,36.6482,37.8698,-0.0005,nan,nan,nan,nan
16.5307,0.7393,0.5157,0.7301,0.5617,0.4437,-1.1505,0.9984,0.5118,0.6453,0.2727,0.2021,36.6492,37.8720,-0.0028,nan,nan,nan,nan
16.5514,0.7339,0.5134,0.7329,0.5422,0.4725,-1.1518,0.9930,0.5095,0.6480,0.2726,0.2052,36.6491,37.8741,-0.0046,nan,nan,nan,nan
16.5755,0.7233,0.5086,0.7385,0.5246,0.5001,-1.1538,0.9824,0.5047,0.6535,0.2726,0.2140,36.6484,37.8769,-0.0041,nan,nan,nan,nan
16.6005,0.7154,0.5051,0.7427,0.5094,0.5277,-1.1564,0.9744,0.5012,0.6576,0.2726,0.2265,36.6495,37.8827,-0.0052,nan,nan,nan,nan
16.6275,0.7075,0.5015,0.7469,0.5094,0.5277,-1.1564,0.9664,0.4977,0.6617,0.2726,0.2333,36.6510,37.8826,-0.0040,nan,nan,nan,nan
16.6551,0.7023,0.4991,0.7497,0.4964,0.5546,-1.1590,0.9612,0.4953,0.6645,0.2726,0.2384,36.6526,37.8816,-0.0030,nan,nan,nan,nan
16.6885,0.6944,0.4955,0.7540,0.4858,0.5808,-1.1607,0.9533,0.4917,0.6687,0.2726,0.2413,36.6570,37.8823,-0.0000,nan,nan,nan,nan
16.7165,0.6866,0.4919,0.7582,0.4858,0.5808,-1.1607,0.9454,0.4881,0.6728,0.2726,0.2361,36.6606,37.8841,0.0014,nan,nan,nan,nan
16.7383,0.6788,0.4883,0.7625,0.4782,0.6069,-1.1610,0.9376,0.4844,0.6770,0.2726,0.2270,36.6632,37.8868,0.0026,nan,nan,nan,nan
16.7628,0.6736,0.4859,0.7653,0.4724,0.6321,-1.1607,0.9323,0.4820,0.6798,0.2725,0.2221,36.6636,37.8884,0.0037,nan,nan,nan,nan
16.7888,0.6658,0.4823,0.7696,0.4724,0.6321,-1.1607,0.9245,0.4784,0.6841,0.2725,0.2146,36.6617,37.8912,0.0078,nan,nan,nan,nan
16.8154,0.6607,0.4799,0.7725,0.4680,0.6561,-1.1606,0.9194,0.4759,0.6869,0.2725,0.2115,36.6614,37.8909,0.0096,nan,nan,nan,nan
16.8469,0.6529,0.4763,0.7768,0.4650,0.6801,-1.1605,0.9116,0.4723,0.6911,0.2725,0.2008,36.6622,37.8833,0.0196,nan,nan,nan,nan
16.8688,0.6452,0.4727,0.7811,0.4650,0.6801,-1.1605,0.9039,0.4686,0.6953,0.2726,0.1911,36.6615,37.8772,0.0283,nan,nan,nan,nan
16.8889,0.6401,0.4702,0.7840,0.4633,0.7038,-1.1597,0.8988,0.4661,0.6981,0.2726,0.1846,36.6604,37.8746,0.0345,nan,nan,nan,nan
16.9241,0.6325,0.4666,0.7884,0.4624,0.7270,-1.1595,0.8911,0.4625,0.7024,0.2725,0.1776,36.6589,37.8739,0.0422,nan,nan,nan,nan
16.9549,0.6224,0.4617,0.7942,0.4620,0.7502,-1.1599,0.8809,0.4576,0.7081,0.2725,0.1753,36.6575,37.8745,0.0485,nan,nan,nan,nan
16.9911,0.6123,0.4568,0.8000,0.4618,0.7738,-1.1596,0.8708,0.4527,0.7138,0.2725,0.1716,36.6586,37.8742,0.0490,nan,nan,nan,nan
17.0115,0.6047,0.4531,0.8044,0.4618,0.7738,-1.1596,0.8632,0.4489,0.7181,0.2725,0.1658,36.6581,37.8731,0.0465,nan,nan,nan,nan
17.0354,0.5972,0.4494,0.8087,0.4634,0.7969,-1.1582,0.8557,0.4452,0.7223,0.2725,0.1533,36.6576,37.8715,0.0452,nan,nan,nan,nan
17.0554,0.5922,0.4470,0.8117,0.4653,0.8199,-1.1556,0.8506,0.4427,0.7252,0.2725,0.1396,36.6579,37.8686,0.0453,nan,nan,nan,nan
17.0919,0.5823,0.4420,0.8175,0.4672,0.8431,-1.1533,0.8407,0.4377,0.7310,0.2725,0.1243,36.6568,37.8667,0.0385,nan,nan,nan,nan
17.1229,0.5724,0.4371,0.8234,0.4686,0.8671,-1.1520,0.8307,0.4327,0.7367,0.2725,0.1174,36.6584,37.8696,0.0244,nan,nan,nan,nan
17.1587,0.5626,0.4321,0.8293,0.4692,0.8912,-1.1504,0.8209,0.4278,0.7425,0.2725,0.1134,36.6622,37.8739,0.0093,nan,nan,nan,nan
17.1848,0.5553,0.4283,0.8337,0.4692,0.8912,-1.1504,0.8135,0.4240,0.7469,0.2724,0.1091,36.6661,37.8788,0.0031,nan,nan,nan,nan
17.2081,0.5480,0.4246,0.8381,0.4695,0.9159,-1.1480,0.8062,0.4202,0.7512,0.2724,0.1070,36.6702,37.8821,0.0010,nan,nan,nan,nan
17.2362,0.5432,0.4221,0.8410,0.4693,0.9408,-1.1460,0.8013,0.4177,0.7541,0.2724,0.1062,36.6714,37.8835,-0.0024,nan,nan,nan,nan
17.2585,0.5359,0.4183,0.8454,0.4693,0.9408,-1.1460,0.7940,0.4140,0.7585,0.2724,0.1045,36.6723,37.8840,-0.0035,nan,nan,nan,nan
17.2821,0.5311,0.4158,0.8484,0.4689,0.9651,-1.1436,0.7892,0.4115,0.7613,0.2724,0.1021,36.6706,37.8811,-0.0039,nan,nan,nan,nan
17.3134,0.5240,0.4120,0.8528,0.4680,0.9886,-1.1410,0.7820,0.4077,0.7656,0.2724,0.0996,36.6671,37.8764,-0.0005,nan,nan,nan,nan
17.3362,0.5168,0.4082,0.8572,0.4680,0.9886,-1.1410,0.7748,0.4039,0.7700,0.2724,0.0959,36.6644,37.8747,0.0033,nan,nan,nan,nan
17.3639,0.5121,0.4057,0.8602,0.4662,1.0128,-1.1374,0.7700,0.4013,0.7729,0.2724,0.0937,36.6644,37.8739,0.0047,nan,nan,nan,nan
17.3850,0.5050,0.4019,0.8646,0.4640,1.0374,-1.1332,0.7629,0.3975,0.7772,0.2724,0.0847,36.6645,37.8692,0.0086,nan,nan,nan,nan
17.4109,0.4979,0.3981,0.8690,0.4640,1.0374,-1.1332,0.7558,0.3937,0.7815,0.2724,0.0831,36.6657,37.8689,0.0067,nan,nan,nan,nan
17.4374,0.4932,0.3955,0.8720,0.4598,1.0624,-1.1299,0.7511,0.3912,0.7844,0.2724,0.0881,36.6676,37.8694,0.0013,nan,nan,nan,nan
17.4739,0.4863,0.3917,0.8764,0.4531,1.0874,-1.1282,0.7441,0.3874,0.7888,0.2724,0.1018,36.6684,37.8660,0.0012,nan,nan,nan,nan
17.5033,0.4770,0.3865,0.8822,0.4446,1.1130,-1.1269,0.7348,0.3824,0.7945,0.2723,0.1246,36.6708,37.8630,0.0048,nan,nan,nan,nan
17.5291,0.4701,0.3827,0.8867,0.4446,1.1130,-1.1269,0.7278,0.3786,0.7988,0.2723,0.1340,36.6707,37.8624,0.0065,nan,nan,nan,nan
17.5529,0.4632,0.3788,0.8911,0.4356,1.1382,-1.1237,0.7209,0.3747,0.8032,0.2723,0.1318,36.6697,37.8614,0.0088,nan,nan,nan,nan
17.5772,0.4587,0.3762,0.8940,0.4267,1.1632,-1.1181,0.7164,0.3721,0.8060,0.2723,0.1257,36.6684,37.8615,0.0113,nan,nan,nan,nan
17.6148,0.4496,0.3711,0.8998,0.4166,1.1892,-1.1111,0.7072,0.3669,0.8118,0.2723,0.1101,36.6687,37.8632,0.0132,nan,nan,nan,nan
17.6502,0.4406,0.3659,0.9057,0.4052,1.2160,-1.1036,0.6982,0.3617,0.8175,0.2723,0.0928,36.6702,37.8687,0.0123,nan,nan,nan,nan
17.6803,0.4317,0.3607,0.9115,0.3922,1.2425,-1.0952,0.6892,0.3564,0.8233,0.2722,0.0716,36.6707,37.8766,0.0102,nan,nan,nan,nan
17.7036,0.4251,0.3568,0.9159,0.3922,1.2425,-1.0952,0.6825,0.3524,0.8276,0.2722,0.0617,36.6700,37.8823,0.0046,nan,nan,nan,nan
17.7330,0.4206,0.3542,0.9188,0.3770,1.2691,-1.0874,0.6780,0.3498,0.8304,0.2722,0.0539,36.6684,37.8923,-0.0074,nan,nan,nan,nan
17.7570,0.4141,0.3503,0.9231,0.3591,1.2958,-1.0814,0.6714,0.3459,0.8347,0.2721,0.0562,36.6670,37.9023,-0.0152,nan,nan,nan,nan
17.7893,0.4054,0.3450,0.9289,0.3382,1.3225,-1.0766,0.6626,0.3407,0.8404,0.2721,0.0694,36.6669,37.9136,-0.0155,nan,nan,nan,nan
17.8174,0.3967,0.3398,0.9347,0.3150,1.3493,-1.0722,0.6539,0.3356,0.8461,0.2721,0.0882,36.6707,37.9203,-0.0143,nan,nan,nan,nan
17.8544,0.3882,0.3345,0.9404,0.2904,1.3764,-1.0676,0.6453,0.3304,0.8517,0.2720,0.1083,36.6744,37.9272,-0.0129,nan,nan,nan,nan
17.8814,0.3818,0.3306,0.9447,0.2904,1.3764,-1.0676,0.6389,0.3265,0.8559,0.2720,0.1282,36.6771,37.9311,-0.0101,nan,nan,nan,nan
17.9037,0.3776,0.3279,0.9475,0.2634,1.4031,-1.0640,0.6346,0.3239,0.8588,0.2720,0.1364,36.6783,37.9323,-0.0094,nan,nan,nan,nan
17.9239,0.3713,0.3240,0.9518,0.2334,1.4289,-1.0616,0.6283,0.3201,0.8630,0.2719,0.1767,36.6798,37.9378,-0.0013,nan,nan,nan,nan
17.9457,0.3651,0.3200,0.9560,0.2334,1.4289,-1.0616,0.6220,0.3162,0.8671,0.2719,0.2066,36.6816,37.9410,0.0024,nan,nan,nan,nan
17.9683,0.3609,0.3173,0.9588,0.2022,1.4544,-1.0587,0.6178,0.3136,0.8699,0.2719,0.2240,36.6828,37.9425,0.0047,nan,nan,nan,nan
17.9963,0.3547,0.3134,0.9631,0.1701,1.4794,-1.0543,0.6116,0.3097,0.8741,0.2719,0.2449,36.6836,37.9470,0.0075,nan,nan,nan,nan
18.0290,0.3466,0.3081,0.9687,0.1373,1.5032,-1.0476,0.6034,0.3045,0.8796,0.2718,0.2580,36.6854,37.9515,0.0062,nan,nan,nan,nan
18.0581,0.3385,0.3028,0.9742,0.1042,1.5267,-1.0385,0.5952,0.2992,0.8851,0.2718,0.2541,36.6896,37.9514,-0.0005,nan,nan,nan,nan
18.0859,0.3305,0.2975,0.9798,0.0707,1.5499,-1.0286,0.5872,0.2939,0.8905,0.2718,0.2427,36.6926,37.9523,-0.0047,nan,nan,nan,nan
18.1181,0.3226,0.2923,0.9853,0.0358,1.5720,-1.0178,0.5792,0.2885,0.8959,0.2718,0.2269,36.6942,37.9540,-0.0066,nan,nan,nan,nan
18.1508,0.3147,0.2870,0.9907,-0.0010,1.5934,-1.0070,0.5713,0.2832,0.9013,0.2717,0.2113,36.6964,37.9569,-0.0050,nan,nan,nan,nan
18.1805,0.3070,0.2817,0.9961,-0.0382,1.6151,-0.9958,0.5635,0.2778,0.9067,0.2717,0.1925,36.7004,37.9623,-0.0003,nan,nan,nan,nan
18.2190,0.2993,0.2764,1.0015,-0.0762,1.6358,-0.9836,0.5558,0.2724,0.9120,0.2716,0.1665,36.7038,37.9659,0.0045,nan,nan,nan,nan
18.2411,0.2936,0.2725,1.0055,-0.0762,1.6358,-0.9836,0.5500,0.2684,0.9160,0.2716,0.1445,36.7069,37.9681,0.0049,nan,nan,nan,nan
18.2677,0.2899,0.2699,1.0082,-0.1155,1.6553,-0.9711,0.5462,0.2657,0.9186,0.2716,0.1373,36.7084,37.9680,0.0053,nan,nan,nan,nan
18.2892,0.2842,0.2659,1.0121,-0.1553,1.6739,-0.9588,0.5406,0.2617,0.9225,0.2716,0.1095,36.7142,37.9684,0.0063,nan,nan,nan,nan
18.3112,0.2787,0.2620,1.0161,-0.1553,1.6739,-0.9588,0.5350,0.2576,0.9265,0.2715,0.0951,36.7172,37.9709,0.0049,nan,nan,nan,nan
18.3386,0.2750,0.2594,1.0187,-0.1956,1.6922,-0.9466,0.5313,0.2550,0.9291,0.2715,0.0824,36.7198,37.9752,0.0047,nan,nan,nan,nan
18.3644,0.2695,0.2555,1.0226,-0.2380,1.7096,-0.9362,0.5257,0.2510,0.9329,0.2715,0.0678,36.7262,37.9824,0.0040,nan,nan,nan,nan
18.3868,0.2641,0.2516,1.0264,-0.2380,1.7096,-0.9362,0.5203,0.2471,0.9368,0.2714,0.0657,36.7296,37.9879,0.0006,nan,nan,nan,nan
18.4084,0.2605,0.2490,1.0290,-0.2818,1.7262,-0.9274,0.5166,0.2444,0.9394,0.2714,0.0642,36.7325,37.9992,-0.0053,nan,nan,nan,nan
18.4325,0.2552,0.2451,1.0328,-0.3259,1.7416,-0.9193,0.5112,0.2405,0.9432,0.2714,0.0649,36.7350,38.0070,-0.0081,nan,nan,nan,nan
18.4601,0.2499,0.2412,1.0366,-0.3259,1.7416,-0.9193,0.5059,0.2366,0.9470,0.2713,0.0652,36.7368,38.0130,-0.0084,nan,nan,nan,nan
18.4810,0.2464,0.2386,1.0391,-0.3708,1.7563,-0.9114,0.5024,0.2340,0.9495,0.2713,0.0703,36.7403,38.0234,-0.0101,nan,nan,nan,nan
18.5122,0.2411,0.2347,1.0428,-0.4174,1.7703,-0.9053,0.4971,0.2302,0.9532,0.2712,0.0837,36.7443,38.0320,-0.0128,nan,nan,nan,nan
18.5355,0.2360,0.2309,1.0465,-0.4174,1.7703,-0.9053,0.4919,0.2264,0.9569,0.2712,0.0986,36.7465,38.0373,-0.0162,nan,nan,nan,nan
18.5597,0.2326,0.2283,1.0490,-0.4649,1.7832,-0.9011,0.4885,0.2239,0.9594,0.2712,0.1151,36.7495,38.0423,-0.0179,nan,nan,nan,nan
18.5852,0.2275,0.2245,1.0526,-0.5121,1.7959,-0.8966,0.4833,0.2201,0.9631,0.2711,0.1427,36.7582,38.0542,-0.0241,nan,nan,nan,nan
18.6124,0.2225,0.2207,1.0563,-0.5121,1.7959,-0.8966,0.4783,0.2163,0.9667,0.2711,0.1554,36.7629,38.0622,-0.0320,nan,nan,nan,nan
18.6334,0.2191,0.2181,1.0586,-0.5588,1.8073,-0.8907,0.4749,0.2138,0.9691,0.2710,0.1595,36.7658,38.0671,-0.0391,nan,nan,nan,nan
18.6548,0.2142,0.2143,1.0622,-0.6039,1.8176,-0.8831,0.4700,0.2099,0.9727,0.2710,0.1570,36.7694,38.0736,-0.0490,nan,nan,nan,nan
18.6860,0.2077,0.2093,1.0669,-0.6465,1.8268,-0.8732,0.4634,0.2048,0.9774,0.2709,0.1349,36.7719,38.0830,-0.0591,nan,nan,nan,nan
18.7141,0.2013,0.2044,1.0715,-0.6876,1.8352,-0.8611,0.4569,0.1996,0.9821,0.2709,0.0947,36.7750,38.0915,-0.0749,nan,nan,nan,nan
18.7391,0.1950,0.1994,1.0761,-0.7271,1.8428,-0.8481,0.4505,0.1945,0.9866,0.2708,0.0412,36.7768,38.1016,-0.0911,nan,nan,nan,nan
18.7615,0.1903,0.1958,1.0795,-0.7271,1.8428,-0.8481,0.4458,0.1906,0.9900,0.2708,-0.0102,36.7798,38.1062,-0.0974,nan,nan,nan,nan
18.7846,0.1841,0.1909,1.0839,-0.7640,1.8499,-0.8333,0.4396,0.1854,0.9945,0.2708,-0.0850,36.7838,38.1095,-0.0985,nan,nan,nan,nan
18.8083,0.1795,0.1873,1.0872,-0.8001,1.8563,-0.8187,0.4350,0.1815,0.9978,0.2707,-0.1298,36.7866,38.1086,-0.0984,nan,nan,nan,nan
18.8322,0.1735,0.1825,1.0916,-0.8370,1.8622,-0.8074,0.4290,0.1766,1.0022,0.2707,-0.1657,36.7925,38.1082,-0.0989,nan,nan,nan,nan
18.8532,0.1706,0.1801,1.0937,-0.8749,1.8680,-0.8002,0.4260,0.1741,1.0043,0.2707,-0.1725,36.7969,38.1076,-0.1004,nan,nan,nan,nan
18.8796,0.1662,0.1765,1.0969,-0.8749,1.8680,-0.8002,0.4216,0.1705,1.0075,0.2707,-0.1716,36.8016,38.1078,-0.1036,nan,nan,nan,nan
18.9017,0.1633,0.1741,1.0990,-0.9136,1.8738,-0.7966,0.4186,0.1682,1.0097,0.2706,-0.1637,36.8070,38.1107,-0.1071,nan,nan,nan,nan
18.9360,0.1589,0.1706,1.1021,-0.9520,1.8791,-0.7940,0.4143,0.1646,1.0128,0.2706,-0.1545,36.8114,38.1135,-0.1099,nan,nan,nan,nan
18.9593,0.1547,0.1671,1.1052,-0.9520,1.8791,-0.7940,0.4100,0.1611,1.0159,0.2706,-0.1486,36.8140,38.1167,-0.1108,nan,nan,nan,nan
18.9862,0.1518,0.1648,1.1072,-0.9888,1.8840,-0.7917,0.4072,0.1588,1.0179,0.2705,-0.1427,36.8170,38.1195,-0.1115,nan,nan,nan,nan
19.0105,0.1463,0.1602,1.1112,-1.0234,1.8885,-0.7891,0.4016,0.1542,1.0220,0.2705,-0.1363,36.8225,38.1256,-0.1104,nan,nan,nan,nan
19.0414,0.1422,0.1567,1.1141,-1.0559,1.8930,-0.7860,0.3974,0.1507,1.0250,0.2705,-0.1374,36.8296,38.1305,-0.1163,nan,nan,nan,nan
19.0674,0.1381,0.1533,1.1170,-1.0559,1.8930,-0.7860,0.3933,0.1473,1.0279,0.2704,-0.1390,36.8335,38.1316,-0.1161,nan,nan,nan,nan
19.0958,0.1328,0.1489,1.1208,-1.0869,1.8973,-0.7828,0.3880,0.1427,1.0317,0.2704,-0.1458,36.8418,38.1332,-0.1115,nan,nan,nan,nan
19.1196,0.1301,0.1467,1.1227,-1.1157,1.9012,-0.7795,0.3853,0.1405,1.0336,0.2704,-0.1503,36.8452,38.1344,-0.1082,nan,nan,nan,nan
19.1439,0.1262,0.1433,1.1255,-1.1429,1.9047,-0.7764,0.3814,0.1371,1.0364,0.2703,-0.1582,36.8521,38.1368,-0.1047,nan,nan,nan,nan
19.1759,0.1211,0.1390,1.1291,-1.1688,1.9073,-0.7734,0.3762,0.1327,1.0401,0.2703,-0.1675,36.8539,38.1396,-0.0999,nan,nan,nan,nan
19.2064,0.1160,0.1347,1.1327,-1.1928,1.9095,-0.7704,0.3711,0.1283,1.0437,0.2703,-0.1800,36.8543,38.1410,-0.0973,nan,nan,nan,nan
19.2449,0.1111,0.1304,1.1362,-1.2150,1.9117,-0.7678,0.3662,0.1240,1.0472,0.2702,-0.1914,36.8551,38.1442,-0.1028,nan,nan,nan,nan
19.2695,0.1074,0.1273,1.1387,-1.2150,1.9117,-0.7678,0.3625,0.1207,1.0498,0.2702,-0.2004,36.8580,38.1499,-0.1015,nan,nan,nan,nan
19.2968,0.1050,0.1252,1.1404,-1.2356,1.9145,-0.7652,0.3600,0.1186,1.0515,0.2702,-0.2078,36.8595,38.1540,-0.0997,nan,nan,nan,nan
19.3220,0.1015,0.1221,1.1429,-1.2541,1.9168,-0.7623,0.3564,0.1154,1.0540,0.2701,-0.2214,36.8607,38.1607,-0.0978,nan,nan,nan,nan
19.3484,0.0979,0.1191,1.1453,-1.2541,1.9168,-0.7623,0.3529,0.1123,1.0565,0.2701,-0.2377,36.8627,38.1680,-0.0950,nan,nan,nan,nan
19.3758,0.0956,0.1170,1.1469,-1.2705,1.9193,-0.7590,0.3506,0.1102,1.0581,0.2700,-0.2436,36.8635,38.1704,-0.0946,nan,nan,nan,nan
19.4095,0.0922,0.1140,1.1493,-1.2849,1.9216,-0.7552,0.3471,0.1071,1.0605,0.2700,-0.2709,36.8655,38.1806,-0.0892,nan,nan,nan,nan
19.4365,0.0877,0.1101,1.1523,-1.2979,1.9240,-0.7514,0.3426,0.1030,1.0636,0.2700,-0.2996,36.8680,38.1862,-0.0863,nan,nan,nan,nan
19.4571,0.0844,0.1072,1.1546,-1.2979,1.9240,-0.7514,0.3392,0.1000,1.0659,0.2699,-0.3195,36.8690,38.1892,-0.0858,nan,nan,nan,nan
19.4853,0.0822,0.1052,1.1561,-1.3096,1.9265,-0.7481,0.3370,0.0980,1.0674,0.2699,-0.3334,36.8709,38.1893,-0.0858,nan,nan,nan,nan
19.5145,0.0790,0.1024,1.1582,-1.3198,1.9290,-0.7453,0.3338,0.0950,1.0695,0.2699,-0.3517,36.8728,38.1888,-0.0827,nan,nan,nan,nan
19.5449,0.0748,0.0986,1.1611,-1.3300,1.9319,-0.7444,0.3296,0.0912,1.0724,0.2699,-0.3618,36.8754,38.1890,-0.0801,nan,nan,nan,nan
19.5664,0.0717,0.0958,1.1631,-1.3300,1.9319,-0.7444,0.3264,0.0883,1.0745,0.2698,-0.3614,36.8767,38.1887,-0.0793,nan,nan,nan,nan
19.5878,0.0686,0.0930,1.1651,-1.3403,1.9350,-0.7449,0.3233,0.0856,1.0765,0.2698,-0.3570,36.8787,38.1898,-0.0794,nan,nan,nan,nan
19.6124,0.0656,0.0903,1.1671,-1.3496,1.9386,-0.7464,0.3203,0.0829,1.0785,0.2698,-0.3438,36.8830,38.1927,-0.0751,nan,nan,nan,nan
19.6398,0.0627,0.0876,1.1690,-1.3585,1.9426,-0.7490,0.3173,0.0802,1.0805,0.2697,-0.3283,36.8862,38.1968,-0.0697,nan,nan,nan,nan
19.6616,0.0598,0.0849,1.1709,-1.3585,1.9426,-0.7490,0.3144,0.0776,1.0824,0.2697,-0.3142,36.8905,38.1989,-0.0633,nan,nan,nan,nan
19.6893,0.0569,0.0823,1.1728,-1.3664,1.9467,-0.7509,0.3115,0.0750,1.0842,0.2697,-0.3065,36.8944,38.2016,-0.0588,nan,nan,nan,nan
19.7171,0.0550,0.0806,1.1740,-1.3724,1.9509,-0.7513,0.3097,0.0732,1.0854,0.2697,-0.3048,36.8978,38.2023,-0.0567,nan,nan,nan,nan
19.7497,0.0514,0.0771,1.1763,-1.3765,1.9554,-0.7505,0.3059,0.0698,1.0878,0.2696,-0.3086,36.9042,38.2056,-0.0556,nan,nan,nan,nan
19.7754,0.0487,0.0746,1.1780,-1.3765,1.9554,-0.7505,0.3032,0.0672,1.0895,0.2696,-0.3142,36.9071,38.2086,-0.0566,nan,nan,nan,nan
19.7995,0.0460,0.0721,1.1796,-1.3795,1.9598,-0.7481,0.3005,0.0647,1.0912,0.2696,-0.3250,36.9120,38.2110,-0.0625,nan,nan,nan,nan
19.8269,0.0426,0.0689,1.1818,-1.3815,1.9639,-0.7459,0.2971,0.0614,1.0934,0.2695,-0.3366,36.9170,38.2141,-0.0713,nan,nan,nan,nan
19.8502,0.0409,0.0673,1.1828,-1.3836,1.9678,-0.7447,0.2953,0.0598,1.0944,0.2695,-0.3378,36.9204,38.2189,-0.0824,nan,nan,nan,nan
19.8725,0.0384,0.0649,1.1843,-1.3836,1.9678,-0.7447,0.2928,0.0574,1.0960,0.2694,-0.3341,36.9244,38.2270,-0.0939,nan,nan,nan,nan
19.9008,0.0367,0.0633,1.1853,-1.3859,1.9719,-0.7443,0.2912,0.0558,1.0970,0.2694,-0.3296,36.9267,38.2316,-0.1014,nan,nan,nan,nan
19.9255,0.0343,0.0610,1.1867,-1.3883,1.9750,-0.7441,0.2887,0.0535,1.0985,0.2694,-0.3211,36.9272,38.2385,-0.1099,nan,nan,nan,nan
19.9552,0.0312,0.0579,1.1886,-1.3907,1.9778,-0.7439,0.2856,0.0505,1.1004,0.2693,-0.3075,36.9290,38.2460,-0.1184,nan,nan,nan,nan
19.9821,0.0282,0.0549,1.1903,-1.3929,1.9805,-0.7435,0.2825,0.0476,1.1022,0.2693,-0.2907,36.9339,38.2523,-0.1212,nan,nan,nan,nan
20.0160,0.0252,0.0520,1.1920,-1.3952,1.9826,-0.7436,0.2795,0.0447,1.1039,0.2692,-0.2682,36.9387,38.2584,-0.1150,nan,nan,nan,nan
20.0470,0.0224,0.0491,1.1936,-1.3969,1.9838,-0.7429,0.2766,0.0419,1.1055,0.2692,-0.2503,36.9420,38.2612,-0.1103,nan,nan,nan,nan
20.0823,0.0196,0.0463,1.1952,-1.3975,1.9838,-0.7411,0.2738,0.0391,1.1071,0.2692,-0.2407,36.9431,38.2621,-0.1093,nan,nan,nan,nan
20.1066,0.0169,0.0436,1.1966,-1.3974,1.9831,-0.7377,0.2711,0.0364,1.1086,0.2691,-0.2399,36.9445,38.2663,-0.1093,nan,nan,nan,nan
20.1437,0.0143,0.0409,1.1980,-1.3969,1.9816,-0.7333,0.2685,0.0337,1.1100,0.2691,-0.2429,36.9460,38.2712,-0.1106,nan,nan,nan,nan
20.1711,0.0125,0.0389,1.1990,-1.3969,1.9816,-0.7333,0.2666,0.0318,1.1111,0.2690,-0.2405,36.9460,38.2751,-0.1102,nan,nan,nan,nan
20.1937,0.0112,0.0376,1.1996,-1.3970,1.9792,-0.7298,0.2654,0.0305,1.1117,0.2690,-0.2372,36.9466,38.2775,-0.1098,nan,nan,nan,nan
20.2209,0.0094,0.0357,1.2006,-1.3966,1.9761,-0.7254,0.2636,0.0286,1.1127,0.2690,-0.2350,36.9494,38.2823,-0.1092,nan,nan,nan,nan
20.2430,0.0077,0.0338,1.2015,-1.3966,1.9761,-0.7254,0.2618,0.0267,1.1136,0.2690,-0.2382,36.9511,38.2834,-0.1080,nan,nan,nan,nan
20.2632,0.0066,0.0326,1.2020,-1.3948,1.9720,-0.7197,0.2612,0.0260,1.1139,0.2696,-0.2442,36.9523,38.2819,-0.1067,nan,nan,nan,nan
20.2902,0.0049,0.0308,1.2029,-1.3924,1.9666,-0.7131,0.2590,0.0236,1.1150,0.2690,-0.2595,36.9524,38.2779,-0.1061,nan,nan,nan,nan
20.3238,0.0028,0.0284,1.2039,-1.3901,1.9603,-0.7067,0.2569,0.0212,1.1161,0.2689,-0.2720,36.9521,38.2749,-0.1053,nan,nan,nan,nan
20.3603,0.0007,0.0261,1.2049,-1.3881,1.9531,-0.7009,0.2548,0.0188,1.1172,0.2689,-0.2776,36.9539,38.2731,-0.1037,nan,nan,nan,nan
20.3926,-0.0012,0.0239,1.2059,-1.3861,1.9445,-0.6954,0.2528,0.0166,1.1182,0.2689,-0.2789,36.9566,38.2736,-0.1015,nan,nan,nan,nan
20.4255,-0.0031,0.0217,1.2067,-1.3836,1.9334,-0.6893,0.2510,0.0144,1.1192,0.2688,-0.2839,36.9587,38.2813,-0.1015,nan,nan,nan,nan
20.4484,-0.0049,0.0196,1.2076,-1.3796,1.9194,-0.6813,0.2492,0.0122,1.1201,0.2688,-0.2999,36.9613,38.2936,-0.1055,nan,nan,nan,nan
20.4819,-0.0066,0.0175,1.2084,-1.3740,1.9011,-0.6716,0.2475,0.0101,1.1210,0.2687,-0.3285,36.9633,38.2987,-0.1099,nan,nan,nan,nan
20.5027,-0.0078,0.0160,1.2089,-1.3740,1.9011,-0.6716,0.2463,0.0085,1.1217,0.2687,-0.3446,36.9640,38.3017,-0.1127,nan,nan,nan,nan
20.5297,-0.0086,0.0150,1.2092,-1.3673,1.8785,-0.6615,0.2455,0.0075,1.1221,0.2687,-0.3683,36.9656,38.3062,-0.1176,nan,nan,nan,nan
20.5592,-0.0097,0.0136,1.2097,-1.3599,1.8517,-0.6516,0.2444,0.0059,1.1227,0.2687,-0.3912,36.9681,38.3087,-0.1219,nan,nan,nan,nan
20.5853,-0.0108,0.0121,1.2102,-1.3599,1.8517,-0.6516,0.2433,0.0045,1.1233,0.2686,-0.4144,36.9715,38.3125,-0.1210,nan,nan,nan,nan
20.6136,-0.0122,0.0103,1.2108,-1.3518,1.8216,-0.6413,0.2419,0.0025,1.1241,0.2686,-0.4440,36.9762,38.3181,-0.1229,nan,nan,nan,nan
20.6376,-0.0128,0.0094,1.2110,-1.3431,1.7884,-0.6317,0.2413,0.0016,1.1244,0.2686,-0.4538,36.9788,38.3216,-0.1243,nan,nan,nan,nan
20.6671,-0.0138,0.0081,1.2114,-1.3350,1.7522,-0.6243,0.2404,0.0003,1.1250,0.2685,-0.4590,36.9812,38.3285,-0.1268,nan,nan,nan,nan
20.6963,-0.0150,0.0064,1.2118,-1.3272,1.7138,-0.6190,0.2392,-0.0014,1.1256,0.2685,-0.4509,36.9822,38.3380,-0.1309,nan,nan,nan,nan
20.7197,-0.0158,0.0051,1.2121,-1.3272,1.7138,-0.6190,0.2384,-0.0025,1.1261,0.2684,-0.4438,36.9836,38.3411,-0.1333,nan,nan,nan,nan
20.7476,-0.0163,0.0043,1.2123,-1.3192,1.6736,-0.6147,0.2378,-0.0033,1.1264,0.2684,-0.4358,36.9848,38.3439,-0.1341,nan,nan,nan,nan
20.7806,-0.0171,0.0031,1.2125,-1.3108,1.6316,-0.6105,0.2371,-0.0044,1.1268,0.2684,-0.4177,36.9851,38.3490,-0.1374,nan,nan,nan,nan
20.8048,-0.0179,0.0020,1.2128,-1.3108,1.6316,-0.6105,0.2364,-0.0055,1.1271,0.2684,-0.4059,36.9861,38.3513,-0.1383,nan,nan,nan,nan
20.8313,-0.0183,0.0012,1.2129,-1.3016,1.5894,-0.6060,0.2359,-0.0063,1.1274,0.2684,-0.4024,36.9868,38.3519,-0.1385,nan,nan,nan,nan
20.8604,-0.0190,0.0001,1.2131,-1.2914,1.5472,-0.6016,0.2353,-0.0073,1.1277,0.2684,-0.3872,36.9897,38.3503,-0.1415,nan,nan,nan,nan
20.8874,-0.0196,-0.0010,1.2132,-1.2914,1.5472,-0.6016,0.2347,-0.0083,1.1280,0.2683,-0.3749,36.9903,38.3480,-0.1423,nan,nan,nan,nan
20.9082,-0.0200,-0.0017,1.2133,-1.2813,1.5042,-0.5985,0.2344,-0.0089,1.1282,0.2683,-0.3508,36.9903,38.3436,-0.1428,nan,nan,nan,nan
20.9347,-0.0206,-0.0027,1.2134,-1.2705,1.4610,-0.5966,0.2338,-0.0098,1.1284,0.2683,-0.3232,36.9875,38.3406,-0.1400,nan,nan,nan,nan
20.9726,-0.0213,-0.0040,1.2135,-1.2584,1.4189,-0.5952,0.2332,-0.0109,1.1286,0.2683,-0.2826,36.9843,38.3416,-0.1341,nan,nan,nan,nan
21.0032,-0.0219,-0.0053,1.2135,-1.2450,1.3786,-0.5946,0.2326,-0.0120,1.1289,0.2683,-0.2373,36.9862,38.3441,-0.1313,nan,nan,nan,nan
21.0370,-0.0225,-0.0065,1.2135,-1.2312,1.3395,-0.5948,0.2320,-0.0130,1.1291,0.2683,-0.1829,36.9891,38.3467,-0.1316,nan,nan,nan,nan
21.0617,-0.0229,-0.0074,1.2135,-1.2312,1.3395,-0.5948,0.2317,-0.0137,1.1292,0.2682,-0.1421,36.9927,38.3496,-0.1340,nan,nan,nan,nan
21.0883,-0.0232,-0.0080,1.2134,-1.2159,1.3025,-0.5949,0.2314,-0.0141,1.1293,0.2682,-0.1188,36.9945,38.3522,-0.1376,nan,nan,nan,nan
21.1166,-0.0235,-0.0088,1.2134,-1.1981,1.2667,-0.5931,0.2311,-0.0148,1.1293,0.2682,-0.0917,36.9949,38.3561,-0.1463,nan,nan,nan,nan
21.1479,-0.0239,-0.0098,1.2132,-1.1783,1.2322,-0.5885,0.2308,-0.0157,1.1294,0.2682,-0.0743,36.9950,38.3590,-0.1539,nan,nan,nan,nan
21.1721,-0.0243,-0.0108,1.2131,-1.1571,1.1995,-0.5822,0.2304,-0.0167,1.1294,0.2682,-0.0702,36.9956,38.3606,-0.1533,nan,nan,nan,nan
21.2034,-0.0246,-0.0118,1.2129,-1.1354,1.1692,-0.5758,0.2302,-0.0175,1.1293,0.2681,-0.0655,36.9943,38.3627,-0.1521,nan,nan,nan,nan
21.2253,-0.0248,-0.0124,1.2127,-1.1354,1.1692,-0.5758,0.2300,-0.0182,1.1292,0.2681,-0.0647,36.9929,38.3622,-0.1480,nan,nan,nan,nan
21.2473,-0.0249,-0.0129,1.2125,-1.1136,1.1407,-0.5688,0.2299,-0.0186,1.1291,0.2681,-0.0647,36.9921,38.3619,-0.1465,nan,nan,nan,nan
21.2794,-0.0250,-0.0135,1.2123,-1.0926,1.1137,-0.5613,0.2298,-0.0192,1.1290,0.2681,-0.0653,36.9897,38.3607,-0.1398,nan,nan,nan,nan
21.3055,-0.0252,-0.0141,1.2121,-1.0926,1.1137,-0.5613,0.2297,-0.0197,1.1289,0.2681,-0.0643,36.9876,38.3598,-0.1333,nan,nan,nan,nan
21.3266,-0.0252,-0.0147,1.2119,-1.0717,1.0890,-0.5539,0.2296,-0.0203,1.1287,0.2681,-0.0617,36.9866,38.3602,-0.1325,nan,nan,nan,nan
21.3515,-0.0253,-0.0152,1.2116,-1.0515,1.0665,-0.5471,0.2295,-0.0207,1.1285,0.2681,-0.0570,36.9842,38.3600,-0.1297,nan,nan,nan,nan
21.3740,-0.0254,-0.0157,1.2113,-1.0328,1.0454,-0.5407,0.2295,-0.0212,1.1283,0.2681,-0.0441,36.9802,38.3577,-0.1220,nan,nan,nan,nan
21.3996,-0.0254,-0.0162,1.2110,-1.0328,1.0454,-0.5407,0.2295,-0.0216,1.1280,0.2681,-0.0327,36.9782,38.3556,-0.1167,nan,nan,nan,nan
21.4199,-0.0254,-0.0166,1.2108,-1.0158,1.0263,-0.5355,0.2295,-0.0218,1.1278,0.2681,-0.0200,36.9764,38.3533,-0.1117,nan,nan,nan,nan
21.4493,-0.0254,-0.0170,1.2105,-0.9996,1.0097,-0.5301,0.2296,-0.0222,1.1276,0.2681,0.0062,36.9770,38.3448,-0.1076,nan,nan,nan,nan
21.4771,-0.0253,-0.0175,1.2102,-0.9996,1.0097,-0.5301,0.2296,-0.0225,1.1273,0.2681,0.0291,36.9785,38.3399,-0.1033,nan,nan,nan,nan
21.4999,-0.0253,-0.0177,1.2099,-0.9849,0.9951,-0.5249,0.2297,-0.0227,1.1271,0.2681,0.0356,36.9792,38.3387,-0.1026,nan,nan,nan,nan
21.5272,-0.0252,-0.0181,1.2096,-0.9702,0.9821,-0.5174,0.2298,-0.0230,1.1268,0.2681,0.0505,36.9834,38.3350,-0.0984,nan,nan,nan,nan
21.5497,-0.0251,-0.0185,1.2092,-0.9702,0.9821,-0.5174,0.2299,-0.0234,1.1264,0.2681,0.0485,36.9851,38.3337,-0.0991,nan,nan,nan,nan
21.5735,-0.0250,-0.0187,1.2089,-0.9546,0.9705,-0.5077,0.2300,-0.0236,1.1262,0.2681,0.0448,36.9845,38.3318,-0.0983,nan,nan,nan,nan
21.6095,-0.0248,-0.0191,1.2085,-0.9396,0.9595,-0.4972,0.2301,-0.0239,1.1258,0.2681,0.0397,36.9836,38.3309,-0.0945,nan,nan,nan,nan
21.6365,-0.0247,-0.0194,1.2081,-0.9396,0.9595,-0.4972,0.2303,-0.0242,1.1254,0.2681,0.0334,36.9838,38.3296,-0.0864,nan,nan,nan,nan
21.6620,-0.0245,-0.0196,1.2078,-0.9255,0.9497,-0.4866,0.2305,-0.0244,1.1252,0.2681,0.0308,36.9838,38.3288,-0.0842,nan,nan,nan,nan
21.6831,-0.0243,-0.0198,1.2074,-0.9126,0.9410,-0.4755,0.2307,-0.0246,1.1248,0.2681,0.0227,36.9834,38.3291,-0.0733,nan,nan,nan,nan
21.7051,-0.0241,-0.0201,1.2070,-0.9126,0.9410,-0.4755,0.2309,-0.0248,1.1244,0.2681,0.0194,36.9832,38.3306,-0.0672,nan,nan,nan,nan
21.7262,-0.0239,-0.0202,1.2067,-0.9006,0.9333,-0.4650,0.2311,-0.0250,1.1241,0.2681,0.0185,36.9833,38.3317,-0.0657,nan,nan,nan,nan
21.7551,-0.0236,-0.0204,1.2062,-0.8897,0.9263,-0.4537,0.2313,-0.0252,1.1237,0.2680,0.0119,36.9867,38.3320,-0.0637,nan,nan,nan,nan
21.7764,-0.0234,-0.0206,1.2057,-0.8897,0.9263,-0.4537,0.2316,-0.0253,1.1233,0.2680,0.0060,36.9892,38.3317,-0.0634,nan,nan,nan,nan
21.8006,-0.0230,-0.0208,1.2053,-0.8793,0.9196,-0.4425,0.2319,-0.0255,1.1228,0.2680,0.0005,36.9907,38.3335,-0.0620,nan,nan,nan,nan
21.8252,-0.0228,-0.0209,1.2049,-0.8691,0.9129,-0.4312,0.2322,-0.0256,1.1225,0.2680,-0.0038,36.9903,38.3366,-0.0609,nan,nan,nan,nan
21.8541,-0.0223,-0.0211,1.2043,-0.8586,0.9059,-0.4188,0.2326,-0.0258,1.1219,0.2680,-0.0206,36.9884,38.3448,-0.0578,nan,nan,nan,nan
21.8763,-0.0220,-0.0212,1.2038,-0.8586,0.9059,-0.4188,0.2330,-0.0259,1.1214,0.2680,-0.0412,36.9877,38.3482,-0.0593,nan,nan,nan,nan
21.8967,-0.0217,-0.0212,1.2034,-0.8479,0.8987,-0.4050,0.2333,-0.0260,1.1211,0.2680,-0.0576,36.9873,38.3497,-0.0630,nan,nan,nan,nan
21.9237,-0.0213,-0.0213,1.2029,-0.8371,0.8916,-0.3907,0.2337,-0.0261,1.1206,0.2680,-0.0832,36.9884,38.3502,-0.0712,nan,nan,nan,nan
21.9461,-0.0208,-0.0213,1.2024,-0.8371,0.8916,-0.3907,0.2341,-0.0262,1.1201,0.2679,-0.1072,36.9892,38.3496,-0.0817,nan,nan,nan,nan
21.9745,-0.0205,-0.0213,1.2020,-0.8265,0.8841,-0.3770,0.2344,-0.0263,1.1198,0.2679,-0.1208,36.9899,38.3485,-0.0863,nan,nan,nan,nan
22.0074,-0.0200,-0.0214,1.2015,-0.8165,0.8758,-0.3645,0.2349,-0.0263,1.1193,0.2679,-0.1381,36.9913,38.3460,-0.0867,nan,nan,nan,nan
22.0329,-0.0194,-0.0214,1.2008,-0.8075,0.8667,-0.3534,0.2356,-0.0263,1.1186,0.2679,-0.1486,36.9927,38.3415,-0.0863,nan,nan,nan,nan
22.0576,-0.0187,-0.0213,1.2001,-0.7994,0.8568,-0.3451,0.2363,-0.0262,1.1180,0.2679,-0.1392,36.9934,38.3410,-0.0868,nan,nan,nan,nan
22.0803,-0.0181,-0.0213,1.1995,-0.7994,0.8568,-0.3451,0.2369,-0.0260,1.1174,0.2679,-0.1191,36.9928,38.3424,-0.0864,nan,nan,nan,nan
22.1057,-0.0177,-0.0212,1.1992,-0.7926,0.8460,-0.3393,0.2372,-0.0259,1.1171,0.2679,-0.1030,36.9911,38.3441,-0.0873,nan,nan,nan,nan
22.1420,-0.0172,-0.0211,1.1986,-0.7858,0.8337,-0.3346,0.2378,-0.0257,1.1166,0.2679,-0.0756,36.9880,38.3475,-0.0878,nan,nan,nan,nan
22.1637,-0.0166,-0.0210,1.1980,-0.7858,0.8337,-0.3346,0.2384,-0.0254,1.1161,0.2679,-0.0560,36.9854,38.3501,-0.0848,nan,nan,nan,nan
22.1876,-0.0159,-0.0209,1.1975,-0.7783,0.8195,-0.3303,0.2391,-0.0252,1.1155,0.2679,-0.0309,36.9816,38.3505,-0.0737,nan,nan,nan,nan
22.2115,-0.0155,-0.0208,1.1971,-0.7692,0.8037,-0.3243,0.2395,-0.0251,1.1151,0.2679,-0.0142,36.9777,38.3454,-0.0620,nan,nan,nan,nan
22.2348,-0.0149,-0.0207,1.1965,-0.7692,0.8037,-0.3243,0.2402,-0.0248,1.1146,0.2679,-0.0086,36.9749,38.3423,-0.0551,nan,nan,nan,nan
22.2569,-0.0144,-0.0206,1.1961,-0.7585,0.7859,-0.3165,0.2407,-0.0247,1.1142,0.2679,-0.0067,36.9712,38.3387,-0.0448,nan,nan,nan,nan
22.2817,-0.0135,-0.0203,1.1953,-0.7460,0.7667,-0.3072,0.2416,-0.0244,1.1135,0.2679,-0.0155,36.9679,38.3379,-0.0364,nan,nan,nan,nan
22.3075,-0.0128,-0.0201,1.1947,-0.7314,0.7469,-0.2965,0.2423,-0.0242,1.1130,0.2679,-0.0318,36.9688,38.3398,-0.0318,nan,nan,nan,nan
22.3290,-0.0120,-0.0199,1.1941,-0.7314,0.7469,-0.2965,0.2431,-0.0241,1.1124,0.2679,-0.0567,36.9704,38.3408,-0.0214,nan,nan,nan,nan
22.3518,-0.0115,-0.0197,1.1937,-0.7154,0.7255,-0.2842,0.2436,-0.0239,1.1121,0.2679,-0.0668,36.9708,38.3417,-0.0173,nan,nan,nan,nan
22.3754,-0.0105,-0.0193,1.1928,-0.6977,0.7025,-0.2703,0.2446,-0.0237,1.1114,0.2679,-0.1157,36.9719,38.3463,-0.0010,nan,nan,nan,nan
22.4067,-0.0097,-0.0190,1.1922,-0.6783,0.6780,-0.2555,0.2454,-0.0236,1.1109,0.2679,-0.1738,36.9719,38.3496,0.0077,nan,nan,nan,nan
22.4354,-0.0087,-0.0186,1.1914,-0.6587,0.6519,-0.2417,0.2465,-0.0233,1.1101,0.2678,-0.2264,36.9706,38.3503,0.0120,nan,nan,nan,nan
22.4645,-0.0076,-0.0182,1.1906,-0.6396,0.6244,-0.2299,0.2476,-0.0230,1.1094,0.2678,-0.2662,36.9688,38.3507,0.0118,nan,nan,nan,nan
22.4875,-0.0068,-0.0178,1.1900,-0.6396,0.6244,-0.2299,0.2485,-0.0226,1.1089,0.2678,-0.2770,36.9681,38.3499,0.0111,nan,nan,nan,nan
22.5115,-0.0059,-0.0175,1.1893,-0.6212,0.5962,-0.2219,0.2494,-0.0222,1.1084,0.2678,-0.2782,36.9667,38.3479,0.0078,nan,nan,nan,nan
22.5368,-0.0050,-0.0171,1.1887,-0.6037,0.5676,-0.2170,0.2503,-0.0218,1.1078,0.2678,-0.2657,36.9654,38.3474,0.0077,nan,nan,nan,nan
22.5687,-0.0042,-0.0167,1.1881,-0.5856,0.5380,-0.2130,0.2512,-0.0213,1.1073,0.2678,-0.2554,36.9662,38.3497,0.0116,nan,nan,nan,nan
22.5904,-0.0033,-0.0163,1.1875,-0.5856,0.5380,-0.2130,0.2521,-0.0209,1.1068,0.2678,-0.2504,36.9672,38.3531,0.0116,nan,nan,nan,nan
22.6122,-0.0024,-0.0159,1.1869,-0.5668,0.5082,-0.2082,0.2530,-0.0204,1.1063,0.2678,-0.2451,36.9682,38.3589,0.0108,nan,nan,nan,nan
22.6395,-0.0018,-0.0156,1.1865,-0.5466,0.4777,-0.2036,0.2536,-0.0201,1.1060,0.2678,-0.2404,36.9676,38.3591,0.0090,nan,nan,nan,nan
22.6662,-0.0009,-0.0152,1.1859,-0.5466,0.4777,-0.2036,0.2546,-0.0196,1.1055,0.2678,-0.2308,36.9655,38.3584,0.0124,nan,nan,nan,nan
22.6885,-0.0002,-0.0149,1.1855,-0.5264,0.4464,-0.1998,0.2552,-0.0193,1.1052,0.2678,-0.2259,36.9648,38.3552,0.0170,nan,nan,nan,nan
22.7167,0.0007,-0.0144,1.1849,-0.5057,0.4154,-0.1954,0.2562,-0.0188,1.1046,0.2678,-0.2228,36.9653,38.3500,0.0241,nan,nan,nan,nan
22.7466,0.0019,-0.0138,1.1841,-0.4833,0.3855,-0.1904,0.2575,-0.0181,1.1040,0.2678,-0.2253,36.9669,38.3410,0.0412,nan,nan,nan,nan
22.7742,0.0032,-0.0132,1.1833,-0.4610,0.3570,-0.1862,0.2588,-0.0174,1.1033,0.2679,-0.2234,36.9690,38.3312,0.0548,nan,nan,nan,nan
22.7996,0.0045,-0.0125,1.1826,-0.4401,0.3305,-0.1835,0.2601,-0.0166,1.1027,0.2679,-0.2085,36.9721,38.3265,0.0562,nan,nan,nan,nan
22.8301,0.0058,-0.0118,1.1818,-0.4192,0.3063,-0.1812,0.2614,-0.0158,1.1020,0.2679,-0.1911,36.9748,38.3243,0.0514,nan,nan,nan,nan
22.8534,0.0068,-0.0113,1.1813,-0.4192,0.3063,-0.1812,0.2624,-0.0152,1.1015,0.2679,-0.1811,36.9771,38.3234,0.0498,nan,nan,nan,nan
22.8746,0.0074,-0.0109,1.1809,-0.3971,0.2844,-0.1788,0.2631,-0.0149,1.1012,0.2679,-0.1792,36.9781,38.3226,0.0504,nan,nan,nan,nan
22.8981,0.0084,-0.0104,1.1804,-0.3746,0.2641,-0.1750,0.2641,-0.0143,1.1008,0.2679,-0.1769,36.9810,38.3195,0.0472,nan,nan,nan,nan
22.9243,0.0094,-0.0099,1.1798,-0.3746,0.2641,-0.1750,0.2651,-0.0137,1.1003,0.2679,-0.1757,36.9823,38.3164,0.0429,nan,nan,nan,nan
22.9508,0.0100,-0.0095,1.1795,-0.3521,0.2452,-0.1712,0.2658,-0.0133,1.1000,0.2679,-0.1755,36.9816,38.3164,0.0416,nan,nan,nan,nan
22.9858,0.0110,-0.0089,1.1790,-0.3295,0.2277,-0.1675,0.2668,-0.0127,1.0995,0.2679,-0.1732,36.9783,38.3172,0.0349,nan,nan,nan,nan
23.0071,0.0120,-0.0084,1.1785,-0.3295,0.2277,-0.1675,0.2678,-0.0121,1.0990,0.2679,-0.1716,36.9750,38.3180,0.0343,nan,nan,nan,nan
23.0339,0.0127,-0.0080,1.1781,-0.3071,0.2110,-0.1642,0.2685,-0.0117,1.0987,0.2679,-0.1680,36.9726,38.3173,0.0352,nan,nan,nan,nan
23.0568,0.0137,-0.0074,1.1776,-0.2849,0.1956,-0.1610,0.2695,-0.0110,1.0982,0.2679,-0.1657,36.9715,38.3161,0.0339,nan,nan,nan,nan
23.0830,0.0147,-0.0068,1.1771,-0.2849,0.1956,-0.1610,0.2706,-0.0104,1.0978,0.2679,-0.1657,36.9714,38.3155,0.0295,nan,nan,nan,nan
23.1055,0.0154,-0.0064,1.1768,-0.2624,0.1811,-0.1572,0.2712,-0.0100,1.0975,0.2679,-0.1668,36.9708,38.3154,0.0224,nan,nan,nan,nan
23.1363,0.0164,-0.0058,1.1763,-0.2392,0.1670,-0.1527,0.2723,-0.0094,1.0971,0.2679,-0.1719,36.9700,38.3120,0.0194,nan,nan,nan,nan
23.1701,0.0178,-0.0050,1.1757,-0.2163,0.1527,-0.1478,0.2737,-0.0086,1.0965,0.2679,-0.1804,36.9678,38.3037,0.0150,nan,nan,nan,nan
23.1959,0.0188,-0.0044,1.1753,-0.2163,0.1527,-0.1478,0.2747,-0.0079,1.0960,0.2679,-0.1809,36.9659,38.3000,0.0145,nan,nan,nan,nan
23.2207,0.0195,-0.0040,1.1750,-0.1941,0.1382,-0.1448,0.2754,-0.0075,1.0958,0.2679,-0.1728,36.9634,38.2993,0.0153,nan,nan,nan,nan
23.2506,0.0205,-0.0034,1.1745,-0.1735,0.1244,-0.1441,0.2764,-0.0067,1.0954,0.2679,-0.1532,36.9620,38.3012,0.0141,nan,nan,nan,nan
23.2865,0.0219,-0.0026,1.1740,-0.1550,0.1104,-0.1460,0.2778,-0.0057,1.0949,0.2679,-0.1074,36.9600,38.3018,0.0113,nan,nan,nan,nan
23.3191,0.0232,-0.0017,1.1734,-0.1384,0.0960,-0.1496,0.2792,-0.0046,1.0944,0.2679,-0.0443,36.9579,38.2997,0.0118,nan,nan,nan,nan
23.3516,0.0246,-0.0009,1.1729,-0.1222,0.0812,-0.1536,0.2806,-0.0035,1.0939,0.2679,0.0224,36.9535,38.3014,0.0100,nan,nan,nan,nan
23.3729,0.0256,-0.0003,1.1725,-0.1222,0.0812,-0.1536,0.2816,-0.0027,1.0935,0.2679,0.0672,36.9522,38.3020,0.0108,nan,nan,nan,nan
23.3951,0.0267,0.0003,1.1721,-0.1059,0.0663,-0.1560,0.2823,-0.0021,1.0933,0.2676,0.0895,36.9508,38.3019,0.0119,nan,nan,nan,nan
23.4218,0.0273,0.0007,1.1719,-0.0888,0.0506,-0.1550,0.2834,-0.0014,1.0930,0.2679,0.1098,36.9498,38.3017,0.0134,nan,nan,nan,nan
23.4435,0.0284,0.0014,1.1715,-0.0888,0.0506,-0.1550,0.2844,-0.0007,1.0927,0.2679,0.1165,36.9493,38.3015,0.0139,nan,nan,nan,nan
23.4663,0.0291,0.0018,1.1713,-0.0707,0.0345,-0.1515,0.2851,-0.0003,1.0925,0.2679,0.1207,36.9490,38.3018,0.0148,nan,nan,nan,nan
23.4894,0.0301,0.0024,1.1710,-0.0535,0.0182,-0.1462,0.2862,0.0004,1.0922,0.2679,0.1195,36.9477,38.3039,0.0171,nan,nan,nan,nan
23.5154,0.0311,0.0031,1.1706,-0.0535,0.0182,-0.1462,0.2872,0.0011,1.0919,0.2679,0.1145,36.9465,38.3058,0.0220,nan,nan,nan,nan
23.5356,0.0318,0.0035,1.1704,-0.0372,0.0009,-0.1389,0.2879,0.0015,1.0917,0.2679,0.1056,36.9452,38.3076,0.0299,nan,nan,nan,nan
23.5602,0.0332,0.0044,1.1700,-0.0213,-0.0172,-0.1297,0.2893,0.0022,1.0914,0.2679,0.0626,36.9437,38.3063,0.0497,nan,nan,nan,nan
23.5902,0.0342,0.0050,1.1697,-0.0057,-0.0355,-0.1182,0.2904,0.0028,1.0911,0.2680,0.0262,36.9436,38.3057,0.0515,nan,nan,nan,nan
23.6117,0.0352,0.0057,1.1694,-0.0057,-0.0355,-0.1182,0.2914,0.0033,1.0909,0.2680,0.0018,36.9439,38.3061,0.0536,nan,nan,nan,nan
23.6399,0.0359,0.0061,1.1692,0.0084,-0.0545,-0.1065,0.2921,0.0037,1.0908,0.2680,-0.0226,36.9443,38.3061,0.0564,nan,nan,nan,nan
23.6659,0.0369,0.0067,1.1690,0.0206,-0.0742,-0.0946,0.2931,0.0042,1.0906,0.2679,-0.0720,36.9453,38.3094,0.0589,nan,nan,nan,nan
23.6949,0.0383,0.0076,1.1686,0.0323,-0.0939,-0.0826,0.2945,0.0049,1.0903,0.2679,-0.1237,36.9486,38.3099,0.0553,nan,nan,nan,nan
23.7331,0.0396,0.0084,1.1683,0.0420,-0.1145,-0.0717,0.2959,0.0056,1.0901,0.2679,-0.1653,36.9497,38.3124,0.0484,nan,nan,nan,nan
23.7571,0.0409,0.0093,1.1680,0.0497,-0.1360,-0.0631,0.2972,0.0064,1.0899,0.2679,-0.1890,36.9478,38.3133,0.0435,nan,nan,nan,nan
23.7796,0.0419,0.0099,1.1678,0.0497,-0.1360,-0.0631,0.2982,0.0071,1.0897,0.2679,-0.1932,36.9474,38.3131,0.0440,nan,nan,nan,nan
23.8013,0.0429,0.0105,1.1676,0.0551,-0.1576,-0.0572,0.2993,0.0077,1.0896,0.2680,-0.1897,36.9501,38.3109,0.0429,nan,nan,nan,nan
23.8281,0.0436,0.0110,1.1675,0.0593,-0.1794,-0.0526,0.2999,0.0082,1.0895,0.2680,-0.1849,36.9507,38.3098,0.0421,nan,nan,nan,nan
23.8557,0.0449,0.0118,1.1672,0.0631,-0.2023,-0.0490,0.3013,0.0091,1.0894,0.2680,-0.1734,36.9487,38.3100,0.0382,nan,nan,nan,nan
23.8816,0.0459,0.0124,1.1670,0.0631,-0.2023,-0.0490,0.3023,0.0097,1.0893,0.2680,-0.1648,36.9454,38.3086,0.0358,nan,nan,nan,nan
23.9044,0.0465,0.0128,1.1669,0.0667,-0.2260,-0.0458,0.3029,0.0102,1.0892,0.2680,-0.1601,36.9439,38.3071,0.0354,nan,nan,nan,nan
23.9319,0.0475,0.0134,1.1668,0.0707,-0.2497,-0.0417,0.3039,0.0108,1.0891,0.2680,-0.1572,36.9418,38.3038,0.0375,nan,nan,nan,nan
23.9571,0.0487,0.0142,1.1666,0.0752,-0.2739,-0.0364,0.3052,0.0116,1.0890,0.2680,-0.1614,36.9388,38.2980,0.0344,nan,nan,nan,nan
23.9782,0.0497,0.0148,1.1664,0.0752,-0.2739,-0.0364,0.3062,0.0122,1.0889,0.2680,-0.1682,36.9375,38.2945,0.0354,nan,nan,nan,nan
24.0034,0.0503,0.0152,1.1664,0.0805,-0.2983,-0.0314,0.3069,0.0126,1.0889,0.2680,-0.1706,36.9376,38.2929,0.0362,nan,nan,nan,nan
24.0328,0.0512,0.0158,1.1663,0.0850,-0.3225,-0.0269,0.3078,0.0133,1.0888,0.2681,-0.1734,36.9373,38.2874,0.0326,nan,nan,nan,nan
24.0696,0.0524,0.0166,1.1661,0.0890,-0.3467,-0.0244,0.3091,0.0141,1.0888,0.2681,-0.1635,36.9345,38.2886,0.0217,nan,nan,nan,nan
24.0968,0.0533,0.0172,1.1660,0.0890,-0.3467,-0.0244,0.3100,0.0148,1.0888,0.2681,-0.1518,36.9331,38.2913,0.0068,nan,nan,nan,nan
24.1208,0.0539,0.0176,1.1660,0.0929,-0.3706,-0.0231,0.3106,0.0152,1.0888,0.2681,-0.1433,36.9319,38.2923,-0.0006,nan,nan,nan,nan
24.1541,0.0548,0.0182,1.1659,0.0968,-0.3943,-0.0224,0.3115,0.0159,1.0888,0.2681,-0.1291,36.9294,38.2941,-0.0028,nan,nan,nan,nan
24.1807,0.0560,0.0190,1.1658,0.1009,-0.4177,-0.0213,0.3127,0.0167,1.0888,0.2681,-0.1132,36.9242,38.2971,0.0053,nan,nan,nan,nan
24.2155,0.0571,0.0198,1.1658,0.1054,-0.4407,-0.0200,0.3139,0.0176,1.0888,0.2681,-0.0979,36.9198,38.2984,0.0157,nan,nan,nan,nan
24.2366,0.0580,0.0204,1.1657,0.1054,-0.4407,-0.0200,0.3148,0.0182,1.0888,0.2681,-0.0850,36.9176,38.2992,0.0213,nan,nan,nan,nan
24.2567,0.0585,0.0207,1.1657,0.1098,-0.4630,-0.0192,0.3154,0.0187,1.0888,0.2681,-0.0764,36.9160,38.2992,0.0243,nan,nan,nan,nan
24.2860,0.0594,0.0213,1.1657,0.1141,-0.4845,-0.0188,0.3162,0.0193,1.0889,0.2681,-0.0614,36.9138,38.3000,0.0253,nan,nan,nan,nan
24.3110,0.0602,0.0219,1.1657,0.1141,-0.4845,-0.0188,0.3170,0.0200,1.0889,0.2681,-0.0489,36.9122,38.3012,0.0260,nan,nan,nan,nan
24.3315,0.0607,0.0223,1.1657,0.1184,-0.5051,-0.0194,0.3176,0.0204,1.0889,0.2681,-0.0353,36.9103,38.3024,0.0273,nan,nan,nan,nan
24.3591,0.0615,0.0228,1.1657,0.1221,-0.5252,-0.0214,0.3184,0.0211,1.0890,0.2681,-0.0003,36.9057,38.3013,0.0312,nan,nan,nan,nan
24.3948,0.0625,0.0235,1.1657,0.1246,-0.5442,-0.0249,0.3195,0.0220,1.0891,0.2681,0.0484,36.9008,38.2969,0.0343,nan,nan,nan,nan
24.4268,0.0635,0.0243,1.1657,0.1266,-0.5621,-0.0296,0.3205,0.0230,1.0891,0.2682,0.1054,36.8963,38.2917,0.0311,nan,nan,nan,nan
24.4473,0.0642,0.0248,1.1657,0.1266,-0.5621,-0.0296,0.3212,0.0237,1.0892,0.2682,0.1357,36.8940,38.2899,0.0299,nan,nan,nan,nan
24.4677,0.0647,0.0252,1.1658,0.1275,-0.5788,-0.0344,0.3217,0.0242,1.0893,0.2682,0.1671,36.8915,38.2900,0.0256,nan,nan,nan,nan
24.4888,0.0654,0.0257,1.1658,0.1282,-0.5942,-0.0397,0.3225,0.0249,1.0894,0.2682,0.2316,36.8877,38.2910,0.0166,nan,nan,nan,nan
24.5155,0.0661,0.0262,1.1659,0.1282,-0.5942,-0.0397,0.3232,0.0257,1.0895,0.2682,0.2607,36.8872,38.2918,0.0118,nan,nan,nan,nan
24.5375,0.0665,0.0266,1.1659,0.1295,-0.6075,-0.0435,0.3236,0.0261,1.0895,0.2682,0.2966,36.8886,38.2916,0.0038,nan,nan,nan,nan
24.5729,0.0672,0.0271,1.1660,0.1319,-0.6193,-0.0454,0.3243,0.0268,1.0896,0.2682,0.3239,36.8907,38.2913,0.0014,nan,nan,nan,nan
24.6047,0.0680,0.0278,1.1661,0.1353,-0.6301,-0.0450,0.3252,0.0276,1.0898,0.2682,0.3443,36.8930,38.2906,0.0006,nan,nan,nan,nan
24.6281,0.0687,0.0284,1.1662,0.1353,-0.6301,-0.0450,0.3258,0.0281,1.0899,0.2682,0.3497,36.8947,38.2907,-0.0018,nan,nan,nan,nan
24.6487,0.0689,0.0285,1.1662,0.1393,-0.6398,-0.0430,0.3260,0.0283,1.0900,0.2682,0.3531,36.8959,38.2897,-0.0039,nan,nan,nan,nan
24.6689,0.0695,0.0291,1.1663,0.1393,-0.6398,-0.0430,0.3266,0.0289,1.0901,0.2682,0.3569,36.8989,38.2861,-0.0078,nan,nan,nan,nan
24.6941,0.0700,0.0296,1.1664,0.1434,-0.6481,-0.0403,0.3272,0.0294,1.0902,0.2682,0.3602,36.9013,38.2823,-0.0121,nan,nan,nan,nan
24.7232,0.0704,0.0299,1.1665,0.1471,-0.6555,-0.0377,0.3276,0.0298,1.0903,0.2682,0.3618,36.9021,38.2809,-0.0119,nan,nan,nan,nan
24.7560,0.0712,0.0306,1.1667,0.1509,-0.6614,-0.0338,0.3284,0.0305,1.0905,0.2683,0.3582,36.9056,38.2781,-0.0116,nan,nan,nan,nan
24.7825,0.0719,0.0313,1.1668,0.1548,-0.6665,-0.0291,0.3291,0.0311,1.0907,0.2683,0.3497,36.9054,38.2775,-0.0161,nan,nan,nan,nan
24.8042,0.0724,0.0318,1.1670,0.1548,-0.6665,-0.0291,0.3296,0.0316,1.0909,0.2683,0.3414,36.9059,38.2756,-0.0147,nan,nan,nan,nan
24.8309,0.0729,0.0323,1.1671,0.1583,-0.6702,-0.0241,0.3301,0.0321,1.0910,0.2683,0.3362,36.9057,38.2726,-0.0109,nan,nan,nan,nan
24.8553,0.0733,0.0328,1.1673,0.1616,-0.6728,-0.0190,0.3306,0.0326,1.0912,0.2683,0.3269,36.9063,38.2674,-0.0069,nan,nan,nan,nan
24.8909,0.0738,0.0333,1.1674,0.1643,-0.6739,-0.0134,0.3311,0.0331,1.0913,0.2683,0.3143,36.9077,38.2607,-0.0020,nan,nan,nan,nan
24.9132,0.0742,0.0338,1.1676,0.1643,-0.6739,-0.0134,0.3315,0.0336,1.0915,0.2683,0.3074,36.9086,38.2567,-0.0020,nan,nan,nan,nan
24.9351,0.0746,0.0342,1.1678,0.1665,-0.6739,-0.0082,0.3318,0.0339,1.0916,0.2682,0.3040,36.9091,38.2541,-0.0009,nan,nan,nan,nan
24.9565,0.0750,0.0347,1.1680,0.1684,-0.6730,-0.0034,0.3324,0.0345,1.0918,0.2684,0.2988,36.9085,38.2531,0.0059,nan,nan,nan,nan
24.9871,0.0754,0.0352,1.1681,0.1701,-0.6709,0.0010,0.3327,0.0350,1.0920,0.2684,0.2961,36.9095,38.2540,0.0089,nan,nan,nan,nan
25.0145,0.0759,0.0358,1.1684,0.1718,-0.6676,0.0054,0.3332,0.0356,1.0922,0.2684,0.2916,36.9122,38.2548,0.0068,nan,nan,nan,nan
25.0531,0.0763,0.0364,1.1687,0.1738,-0.6640,0.0108,0.3337,0.0362,1.0925,0.2684,0.2813,36.9110,38.2619,0.0013,nan,nan,nan,nan
25.0765,0.0767,0.0369,1.1689,0.1738,-0.6640,0.0108,0.3340,0.0366,1.0927,0.2684,0.2677,36.9083,38.2673,-0.0061,nan,nan,nan,nan
25.1009,0.0769,0.0372,1.1690,0.1763,-0.6600,0.0173,0.3342,0.0369,1.0928,0.2684,0.2566,36.9065,38.2695,-0.0083,nan,nan,nan,nan
25.1327,0.0772,0.0376,1.1692,0.1797,-0.6552,0.0243,0.3345,0.0373,1.0930,0.2684,0.2346,36.9037,38.2729,-0.0114,nan,nan,nan,nan
25.1560,0.0774,0.0381,1.1694,0.1797,-0.6552,0.0243,0.3347,0.0376,1.0932,0.2684,0.2159,36.9028,38.2746,-0.0144,nan,nan,nan,nan
25.1796,0.0776,0.0384,1.1696,0.1840,-0.6493,0.0330,0.3349,0.0379,1.0933,0.2684,0.1943,36.9033,38.2761,-0.0170,nan,nan,nan,nan
25.2076,0.0779,0.0388,1.1698,0.1894,-0.6424,0.0424,0.3352,0.0382,1.0935,0.2684,0.1451,36.9056,38.2794,-0.0177,nan,nan,nan,nan
25.2432,0.0782,0.0394,1.1701,0.1953,-0.6349,0.0523,0.3354,0.0386,1.0938,0.2684,0.0925,36.9079,38.2843,-0.0164,nan,nan,nan,nan
25.2758,0.0784,0.0400,1.1704,0.2016,-0.6272,0.0610,0.3357,0.0390,1.0941,0.2684,0.0454,36.9085,38.2872,-0.0160,nan,nan,nan,nan
25.2990,0.0786,0.0404,1.1707,0.2016,-0.6272,0.0610,0.3359,0.0393,1.0943,0.2684,0.0274,36.9087,38.2881,-0.0178,nan,nan,nan,nan
25.3237,0.0787,0.0407,1.1708,0.2075,-0.6191,0.0678,0.3360,0.0396,1.0945,0.2684,0.0115,36.9088,38.2896,-0.0190,nan,nan,nan,nan
25.3591,0.0789,0.0411,1.1711,0.2142,-0.6108,0.0742,0.3362,0.0399,1.0947,0.2684,-0.0223,36.9080,38.2931,-0.0164,nan,nan,nan,nan
25.3858,0.0791,0.0417,1.1714,0.2220,-0.6023,0.0800,0.3363,0.0403,1.0950,0.2684,-0.0549,36.9080,38.2987,-0.0056,nan,nan,nan,nan
25.4076,0.0792,0.0421,1.1717,0.2220,-0.6023,0.0800,0.3365,0.0407,1.0953,0.2683,-0.0677,36.9096,38.3006,-0.0012,nan,nan,nan,nan
25.4340,0.0793,0.0423,1.1718,0.2296,-0.5930,0.0839,0.3365,0.0409,1.0954,0.2684,-0.0763,36.9125,38.2995,0.0023,nan,nan,nan,nan
25.4602,0.0794,0.0427,1.1721,0.2363,-0.5836,0.0848,0.3366,0.0414,1.0956,0.2684,-0.0718,36.9146,38.2959,0.0067,nan,nan,nan,nan
25.4844,0.0795,0.0431,1.1724,0.2363,-0.5836,0.0848,0.3367,0.0418,1.0959,0.2684,-0.0599,36.9157,38.2921,0.0086,nan,nan,nan,nan
25.5102,0.0795,0.0433,1.1725,0.2431,-0.5744,0.0838,0.3368,0.0421,1.0960,0.2684,-0.0561,36.9158,38.2914,0.0088,nan,nan,nan,nan
25.5381,0.0796,0.0437,1.1728,0.2518,-0.5650,0.0833,0.3368,0.0425,1.0963,0.2684,-0.0476,36.9181,38.2905,0.0056,nan,nan,nan,nan
25.5755,0.0797,0.0442,1.1732,0.2620,-0.5555,0.0841,0.3369,0.0429,1.0966,0.2684,-0.0503,36.9213,38.2924,0.0031,nan,nan,nan,nan
25.5984,0.0797,0.0445,1.1734,0.2620,-0.5555,0.0841,0.3369,0.0433,1.0968,0.2684,-0.0592,36.9209,38.2917,-0.0001,nan,nan,nan,nan
25.6231,0.0797,0.0447,1.1736,0.2737,-0.5466,0.0856,0.3369,0.0435,1.0970,0.2684,-0.0635,36.9205,38.2907,-0.0012,nan,nan,nan,nan
25.6502,0.0797,0.0451,1.1739,0.2861,-0.5385,0.0873,0.3369,0.0438,1.0972,0.2684,-0.0777,36.9166,38.2909,-0.0021,nan,nan,nan,nan
25.6739,0.0797,0.0454,1.1742,0.2861,-0.5385,0.0873,0.3369,0.0441,1.0975,0.2684,-0.0844,36.9134,38.2902,-0.0002,nan,nan,nan,nan
25.7010,0.0797,0.0456,1.1744,0.2984,-0.5305,0.0881,0.3369,0.0444,1.0976,0.2684,-0.0872,36.9111,38.2897,-0.0023,nan,nan,nan,nan
25.7229,0.0797,0.0460,1.1747,0.3110,-0.5223,0.0882,0.3369,0.0447,1.0979,0.2684,-0.0903,36.9084,38.2876,-0.0055,nan,nan,nan,nan
25.7481,0.0796,0.0464,1.1750,0.3247,-0.5144,0.0876,0.3368,0.0451,1.0982,0.2685,-0.0954,36.9053,38.2801,-0.0057,nan,nan,nan,nan
25.7843,0.0795,0.0468,1.1754,0.3384,-0.5064,0.0866,0.3368,0.0455,1.0985,0.2685,-0.0973,36.9027,38.2754,-0.0008,nan,nan,nan,nan
25.8185,0.0795,0.0472,1.1758,0.3521,-0.4980,0.0849,0.3367,0.0459,1.0988,0.2685,-0.0966,36.9023,38.2728,0.0067,nan,nan,nan,nan
25.8406,0.0794,0.0474,1.1761,0.3521,-0.4980,0.0849,0.3366,0.0462,1.0991,0.2685,-0.0994,36.9035,38.2748,0.0100,nan,nan,nan,nan
25.8689,0.0793,0.0477,1.1764,0.3662,-0.4893,0.0842,0.3365,0.0465,1.0994,0.2685,-0.1017,36.9056,38.2774,0.0114,nan,nan,nan,nan
25.8946,0.0791,0.0480,1.1767,0.3804,-0.4806,0.0831,0.3363,0.0467,1.0997,0.2685,-0.1020,36.9075,38.2795,0.0095,nan,nan,nan,nan
25.9293,0.0790,0.0482,1.1770,0.3944,-0.4715,0.0811,0.3362,0.0470,1.0999,0.2685,-0.0987,36.9128,38.2811,0.0068,nan,nan,nan,nan
25.9553,0.0789,0.0485,1.1773,0.3944,-0.4715,0.0811,0.3361,0.0473,1.1002,0.2685,-0.0953,36.9152,38.2806,0.0056,nan,nan,nan,nan
25.9779,0.0788,0.0486,1.1775,0.4074,-0.4624,0.0785,0.3360,0.0475,1.1004,0.2685,-0.0868,36.9183,38.2820,0.0088,nan,nan,nan,nan
26.0147,0.0786,0.0488,1.1778,0.4201,-0.4535,0.0762,0.3358,0.0477,1.1007,0.2685,-0.0799,36.9203,38.2845,0.0130,nan,nan,nan,nan
26.0457,0.0784,0.0491,1.1782,0.4326,-0.4449,0.0740,0.3356,0.0480,1.1011,0.2685,-0.0718,36.9218,38.2843,0.0205,nan,nan,nan,nan
26.0833,0.0782,0.0494,1.1786,0.4451,-0.4368,0.0728,0.3353,0.0483,1.1014,0.2685,-0.0721,36.9209,38.2809,0.0260,nan,nan,nan,nan
26.1104,0.0779,0.0496,1.1789,0.4574,-0.4285,0.0718,0.3351,0.0486,1.1018,0.2685,-0.0741,36.9216,38.2817,0.0278,nan,nan,nan,nan
26.1413,0.0776,0.0498,1.1793,0.4689,-0.4201,0.0701,0.3348,0.0488,1.1021,0.2685,-0.0725,36.9218,38.2823,0.0335,nan,nan,nan,nan
26.1747,0.0773,0.0500,1.1797,0.4790,-0.4112,0.0680,0.3345,0.0490,1.1025,0.2685,-0.0657,36.9235,38.2802,0.0305,nan,nan,nan,nan
26.2015,0.0771,0.0501,1.1800,0.4790,-0.4112,0.0680,0.3342,0.0492,1.1027,0.2685,-0.0556,36.9241,38.2789,0.0267,nan,nan,nan,nan
26.2287,0.0769,0.0502,1.1802,0.4876,-0.4025,0.0654,0.3341,0.0493,1.1029,0.2685,-0.0506,36.9241,38.2790,0.0236,nan,nan,nan,nan
26.2550,0.0767,0.0503,1.1805,0.4959,-0.3937,0.0638,0.3338,0.0495,1.1032,0.2685,-0.0478,36.9257,38.2807,0.0173,nan,nan,nan,nan
26.2771,0.0764,0.0504,1.1808,0.4959,-0.3937,0.0638,0.3335,0.0496,1.1035,0.2685,-0.0450,36.9299,38.2835,0.0138,nan,nan,nan,nan
26.2997,0.0763,0.0505,1.1810,0.5031,-0.3839,0.0625,0.3334,0.0496,1.1037,0.2685,-0.0450,36.9316,38.2833,0.0131,nan,nan,nan,nan
26.3260,0.0760,0.0506,1.1813,0.5094,-0.3744,0.0622,0.3331,0.0497,1.1039,0.2685,-0.0474,36.9344,38.2859,0.0119,nan,nan,nan,nan
26.3534,0.0757,0.0506,1.1816,0.5094,-0.3744,0.0622,0.3328,0.0498,1.1042,0.2685,-0.0507,36.9359,38.2871,0.0046,nan,nan,nan,nan
26.3816,0.0755,0.0507,1.1818,0.5147,-0.3651,0.0617,0.3326,0.0498,1.1044,0.2685,-0.0506,36.9359,38.2865,0.0006,nan,nan,nan,nan
26.4129,0.0752,0.0507,1.1821,0.5185,-0.3563,0.0607,0.3323,0.0499,1.1046,0.2685,-0.0493,36.9351,38.2858,-0.0035,nan,nan,nan,nan
26.4348,0.0749,0.0508,1.1823,0.5185,-0.3563,0.0607,0.3320,0.0499,1.1049,0.2685,-0.0493,36.9346,38.2828,-0.0040,nan,nan,nan,nan
26.4630,0.0747,0.0508,1.1825,0.5209,-0.3476,0.0607,0.3318,0.0499,1.1050,0.2685,-0.0512,36.9337,38.2804,-0.0030,nan,nan,nan,nan
26.4892,0.0744,0.0508,1.1828,0.5224,-0.3387,0.0609,0.3315,0.0499,1.1053,0.2685,-0.0566,36.9341,38.2759,-0.0020,nan,nan,nan,nan
26.5117,0.0741,0.0508,1.1831,0.5224,-0.3387,0.0609,0.3311,0.0499,1.1055,0.2685,-0.0597,36.9352,38.2766,-0.0027,nan,nan,nan,nan
26.5329,0.0738,0.0508,1.1833,0.5225,-0.3296,0.0618,0.3309,0.0499,1.1057,0.2685,-0.0675,36.9372,38.2768,-0.0027,nan,nan,nan,nan
26.5563,0.0735,0.0507,1.1836,0.5216,-0.3204,0.0627,0.3306,0.0498,1.1060,0.2685,-0.0725,36.9398,38.2755,-0.0007,nan,nan,nan,nan
26.5769,0.0732,0.0507,1.1839,0.5216,-0.3204,0.0627,0.3302,0.0498,1.1062,0.2685,-0.0698,36.9420,38.2699,0.0013,nan,nan,nan,nan
26.6034,0.0729,0.0507,1.1840,0.5184,-0.3113,0.0621,0.3300,0.0498,1.1064,0.2685,-0.0674,36.9419,38.2687,0.0008,nan,nan,nan,nan
26.6288,0.0726,0.0506,1.1843,0.5134,-0.3024,0.0611,0.3296,0.0498,1.1066,0.2685,-0.0576,36.9425,38.2667,-0.0054,nan,nan,nan,nan
26.6510,0.0722,0.0505,1.1846,0.5134,-0.3024,0.0611,0.3292,0.0497,1.1069,0.2685,-0.0540,36.9418,38.2663,-0.0064,nan,nan,nan,nan
26.6796,0.0719,0.0505,1.1848,0.5074,-0.2938,0.0608,0.3290,0.0496,1.1070,0.2685,-0.0513,36.9419,38.2655,-0.0069,nan,nan,nan,nan
26.7106,0.0716,0.0504,1.1850,0.5007,-0.2848,0.0608,0.3286,0.0496,1.1073,0.2686,-0.0489,36.9444,38.2622,-0.0054,nan,nan,nan,nan
26.7323,0.0712,0.0503,1.1853,0.5007,-0.2848,0.0608,0.3282,0.0494,1.1075,0.2686,-0.0507,36.9451,38.2619,-0.0041,nan,nan,nan,nan
26.7564,0.0709,0.0502,1.1855,0.4929,-0.2761,0.0619,0.3280,0.0494,1.1077,0.2686,-0.0523,36.9454,38.2617,-0.0028,nan,nan,nan,nan
26.7859,0.0705,0.0501,1.1858,0.4837,-0.2677,0.0626,0.3276,0.0492,1.1079,0.2686,-0.0521,36.9451,38.2620,0.0029,nan,nan,nan,nan
26.8095,0.0701,0.0499,1.1860,0.4837,-0.2677,0.0626,0.3272,0.0491,1.1081,0.2686,-0.0506,36.9448,38.2623,0.0121,nan,nan,nan,nan
26.8307,0.0699,0.0498,1.1862,0.4733,-0.2594,0.0630,0.3269,0.0490,1.1083,0.2686,-0.0498,36.9444,38.2623,0.0154,nan,nan,nan,nan
26.8577,0.0695,0.0497,1.1865,0.4614,-0.2510,0.0633,0.3265,0.0488,1.1085,0.2686,-0.0443,36.9428,38.2647,0.0206,nan,nan,nan,nan
26.8946,0.0689,0.0494,1.1868,0.4485,-0.2423,0.0637,0.3259,0.0486,1.1089,0.2686,-0.0390,36.9429,38.2689,0.0170,nan,nan,nan,nan
26.9214,0.0685,0.0492,1.1871,0.4485,-0.2423,0.0637,0.3255,0.0484,1.1091,0.2686,-0.0335,36.9423,38.2695,0.0200,nan,nan,nan,nan
26.9434,0.0682,0.0491,1.1872,0.4343,-0.2336,0.0638,0.3252,0.0483,1.1092,0.2685,-0.0314,36.9418,38.2703,0.0226,nan,nan,nan,nan
26.9743,0.0678,0.0489,1.1875,0.4188,-0.2244,0.0634,0.3247,0.0482,1.1095,0.2685,-0.0176,36.9416,38.2740,0.0322,nan,nan,nan,nan
27.0022,0.0674,0.0487,1.1877,0.4188,-0.2244,0.0634,0.3243,0.0480,1.1097,0.2685,-0.0052,36.9449,38.2748,0.0321,nan,nan,nan,nan
27.0226,0.0671,0.0485,1.1879,0.4021,-0.2148,0.0626,0.3240,0.0479,1.1098,0.2685,-0.0007,36.9457,38.2748,0.0309,nan,nan,nan,nan
27.0507,0.0666,0.0483,1.1881,0.3842,-0.2056,0.0621,0.3236,0.0477,1.1101,0.2685,0.0170,36.9465,38.2765,0.0247,nan,nan,nan,nan
27.0771,0.0662,0.0481,1.1884,0.3842,-0.2056,0.0621,0.3231,0.0474,1.1103,0.2685,0.0286,36.9442,38.2792,0.0201,nan,nan,nan,nan
27.0991,0.0659,0.0479,1.1885,0.3663,-0.1969,0.0621,0.3229,0.0474,1.1104,0.2687,0.0319,36.9438,38.2805,0.0201,nan,nan,nan,nan
27.1267,0.0654,0.0476,1.1888,0.3482,-0.1878,0.0629,0.3223,0.0471,1.1107,0.2685,0.0395,36.9421,38.2898,0.0229,nan,nan,nan,nan
27.1526,0.0650,0.0474,1.1890,0.3482,-0.1878,0.0629,0.3218,0.0468,1.1109,0.2685,0.0387,36.9429,38.2973,0.0258,nan,nan,nan,nan
27.1764,0.0647,0.0472,1.1892,0.3300,-0.1785,0.0651,0.3215,0.0466,1.1110,0.2685,0.0353,36.9445,38.2996,0.0281,nan,nan,nan,nan
27.2088,0.0642,0.0469,1.1894,0.3123,-0.1693,0.0690,0.3211,0.0462,1.1112,0.2685,0.0215,36.9447,38.3012,0.0335,nan,nan,nan,nan
27.2358,0.0636,0.0465,1.1897,0.2945,-0.1603,0.0736,0.3204,0.0458,1.1115,0.2685,0.0009,36.9446,38.3023,0.0491,nan,nan,nan,nan
27.2646,0.0629,0.0462,1.1900,0.2747,-0.1512,0.0756,0.3198,0.0454,1.1118,0.2685,-0.0006,36.9452,38.3018,0.0614,nan,nan,nan,nan
27.2885,0.0625,0.0458,1.1902,0.2747,-0.1512,0.0756,0.3193,0.0451,1.1120,0.2685,0.0099,36.9452,38.3045,0.0671,nan,nan,nan,nan
27.3160,0.0622,0.0456,1.1904,0.2530,-0.1420,0.0759,0.3190,0.0449,1.1121,0.2685,0.0144,36.9455,38.3062,0.0671,nan,nan,nan,nan
27.3519,0.0617,0.0453,1.1906,0.2310,-0.1328,0.0758,0.3185,0.0446,1.1123,0.2685,0.0326,36.9454,38.3103,0.0673,nan,nan,nan,nan
27.3732,0.0612,0.0450,1.1908,0.2310,-0.1328,0.0758,0.3180,0.0443,1.1125,0.2685,0.0450,36.9452,38.3127,0.0688,nan,nan,nan,nan
27.4000,0.0607,0.0447,1.1910,0.2091,-0.1238,0.0759,0.3175,0.0441,1.1127,0.2685,0.0547,36.9452,38.3146,0.0694,nan,nan,nan,nan
27.4248,0.0604,0.0445,1.1911,0.1864,-0.1148,0.0744,0.3172,0.0439,1.1128,0.2685,0.0757,36.9465,38.3161,0.0690,nan,nan,nan,nan
27.4455,0.0599,0.0441,1.1913,0.1864,-0.1148,0.0744,0.3167,0.0436,1.1130,0.2684,0.0991,36.9474,38.3171,0.0700,nan,nan,nan,nan
27.4727,0.0596,0.0439,1.1915,0.1637,-0.1062,0.0724,0.3163,0.0434,1.1131,0.2684,0.1140,36.9473,38.3185,0.0692,nan,nan,nan,nan
27.5027,0.0591,0.0435,1.1917,0.1408,-0.0981,0.0701,0.3158,0.0432,1.1133,0.2684,0.1400,36.9454,38.3220,0.0695,nan,nan,nan,nan
27.5289,0.0584,0.0431,1.1919,0.1176,-0.0905,0.0681,0.3151,0.0428,1.1135,0.2684,0.1733,36.9434,38.3250,0.0641,nan,nan,nan,nan
27.5504,0.0579,0.0427,1.1921,0.1176,-0.0905,0.0681,0.3146,0.0425,1.1137,0.2684,0.1875,36.9432,38.3257,0.0595,nan,nan,nan,nan
27.5758,0.0574,0.0424,1.1923,0.0952,-0.0832,0.0668,0.3141,0.0422,1.1138,0.2684,0.2051,36.9421,38.3254,0.0542,nan,nan,nan,nan
27.5986,0.0571,0.0422,1.1925,0.0741,-0.0765,0.0667,0.3138,0.0420,1.1139,0.2684,0.2158,36.9402,38.3251,0.0520,nan,nan,nan,nan
27.6350,0.0564,0.0417,1.1927,0.0539,-0.0701,0.0680,0.3131,0.0416,1.1141,0.2684,0.2210,36.9395,38.3222,0.0503,nan,nan,nan,nan
27.6576,0.0559,0.0413,1.1929,0.0539,-0.0701,0.0680,0.3126,0.0412,1.1143,0.2685,0.2162,36.9377,38.3193,0.0488,nan,nan,nan,nan
27.6804,0.0556,0.0411,1.1930,0.0350,-0.0641,0.0706,0.3123,0.0409,1.1144,0.2685,0.2123,36.9361,38.3186,0.0483,nan,nan,nan,nan
27.7063,0.0551,0.0408,1.1932,0.0169,-0.0583,0.0733,0.3118,0.0406,1.1145,0.2685,0.2069,36.9347,38.3174,0.0449,nan,nan,nan,nan
27.7431,0.0544,0.0403,1.1934,-0.0016,-0.0524,0.0746,0.3111,0.0401,1.1147,0.2685,0.2082,36.9350,38.3114,0.0410,nan,nan,nan,nan
27.7706,0.0539,0.0400,1.1936,-0.0016,-0.0524,0.0746,0.3106,0.0397,1.1149,0.2685,0.2130,36.9353,38.3075,0.0393,nan,nan,nan,nan
27.7948,0.0536,0.0397,1.1937,-0.0201,-0.0467,0.0748,0.3103,0.0395,1.1149,0.2685,0.2181,36.9354,38.3023,0.0356,nan,nan,nan,nan
27.8300,0.0531,0.0394,1.1938,-0.0381,-0.0414,0.0749,0.3098,0.0392,1.1151,0.2685,0.2300,36.9351,38.2912,0.0344,nan,nan,nan,nan
27.8563,0.0526,0.0390,1.1940,-0.0381,-0.0414,0.0749,0.3093,0.0389,1.1152,0.2685,0.2395,36.9340,38.2866,0.0318,nan,nan,nan,nan
27.8791,0.0523,0.0388,1.1941,-0.0554,-0.0362,0.0751,0.3090,0.0386,1.1153,0.2685,0.2416,36.9334,38.2862,0.0294,nan,nan,nan,nan
27.9098,0.0518,0.0385,1.1943,-0.0713,-0.0310,0.0767,0.3085,0.0383,1.1154,0.2685,0.2423,36.9331,38.2874,0.0267,nan,nan,nan,nan
27.9479,0.0511,0.0380,1.1945,-0.0856,-0.0259,0.0787,0.3078,0.0378,1.1156,0.2685,0.2365,36.9345,38.2886,0.0227,nan,nan,nan,nan
27.9706,0.0506,0.0377,1.1946,-0.0856,-0.0259,0.0787,0.3073,0.0374,1.1157,0.2685,0.2329,36.9361,38.2885,0.0206,nan,nan,nan,nan
27.9947,0.0503,0.0375,1.1947,-0.0992,-0.0204,0.0812,0.3070,0.0372,1.1158,0.2685,0.2298,36.9380,38.2860,0.0175,nan,nan,nan,nan
28.0307,0.0498,0.0371,1.1948,-0.1119,-0.0152,0.0825,0.3064,0.0369,1.1160,0.2685,0.2264,36.9417,38.2820,0.0101,nan,nan,nan,nan
28.0569,0.0493,0.0368,1.1950,-0.1119,-0.0152,0.0825,0.3059,0.0365,1.1161,0.2685,0.2294,36.9456,38.2762,0.0046,nan,nan,nan,nan
28.0820,0.0489,0.0366,1.1951,-0.1246,-0.0100,0.0826,0.3056,0.0363,1.1162,0.2685,0.2343,36.9475,38.2742,0.0021,nan,nan,nan,nan
28.1126,0.0484,0.0363,1.1952,-0.1370,-0.0051,0.0818,0.3051,0.0360,1.1163,0.2685,0.2449,36.9494,38.2732,0.0004,nan,nan,nan,nan
28.1405,0.0478,0.0358,1.1954,-0.1491,-0.0004,0.0811,0.3044,0.0356,1.1164,0.2685,0.2589,36.9522,38.2698,0.0015,nan,nan,nan,nan
28.1626,0.0473,0.0355,1.1955,-0.1491,-0.0004,0.0811,0.3039,0.0353,1.1165,0.2686,0.2629,36.9540,38.2663,0.0011,nan,nan,nan,nan
28.1864,0.0468,0.0352,1.1956,-0.1595,0.0041,0.0812,0.3034,0.0350,1.1167,0.2686,0.2636,36.9575,38.2623,0.0002,nan,nan,nan,nan
28.2106,0.0464,0.0350,1.1957,-0.1680,0.0083,0.0830,0.3031,0.0348,1.1167,0.2686,0.2578,36.9581,38.2629,0.0032,nan,nan,nan,nan
28.2381,0.0459,0.0347,1.1958,-0.1680,0.0083,0.0830,0.3026,0.0345,1.1168,0.2685,0.2506,36.9575,38.2637,0.0060,nan,nan,nan,nan
28.2599,0.0454,0.0344,1.1959,-0.1748,0.0119,0.0852,0.3021,0.0341,1.1170,0.2685,0.2416,36.9566,38.2667,0.0102,nan,nan,nan,nan
28.2850,0.0451,0.0342,1.1960,-0.1811,0.0159,0.0864,0.3018,0.0339,1.1170,0.2685,0.2370,36.9570,38.2725,0.0119,nan,nan,nan,nan
28.3146,0.0445,0.0339,1.1961,-0.1873,0.0199,0.0866,0.3011,0.0335,1.1172,0.2685,0.2385,36.9596,38.2761,0.0206,nan,nan,nan,nan
28.3350,0.0440,0.0336,1.1962,-0.1873,0.0199,0.0866,0.3006,0.0333,1.1173,0.2685,0.2388,36.9611,38.2766,0.0271,nan,nan,nan,nan
28.3607,0.0435,0.0333,1.1963,-0.1923,0.0242,0.0870,0.3001,0.0330,1.1174,0.2685,0.2323,36.9640,38.2764,0.0392,nan,nan,nan,nan
28.3848,0.0430,0.0331,1.1964,-0.1953,0.0279,0.0886,0.2996,0.0326,1.1175,0.2685,0.2207,36.9658,38.2740,0.0433,nan,nan,nan,nan
28.4087,0.0423,0.0327,1.1966,-0.1969,0.0317,0.0912,0.2990,0.0322,1.1176,0.2685,0.1985,36.9690,38.2734,0.0466,nan,nan,nan,nan
28.4308,0.0418,0.0325,1.1967,-0.1972,0.0357,0.0933,0.2985,0.0319,1.1177,0.2685,0.1828,36.9717,38.2752,0.0458,nan,nan,nan,nan
28.4603,0.0412,0.0321,1.1968,-0.1970,0.0395,0.0956,0.2978,0.0315,1.1178,0.2685,0.1618,36.9756,38.2732,0.0475,nan,nan,nan,nan
28.4924,0.0406,0.0318,1.1969,-0.1958,0.0427,0.0974,0.2972,0.0311,1.1179,0.2685,0.1423,36.9766,38.2716,0.0500,nan,nan,nan,nan
28.5192,0.0401,0.0316,1.1970,-0.1958,0.0427,0.0974,0.2967,0.0308,1.1180,0.2685,0.1307,36.9772,38.2700,0.0517,nan,nan,nan,nan
28.5403,0.0398,0.0314,1.1970,-0.1935,0.0458,0.0997,0.2964,0.0306,1.1180,0.2685,0.1122,36.9780,38.2675,0.0556,nan,nan,nan,nan
28.5657,0.0391,0.0311,1.1971,-0.1899,0.0488,0.1015,0.2957,0.0302,1.1181,0.2685,0.0883,36.9791,38.2638,0.0589,nan,nan,nan,nan
28.5917,0.0387,0.0309,1.1972,-0.1858,0.0514,0.1031,0.2953,0.0299,1.1182,0.2685,0.0722,36.9788,38.2637,0.0579,nan,nan,nan,nan
28.6181,0.0382,0.0307,1.1973,-0.1858,0.0514,0.1031,0.2948,0.0297,1.1182,0.2685,0.0640,36.9788,38.2625,0.0580,nan,nan,nan,nan
28.6397,0.0379,0.0306,1.1973,-0.1813,0.0541,0.1038,0.2945,0.0295,1.1183,0.2685,0.0573,36.9794,38.2609,0.0580,nan,nan,nan,nan
28.6688,0.0374,0.0304,1.1974,-0.1763,0.0573,0.1038,0.2940,0.0293,1.1183,0.2685,0.0459,36.9832,38.2572,0.0609,nan,nan,nan,nan
28.6915,0.0369,0.0302,1.1974,-0.1763,0.0573,0.1038,0.2935,0.0290,1.1184,0.2685,0.0394,36.9852,38.2541,0.0614,nan,nan,nan,nan
28.7154,0.0366,0.0300,1.1975,-0.1703,0.0602,0.1038,0.2932,0.0289,1.1184,0.2685,0.0317,36.9858,38.2530,0.0628,nan,nan,nan,nan
28.7510,0.0362,0.0298,1.1975,-0.1634,0.0633,0.1039,0.2928,0.0286,1.1185,0.2685,0.0177,36.9886,38.2515,0.0649,nan,nan,nan,nan
28.7820,0.0355,0.0296,1.1976,-0.1563,0.0663,0.1026,0.2922,0.0284,1.1185,0.2685,0.0126,36.9910,38.2472,0.0692,nan,nan,nan,nan
28.8087,0.0351,0.0294,1.1977,-0.1563,0.0663,0.1026,0.2917,0.0282,1.1186,0.2685,0.0166,36.9906,38.2455,0.0689,nan,nan,nan,nan
28.8303,0.0348,0.0293,1.1977,-0.1494,0.0691,0.1000,0.2914,0.0281,1.1186,0.2685,0.0203,36.9895,38.2461,0.0706,nan,nan,nan,nan
28.8654,0.0343,0.0291,1.1977,-0.1416,0.0717,0.0968,0.2909,0.0279,1.1186,0.2685,0.0256,36.9878,38.2495,0.0708,nan,nan,nan,nan
28.8867,0.0339,0.0289,1.1978,-0.1416,0.0717,0.0968,0.2905,0.0278,1.1187,0.2685,0.0299,36.9851,38.2528,0.0661,nan,nan,nan,nan
28.9083,0.0336,0.0288,1.1978,-0.1333,0.0742,0.0941,0.2902,0.0277,1.1187,0.2685,0.0329,36.9829,38.2565,0.0648,nan,nan,nan,nan
28.9393,0.0331,0.0286,1.1979,-0.1248,0.0765,0.0913,0.2897,0.0275,1.1187,0.2685,0.0389,36.9794,38.2598,0.0653,nan,nan,nan,nan
28.9665,0.0325,0.0284,1.1979,-0.1162,0.0789,0.0879,0.2891,0.0273,1.1187,0.2685,0.0521,36.9750,38.2626,0.0668,nan,nan,nan,nan
28.9939,0.0321,0.0283,1.1980,-0.1162,0.0789,0.0879,0.2887,0.0272,1.1188,0.2685,0.0639,36.9734,38.2690,0.0653,nan,nan,nan,nan
29.0217,0.0318,0.0281,1.1980,-0.1069,0.0820,0.0839,0.2884,0.0271,1.1188,0.2685,0.0719,36.9742,38.2730,0.0624,nan,nan,nan,nan
29.0558,0.0314,0.0280,1.1980,-0.0974,0.0863,0.0797,0.2879,0.0270,1.1189,0.2685,0.0845,36.9776,38.2778,0.0605,nan,nan,nan,nan
29.0769,0.0309,0.0278,1.1980,-0.0974,0.0863,0.0797,0.2875,0.0269,1.1189,0.2685,0.0951,36.9814,38.2806,0.0612,nan,nan,nan,nan
29.1034,0.0305,0.0277,1.1981,-0.0877,0.0908,0.0757,0.2870,0.0268,1.1189,0.2684,0.1029,36.9831,38.2817,0.0611,nan,nan,nan,nan
29.1303,0.0302,0.0276,1.1981,-0.0780,0.0949,0.0715,0.2867,0.0267,1.1189,0.2684,0.1159,36.9841,38.2811,0.0614,nan,nan,nan,nan
29.1569,0.0298,0.0274,1.1981,-0.0780,0.0949,0.0715,0.2863,0.0266,1.1189,0.2685,0.1322,36.9836,38.2781,0.0603,nan,nan,nan,nan
29.1855,0.0295,0.0273,1.1981,-0.0687,0.0988,0.0668,0.2860,0.0266,1.1189,0.2685,0.1480,36.9834,38.2748,0.0580,nan,nan,nan,nan
29.2116,0.0291,0.0271,1.1982,-0.0606,0.1031,0.0604,0.2856,0.0266,1.1189,0.2685,0.1795,36.9821,38.2695,0.0538,nan,nan,nan,nan
29.2410,0.0285,0.0269,1.1982,-0.0533,0.1076,0.0529,0.2850,0.0266,1.1189,0.2685,0.2288,36.9794,38.2663,0.0467,nan,nan,nan,nan
29.2623,0.0281,0.0268,1.1982,-0.0533,0.1076,0.0529,0.2846,0.0265,1.1189,0.2685,0.2517,36.9784,38.2641,0.0431,nan,nan,nan,nan
29.2844,0.0277,0.0266,1.1982,-0.0456,0.1124,0.0464,0.2842,0.0265,1.1189,0.2685,0.2861,36.9786,38.2561,0.0401,nan,nan,nan,nan
29.3048,0.0273,0.0265,1.1982,-0.0370,0.1177,0.0430,0.2838,0.0264,1.1189,0.2685,0.2940,36.9801,38.2506,0.0371,nan,nan,nan,nan
29.3395,0.0269,0.0264,1.1982,-0.0269,0.1235,0.0433,0.2834,0.0262,1.1189,0.2685,0.2884,36.9814,38.2487,0.0366,nan,nan,nan,nan
29.3657,0.0265,0.0262,1.1983,-0.0269,0.1235,0.0433,0.2830,0.0261,1.1189,0.2685,0.2767,36.9807,38.2451,0.0346,nan,nan,nan,nan
29.3902,0.0261,0.0261,1.1983,-0.0162,0.1289,0.0453,0.2826,0.0259,1.1188,0.2685,0.2654,36.9784,38.2452,0.0309,nan,nan,nan,nan
29.4116,0.0258,0.0260,1.1983,-0.0063,0.1345,0.0466,0.2823,0.0258,1.1188,0.2685,0.2613,36.9769,38.2469,0.0302,nan,nan,nan,nan
29.4346,0.0254,0.0259,1.1983,-0.0063,0.1345,0.0466,0.2819,0.0257,1.1188,0.2685,0.2585,36.9755,38.2482,0.0283,nan,nan,nan,nan
29.4607,0.0251,0.0257,1.1983,0.0021,0.1406,0.0475,0.2815,0.0255,1.1188,0.2685,0.2570,36.9731,38.2484,0.0197,nan,nan,nan,nan
29.4811,0.0247,0.0256,1.1983,0.0098,0.1469,0.0476,0.2811,0.0254,1.1188,0.2685,0.2573,36.9723,38.2499,0.0118,nan,nan,nan,nan
29.5139,0.0243,0.0254,1.1983,0.0164,0.1536,0.0487,0.2808,0.0253,1.1188,0.2685,0.2557,36.9731,38.2528,0.0060,nan,nan,nan,nan
29.5366,0.0239,0.0253,1.1983,0.0164,0.1536,0.0487,0.2804,0.0251,1.1188,0.2685,0.2482,36.9748,38.2568,0.0046,nan,nan,nan,nan
29.5595,0.0237,0.0252,1.1983,0.0231,0.1608,0.0513,0.2801,0.0250,1.1187,0.2685,0.2442,36.9753,38.2575,0.0043,nan,nan,nan,nan
29.5855,0.0233,0.0251,1.1983,0.0305,0.1677,0.0552,0.2797,0.0248,1.1187,0.2685,0.2192,36.9761,38.2578,0.0062,nan,nan,nan,nan
29.6091,0.0228,0.0249,1.1983,0.0378,0.1740,0.0600,0.2792,0.0245,1.1187,0.2685,0.1878,36.9754,38.2577,0.0087,nan,nan,nan,nan
29.6404,0.0224,0.0247,1.1983,0.0442,0.1800,0.0647,0.2788,0.0242,1.1186,0.2685,0.1603,36.9723,38.2608,0.0147,nan,nan,nan,nan
29.6636,0.0220,0.0246,1.1983,0.0442,0.1800,0.0647,0.2784,0.0240,1.1186,0.2685,0.1481,36.9708,38.2624,0.0166,nan,nan,nan,nan
29.6857,0.0218,0.0245,1.1983,0.0499,0.1862,0.0687,0.2782,0.0239,1.1186,0.2685,0.1304,36.9701,38.2628,0.0206,nan,nan,nan,nan
29.7222,0.0214,0.0243,1.1983,0.0545,0.1923,0.0728,0.2778,0.0237,1.1186,0.2685,0.1142,36.9693,38.2637,0.0214,nan,nan,nan,nan
29.7461,0.0211,0.0242,1.1983,0.0545,0.1923,0.0728,0.2775,0.0235,1.1185,0.2685,0.1027,36.9692,38.2643,0.0226,nan,nan,nan,nan
29.7670,0.0209,0.0241,1.1982,0.0586,0.1985,0.0768,0.2772,0.0234,1.1185,0.2685,0.0922,36.9693,38.2644,0.0262,nan,nan,nan,nan
29.7925,0.0206,0.0239,1.1982,0.0616,0.2047,0.0801,0.2769,0.0232,1.1185,0.2685,0.0763,36.9697,38.2643,0.0312,nan,nan,nan,nan
29.8215,0.0201,0.0237,1.1982,0.0640,0.2103,0.0837,0.2765,0.0229,1.1184,0.2685,0.0588,36.9690,38.2628,0.0320,nan,nan,nan,nan
29.8511,0.0197,0.0236,1.1982,0.0670,0.2151,0.0881,0.2761,0.0226,1.1184,0.2685,0.0324,36.9666,38.2608,0.0340,nan,nan,nan,nan
29.8742,0.0194,0.0234,1.1982,0.0670,0.2151,0.0881,0.2758,0.0224,1.1183,0.2685,0.0044,36.9651,38.2597,0.0344,nan,nan,nan,nan
29.8964,0.0192,0.0233,1.1982,0.0708,0.2196,0.0935,0.2755,0.0222,1.1183,0.2685,-0.0165,36.9640,38.2577,0.0356,nan,nan,nan,nan
29.9289,0.0189,0.0232,1.1982,0.0742,0.2236,0.0990,0.2753,0.0219,1.1183,0.2685,-0.0448,36.9620,38.2549,0.0402,nan,nan,nan,nan
29.9548,0.0186,0.0230,1.1981,0.0742,0.2236,0.0990,0.2750,0.0217,1.1182,0.2685,-0.0598,36.9610,38.2542,0.0423,nan,nan,nan,nan
29.9842,0.0184,0.0229,1.1981,0.0763,0.2275,0.1030,0.2748,0.0216,1.1182,0.2685,-0.0746,36.9606,38.2517,0.0474,nan,nan,nan,nan
30.0169,0.0182,0.0227,1.1981,0.0766,0.2309,0.1045,0.2745,0.0214,1.1182,0.2685,-0.0773,36.9591,38.2504,0.0512,nan,nan,nan,nan
30.0383,0.0179,0.0226,1.1981,0.0766,0.2309,0.1045,0.2742,0.0213,1.1181,0.2685,-0.0733,36.9572,38.2510,0.0518,nan,nan,nan,nan
30.0604,0.0176,0.0224,1.1981,0.0760,0.2336,0.1036,0.2739,0.0211,1.1181,0.2685,-0.0613,36.9555,38.2515,0.0504,nan,nan,nan,nan
30.0884,0.0175,0.0223,1.1981,0.0755,0.2357,0.1023,0.2738,0.0210,1.1181,0.2685,-0.0551,36.9547,38.2543,0.0494,nan,nan,nan,nan
30.1183,0.0171,0.0220,1.1980,0.0753,0.2367,0.1014,0.2734,0.0209,1.1180,0.2685,-0.0467,36.9526,38.2577,0.0506,nan,nan,nan,nan
30.1424,0.0168,0.0218,1.1980,0.0752,0.2368,0.1009,0.2731,0.0206,1.1180,0.2685,-0.0400,36.9499,38.2622,0.0494,nan,nan,nan,nan
30.1675,0.0165,0.0216,1.1980,0.0752,0.2362,0.0998,0.2728,0.0204,1.1180,0.2685,-0.0308,36.9493,38.2643,0.0483,nan,nan,nan,nan
30.1947,0.0162,0.0213,1.1979,0.0756,0.2342,0.1000,0.2725,0.0202,1.1179,0.2685,-0.0294,36.9459,38.2629,0.0480,nan,nan,nan,nan
30.2255,0.0159,0.0211,1.1979,0.0759,0.2311,0.0998,0.2722,0.0200,1.1179,0.2685,-0.0266,36.9405,38.2621,0.0504,nan,nan,nan,nan
30.2549,0.0156,0.0209,1.1978,0.0748,0.2274,0.0970,0.2719,0.0198,1.1179,0.2685,-0.0056,36.9361,38.2639,0.0482,nan,nan,nan,nan
30.2864,0.0153,0.0206,1.1978,0.0724,0.2236,0.0921,0.2716,0.0197,1.1178,0.2685,0.0310,36.9338,38.2646,0.0487,nan,nan,nan,nan
30.3076,0.0151,0.0204,1.1978,0.0724,0.2236,0.0921,0.2714,0.0196,1.1178,0.2685,0.0531,36.9323,38.2638,0.0479,nan,nan,nan,nan
30.3314,0.0149,0.0202,1.1977,0.0687,0.2189,0.0866,0.2712,0.0196,1.1178,0.2685,0.0885,36.9289,38.2621,0.0461,nan,nan,nan,nan
30.3528,0.0148,0.0200,1.1977,0.0646,0.2134,0.0806,0.2711,0.0195,1.1177,0.2685,0.1366,36.9262,38.2567,0.0430,nan,nan,nan,nan
30.3760,0.0145,0.0197,1.1977,0.0606,0.2079,0.0757,0.2708,0.0194,1.1177,0.2685,0.1664,36.9251,38.2563,0.0457,nan,nan,nan,nan
30.4021,0.0143,0.0195,1.1976,0.0572,0.2021,0.0724,0.2707,0.0193,1.1177,0.2685,0.1945,36.9254,38.2567,0.0438,nan,nan,nan,nan
30.4241,0.0142,0.0193,1.1976,0.0572,0.2021,0.0724,0.2705,0.0191,1.1177,0.2685,0.2045,36.9258,38.2583,0.0412,nan,nan,nan,nan
30.4451,0.0141,0.0192,1.1976,0.0544,0.1962,0.0699,0.2704,0.0190,1.1177,0.2685,0.2142,36.9277,38.2631,0.0344,nan,nan,nan,nan
30.4668,0.0139,0.0190,1.1976,0.0518,0.1899,0.0687,0.2702,0.0188,1.1177,0.2685,0.2186,36.9295,38.2629,0.0252,nan,nan,nan,nan
30.4923,0.0137,0.0187,1.1975,0.0486,0.1828,0.0686,0.2700,0.0186,1.1177,0.2685,0.2216,36.9288,38.2591,0.0135,nan,nan,nan,nan
30.5225,0.0135,0.0185,1.1975,0.0445,0.1750,0.0682,0.2699,0.0183,1.1176,0.2685,0.2258,36.9267,38.2532,0.0027,nan,nan,nan,nan
30.5480,0.0134,0.0183,1.1974,0.0445,0.1750,0.0682,0.2697,0.0181,1.1176,0.2685,0.2285,36.9252,38.2512,0.0015,nan,nan,nan,nan
30.5755,0.0133,0.0181,1.1974,0.0401,0.1670,0.0676,0.2696,0.0180,1.1176,0.2685,0.2301,36.9240,38.2490,0.0011,nan,nan,nan,nan
30.5987,0.0131,0.0179,1.1974,0.0356,0.1592,0.0677,0.2695,0.0178,1.1176,0.2685,0.2286,36.9216,38.2462,-0.0030,nan,nan,nan,nan
30.6190,0.0130,0.0177,1.1974,0.0356,0.1592,0.0677,0.2694,0.0175,1.1176,0.2685,0.2230,36.9205,38.2444,-0.0069,nan,nan,nan,nan
30.6395,0.0129,0.0175,1.1973,0.0313,0.1514,0.0695,0.2693,0.0173,1.1175,0.2685,0.2090,36.9192,38.2409,-0.0147,nan,nan,nan,nan
30.6600,0.0128,0.0173,1.1973,0.0274,0.1437,0.0729,0.2692,0.0170,1.1175,0.2685,0.1886,36.9197,38.2360,-0.0221,nan,nan,nan,nan
30.6934,0.0126,0.0172,1.1973,0.0235,0.1361,0.0771,0.2691,0.0167,1.1175,0.2685,0.1569,36.9215,38.2353,-0.0274,nan,nan,nan,nan
30.7226,0.0125,0.0169,1.1972,0.0196,0.1291,0.0817,0.2689,0.0163,1.1175,0.2685,0.1218,36.9257,38.2387,-0.0372,nan,nan,nan,nan
30.7603,0.0123,0.0166,1.1972,0.0155,0.1216,0.0861,0.2688,0.0159,1.1175,0.2685,0.0871,36.9288,38.2368,-0.0538,nan,nan,nan,nan
30.7859,0.0122,0.0164,1.1971,0.0155,0.1216,0.0861,0.2687,0.0156,1.1175,0.2685,0.0626,36.9297,38.2402,-0.0585,nan,nan,nan,nan
30.8128,0.0122,0.0163,1.1971,0.0113,0.1138,0.0900,0.2686,0.0154,1.1176,0.2685,0.0461,36.9302,38.2440,-0.0590,nan,nan,nan,nan
30.8435,0.0121,0.0161,1.1971,0.0071,0.1061,0.0941,0.2685,0.0151,1.1176,0.2685,0.0205,36.9308,38.2491,-0.0622,nan,nan,nan,nan
30.8685,0.0119,0.0158,1.1970,0.0031,0.0982,0.0981,0.2684,0.0147,1.1176,0.2685,-0.0133,36.9306,38.2532,-0.0700,nan,nan,nan,nan
30.8925,0.0118,0.0156,1.1970,-0.0018,0.0906,0.1003,0.2683,0.0143,1.1176,0.2685,-0.0332,36.9313,38.2616,-0.0775,nan,nan,nan,nan
30.9126,0.0117,0.0154,1.1970,-0.0018,0.0906,0.1003,0.2682,0.0141,1.1176,0.2684,-0.0393,36.9318,38.2651,-0.0745,nan,nan,nan,nan
30.9412,0.0117,0.0152,1.1969,-0.0074,0.0831,0.1012,0.2681,0.0139,1.1176,0.2684,-0.0426,36.9311,38.2663,-0.0737,nan,nan,nan,nan
30.9696,0.0116,0.0150,1.1969,-0.0135,0.0756,0.1011,0.2680,0.0137,1.1176,0.2684,-0.0455,36.9304,38.2686,-0.0753,nan,nan,nan,nan
30.9939,0.0115,0.0148,1.1969,-0.0135,0.0756,0.1011,0.2679,0.0135,1.1176,0.2684,-0.0464,36.9306,38.2697,-0.0761,nan,nan,nan,nan
31.0209,0.0114,0.0146,1.1969,-0.0195,0.0683,0.1005,0.2679,0.0133,1.1176,0.2684,-0.0406,36.9303,38.2717,-0.0805,nan,nan,nan,nan
31.0467,0.0113,0.0144,1.1968,-0.0260,0.0607,0.0979,0.2678,0.0131,1.1176,0.2684,-0.0335,36.9295,38.2715,-0.0858,nan,nan,nan,nan
31.0707,0.0112,0.0142,1.1968,-0.0331,0.0533,0.0946,0.2677,0.0130,1.1176,0.2684,-0.0146,36.9275,38.2751,-0.0987,nan,nan,nan,nan
31.0943,0.0112,0.0140,1.1968,-0.0331,0.0533,0.0946,0.2676,0.0128,1.1176,0.2684,0.0014,36.9280,38.2809,-0.1073,nan,nan,nan,nan
31.1179,0.0111,0.0139,1.1968,-0.0399,0.0467,0.0907,0.2676,0.0127,1.1176,0.2684,0.0115,36.9291,38.2832,-0.1145,nan,nan,nan,nan
31.1426,0.0110,0.0137,1.1967,-0.0461,0.0400,0.0871,0.2675,0.0126,1.1176,0.2684,0.0261,36.9288,38.2835,-0.1245,nan,nan,nan,nan
31.1642,0.0109,0.0135,1.1967,-0.0461,0.0400,0.0871,0.2674,0.0124,1.1176,0.2684,0.0400,36.9286,38.2812,-0.1367,nan,nan,nan,nan
31.1894,0.0109,0.0133,1.1967,-0.0523,0.0334,0.0834,0.2674,0.0123,1.1176,0.2684,0.0514,36.9287,38.2808,-0.1439,nan,nan,nan,nan
31.2198,0.0108,0.0131,1.1967,-0.0595,0.0278,0.0785,0.2673,0.0122,1.1176,0.2684,0.0749,36.9306,38.2802,-0.1502,nan,nan,nan,nan
31.2463,0.0107,0.0129,1.1966,-0.0671,0.0221,0.0730,0.2672,0.0121,1.1176,0.2684,0.1114,36.9311,38.2791,-0.1496,nan,nan,nan,nan
31.2686,0.0106,0.0127,1.1966,-0.0671,0.0221,0.0730,0.2671,0.0120,1.1176,0.2684,0.1440,36.9321,38.2776,-0.1481,nan,nan,nan,nan
31.2894,0.0106,0.0125,1.1966,-0.0751,0.0167,0.0663,0.2671,0.0119,1.1176,0.2684,0.1671,36.9329,38.2766,-0.1451,nan,nan,nan,nan
31.3184,0.0105,0.0123,1.1966,-0.0829,0.0113,0.0602,0.2670,0.0118,1.1176,0.2684,0.1969,36.9323,38.2769,-0.1384,nan,nan,nan,nan
31.3519,0.0104,0.0121,1.1966,-0.0897,0.0057,0.0550,0.2669,0.0117,1.1176,0.2684,0.2285,36.9305,38.2759,-0.1339,nan,nan,nan,nan
31.3849,0.0103,0.0118,1.1965,-0.0952,-0.0001,0.0523,0.2668,0.0115,1.1176,0.2684,0.2423,36.9264,38.2778,-0.1269,nan,nan,nan,nan
31.4126,0.0102,0.0116,1.1965,-0.0992,-0.0055,0.0516,0.2668,0.0112,1.1175,0.2684,0.2397,36.9224,38.2778,-0.1165,nan,nan,nan,nan
31.4421,0.0101,0.0114,1.1965,-0.1032,-0.0104,0.0513,0.2667,0.0110,1.1175,0.2684,0.2347,36.9201,38.2750,-0.1032,nan,nan,nan,nan
31.4658,0.0100,0.0112,1.1965,-0.1032,-0.0104,0.0513,0.2666,0.0108,1.1175,0.2684,0.2304,36.9191,38.2733,-0.0966,nan,nan,nan,nan
31.4891,0.0100,0.0111,1.1965,-0.1070,-0.0149,0.0518,0.2666,0.0106,1.1175,0.2684,0.2228,36.9174,38.2684,-0.0896,nan,nan,nan,nan
31.5253,0.0099,0.0109,1.1964,-0.1106,-0.0190,0.0528,0.2665,0.0104,1.1175,0.2685,0.2137,36.9163,38.2635,-0.0850,nan,nan,nan,nan
31.5612,0.0098,0.0107,1.1964,-0.1143,-0.0224,0.0535,0.2664,0.0102,1.1175,0.2685,0.2034,36.9153,38.2597,-0.0848,nan,nan,nan,nan
31.5923,0.0097,0.0105,1.1964,-0.1170,-0.0254,0.0547,0.2663,0.0099,1.1174,0.2685,0.1864,36.9146,38.2555,-0.0816,nan,nan,nan,nan
31.6238,0.0096,0.0103,1.1964,-0.1192,-0.0278,0.0572,0.2662,0.0096,1.1174,0.2685,0.1613,36.9152,38.2519,-0.0799,nan,nan,nan,nan
31.6509,0.0095,0.0102,1.1964,-0.1192,-0.0278,0.0572,0.2662,0.0093,1.1174,0.2685,0.1456,36.9155,38.2503,-0.0818,nan,nan,nan,nan
31.6762,0.0095,0.0101,1.1964,-0.1209,-0.0294,0.0608,0.2661,0.0092,1.1174,0.2685,0.1202,36.9177,38.2471,-0.0857,nan,nan,nan,nan
31.7060,0.0094,0.0099,1.1964,-0.1225,-0.0302,0.0646,0.2660,0.0089,1.1174,0.2685,0.0947,36.9210,38.2441,-0.0885,nan,nan,nan,nan
31.7379,0.0093,0.0098,1.1964,-0.1227,-0.0307,0.0687,0.2659,0.0086,1.1174,0.2685,0.0545,36.9249,38.2369,-0.0940,nan,nan,nan,nan
31.7582,0.0092,0.0096,1.1963,-0.1227,-0.0307,0.0687,0.2659,0.0083,1.1174,0.2685,0.0345,36.9261,38.2318,-0.0963,nan,nan,nan,nan
31.7858,0.0091,0.0095,1.1963,-0.1228,-0.0313,0.0726,0.2658,0.0081,1.1174,0.2685,-0.0040,36.9290,38.2212,-0.1003,nan,nan,nan,nan
31.8101,0.0091,0.0094,1.1963,-0.1226,-0.0311,0.0769,0.2657,0.0079,1.1173,0.2686,-0.0246,36.9313,38.2168,-0.1039,nan,nan,nan,nan
31.8435,0.0090,0.0093,1.1963,-0.1220,-0.0303,0.0809,0.2656,0.0076,1.1173,0.2686,-0.0631,36.9365,38.2090,-0.1067,nan,nan,nan,nan
31.8784,0.0089,0.0091,1.1963,-0.1215,-0.0291,0.0836,0.2655,0.0074,1.1173,0.2686,-0.0903,36.9427,38.2046,-0.1034,nan,nan,nan,nan
31.9002,0.0088,0.0090,1.1963,-0.1215,-0.0291,0.0836,0.2655,0.0072,1.1173,0.2686,-0.1005,36.9464,38.2026,-0.0990,nan,nan,nan,nan
31.9238,0.0087,0.0089,1.1963,-0.1215,-0.0276,0.0838,0.2654,0.0071,1.1173,0.2686,-0.1016,36.9477,38.2017,-0.0986,nan,nan,nan,nan
31.9490,0.0086,0.0088,1.1963,-0.1219,-0.0261,0.0817,0.2653,0.0070,1.1173,0.2686,-0.0974,36.9511,38.1979,-0.0937,nan,nan,nan,nan
31.9691,0.0085,0.0087,1.1963,-0.1219,-0.0261,0.0817,0.2652,0.0069,1.1173,0.2686,-0.0879,36.9515,38.1967,-0.0870,nan,nan,nan,nan
31.9934,0.0085,0.0086,1.1963,-0.1222,-0.0246,0.0787,0.2652,0.0069,1.1173,0.2686,-0.0814,36.9524,38.1965,-0.0851,nan,nan,nan,nan
32.0142,0.0084,0.0085,1.1963,-0.1221,-0.0226,0.0760,0.2651,0.0068,1.1173,0.2686,-0.0729,36.9550,38.1931,-0.0844,nan,nan,nan,nan
32.0391,0.0083,0.0084,1.1963,-0.1210,-0.0207,0.0736,0.2650,0.0067,1.1173,0.2686,-0.0645,36.9553,38.1896,-0.0843,nan,nan,nan,nan
32.0637,0.0082,0.0082,1.1963,-0.1189,-0.0190,0.0722,0.2649,0.0065,1.1173,0.2686,-0.0646,36.9532,38.1845,-0.0808,nan,nan,nan,nan
32.0972,0.0080,0.0081,1.1963,-0.1158,-0.0170,0.0714,0.2647,0.0064,1.1172,0.2686,-0.0697,36.9520,38.1812,-0.0763,nan,nan,nan,nan
32.1232,0.0079,0.0080,1.1963,-0.1158,-0.0170,0.0714,0.2647,0.0063,1.1172,0.2686,-0.0713,36.9525,38.1771,-0.0751,nan,nan,nan,nan
32.1448,0.0079,0.0079,1.1963,-0.1123,-0.0145,0.0698,0.2646,0.0062,1.1172,0.2686,-0.0720,36.9518,38.1702,-0.0769,nan,nan,nan,nan
32.1669,0.0078,0.0079,1.1963,-0.1090,-0.0120,0.0677,0.2645,0.0062,1.1172,0.2686,-0.0689,36.9500,38.1682,-0.0779,nan,nan,nan,nan
32.1976,0.0077,0.0078,1.1963,-0.1066,-0.0093,0.0647,0.2644,0.0061,1.1171,0.2687,-0.0556,36.9457,38.1656,-0.0872,nan,nan,nan,nan
32.2263,0.0076,0.0077,1.1963,-0.1066,-0.0093,0.0647,0.2643,0.0060,1.1171,0.2687,-0.0460,36.9429,38.1623,-0.1058,nan,nan,nan,nan
32.2471,0.0075,0.0076,1.1963,-0.1035,-0.0064,0.0615,0.2643,0.0060,1.1171,0.2687,-0.0432,36.9418,38.1614,-0.1138,nan,nan,nan,nan
32.2747,0.0074,0.0076,1.1963,-0.0999,-0.0031,0.0582,0.2642,0.0060,1.1171,0.2687,-0.0307,36.9396,38.1595,-0.1513,nan,nan,nan,nan
32.2983,0.0073,0.0075,1.1963,-0.0999,-0.0031,0.0582,0.2641,0.0059,1.1171,0.2687,-0.0264,36.9393,38.1591,-0.1704,nan,nan,nan,nan
32.3247,0.0073,0.0074,1.1963,-0.0958,0.0004,0.0562,0.2640,0.0058,1.1170,0.2687,-0.0274,36.9369,38.1604,-0.1913,nan,nan,nan,nan
32.3474,0.0072,0.0074,1.1963,-0.0903,0.0040,0.0556,0.2639,0.0058,1.1170,0.2687,-0.0319,36.9361,38.1613,-0.1925,nan,nan,nan,nan
32.3704,0.0071,0.0073,1.1963,-0.0903,0.0040,0.0556,0.2638,0.0057,1.1170,0.2687,-0.0414,36.9344,38.1637,-0.1945,nan,nan,nan,nan
32.3967,0.0070,0.0073,1.1963,-0.0841,0.0074,0.0561,0.2637,0.0056,1.1170,0.2687,-0.0527,36.9345,38.1652,-0.1936,nan,nan,nan,nan
32.4194,0.0070,0.0072,1.1963,-0.0778,0.0112,0.0570,0.2637,0.0055,1.1170,0.2687,-0.0605,36.9340,38.1653,-0.1927,nan,nan,nan,nan
32.4586,0.0068,0.0071,1.1963,-0.0707,0.0147,0.0580,0.2635,0.0054,1.1170,0.2687,-0.0770,36.9334,38.1649,-0.1846,nan,nan,nan,nan
32.4871,0.0068,0.0071,1.1963,-0.0707,0.0147,0.0580,0.2634,0.0052,1.1170,0.2687,-0.0903,36.9329,38.1643,-0.1794,nan,nan,nan,nan
32.5153,0.0067,0.0071,1.1963,-0.0624,0.0181,0.0606,0.2634,0.0052,1.1170,0.2687,-0.1057,36.9326,38.1641,-0.1757,nan,nan,nan,nan
32.5513,0.0066,0.0070,1.1964,-0.0542,0.0216,0.0626,0.2633,0.0050,1.1170,0.2687,-0.1307,36.9323,38.1662,-0.1669,nan,nan,nan,nan
32.5777,0.0065,0.0069,1.1964,-0.0471,0.0255,0.0625,0.2632,0.0049,1.1170,0.2687,-0.1394,36.9329,38.1697,-0.1614,nan,nan,nan,nan
32.6131,0.0064,0.0069,1.1964,-0.0411,0.0297,0.0605,0.2630,0.0049,1.1170,0.2687,-0.1311,36.9338,38.1731,-0.1582,nan,nan,nan,nan
32.6474,0.0063,0.0068,1.1964,-0.0354,0.0335,0.0574,0.2629,0.0049,1.1170,0.2687,-0.1166,36.9321,38.1730,-0.1517,nan,nan,nan,nan
32.6704,0.0062,0.0067,1.1964,-0.0354,0.0335,0.0574,0.2628,0.0049,1.1170,0.2687,-0.1097,36.9309,38.1735,-0.1528,nan,nan,nan,nan
32.6955,0.0061,0.0067,1.1964,-0.0292,0.0374,0.0554,0.2628,0.0049,1.1170,0.2687,-0.1071,36.9303,38.1739,-0.1538,nan,nan,nan,nan
32.7323,0.0060,0.0067,1.1964,-0.0232,0.0409,0.0528,0.2627,0.0049,1.1169,0.2687,-0.0936,36.9268,38.1732,-0.1594,nan,nan,nan,nan
32.7605,0.0059,0.0066,1.1964,-0.0174,0.0442,0.0495,0.2626,0.0049,1.1169,0.2687,-0.0752,36.9217,38.1673,-0.1622,nan,nan,nan,nan
32.7844,0.0058,0.0065,1.1964,-0.0117,0.0475,0.0461,0.2625,0.0049,1.1168,0.2687,-0.0563,36.9168,38.1602,-0.1567,nan,nan,nan,nan
32.8046,0.0058,0.0065,1.1964,-0.0117,0.0475,0.0461,0.2624,0.0049,1.1168,0.2687,-0.0452,36.9139,38.1565,-0.1537,nan,nan,nan,nan
32.8248,0.0057,0.0064,1.1964,-0.0058,0.0511,0.0436,0.2624,0.0048,1.1168,0.2687,-0.0420,36.9122,38.1549,-0.1523,nan,nan,nan,nan
32.8567,0.0056,0.0064,1.1964,0.0008,0.0545,0.0431,0.2623,0.0048,1.1168,0.2687,-0.0429,36.9093,38.1517,-0.1503,nan,nan,nan,nan
32.8801,0.0056,0.0063,1.1964,0.0008,0.0545,0.0431,0.2622,0.0048,1.1168,0.2687,-0.0460,36.9056,38.1483,-0.1473,nan,nan,nan,nan
32.9021,0.0055,0.0063,1.1965,0.0074,0.0576,0.0432,0.2622,0.0047,1.1167,0.2688,-0.0456,36.9027,38.1482,-0.1447,nan,nan,nan,nan
32.9354,0.0054,0.0063,1.1965,0.0136,0.0609,0.0429,0.2621,0.0047,1.1167,0.2688,-0.0460,36.8996,38.1474,-0.1426,nan,nan,nan,nan
32.9586,0.0054,0.0062,1.1965,0.0136,0.0609,0.0429,0.2620,0.0046,1.1167,0.2688,-0.0452,36.8984,38.1479,-0.1436,nan,nan,nan,nan
32.9874,0.0053,0.0062,1.1965,0.0196,0.0645,0.0421,0.2620,0.0046,1.1167,0.2688,-0.0444,36.8980,38.1488,-0.1447,nan,nan,nan,nan
33.0148,0.0053,0.0061,1.1965,0.0253,0.0682,0.0410,0.2619,0.0046,1.1167,0.2687,-0.0397,36.8975,38.1555,-0.1480,nan,nan,nan,nan
33.0537,0.0052,0.0061,1.1965,0.0310,0.0718,0.0408,0.2618,0.0045,1.1167,0.2687,-0.0413,36.8993,38.1647,-0.1463,nan,nan,nan,nan
33.0795,0.0051,0.0060,1.1965,0.0370,0.0749,0.0416,0.2617,0.0044,1.1168,0.2687,-0.0490,36.9012,38.1720,-0.1432,nan,nan,nan,nan
33.1016,0.0050,0.0060,1.1965,0.0370,0.0749,0.0416,0.2616,0.0044,1.1168,0.2687,-0.0501,36.9032,38.1769,-0.1423,nan,nan,nan,nan
33.1294,0.0050,0.0059,1.1965,0.0421,0.0776,0.0417,0.2616,0.0044,1.1168,0.2687,-0.0474,36.9035,38.1809,-0.1409,nan,nan,nan,nan
33.1613,0.0050,0.0059,1.1965,0.0460,0.0796,0.0407,0.2615,0.0043,1.1168,0.2687,-0.0400,36.9037,38.1846,-0.1382,nan,nan,nan,nan
33.1939,0.0049,0.0058,1.1965,0.0485,0.0810,0.0385,0.2614,0.0043,1.1168,0.2687,-0.0195,36.9030,38.1891,-0.1310,nan,nan,nan,nan
33.2252,0.0048,0.0057,1.1965,0.0496,0.0819,0.0348,0.2614,0.0044,1.1168,0.2687,0.0136,36.9025,38.1877,-0.1229,nan,nan,nan,nan
33.2527,0.0048,0.0056,1.1966,0.0496,0.0819,0.0348,0.2613,0.0044,1.1168,0.2687,0.0406,36.9031,38.1877,-0.1130,nan,nan,nan,nan
33.2754,0.0047,0.0056,1.1966,0.0499,0.0825,0.0312,0.2613,0.0045,1.1169,0.2686,0.0498,36.9032,38.1882,-0.1109,nan,nan,nan,nan
33.2984,0.0047,0.0055,1.1966,0.0500,0.0829,0.0282,0.2612,0.0045,1.1169,0.2686,0.0814,36.9053,38.1896,-0.0986,nan,nan,nan,nan
33.3193,0.0047,0.0054,1.1966,0.0500,0.0829,0.0282,0.2612,0.0045,1.1169,0.2686,0.0910,36.9059,38.1901,-0.0903,nan,nan,nan,nan
33.3456,0.0046,0.0054,1.1966,0.0510,0.0825,0.0273,0.2612,0.0045,1.1169,0.2686,0.0988,36.9048,38.1934,-0.0804,nan,nan,nan,nan
33.3736,0.0046,0.0053,1.1966,0.0517,0.0813,0.0274,0.2611,0.0044,1.1169,0.2686,0.1067,36.9023,38.1979,-0.0714,nan,nan,nan,nan
33.4087,0.0045,0.0053,1.1966,0.0524,0.0798,0.0287,0.2611,0.0043,1.1169,0.2686,0.1072,36.9002,38.2042,-0.0726,nan,nan,nan,nan
33.4315,0.0045,0.0052,1.1966,0.0524,0.0798,0.0287,0.2610,0.0043,1.1170,0.2686,0.1012,36.9000,38.2080,-0.0761,nan,nan,nan,nan
33.4524,0.0045,0.0051,1.1966,0.0540,0.0783,0.0314,0.2610,0.0042,1.1170,0.2686,0.0895,36.9000,38.2131,-0.0833,nan,nan,nan,nan
33.4759,0.0045,0.0051,1.1966,0.0546,0.0765,0.0351,0.2610,0.0041,1.1170,0.2686,0.0769,36.9004,38.2159,-0.0898,nan,nan,nan,nan
33.5032,0.0044,0.0050,1.1966,0.0546,0.0765,0.0351,0.2610,0.0040,1.1170,0.2686,0.0694,36.9006,38.2175,-0.0900,nan,nan,nan,nan
33.5238,0.0044,0.0050,1.1967,0.0545,0.0743,0.0382,0.2609,0.0039,1.1171,0.2686,0.0643,36.9004,38.2187,-0.0883,nan,nan,nan,nan
33.5480,0.0044,0.0049,1.1967,0.0532,0.0716,0.0403,0.2609,0.0038,1.1171,0.2686,0.0608,36.8991,38.2188,-0.0870,nan,nan,nan,nan
33.5724,0.0044,0.0048,1.1967,0.0509,0.0688,0.0415,0.2609,0.0037,1.1171,0.2686,0.0630,36.8979,38.2228,-0.0883,nan,nan,nan,nan
33.5944,0.0044,0.0047,1.1967,0.0509,0.0688,0.0415,0.2609,0.0037,1.1171,0.2686,0.0650,36.8978,38.2255,-0.0851,nan,nan,nan,nan
33.6184,0.0043,0.0046,1.1967,0.0476,0.0660,0.0429,0.2608,0.0036,1.1172,0.2686,0.0677,36.8976,38.2280,-0.0817,nan,nan,nan,nan
33.6400,0.0043,0.0046,1.1967,0.0439,0.0632,0.0446,0.2608,0.0036,1.1172,0.2686,0.0699,36.8994,38.2285,-0.0791,nan,nan,nan,nan
33.6638,0.0043,0.0045,1.1967,0.0439,0.0632,0.0446,0.2608,0.0035,1.1172,0.2685,0.0708,36.9008,38.2287,-0.0762,nan,nan,nan,nan
33.6862,0.0043,0.0044,1.1967,0.0399,0.0603,0.0465,0.2608,0.0034,1.1172,0.2685,0.0699,36.9024,38.2302,-0.0671,nan,nan,nan,nan
33.7178,0.0043,0.0044,1.1967,0.0358,0.0576,0.0489,0.2608,0.0034,1.1173,0.2685,0.0665,36.9051,38.2317,-0.0629,nan,nan,nan,nan
33.7420,0.0043,0.0043,1.1967,0.0358,0.0576,0.0489,0.2608,0.0033,1.1173,0.2685,0.0667,36.9074,38.2330,-0.0667,nan,nan,nan,nan
33.7631,0.0043,0.0042,1.1968,0.0306,0.0548,0.0507,0.2608,0.0032,1.1173,0.2685,0.0695,36.9095,38.2358,-0.0693,nan,nan,nan,nan
33.7859,0.0043,0.0041,1.1968,0.0247,0.0514,0.0522,0.2608,0.0032,1.1174,0.2685,0.0739,36.9097,38.2369,-0.0628,nan,nan,nan,nan
33.8116,0.0043,0.0040,1.1968,0.0186,0.0479,0.0535,0.2608,0.0031,1.1174,0.2685,0.0792,36.9100,38.2354,-0.0559,nan,nan,nan,nan
33.8435,0.0042,0.0039,1.1968,0.0123,0.0440,0.0546,0.2608,0.0030,1.1174,0.2685,0.0859,36.9080,38.2352,-0.0482,nan,nan,nan,nan
33.8699,0.0042,0.0038,1.1968,0.0063,0.0399,0.0568,0.2608,0.0029,1.1174,0.2685,0.0840,36.9061,38.2386,-0.0496,nan,nan,nan,nan
33.8904,0.0042,0.0037,1.1968,0.0063,0.0399,0.0568,0.2608,0.0027,1.1175,0.2685,0.0768,36.9041,38.2406,-0.0494,nan,nan,nan,nan
33.9191,0.0042,0.0036,1.1968,0.0013,0.0355,0.0612,0.2608,0.0025,1.1175,0.2685,0.0496,36.9006,38.2454,-0.0495,nan,nan,nan,nan
33.9435,0.0042,0.0036,1.1968,-0.0031,0.0312,0.0664,0.2608,0.0024,1.1175,0.2685,0.0350,36.8994,38.2480,-0.0483,nan,nan,nan,nan
33.9676,0.0042,0.0035,1.1969,-0.0075,0.0271,0.0711,0.2608,0.0023,1.1175,0.2685,0.0090,36.8980,38.2504,-0.0500,nan,nan,nan,nan
33.9971,0.0042,0.0034,1.1969,-0.0120,0.0227,0.0757,0.2608,0.0021,1.1176,0.2685,-0.0171,36.8955,38.2534,-0.0497,nan,nan,nan,nan
34.0317,0.0042,0.0033,1.1969,-0.0164,0.0186,0.0806,0.2608,0.0018,1.1176,0.2685,-0.0470,36.8951,38.2582,-0.0478,nan,nan,nan,nan
34.0605,0.0042,0.0032,1.1969,-0.0213,0.0150,0.0848,0.2608,0.0016,1.1177,0.2685,-0.0715,36.8978,38.2605,-0.0511,nan,nan,nan,nan
34.0968,0.0042,0.0031,1.1969,-0.0271,0.0113,0.0875,0.2608,0.0015,1.1177,0.2685,-0.0827,36.9000,38.2621,-0.0514,nan,nan,nan,nan
34.1174,0.0042,0.0030,1.1969,-0.0271,0.0113,0.0875,0.2608,0.0014,1.1178,0.2685,-0.0835,36.9004,38.2638,-0.0503,nan,nan,nan,nan
34.1402,0.0043,0.0029,1.1970,-0.0332,0.0076,0.0886,0.2608,0.0013,1.1178,0.2685,-0.0845,36.9011,38.2641,-0.0469,nan,nan,nan,nan
34.1707,0.0043,0.0029,1.1970,-0.0391,0.0041,0.0901,0.2608,0.0012,1.1178,0.2685,-0.0882,36.9018,38.2643,-0.0411,nan,nan,nan,nan
34.1970,0.0043,0.0028,1.1970,-0.0391,0.0041,0.0901,0.2608,0.0012,1.1178,0.2685,-0.0872,36.9010,38.2656,-0.0355,nan,nan,nan,nan
34.2260,0.0043,0.0027,1.1970,-0.0451,0.0004,0.0905,0.2608,0.0011,1.1179,0.2685,-0.0818,36.9002,38.2661,-0.0329,nan,nan,nan,nan
34.2584,0.0043,0.0026,1.1970,-0.0515,-0.0028,0.0888,0.2608,0.0011,1.1179,0.2685,-0.0692,36.9001,38.2677,-0.0267,nan,nan,nan,nan
34.2919,0.0043,0.0025,1.1970,-0.0589,-0.0053,0.0868,0.2608,0.0011,1.1179,0.2684,-0.0464,36.9017,38.2699,-0.0214,nan,nan,nan,nan
34.3222,0.0043,0.0024,1.1970,-0.0654,-0.0075,0.0844,0.2608,0.0010,1.1180,0.2685,-0.0261,36.9041,38.2665,-0.0151,nan,nan,nan,nan
34.3451,0.0043,0.0024,1.1971,-0.0654,-0.0075,0.0844,0.2608,0.0010,1.1180,0.2685,-0.0120,36.9044,38.2667,-0.0143,nan,nan,nan,nan
34.3725,0.0043,0.0023,1.1971,-0.0715,-0.0096,0.0821,0.2608,0.0010,1.1180,0.2685,-0.0025,36.9047,38.2667,-0.0114,nan,nan,nan,nan
34.3975,0.0043,0.0022,1.1971,-0.0776,-0.0113,0.0799,0.2608,0.0010,1.1180,0.2685,0.0104,36.9061,38.2643,-0.0041,nan,nan,nan,nan
34.4199,0.0043,0.0022,1.1971,-0.0776,-0.0113,0.0799,0.2608,0.0009,1.1180,0.2685,0.0170,36.9064,38.2639,0.0015,nan,nan,nan,nan
34.4425,0.0043,0.0021,1.1971,-0.0830,-0.0129,0.0784,0.2608,0.0009,1.1181,0.2685,0.0248,36.9056,38.2622,0.0109,nan,nan,nan,nan
34.4635,0.0043,0.0021,1.1971,-0.0874,-0.0145,0.0768,0.2608,0.0008,1.1181,0.2685,0.0311,36.9050,38.2643,0.0237,nan,nan,nan,nan
34.5037,0.0043,0.0020,1.1972,-0.0915,-0.0153,0.0758,0.2608,0.0008,1.1181,0.2684,0.0368,36.9074,38.2706,0.0334,nan,nan,nan,nan
34.5348,0.0043,0.0019,1.1972,-0.0950,-0.0164,0.0760,0.2608,0.0007,1.1182,0.2684,0.0345,36.9059,38.2758,0.0348,nan,nan,nan,nan
34.5650,0.0043,0.0018,1.1972,-0.0986,-0.0174,0.0756,0.2608,0.0006,1.1182,0.2684,0.0366,36.9054,38.2794,0.0359,nan,nan,nan,nan
34.6030,0.0043,0.0018,1.1972,-0.1025,-0.0180,0.0740,0.2608,0.0006,1.1182,0.2684,0.0467,36.9061,38.2804,0.0440,nan,nan,nan,nan
34.6291,0.0043,0.0017,1.1972,-0.1025,-0.0180,0.0740,0.2608,0.0006,1.1183,0.2684,0.0559,36.9060,38.2808,0.0503,nan,nan,nan,nan
34.6554,0.0042,0.0017,1.1973,-0.1064,-0.0186,0.0720,0.2608,0.0006,1.1183,0.2684,0.0591,36.9062,38.2807,0.0520,nan,nan,nan,nan
34.6860,0.0042,0.0016,1.1973,-0.1103,-0.0191,0.0698,0.2608,0.0005,1.1183,0.2684,0.0740,36.9075,38.2795,0.0569,nan,nan,nan,nan
34.7210,0.0042,0.0016,1.1973,-0.1138,-0.0195,0.0681,0.2608,0.0005,1.1183,0.2684,0.0870,36.9088,38.2825,0.0651,nan,nan,nan,nan
34.7430,0.0042,0.0016,1.1973,-0.1138,-0.0195,0.0681,0.2608,0.0005,1.1184,0.2684,0.0923,36.9101,38.2843,0.0687,nan,nan,nan,nan
34.7687,0.0042,0.0015,1.1973,-0.1168,-0.0196,0.0664,0.2607,0.0005,1.1184,0.2684,0.0999,36.9124,38.2882,0.0716,nan,nan,nan,nan
34.7922,0.0042,0.0015,1.1973,-0.1193,-0.0197,0.0647,0.2607,0.0005,1.1184,0.2684,0.1031,36.9133,38.2900,0.0744,nan,nan,nan,nan
34.8234,0.0042,0.0015,1.1974,-0.1217,-0.0201,0.0629,0.2607,0.0005,1.1184,0.2684,0.1123,36.9133,38.2912,0.0804,nan,nan,nan,nan
34.8440,0.0042,0.0014,1.1974,-0.1217,-0.0201,0.0629,0.2607,0.0005,1.1185,0.2684,0.1176,36.9141,38.2921,0.0833,nan,nan,nan,nan
34.8719,0.0042,0.0014,1.1974,-0.1242,-0.0203,0.0607,0.2607,0.0005,1.1185,0.2684,0.1241,36.9152,38.2924,0.0887,nan,nan,nan,nan
34.9061,0.0042,0.0014,1.1974,-0.1271,-0.0205,0.0581,0.2607,0.0005,1.1185,0.2684,0.1416,36.9175,38.2902,0.1028,nan,nan,nan,nan
34.9275,0.0042,0.0014,1.1974,-0.1271,-0.0205,0.0581,0.2607,0.0005,1.1185,0.2684,0.1483,36.9181,38.2892,0.1128,nan,nan,nan,nan
34.9537,0.0042,0.0014,1.1974,-0.1291,-0.0209,0.0567,0.2607,0.0005,1.1185,0.2684,0.1522,36.9205,38.2875,0.1388,nan,nan,nan,nan
34.9825,0.0042,0.0014,1.1974,-0.1305,-0.0211,0.0566,0.2607,0.0005,1.1185,0.2684,0.1524,36.9221,38.2863,0.1501,nan,nan,nan,nan
35.0122,0.0042,0.0014,1.1975,-0.1311,-0.0215,0.0561,0.2607,0.0005,1.1186,0.2684,0.1526,36.9231,38.2825,0.1660,nan,nan,nan,nan
35.0388,0.0041,0.0014,1.1975,-0.1311,-0.0215,0.0561,0.2607,0.0005,1.1186,0.2684,0.1536,36.9227,38.2830,0.1706,nan,nan,nan,nan
35.0589,0.0041,0.0014,1.1975,-0.1315,-0.0219,0.0553,0.2607,0.0005,1.1186,0.2684,0.1548,36.9230,38.2832,0.1713,nan,nan,nan,nan
35.0797,0.0041,0.0014,1.1975,-0.1318,-0.0223,0.0549,0.2607,0.0005,1.1186,0.2684,0.1558,36.9229,38.2817,0.1691,nan,nan,nan,nan
35.1023,0.0041,0.0014,1.1975,-0.1318,-0.0223,0.0549,0.2607,0.0005,1.1186,0.2684,0.1546,36.9218,38.2777,0.1644,nan,nan,nan,nan
35.1238,0.0041,0.0014,1.1975,-0.1318,-0.0228,0.0549,0.2607,0.0005,1.1186,0.2684,0.1543,36.9211,38.2768,0.1626,nan,nan,nan,nan
35.1482,0.0041,0.0014,1.1975,-0.1318,-0.0231,0.0549,0.2606,0.0005,1.1186,0.2684,0.1552,36.9196,38.2780,0.1556,nan,nan,nan,nan
35.1684,0.0041,0.0014,1.1975,-0.1318,-0.0231,0.0549,0.2606,0.0006,1.1186,0.2684,0.1558,36.9191,38.2818,0.1517,nan,nan,nan,nan
35.1970,0.0041,0.0014,1.1976,-0.1317,-0.0229,0.0549,0.2606,0.0006,1.1187,0.2684,0.1594,36.9189,38.2860,0.1486,nan,nan,nan,nan
35.2191,0.0040,0.0015,1.1976,-0.1316,-0.0224,0.0547,0.2606,0.0006,1.1187,0.2684,0.1604,36.9190,38.2867,0.1489,nan,nan,nan,nan
35.2415,0.0040,0.0015,1.1976,-0.1310,-0.0221,0.0552,0.2606,0.0006,1.1187,0.2684,0.1586,36.9178,38.2852,0.1472,nan,nan,nan,nan
35.2724,0.0040,0.0015,1.1976,-0.1293,-0.0217,0.0559,0.2605,0.0007,1.1187,0.2684,0.1551,36.9170,38.2850,0.1411,nan,nan,nan,nan
35.3029,0.0040,0.0016,1.1976,-0.1277,-0.0210,0.0560,0.2605,0.0007,1.1187,0.2684,0.1547,36.9156,38.2881,0.1357,nan,nan,nan,nan
35.3334,0.0040,0.0016,1.1976,-0.1272,-0.0203,0.0557,0.2605,0.0008,1.1187,0.2684,0.1638,36.9134,38.2937,0.1375,nan,nan,nan,nan
35.3622,0.0040,0.0017,1.1976,-0.1263,-0.0193,0.0552,0.2605,0.0009,1.1187,0.2684,0.1726,36.9120,38.2993,0.1426,nan,nan,nan,nan
35.3893,0.0039,0.0017,1.1977,-0.1263,-0.0193,0.0552,0.2604,0.0009,1.1188,0.2684,0.1716,36.9112,38.3009,0.1452,nan,nan,nan,nan
35.4154,0.0039,0.0018,1.1977,-0.1241,-0.0186,0.0563,0.2604,0.0009,1.1188,0.2684,0.1688,36.9108,38.3006,0.1456,nan,nan,nan,nan
35.4360,0.0039,0.0018,1.1977,-0.1203,-0.0180,0.0594,0.2604,0.0009,1.1188,0.2684,0.1482,36.9090,38.2980,0.1432,nan,nan,nan,nan
35.4723,0.0039,0.0019,1.1977,-0.1159,-0.0171,0.0636,0.2604,0.0009,1.1188,0.2684,0.1200,36.9105,38.2942,0.1420,nan,nan,nan,nan
35.4968,0.0039,0.0020,1.1977,-0.1159,-0.0171,0.0636,0.2604,0.0009,1.1188,0.2684,0.0952,36.9123,38.2944,0.1417,nan,nan,nan,nan
35.5249,0.0038,0.0020,1.1977,-0.1103,-0.0158,0.0681,0.2604,0.0009,1.1188,0.2684,0.0770,36.9127,38.2937,0.1420,nan,nan,nan,nan
35.5527,0.0038,0.0021,1.1977,-0.1046,-0.0147,0.0724,0.2603,0.0009,1.1188,0.2684,0.0537,36.9123,38.2931,0.1429,nan,nan,nan,nan
35.5745,0.0038,0.0022,1.1977,-0.1046,-0.0147,0.0724,0.2603,0.0009,1.1188,0.2684,0.0391,36.9125,38.2935,0.1426,nan,nan,nan,nan
35.6004,0.0038,0.0022,1.1977,-0.0989,-0.0132,0.0759,0.2603,0.0009,1.1188,0.2684,0.0222,36.9141,38.2929,0.1455,nan,nan,nan,nan
35.6246,0.0038,0.0023,1.1977,-0.0944,-0.0112,0.0777,0.2603,0.0009,1.1188,0.2684,0.0162,36.9155,38.2913,0.1471,nan,nan,nan,nan
35.6602,0.0037,0.0024,1.1978,-0.0910,-0.0084,0.0770,0.2602,0.0011,1.1188,0.2684,0.0240,36.9199,38.2926,0.1485,nan,nan,nan,nan
35.6825,0.0037,0.0024,1.1978,-0.0910,-0.0084,0.0770,0.2602,0.0012,1.1188,0.2684,0.0389,36.9233,38.2915,0.1512,nan,nan,nan,nan
35.7043,0.0037,0.0025,1.1978,-0.0882,-0.0056,0.0751,0.2602,0.0013,1.1188,0.2684,0.0481,36.9251,38.2904,0.1526,nan,nan,nan,nan
35.7249,0.0037,0.0026,1.1978,-0.0844,-0.0027,0.0733,0.2602,0.0014,1.1189,0.2684,0.0596,36.9274,38.2909,0.1556,nan,nan,nan,nan
35.7460,0.0037,0.0026,1.1978,-0.0844,-0.0027,0.0733,0.2601,0.0015,1.1189,0.2684,0.0660,36.9298,38.2911,0.1615,nan,nan,nan,nan
35.7681,0.0036,0.0027,1.1978,-0.0800,0.0003,0.0729,0.2601,0.0016,1.1189,0.2684,0.0694,36.9306,38.2910,0.1680,nan,nan,nan,nan
35.7984,0.0036,0.0028,1.1978,-0.0747,0.0030,0.0723,0.2601,0.0017,1.1189,0.2684,0.0735,36.9306,38.2909,0.1747,nan,nan,nan,nan
35.8229,0.0036,0.0029,1.1978,-0.0688,0.0057,0.0719,0.2601,0.0018,1.1189,0.2684,0.0767,36.9289,38.2925,0.1777,nan,nan,nan,nan
35.8454,0.0036,0.0030,1.1978,-0.0688,0.0057,0.0719,0.2600,0.0019,1.1189,0.2684,0.0763,36.9273,38.2947,0.1819,nan,nan,nan,nan
35.8657,0.0035,0.0030,1.1978,-0.0625,0.0086,0.0723,0.2600,0.0020,1.1189,0.2684,0.0754,36.9274,38.2958,0.1823,nan,nan,nan,nan
35.8879,0.0035,0.0031,1.1978,-0.0558,0.0122,0.0731,0.2600,0.0021,1.1189,0.2683,0.0716,36.9286,38.3000,0.1826,nan,nan,nan,nan
35.9111,0.0035,0.0032,1.1979,-0.0558,0.0122,0.0731,0.2600,0.0021,1.1189,0.2683,0.0677,36.9282,38.3020,0.1843,nan,nan,nan,nan
35.9318,0.0035,0.0033,1.1979,-0.0480,0.0154,0.0739,0.2599,0.0022,1.1189,0.2683,0.0628,36.9282,38.3014,0.1835,nan,nan,nan,nan
35.9606,0.0035,0.0034,1.1979,-0.0405,0.0188,0.0742,0.2599,0.0023,1.1189,0.2684,0.0571,36.9296,38.2977,0.1788,nan,nan,nan,nan
35.9916,0.0034,0.0035,1.1979,-0.0333,0.0227,0.0741,0.2599,0.0024,1.1189,0.2683,0.0570,36.9337,38.2953,0.1718,nan,nan,nan,nan
36.0293,0.0034,0.0036,1.1979,-0.0272,0.0266,0.0727,0.2599,0.0026,1.1189,0.2684,0.0687,36.9376,38.2928,0.1623,nan,nan,nan,nan
36.0560,0.0034,0.0037,1.1979,-0.0272,0.0266,0.0727,0.2598,0.0027,1.1189,0.2684,0.0761,36.9383,38.2914,0.1609,nan,nan,nan,nan
36.0836,0.0034,0.0038,1.1979,-0.0210,0.0300,0.0708,0.2598,0.0029,1.1189,0.2684,0.0894,36.9392,38.2879,0.1583,nan,nan,nan,nan
36.1038,0.0034,0.0039,1.1979,-0.0153,0.0329,0.0680,0.2598,0.0030,1.1189,0.2684,0.1048,36.9380,38.2878,0.1573,nan,nan,nan,nan
36.1345,0.0033,0.0040,1.1979,-0.0095,0.0356,0.0655,0.2598,0.0032,1.1188,0.2684,0.1244,36.9369,38.2877,0.1580,nan,nan,nan,nan
36.1611,0.0033,0.0041,1.1979,-0.0040,0.0380,0.0631,0.2598,0.0034,1.1188,0.2684,0.1437,36.9359,38.2873,0.1565,nan,nan,nan,nan
36.1828,0.0033,0.0042,1.1979,-0.0040,0.0380,0.0631,0.2598,0.0036,1.1188,0.2684,0.1545,36.9358,38.2849,0.1561,nan,nan,nan,nan
36.2066,0.0033,0.0043,1.1979,0.0005,0.0401,0.0607,0.2597,0.0037,1.1188,0.2684,0.1740,36.9363,38.2819,0.1542,nan,nan,nan,nan
36.2297,0.0033,0.0044,1.1979,0.0046,0.0420,0.0582,0.2597,0.0038,1.1188,0.2684,0.1919,36.9361,38.2823,0.1502,nan,nan,nan,nan
36.2545,0.0033,0.0044,1.1980,0.0046,0.0420,0.0582,0.2597,0.0040,1.1188,0.2684,0.2052,36.9360,38.2851,0.1479,nan,nan,nan,nan
36.2807,0.0033,0.0045,1.1980,0.0089,0.0435,0.0569,0.2597,0.0041,1.1188,0.2684,0.2132,36.9345,38.2873,0.1461,nan,nan,nan,nan
36.3099,0.0033,0.0046,1.1980,0.0135,0.0444,0.0565,0.2597,0.0042,1.1188,0.2684,0.2209,36.9327,38.2890,0.1433,nan,nan,nan,nan
36.3326,0.0033,0.0047,1.1980,0.0135,0.0444,0.0565,0.2597,0.0043,1.1188,0.2684,0.2237,36.9310,38.2929,0.1391,nan,nan,nan,nan
36.3532,0.0032,0.0048,1.1980,0.0181,0.0451,0.0572,0.2597,0.0044,1.1188,0.2683,0.2259,36.9295,38.2957,0.1317,nan,nan,nan,nan
36.3741,0.0032,0.0048,1.1980,0.0224,0.0455,0.0577,0.2597,0.0045,1.1188,0.2683,0.2287,36.9288,38.2955,0.1256,nan,nan,nan,nan
36.4004,0.0032,0.0050,1.1980,0.0264,0.0458,0.0577,0.2597,0.0047,1.1189,0.2683,0.2369,36.9288,38.2957,0.1102,nan,nan,nan,nan
36.4255,0.0032,0.0051,1.1980,0.0264,0.0458,0.0577,0.2597,0.0048,1.1189,0.2684,0.2415,36.9262,38.2961,0.1042,nan,nan,nan,nan
36.4470,0.0032,0.0051,1.1980,0.0304,0.0453,0.0581,0.2597,0.0049,1.1189,0.2684,0.2424,36.9253,38.2960,0.1045,nan,nan,nan,nan
36.4791,0.0032,0.0052,1.1980,0.0343,0.0446,0.0594,0.2597,0.0050,1.1189,0.2684,0.2410,36.9229,38.2966,0.1106,nan,nan,nan,nan
36.5068,0.0032,0.0053,1.1980,0.0379,0.0442,0.0606,0.2597,0.0051,1.1189,0.2684,0.2391,36.9236,38.2962,0.1104,nan,nan,nan,nan
36.5289,0.0032,0.0054,1.1980,0.0379,0.0442,0.0606,0.2597,0.0052,1.1189,0.2684,0.2376,36.9253,38.2927,0.1089,nan,nan,nan,nan
36.5524,0.0032,0.0055,1.1980,0.0407,0.0436,0.0625,0.2597,0.0052,1.1189,0.2684,0.2353,36.9261,38.2899,0.1073,nan,nan,nan,nan
36.5797,0.0032,0.0056,1.1980,0.0433,0.0430,0.0650,0.2597,0.0053,1.1189,0.2684,0.2293,36.9283,38.2858,0.1037,nan,nan,nan,nan
36.6026,0.0032,0.0057,1.1980,0.0433,0.0430,0.0650,0.2597,0.0053,1.1189,0.2684,0.2199,36.9284,38.2826,0.1006,nan,nan,nan,nan
36.6251,0.0033,0.0058,1.1980,0.0471,0.0416,0.0690,0.2597,0.0054,1.1189,0.2684,0.1912,36.9266,38.2815,0.0959,nan,nan,nan,nan
36.6506,0.0033,0.0058,1.1980,0.0511,0.0401,0.0742,0.2597,0.0054,1.1189,0.2684,0.1741,36.9263,38.2829,0.0950,nan,nan,nan,nan
36.6842,0.0033,0.0059,1.1980,0.0545,0.0384,0.0790,0.2597,0.0054,1.1189,0.2684,0.1460,36.9256,38.2797,0.0918,nan,nan,nan,nan
36.7061,0.0033,0.0060,1.1980,0.0545,0.0384,0.0790,0.2597,0.0054,1.1189,0.2684,0.1400,36.9259,38.2768,0.0880,nan,nan,nan,nan
36.7292,0.0033,0.0061,1.1981,0.0555,0.0368,0.0808,0.2597,0.0055,1.1189,0.2684,0.1431,36.9256,38.2724,0.0808,nan,nan,nan,nan
36.7667,0.0033,0.0061,1.1981,0.0549,0.0352,0.0803,0.2598,0.0056,1.1189,0.2684,0.1542,36.9249,38.2686,0.0759,nan,nan,nan,nan
36.7936,0.0033,0.0062,1.1981,0.0549,0.0352,0.0803,0.2598,0.0057,1.1189,0.2684,0.1651,36.9246,38.2636,0.0729,nan,nan,nan,nan
36.8168,0.0033,0.0062,1.1981,0.0535,0.0335,0.0802,0.2598,0.0058,1.1189,0.2684,0.1703,36.9237,38.2611,0.0730,nan,nan,nan,nan
36.8531,0.0033,0.0063,1.1981,0.0531,0.0314,0.0809,0.2598,0.0059,1.1189,0.2684,0.1705,36.9226,38.2568,0.0716,nan,nan,nan,nan
36.8746,0.0033,0.0064,1.1981,0.0531,0.0314,0.0809,0.2598,0.0059,1.1189,0.2685,0.1647,36.9217,38.2524,0.0716,nan,nan,nan,nan
36.8964,0.0033,0.0064,1.1981,0.0534,0.0293,0.0841,0.2599,0.0059,1.1188,0.2685,0.1496,36.9207,38.2472,0.0742,nan,nan,nan,nan
36.9270,0.0034,0.0065,1.1981,0.0546,0.0272,0.0881,0.2599,0.0059,1.1189,0.2685,0.1297,36.9197,38.2476,0.0722,nan,nan,nan,nan
36.9534,0.0034,0.0066,1.1981,0.0546,0.0272,0.0881,0.2599,0.0059,1.1189,0.2685,0.1060,36.9196,38.2504,0.0708,nan,nan,nan,nan
36.9743,0.0034,0.0067,1.1981,0.0564,0.0254,0.0927,0.2599,0.0059,1.1189,0.2685,0.0885,36.9200,38.2521,0.0720,nan,nan,nan,nan
36.9996,0.0034,0.0068,1.1981,0.0584,0.0239,0.0983,0.2599,0.0058,1.1189,0.2684,0.0448,36.9225,38.2546,0.0736,nan,nan,nan,nan
37.0228,0.0034,0.0068,1.1981,0.0606,0.0224,0.1043,0.2599,0.0058,1.1189,0.2684,0.0126,36.9229,38.2584,0.0744,nan,nan,nan,nan
37.0486,0.0034,0.0069,1.1981,0.0606,0.0224,0.1043,0.2599,0.0058,1.1190,0.2684,-0.0108,36.9237,38.2618,0.0763,nan,nan,nan,nan
37.0691,0.0035,0.0069,1.1981,0.0618,0.0211,0.1080,0.2600,0.0058,1.1190,0.2684,-0.0192,36.9241,38.2635,0.0786,nan,nan,nan,nan
37.1002,0.0035,0.0070,1.1981,0.0614,0.0198,0.1084,0.2600,0.0058,1.1190,0.2684,-0.0219,36.9238,38.2665,0.0836,nan,nan,nan,nan
37.1214,0.0035,0.0071,1.1981,0.0614,0.0198,0.1084,0.2600,0.0059,1.1190,0.2684,-0.0224,36.9243,38.2681,0.0816,nan,nan,nan,nan
37.1460,0.0035,0.0071,1.1981,0.0609,0.0190,0.1080,0.2600,0.0059,1.1190,0.2684,-0.0239,36.9235,38.2700,0.0791,nan,nan,nan,nan
37.1693,0.0035,0.0071,1.1981,0.0609,0.0178,0.1079,0.2600,0.0060,1.1190,0.2684,-0.0264,36.9213,38.2729,0.0749,nan,nan,nan,nan
37.1958,0.0035,0.0072,1.1981,0.0609,0.0178,0.1079,0.2600,0.0060,1.1190,0.2684,-0.0292,36.9198,38.2739,0.0726,nan,nan,nan,nan
37.2200,0.0036,0.0073,1.1981,0.0611,0.0168,0.1084,0.2601,0.0060,1.1190,0.2684,-0.0400,36.9182,38.2729,0.0711,nan,nan,nan,nan
37.2400,0.0036,0.0073,1.1981,0.0626,0.0160,0.1094,0.2601,0.0060,1.1190,0.2684,-0.0492,36.9189,38.2717,0.0688,nan,nan,nan,nan
37.2657,0.0036,0.0074,1.1981,0.0626,0.0160,0.1094,0.2601,0.0060,1.1190,0.2684,-0.0620,36.9184,38.2710,0.0615,nan,nan,nan,nan
37.2871,0.0036,0.0074,1.1981,0.0645,0.0151,0.1103,0.2601,0.0060,1.1190,0.2684,-0.0652,36.9182,38.2711,0.0588,nan,nan,nan,nan
37.3194,0.0036,0.0074,1.1981,0.0659,0.0139,0.1092,0.2601,0.0061,1.1190,0.2684,-0.0677,36.9154,38.2712,0.0499,nan,nan,nan,nan
37.3434,0.0037,0.0075,1.1981,0.0659,0.0139,0.1092,0.2601,0.0062,1.1190,0.2684,-0.0636,36.9145,38.2708,0.0498,nan,nan,nan,nan
37.3647,0.0037,0.0075,1.1981,0.0664,0.0130,0.1070,0.2602,0.0062,1.1190,0.2684,-0.0549,36.9155,38.2713,0.0507,nan,nan,nan,nan
37.3859,0.0037,0.0075,1.1981,0.0669,0.0127,0.1041,0.2602,0.0063,1.1190,0.2684,-0.0430,36.9189,38.2699,0.0491,nan,nan,nan,nan
37.4115,0.0037,0.0076,1.1981,0.0669,0.0127,0.1041,0.2602,0.0064,1.1190,0.2684,-0.0342,36.9211,38.2690,0.0466,nan,nan,nan,nan
37.4330,0.0037,0.0076,1.1981,0.0679,0.0122,0.1006,0.2602,0.0064,1.1191,0.2684,-0.0243,36.9225,38.2690,0.0443,nan,nan,nan,nan
37.4702,0.0037,0.0076,1.1981,0.0700,0.0113,0.0981,0.2602,0.0065,1.1191,0.2684,-0.0185,36.9232,38.2703,0.0424,nan,nan,nan,nan
37.4981,0.0038,0.0077,1.1981,0.0700,0.0113,0.0981,0.2603,0.0065,1.1191,0.2684,-0.0141,36.9241,38.2693,0.0413,nan,nan,nan,nan
37.5274,0.0038,0.0077,1.1981,0.0724,0.0102,0.0961,0.2603,0.0066,1.1191,0.2684,-0.0129,36.9243,38.2690,0.0412,nan,nan,nan,nan
37.5644,0.0038,0.0077,1.1981,0.0760,0.0088,0.0948,0.2603,0.0066,1.1191,0.2684,-0.0158,36.9253,38.2649,0.0393,nan,nan,nan,nan
37.5937,0.0038,0.0078,1.1981,0.0800,0.0069,0.0942,0.2604,0.0066,1.1191,0.2684,-0.0249,36.9254,38.2595,0.0405,nan,nan,nan,nan
37.6146,0.0039,0.0078,1.1981,0.0800,0.0069,0.0942,0.2604,0.0066,1.1191,0.2684,-0.0277,36.9260,38.2566,0.0390,nan,nan,nan,nan
37.6370,0.0039,0.0078,1.1981,0.0840,0.0051,0.0931,0.2604,0.0066,1.1191,0.2684,-0.0293,36.9273,38.2540,0.0349,nan,nan,nan,nan
37.6720,0.0039,0.0079,1.1981,0.0873,0.0034,0.0907,0.2604,0.0067,1.1191,0.2684,-0.0247,36.9299,38.2499,0.0257,nan,nan,nan,nan
37.6954,0.0039,0.0079,1.1981,0.0873,0.0034,0.0907,0.2605,0.0067,1.1191,0.2685,-0.0183,36.9305,38.2476,0.0168,nan,nan,nan,nan
37.7178,0.0039,0.0079,1.1981,0.0896,0.0014,0.0876,0.2605,0.0068,1.1191,0.2685,-0.0078,36.9293,38.2459,0.0081,nan,nan,nan,nan
37.7413,0.0040,0.0079,1.1981,0.0919,-0.0010,0.0846,0.2605,0.0068,1.1191,0.2685,0.0024,36.9286,38.2466,0.0082,nan,nan,nan,nan
37.7689,0.0040,0.0079,1.1981,0.0919,-0.0010,0.0846,0.2605,0.0069,1.1191,0.2685,0.0087,36.9270,38.2480,0.0090,nan,nan,nan,nan
37.7902,0.0040,0.0079,1.1981,0.0948,-0.0037,0.0824,0.2606,0.0069,1.1191,0.2685,0.0099,36.9261,38.2491,0.0097,nan,nan,nan,nan
37.8198,0.0040,0.0079,1.1981,0.0982,-0.0063,0.0803,0.2606,0.0069,1.1191,0.2684,0.0126,36.9254,38.2529,0.0133,nan,nan,nan,nan
37.8475,0.0041,0.0080,1.1981,0.0982,-0.0063,0.0803,0.2606,0.0069,1.1191,0.2684,0.0144,36.9259,38.2551,0.0143,nan,nan,nan,nan
37.8748,0.0041,0.0080,1.1981,0.1008,-0.0087,0.0786,0.2606,0.0069,1.1191,0.2684,0.0175,36.9275,38.2569,0.0127,nan,nan,nan,nan
37.8989,0.0041,0.0080,1.1981,0.1031,-0.0111,0.0771,0.2606,0.0069,1.1192,0.2684,0.0216,36.9294,38.2602,0.0160,nan,nan,nan,nan
37.9324,0.0041,0.0080,1.1981,0.1060,-0.0139,0.0767,0.2607,0.0069,1.1192,0.2684,0.0169,36.9301,38.2651,0.0186,nan,nan,nan,nan
37.9529,0.0041,0.0080,1.1981,0.1060,-0.0139,0.0767,0.2607,0.0069,1.1192,0.2684,0.0156,36.9314,38.2694,0.0211,nan,nan,nan,nan
37.9730,0.0042,0.0080,1.1981,0.1082,-0.0164,0.0760,0.2607,0.0069,1.1192,0.2684,0.0158,36.9317,38.2740,0.0226,nan,nan,nan,nan
37.9985,0.0042,0.0080,1.1981,0.1102,-0.0191,0.0749,0.2607,0.0069,1.1193,0.2684,0.0160,36.9318,38.2823,0.0248,nan,nan,nan,nan
38.0285,0.0042,0.0080,1.1981,0.1121,-0.0220,0.0742,0.2607,0.0069,1.1193,0.2684,0.0138,36.9308,38.2880,0.0242,nan,nan,nan,nan
38.0521,0.0042,0.0080,1.1981,0.1121,-0.0220,0.0742,0.2607,0.0069,1.1193,0.2684,0.0094,36.9282,38.2919,0.0195,nan,nan,nan,nan
38.0738,0.0042,0.0079,1.1981,0.1142,-0.0255,0.0742,0.2608,0.0069,1.1193,0.2683,0.0069,36.9279,38.2940,0.0160,nan,nan,nan,nan
38.1045,0.0043,0.0079,1.1981,0.1155,-0.0285,0.0733,0.2608,0.0069,1.1193,0.2683,0.0071,36.9279,38.2965,0.0129,nan,nan,nan,nan
38.1312,0.0043,0.0079,1.1981,0.1155,-0.0285,0.0733,0.2608,0.0068,1.1193,0.2683,0.0084,36.9279,38.2971,0.0120,nan,nan,nan,nan
38.1549,0.0043,0.0079,1.1981,0.1159,-0.0316,0.0726,0.2608,0.0068,1.1193,0.2683,0.0100,36.9271,38.2967,0.0098,nan,nan,nan,nan
38.1934,0.0043,0.0079,1.1981,0.1159,-0.0344,0.0716,0.2608,0.0068,1.1193,0.2683,0.0126,36.9269,38.2955,0.0073,nan,nan,nan,nan
38.2165,0.0043,0.0078,1.1981,0.1159,-0.0344,0.0716,0.2609,0.0068,1.1193,0.2683,0.0147,36.9273,38.2953,0.0044,nan,nan,nan,nan
38.2459,0.0043,0.0078,1.1981,0.1155,-0.0370,0.0704,0.2609,0.0068,1.1193,0.2683,0.0182,36.9277,38.2942,0.0047,nan,nan,nan,nan
38.2829,0.0044,0.0078,1.1981,0.1140,-0.0391,0.0694,0.2609,0.0068,1.1193,0.2684,0.0228,36.9291,38.2924,0.0068,nan,nan,nan,nan
38.3047,0.0044,0.0078,1.1981,0.1140,-0.0391,0.0694,0.2609,0.0068,1.1193,0.2684,0.0310,36.9324,38.2904,0.0094,nan,nan,nan,nan
38.3255,0.0044,0.0077,1.1981,0.1120,-0.0405,0.0674,0.2609,0.0068,1.1194,0.2683,0.0453,36.9348,38.2905,0.0140,nan,nan,nan,nan
38.3490,0.0044,0.0077,1.1981,0.1086,-0.0420,0.0644,0.2609,0.0068,1.1194,0.2684,0.0661,36.9366,38.2869,0.0169,nan,nan,nan,nan
38.3819,0.0044,0.0076,1.1981,0.1044,-0.0439,0.0597,0.2610,0.0069,1.1194,0.2684,0.0934,36.9362,38.2826,0.0161,nan,nan,nan,nan
38.4057,0.0044,0.0076,1.1981,0.1044,-0.0439,0.0597,0.2610,0.0069,1.1193,0.2684,0.1189,36.9344,38.2792,0.0095,nan,nan,nan,nan
38.4265,0.0044,0.0075,1.1981,0.1000,-0.0459,0.0552,0.2610,0.0069,1.1193,0.2684,0.1338,36.9346,38.2777,0.0038,nan,nan,nan,nan
38.4563,0.0044,0.0075,1.1981,0.0958,-0.0473,0.0525,0.2610,0.0069,1.1193,0.2684,0.1485,36.9358,38.2767,-0.0064,nan,nan,nan,nan
38.4766,0.0044,0.0074,1.1981,0.0958,-0.0473,0.0525,0.2610,0.0069,1.1194,0.2684,0.1547,36.9376,38.2749,-0.0221,nan,nan,nan,nan
38.4999,0.0044,0.0074,1.1981,0.0923,-0.0487,0.0521,0.2610,0.0069,1.1194,0.2684,0.1554,36.9388,38.2740,-0.0290,nan,nan,nan,nan
38.5317,0.0044,0.0073,1.1981,0.0884,-0.0497,0.0518,0.2610,0.0068,1.1194,0.2684,0.1605,36.9439,38.2687,-0.0686,nan,nan,nan,nan
38.5662,0.0044,0.0073,1.1981,0.0840,-0.0510,0.0511,0.2610,0.0068,1.1194,0.2684,0.1663,36.9480,38.2655,-0.1089,nan,nan,nan,nan
38.5896,0.0044,0.0072,1.1981,0.0840,-0.0510,0.0511,0.2610,0.0067,1.1194,0.2684,0.1657,36.9486,38.2623,-0.1273,nan,nan,nan,nan
38.6104,0.0044,0.0072,1.1981,0.0799,-0.0527,0.0515,0.2610,0.0066,1.1194,0.2684,0.1636,36.9491,38.2591,-0.1352,nan,nan,nan,nan
38.6379,0.0044,0.0071,1.1981,0.0760,-0.0544,0.0529,0.2610,0.0065,1.1194,0.2684,0.1576,36.9493,38.2562,-0.1386,nan,nan,nan,nan
38.6642,0.0044,0.0070,1.1981,0.0719,-0.0563,0.0549,0.2611,0.0064,1.1194,0.2684,0.1441,36.9472,38.2547,-0.1362,nan,nan,nan,nan
38.6922,0.0044,0.0069,1.1981,0.0680,-0.0586,0.0581,0.2611,0.0062,1.1193,0.2684,0.1233,36.9437,38.2539,-0.1325,nan,nan,nan,nan
38.7128,0.0044,0.0069,1.1981,0.0680,-0.0586,0.0581,0.2610,0.0061,1.1193,0.2684,0.1059,36.9387,38.2570,-0.1280,nan,nan,nan,nan
38.7354,0.0044,0.0068,1.1981,0.0639,-0.0611,0.0615,0.2610,0.0060,1.1193,0.2684,0.0933,36.9362,38.2600,-0.1247,nan,nan,nan,nan
38.7569,0.0044,0.0067,1.1981,0.0595,-0.0631,0.0650,0.2610,0.0058,1.1194,0.2684,0.0665,36.9326,38.2669,-0.1134,nan,nan,nan,nan
38.7800,0.0044,0.0067,1.1981,0.0550,-0.0650,0.0687,0.2610,0.0057,1.1194,0.2684,0.0443,36.9305,38.2692,-0.1042,nan,nan,nan,nan
38.8089,0.0044,0.0066,1.1981,0.0506,-0.0667,0.0731,0.2610,0.0054,1.1194,0.2684,0.0106,36.9291,38.2737,-0.0943,nan,nan,nan,nan
38.8342,0.0044,0.0065,1.1980,0.0461,-0.0682,0.0773,0.2610,0.0052,1.1194,0.2684,-0.0232,36.9293,38.2766,-0.0866,nan,nan,nan,nan
38.8572,0.0043,0.0064,1.1980,0.0461,-0.0682,0.0773,0.2610,0.0050,1.1194,0.2684,-0.0452,36.9282,38.2783,-0.0817,nan,nan,nan,nan
38.8801,0.0043,0.0064,1.1980,0.0410,-0.0698,0.0808,0.2609,0.0050,1.1194,0.2684,-0.0505,36.9282,38.2790,-0.0796,nan,nan,nan,nan
38.9062,0.0043,0.0063,1.1980,0.0348,-0.0711,0.0826,0.2609,0.0048,1.1194,0.2684,-0.0660,36.9281,38.2809,-0.0739,nan,nan,nan,nan
38.9356,0.0043,0.0062,1.1980,0.0287,-0.0727,0.0834,0.2609,0.0047,1.1194,0.2684,-0.0746,36.9251,38.2775,-0.0746,nan,nan,nan,nan
38.9746,0.0043,0.0061,1.1980,0.0221,-0.0739,0.0834,0.2609,0.0045,1.1193,0.2684,-0.0798,36.9232,38.2685,-0.0739,nan,nan,nan,nan
39.0126,0.0042,0.0060,1.1980,0.0155,-0.0747,0.0831,0.2609,0.0044,1.1193,0.2685,-0.0840,36.9215,38.2606,-0.0720,nan,nan,nan,nan
39.0469,0.0042,0.0059,1.1980,0.0090,-0.0749,0.0827,0.2608,0.0043,1.1193,0.2685,-0.0871,36.9188,38.2588,-0.0652,nan,nan,nan,nan
39.0766,0.0041,0.0057,1.1980,0.0028,-0.0749,0.0827,0.2608,0.0041,1.1193,0.2685,-0.0928,36.9143,38.2563,-0.0499,nan,nan,nan,nan
39.1026,0.0041,0.0056,1.1980,-0.0031,-0.0744,0.0832,0.2608,0.0040,1.1192,0.2685,-0.1033,36.9103,38.2512,-0.0430,nan,nan,nan,nan
39.1397,0.0040,0.0055,1.1980,-0.0082,-0.0732,0.0838,0.2607,0.0038,1.1192,0.2685,-0.1160,36.9078,38.2495,-0.0415,nan,nan,nan,nan
39.1720,0.0040,0.0054,1.1980,-0.0127,-0.0709,0.0842,0.2607,0.0036,1.1192,0.2685,-0.1310,36.9089,38.2484,-0.0397,nan,nan,nan,nan
39.1946,0.0039,0.0053,1.1980,-0.0127,-0.0709,0.0842,0.2606,0.0035,1.1192,0.2685,-0.1360,36.9120,38.2460,-0.0400,nan,nan,nan,nan
39.2218,0.0039,0.0053,1.1980,-0.0172,-0.0677,0.0832,0.2606,0.0035,1.1192,0.2685,-0.1370,36.9150,38.2439,-0.0396,nan,nan,nan,nan
39.2552,0.0039,0.0052,1.1980,-0.0218,-0.0640,0.0814,0.2605,0.0034,1.1192,0.2685,-0.1359,36.9180,38.2411,-0.0370,nan,nan,nan,nan
39.2816,0.0038,0.0051,1.1980,-0.0218,-0.0640,0.0814,0.2605,0.0033,1.1192,0.2685,-0.1355,36.9187,38.2388,-0.0351,nan,nan,nan,nan
39.3019,0.0038,0.0051,1.1980,-0.0259,-0.0604,0.0796,0.2604,0.0032,1.1192,0.2685,-0.1355,36.9192,38.2379,-0.0343,nan,nan,nan,nan
39.3225,0.0037,0.0050,1.1980,-0.0297,-0.0565,0.0777,0.2604,0.0031,1.1192,0.2685,-0.1336,36.9184,38.2391,-0.0300,nan,nan,nan,nan
39.3474,0.0037,0.0049,1.1981,-0.0326,-0.0527,0.0759,0.2603,0.0030,1.1192,0.2685,-0.1351,36.9161,38.2418,-0.0256,nan,nan,nan,nan
39.3697,0.0036,0.0048,1.1981,-0.0326,-0.0527,0.0759,0.2603,0.0029,1.1191,0.2685,-0.1457,36.9138,38.2449,-0.0188,nan,nan,nan,nan
39.3931,0.0036,0.0048,1.1981,-0.0337,-0.0484,0.0757,0.2602,0.0028,1.1191,0.2685,-0.1551,36.9134,38.2458,-0.0139,nan,nan,nan,nan
39.4203,0.0035,0.0047,1.1981,-0.0339,-0.0435,0.0760,0.2602,0.0027,1.1191,0.2685,-0.1730,36.9133,38.2456,-0.0082,nan,nan,nan,nan
39.4493,0.0035,0.0046,1.1981,-0.0331,-0.0379,0.0772,0.2601,0.0024,1.1191,0.2685,-0.2032,36.9146,38.2491,-0.0064,nan,nan,nan,nan
39.4863,0.0034,0.0045,1.1981,-0.0320,-0.0323,0.0774,0.2600,0.0023,1.1191,0.2685,-0.2275,36.9147,38.2528,-0.0009,nan,nan,nan,nan
39.5064,0.0034,0.0045,1.1981,-0.0320,-0.0323,0.0774,0.2600,0.0022,1.1191,0.2685,-0.2337,36.9146,38.2540,0.0049,nan,nan,nan,nan
39.5347,0.0033,0.0045,1.1981,-0.0318,-0.0262,0.0755,0.2599,0.0021,1.1191,0.2685,-0.2346,36.9151,38.2550,0.0112,nan,nan,nan,nan
39.5558,0.0033,0.0044,1.1981,-0.0318,-0.0262,0.0755,0.2598,0.0021,1.1191,0.2685,-0.2340,36.9144,38.2568,0.0166,nan,nan,nan,nan
39.5772,0.0032,0.0043,1.1981,-0.0318,-0.0202,0.0721,0.2598,0.0020,1.1190,0.2685,-0.2262,36.9131,38.2558,0.0191,nan,nan,nan,nan
39.6015,0.0031,0.0042,1.1981,-0.0317,-0.0142,0.0674,0.2597,0.0020,1.1190,0.2685,-0.2103,36.9104,38.2539,0.0248,nan,nan,nan,nan
39.6276,0.0031,0.0042,1.1981,-0.0316,-0.0081,0.0623,0.2596,0.0019,1.1190,0.2685,-0.2015,36.9087,38.2522,0.0297,nan,nan,nan,nan
39.6501,0.0030,0.0041,1.1981,-0.0308,-0.0020,0.0572,0.2596,0.0019,1.1189,0.2685,-0.1853,36.9041,38.2514,0.0365,nan,nan,nan,nan
39.6781,0.0029,0.0040,1.1981,-0.0291,0.0041,0.0518,0.2595,0.0018,1.1189,0.2685,-0.1698,36.9012,38.2490,0.0401,nan,nan,nan,nan
39.7019,0.0029,0.0039,1.1981,-0.0291,0.0041,0.0518,0.2594,0.0018,1.1188,0.2685,-0.1613,36.9008,38.2441,0.0400,nan,nan,nan,nan
39.7251,0.0028,0.0039,1.1981,-0.0270,0.0106,0.0472,0.2594,0.0018,1.1188,0.2685,-0.1566,36.9023,38.2402,0.0382,nan,nan,nan,nan
39.7566,0.0028,0.0038,1.1981,-0.0249,0.0174,0.0426,0.2593,0.0017,1.1188,0.2685,-0.1464,36.9029,38.2356,0.0348,nan,nan,nan,nan
39.7792,0.0027,0.0038,1.1981,-0.0249,0.0174,0.0426,0.2593,0.0017,1.1188,0.2686,-0.1352,36.9042,38.2317,0.0337,nan,nan,nan,nan
39.8075,0.0027,0.0037,1.1981,-0.0232,0.0242,0.0362,0.2592,0.0017,1.1188,0.2686,-0.1212,36.9060,38.2284,0.0337,nan,nan,nan,nan
39.8363,0.0026,0.0036,1.1981,-0.0227,0.0311,0.0287,0.2592,0.0018,1.1187,0.2686,-0.0836,36.9115,38.2231,0.0283,nan,nan,nan,nan
39.8624,0.0025,0.0035,1.1981,-0.0226,0.0380,0.0204,0.2591,0.0019,1.1187,0.2686,-0.0383,36.9178,38.2198,0.0202,nan,nan,nan,nan
39.8861,0.0025,0.0035,1.1981,-0.0226,0.0380,0.0204,0.2590,0.0019,1.1187,0.2686,-0.0089,36.9218,38.2204,0.0178,nan,nan,nan,nan
39.9126,0.0024,0.0034,1.1981,-0.0217,0.0445,0.0133,0.2590,0.0019,1.1187,0.2686,0.0053,36.9239,38.2195,0.0146,nan,nan,nan,nan
39.9383,0.0024,0.0034,1.1981,-0.0195,0.0500,0.0088,0.2589,0.0019,1.1187,0.2686,0.0178,36.9261,38.2175,0.0057,nan,nan,nan,nan
39.9609,0.0023,0.0033,1.1981,-0.0195,0.0500,0.0088,0.2589,0.0018,1.1187,0.2686,0.0200,36.9262,38.2144,-0.0015,nan,nan,nan,nan
39.9812,0.0023,0.0033,1.1981,-0.0156,0.0544,0.0063,0.2589,0.0018,1.1187,0.2686,0.0168,36.9255,38.2140,-0.0018,nan,nan,nan,nan
40.0104,0.0023,0.0032,1.1981,-0.0111,0.0584,0.0059,0.2588,0.0017,1.1187,0.2686,0.0079,36.9247,38.2161,0.0021,nan,nan,nan,nan
40.0356,0.0022,0.0032,1.1981,-0.0111,0.0584,0.0059,0.2587,0.0016,1.1187,0.2685,0.0012,36.9246,38.2192,0.0032,nan,nan,nan,nan
40.0641,0.0022,0.0031,1.1981,-0.0069,0.0622,0.0055,0.2587,0.0015,1.1187,0.2685,-0.0020,36.9250,38.2235,0.0031,nan,nan,nan,nan
40.0894,0.0021,0.0031,1.1981,-0.0036,0.0653,0.0036,0.2586,0.0015,1.1187,0.2685,0.0008,36.9235,38.2239,0.0036,nan,nan,nan,nan
40.1157,0.0021,0.0030,1.1981,-0.0011,0.0675,0.0019,0.2586,0.0015,1.1186,0.2685,0.0045,36.9203,38.2239,0.0053,nan,nan,nan,nan
40.1389,0.0021,0.0030,1.1981,-0.0011,0.0675,0.0019,0.2586,0.0014,1.1186,0.2686,0.0063,36.9185,38.2215,0.0064,nan,nan,nan,nan
40.1656,0.0020,0.0029,1.1981,0.0013,0.0693,0.0008,0.2585,0.0014,1.1186,0.2686,0.0063,36.9170,38.2185,0.0081,nan,nan,nan,nan
40.1919,0.0020,0.0029,1.1981,0.0038,0.0711,0.0002,0.2585,0.0013,1.1186,0.2686,0.0051,36.9167,38.2180,0.0120,nan,nan,nan,nan
40.2182,0.0020,0.0028,1.1981,0.0038,0.0711,0.0002,0.2585,0.0012,1.1186,0.2686,0.0044,36.9177,38.2190,0.0145,nan,nan,nan,nan
40.2413,0.0019,0.0028,1.1981,0.0061,0.0727,-0.0002,0.2584,0.0012,1.1186,0.2686,0.0016,36.9182,38.2192,0.0166,nan,nan,nan,nan
40.2747,0.0019,0.0027,1.1981,0.0092,0.0737,0.0009,0.2584,0.0011,1.1186,0.2686,-0.0097,36.9188,38.2185,0.0240,nan,nan,nan,nan
40.2955,0.0019,0.0027,1.1981,0.0092,0.0737,0.0009,0.2584,0.0010,1.1186,0.2686,-0.0197,36.9183,38.2176,0.0290,nan,nan,nan,nan
40.3195,0.0019,0.0026,1.1981,0.0127,0.0740,0.0027,0.2584,0.0009,1.1186,0.2686,-0.0374,36.9181,38.2125,0.0386,nan,nan,nan,nan
40.3415,0.0018,0.0026,1.1981,0.0159,0.0743,0.0051,0.2583,0.0008,1.1186,0.2686,-0.0549,36.9191,38.2113,0.0485,nan,nan,nan,nan
40.3674,0.0018,0.0025,1.1981,0.0180,0.0748,0.0070,0.2583,0.0007,1.1186,0.2686,-0.0716,36.9245,38.2079,0.0590,nan,nan,nan,nan
40.3967,0.0018,0.0024,1.1981,0.0198,0.0748,0.0077,0.2583,0.0006,1.1186,0.2686,-0.0802,36.9291,38.2012,0.0701,nan,nan,nan,nan
40.4185,0.0018,0.0024,1.1981,0.0198,0.0748,0.0077,0.2583,0.0005,1.1186,0.2686,-0.0853,36.9307,38.1964,0.0697,nan,nan,nan,nan
40.4436,0.0017,0.0023,1.1981,0.0214,0.0738,0.0085,0.2583,0.0004,1.1186,0.2686,-0.0927,36.9296,38.1925,0.0706,nan,nan,nan,nan
40.4639,0.0017,0.0023,1.1981,0.0232,0.0719,0.0100,0.2583,0.0003,1.1186,0.2686,-0.1038,36.9274,38.1923,0.0762,nan,nan,nan,nan
40.4909,0.0017,0.0022,1.1981,0.0253,0.0702,0.0128,0.2583,0.0002,1.1186,0.2686,-0.1257,36.9266,38.1970,0.0870,nan,nan,nan,nan
40.5259,0.0017,0.0021,1.1981,0.0276,0.0687,0.0163,0.2582,-0.0000,1.1186,0.2686,-0.1530,36.9292,38.2013,0.0974,nan,nan,nan,nan
40.5610,0.0017,0.0021,1.1981,0.0293,0.0672,0.0188,0.2582,-0.0002,1.1186,0.2686,-0.1738,36.9324,38.2058,0.1087,nan,nan,nan,nan
40.5927,0.0017,0.0020,1.1981,0.0295,0.0654,0.0191,0.2582,-0.0003,1.1187,0.2685,-0.1762,36.9334,38.2101,0.1107,nan,nan,nan,nan
40.6198,0.0017,0.0019,1.1981,0.0295,0.0654,0.0191,0.2582,-0.0003,1.1187,0.2685,-0.1741,36.9340,38.2101,0.1094,nan,nan,nan,nan
40.6419,0.0017,0.0019,1.1981,0.0291,0.0635,0.0182,0.2582,-0.0003,1.1187,0.2685,-0.1711,36.9357,38.2082,0.1067,nan,nan,nan,nan
40.6751,0.0017,0.0018,1.1981,0.0287,0.0615,0.0172,0.2582,-0.0004,1.1187,0.2685,-0.1670,36.9369,38.2077,0.1037,nan,nan,nan,nan
40.7059,0.0017,0.0017,1.1981,0.0281,0.0596,0.0162,0.2582,-0.0005,1.1187,0.2685,-0.1611,36.9391,38.2045,0.0970,nan,nan,nan,nan
40.7324,0.0017,0.0016,1.1981,0.0267,0.0576,0.0157,0.2582,-0.0005,1.1187,0.2686,-0.1545,36.9410,38.2025,0.0905,nan,nan,nan,nan
40.7591,0.0017,0.0015,1.1981,0.0252,0.0557,0.0154,0.2582,-0.0006,1.1187,0.2685,-0.1489,36.9424,38.2043,0.0827,nan,nan,nan,nan
40.7968,0.0017,0.0014,1.1981,0.0245,0.0538,0.0154,0.2582,-0.0007,1.1187,0.2685,-0.1510,36.9434,38.2038,0.0789,nan,nan,nan,nan
40.8186,0.0017,0.0014,1.1981,0.0245,0.0538,0.0154,0.2583,-0.0008,1.1187,0.2685,-0.1536,36.9426,38.2049,0.0777,nan,nan,nan,nan
40.8387,0.0017,0.0013,1.1981,0.0241,0.0513,0.0158,0.2583,-0.0008,1.1187,0.2685,-0.1564,36.9417,38.2042,0.0762,nan,nan,nan,nan
40.8611,0.0017,0.0013,1.1981,0.0236,0.0490,0.0160,0.2583,-0.0009,1.1187,0.2686,-0.1618,36.9416,38.2014,0.0734,nan,nan,nan,nan
40.8845,0.0017,0.0012,1.1981,0.0236,0.0490,0.0160,0.2583,-0.0010,1.1187,0.2686,-0.1708,36.9421,38.1958,0.0680,nan,nan,nan,nan
40.9078,0.0017,0.0012,1.1981,0.0235,0.0464,0.0176,0.2583,-0.0011,1.1187,0.2686,-0.1750,36.9420,38.1942,0.0672,nan,nan,nan,nan
40.9447,0.0018,0.0011,1.1981,0.0236,0.0435,0.0195,0.2583,-0.0012,1.1187,0.2686,-0.1908,36.9425,38.1874,0.0724,nan,nan,nan,nan
40.9780,0.0018,0.0010,1.1981,0.0235,0.0406,0.0212,0.2584,-0.0014,1.1187,0.2686,-0.2053,36.9427,38.1842,0.0784,nan,nan,nan,nan
41.0024,0.0018,0.0009,1.1981,0.0235,0.0406,0.0212,0.2584,-0.0015,1.1187,0.2686,-0.2126,36.9427,38.1845,0.0845,nan,nan,nan,nan
41.0234,0.0018,0.0009,1.1981,0.0232,0.0376,0.0219,0.2584,-0.0015,1.1187,0.2686,-0.2142,36.9426,38.1846,0.0864,nan,nan,nan,nan
41.0556,0.0018,0.0008,1.1981,0.0227,0.0346,0.0220,0.2584,-0.0016,1.1188,0.2686,-0.2192,36.9415,38.1869,0.0888,nan,nan,nan,nan
41.0907,0.0018,0.0007,1.1981,0.0221,0.0318,0.0219,0.2584,-0.0017,1.1188,0.2686,-0.2225,36.9421,38.1853,0.0899,nan,nan,nan,nan
41.1182,0.0019,0.0006,1.1981,0.0221,0.0318,0.0219,0.2585,-0.0018,1.1188,0.2686,-0.2187,36.9431,38.1838,0.0877,nan,nan,nan,nan
41.1407,0.0019,0.0006,1.1981,0.0205,0.0292,0.0213,0.2585,-0.0019,1.1188,0.2686,-0.2151,36.9429,38.1854,0.0838,nan,nan,nan,nan
41.1655,0.0019,0.0005,1.1981,0.0191,0.0265,0.0210,0.2585,-0.0019,1.1188,0.2686,-0.2150,36.9422,38.1893,0.0824,nan,nan,nan,nan
41.1893,0.0019,0.0004,1.1981,0.0175,0.0240,0.0205,0.2585,-0.0020,1.1188,0.2685,-0.2089,36.9413,38.1999,0.0782,nan,nan,nan,nan
41.2137,0.0020,0.0003,1.1980,0.0155,0.0218,0.0190,0.2585,-0.0021,1.1188,0.2685,-0.2016,36.9423,38.2054,0.0693,nan,nan,nan,nan
41.2480,0.0020,0.0002,1.1980,0.0133,0.0194,0.0172,0.2586,-0.0021,1.1188,0.2685,-0.1903,36.9412,38.2087,0.0580,nan,nan,nan,nan
41.2705,0.0020,0.0001,1.1980,0.0133,0.0194,0.0172,0.2586,-0.0022,1.1188,0.2685,-0.1828,36.9400,38.2091,0.0545,nan,nan,nan,nan
41.2973,0.0020,0.0001,1.1980,0.0107,0.0170,0.0147,0.2586,-0.0022,1.1188,0.2685,-0.1723,36.9391,38.2073,0.0497,nan,nan,nan,nan
41.3286,0.0020,-0.0000,1.1980,0.0081,0.0147,0.0125,0.2586,-0.0023,1.1188,0.2685,-0.1624,36.9371,38.2051,0.0470,nan,nan,nan,nan
41.3596,0.0021,-0.0001,1.1980,0.0048,0.0129,0.0106,0.2587,-0.0023,1.1188,0.2685,-0.1470,36.9348,38.2070,0.0385,nan,nan,nan,nan
41.3965,0.0021,-0.0002,1.1980,0.0004,0.0115,0.0069,0.2587,-0.0023,1.1188,0.2686,-0.1194,36.9343,38.2025,0.0278,nan,nan,nan,nan
41.4185,0.0021,-0.0003,1.1980,0.0004,0.0115,0.0069,0.2587,-0.0023,1.1188,0.2686,-0.1043,36.9335,38.1990,0.0282,nan,nan,nan,nan
41.4447,0.0021,-0.0004,1.1980,-0.0041,0.0100,0.0030,0.2588,-0.0023,1.1188,0.2686,-0.0820,36.9315,38.1958,0.0322,nan,nan,nan,nan
41.4675,0.0022,-0.0005,1.1980,-0.0093,0.0088,-0.0002,0.2588,-0.0023,1.1188,0.2686,-0.0604,36.9306,38.1939,0.0349,nan,nan,nan,nan
41.5015,0.0022,-0.0006,1.1980,-0.0148,0.0080,-0.0033,0.2588,-0.0023,1.1188,0.2686,-0.0305,36.9302,38.1932,0.0420,nan,nan,nan,nan
41.5295,0.0022,-0.0007,1.1980,-0.0148,0.0080,-0.0033,0.2588,-0.0023,1.1188,0.2686,-0.0053,36.9297,38.1915,0.0423,nan,nan,nan,nan
41.5510,0.0022,-0.0008,1.1980,-0.0204,0.0072,-0.0065,0.2589,-0.0023,1.1187,0.2686,0.0118,36.9287,38.1908,0.0405,nan,nan,nan,nan
41.5741,0.0023,-0.0008,1.1980,-0.0261,0.0065,-0.0093,0.2589,-0.0023,1.1187,0.2686,0.0351,36.9274,38.1912,0.0388,nan,nan,nan,nan
41.5975,0.0023,-0.0009,1.1980,-0.0261,0.0065,-0.0093,0.2589,-0.0023,1.1187,0.2686,0.0540,36.9262,38.1912,0.0394,nan,nan,nan,nan
41.6259,0.0023,-0.0010,1.1980,-0.0311,0.0059,-0.0113,0.2589,-0.0024,1.1187,0.2686,0.0658,36.9244,38.1914,0.0420,nan,nan,nan,nan
41.6518,0.0023,-0.0010,1.1980,-0.0351,0.0049,-0.0113,0.2590,-0.0024,1.1187,0.2686,0.0689,36.9232,38.1912,0.0455,nan,nan,nan,nan
41.6800,0.0024,-0.0011,1.1980,-0.0384,0.0041,-0.0095,0.2590,-0.0025,1.1187,0.2686,0.0671,36.9219,38.1925,0.0494,nan,nan,nan,nan
41.7110,0.0024,-0.0012,1.1980,-0.0420,0.0034,-0.0076,0.2590,-0.0026,1.1187,0.2686,0.0661,36.9218,38.1973,0.0522,nan,nan,nan,nan
41.7339,0.0024,-0.0013,1.1980,-0.0420,0.0034,-0.0076,0.2590,-0.0027,1.1187,0.2686,0.0675,36.9218,38.1991,0.0543,nan,nan,nan,nan
41.7581,0.0024,-0.0013,1.1980,-0.0460,0.0028,-0.0062,0.2591,-0.0027,1.1187,0.2686,0.0668,36.9225,38.2005,0.0600,nan,nan,nan,nan
41.7900,0.0025,-0.0014,1.1980,-0.0491,0.0019,-0.0034,0.2591,-0.0028,1.1187,0.2686,0.0595,36.9227,38.2037,0.0692,nan,nan,nan,nan
41.8121,0.0025,-0.0015,1.1980,-0.0491,0.0019,-0.0034,0.2591,-0.0029,1.1188,0.2686,0.0504,36.9208,38.2092,0.0764,nan,nan,nan,nan
41.8371,0.0025,-0.0015,1.1979,-0.0524,0.0005,0.0001,0.2591,-0.0030,1.1188,0.2685,0.0432,36.9177,38.2161,0.0768,nan,nan,nan,nan
41.8653,0.0025,-0.0016,1.1979,-0.0562,-0.0012,0.0030,0.2591,-0.0030,1.1188,0.2685,0.0409,36.9155,38.2184,0.0788,nan,nan,nan,nan
41.8921,0.0026,-0.0017,1.1979,-0.0604,-0.0031,0.0049,0.2592,-0.0031,1.1187,0.2685,0.0404,36.9109,38.2185,0.0824,nan,nan,nan,nan
41.9252,0.0026,-0.0017,1.1979,-0.0643,-0.0048,0.0074,0.2592,-0.0032,1.1187,0.2685,0.0369,36.9060,38.2218,0.0931,nan,nan,nan,nan
41.9625,0.0026,-0.0018,1.1979,-0.0683,-0.0066,0.0106,0.2592,-0.0033,1.1187,0.2685,0.0290,36.9024,38.2250,0.1052,nan,nan,nan,nan
41.9840,0.0027,-0.0019,1.1979,-0.0683,-0.0066,0.0106,0.2593,-0.0034,1.1187,0.2685,0.0252,36.9016,38.2262,0.1073,nan,nan,nan,nan
42.0052,0.0027,-0.0019,1.1979,-0.0723,-0.0082,0.0138,0.2593,-0.0034,1.1187,0.2685,0.0190,36.9000,38.2259,0.1055,nan,nan,nan,nan
42.0330,0.0027,-0.0020,1.1979,-0.0760,-0.0100,0.0174,0.2593,-0.0035,1.1187,0.2685,0.0104,36.8989,38.2263,0.0985,nan,nan,nan,nan
42.0677,0.0027,-0.0020,1.1979,-0.0795,-0.0117,0.0214,0.2593,-0.0036,1.1187,0.2685,-0.0021,36.8988,38.2243,0.0893,nan,nan,nan,nan
42.0913,0.0028,-0.0021,1.1979,-0.0795,-0.0117,0.0214,0.2594,-0.0037,1.1187,0.2686,-0.0070,36.8992,38.2226,0.0894,nan,nan,nan,nan
42.1180,0.0028,-0.0021,1.1979,-0.0830,-0.0132,0.0251,0.2594,-0.0038,1.1187,0.2686,-0.0132,36.9003,38.2207,0.0896,nan,nan,nan,nan
42.1495,0.0028,-0.0021,1.1979,-0.0854,-0.0148,0.0289,0.2594,-0.0038,1.1187,0.2685,-0.0299,36.9007,38.2230,0.0892,nan,nan,nan,nan
42.1793,0.0028,-0.0022,1.1979,-0.0876,-0.0169,0.0327,0.2594,-0.0040,1.1187,0.2685,-0.0466,36.8969,38.2274,0.0882,nan,nan,nan,nan
42.2021,0.0029,-0.0022,1.1979,-0.0876,-0.0169,0.0327,0.2595,-0.0040,1.1187,0.2685,-0.0579,36.8937,38.2306,0.0895,nan,nan,nan,nan
42.2244,0.0029,-0.0022,1.1979,-0.0898,-0.0190,0.0361,0.2595,-0.0041,1.1187,0.2685,-0.0650,36.8921,38.2308,0.0921,nan,nan,nan,nan
42.2482,0.0029,-0.0023,1.1979,-0.0920,-0.0208,0.0392,0.2595,-0.0042,1.1187,0.2685,-0.0740,36.8912,38.2320,0.0958,nan,nan,nan,nan
42.2749,0.0029,-0.0023,1.1979,-0.0920,-0.0208,0.0392,0.2595,-0.0042,1.1187,0.2685,-0.0783,36.8914,38.2314,0.0982,nan,nan,nan,nan
42.2963,0.0029,-0.0023,1.1979,-0.0941,-0.0219,0.0416,0.2595,-0.0042,1.1187,0.2685,-0.0829,36.8930,38.2312,0.1011,nan,nan,nan,nan
42.3184,0.0029,-0.0024,1.1979,-0.0962,-0.0229,0.0432,0.2596,-0.0043,1.1187,0.2685,-0.0844,36.8937,38.2290,0.1070,nan,nan,nan,nan
42.3389,0.0030,-0.0024,1.1979,-0.0962,-0.0229,0.0432,0.2596,-0.0043,1.1187,0.2686,-0.0853,36.8935,38.2262,0.1119,nan,nan,nan,nan
42.3620,0.0030,-0.0024,1.1979,-0.0979,-0.0240,0.0447,0.2596,-0.0043,1.1187,0.2686,-0.0842,36.8930,38.2212,0.1132,nan,nan,nan,nan
42.4043,0.0030,-0.0024,1.1979,-0.0997,-0.0248,0.0454,0.2596,-0.0043,1.1187,0.2686,-0.0798,36.8934,38.2165,0.1154,nan,nan,nan,nan
42.4311,0.0030,-0.0024,1.1979,-0.0997,-0.0248,0.0454,0.2596,-0.0043,1.1187,0.2686,-0.0770,36.8934,38.2133,0.1150,nan,nan,nan,nan
42.4634,0.0030,-0.0025,1.1979,-0.1013,-0.0254,0.0459,0.2597,-0.0043,1.1187,0.2686,-0.0739,36.8932,38.2109,0.1142,nan,nan,nan,nan
42.4874,0.0030,-0.0025,1.1979,-0.1013,-0.0254,0.0459,0.2597,-0.0043,1.1187,0.2686,-0.0701,36.8936,38.2079,0.1146,nan,nan,nan,nan
42.5115,0.0030,-0.0025,1.1979,-0.1024,-0.0256,0.0460,0.2597,-0.0043,1.1187,0.2686,-0.0620,36.8942,38.2035,0.1111,nan,nan,nan,nan
42.5354,0.0031,-0.0025,1.1979,-0.1040,-0.0254,0.0451,0.2597,-0.0043,1.1187,0.2686,-0.0497,36.8962,38.1980,0.1071,nan,nan,nan,nan
42.5686,0.0031,-0.0025,1.1979,-0.1055,-0.0253,0.0436,0.2597,-0.0042,1.1187,0.2686,-0.0287,36.8980,38.1916,0.1039,nan,nan,nan,nan
42.5990,0.0031,-0.0025,1.1979,-0.1056,-0.0259,0.0423,0.2598,-0.0042,1.1186,0.2686,-0.0123,36.8939,38.1895,0.1044,nan,nan,nan,nan
42.6297,0.0031,-0.0025,1.1979,-0.1042,-0.0265,0.0427,0.2598,-0.0041,1.1186,0.2687,-0.0099,36.8898,38.1870,0.1112,nan,nan,nan,nan
42.6522,0.0031,-0.0025,1.1979,-0.1042,-0.0265,0.0427,0.2598,-0.0042,1.1186,0.2687,-0.0134,36.8877,38.1834,0.1112,nan,nan,nan,nan
42.6734,0.0031,-0.0025,1.1979,-0.1021,-0.0268,0.0439,0.2598,-0.0042,1.1186,0.2687,-0.0163,36.8865,38.1838,0.1092,nan,nan,nan,nan
42.7058,0.0031,-0.0025,1.1979,-0.0991,-0.0269,0.0456,0.2598,-0.0042,1.1186,0.2687,-0.0239,36.8846,38.1834,0.1086,nan,nan,nan,nan
42.7291,0.0031,-0.0025,1.1979,-0.0991,-0.0269,0.0456,0.2598,-0.0042,1.1186,0.2687,-0.0348,36.8819,38.1825,0.1060,nan,nan,nan,nan
42.7540,0.0031,-0.0025,1.1979,-0.0952,-0.0270,0.0476,0.2598,-0.0042,1.1186,0.2687,-0.0422,36.8790,38.1824,0.1049,nan,nan,nan,nan
42.7848,0.0032,-0.0025,1.1979,-0.0903,-0.0269,0.0503,0.2599,-0.0043,1.1185,0.2687,-0.0580,36.8757,38.1805,0.1033,nan,nan,nan,nan
42.8085,0.0032,-0.0025,1.1979,-0.0903,-0.0269,0.0503,0.2599,-0.0043,1.1185,0.2687,-0.0746,36.8720,38.1790,0.1023,nan,nan,nan,nan
42.8355,0.0032,-0.0025,1.1979,-0.0845,-0.0266,0.0527,0.2599,-0.0043,1.1185,0.2687,-0.0799,36.8707,38.1786,0.1023,nan,nan,nan,nan
42.8615,0.0032,-0.0024,1.1979,-0.0786,-0.0260,0.0548,0.2599,-0.0043,1.1185,0.2687,-0.0989,36.8666,38.1754,0.1015,nan,nan,nan,nan
42.8879,0.0032,-0.0024,1.1979,-0.0729,-0.0251,0.0557,0.2599,-0.0044,1.1185,0.2687,-0.1097,36.8635,38.1729,0.1085,nan,nan,nan,nan
42.9176,0.0032,-0.0024,1.1979,-0.0672,-0.0235,0.0554,0.2599,-0.0043,1.1185,0.2687,-0.1132,36.8621,38.1729,0.1096,nan,nan,nan,nan
42.9418,0.0032,-0.0023,1.1979,-0.0672,-0.0235,0.0554,0.2599,-0.0043,1.1184,0.2687,-0.1149,36.8605,38.1707,0.1078,nan,nan,nan,nan
42.9691,0.0032,-0.0023,1.1979,-0.0614,-0.0219,0.0550,0.2599,-0.0043,1.1184,0.2687,-0.1154,36.8589,38.1658,0.1062,nan,nan,nan,nan
42.9895,0.0032,-0.0023,1.1979,-0.0556,-0.0203,0.0541,0.2599,-0.0043,1.1184,0.2688,-0.1146,36.8582,38.1620,0.1051,nan,nan,nan,nan
43.0135,0.0032,-0.0023,1.1979,-0.0556,-0.0203,0.0541,0.2599,-0.0042,1.1184,0.2688,-0.1155,36.8574,38.1597,0.1019,nan,nan,nan,nan
43.0350,0.0032,-0.0023,1.1979,-0.0494,-0.0182,0.0537,0.2599,-0.0042,1.1184,0.2688,-0.1164,36.8577,38.1594,0.1000,nan,nan,nan,nan
43.0676,0.0032,-0.0022,1.1979,-0.0431,-0.0161,0.0536,0.2599,-0.0042,1.1184,0.2688,-0.1186,36.8565,38.1616,0.0995,nan,nan,nan,nan
43.0944,0.0032,-0.0022,1.1979,-0.0431,-0.0161,0.0536,0.2599,-0.0042,1.1184,0.2688,-0.1203,36.8547,38.1648,0.0985,nan,nan,nan,nan
43.1167,0.0032,-0.0022,1.1979,-0.0361,-0.0141,0.0536,0.2599,-0.0041,1.1184,0.2688,-0.1264,36.8519,38.1683,0.0974,nan,nan,nan,nan
43.1522,0.0032,-0.0021,1.1979,-0.0282,-0.0124,0.0538,0.2599,-0.0041,1.1183,0.2688,-0.1340,36.8489,38.1698,0.0933,nan,nan,nan,nan
43.1758,0.0032,-0.0021,1.1979,-0.0282,-0.0124,0.0538,0.2599,-0.0041,1.1183,0.2688,-0.1370,36.8477,38.1703,0.0873,nan,nan,nan,nan
43.1981,0.0032,-0.0021,1.1979,-0.0212,-0.0104,0.0534,0.2599,-0.0041,1.1183,0.2688,-0.1376,36.8477,38.1706,0.0836,nan,nan,nan,nan
43.2229,0.0032,-0.0020,1.1979,-0.0149,-0.0083,0.0519,0.2599,-0.0040,1.1183,0.2687,-0.1323,36.8481,38.1728,0.0825,nan,nan,nan,nan
43.2440,0.0032,-0.0020,1.1979,-0.0087,-0.0065,0.0501,0.2599,-0.0040,1.1183,0.2687,-0.1254,36.8469,38.1750,0.0823,nan,nan,nan,nan
43.2675,0.0032,-0.0020,1.1979,-0.0087,-0.0065,0.0501,0.2599,-0.0039,1.1183,0.2687,-0.1240,36.8464,38.1756,0.0829,nan,nan,nan,nan
43.2959,0.0032,-0.0019,1.1979,-0.0022,-0.0049,0.0495,0.2599,-0.0039,1.1183,0.2687,-0.1261,36.8458,38.1772,0.0816,nan,nan,nan,nan
43.3278,0.0032,-0.0019,1.1979,0.0055,-0.0037,0.0492,0.2599,-0.0039,1.1183,0.2687,-0.1353,36.8451,38.1774,0.0792,nan,nan,nan,nan
43.3609,0.0032,-0.0018,1.1979,0.0128,-0.0031,0.0488,0.2599,-0.0039,1.1183,0.2687,-0.1424,36.8409,38.1776,0.0802,nan,nan,nan,nan
43.3827,0.0032,-0.0018,1.1979,0.0128,-0.0031,0.0488,0.2599,-0.0038,1.1183,0.2688,-0.1456,36.8384,38.1781,0.0838,nan,nan,nan,nan
43.4095,0.0032,-0.0018,1.1979,0.0199,-0.0025,0.0487,0.2599,-0.0038,1.1183,0.2688,-0.1552,36.8360,38.1784,0.0892,nan,nan,nan,nan
43.4360,0.0032,-0.0017,1.1979,0.0274,-0.0018,0.0486,0.2599,-0.0038,1.1183,0.2687,-0.1611,36.8351,38.1799,0.0905,nan,nan,nan,nan
43.4602,0.0032,-0.0017,1.1979,0.0274,-0.0018,0.0486,0.2599,-0.0038,1.1183,0.2687,-0.1693,36.8349,38.1832,0.0938,nan,nan,nan,nan
43.4867,0.0032,-0.0017,1.1979,0.0345,-0.0009,0.0488,0.2599,-0.0038,1.1183,0.2687,-0.1710,36.8355,38.1840,0.0954,nan,nan,nan,nan
43.5190,0.0032,-0.0017,1.1979,0.0406,0.0002,0.0480,0.2599,-0.0038,1.1183,0.2687,-0.1719,36.8383,38.1857,0.1013,nan,nan,nan,nan
43.5424,0.0032,-0.0016,1.1979,0.0406,0.0002,0.0480,0.2599,-0.0037,1.1183,0.2687,-0.1697,36.8403,38.1878,0.1041,nan,nan,nan,nan
43.5642,0.0032,-0.0016,1.1979,0.0462,0.0016,0.0461,0.2599,-0.0037,1.1183,0.2687,-0.1645,36.8443,38.1890,0.1046,nan,nan,nan,nan
43.5974,0.0032,-0.0016,1.1979,0.0509,0.0026,0.0445,0.2599,-0.0036,1.1183,0.2687,-0.1591,36.8468,38.1866,0.1048,nan,nan,nan,nan
43.6208,0.0032,-0.0016,1.1979,0.0509,0.0026,0.0445,0.2599,-0.0036,1.1183,0.2687,-0.1548,36.8484,38.1824,0.1060,nan,nan,nan,nan
43.6419,0.0032,-0.0015,1.1979,0.0554,0.0034,0.0433,0.2599,-0.0036,1.1183,0.2687,-0.1528,36.8494,38.1816,0.1089,nan,nan,nan,nan
43.6653,0.0032,-0.0015,1.1979,0.0596,0.0042,0.0424,0.2599,-0.0035,1.1183,0.2687,-0.1507,36.8507,38.1807,0.1148,nan,nan,nan,nan
43.6925,0.0032,-0.0015,1.1979,0.0596,0.0042,0.0424,0.2599,-0.0035,1.1183,0.2687,-0.1469,36.8517,38.1797,0.1181,nan,nan,nan,nan
43.7155,0.0032,-0.0015,1.1979,0.0633,0.0050,0.0408,0.2599,-0.0035,1.1183,0.2687,-0.1442,36.8523,38.1791,0.1184,nan,nan,nan,nan
43.7488,0.0032,-0.0015,1.1979,0.0652,0.0059,0.0375,0.2599,-0.0034,1.1183,0.2687,-0.1215,36.8540,38.1783,0.1188,nan,nan,nan,nan
43.7707,0.0032,-0.0015,1.1979,0.0652,0.0059,0.0375,0.2599,-0.0032,1.1183,0.2687,-0.1028,36.8548,38.1809,0.1194,nan,nan,nan,nan
43.7931,0.0032,-0.0015,1.1979,0.0650,0.0070,0.0318,0.2598,-0.0031,1.1183,0.2687,-0.0665,36.8551,38.1854,0.1197,nan,nan,nan,nan
43.8133,0.0032,-0.0015,1.1979,0.0635,0.0080,0.0259,0.2598,-0.0030,1.1183,0.2687,-0.0300,36.8562,38.1877,0.1197,nan,nan,nan,nan
43.8385,0.0032,-0.0015,1.1979,0.0625,0.0089,0.0211,0.2598,-0.0028,1.1183,0.2687,0.0113,36.8590,38.1873,0.1229,nan,nan,nan,nan
43.8634,0.0032,-0.0015,1.1979,0.0625,0.0089,0.0211,0.2598,-0.0027,1.1183,0.2687,0.0281,36.8599,38.1865,0.1267,nan,nan,nan,nan
43.8863,0.0032,-0.0015,1.1979,0.0621,0.0091,0.0173,0.2599,-0.0027,1.1183,0.2687,0.0463,36.8602,38.1831,0.1323,nan,nan,nan,nan
43.9168,0.0032,-0.0014,1.1979,0.0622,0.0090,0.0159,0.2599,-0.0027,1.1183,0.2687,0.0558,36.8604,38.1804,0.1356,nan,nan,nan,nan
43.9533,0.0032,-0.0014,1.1979,0.0627,0.0090,0.0166,0.2599,-0.0026,1.1183,0.2687,0.0570,36.8642,38.1793,0.1450,nan,nan,nan,nan
43.9894,0.0032,-0.0014,1.1979,0.0639,0.0088,0.0184,0.2599,-0.0027,1.1183,0.2687,0.0472,36.8686,38.1778,0.1524,nan,nan,nan,nan
44.0167,0.0032,-0.0014,1.1979,0.0639,0.0088,0.0184,0.2599,-0.0027,1.1183,0.2687,0.0371,36.8704,38.1770,0.1510,nan,nan,nan,nan
44.0435,0.0032,-0.0014,1.1979,0.0646,0.0080,0.0210,0.2599,-0.0027,1.1183,0.2687,0.0296,36.8707,38.1785,0.1499,nan,nan,nan,nan
44.0648,0.0032,-0.0014,1.1979,0.0647,0.0067,0.0237,0.2599,-0.0027,1.1183,0.2687,0.0208,36.8702,38.1818,0.1462,nan,nan,nan,nan
44.0857,0.0032,-0.0014,1.1979,0.0647,0.0067,0.0237,0.2599,-0.0028,1.1183,0.2687,0.0134,36.8694,38.1857,0.1422,nan,nan,nan,nan
44.1125,0.0032,-0.0014,1.1979,0.0645,0.0051,0.0256,0.2599,-0.0028,1.1183,0.2687,0.0108,36.8689,38.1892,0.1395,nan,nan,nan,nan
44.1327,0.0032,-0.0014,1.1979,0.0629,0.0034,0.0273,0.2599,-0.0028,1.1184,0.2687,0.0093,36.8692,38.1951,0.1365,nan,nan,nan,nan
44.1578,0.0032,-0.0014,1.1978,0.0629,0.0034,0.0273,0.2599,-0.0028,1.1184,0.2686,0.0074,36.8695,38.2020,0.1387,nan,nan,nan,nan
44.1804,0.0032,-0.0014,1.1978,0.0612,0.0016,0.0291,0.2599,-0.0028,1.1184,0.2686,0.0030,36.8700,38.2063,0.1412,nan,nan,nan,nan
44.2068,0.0032,-0.0015,1.1978,0.0593,-0.0004,0.0316,0.2599,-0.0028,1.1184,0.2686,-0.0017,36.8705,38.2093,0.1445,nan,nan,nan,nan
44.2304,0.0033,-0.0015,1.1978,0.0593,-0.0004,0.0316,0.2599,-0.0029,1.1184,0.2686,-0.0091,36.8716,38.2124,0.1493,nan,nan,nan,nan
44.2531,0.0033,-0.0015,1.1978,0.0575,-0.0026,0.0343,0.2599,-0.0029,1.1184,0.2686,-0.0148,36.8723,38.2129,0.1523,nan,nan,nan,nan
44.2847,0.0033,-0.0015,1.1978,0.0553,-0.0049,0.0366,0.2599,-0.0029,1.1185,0.2686,-0.0206,36.8740,38.2151,0.1619,nan,nan,nan,nan
44.3112,0.0033,-0.0015,1.1978,0.0553,-0.0049,0.0366,0.2599,-0.0029,1.1185,0.2686,-0.0218,36.8745,38.2180,0.1700,nan,nan,nan,nan
44.3394,0.0033,-0.0015,1.1978,0.0519,-0.0073,0.0380,0.2599,-0.0030,1.1185,0.2686,-0.0208,36.8754,38.2205,0.1774,nan,nan,nan,nan
44.3757,0.0033,-0.0015,1.1978,0.0478,-0.0098,0.0389,0.2599,-0.0030,1.1185,0.2686,-0.0171,36.8767,38.2206,0.1826,nan,nan,nan,nan
44.4028,0.0033,-0.0015,1.1978,0.0478,-0.0098,0.0389,0.2599,-0.0030,1.1185,0.2686,-0.0132,36.8776,38.2211,0.1851,nan,nan,nan,nan
44.4311,0.0033,-0.0016,1.1978,0.0431,-0.0124,0.0389,0.2599,-0.0029,1.1185,0.2686,-0.0069,36.8776,38.2224,0.1878,nan,nan,nan,nan
44.4658,0.0033,-0.0016,1.1978,0.0372,-0.0148,0.0384,0.2599,-0.0029,1.1185,0.2686,0.0097,36.8794,38.2227,0.1895,nan,nan,nan,nan
44.4922,0.0033,-0.0016,1.1978,0.0372,-0.0148,0.0384,0.2599,-0.0029,1.1186,0.2686,0.0228,36.8815,38.2237,0.1899,nan,nan,nan,nan
44.5130,0.0033,-0.0016,1.1978,0.0309,-0.0170,0.0376,0.2599,-0.0029,1.1186,0.2686,0.0269,36.8821,38.2238,0.1901,nan,nan,nan,nan
44.5341,0.0033,-0.0016,1.1978,0.0309,-0.0170,0.0376,0.2599,-0.0029,1.1186,0.2686,0.0353,36.8844,38.2256,0.1894,nan,nan,nan,nan
44.5558,0.0033,-0.0017,1.1978,0.0248,-0.0191,0.0377,0.2599,-0.0029,1.1186,0.2686,0.0376,36.8850,38.2257,0.1886,nan,nan,nan,nan
44.5880,0.0033,-0.0017,1.1978,0.0186,-0.0216,0.0382,0.2599,-0.0029,1.1186,0.2686,0.0455,36.8853,38.2294,0.1891,nan,nan,nan,nan
44.6242,0.0033,-0.0017,1.1978,0.0125,-0.0239,0.0397,0.2599,-0.0029,1.1186,0.2686,0.0450,36.8864,38.2327,0.1940,nan,nan,nan,nan
44.6494,0.0033,-0.0017,1.1978,0.0125,-0.0239,0.0397,0.2599,-0.0030,1.1187,0.2685,0.0388,36.8874,38.2363,0.1903,nan,nan,nan,nan
44.6789,0.0033,-0.0018,1.1978,0.0066,-0.0261,0.0424,0.2599,-0.0030,1.1187,0.2685,0.0308,36.8883,38.2398,0.1839,nan,nan,nan,nan
44.7158,0.0033,-0.0018,1.1978,0.0011,-0.0281,0.0464,0.2599,-0.0031,1.1187,0.2685,0.0159,36.8900,38.2467,0.1765,nan,nan,nan,nan
44.7394,0.0033,-0.0018,1.1978,0.0011,-0.0281,0.0464,0.2599,-0.0032,1.1187,0.2685,0.0067,36.8912,38.2501,0.1729,nan,nan,nan,nan
44.7604,0.0033,-0.0018,1.1978,-0.0047,-0.0299,0.0497,0.2599,-0.0032,1.1187,0.2685,-0.0019,36.8935,38.2515,0.1717,nan,nan,nan,nan
44.7946,0.0033,-0.0018,1.1978,-0.0115,-0.0317,0.0509,0.2599,-0.0032,1.1188,0.2685,-0.0012,36.8956,38.2535,0.1675,nan,nan,nan,nan
44.8200,0.0033,-0.0019,1.1978,-0.0115,-0.0317,0.0509,0.2599,-0.0032,1.1188,0.2685,0.0038,36.8969,38.2575,0.1657,nan,nan,nan,nan
44.8425,0.0033,-0.0019,1.1978,-0.0194,-0.0332,0.0509,0.2598,-0.0032,1.1188,0.2685,0.0112,36.8998,38.2642,0.1637,nan,nan,nan,nan
44.8794,0.0033,-0.0019,1.1978,-0.0268,-0.0347,0.0513,0.2598,-0.0033,1.1189,0.2684,0.0145,36.9029,38.2697,0.1626,nan,nan,nan,nan
44.9018,0.0033,-0.0019,1.1978,-0.0268,-0.0347,0.0513,0.2598,-0.0033,1.1189,0.2684,0.0112,36.9046,38.2728,0.1599,nan,nan,nan,nan
44.9234,0.0033,-0.0019,1.1978,-0.0328,-0.0364,0.0537,0.2598,-0.0034,1.1189,0.2684,0.0029,36.9055,38.2761,0.1586,nan,nan,nan,nan
44.9547,0.0032,-0.0020,1.1978,-0.0373,-0.0382,0.0576,0.2598,-0.0035,1.1189,0.2684,-0.0235,36.9081,38.2791,0.1582,nan,nan,nan,nan
44.9871,0.0032,-0.0020,1.1978,-0.0403,-0.0404,0.0631,0.2598,-0.0036,1.1189,0.2684,-0.0644,36.9094,38.2778,0.1628,nan,nan,nan,nan
45.0145,0.0032,-0.0020,1.1978,-0.0403,-0.0404,0.0631,0.2598,-0.0038,1.1189,0.2684,-0.1070,36.9089,38.2796,0.1677,nan,nan,nan,nan
45.0395,0.0032,-0.0020,1.1978,-0.0421,-0.0429,0.0708,0.2598,-0.0040,1.1190,0.2684,-0.1370,36.9083,38.2794,0.1716,nan,nan,nan,nan
45.0620,0.0032,-0.0020,1.1978,-0.0427,-0.0451,0.0781,0.2598,-0.0041,1.1190,0.2684,-0.1829,36.9086,38.2809,0.1814,nan,nan,nan,nan
45.0876,0.0032,-0.0020,1.1978,-0.0438,-0.0467,0.0844,0.2598,-0.0043,1.1190,0.2684,-0.2352,36.9110,38.2842,0.1962,nan,nan,nan,nan
45.1100,0.0032,-0.0020,1.1978,-0.0438,-0.0467,0.0844,0.2597,-0.0044,1.1190,0.2684,-0.2635,36.9133,38.2887,0.2038,nan,nan,nan,nan
45.1351,0.0032,-0.0020,1.1978,-0.0458,-0.0477,0.0883,0.2597,-0.0045,1.1190,0.2684,-0.2713,36.9141,38.2912,0.2048,nan,nan,nan,nan
45.1649,0.0032,-0.0020,1.1978,-0.0478,-0.0484,0.0910,0.2597,-0.0046,1.1191,0.2684,-0.2991,36.9157,38.3050,0.2052,nan,nan,nan,nan
45.1915,0.0031,-0.0020,1.1978,-0.0478,-0.0484,0.0910,0.2597,-0.0047,1.1191,0.2683,-0.3116,36.9170,38.3119,0.2031,nan,nan,nan,nan
45.2117,0.0031,-0.0020,1.1978,-0.0495,-0.0488,0.0930,0.2596,-0.0047,1.1191,0.2683,-0.3225,36.9187,38.3155,0.2005,nan,nan,nan,nan
45.2358,0.0031,-0.0020,1.1978,-0.0495,-0.0488,0.0930,0.2596,-0.0048,1.1191,0.2683,-0.3334,36.9203,38.3159,0.1968,nan,nan,nan,nan
45.2564,0.0031,-0.0020,1.1978,-0.0504,-0.0490,0.0942,0.2596,-0.0048,1.1192,0.2683,-0.3488,36.9214,38.3176,0.1879,nan,nan,nan,nan
45.2869,0.0031,-0.0020,1.1978,-0.0519,-0.0493,0.0939,0.2596,-0.0048,1.1192,0.2683,-0.3547,36.9220,38.3162,0.1826,nan,nan,nan,nan
45.3139,0.0031,-0.0020,1.1978,-0.0519,-0.0493,0.0939,0.2596,-0.0048,1.1192,0.2683,-0.3538,36.9212,38.3133,0.1827,nan,nan,nan,nan
45.3359,0.0030,-0.0020,1.1978,-0.0536,-0.0497,0.0919,0.2596,-0.0048,1.1191,0.2683,-0.3528,36.9211,38.3123,0.1829,nan,nan,nan,nan
45.3637,0.0030,-0.0020,1.1978,-0.0554,-0.0499,0.0886,0.2595,-0.0048,1.1191,0.2683,-0.3426,36.9205,38.3083,0.1839,nan,nan,nan,nan
45.3880,0.0030,-0.0020,1.1979,-0.0554,-0.0499,0.0886,0.2595,-0.0048,1.1191,0.2683,-0.3323,36.9199,38.3066,0.1831,nan,nan,nan,nan
45.4083,0.0030,-0.0020,1.1979,-0.0571,-0.0500,0.0836,0.2595,-0.0047,1.1191,0.2684,-0.3048,36.9170,38.3073,0.1813,nan,nan,nan,nan
45.4346,0.0029,-0.0020,1.1979,-0.0588,-0.0502,0.0773,0.2595,-0.0046,1.1191,0.2684,-0.2793,36.9156,38.3081,0.1771,nan,nan,nan,nan
45.4717,0.0029,-0.0020,1.1979,-0.0596,-0.0500,0.0710,0.2594,-0.0045,1.1191,0.2683,-0.2584,36.9154,38.3085,0.1706,nan,nan,nan,nan
45.5101,0.0029,-0.0020,1.1979,-0.0584,-0.0503,0.0666,0.2594,-0.0045,1.1191,0.2684,-0.2456,36.9131,38.3052,0.1663,nan,nan,nan,nan
45.5456,0.0028,-0.0020,1.1979,-0.0550,-0.0505,0.0640,0.2593,-0.0045,1.1191,0.2684,-0.2499,36.9119,38.3020,0.1705,nan,nan,nan,nan
45.5717,0.0028,-0.0020,1.1979,-0.0507,-0.0509,0.0621,0.2593,-0.0045,1.1191,0.2684,-0.2586,36.9085,38.3064,0.1736,nan,nan,nan,nan
45.5982,0.0027,-0.0020,1.1979,-0.0463,-0.0513,0.0596,0.2592,-0.0045,1.1191,0.2684,-0.2632,36.9057,38.3096,0.1731,nan,nan,nan,nan
45.6211,0.0027,-0.0020,1.1979,-0.0463,-0.0513,0.0596,0.2592,-0.0045,1.1192,0.2684,-0.2617,36.9060,38.3121,0.1705,nan,nan,nan,nan
45.6430,0.0026,-0.0019,1.1979,-0.0417,-0.0511,0.0563,0.2592,-0.0045,1.1192,0.2684,-0.2614,36.9065,38.3129,0.1699,nan,nan,nan,nan
45.6713,0.0026,-0.0019,1.1979,-0.0361,-0.0512,0.0525,0.2591,-0.0045,1.1192,0.2683,-0.2608,36.9063,38.3151,0.1667,nan,nan,nan,nan
45.6953,0.0026,-0.0019,1.1979,-0.0361,-0.0512,0.0525,0.2591,-0.0045,1.1192,0.2683,-0.2582,36.9047,38.3170,0.1617,nan,nan,nan,nan
45.7166,0.0025,-0.0019,1.1979,-0.0311,-0.0517,0.0481,0.2591,-0.0045,1.1192,0.2683,-0.2506,36.9020,38.3203,0.1526,nan,nan,nan,nan
45.7406,0.0025,-0.0019,1.1979,-0.0267,-0.0522,0.0429,0.2590,-0.0044,1.1192,0.2683,-0.2315,36.9008,38.3194,0.1425,nan,nan,nan,nan
45.7611,0.0024,-0.0019,1.1980,-0.0225,-0.0524,0.0362,0.2590,-0.0043,1.1192,0.2684,-0.2114,36.9016,38.3170,0.1408,nan,nan,nan,nan
45.7866,0.0024,-0.0019,1.1980,-0.0225,-0.0524,0.0362,0.2589,-0.0042,1.1192,0.2684,-0.1908,36.9036,38.3148,0.1394,nan,nan,nan,nan
45.8089,0.0024,-0.0019,1.1980,-0.0185,-0.0523,0.0296,0.2589,-0.0042,1.1192,0.2684,-0.1789,36.9043,38.3152,0.1376,nan,nan,nan,nan
45.8450,0.0023,-0.0018,1.1980,-0.0137,-0.0524,0.0242,0.2588,-0.0041,1.1192,0.2684,-0.1665,36.9037,38.3144,0.1382,nan,nan,nan,nan
45.8748,0.0022,-0.0018,1.1980,-0.0079,-0.0525,0.0196,0.2588,-0.0040,1.1192,0.2684,-0.1566,36.9021,38.3134,0.1387,nan,nan,nan,nan
45.8980,0.0022,-0.0018,1.1980,-0.0079,-0.0525,0.0196,0.2587,-0.0040,1.1192,0.2684,-0.1549,36.9013,38.3125,0.1407,nan,nan,nan,nan
45.9201,0.0021,-0.0018,1.1980,-0.0021,-0.0522,0.0161,0.2587,-0.0040,1.1192,0.2684,-0.1539,36.9009,38.3120,0.1438,nan,nan,nan,nan
45.9427,0.0021,-0.0018,1.1980,0.0033,-0.0516,0.0125,0.2586,-0.0040,1.1192,0.2684,-0.1499,36.8998,38.3109,0.1467,nan,nan,nan,nan
45.9676,0.0020,-0.0017,1.1980,0.0075,-0.0507,0.0081,0.2586,-0.0039,1.1192,0.2684,-0.1370,36.8973,38.3109,0.1491,nan,nan,nan,nan
45.9988,0.0020,-0.0017,1.1980,0.0107,-0.0494,0.0025,0.2585,-0.0038,1.1192,0.2684,-0.1133,36.8946,38.3124,0.1461,nan,nan,nan,nan
46.0248,0.0019,-0.0017,1.1980,0.0107,-0.0494,0.0025,0.2584,-0.0037,1.1192,0.2684,-0.0956,36.8925,38.3122,0.1495,nan,nan,nan,nan
46.0512,0.0018,-0.0017,1.1980,0.0132,-0.0478,-0.0026,0.2584,-0.0037,1.1192,0.2684,-0.0847,36.8908,38.3107,0.1498,nan,nan,nan,nan
46.0745,0.0018,-0.0017,1.1980,0.0153,-0.0460,-0.0078,0.2583,-0.0036,1.1192,0.2684,-0.0666,36.8879,38.3093,0.1503,nan,nan,nan,nan
46.1022,0.0017,-0.0017,1.1981,0.0165,-0.0441,-0.0136,0.2583,-0.0035,1.1192,0.2684,-0.0370,36.8835,38.3065,0.1545,nan,nan,nan,nan
46.1317,0.0016,-0.0016,1.1981,0.0175,-0.0414,-0.0185,0.2582,-0.0034,1.1191,0.2684,-0.0142,36.8840,38.2981,0.1610,nan,nan,nan,nan
46.1583,0.0015,-0.0016,1.1981,0.0192,-0.0380,-0.0213,0.2581,-0.0033,1.1191,0.2684,-0.0067,36.8867,38.2932,0.1662,nan,nan,nan,nan
46.1856,0.0015,-0.0016,1.1981,0.0192,-0.0380,-0.0213,0.2580,-0.0033,1.1191,0.2684,-0.0084,36.8894,38.2928,0.1644,nan,nan,nan,nan
46.2098,0.0014,-0.0016,1.1981,0.0210,-0.0344,-0.0226,0.2580,-0.0033,1.1191,0.2684,-0.0093,36.8898,38.2926,0.1639,nan,nan,nan,nan
46.2363,0.0014,-0.0016,1.1981,0.0228,-0.0306,-0.0231,0.2579,-0.0033,1.1191,0.2684,-0.0165,36.8934,38.2918,0.1579,nan,nan,nan,nan
46.2638,0.0013,-0.0016,1.1981,0.0228,-0.0306,-0.0231,0.2578,-0.0033,1.1191,0.2684,-0.0196,36.8944,38.2905,0.1557,nan,nan,nan,nan
46.2917,0.0013,-0.0016,1.1981,0.0238,-0.0269,-0.0239,0.2578,-0.0033,1.1191,0.2684,-0.0202,36.8955,38.2889,0.1552,nan,nan,nan,nan
46.3198,0.0012,-0.0015,1.1981,0.0240,-0.0230,-0.0245,0.2577,-0.0033,1.1191,0.2684,-0.0216,36.8976,38.2891,0.1589,nan,nan,nan,nan
46.3419,0.0011,-0.0015,1.1981,0.0240,-0.0230,-0.0245,0.2577,-0.0033,1.1192,0.2684,-0.0213,36.8991,38.2912,0.1587,nan,nan,nan,nan
46.3644,0.0011,-0.0015,1.1981,0.0238,-0.0188,-0.0258,0.2576,-0.0033,1.1192,0.2684,-0.0169,36.9009,38.2958,0.1538,nan,nan,nan,nan
46.3942,0.0010,-0.0015,1.1981,0.0222,-0.0148,-0.0277,0.2575,-0.0033,1.1192,0.2684,-0.0071,36.9010,38.3034,0.1519,nan,nan,nan,nan
46.4200,0.0009,-0.0015,1.1981,0.0200,-0.0110,-0.0305,0.2574,-0.0032,1.1192,0.2684,0.0109,36.9000,38.3139,0.1505,nan,nan,nan,nan
46.4427,0.0009,-0.0015,1.1982,0.0200,-0.0110,-0.0305,0.2573,-0.0031,1.1192,0.2684,0.0214,36.9004,38.3183,0.1475,nan,nan,nan,nan
46.4639,0.0008,-0.0015,1.1982,0.0175,-0.0069,-0.0335,0.2573,-0.0031,1.1192,0.2683,0.0296,36.9016,38.3206,0.1463,nan,nan,nan,nan
46.4986,0.0007,-0.0015,1.1982,0.0156,-0.0031,-0.0343,0.2572,-0.0031,1.1192,0.2683,0.0359,36.9027,38.3240,0.1481,nan,nan,nan,nan
46.5228,0.0007,-0.0015,1.1982,0.0156,-0.0031,-0.0343,0.2571,-0.0031,1.1192,0.2683,0.0377,36.9029,38.3258,0.1500,nan,nan,nan,nan
46.5435,0.0006,-0.0015,1.1982,0.0137,0.0007,-0.0349,0.2571,-0.0031,1.1192,0.2683,0.0401,36.9036,38.3267,0.1522,nan,nan,nan,nan
46.5680,0.0006,-0.0015,1.1982,0.0115,0.0045,-0.0359,0.2570,-0.0030,1.1192,0.2683,0.0480,36.9042,38.3278,0.1560,nan,nan,nan,nan
46.5909,0.0005,-0.0015,1.1982,0.0115,0.0045,-0.0359,0.2569,-0.0030,1.1192,0.2683,0.0508,36.9044,38.3287,0.1606,nan,nan,nan,nan
46.6156,0.0004,-0.0015,1.1982,0.0093,0.0080,-0.0365,0.2568,-0.0030,1.1192,0.2683,0.0546,36.9040,38.3299,0.1648,nan,nan,nan,nan
46.6380,0.0004,-0.0015,1.1982,0.0071,0.0115,-0.0366,0.2568,-0.0030,1.1192,0.2683,0.0562,36.9038,38.3345,0.1665,nan,nan,nan,nan
46.6642,0.0003,-0.0015,1.1982,0.0050,0.0152,-0.0358,0.2567,-0.0030,1.1192,0.2683,0.0527,36.9054,38.3426,0.1671,nan,nan,nan,nan
46.6956,0.0002,-0.0015,1.1982,0.0028,0.0186,-0.0349,0.2566,-0.0030,1.1192,0.2683,0.0484,36.9060,38.3450,0.1601,nan,nan,nan,nan
46.7174,0.0001,-0.0014,1.1982,0.0028,0.0186,-0.0349,0.2565,-0.0030,1.1192,0.2683,0.0473,36.9051,38.3428,0.1559,nan,nan,nan,nan
46.7411,0.0000,-0.0014,1.1982,0.0004,0.0212,-0.0343,0.2564,-0.0030,1.1192,0.2683,0.0450,36.9018,38.3381,0.1546,nan,nan,nan,nan
46.7616,0.0000,-0.0014,1.1982,-0.0021,0.0235,-0.0338,0.2564,-0.0030,1.1192,0.2683,0.0450,36.9005,38.3370,0.1535,nan,nan,nan,nan
46.7914,-0.0001,-0.0014,1.1982,-0.0047,0.0250,-0.0334,0.2563,-0.0030,1.1192,0.2683,0.0432,36.8940,38.3308,0.1433,nan,nan,nan,nan
46.8178,-0.0001,-0.0014,1.1983,-0.0047,0.0250,-0.0334,0.2563,-0.0030,1.1191,0.2683,0.0390,36.8904,38.3272,0.1392,nan,nan,nan,nan
46.8451,-0.0002,-0.0014,1.1983,-0.0071,0.0266,-0.0320,0.2562,-0.0030,1.1191,0.2684,0.0339,36.8888,38.3255,0.1384,nan,nan,nan,nan
46.8760,-0.0002,-0.0014,1.1983,-0.0092,0.0279,-0.0298,0.2562,-0.0031,1.1191,0.2684,0.0239,36.8858,38.3243,0.1378,nan,nan,nan,nan
46.9024,-0.0003,-0.0014,1.1983,-0.0092,0.0279,-0.0298,0.2561,-0.0031,1.1191,0.2684,0.0149,36.8836,38.3243,0.1374,nan,nan,nan,nan
46.9234,-0.0003,-0.0014,1.1983,-0.0110,0.0288,-0.0264,0.2561,-0.0031,1.1191,0.2684,0.0047,36.8808,38.3237,0.1382,nan,nan,nan,nan
46.9539,-0.0004,-0.0014,1.1983,-0.0127,0.0293,-0.0227,0.2560,-0.0032,1.1191,0.2684,-0.0164,36.8766,38.3264,0.1346,nan,nan,nan,nan
46.9815,-0.0005,-0.0014,1.1983,-0.0143,0.0299,-0.0187,0.2559,-0.0032,1.1191,0.2684,-0.0403,36.8759,38.3282,0.1286,nan,nan,nan,nan
47.0036,-0.0005,-0.0013,1.1983,-0.0143,0.0299,-0.0187,0.2559,-0.0033,1.1191,0.2684,-0.0547,36.8756,38.3310,0.1250,nan,nan,nan,nan
47.0331,-0.0006,-0.0013,1.1983,-0.0151,0.0302,-0.0145,0.2558,-0.0034,1.1191,0.2684,-0.0774,36.8749,38.3335,0.1192,nan,nan,nan,nan
47.0659,-0.0006,-0.0013,1.1983,-0.0157,0.0303,-0.0107,0.2558,-0.0034,1.1191,0.2684,-0.0979,36.8752,38.3325,0.1106,nan,nan,nan,nan
47.0876,-0.0007,-0.0013,1.1983,-0.0157,0.0303,-0.0107,0.2557,-0.0035,1.1191,0.2684,-0.1091,36.8748,38.3305,0.1060,nan,nan,nan,nan
47.1082,-0.0007,-0.0013,1.1983,-0.0173,0.0301,-0.0076,0.2557,-0.0035,1.1191,0.2684,-0.1246,36.8760,38.3250,0.1033,nan,nan,nan,nan
47.1299,-0.0008,-0.0013,1.1983,-0.0190,0.0302,-0.0057,0.2556,-0.0035,1.1191,0.2684,-0.1318,36.8786,38.3183,0.1050,nan,nan,nan,nan
47.1612,-0.0008,-0.0013,1.1983,-0.0207,0.0303,-0.0042,0.2556,-0.0035,1.1191,0.2684,-0.1388,36.8803,38.3151,0.1063,nan,nan,nan,nan
47.1922,-0.0009,-0.0012,1.1983,-0.0223,0.0299,-0.0025,0.2555,-0.0036,1.1191,0.2684,-0.1499,36.8808,38.3130,0.1078,nan,nan,nan,nan
47.2141,-0.0009,-0.0012,1.1983,-0.0223,0.0299,-0.0025,0.2555,-0.0036,1.1191,0.2684,-0.1572,36.8809,38.3138,0.1127,nan,nan,nan,nan
47.2355,-0.0010,-0.0012,1.1983,-0.0234,0.0295,-0.0012,0.2554,-0.0036,1.1191,0.2684,-0.1591,36.8812,38.3131,0.1136,nan,nan,nan,nan
47.2630,-0.0010,-0.0012,1.1983,-0.0243,0.0287,-0.0007,0.2554,-0.0036,1.1191,0.2684,-0.1639,36.8794,38.3149,0.1214,nan,nan,nan,nan
47.2875,-0.0011,-0.0012,1.1983,-0.0243,0.0287,-0.0007,0.2553,-0.0036,1.1191,0.2684,-0.1643,36.8768,38.3190,0.1249,nan,nan,nan,nan
47.3114,-0.0011,-0.0012,1.1983,-0.0249,0.0277,-0.0011,0.2553,-0.0036,1.1191,0.2684,-0.1646,36.8759,38.3198,0.1310,nan,nan,nan,nan
47.3354,-0.0012,-0.0012,1.1983,-0.0249,0.0268,-0.0014,0.2553,-0.0036,1.1191,0.2684,-0.1668,36.8756,38.3193,0.1406,nan,nan,nan,nan
47.3693,-0.0012,-0.0012,1.1983,-0.0250,0.0264,-0.0025,0.2552,-0.0035,1.1191,0.2684,-0.1623,36.8789,38.3192,0.1421,nan,nan,nan,nan
47.3947,-0.0013,-0.0011,1.1983,-0.0249,0.0258,-0.0039,0.2551,-0.0035,1.1192,0.2684,-0.1558,36.8810,38.3228,0.1422,nan,nan,nan,nan
47.4282,-0.0013,-0.0011,1.1983,-0.0238,0.0248,-0.0048,0.2551,-0.0035,1.1192,0.2684,-0.1543,36.8814,38.3242,0.1486,nan,nan,nan,nan
47.4536,-0.0014,-0.0011,1.1983,-0.0238,0.0248,-0.0048,0.2550,-0.0034,1.1192,0.2684,-0.1524,36.8805,38.3234,0.1516,nan,nan,nan,nan
47.4754,-0.0014,-0.0011,1.1983,-0.0220,0.0235,-0.0061,0.2550,-0.0034,1.1192,0.2684,-0.1516,36.8800,38.3243,0.1511,nan,nan,nan,nan
47.4984,-0.0014,-0.0011,1.1984,-0.0202,0.0224,-0.0076,0.2550,-0.0034,1.1192,0.2683,-0.1468,36.8794,38.3311,0.1518,nan,nan,nan,nan
47.5232,-0.0015,-0.0010,1.1984,-0.0202,0.0224,-0.0076,0.2549,-0.0034,1.1192,0.2683,-0.1447,36.8795,38.3329,0.1534,nan,nan,nan,nan
47.5514,-0.0015,-0.0010,1.1984,-0.0180,0.0213,-0.0087,0.2549,-0.0033,1.1192,0.2683,-0.1429,36.8805,38.3340,0.1541,nan,nan,nan,nan
47.5830,-0.0016,-0.0010,1.1984,-0.0157,0.0205,-0.0100,0.2548,-0.0033,1.1192,0.2683,-0.1381,36.8844,38.3352,0.1539,nan,nan,nan,nan
47.6092,-0.0016,-0.0010,1.1984,-0.0157,0.0205,-0.0100,0.2548,-0.0033,1.1193,0.2683,-0.1301,36.8880,38.3348,0.1522,nan,nan,nan,nan
47.6300,-0.0016,-0.0010,1.1984,-0.0135,0.0198,-0.0121,0.2548,-0.0032,1.1193,0.2683,-0.1268,36.8888,38.3354,0.1515,nan,nan,nan,nan
47.6504,-0.0017,-0.0010,1.1984,-0.0115,0.0190,-0.0156,0.2547,-0.0031,1.1193,0.2683,-0.1055,36.8920,38.3395,0.1543,nan,nan,nan,nan
47.6724,-0.0017,-0.0010,1.1984,-0.0115,0.0190,-0.0156,0.2547,-0.0030,1.1193,0.2683,-0.0775,36.8936,38.3429,0.1608,nan,nan,nan,nan
47.6938,-0.0017,-0.0009,1.1984,-0.0109,0.0181,-0.0212,0.2547,-0.0029,1.1193,0.2683,-0.0661,36.8937,38.3439,0.1625,nan,nan,nan,nan
47.7179,-0.0018,-0.0009,1.1984,-0.0106,0.0171,-0.0271,0.2546,-0.0028,1.1193,0.2683,-0.0219,36.8937,38.3471,0.1663,nan,nan,nan,nan
47.7503,-0.0018,-0.0009,1.1984,-0.0089,0.0162,-0.0319,0.2546,-0.0026,1.1194,0.2683,0.0108,36.8942,38.3507,0.1695,nan,nan,nan,nan
47.7834,-0.0019,-0.0009,1.1984,-0.0055,0.0156,-0.0344,0.2545,-0.0025,1.1194,0.2683,0.0249,36.8969,38.3536,0.1739,nan,nan,nan,nan
47.8093,-0.0019,-0.0009,1.1984,-0.0055,0.0156,-0.0344,0.2545,-0.0025,1.1194,0.2683,0.0287,36.8985,38.3568,0.1743,nan,nan,nan,nan
47.8350,-0.0019,-0.0008,1.1984,-0.0013,0.0152,-0.0353,0.2544,-0.0025,1.1194,0.2683,0.0282,36.8992,38.3582,0.1758,nan,nan,nan,nan
47.8686,-0.0020,-0.0008,1.1984,0.0038,0.0150,-0.0350,0.2544,-0.0025,1.1194,0.2682,0.0209,36.9037,38.3607,0.1772,nan,nan,nan,nan
47.8958,-0.0020,-0.0008,1.1983,0.0098,0.0141,-0.0334,0.2544,-0.0025,1.1194,0.2682,0.0038,36.9047,38.3610,0.1773,nan,nan,nan,nan
47.9174,-0.0020,-0.0008,1.1983,0.0098,0.0141,-0.0334,0.2543,-0.0026,1.1194,0.2683,-0.0171,36.9029,38.3578,0.1749,nan,nan,nan,nan
47.9453,-0.0021,-0.0007,1.1983,0.0166,0.0124,-0.0303,0.2543,-0.0027,1.1194,0.2683,-0.0556,36.9005,38.3539,0.1685,nan,nan,nan,nan
47.9672,-0.0021,-0.0007,1.1983,0.0244,0.0108,-0.0261,0.2543,-0.0027,1.1194,0.2683,-0.0658,36.9002,38.3537,0.1659,nan,nan,nan,nan
48.0032,-0.0021,-0.0007,1.1983,0.0315,0.0098,-0.0225,0.2542,-0.0028,1.1194,0.2683,-0.1013,36.8999,38.3547,0.1589,nan,nan,nan,nan
48.0275,-0.0022,-0.0006,1.1983,0.0315,0.0098,-0.0225,0.2542,-0.0028,1.1194,0.2683,-0.1158,36.9013,38.3544,0.1561,nan,nan,nan,nan
48.0563,-0.0022,-0.0006,1.1983,0.0378,0.0096,-0.0196,0.2542,-0.0029,1.1194,0.2683,-0.1351,36.9050,38.3521,0.1506,nan,nan,nan,nan
48.0820,-0.0022,-0.0006,1.1983,0.0435,0.0093,-0.0181,0.2541,-0.0029,1.1194,0.2683,-0.1504,36.9058,38.3503,0.1418,nan,nan,nan,nan
48.1056,-0.0023,-0.0006,1.1983,0.0435,0.0093,-0.0181,0.2541,-0.0029,1.1194,0.2683,-0.1573,36.9038,38.3498,0.1386,nan,nan,nan,nan
48.1325,-0.0023,-0.0006,1.1983,0.0481,0.0086,-0.0180,0.2541,-0.0029,1.1194,0.2683,-0.1556,36.9034,38.3502,0.1375,nan,nan,nan,nan
48.1575,-0.0023,-0.0006,1.1983,0.0513,0.0085,-0.0201,0.2541,-0.0028,1.1194,0.2683,-0.1460,36.9031,38.3493,0.1337,nan,nan,nan,nan
48.1809,-0.0024,-0.0005,1.1983,0.0513,0.0085,-0.0201,0.2540,-0.0028,1.1194,0.2683,-0.1325,36.9034,38.3513,0.1332,nan,nan,nan,nan
48.2044,-0.0024,-0.0005,1.1983,0.0536,0.0088,-0.0230,0.2540,-0.0027,1.1194,0.2683,-0.1212,36.9033,38.3530,0.1330,nan,nan,nan,nan
48.2381,-0.0024,-0.0005,1.1983,0.0555,0.0093,-0.0268,0.2540,-0.0026,1.1194,0.2683,-0.1030,36.9038,38.3556,0.1333,nan,nan,nan,nan
48.2650,-0.0024,-0.0005,1.1983,0.0555,0.0093,-0.0268,0.2539,-0.0026,1.1194,0.2682,-0.0871,36.9042,38.3581,0.1295,nan,nan,nan,nan
48.2870,-0.0025,-0.0005,1.1983,0.0576,0.0099,-0.0299,0.2539,-0.0025,1.1194,0.2682,-0.0803,36.9036,38.3584,0.1290,nan,nan,nan,nan
48.3086,-0.0025,-0.0005,1.1983,0.0600,0.0100,-0.0318,0.2539,-0.0025,1.1194,0.2682,-0.0719,36.9019,38.3587,0.1261,nan,nan,nan,nan
48.3408,-0.0025,-0.0005,1.1983,0.0622,0.0108,-0.0339,0.2538,-0.0025,1.1194,0.2683,-0.0597,36.9028,38.3573,0.1192,nan,nan,nan,nan
48.3630,-0.0026,-0.0005,1.1983,0.0622,0.0108,-0.0339,0.2538,-0.0024,1.1194,0.2682,-0.0516,36.9018,38.3592,0.1189,nan,nan,nan,nan
48.3906,-0.0026,-0.0005,1.1983,0.0636,0.0112,-0.0371,0.2538,-0.0024,1.1194,0.2682,-0.0404,36.9005,38.3621,0.1158,nan,nan,nan,nan
48.4151,-0.0026,-0.0005,1.1983,0.0640,0.0115,-0.0406,0.2537,-0.0023,1.1194,0.2682,-0.0146,36.8974,38.3664,0.1092,nan,nan,nan,nan
48.4384,-0.0027,-0.0005,1.1983,0.0640,0.0116,-0.0443,0.2537,-0.0022,1.1194,0.2682,0.0105,36.8937,38.3683,0.1022,nan,nan,nan,nan
48.4606,-0.0027,-0.0005,1.1983,0.0640,0.0116,-0.0443,0.2537,-0.0021,1.1194,0.2682,0.0351,36.8923,38.3664,0.0988,nan,nan,nan,nan
48.4865,-0.0027,-0.0006,1.1983,0.0630,0.0118,-0.0489,0.2536,-0.0020,1.1194,0.2682,0.0611,36.8905,38.3662,0.0967,nan,nan,nan,nan
48.5077,-0.0027,-0.0006,1.1983,0.0613,0.0120,-0.0531,0.2536,-0.0020,1.1194,0.2682,0.0763,36.8898,38.3667,0.0938,nan,nan,nan,nan
48.5339,-0.0028,-0.0006,1.1983,0.0613,0.0120,-0.0531,0.2536,-0.0019,1.1193,0.2683,0.0971,36.8905,38.3632,0.0898,nan,nan,nan,nan
48.5554,-0.0028,-0.0006,1.1983,0.0596,0.0124,-0.0564,0.2536,-0.0019,1.1193,0.2683,0.1032,36.8906,38.3616,0.0890,nan,nan,nan,nan
48.5806,-0.0028,-0.0006,1.1983,0.0577,0.0128,-0.0592,0.2536,-0.0018,1.1193,0.2683,0.1258,36.8915,38.3572,0.0847,nan,nan,nan,nan
48.6095,-0.0028,-0.0006,1.1983,0.0551,0.0133,-0.0631,0.2535,-0.0017,1.1193,0.2683,0.1549,36.8927,38.3543,0.0793,nan,nan,nan,nan
48.6372,-0.0029,-0.0007,1.1983,0.0522,0.0136,-0.0661,0.2535,-0.0017,1.1193,0.2683,0.1784,36.8927,38.3565,0.0794,nan,nan,nan,nan
48.6623,-0.0029,-0.0007,1.1983,0.0500,0.0137,-0.0675,0.2535,-0.0017,1.1193,0.2683,0.1908,36.8909,38.3589,0.0778,nan,nan,nan,nan
48.6962,-0.0029,-0.0007,1.1983,0.0475,0.0141,-0.0681,0.2534,-0.0017,1.1193,0.2683,0.1951,36.8910,38.3612,0.0734,nan,nan,nan,nan
48.7247,-0.0030,-0.0007,1.1983,0.0442,0.0150,-0.0671,0.2534,-0.0017,1.1193,0.2682,0.1924,36.8939,38.3634,0.0709,nan,nan,nan,nan
48.7467,-0.0030,-0.0007,1.1983,0.0442,0.0150,-0.0671,0.2533,-0.0017,1.1193,0.2682,0.1891,36.8954,38.3654,0.0700,nan,nan,nan,nan
48.7759,-0.0030,-0.0008,1.1983,0.0407,0.0160,-0.0652,0.2533,-0.0018,1.1193,0.2682,0.1846,36.8963,38.3669,0.0699,nan,nan,nan,nan
48.8061,-0.0030,-0.0008,1.1983,0.0368,0.0168,-0.0626,0.2533,-0.0018,1.1194,0.2682,0.1713,36.8963,38.3716,0.0681,nan,nan,nan,nan
48.8291,-0.0031,-0.0008,1.1983,0.0368,0.0168,-0.0626,0.2533,-0.0019,1.1194,0.2682,0.1606,36.8985,38.3764,0.0668,nan,nan,nan,nan
48.8528,-0.0031,-0.0008,1.1983,0.0326,0.0183,-0.0603,0.2532,-0.0019,1.1194,0.2682,0.1543,36.8999,38.3792,0.0653,nan,nan,nan,nan
48.8779,-0.0031,-0.0008,1.1983,0.0281,0.0196,-0.0579,0.2532,-0.0020,1.1194,0.2682,0.1433,36.9011,38.3793,0.0596,nan,nan,nan,nan
48.9042,-0.0031,-0.0009,1.1983,0.0281,0.0196,-0.0579,0.2532,-0.0021,1.1194,0.2682,0.1317,36.8979,38.3787,0.0564,nan,nan,nan,nan
48.9257,-0.0032,-0.0009,1.1983,0.0226,0.0202,-0.0549,0.2532,-0.0022,1.1193,0.2682,0.1233,36.8949,38.3780,0.0528,nan,nan,nan,nan
48.9514,-0.0032,-0.0009,1.1983,0.0170,0.0208,-0.0516,0.2532,-0.0022,1.1193,0.2682,0.1101,36.8914,38.3754,0.0398,nan,nan,nan,nan
48.9843,-0.0032,-0.0009,1.1983,0.0113,0.0217,-0.0478,0.2531,-0.0023,1.1193,0.2682,0.0885,36.8878,38.3739,0.0219,nan,nan,nan,nan
49.0085,-0.0032,-0.0009,1.1983,0.0113,0.0217,-0.0478,0.2531,-0.0024,1.1193,0.2682,0.0729,36.8853,38.3740,0.0131,nan,nan,nan,nan
49.0309,-0.0032,-0.0010,1.1983,0.0055,0.0229,-0.0444,0.2531,-0.0024,1.1193,0.2682,0.0693,36.8850,38.3736,0.0109,nan,nan,nan,nan
49.0677,-0.0032,-0.0010,1.1983,-0.0016,0.0247,-0.0433,0.2531,-0.0025,1.1193,0.2682,0.0673,36.8847,38.3762,0.0048,nan,nan,nan,nan
49.1050,-0.0033,-0.0010,1.1983,-0.0100,0.0273,-0.0443,0.2530,-0.0025,1.1193,0.2682,0.0813,36.8871,38.3789,0.0032,nan,nan,nan,nan
49.1316,-0.0033,-0.0011,1.1983,-0.0100,0.0273,-0.0443,0.2530,-0.0024,1.1193,0.2682,0.0927,36.8897,38.3791,0.0038,nan,nan,nan,nan
49.1547,-0.0033,-0.0011,1.1983,-0.0195,0.0303,-0.0461,0.2530,-0.0024,1.1193,0.2682,0.1109,36.8924,38.3794,0.0058,nan,nan,nan,nan
49.1834,-0.0033,-0.0011,1.1983,-0.0292,0.0330,-0.0481,0.2530,-0.0024,1.1193,0.2682,0.1303,36.8932,38.3818,0.0104,nan,nan,nan,nan
49.2129,-0.0033,-0.0012,1.1983,-0.0378,0.0354,-0.0496,0.2530,-0.0024,1.1193,0.2682,0.1477,36.8934,38.3822,0.0152,nan,nan,nan,nan
49.2387,-0.0034,-0.0012,1.1983,-0.0378,0.0354,-0.0496,0.2529,-0.0024,1.1192,0.2682,0.1551,36.8930,38.3790,0.0167,nan,nan,nan,nan
49.2597,-0.0034,-0.0012,1.1983,-0.0462,0.0376,-0.0507,0.2529,-0.0024,1.1192,0.2682,0.1621,36.8937,38.3744,0.0178,nan,nan,nan,nan
49.2867,-0.0034,-0.0012,1.1983,-0.0543,0.0396,-0.0509,0.2529,-0.0024,1.1192,0.2682,0.1703,36.8936,38.3677,0.0169,nan,nan,nan,nan
49.3162,-0.0034,-0.0013,1.1983,-0.0619,0.0415,-0.0501,0.2529,-0.0024,1.1192,0.2682,0.1722,36.8925,38.3629,0.0193,nan,nan,nan,nan
49.3392,-0.0034,-0.0013,1.1983,-0.0619,0.0415,-0.0501,0.2529,-0.0024,1.1192,0.2683,0.1699,36.8915,38.3610,0.0181,nan,nan,nan,nan
49.3642,-0.0034,-0.0013,1.1983,-0.0686,0.0433,-0.0491,0.2529,-0.0025,1.1192,0.2683,0.1652,36.8901,38.3578,0.0168,nan,nan,nan,nan
49.3872,-0.0034,-0.0013,1.1983,-0.0752,0.0453,-0.0485,0.2529,-0.0025,1.1192,0.2683,0.1660,36.8901,38.3555,0.0155,nan,nan,nan,nan
49.4141,-0.0034,-0.0013,1.1983,-0.0752,0.0453,-0.0485,0.2529,-0.0025,1.1191,0.2683,0.1729,36.8905,38.3520,0.0149,nan,nan,nan,nan
49.4377,-0.0034,-0.0013,1.1983,-0.0827,0.0476,-0.0487,0.2529,-0.0025,1.1191,0.2683,0.1800,36.8913,38.3487,0.0163,nan,nan,nan,nan
49.4653,-0.0034,-0.0013,1.1983,-0.0905,0.0499,-0.0496,0.2529,-0.0024,1.1191,0.2683,0.1918,36.8931,38.3430,0.0166,nan,nan,nan,nan
49.4955,-0.0035,-0.0014,1.1983,-0.0983,0.0522,-0.0511,0.2529,-0.0024,1.1191,0.2683,0.2134,36.8967,38.3351,0.0272,nan,nan,nan,nan
49.5236,-0.0035,-0.0014,1.1983,-0.1066,0.0550,-0.0548,0.2529,-0.0023,1.1191,0.2683,0.2511,36.9028,38.3278,0.0445,nan,nan,nan,nan
49.5440,-0.0035,-0.0014,1.1983,-0.1066,0.0550,-0.0548,0.2529,-0.0021,1.1191,0.2683,0.2733,36.9055,38.3255,0.0491,nan,nan,nan,nan
49.5654,-0.0035,-0.0014,1.1983,-0.1151,0.0578,-0.0595,0.2529,-0.0021,1.1191,0.2683,0.3073,36.9106,38.3230,0.0523,nan,nan,nan,nan
49.5875,-0.0035,-0.0014,1.1983,-0.1229,0.0604,-0.0625,0.2529,-0.0020,1.1191,0.2683,0.3314,36.9143,38.3236,0.0553,nan,nan,nan,nan
49.6115,-0.0035,-0.0014,1.1983,-0.1229,0.0604,-0.0625,0.2529,-0.0019,1.1191,0.2683,0.3382,36.9160,38.3248,0.0582,nan,nan,nan,nan
49.6358,-0.0034,-0.0014,1.1983,-0.1279,0.0622,-0.0619,0.2529,-0.0019,1.1191,0.2683,0.3380,36.9163,38.3280,0.0603,nan,nan,nan,nan
49.6680,-0.0034,-0.0014,1.1983,-0.1312,0.0634,-0.0592,0.2529,-0.0020,1.1191,0.2683,0.3284,36.9163,38.3338,0.0642,nan,nan,nan,nan
49.6998,-0.0034,-0.0013,1.1983,-0.1333,0.0638,-0.0556,0.2529,-0.0020,1.1191,0.2683,0.3102,36.9140,38.3398,0.0720,nan,nan,nan,nan
49.7206,-0.0034,-0.0013,1.1983,-0.1333,0.0638,-0.0556,0.2529,-0.0020,1.1192,0.2683,0.2902,36.9104,38.3458,0.0838,nan,nan,nan,nan
49.7449,-0.0034,-0.0013,1.1983,-0.1347,0.0636,-0.0506,0.2529,-0.0021,1.1192,0.2682,0.2687,36.9060,38.3566,0.0891,nan,nan,nan,nan
49.7703,-0.0034,-0.0013,1.1983,-0.1356,0.0633,-0.0459,0.2529,-0.0021,1.1192,0.2682,0.2568,36.9041,38.3617,0.0865,nan,nan,nan,nan
49.8050,-0.0034,-0.0012,1.1983,-0.1360,0.0628,-0.0417,0.2529,-0.0022,1.1192,0.2682,0.2317,36.9017,38.3683,0.0761,nan,nan,nan,nan
49.8316,-0.0034,-0.0011,1.1983,-0.1360,0.0623,-0.0369,0.2529,-0.0022,1.1192,0.2682,0.2031,36.9019,38.3719,0.0659,nan,nan,nan,nan
49.8518,-0.0033,-0.0011,1.1983,-0.1360,0.0623,-0.0369,0.2529,-0.0022,1.1192,0.2682,0.1900,36.9028,38.3713,0.0624,nan,nan,nan,nan
49.8729,-0.0033,-0.0011,1.1983,-0.1355,0.0613,-0.0322,0.2530,-0.0023,1.1192,0.2682,0.1687,36.9031,38.3662,0.0575,nan,nan,nan,nan
49.8941,-0.0033,-0.0010,1.1983,-0.1338,0.0598,-0.0276,0.2530,-0.0023,1.1192,0.2682,0.1446,36.9032,38.3596,0.0507,nan,nan,nan,nan
49.9213,-0.0033,-0.0010,1.1983,-0.1338,0.0598,-0.0276,0.2530,-0.0023,1.1192,0.2682,0.1210,36.9036,38.3548,0.0428,nan,nan,nan,nan
49.9445,-0.0032,-0.0009,1.1983,-0.1315,0.0580,-0.0228,0.2531,-0.0024,1.1192,0.2682,0.0950,36.9043,38.3552,0.0387,nan,nan,nan,nan
49.9648,-0.0032,-0.0008,1.1983,-0.1293,0.0559,-0.0190,0.2531,-0.0023,1.1192,0.2682,0.0851,36.9055,38.3587,0.0362,nan,nan,nan,nan
49.9925,-0.0032,-0.0008,1.1983,-0.1275,0.0540,-0.0177,0.2531,-0.0023,1.1192,0.2682,0.0829,36.9058,38.3624,0.0337,nan,nan,nan,nan
50.0197,-0.0032,-0.0007,1.1983,-0.1257,0.0510,-0.0177,0.2531,-0.0022,1.1192,0.2682,0.0851,36.9039,38.3629,0.0304,nan,nan,nan,nan
50.0398,-0.0031,-0.0006,1.1983,-0.1257,0.0510,-0.0177,0.2532,-0.0021,1.1193,0.2682,0.0881,36.9032,38.3633,0.0265,nan,nan,nan,nan
50.0616,-0.0031,-0.0006,1.1983,-0.1235,0.0479,-0.0181,0.2532,-0.0021,1.1193,0.2682,0.0916,36.9024,38.3635,0.0234,nan,nan,nan,nan
50.0936,-0.0031,-0.0005,1.1983,-0.1200,0.0447,-0.0183,0.2532,-0.0020,1.1193,0.2682,0.0921,36.9029,38.3643,0.0195,nan,nan,nan,nan
50.1141,-0.0030,-0.0004,1.1983,-0.1200,0.0447,-0.0183,0.2533,-0.0019,1.1193,0.2682,0.0901,36.9026,38.3655,0.0146,nan,nan,nan,nan
50.1350,-0.0030,-0.0004,1.1983,-0.1156,0.0411,-0.0176,0.2533,-0.0019,1.1193,0.2682,0.0868,36.9021,38.3659,0.0087,nan,nan,nan,nan
50.1683,-0.0030,-0.0003,1.1983,-0.1099,0.0376,-0.0173,0.2533,-0.0018,1.1193,0.2682,0.0793,36.9028,38.3671,-0.0010,nan,nan,nan,nan
50.1938,-0.0030,-0.0002,1.1983,-0.1099,0.0376,-0.0173,0.2533,-0.0018,1.1193,0.2682,0.0740,36.9031,38.3681,-0.0057,nan,nan,nan,nan
50.2155,-0.0029,-0.0002,1.1983,-0.1037,0.0340,-0.0172,0.2534,-0.0017,1.1193,0.2682,0.0736,36.9031,38.3684,-0.0056,nan,nan,nan,nan
50.2456,-0.0029,-0.0001,1.1983,-0.0977,0.0305,-0.0184,0.2534,-0.0016,1.1194,0.2682,0.0775,36.9041,38.3702,-0.0048,nan,nan,nan,nan
50.2842,-0.0028,0.0000,1.1983,-0.0917,0.0268,-0.0208,0.2535,-0.0014,1.1194,0.2682,0.0897,36.9044,38.3729,-0.0046,nan,nan,nan,nan
50.3112,-0.0028,0.0001,1.1983,-0.0917,0.0268,-0.0208,0.2535,-0.0013,1.1194,0.2682,0.0951,36.9045,38.3742,-0.0054,nan,nan,nan,nan
50.3402,-0.0028,0.0002,1.1983,-0.0853,0.0227,-0.0227,0.2535,-0.0012,1.1194,0.2682,0.1013,36.9022,38.3780,-0.0092,nan,nan,nan,nan
50.3607,-0.0027,0.0003,1.1983,-0.0785,0.0180,-0.0244,0.2536,-0.0011,1.1194,0.2682,0.1069,36.8986,38.3793,-0.0104,nan,nan,nan,nan
50.3871,-0.0027,0.0004,1.1983,-0.0707,0.0129,-0.0265,0.2536,-0.0010,1.1194,0.2682,0.1127,36.8932,38.3763,-0.0095,nan,nan,nan,nan
50.4127,-0.0026,0.0005,1.1983,-0.0707,0.0129,-0.0265,0.2537,-0.0008,1.1194,0.2682,0.1169,36.8903,38.3754,-0.0060,nan,nan,nan,nan
50.4339,-0.0026,0.0006,1.1983,-0.0628,0.0081,-0.0285,0.2537,-0.0007,1.1194,0.2682,0.1234,36.8903,38.3788,-0.0028,nan,nan,nan,nan
50.4552,-0.0026,0.0007,1.1983,-0.0550,0.0039,-0.0309,0.2537,-0.0006,1.1194,0.2682,0.1284,36.8892,38.3820,-0.0017,nan,nan,nan,nan
50.4781,-0.0025,0.0008,1.1983,-0.0550,0.0039,-0.0309,0.2538,-0.0005,1.1195,0.2682,0.1375,36.8866,38.3848,-0.0020,nan,nan,nan,nan
50.4991,-0.0025,0.0008,1.1983,-0.0470,-0.0006,-0.0337,0.2538,-0.0004,1.1195,0.2682,0.1406,36.8857,38.3847,-0.0032,nan,nan,nan,nan
50.5347,-0.0025,0.0009,1.1983,-0.0395,-0.0043,-0.0374,0.2539,-0.0002,1.1195,0.2682,0.1580,36.8863,38.3817,-0.0088,nan,nan,nan,nan
50.5719,-0.0024,0.0011,1.1983,-0.0331,-0.0077,-0.0414,0.2539,0.0000,1.1195,0.2682,0.1833,36.8876,38.3842,-0.0158,nan,nan,nan,nan
50.6077,-0.0024,0.0012,1.1983,-0.0270,-0.0111,-0.0457,0.2540,0.0003,1.1195,0.2682,0.2114,36.8884,38.3831,-0.0104,nan,nan,nan,nan
50.6356,-0.0023,0.0013,1.1983,-0.0208,-0.0140,-0.0499,0.2540,0.0005,1.1195,0.2682,0.2393,36.8912,38.3827,-0.0068,nan,nan,nan,nan
50.6569,-0.0023,0.0014,1.1983,-0.0208,-0.0140,-0.0499,0.2541,0.0007,1.1196,0.2682,0.2576,36.8925,38.3848,0.0014,nan,nan,nan,nan
50.6780,-0.0023,0.0015,1.1983,-0.0145,-0.0166,-0.0533,0.2541,0.0008,1.1196,0.2682,0.2625,36.8935,38.3854,0.0045,nan,nan,nan,nan
50.7115,-0.0022,0.0016,1.1983,-0.0075,-0.0192,-0.0549,0.2541,0.0009,1.1196,0.2682,0.2714,36.8972,38.3870,0.0127,nan,nan,nan,nan
50.7385,-0.0022,0.0017,1.1983,-0.0075,-0.0192,-0.0549,0.2542,0.0010,1.1196,0.2682,0.2651,36.8998,38.3872,0.0134,nan,nan,nan,nan
50.7635,-0.0022,0.0018,1.1983,0.0007,-0.0220,-0.0540,0.2542,0.0011,1.1196,0.2682,0.2622,36.9006,38.3870,0.0143,nan,nan,nan,nan
50.7909,-0.0021,0.0019,1.1983,0.0086,-0.0249,-0.0538,0.2542,0.0012,1.1197,0.2682,0.2561,36.9028,38.3852,0.0184,nan,nan,nan,nan
50.8123,-0.0021,0.0020,1.1983,0.0086,-0.0249,-0.0538,0.2543,0.0013,1.1197,0.2682,0.2571,36.9027,38.3871,0.0186,nan,nan,nan,nan
50.8361,-0.0021,0.0021,1.1983,0.0149,-0.0281,-0.0539,0.2543,0.0014,1.1197,0.2682,0.2572,36.9021,38.3895,0.0163,nan,nan,nan,nan
50.8702,-0.0020,0.0022,1.1983,0.0211,-0.0313,-0.0538,0.2543,0.0015,1.1197,0.2682,0.2570,36.9014,38.3910,0.0134,nan,nan,nan,nan
50.8981,-0.0020,0.0023,1.1983,0.0211,-0.0313,-0.0538,0.2544,0.0016,1.1197,0.2682,0.2539,36.9030,38.3900,0.0116,nan,nan,nan,nan
50.9266,-0.0020,0.0024,1.1983,0.0270,-0.0340,-0.0533,0.2544,0.0016,1.1197,0.2682,0.2521,36.9046,38.3863,0.0092,nan,nan,nan,nan
50.9615,-0.0019,0.0025,1.1983,0.0323,-0.0369,-0.0528,0.2544,0.0017,1.1197,0.2682,0.2495,36.9045,38.3821,0.0063,nan,nan,nan,nan
50.9816,-0.0019,0.0025,1.1984,0.0323,-0.0369,-0.0528,0.2545,0.0018,1.1197,0.2682,0.2467,36.9048,38.3806,0.0053,nan,nan,nan,nan
51.0090,-0.0019,0.0026,1.1984,0.0372,-0.0396,-0.0513,0.2545,0.0019,1.1197,0.2682,0.2362,36.9080,38.3753,0.0045,nan,nan,nan,nan
51.0404,-0.0019,0.0027,1.1984,0.0432,-0.0420,-0.0482,0.2545,0.0019,1.1197,0.2682,0.2174,36.9116,38.3683,0.0050,nan,nan,nan,nan
51.0607,-0.0018,0.0029,1.1984,0.0432,-0.0420,-0.0482,0.2546,0.0019,1.1197,0.2682,0.1920,36.9131,38.3642,0.0042,nan,nan,nan,nan
51.0882,-0.0018,0.0029,1.1984,0.0494,-0.0448,-0.0433,0.2546,0.0019,1.1198,0.2682,0.1711,36.9129,38.3640,0.0032,nan,nan,nan,nan
51.1125,-0.0018,0.0031,1.1984,0.0562,-0.0476,-0.0371,0.2546,0.0019,1.1198,0.2682,0.1249,36.9130,38.3642,0.0012,nan,nan,nan,nan
51.1381,-0.0018,0.0032,1.1984,0.0627,-0.0501,-0.0309,0.2547,0.0019,1.1198,0.2682,0.0912,36.9143,38.3629,0.0037,nan,nan,nan,nan
51.1684,-0.0017,0.0033,1.1984,0.0688,-0.0518,-0.0260,0.2547,0.0019,1.1198,0.2682,0.0522,36.9190,38.3619,0.0059,nan,nan,nan,nan
51.2052,-0.0017,0.0034,1.1984,0.0740,-0.0534,-0.0228,0.2547,0.0019,1.1198,0.2682,0.0254,36.9240,38.3647,0.0082,nan,nan,nan,nan
51.2429,-0.0017,0.0036,1.1984,0.0780,-0.0553,-0.0215,0.2548,0.0020,1.1199,0.2682,0.0134,36.9259,38.3622,0.0139,nan,nan,nan,nan
51.2701,-0.0017,0.0036,1.1984,0.0780,-0.0553,-0.0215,0.2548,0.0021,1.1199,0.2682,0.0157,36.9259,38.3615,0.0130,nan,nan,nan,nan
51.2933,-0.0017,0.0037,1.1984,0.0807,-0.0569,-0.0220,0.2548,0.0022,1.1199,0.2682,0.0190,36.9262,38.3604,0.0132,nan,nan,nan,nan
51.3183,-0.0016,0.0038,1.1984,0.0831,-0.0580,-0.0230,0.2548,0.0023,1.1199,0.2682,0.0245,36.9278,38.3599,0.0138,nan,nan,nan,nan
51.3415,-0.0016,0.0039,1.1984,0.0831,-0.0580,-0.0230,0.2548,0.0024,1.1199,0.2682,0.0250,36.9315,38.3598,0.0156,nan,nan,nan,nan
51.3659,-0.0016,0.0039,1.1984,0.0865,-0.0582,-0.0233,0.2548,0.0024,1.1199,0.2682,0.0168,36.9366,38.3588,0.0135,nan,nan,nan,nan
51.3875,-0.0016,0.0040,1.1984,0.0909,-0.0580,-0.0217,0.2548,0.0024,1.1199,0.2682,0.0078,36.9390,38.3587,0.0106,nan,nan,nan,nan
51.4108,-0.0016,0.0041,1.1984,0.0909,-0.0580,-0.0217,0.2548,0.0024,1.1199,0.2682,-0.0028,36.9407,38.3568,0.0066,nan,nan,nan,nan
51.4380,-0.0016,0.0042,1.1984,0.0966,-0.0577,-0.0200,0.2549,0.0025,1.1199,0.2682,-0.0250,36.9446,38.3517,0.0011,nan,nan,nan,nan
51.4636,-0.0016,0.0042,1.1984,0.1023,-0.0570,-0.0182,0.2549,0.0025,1.1199,0.2682,-0.0369,36.9473,38.3488,-0.0035,nan,nan,nan,nan
51.4838,-0.0016,0.0043,1.1984,0.1023,-0.0570,-0.0182,0.2549,0.0025,1.1199,0.2682,-0.0495,36.9504,38.3467,-0.0071,nan,nan,nan,nan
51.5080,-0.0016,0.0044,1.1984,0.1079,-0.0555,-0.0166,0.2549,0.0025,1.1199,0.2682,-0.0652,36.9547,38.3437,-0.0071,nan,nan,nan,nan
51.5326,-0.0016,0.0044,1.1984,0.1136,-0.0541,-0.0156,0.2549,0.0025,1.1199,0.2682,-0.0856,36.9575,38.3387,-0.0084,nan,nan,nan,nan
51.5596,-0.0016,0.0045,1.1984,0.1196,-0.0526,-0.0139,0.2549,0.0025,1.1199,0.2682,-0.1040,36.9576,38.3360,-0.0074,nan,nan,nan,nan
51.5943,-0.0016,0.0046,1.1984,0.1256,-0.0512,-0.0122,0.2549,0.0025,1.1199,0.2682,-0.1293,36.9544,38.3333,-0.0082,nan,nan,nan,nan
51.6152,-0.0016,0.0046,1.1984,0.1256,-0.0512,-0.0122,0.2549,0.0025,1.1199,0.2682,-0.1392,36.9538,38.3313,-0.0098,nan,nan,nan,nan
51.6409,-0.0016,0.0047,1.1984,0.1313,-0.0492,-0.0118,0.2549,0.0025,1.1198,0.2682,-0.1520,36.9518,38.3270,-0.0103,nan,nan,nan,nan
51.6773,-0.0016,0.0047,1.1984,0.1369,-0.0466,-0.0121,0.2549,0.0025,1.1198,0.2683,-0.1619,36.9510,38.3230,-0.0109,nan,nan,nan,nan
51.7123,-0.0016,0.0048,1.1984,0.1426,-0.0435,-0.0125,0.2549,0.0025,1.1198,0.2683,-0.1764,36.9499,38.3205,-0.0208,nan,nan,nan,nan
51.7453,-0.0016,0.0048,1.1984,0.1484,-0.0403,-0.0124,0.2549,0.0025,1.1198,0.2683,-0.1950,36.9476,38.3153,-0.0228,nan,nan,nan,nan
51.7821,-0.0016,0.0049,1.1984,0.1548,-0.0372,-0.0110,0.2549,0.0024,1.1197,0.2683,-0.2215,36.9422,38.3110,-0.0260,nan,nan,nan,nan
51.8209,-0.0016,0.0049,1.1984,0.1615,-0.0331,-0.0093,0.2548,0.0024,1.1197,0.2683,-0.2512,36.9396,38.3093,-0.0301,nan,nan,nan,nan
51.8458,-0.0017,0.0050,1.1984,0.1615,-0.0331,-0.0093,0.2548,0.0023,1.1197,0.2683,-0.2671,36.9372,38.3117,-0.0345,nan,nan,nan,nan
51.8670,-0.0017,0.0050,1.1984,0.1676,-0.0287,-0.0094,0.2548,0.0023,1.1196,0.2683,-0.2703,36.9366,38.3123,-0.0361,nan,nan,nan,nan
51.8888,-0.0017,0.0050,1.1984,0.1724,-0.0236,-0.0115,0.2548,0.0024,1.1196,0.2683,-0.2727,36.9358,38.3097,-0.0438,nan,nan,nan,nan
51.9129,-0.0017,0.0050,1.1984,0.1724,-0.0236,-0.0115,0.2548,0.0024,1.1196,0.2683,-0.2674,36.9351,38.3066,-0.0501,nan,nan,nan,nan
51.9351,-0.0017,0.0050,1.1984,0.1764,-0.0184,-0.0151,0.2548,0.0024,1.1196,0.2683,-0.2647,36.9346,38.3060,-0.0529,nan,nan,nan,nan
51.9589,-0.0017,0.0050,1.1984,0.1801,-0.0128,-0.0198,0.2548,0.0024,1.1195,0.2683,-0.2502,36.9336,38.3033,-0.0642,nan,nan,nan,nan
51.9862,-0.0017,0.0050,1.1984,0.1801,-0.0128,-0.0198,0.2547,0.0025,1.1195,0.2683,-0.2408,36.9328,38.3021,-0.0714,nan,nan,nan,nan
52.0102,-0.0017,0.0050,1.1984,0.1841,-0.0071,-0.0238,0.2547,0.0025,1.1195,0.2683,-0.2380,36.9324,38.3017,-0.0723,nan,nan,nan,nan
52.0354,-0.0018,0.0050,1.1984,0.1886,-0.0012,-0.0265,0.2547,0.0025,1.1195,0.2683,-0.2365,36.9324,38.3022,-0.0721,nan,nan,nan,nan
52.0656,-0.0018,0.0050,1.1984,0.1933,0.0046,-0.0287,0.2547,0.0025,1.1195,0.2683,-0.2393,36.9299,38.3088,-0.0745,nan,nan,nan,nan
52.0913,-0.0018,0.0050,1.1984,0.1933,0.0046,-0.0287,0.2546,0.0024,1.1195,0.2683,-0.2442,36.9287,38.3148,-0.0789,nan,nan,nan,nan
52.1127,-0.0018,0.0050,1.1984,0.1988,0.0104,-0.0305,0.2546,0.0024,1.1195,0.2683,-0.2492,36.9267,38.3252,-0.0880,nan,nan,nan,nan
52.1350,-0.0018,0.0049,1.1984,0.2034,0.0163,-0.0326,0.2546,0.0023,1.1195,0.2683,-0.2506,36.9251,38.3341,-0.0905,nan,nan,nan,nan
52.1554,-0.0018,0.0049,1.1984,0.2034,0.0163,-0.0326,0.2546,0.0023,1.1194,0.2683,-0.2487,36.9234,38.3379,-0.0911,nan,nan,nan,nan
52.1847,-0.0018,0.0049,1.1984,0.2073,0.0220,-0.0362,0.2545,0.0023,1.1194,0.2683,-0.2433,36.9205,38.3427,-0.0909,nan,nan,nan,nan
52.2068,-0.0018,0.0048,1.1984,0.2073,0.0220,-0.0362,0.2545,0.0023,1.1194,0.2682,-0.2339,36.9187,38.3481,-0.0901,nan,nan,nan,nan
52.2317,-0.0019,0.0048,1.1984,0.2097,0.0281,-0.0411,0.2545,0.0024,1.1194,0.2682,-0.2171,36.9181,38.3552,-0.0897,nan,nan,nan,nan
52.2563,-0.0019,0.0047,1.1984,0.2116,0.0341,-0.0465,0.2545,0.0024,1.1194,0.2682,-0.2001,36.9179,38.3584,-0.0892,nan,nan,nan,nan
52.2839,-0.0019,0.0047,1.1984,0.2116,0.0341,-0.0465,0.2544,0.0024,1.1194,0.2682,-0.1897,36.9186,38.3598,-0.0868,nan,nan,nan,nan
52.3105,-0.0019,0.0047,1.1984,0.2134,0.0397,-0.0516,0.2544,0.0023,1.1194,0.2682,-0.1797,36.9188,38.3623,-0.0860,nan,nan,nan,nan
52.3415,-0.0019,0.0046,1.1984,0.2151,0.0449,-0.0560,0.2544,0.0023,1.1194,0.2682,-0.1647,36.9195,38.3644,-0.0869,nan,nan,nan,nan
52.3730,-0.0019,0.0045,1.1983,0.2169,0.0496,-0.0593,0.2544,0.0022,1.1194,0.2682,-0.1580,36.9217,38.3644,-0.0945,nan,nan,nan,nan
52.3997,-0.0019,0.0044,1.1983,0.2185,0.0539,-0.0620,0.2544,0.0022,1.1194,0.2682,-0.1539,36.9250,38.3689,-0.0934,nan,nan,nan,nan
52.4197,-0.0019,0.0043,1.1983,0.2185,0.0539,-0.0620,0.2544,0.0021,1.1194,0.2682,-0.1519,36.9264,38.3720,-0.0947,nan,nan,nan,nan
52.4409,-0.0019,0.0042,1.1983,0.2189,0.0578,-0.0642,0.2544,0.0020,1.1194,0.2682,-0.1473,36.9288,38.3755,-0.0965,nan,nan,nan,nan
52.4644,-0.0019,0.0041,1.1983,0.2187,0.0609,-0.0668,0.2543,0.0019,1.1194,0.2682,-0.1435,36.9310,38.3760,-0.0978,nan,nan,nan,nan
52.4863,-0.0019,0.0040,1.1983,0.2175,0.0634,-0.0691,0.2543,0.0018,1.1193,0.2682,-0.1379,36.9332,38.3736,-0.1004,nan,nan,nan,nan
52.5184,-0.0019,0.0039,1.1983,0.2154,0.0652,-0.0719,0.2544,0.0017,1.1193,0.2682,-0.1271,36.9353,38.3679,-0.1036,nan,nan,nan,nan
52.5411,-0.0019,0.0038,1.1983,0.2154,0.0652,-0.0719,0.2544,0.0017,1.1193,0.2682,-0.1150,36.9376,38.3649,-0.1074,nan,nan,nan,nan
52.5651,-0.0019,0.0037,1.1983,0.2119,0.0667,-0.0751,0.2544,0.0016,1.1193,0.2682,-0.1000,36.9390,38.3633,-0.1091,nan,nan,nan,nan
52.5907,-0.0019,0.0036,1.1983,0.2077,0.0676,-0.0782,0.2544,0.0015,1.1193,0.2682,-0.0919,36.9399,38.3640,-0.1087,nan,nan,nan,nan
52.6145,-0.0019,0.0034,1.1983,0.2077,0.0676,-0.0782,0.2544,0.0014,1.1193,0.2682,-0.0808,36.9405,38.3649,-0.1103,nan,nan,nan,nan
52.6425,-0.0019,0.0034,1.1983,0.2029,0.0681,-0.0806,0.2544,0.0014,1.1193,0.2682,-0.0750,36.9400,38.3652,-0.1121,nan,nan,nan,nan
52.6705,-0.0019,0.0032,1.1983,0.1973,0.0677,-0.0817,0.2544,0.0013,1.1193,0.2682,-0.0696,36.9395,38.3652,-0.1133,nan,nan,nan,nan
52.6944,-0.0018,0.0030,1.1983,0.1914,0.0670,-0.0819,0.2544,0.0011,1.1193,0.2682,-0.0673,36.9408,38.3637,-0.1086,nan,nan,nan,nan
52.7270,-0.0018,0.0028,1.1983,0.1852,0.0657,-0.0814,0.2544,0.0009,1.1193,0.2682,-0.0716,36.9422,38.3617,-0.1046,nan,nan,nan,nan
52.7535,-0.0018,0.0027,1.1983,0.1852,0.0657,-0.0814,0.2545,0.0007,1.1193,0.2682,-0.0778,36.9430,38.3592,-0.1016,nan,nan,nan,nan
52.7736,-0.0018,0.0026,1.1983,0.1786,0.0639,-0.0803,0.2545,0.0006,1.1193,0.2682,-0.0807,36.9431,38.3584,-0.1017,nan,nan,nan,nan
52.7977,-0.0018,0.0025,1.1983,0.1786,0.0639,-0.0803,0.2545,0.0004,1.1193,0.2682,-0.0912,36.9440,38.3576,-0.1025,nan,nan,nan,nan
52.8274,-0.0018,0.0024,1.1983,0.1713,0.0619,-0.0780,0.2545,0.0003,1.1193,0.2682,-0.0951,36.9444,38.3582,-0.1040,nan,nan,nan,nan
52.8627,-0.0017,0.0022,1.1983,0.1629,0.0598,-0.0763,0.2545,0.0001,1.1193,0.2682,-0.1051,36.9466,38.3599,-0.1137,nan,nan,nan,nan
52.8915,-0.0017,0.0020,1.1983,0.1533,0.0580,-0.0741,0.2546,-0.0002,1.1194,0.2682,-0.1148,36.9505,38.3598,-0.1193,nan,nan,nan,nan
52.9176,-0.0017,0.0018,1.1983,0.1433,0.0558,-0.0720,0.2546,-0.0005,1.1194,0.2682,-0.1250,36.9528,38.3588,-0.1179,nan,nan,nan,nan
52.9542,-0.0016,0.0015,1.1983,0.1323,0.0532,-0.0705,0.2547,-0.0007,1.1194,0.2682,-0.1290,36.9512,38.3609,-0.1178,nan,nan,nan,nan
52.9865,-0.0016,0.0013,1.1983,0.1197,0.0506,-0.0704,0.2547,-0.0009,1.1194,0.2681,-0.1207,36.9498,38.3661,-0.1235,nan,nan,nan,nan
53.0155,-0.0015,0.0010,1.1983,0.1056,0.0478,-0.0714,0.2547,-0.0011,1.1194,0.2681,-0.1029,36.9487,38.3666,-0.1287,nan,nan,nan,nan
53.0460,-0.0015,0.0008,1.1983,0.0907,0.0448,-0.0734,0.2548,-0.0013,1.1194,0.2682,-0.0758,36.9472,38.3649,-0.1338,nan,nan,nan,nan
53.0762,-0.0014,0.0005,1.1983,0.0738,0.0417,-0.0774,0.2548,-0.0014,1.1194,0.2682,-0.0330,36.9459,38.3618,-0.1388,nan,nan,nan,nan
53.1042,-0.0014,0.0002,1.1982,0.0553,0.0384,-0.0831,0.2549,-0.0015,1.1194,0.2682,0.0253,36.9434,38.3593,-0.1498,nan,nan,nan,nan
53.1321,-0.0014,-0.0001,1.1982,0.0359,0.0341,-0.0892,0.2550,-0.0016,1.1194,0.2682,0.0891,36.9390,38.3551,-0.1621,nan,nan,nan,nan
53.1629,-0.0013,-0.0004,1.1982,0.0163,0.0297,-0.0943,0.2550,-0.0016,1.1194,0.2682,0.1478,36.9351,38.3540,-0.1723,nan,nan,nan,nan
53.1941,-0.0012,-0.0006,1.1982,-0.0021,0.0252,-0.0974,0.2551,-0.0018,1.1194,0.2682,0.1905,36.9311,38.3526,-0.1784,nan,nan,nan,nan
53.2177,-0.0012,-0.0008,1.1982,-0.0021,0.0252,-0.0974,0.2551,-0.0019,1.1194,0.2682,0.2124,36.9280,38.3518,-0.1844,nan,nan,nan,nan
53.2385,-0.0012,-0.0010,1.1982,-0.0197,0.0204,-0.0984,0.2552,-0.0020,1.1194,0.2682,0.2188,36.9270,38.3515,-0.1858,nan,nan,nan,nan
53.2623,-0.0011,-0.0012,1.1982,-0.0361,0.0155,-0.0982,0.2552,-0.0021,1.1194,0.2682,0.2353,36.9232,38.3549,-0.1867,nan,nan,nan,nan
53.2934,-0.0011,-0.0014,1.1982,-0.0520,0.0108,-0.0962,0.2553,-0.0024,1.1194,0.2682,0.2409,36.9199,38.3611,-0.1860,nan,nan,nan,nan
53.3214,-0.0010,-0.0017,1.1982,-0.0683,0.0065,-0.0948,0.2553,-0.0026,1.1194,0.2682,0.2501,36.9210,38.3614,-0.1765,nan,nan,nan,nan
53.3464,-0.0010,-0.0019,1.1982,-0.0845,0.0021,-0.0927,0.2554,-0.0029,1.1194,0.2682,0.2553,36.9207,38.3601,-0.1692,nan,nan,nan,nan
53.3785,-0.0009,-0.0022,1.1982,-0.1004,-0.0017,-0.0898,0.2554,-0.0031,1.1195,0.2682,0.2558,36.9227,38.3635,-0.1584,nan,nan,nan,nan
53.4070,-0.0009,-0.0024,1.1982,-0.1004,-0.0017,-0.0898,0.2555,-0.0033,1.1195,0.2682,0.2540,36.9237,38.3629,-0.1525,nan,nan,nan,nan
53.4324,-0.0008,-0.0025,1.1982,-0.1160,-0.0056,-0.0860,0.2555,-0.0035,1.1195,0.2682,0.2465,36.9245,38.3637,-0.1450,nan,nan,nan,nan
53.4686,-0.0008,-0.0027,1.1982,-0.1302,-0.0100,-0.0810,0.2556,-0.0037,1.1195,0.2682,0.2309,36.9234,38.3657,-0.1444,nan,nan,nan,nan
53.4927,-0.0008,-0.0028,1.1982,-0.1302,-0.0100,-0.0810,0.2556,-0.0040,1.1195,0.2682,0.2083,36.9182,38.3645,-0.1420,nan,nan,nan,nan
53.5159,-0.0007,-0.0029,1.1982,-0.1433,-0.0153,-0.0743,0.2557,-0.0042,1.1195,0.2682,0.1990,36.9167,38.3633,-0.1407,nan,nan,nan,nan
53.5527,-0.0007,-0.0031,1.1982,-0.1554,-0.0201,-0.0660,0.2557,-0.0045,1.1195,0.2682,0.1538,36.9124,38.3562,-0.1313,nan,nan,nan,nan
53.5756,-0.0006,-0.0033,1.1982,-0.1554,-0.0201,-0.0660,0.2558,-0.0048,1.1195,0.2682,0.1308,36.9105,38.3545,-0.1240,nan,nan,nan,nan
53.5972,-0.0006,-0.0034,1.1982,-0.1673,-0.0246,-0.0578,0.2558,-0.0050,1.1195,0.2682,0.0984,36.9071,38.3519,-0.1163,nan,nan,nan,nan
53.6275,-0.0006,-0.0035,1.1982,-0.1783,-0.0291,-0.0499,0.2558,-0.0052,1.1195,0.2682,0.0634,36.9042,38.3483,-0.1116,nan,nan,nan,nan
53.6551,-0.0005,-0.0036,1.1982,-0.1783,-0.0291,-0.0499,0.2559,-0.0055,1.1195,0.2683,0.0365,36.9023,38.3450,-0.1112,nan,nan,nan,nan
53.6826,-0.0005,-0.0037,1.1982,-0.1882,-0.0333,-0.0410,0.2559,-0.0057,1.1194,0.2683,-0.0037,36.8995,38.3407,-0.1126,nan,nan,nan,nan
53.7177,-0.0005,-0.0039,1.1982,-0.1981,-0.0373,-0.0335,0.2560,-0.0060,1.1194,0.2683,-0.0351,36.8953,38.3394,-0.1129,nan,nan,nan,nan
53.7434,-0.0004,-0.0040,1.1982,-0.2086,-0.0408,-0.0298,0.2560,-0.0063,1.1194,0.2683,-0.0542,36.8905,38.3374,-0.1140,nan,nan,nan,nan
53.7751,-0.0004,-0.0042,1.1982,-0.2198,-0.0443,-0.0282,0.2561,-0.0065,1.1194,0.2683,-0.0538,36.8840,38.3326,-0.1136,nan,nan,nan,nan
53.8024,-0.0004,-0.0043,1.1982,-0.2198,-0.0443,-0.0282,0.2561,-0.0066,1.1194,0.2683,-0.0497,36.8812,38.3267,-0.1151,nan,nan,nan,nan
53.8309,-0.0003,-0.0044,1.1982,-0.2303,-0.0471,-0.0277,0.2561,-0.0067,1.1194,0.2683,-0.0492,36.8801,38.3245,-0.1154,nan,nan,nan,nan
53.8658,-0.0003,-0.0045,1.1982,-0.2391,-0.0499,-0.0267,0.2562,-0.0068,1.1194,0.2684,-0.0515,36.8742,38.3230,-0.1161,nan,nan,nan,nan
53.8929,-0.0003,-0.0046,1.1982,-0.2391,-0.0499,-0.0267,0.2562,-0.0069,1.1194,0.2684,-0.0530,36.8706,38.3205,-0.1205,nan,nan,nan,nan
53.9210,-0.0003,-0.0047,1.1982,-0.2470,-0.0525,-0.0256,0.2562,-0.0070,1.1193,0.2684,-0.0534,36.8679,38.3186,-0.1250,nan,nan,nan,nan
53.9482,-0.0002,-0.0048,1.1982,-0.2536,-0.0549,-0.0245,0.2563,-0.0071,1.1193,0.2684,-0.0583,36.8644,38.3158,-0.1302,nan,nan,nan,nan
53.9755,-0.0002,-0.0049,1.1982,-0.2536,-0.0549,-0.0245,0.2563,-0.0072,1.1193,0.2684,-0.0659,36.8619,38.3151,-0.1323,nan,nan,nan,nan
54.0041,-0.0002,-0.0049,1.1982,-0.2582,-0.0569,-0.0222,0.2563,-0.0073,1.1193,0.2684,-0.0810,36.8591,38.3113,-0.1277,nan,nan,nan,nan
54.0397,-0.0002,-0.0050,1.1982,-0.2614,-0.0588,-0.0198,0.2564,-0.0075,1.1193,0.2684,-0.0959,36.8553,38.3074,-0.1230,nan,nan,nan,nan
54.0669,-0.0002,-0.0051,1.1982,-0.2614,-0.0588,-0.0198,0.2564,-0.0076,1.1193,0.2684,-0.1034,36.8534,38.3034,-0.1219,nan,nan,nan,nan
54.0968,-0.0001,-0.0051,1.1982,-0.2639,-0.0601,-0.0190,0.2564,-0.0076,1.1192,0.2684,-0.1091,36.8515,38.2996,-0.1203,nan,nan,nan,nan
54.1335,-0.0001,-0.0052,1.1982,-0.2661,-0.0606,-0.0193,0.2564,-0.0077,1.1192,0.2684,-0.1114,36.8496,38.2974,-0.1137,nan,nan,nan,nan
54.1723,-0.0001,-0.0053,1.1982,-0.2677,-0.0605,-0.0200,0.2565,-0.0078,1.1192,0.2685,-0.1109,36.8482,38.2935,-0.1039,nan,nan,nan,nan
54.2075,-0.0001,-0.0053,1.1982,-0.2680,-0.0596,-0.0217,0.2565,-0.0079,1.1192,0.2685,-0.1077,36.8488,38.2880,-0.0984,nan,nan,nan,nan
54.2314,-0.0001,-0.0054,1.1982,-0.2680,-0.0596,-0.0217,0.2565,-0.0079,1.1192,0.2685,-0.1088,36.8486,38.2878,-0.0985,nan,nan,nan,nan
54.2594,-0.0001,-0.0054,1.1982,-0.2666,-0.0584,-0.0225,0.2565,-0.0079,1.1192,0.2685,-0.1116,36.8489,38.2862,-0.0991,nan,nan,nan,nan
54.2898,-0.0001,-0.0054,1.1982,-0.2644,-0.0568,-0.0237,0.2565,-0.0080,1.1192,0.2685,-0.1125,36.8503,38.2791,-0.1032,nan,nan,nan,nan
54.3116,-0.0001,-0.0054,1.1982,-0.2644,-0.0568,-0.0237,0.2565,-0.0080,1.1191,0.2685,-0.1080,36.8498,38.2750,-0.1050,nan,nan,nan,nan
54.3356,-0.0000,-0.0054,1.1982,-0.2618,-0.0551,-0.0265,0.2565,-0.0080,1.1191,0.2685,-0.1035,36.8488,38.2707,-0.1059,nan,nan,nan,nan
54.3591,-0.0000,-0.0054,1.1982,-0.2575,-0.0532,-0.0288,0.2566,-0.0080,1.1191,0.2685,-0.0990,36.8472,38.2629,-0.0996,nan,nan,nan,nan
54.3864,-0.0000,-0.0054,1.1982,-0.2575,-0.0532,-0.0288,0.2566,-0.0080,1.1191,0.2686,-0.0998,36.8467,38.2569,-0.0953,nan,nan,nan,nan
54.4124,-0.0000,-0.0054,1.1982,-0.2514,-0.0509,-0.0305,0.2566,-0.0080,1.1191,0.2686,-0.1038,36.8465,38.2552,-0.0943,nan,nan,nan,nan
54.4448,-0.0000,-0.0054,1.1982,-0.2430,-0.0479,-0.0305,0.2566,-0.0080,1.1190,0.2686,-0.1197,36.8485,38.2523,-0.0942,nan,nan,nan,nan
54.4675,-0.0000,-0.0054,1.1982,-0.2430,-0.0479,-0.0305,0.2566,-0.0081,1.1190,0.2686,-0.1343,36.8514,38.2510,-0.0942,nan,nan,nan,nan
54.4941,-0.0000,-0.0053,1.1982,-0.2323,-0.0441,-0.0289,0.2566,-0.0082,1.1190,0.2686,-0.1712,36.8578,38.2504,-0.0971,nan,nan,nan,nan
54.5143,-0.0000,-0.0053,1.1982,-0.2196,-0.0401,-0.0261,0.2566,-0.0082,1.1190,0.2686,-0.1925,36.8613,38.2485,-0.0981,nan,nan,nan,nan
54.5390,-0.0000,-0.0053,1.1982,-0.2196,-0.0401,-0.0261,0.2566,-0.0083,1.1190,0.2686,-0.2139,36.8650,38.2459,-0.0988,nan,nan,nan,nan
54.5659,-0.0000,-0.0052,1.1982,-0.2056,-0.0359,-0.0238,0.2566,-0.0083,1.1190,0.2686,-0.2434,36.8680,38.2428,-0.0980,nan,nan,nan,nan
54.6009,-0.0000,-0.0052,1.1982,-0.1914,-0.0319,-0.0226,0.2566,-0.0084,1.1190,0.2686,-0.2662,36.8691,38.2408,-0.0985,nan,nan,nan,nan
54.6390,-0.0001,-0.0051,1.1982,-0.1773,-0.0280,-0.0237,0.2565,-0.0083,1.1190,0.2686,-0.2813,36.8686,38.2386,-0.0963,nan,nan,nan,nan
54.6612,-0.0001,-0.0051,1.1982,-0.1773,-0.0280,-0.0237,0.2565,-0.0083,1.1190,0.2686,-0.2784,36.8701,38.2389,-0.0976,nan,nan,nan,nan
54.6840,-0.0001,-0.0050,1.1982,-0.1639,-0.0232,-0.0274,0.2565,-0.0082,1.1190,0.2686,-0.2750,36.8714,38.2384,-0.0973,nan,nan,nan,nan
54.7192,-0.0001,-0.0050,1.1982,-0.1505,-0.0178,-0.0327,0.2565,-0.0081,1.1190,0.2686,-0.2575,36.8761,38.2349,-0.1021,nan,nan,nan,nan
54.7424,-0.0001,-0.0049,1.1982,-0.1505,-0.0178,-0.0327,0.2565,-0.0080,1.1189,0.2686,-0.2456,36.8782,38.2350,-0.1047,nan,nan,nan,nan
54.7674,-0.0001,-0.0049,1.1982,-0.1361,-0.0128,-0.0375,0.2565,-0.0079,1.1189,0.2686,-0.2415,36.8783,38.2359,-0.1057,nan,nan,nan,nan
54.7885,-0.0001,-0.0048,1.1982,-0.1207,-0.0078,-0.0428,0.2565,-0.0078,1.1189,0.2686,-0.2230,36.8788,38.2391,-0.1032,nan,nan,nan,nan
54.8108,-0.0001,-0.0047,1.1982,-0.1207,-0.0078,-0.0428,0.2565,-0.0077,1.1189,0.2686,-0.2161,36.8783,38.2400,-0.1026,nan,nan,nan,nan
54.8308,-0.0001,-0.0047,1.1982,-0.1044,-0.0032,-0.0470,0.2565,-0.0076,1.1189,0.2686,-0.2123,36.8767,38.2407,-0.1047,nan,nan,nan,nan
54.8688,-0.0001,-0.0046,1.1982,-0.0864,0.0010,-0.0503,0.2564,-0.0075,1.1189,0.2686,-0.2110,36.8719,38.2415,-0.1115,nan,nan,nan,nan
54.8958,-0.0001,-0.0045,1.1982,-0.0864,0.0010,-0.0503,0.2564,-0.0074,1.1188,0.2686,-0.2103,36.8705,38.2404,-0.1141,nan,nan,nan,nan
54.9240,-0.0001,-0.0045,1.1982,-0.0680,0.0052,-0.0536,0.2564,-0.0074,1.1188,0.2686,-0.2079,36.8689,38.2391,-0.1158,nan,nan,nan,nan
54.9610,-0.0001,-0.0044,1.1982,-0.0502,0.0096,-0.0582,0.2564,-0.0072,1.1188,0.2686,-0.1958,36.8677,38.2360,-0.1153,nan,nan,nan,nan
54.9869,-0.0001,-0.0043,1.1982,-0.0502,0.0096,-0.0582,0.2564,-0.0071,1.1188,0.2686,-0.1836,36.8673,38.2359,-0.1124,nan,nan,nan,nan
55.0070,-0.0001,-0.0043,1.1982,-0.0336,0.0144,-0.0640,0.2564,-0.0070,1.1188,0.2686,-0.1690,36.8671,38.2376,-0.1085,nan,nan,nan,nan
55.0376,-0.0002,-0.0042,1.1982,-0.0172,0.0189,-0.0706,0.2564,-0.0068,1.1187,0.2686,-0.1359,36.8669,38.2414,-0.1053,nan,nan,nan,nan
55.0592,-0.0002,-0.0041,1.1982,-0.0172,0.0189,-0.0706,0.2564,-0.0066,1.1187,0.2686,-0.1192,36.8657,38.2430,-0.1029,nan,nan,nan,nan
55.0813,-0.0002,-0.0041,1.1982,-0.0009,0.0228,-0.0772,0.2564,-0.0065,1.1187,0.2686,-0.0915,36.8641,38.2453,-0.1013,nan,nan,nan,nan
55.1157,-0.0002,-0.0040,1.1982,0.0151,0.0268,-0.0845,0.2563,-0.0063,1.1187,0.2685,-0.0609,36.8635,38.2488,-0.0984,nan,nan,nan,nan
55.1382,-0.0002,-0.0039,1.1982,0.0151,0.0268,-0.0845,0.2563,-0.0060,1.1187,0.2685,-0.0369,36.8636,38.2507,-0.0963,nan,nan,nan,nan
55.1585,-0.0002,-0.0039,1.1982,0.0296,0.0309,-0.0924,0.2563,-0.0059,1.1187,0.2685,-0.0102,36.8640,38.2525,-0.0947,nan,nan,nan,nan
55.1942,-0.0002,-0.0038,1.1982,0.0432,0.0345,-0.1015,0.2563,-0.0056,1.1187,0.2685,0.0509,36.8638,38.2546,-0.0872,nan,nan,nan,nan
55.2173,-0.0002,-0.0038,1.1982,0.0432,0.0345,-0.1015,0.2563,-0.0054,1.1187,0.2685,0.0980,36.8639,38.2527,-0.0814,nan,nan,nan,nan
55.2438,-0.0002,-0.0037,1.1982,0.0555,0.0380,-0.1102,0.2563,-0.0052,1.1186,0.2685,0.1136,36.8641,38.2513,-0.0788,nan,nan,nan,nan
55.2792,-0.0002,-0.0036,1.1982,0.0670,0.0416,-0.1189,0.2563,-0.0049,1.1186,0.2685,0.1768,36.8667,38.2483,-0.0753,nan,nan,nan,nan
55.3051,-0.0002,-0.0036,1.1982,0.0670,0.0416,-0.1189,0.2563,-0.0047,1.1186,0.2685,0.2229,36.8688,38.2473,-0.0764,nan,nan,nan,nan
55.3276,-0.0002,-0.0036,1.1982,0.0775,0.0449,-0.1264,0.2563,-0.0045,1.1186,0.2685,0.2374,36.8691,38.2470,-0.0771,nan,nan,nan,nan
55.3495,-0.0002,-0.0035,1.1981,0.0877,0.0475,-0.1317,0.2563,-0.0043,1.1186,0.2685,0.2834,36.8692,38.2462,-0.0734,nan,nan,nan,nan
55.3819,-0.0002,-0.0034,1.1981,0.0987,0.0496,-0.1333,0.2563,-0.0041,1.1186,0.2685,0.3025,36.8677,38.2451,-0.0747,nan,nan,nan,nan
55.4160,-0.0002,-0.0033,1.1981,0.1102,0.0513,-0.1321,0.2563,-0.0040,1.1186,0.2685,0.3012,36.8665,38.2440,-0.0727,nan,nan,nan,nan
55.4403,-0.0002,-0.0033,1.1981,0.1102,0.0513,-0.1321,0.2563,-0.0040,1.1186,0.2685,0.2962,36.8649,38.2452,-0.0695,nan,nan,nan,nan
55.4674,-0.0001,-0.0032,1.1981,0.1204,0.0526,-0.1297,0.2563,-0.0039,1.1186,0.2685,0.2947,36.8645,38.2463,-0.0685,nan,nan,nan,nan
55.4923,-0.0001,-0.0032,1.1981,0.1287,0.0540,-0.1271,0.2563,-0.0039,1.1185,0.2685,0.2904,36.8646,38.2472,-0.0628,nan,nan,nan,nan
55.5248,-0.0001,-0.0031,1.1981,0.1349,0.0551,-0.1245,0.2564,-0.0038,1.1185,0.2685,0.2909,36.8640,38.2484,-0.0510,nan,nan,nan,nan
55.5525,-0.0001,-0.0031,1.1981,0.1349,0.0551,-0.1245,0.2564,-0.0037,1.1185,0.2685,0.2877,36.8622,38.2502,-0.0389,nan,nan,nan,nan
55.5731,-0.0001,-0.0030,1.1981,0.1402,0.0556,-0.1210,0.2564,-0.0037,1.1185,0.2685,0.2829,36.8586,38.2547,-0.0218,nan,nan,nan,nan
55.5965,-0.0001,-0.0030,1.1981,0.1442,0.0556,-0.1168,0.2564,-0.0037,1.1185,0.2685,0.2788,36.8568,38.2578,-0.0081,nan,nan,nan,nan
55.6286,-0.0001,-0.0029,1.1981,0.1472,0.0554,-0.1113,0.2564,-0.0037,1.1185,0.2685,0.2637,36.8546,38.2612,0.0225,nan,nan,nan,nan
55.6570,-0.0000,-0.0029,1.1981,0.1490,0.0555,-0.1053,0.2564,-0.0037,1.1185,0.2685,0.2469,36.8551,38.2652,0.0358,nan,nan,nan,nan
55.6803,-0.0000,-0.0029,1.1981,0.1490,0.0555,-0.1053,0.2564,-0.0037,1.1186,0.2685,0.2394,36.8568,38.2683,0.0395,nan,nan,nan,nan
55.7013,0.0000,-0.0029,1.1981,0.1487,0.0556,-0.0999,0.2564,-0.0036,1.1186,0.2685,0.2376,36.8581,38.2716,0.0426,nan,nan,nan,nan
55.7228,0.0000,-0.0028,1.1981,0.1465,0.0559,-0.0953,0.2565,-0.0036,1.1186,0.2685,0.2373,36.8611,38.2752,0.0477,nan,nan,nan,nan
55.7478,0.0001,-0.0028,1.1981,0.1465,0.0559,-0.0953,0.2565,-0.0036,1.1186,0.2685,0.2366,36.8621,38.2777,0.0521,nan,nan,nan,nan
55.7679,0.0001,-0.0028,1.1981,0.1429,0.0558,-0.0905,0.2565,-0.0036,1.1186,0.2685,0.2367,36.8633,38.2794,0.0569,nan,nan,nan,nan
55.7888,0.0001,-0.0028,1.1981,0.1379,0.0555,-0.0860,0.2565,-0.0035,1.1186,0.2685,0.2409,36.8659,38.2816,0.0678,nan,nan,nan,nan
55.8188,0.0001,-0.0028,1.1981,0.1318,0.0551,-0.0817,0.2566,-0.0035,1.1186,0.2684,0.2466,36.8686,38.2831,0.0771,nan,nan,nan,nan
55.8395,0.0002,-0.0028,1.1981,0.1318,0.0551,-0.0817,0.2566,-0.0035,1.1186,0.2684,0.2505,36.8703,38.2822,0.0804,nan,nan,nan,nan
55.8598,0.0002,-0.0028,1.1981,0.1241,0.0544,-0.0778,0.2566,-0.0034,1.1187,0.2684,0.2618,36.8716,38.2815,0.0873,nan,nan,nan,nan
55.8826,0.0002,-0.0028,1.1981,0.1149,0.0532,-0.0748,0.2566,-0.0034,1.1187,0.2684,0.2766,36.8718,38.2822,0.0961,nan,nan,nan,nan
55.9075,0.0003,-0.0028,1.1981,0.1149,0.0532,-0.0748,0.2567,-0.0033,1.1187,0.2684,0.2880,36.8720,38.2825,0.1010,nan,nan,nan,nan
55.9291,0.0003,-0.0029,1.1981,0.1047,0.0517,-0.0721,0.2567,-0.0033,1.1187,0.2684,0.3036,36.8735,38.2812,0.1035,nan,nan,nan,nan
55.9562,0.0003,-0.0029,1.1981,0.0940,0.0502,-0.0691,0.2567,-0.0032,1.1187,0.2684,0.3181,36.8759,38.2798,0.1045,nan,nan,nan,nan
55.9772,0.0004,-0.0029,1.1981,0.0940,0.0502,-0.0691,0.2568,-0.0032,1.1187,0.2684,0.3314,36.8785,38.2786,0.1083,nan,nan,nan,nan
55.9976,0.0004,-0.0029,1.1981,0.0822,0.0483,-0.0653,0.2568,-0.0032,1.1187,0.2684,0.3382,36.8800,38.2779,0.1065,nan,nan,nan,nan
56.0231,0.0004,-0.0029,1.1981,0.0709,0.0461,-0.0600,0.2569,-0.0032,1.1187,0.2684,0.3385,36.8812,38.2779,0.1029,nan,nan,nan,nan
56.0570,0.0005,-0.0030,1.1981,0.0602,0.0433,-0.0541,0.2569,-0.0032,1.1187,0.2684,0.3338,36.8826,38.2762,0.0918,nan,nan,nan,nan
56.0822,0.0005,-0.0030,1.1981,0.0602,0.0433,-0.0541,0.2570,-0.0033,1.1187,0.2684,0.3298,36.8833,38.2741,0.0856,nan,nan,nan,nan
56.1075,0.0005,-0.0030,1.1981,0.0487,0.0402,-0.0475,0.2570,-0.0033,1.1187,0.2685,0.3274,36.8834,38.2728,0.0851,nan,nan,nan,nan
56.1283,0.0006,-0.0030,1.1981,0.0380,0.0365,-0.0398,0.2570,-0.0034,1.1187,0.2685,0.3086,36.8805,38.2683,0.0842,nan,nan,nan,nan
56.1502,0.0006,-0.0030,1.1981,0.0380,0.0365,-0.0398,0.2571,-0.0035,1.1188,0.2685,0.2947,36.8801,38.2679,0.0847,nan,nan,nan,nan
56.1745,0.0007,-0.0031,1.1981,0.0278,0.0333,-0.0310,0.2572,-0.0036,1.1188,0.2685,0.2665,36.8834,38.2652,0.0815,nan,nan,nan,nan
56.1950,0.0007,-0.0031,1.1981,0.0169,0.0304,-0.0228,0.2572,-0.0037,1.1188,0.2685,0.2507,36.8843,38.2640,0.0763,nan,nan,nan,nan
56.2189,0.0008,-0.0031,1.1981,0.0051,0.0274,-0.0154,0.2573,-0.0037,1.1188,0.2685,0.2378,36.8853,38.2630,0.0679,nan,nan,nan,nan
56.2419,0.0008,-0.0031,1.1981,-0.0065,0.0239,-0.0079,0.2573,-0.0038,1.1188,0.2685,0.2162,36.8832,38.2603,0.0565,nan,nan,nan,nan
56.2723,0.0009,-0.0032,1.1981,-0.0166,0.0203,0.0004,0.2574,-0.0040,1.1188,0.2685,0.1841,36.8823,38.2580,0.0464,nan,nan,nan,nan
56.2926,0.0009,-0.0032,1.1981,-0.0166,0.0203,0.0004,0.2574,-0.0041,1.1188,0.2685,0.1519,36.8830,38.2582,0.0390,nan,nan,nan,nan
56.3149,0.0010,-0.0032,1.1981,-0.0257,0.0169,0.0096,0.2575,-0.0042,1.1188,0.2685,0.1317,36.8824,38.2596,0.0351,nan,nan,nan,nan
56.3402,0.0010,-0.0032,1.1981,-0.0353,0.0130,0.0178,0.2575,-0.0043,1.1188,0.2685,0.1074,36.8794,38.2634,0.0261,nan,nan,nan,nan
56.3643,0.0011,-0.0032,1.1981,-0.0353,0.0130,0.0178,0.2576,-0.0044,1.1189,0.2685,0.0919,36.8772,38.2692,0.0125,nan,nan,nan,nan
56.3880,0.0011,-0.0033,1.1981,-0.0455,0.0092,0.0233,0.2576,-0.0044,1.1189,0.2685,0.0900,36.8766,38.2704,0.0073,nan,nan,nan,nan
56.4271,0.0012,-0.0033,1.1981,-0.0569,0.0056,0.0256,0.2577,-0.0044,1.1189,0.2685,0.0957,36.8755,38.2701,-0.0050,nan,nan,nan,nan
56.4533,0.0012,-0.0033,1.1982,-0.0569,0.0056,0.0256,0.2577,-0.0044,1.1189,0.2685,0.1010,36.8741,38.2685,-0.0045,nan,nan,nan,nan
56.4795,0.0012,-0.0033,1.1982,-0.0674,0.0020,0.0273,0.2578,-0.0044,1.1189,0.2685,0.1022,36.8735,38.2684,-0.0041,nan,nan,nan,nan
56.5099,0.0013,-0.0033,1.1982,-0.0772,-0.0017,0.0292,0.2578,-0.0044,1.1189,0.2685,0.1061,36.8710,38.2690,-0.0059,nan,nan,nan,nan
56.5357,0.0013,-0.0034,1.1982,-0.0772,-0.0017,0.0292,0.2579,-0.0044,1.1189,0.2685,0.1081,36.8696,38.2702,-0.0062,nan,nan,nan,nan
56.5634,0.0014,-0.0034,1.1982,-0.0859,-0.0055,0.0303,0.2579,-0.0044,1.1189,0.2685,0.1110,36.8679,38.2704,-0.0048,nan,nan,nan,nan
56.5930,0.0014,-0.0034,1.1982,-0.0942,-0.0091,0.0308,0.2579,-0.0044,1.1189,0.2685,0.1176,36.8658,38.2677,-0.0023,nan,nan,nan,nan
56.6166,0.0015,-0.0034,1.1982,-0.0942,-0.0091,0.0308,0.2580,-0.0044,1.1189,0.2685,0.1254,36.8647,38.2678,0.0038,nan,nan,nan,nan
56.6369,0.0015,-0.0034,1.1982,-0.1024,-0.0126,0.0306,0.2581,-0.0044,1.1189,0.2685,0.1375,36.8647,38.2653,0.0127,nan,nan,nan,nan
56.6603,0.0016,-0.0034,1.1982,-0.1103,-0.0159,0.0293,0.2581,-0.0044,1.1189,0.2685,0.1489,36.8645,38.2635,0.0188,nan,nan,nan,nan
56.6980,0.0016,-0.0034,1.1982,-0.1177,-0.0193,0.0271,0.2582,-0.0043,1.1190,0.2685,0.1727,36.8639,38.2661,0.0282,nan,nan,nan,nan
56.7255,0.0017,-0.0034,1.1982,-0.1177,-0.0193,0.0271,0.2582,-0.0042,1.1190,0.2685,0.1861,36.8651,38.2710,0.0312,nan,nan,nan,nan
56.7539,0.0017,-0.0034,1.1982,-0.1238,-0.0223,0.0255,0.2582,-0.0042,1.1190,0.2685,0.1920,36.8659,38.2743,0.0330,nan,nan,nan,nan
56.7839,0.0017,-0.0034,1.1982,-0.1280,-0.0253,0.0253,0.2583,-0.0042,1.1191,0.2685,0.1929,36.8691,38.2770,0.0344,nan,nan,nan,nan
56.8071,0.0018,-0.0034,1.1982,-0.1280,-0.0253,0.0253,0.2583,-0.0042,1.1191,0.2684,0.1889,36.8708,38.2788,0.0361,nan,nan,nan,nan
56.8325,0.0018,-0.0034,1.1982,-0.1303,-0.0288,0.0262,0.2583,-0.0042,1.1191,0.2684,0.1807,36.8725,38.2812,0.0390,nan,nan,nan,nan
56.8625,0.0019,-0.0034,1.1982,-0.1321,-0.0323,0.0274,0.2584,-0.0043,1.1191,0.2684,0.1722,36.8747,38.2821,0.0421,nan,nan,nan,nan
56.8848,0.0019,-0.0033,1.1982,-0.1321,-0.0323,0.0274,0.2584,-0.0043,1.1191,0.2684,0.1617,36.8771,38.2786,0.0495,nan,nan,nan,nan
56.9081,0.0019,-0.0033,1.1982,-0.1324,-0.0360,0.0283,0.2585,-0.0043,1.1192,0.2684,0.1544,36.8774,38.2771,0.0559,nan,nan,nan,nan
56.9308,0.0020,-0.0033,1.1982,-0.1321,-0.0397,0.0295,0.2585,-0.0043,1.1192,0.2684,0.1429,36.8789,38.2759,0.0643,nan,nan,nan,nan
56.9671,0.0020,-0.0032,1.1982,-0.1305,-0.0428,0.0307,0.2586,-0.0043,1.1192,0.2684,0.1232,36.8826,38.2739,0.0714,nan,nan,nan,nan
56.9915,0.0021,-0.0032,1.1982,-0.1277,-0.0461,0.0327,0.2586,-0.0044,1.1192,0.2684,0.0967,36.8841,38.2740,0.0728,nan,nan,nan,nan
57.0149,0.0021,-0.0031,1.1982,-0.1239,-0.0495,0.0348,0.2587,-0.0044,1.1192,0.2684,0.0658,36.8844,38.2757,0.0692,nan,nan,nan,nan
57.0522,0.0022,-0.0030,1.1982,-0.1195,-0.0527,0.0369,0.2587,-0.0045,1.1193,0.2684,0.0361,36.8850,38.2783,0.0669,nan,nan,nan,nan
57.0889,0.0022,-0.0030,1.1982,-0.1151,-0.0559,0.0379,0.2588,-0.0045,1.1193,0.2684,0.0144,36.8840,38.2807,0.0660,nan,nan,nan,nan
57.1169,0.0022,-0.0029,1.1982,-0.1151,-0.0559,0.0379,0.2588,-0.0045,1.1193,0.2684,0.0018,36.8838,38.2831,0.0608,nan,nan,nan,nan
57.1415,0.0023,-0.0029,1.1982,-0.1101,-0.0587,0.0378,0.2588,-0.0045,1.1193,0.2684,-0.0060,36.8836,38.2843,0.0577,nan,nan,nan,nan
57.1799,0.0023,-0.0028,1.1982,-0.1043,-0.0614,0.0369,0.2589,-0.0045,1.1193,0.2684,-0.0156,36.8816,38.2831,0.0614,nan,nan,nan,nan
57.2116,0.0023,-0.0027,1.1982,-0.0973,-0.0638,0.0368,0.2589,-0.0045,1.1193,0.2684,-0.0356,36.8801,38.2794,0.0730,nan,nan,nan,nan
57.2367,0.0023,-0.0026,1.1982,-0.0973,-0.0638,0.0368,0.2589,-0.0045,1.1193,0.2685,-0.0534,36.8808,38.2767,0.0755,nan,nan,nan,nan
57.2612,0.0024,-0.0026,1.1982,-0.0891,-0.0656,0.0372,0.2590,-0.0045,1.1193,0.2685,-0.0675,36.8812,38.2752,0.0759,nan,nan,nan,nan
57.2918,0.0024,-0.0025,1.1982,-0.0805,-0.0666,0.0380,0.2590,-0.0045,1.1193,0.2685,-0.0878,36.8813,38.2757,0.0735,nan,nan,nan,nan
57.3159,0.0024,-0.0025,1.1982,-0.0805,-0.0666,0.0380,0.2590,-0.0045,1.1194,0.2685,-0.0992,36.8814,38.2760,0.0719,nan,nan,nan,nan
57.3371,0.0024,-0.0024,1.1982,-0.0712,-0.0671,0.0376,0.2590,-0.0045,1.1194,0.2685,-0.1162,36.8810,38.2763,0.0699,nan,nan,nan,nan
57.3672,0.0024,-0.0023,1.1982,-0.0610,-0.0671,0.0376,0.2590,-0.0045,1.1194,0.2685,-0.1356,36.8807,38.2771,0.0651,nan,nan,nan,nan
57.3887,0.0024,-0.0022,1.1983,-0.0610,-0.0671,0.0376,0.2590,-0.0045,1.1194,0.2685,-0.1570,36.8805,38.2788,0.0609,nan,nan,nan,nan
57.4115,0.0025,-0.0022,1.1983,-0.0502,-0.0664,0.0378,0.2590,-0.0045,1.1194,0.2684,-0.1686,36.8803,38.2801,0.0600,nan,nan,nan,nan
57.4385,0.0025,-0.0021,1.1983,-0.0397,-0.0650,0.0366,0.2590,-0.0044,1.1194,0.2684,-0.1811,36.8802,38.2865,0.0559,nan,nan,nan,nan
57.4713,0.0025,-0.0020,1.1983,-0.0293,-0.0631,0.0342,0.2590,-0.0044,1.1194,0.2684,-0.1871,36.8795,38.2922,0.0499,nan,nan,nan,nan
57.4948,0.0025,-0.0019,1.1983,-0.0293,-0.0631,0.0342,0.2590,-0.0043,1.1194,0.2684,-0.1934,36.8803,38.2954,0.0445,nan,nan,nan,nan
57.5207,0.0025,-0.0018,1.1983,-0.0175,-0.0604,0.0318,0.2590,-0.0043,1.1194,0.2684,-0.2072,36.8830,38.3019,0.0283,nan,nan,nan,nan
57.5489,0.0025,-0.0018,1.1983,-0.0056,-0.0573,0.0294,0.2590,-0.0042,1.1194,0.2684,-0.2126,36.8848,38.3037,0.0185,nan,nan,nan,nan
57.5749,0.0025,-0.0017,1.1983,-0.0056,-0.0573,0.0294,0.2590,-0.0042,1.1194,0.2684,-0.2143,36.8866,38.3047,0.0093,nan,nan,nan,nan
57.5969,0.0025,-0.0016,1.1983,0.0056,-0.0538,0.0253,0.2590,-0.0041,1.1194,0.2684,-0.2039,36.8891,38.3006,-0.0078,nan,nan,nan,nan
57.6176,0.0025,-0.0016,1.1983,0.0158,-0.0504,0.0193,0.2590,-0.0040,1.1194,0.2684,-0.1937,36.8907,38.2986,-0.0126,nan,nan,nan,nan
57.6417,0.0025,-0.0015,1.1983,0.0158,-0.0504,0.0193,0.2590,-0.0038,1.1194,0.2684,-0.1719,36.8956,38.2966,-0.0149,nan,nan,nan,nan
57.6670,0.0025,-0.0015,1.1983,0.0250,-0.0461,0.0117,0.2590,-0.0037,1.1194,0.2684,-0.1631,36.8973,38.2971,-0.0149,nan,nan,nan,nan
57.6935,0.0025,-0.0014,1.1983,0.0334,-0.0417,0.0035,0.2590,-0.0035,1.1194,0.2684,-0.1245,36.9023,38.2991,-0.0161,nan,nan,nan,nan
57.7175,0.0025,-0.0013,1.1983,0.0334,-0.0417,0.0035,0.2590,-0.0033,1.1194,0.2684,-0.0955,36.9040,38.2997,-0.0166,nan,nan,nan,nan
57.7407,0.0025,-0.0013,1.1983,0.0418,-0.0376,-0.0048,0.2590,-0.0032,1.1194,0.2684,-0.0755,36.9043,38.3001,-0.0148,nan,nan,nan,nan
57.7629,0.0025,-0.0012,1.1983,0.0501,-0.0337,-0.0130,0.2590,-0.0031,1.1194,0.2684,-0.0461,36.9045,38.3006,-0.0131,nan,nan,nan,nan
57.7960,0.0025,-0.0011,1.1983,0.0582,-0.0293,-0.0210,0.2590,-0.0028,1.1194,0.2684,-0.0089,36.9070,38.2999,-0.0175,nan,nan,nan,nan
57.8318,0.0025,-0.0011,1.1983,0.0661,-0.0249,-0.0283,0.2590,-0.0026,1.1194,0.2684,0.0235,36.9097,38.2987,-0.0233,nan,nan,nan,nan
57.8584,0.0025,-0.0010,1.1983,0.0661,-0.0249,-0.0283,0.2590,-0.0025,1.1194,0.2684,0.0383,36.9103,38.2986,-0.0238,nan,nan,nan,nan
57.8814,0.0025,-0.0009,1.1983,0.0741,-0.0208,-0.0345,0.2590,-0.0024,1.1194,0.2684,0.0553,36.9103,38.2974,-0.0243,nan,nan,nan,nan
57.9069,0.0024,-0.0009,1.1983,0.0821,-0.0163,-0.0393,0.2589,-0.0023,1.1194,0.2684,0.0671,36.9124,38.2974,-0.0302,nan,nan,nan,nan
57.9375,0.0024,-0.0008,1.1983,0.0899,-0.0114,-0.0432,0.2589,-0.0022,1.1194,0.2684,0.0785,36.9178,38.2959,-0.0353,nan,nan,nan,nan
57.9630,0.0024,-0.0008,1.1983,0.0966,-0.0070,-0.0468,0.2589,-0.0020,1.1194,0.2684,0.0924,36.9200,38.2962,-0.0374,nan,nan,nan,nan
57.9924,0.0024,-0.0007,1.1983,0.1027,-0.0030,-0.0501,0.2589,-0.0019,1.1193,0.2684,0.1070,36.9199,38.2975,-0.0329,nan,nan,nan,nan
58.0320,0.0024,-0.0006,1.1983,0.1084,0.0005,-0.0527,0.2589,-0.0018,1.1193,0.2684,0.1152,36.9200,38.2962,-0.0231,nan,nan,nan,nan
58.0634,0.0024,-0.0006,1.1983,0.1139,0.0035,-0.0544,0.2589,-0.0017,1.1193,0.2684,0.1189,36.9193,38.2956,-0.0179,nan,nan,nan,nan
58.0907,0.0024,-0.0005,1.1983,0.1139,0.0035,-0.0544,0.2588,-0.0017,1.1193,0.2684,0.1178,36.9183,38.2962,-0.0194,nan,nan,nan,nan
58.1111,0.0024,-0.0005,1.1983,0.1185,0.0060,-0.0543,0.2588,-0.0017,1.1193,0.2684,0.1148,36.9172,38.2972,-0.0193,nan,nan,nan,nan
58.1386,0.0024,-0.0005,1.1983,0.1185,0.0060,-0.0543,0.2588,-0.0017,1.1193,0.2684,0.1093,36.9161,38.2991,-0.0189,nan,nan,nan,nan
58.1607,0.0024,-0.0004,1.1983,0.1231,0.0084,-0.0527,0.2588,-0.0017,1.1193,0.2684,0.0954,36.9143,38.3028,-0.0165,nan,nan,nan,nan
58.1890,0.0024,-0.0004,1.1983,0.1281,0.0102,-0.0495,0.2588,-0.0017,1.1193,0.2683,0.0731,36.9120,38.3058,-0.0065,nan,nan,nan,nan
58.2243,0.0023,-0.0003,1.1983,0.1339,0.0120,-0.0447,0.2588,-0.0018,1.1193,0.2683,0.0313,36.9119,38.3084,0.0035,nan,nan,nan,nan
58.2475,0.0023,-0.0003,1.1983,0.1339,0.0120,-0.0447,0.2588,-0.0019,1.1193,0.2683,0.0098,36.9121,38.3076,0.0086,nan,nan,nan,nan
58.2699,0.0023,-0.0003,1.1983,0.1386,0.0137,-0.0395,0.2588,-0.0020,1.1193,0.2683,-0.0096,36.9120,38.3077,0.0139,nan,nan,nan,nan
58.3027,0.0023,-0.0003,1.1983,0.1418,0.0155,-0.0352,0.2588,-0.0020,1.1193,0.2683,-0.0415,36.9127,38.3106,0.0194,nan,nan,nan,nan
58.3257,0.0023,-0.0002,1.1983,0.1418,0.0155,-0.0352,0.2588,-0.0021,1.1193,0.2683,-0.0592,36.9153,38.3139,0.0199,nan,nan,nan,nan
58.3480,0.0023,-0.0002,1.1983,0.1435,0.0177,-0.0322,0.2587,-0.0021,1.1193,0.2683,-0.0635,36.9160,38.3155,0.0192,nan,nan,nan,nan
58.3689,0.0023,-0.0002,1.1983,0.1433,0.0198,-0.0310,0.2587,-0.0021,1.1193,0.2683,-0.0696,36.9177,38.3200,0.0200,nan,nan,nan,nan
58.3996,0.0023,-0.0002,1.1983,0.1414,0.0216,-0.0314,0.2587,-0.0020,1.1193,0.2683,-0.0602,36.9187,38.3230,0.0230,nan,nan,nan,nan
58.4213,0.0023,-0.0002,1.1983,0.1414,0.0216,-0.0314,0.2587,-0.0020,1.1193,0.2683,-0.0512,36.9198,38.3257,0.0203,nan,nan,nan,nan
58.4421,0.0023,-0.0002,1.1983,0.1391,0.0232,-0.0321,0.2587,-0.0020,1.1193,0.2683,-0.0494,36.9196,38.3271,0.0182,nan,nan,nan,nan
58.4710,0.0023,-0.0002,1.1983,0.1369,0.0246,-0.0317,0.2587,-0.0020,1.1193,0.2683,-0.0455,36.9202,38.3318,0.0075,nan,nan,nan,nan
58.4942,0.0023,-0.0002,1.1983,0.1369,0.0246,-0.0317,0.2587,-0.0020,1.1193,0.2683,-0.0456,36.9212,38.3334,0.0028,nan,nan,nan,nan
58.5147,0.0023,-0.0003,1.1983,0.1347,0.0256,-0.0306,0.2587,-0.0020,1.1193,0.2683,-0.0460,36.9216,38.3346,0.0002,nan,nan,nan,nan
58.5494,0.0023,-0.0003,1.1983,0.1325,0.0262,-0.0293,0.2587,-0.0020,1.1193,0.2683,-0.0492,36.9215,38.3378,-0.0039,nan,nan,nan,nan
58.5759,0.0023,-0.0003,1.1983,0.1303,0.0264,-0.0268,0.2587,-0.0021,1.1193,0.2683,-0.0603,36.9207,38.3388,-0.0102,nan,nan,nan,nan
58.6016,0.0023,-0.0003,1.1983,0.1303,0.0264,-0.0268,0.2587,-0.0022,1.1193,0.2683,-0.0787,36.9193,38.3372,-0.0139,nan,nan,nan,nan
58.6224,0.0023,-0.0003,1.1983,0.1285,0.0258,-0.0221,0.2587,-0.0023,1.1193,0.2683,-0.0959,36.9183,38.3369,-0.0137,nan,nan,nan,nan
58.6507,0.0023,-0.0003,1.1983,0.1280,0.0250,-0.0163,0.2587,-0.0024,1.1193,0.2683,-0.1270,36.9173,38.3343,-0.0134,nan,nan,nan,nan
58.6822,0.0023,-0.0004,1.1983,0.1276,0.0241,-0.0098,0.2587,-0.0026,1.1193,0.2683,-0.1728,36.9176,38.3321,-0.0103,nan,nan,nan,nan
58.7054,0.0023,-0.0004,1.1983,0.1276,0.0241,-0.0098,0.2587,-0.0027,1.1193,0.2683,-0.1984,36.9200,38.3284,-0.0045,nan,nan,nan,nan
58.7333,0.0023,-0.0004,1.1983,0.1256,0.0235,-0.0050,0.2587,-0.0028,1.1193,0.2683,-0.2088,36.9220,38.3244,-0.0014,nan,nan,nan,nan
58.7581,0.0023,-0.0005,1.1983,0.1217,0.0228,-0.0031,0.2587,-0.0028,1.1193,0.2683,-0.2104,36.9231,38.3243,0.0001,nan,nan,nan,nan
58.7870,0.0023,-0.0005,1.1982,0.1166,0.0222,-0.0028,0.2587,-0.0029,1.1193,0.2683,-0.2051,36.9262,38.3242,-0.0073,nan,nan,nan,nan
58.8232,0.0023,-0.0006,1.1982,0.1106,0.0215,-0.0037,0.2587,-0.0029,1.1193,0.2683,-0.1907,36.9296,38.3205,-0.0176,nan,nan,nan,nan
58.8491,0.0023,-0.0006,1.1982,0.1106,0.0215,-0.0037,0.2588,-0.0029,1.1193,0.2683,-0.1769,36.9302,38.3147,-0.0257,nan,nan,nan,nan
58.8704,0.0024,-0.0007,1.1982,0.1044,0.0201,-0.0053,0.2588,-0.0029,1.1193,0.2683,-0.1619,36.9309,38.3132,-0.0337,nan,nan,nan,nan
58.8946,0.0024,-0.0007,1.1982,0.0983,0.0190,-0.0070,0.2588,-0.0029,1.1193,0.2683,-0.1530,36.9325,38.3125,-0.0375,nan,nan,nan,nan
58.9164,0.0024,-0.0008,1.1982,0.0983,0.0190,-0.0070,0.2588,-0.0029,1.1193,0.2683,-0.1430,36.9336,38.3125,-0.0461,nan,nan,nan,nan
58.9382,0.0024,-0.0008,1.1982,0.0922,0.0175,-0.0078,0.2588,-0.0030,1.1193,0.2683,-0.1407,36.9340,38.3135,-0.0500,nan,nan,nan,nan
58.9682,0.0024,-0.0009,1.1982,0.0867,0.0155,-0.0075,0.2588,-0.0030,1.1193,0.2683,-0.1377,36.9342,38.3152,-0.0647,nan,nan,nan,nan
58.9896,0.0024,-0.0010,1.1982,0.0867,0.0155,-0.0075,0.2588,-0.0031,1.1193,0.2683,-0.1361,36.9345,38.3138,-0.0702,nan,nan,nan,nan
59.0109,0.0024,-0.0010,1.1982,0.0821,0.0129,-0.0076,0.2588,-0.0031,1.1193,0.2683,-0.1353,36.9346,38.3109,-0.0711,nan,nan,nan,nan
59.0351,0.0024,-0.0011,1.1982,0.0777,0.0097,-0.0074,0.2588,-0.0032,1.1193,0.2683,-0.1362,36.9329,38.3098,-0.0703,nan,nan,nan,nan
59.0675,0.0024,-0.0012,1.1982,0.0733,0.0063,-0.0069,0.2589,-0.0033,1.1193,0.2683,-0.1410,36.9300,38.3114,-0.0655,nan,nan,nan,nan
59.0877,0.0024,-0.0012,1.1982,0.0733,0.0063,-0.0069,0.2589,-0.0034,1.1193,0.2683,-0.1410,36.9288,38.3128,-0.0662,nan,nan,nan,nan
59.1102,0.0024,-0.0013,1.1982,0.0684,0.0028,-0.0073,0.2589,-0.0034,1.1193,0.2683,-0.1363,36.9253,38.3127,-0.0695,nan,nan,nan,nan
59.1359,0.0025,-0.0014,1.1982,0.0628,-0.0009,-0.0081,0.2589,-0.0035,1.1193,0.2683,-0.1300,36.9219,38.3111,-0.0746,nan,nan,nan,nan
59.1660,0.0025,-0.0015,1.1982,0.0570,-0.0042,-0.0095,0.2589,-0.0035,1.1193,0.2683,-0.1181,36.9187,38.3140,-0.0791,nan,nan,nan,nan
59.1915,0.0025,-0.0015,1.1982,0.0570,-0.0042,-0.0095,0.2589,-0.0036,1.1193,0.2683,-0.1154,36.9171,38.3161,-0.0796,nan,nan,nan,nan
59.2155,0.0025,-0.0016,1.1982,0.0521,-0.0075,-0.0101,0.2589,-0.0037,1.1193,0.2683,-0.1150,36.9135,38.3213,-0.0780,nan,nan,nan,nan
59.2363,0.0025,-0.0017,1.1982,0.0474,-0.0109,-0.0109,0.2589,-0.0037,1.1193,0.2683,-0.1082,36.9112,38.3267,-0.0774,nan,nan,nan,nan
59.2710,0.0025,-0.0018,1.1982,0.0413,-0.0137,-0.0132,0.2589,-0.0038,1.1193,0.2683,-0.0951,36.9112,38.3287,-0.0774,nan,nan,nan,nan
59.2989,0.0025,-0.0019,1.1982,0.0413,-0.0137,-0.0132,0.2590,-0.0038,1.1194,0.2683,-0.0870,36.9106,38.3297,-0.0757,nan,nan,nan,nan
59.3235,0.0025,-0.0019,1.1982,0.0354,-0.0166,-0.0154,0.2590,-0.0039,1.1194,0.2683,-0.0775,36.9108,38.3316,-0.0712,nan,nan,nan,nan
59.3475,0.0025,-0.0020,1.1982,0.0298,-0.0192,-0.0167,0.2590,-0.0039,1.1194,0.2683,-0.0714,36.9120,38.3317,-0.0616,nan,nan,nan,nan
59.3832,0.0025,-0.0021,1.1982,0.0241,-0.0217,-0.0184,0.2590,-0.0040,1.1194,0.2683,-0.0593,36.9144,38.3339,-0.0408,nan,nan,nan,nan
59.4216,0.0026,-0.0022,1.1982,0.0180,-0.0239,-0.0216,0.2590,-0.0041,1.1194,0.2683,-0.0378,36.9169,38.3375,-0.0250,nan,nan,nan,nan
59.4440,0.0026,-0.0023,1.1982,0.0180,-0.0239,-0.0216,0.2590,-0.0041,1.1194,0.2683,-0.0250,36.9164,38.3395,-0.0213,nan,nan,nan,nan
59.4646,0.0026,-0.0024,1.1982,0.0119,-0.0269,-0.0254,0.2590,-0.0041,1.1194,0.2683,0.0018,36.9141,38.3426,-0.0162,nan,nan,nan,nan
59.4856,0.0026,-0.0025,1.1982,0.0057,-0.0298,-0.0292,0.2590,-0.0041,1.1195,0.2683,0.0147,36.9145,38.3434,-0.0154,nan,nan,nan,nan
59.5098,0.0026,-0.0026,1.1982,-0.0004,-0.0325,-0.0327,0.2590,-0.0041,1.1195,0.2683,0.0387,36.9161,38.3446,-0.0164,nan,nan,nan,nan
59.5331,0.0026,-0.0027,1.1982,-0.0004,-0.0325,-0.0327,0.2590,-0.0042,1.1195,0.2682,0.0551,36.9166,38.3450,-0.0154,nan,nan,nan,nan
59.5551,0.0026,-0.0027,1.1982,-0.0066,-0.0354,-0.0360,0.2590,-0.0042,1.1195,0.2683,0.0602,36.9161,38.3450,-0.0159,nan,nan,nan,nan
59.5881,0.0026,-0.0028,1.1982,-0.0127,-0.0388,-0.0391,0.2590,-0.0042,1.1195,0.2683,0.0799,36.9137,38.3422,-0.0195,nan,nan,nan,nan
59.6123,0.0026,-0.0029,1.1982,-0.0127,-0.0388,-0.0391,0.2590,-0.0043,1.1195,0.2683,0.0896,36.9111,38.3371,-0.0244,nan,nan,nan,nan
59.6356,0.0026,-0.0030,1.1982,-0.0185,-0.0422,-0.0410,0.2591,-0.0044,1.1195,0.2683,0.0911,36.9104,38.3350,-0.0261,nan,nan,nan,nan
59.6708,0.0026,-0.0031,1.1982,-0.0241,-0.0453,-0.0416,0.2591,-0.0044,1.1195,0.2683,0.0941,36.9082,38.3287,-0.0314,nan,nan,nan,nan
59.6964,0.0026,-0.0032,1.1982,-0.0298,-0.0484,-0.0425,0.2591,-0.0045,1.1194,0.2683,0.0979,36.9037,38.3225,-0.0312,nan,nan,nan,nan
59.7304,0.0026,-0.0033,1.1982,-0.0358,-0.0513,-0.0438,0.2591,-0.0046,1.1194,0.2683,0.1042,36.8997,38.3180,-0.0333,nan,nan,nan,nan
59.7555,0.0026,-0.0034,1.1982,-0.0358,-0.0513,-0.0438,0.2591,-0.0047,1.1194,0.2683,0.1077,36.8990,38.3174,-0.0314,nan,nan,nan,nan
59.7768,0.0026,-0.0034,1.1982,-0.0420,-0.0532,-0.0453,0.2591,-0.0048,1.1194,0.2683,0.1155,36.8987,38.3170,-0.0257,nan,nan,nan,nan
59.8051,0.0025,-0.0035,1.1982,-0.0481,-0.0546,-0.0469,0.2591,-0.0048,1.1194,0.2683,0.1197,36.8985,38.3153,-0.0281,nan,nan,nan,nan
59.8259,0.0025,-0.0036,1.1982,-0.0481,-0.0546,-0.0469,0.2591,-0.0049,1.1194,0.2684,0.1252,36.8982,38.3135,-0.0327,nan,nan,nan,nan
59.8505,0.0025,-0.0036,1.1982,-0.0544,-0.0557,-0.0488,0.2591,-0.0049,1.1194,0.2684,0.1315,36.8988,38.3124,-0.0390,nan,nan,nan,nan
59.8712,0.0025,-0.0037,1.1982,-0.0606,-0.0565,-0.0501,0.2590,-0.0050,1.1194,0.2683,0.1355,36.8990,38.3147,-0.0433,nan,nan,nan,nan
59.8973,0.0025,-0.0038,1.1982,-0.0606,-0.0565,-0.0501,0.2590,-0.0051,1.1194,0.2683,0.1350,36.8986,38.3180,-0.0415,nan,nan,nan,nan
59.9249,0.0025,-0.0038,1.1982,-0.0665,-0.0569,-0.0501,0.2590,-0.0051,1.1194,0.2683,0.1332,36.8995,38.3188,-0.0391,nan,nan,nan,nan
59.9581,0.0025,-0.0039,1.1982,-0.0722,-0.0567,-0.0495,0.2590,-0.0052,1.1194,0.2683,0.1284,36.9008,38.3170,-0.0390,nan,nan,nan,nan
59.9890,0.0025,-0.0040,1.1982,-0.0774,-0.0561,-0.0483,0.2590,-0.0053,1.1194,0.2683,0.1169,36.9026,38.3148,-0.0401,nan,nan,nan,nan
60.0145,0.0024,-0.0040,1.1982,-0.0774,-0.0561,-0.0483,0.2590,-0.0055,1.1194,0.2683,0.1084,36.9026,38.3166,-0.0410,nan,nan,nan,nan
60.0390,0.0024,-0.0041,1.1982,-0.0818,-0.0549,-0.0468,0.2589,-0.0055,1.1194,0.2683,0.0997,36.9028,38.3176,-0.0395,nan,nan,nan,nan
60.0688,0.0024,-0.0041,1.1982,-0.0869,-0.0532,-0.0458,0.2589,-0.0056,1.1194,0.2683,0.0901,36.9048,38.3169,-0.0330,nan,nan,nan,nan
60.0923,0.0024,-0.0042,1.1982,-0.0869,-0.0532,-0.0458,0.2589,-0.0057,1.1194,0.2683,0.0924,36.9064,38.3148,-0.0288,nan,nan,nan,nan
60.1152,0.0024,-0.0042,1.1982,-0.0930,-0.0512,-0.0465,0.2589,-0.0057,1.1194,0.2683,0.0937,36.9069,38.3138,-0.0282,nan,nan,nan,nan
60.1401,0.0023,-0.0043,1.1982,-0.0992,-0.0492,-0.0473,0.2589,-0.0058,1.1194,0.2684,0.1002,36.9073,38.3091,-0.0265,nan,nan,nan,nan
60.1718,0.0023,-0.0043,1.1982,-0.1052,-0.0470,-0.0478,0.2588,-0.0058,1.1194,0.2684,0.1041,36.9065,38.3095,-0.0355,nan,nan,nan,nan
60.2018,0.0023,-0.0044,1.1982,-0.1109,-0.0447,-0.0477,0.2588,-0.0059,1.1194,0.2684,0.1066,36.9042,38.3106,-0.0462,nan,nan,nan,nan
60.2400,0.0022,-0.0045,1.1982,-0.1157,-0.0421,-0.0474,0.2587,-0.0060,1.1194,0.2684,0.1049,36.9016,38.3106,-0.0536,nan,nan,nan,nan
60.2667,0.0022,-0.0045,1.1982,-0.1157,-0.0421,-0.0474,0.2587,-0.0060,1.1193,0.2684,0.1035,36.9000,38.3104,-0.0521,nan,nan,nan,nan
60.2901,0.0022,-0.0045,1.1982,-0.1199,-0.0393,-0.0468,0.2587,-0.0061,1.1193,0.2684,0.0990,36.8984,38.3106,-0.0468,nan,nan,nan,nan
60.3125,0.0021,-0.0046,1.1982,-0.1237,-0.0362,-0.0456,0.2587,-0.0061,1.1193,0.2684,0.0947,36.8960,38.3138,-0.0422,nan,nan,nan,nan
60.3410,0.0021,-0.0046,1.1982,-0.1237,-0.0362,-0.0456,0.2586,-0.0061,1.1193,0.2684,0.0971,36.8945,38.3175,-0.0406,nan,nan,nan,nan
60.3631,0.0021,-0.0046,1.1982,-0.1277,-0.0325,-0.0458,0.2586,-0.0061,1.1193,0.2683,0.1029,36.8931,38.3211,-0.0400,nan,nan,nan,nan
60.3857,0.0021,-0.0047,1.1982,-0.1318,-0.0287,-0.0470,0.2585,-0.0061,1.1193,0.2683,0.1126,36.8913,38.3250,-0.0431,nan,nan,nan,nan
60.4184,0.0020,-0.0047,1.1982,-0.1355,-0.0249,-0.0477,0.2585,-0.0061,1.1193,0.2683,0.1244,36.8876,38.3305,-0.0446,nan,nan,nan,nan
60.4412,0.0020,-0.0047,1.1982,-0.1355,-0.0249,-0.0477,0.2584,-0.0062,1.1193,0.2683,0.1247,36.8854,38.3313,-0.0490,nan,nan,nan,nan
60.4682,0.0019,-0.0047,1.1982,-0.1375,-0.0211,-0.0470,0.2584,-0.0062,1.1193,0.2683,0.1201,36.8843,38.3318,-0.0509,nan,nan,nan,nan
60.4995,0.0019,-0.0047,1.1982,-0.1380,-0.0172,-0.0452,0.2584,-0.0062,1.1192,0.2683,0.1105,36.8838,38.3311,-0.0534,nan,nan,nan,nan
60.5248,0.0019,-0.0047,1.1982,-0.1380,-0.0172,-0.0452,0.2583,-0.0063,1.1192,0.2684,0.1008,36.8845,38.3252,-0.0575,nan,nan,nan,nan
60.5533,0.0018,-0.0047,1.1982,-0.1382,-0.0135,-0.0431,0.2583,-0.0063,1.1192,0.2684,0.0940,36.8853,38.3195,-0.0611,nan,nan,nan,nan
60.5883,0.0018,-0.0047,1.1982,-0.1382,-0.0094,-0.0414,0.2583,-0.0063,1.1192,0.2684,0.0874,36.8871,38.3144,-0.0665,nan,nan,nan,nan
60.6142,0.0018,-0.0047,1.1982,-0.1382,-0.0056,-0.0408,0.2582,-0.0063,1.1192,0.2684,0.0871,36.8887,38.3122,-0.0689,nan,nan,nan,nan
60.6478,0.0017,-0.0047,1.1982,-0.1382,-0.0020,-0.0408,0.2582,-0.0063,1.1192,0.2684,0.0915,36.8890,38.3120,-0.0654,nan,nan,nan,nan
60.6742,0.0017,-0.0047,1.1982,-0.1382,-0.0020,-0.0408,0.2581,-0.0063,1.1191,0.2684,0.0913,36.8904,38.3117,-0.0627,nan,nan,nan,nan
60.7018,0.0016,-0.0047,1.1982,-0.1374,0.0014,-0.0399,0.2581,-0.0063,1.1191,0.2684,0.0889,36.8907,38.3115,-0.0600,nan,nan,nan,nan
60.7262,0.0016,-0.0047,1.1982,-0.1357,0.0045,-0.0389,0.2581,-0.0063,1.1191,0.2684,0.0846,36.8904,38.3080,-0.0576,nan,nan,nan,nan
60.7569,0.0016,-0.0047,1.1982,-0.1335,0.0073,-0.0377,0.2580,-0.0063,1.1191,0.2684,0.0799,36.8907,38.3018,-0.0581,nan,nan,nan,nan
60.7776,0.0015,-0.0046,1.1982,-0.1335,0.0073,-0.0377,0.2580,-0.0063,1.1191,0.2684,0.0776,36.8926,38.3031,-0.0589,nan,nan,nan,nan
60.8007,0.0015,-0.0046,1.1982,-0.1311,0.0104,-0.0366,0.2580,-0.0062,1.1191,0.2684,0.0766,36.8935,38.3059,-0.0605,nan,nan,nan,nan
60.8218,0.0015,-0.0046,1.1982,-0.1285,0.0131,-0.0361,0.2579,-0.0062,1.1191,0.2684,0.0797,36.8941,38.3084,-0.0608,nan,nan,nan,nan
60.8423,0.0014,-0.0046,1.1982,-0.1285,0.0131,-0.0361,0.2579,-0.0061,1.1191,0.2684,0.0877,36.8935,38.3081,-0.0596,nan,nan,nan,nan
60.8643,0.0014,-0.0046,1.1982,-0.1266,0.0152,-0.0381,0.2579,-0.0060,1.1191,0.2684,0.1143,36.8915,38.3024,-0.0567,nan,nan,nan,nan
60.8873,0.0013,-0.0045,1.1982,-0.1248,0.0168,-0.0416,0.2578,-0.0058,1.1191,0.2684,0.1375,36.8903,38.2982,-0.0551,nan,nan,nan,nan
60.9077,0.0013,-0.0045,1.1982,-0.1230,0.0185,-0.0453,0.2578,-0.0057,1.1191,0.2684,0.1628,36.8895,38.2964,-0.0545,nan,nan,nan,nan
60.9341,0.0013,-0.0044,1.1982,-0.1207,0.0202,-0.0481,0.2577,-0.0056,1.1191,0.2684,0.1927,36.8905,38.2973,-0.0527,nan,nan,nan,nan
60.9563,0.0012,-0.0044,1.1982,-0.1207,0.0202,-0.0481,0.2577,-0.0055,1.1191,0.2684,0.2053,36.8927,38.2976,-0.0536,nan,nan,nan,nan
60.9818,0.0012,-0.0043,1.1982,-0.1168,0.0218,-0.0492,0.2577,-0.0054,1.1191,0.2684,0.2071,36.8952,38.2964,-0.0598,nan,nan,nan,nan
61.0040,0.0012,-0.0043,1.1982,-0.1113,0.0230,-0.0480,0.2577,-0.0054,1.1191,0.2684,0.2028,36.8968,38.2956,-0.0641,nan,nan,nan,nan
61.0327,0.0012,-0.0042,1.1982,-0.1051,0.0237,-0.0449,0.2576,-0.0054,1.1191,0.2684,0.1859,36.8999,38.2971,-0.0677,nan,nan,nan,nan
61.0589,0.0011,-0.0041,1.1982,-0.0983,0.0238,-0.0413,0.2576,-0.0053,1.1191,0.2684,0.1659,36.9010,38.3024,-0.0730,nan,nan,nan,nan
61.0915,0.0011,-0.0040,1.1982,-0.0912,0.0233,-0.0381,0.2575,-0.0053,1.1191,0.2684,0.1455,36.8999,38.3056,-0.0785,nan,nan,nan,nan
61.1267,0.0010,-0.0040,1.1982,-0.0849,0.0224,-0.0356,0.2575,-0.0053,1.1191,0.2684,0.1335,36.8973,38.3089,-0.0744,nan,nan,nan,nan
61.1551,0.0010,-0.0039,1.1983,-0.0785,0.0208,-0.0336,0.2574,-0.0052,1.1191,0.2684,0.1248,36.8920,38.3109,-0.0668,nan,nan,nan,nan
61.1767,0.0010,-0.0038,1.1983,-0.0785,0.0208,-0.0336,0.2574,-0.0051,1.1191,0.2684,0.1168,36.8880,38.3094,-0.0570,nan,nan,nan,nan
61.1995,0.0010,-0.0037,1.1983,-0.0717,0.0189,-0.0313,0.2574,-0.0051,1.1191,0.2684,0.1119,36.8857,38.3084,-0.0509,nan,nan,nan,nan
61.2208,0.0009,-0.0037,1.1983,-0.0651,0.0171,-0.0296,0.2574,-0.0050,1.1191,0.2684,0.1085,36.8838,38.3056,-0.0457,nan,nan,nan,nan
61.2409,0.0009,-0.0036,1.1983,-0.0651,0.0171,-0.0296,0.2574,-0.0050,1.1191,0.2684,0.1074,36.8830,38.3060,-0.0457,nan,nan,nan,nan
61.2665,0.0009,-0.0035,1.1983,-0.0589,0.0157,-0.0286,0.2573,-0.0049,1.1191,0.2684,0.1086,36.8839,38.3058,-0.0446,nan,nan,nan,nan
61.2910,0.0009,-0.0034,1.1983,-0.0526,0.0144,-0.0281,0.2573,-0.0048,1.1191,0.2684,0.1117,36.8828,38.3019,-0.0445,nan,nan,nan,nan
61.3140,0.0008,-0.0034,1.1983,-0.0464,0.0128,-0.0280,0.2573,-0.0047,1.1191,0.2684,0.1178,36.8803,38.2979,-0.0481,nan,nan,nan,nan
61.3365,0.0008,-0.0033,1.1983,-0.0464,0.0128,-0.0280,0.2573,-0.0046,1.1191,0.2684,0.1180,36.8796,38.2964,-0.0568,nan,nan,nan,nan
61.3634,0.0008,-0.0032,1.1983,-0.0397,0.0115,-0.0269,0.2573,-0.0045,1.1191,0.2684,0.1165,36.8796,38.2955,-0.0607,nan,nan,nan,nan
61.3967,0.0008,-0.0031,1.1983,-0.0319,0.0102,-0.0249,0.2573,-0.0045,1.1191,0.2684,0.1054,36.8785,38.2953,-0.0693,nan,nan,nan,nan
61.4196,0.0008,-0.0031,1.1983,-0.0319,0.0102,-0.0249,0.2572,-0.0044,1.1191,0.2684,0.0960,36.8788,38.2955,-0.0725,nan,nan,nan,nan
61.4404,0.0007,-0.0030,1.1983,-0.0234,0.0092,-0.0212,0.2572,-0.0044,1.1191,0.2684,0.0767,36.8788,38.2946,-0.0724,nan,nan,nan,nan
61.4708,0.0007,-0.0029,1.1983,-0.0146,0.0083,-0.0166,0.2572,-0.0044,1.1191,0.2684,0.0547,36.8782,38.2955,-0.0690,nan,nan,nan,nan
61.4927,0.0007,-0.0028,1.1983,-0.0146,0.0083,-0.0166,0.2572,-0.0044,1.1191,0.2684,0.0341,36.8786,38.2968,-0.0670,nan,nan,nan,nan
61.5141,0.0007,-0.0028,1.1983,-0.0061,0.0079,-0.0125,0.2572,-0.0044,1.1191,0.2684,0.0282,36.8788,38.2977,-0.0667,nan,nan,nan,nan
61.5452,0.0007,-0.0027,1.1983,0.0023,0.0078,-0.0094,0.2571,-0.0043,1.1191,0.2684,0.0085,36.8791,38.2989,-0.0664,nan,nan,nan,nan
61.5715,0.0006,-0.0026,1.1983,0.0103,0.0079,-0.0073,0.2571,-0.0042,1.1191,0.2684,-0.0070,36.8801,38.2980,-0.0665,nan,nan,nan,nan
61.5946,0.0006,-0.0025,1.1983,0.0103,0.0079,-0.0073,0.2571,-0.0042,1.1191,0.2684,-0.0153,36.8806,38.2977,-0.0695,nan,nan,nan,nan
61.6169,0.0006,-0.0024,1.1983,0.0183,0.0083,-0.0051,0.2571,-0.0042,1.1191,0.2684,-0.0266,36.8806,38.2965,-0.0750,nan,nan,nan,nan
61.6461,0.0006,-0.0023,1.1983,0.0264,0.0085,-0.0029,0.2571,-0.0041,1.1191,0.2684,-0.0392,36.8788,38.2932,-0.0819,nan,nan,nan,nan
61.6695,0.0006,-0.0022,1.1983,0.0264,0.0085,-0.0029,0.2570,-0.0041,1.1191,0.2684,-0.0580,36.8761,38.2892,-0.0845,nan,nan,nan,nan
61.6913,0.0005,-0.0022,1.1983,0.0357,0.0085,0.0004,0.2570,-0.0041,1.1191,0.2684,-0.0665,36.8749,38.2890,-0.0836,nan,nan,nan,nan
61.7239,0.0005,-0.0021,1.1983,0.0459,0.0087,0.0053,0.2570,-0.0041,1.1190,0.2685,-0.1068,36.8706,38.2880,-0.0826,nan,nan,nan,nan
61.7583,0.0005,-0.0020,1.1983,0.0559,0.0089,0.0091,0.2570,-0.0041,1.1190,0.2685,-0.1413,36.8644,38.2893,-0.0868,nan,nan,nan,nan
61.7925,0.0005,-0.0019,1.1983,0.0647,0.0100,0.0109,0.2569,-0.0041,1.1190,0.2685,-0.1599,36.8614,38.2909,-0.0937,nan,nan,nan,nan
61.8203,0.0004,-0.0018,1.1983,0.0727,0.0117,0.0111,0.2569,-0.0040,1.1190,0.2685,-0.1676,36.8615,38.2897,-0.1019,nan,nan,nan,nan
61.8513,0.0004,-0.0017,1.1983,0.0803,0.0133,0.0098,0.2569,-0.0039,1.1190,0.2685,-0.1670,36.8610,38.2831,-0.1027,nan,nan,nan,nan
61.8788,0.0004,-0.0016,1.1983,0.0803,0.0133,0.0098,0.2569,-0.0038,1.1190,0.2685,-0.1642,36.8607,38.2793,-0.1012,nan,nan,nan,nan
61.9043,0.0004,-0.0016,1.1983,0.0877,0.0148,0.0082,0.2569,-0.0038,1.1190,0.2685,-0.1636,36.8608,38.2744,-0.0982,nan,nan,nan,nan
61.9407,0.0004,-0.0015,1.1983,0.0956,0.0166,0.0069,0.2569,-0.0037,1.1189,0.2685,-0.1636,36.8631,38.2694,-0.0921,nan,nan,nan,nan
61.9635,0.0003,-0.0014,1.1983,0.0956,0.0166,0.0069,0.2568,-0.0036,1.1190,0.2685,-0.1611,36.8654,38.2670,-0.0907,nan,nan,nan,nan
61.9844,0.0003,-0.0014,1.1983,0.1025,0.0190,0.0050,0.2568,-0.0035,1.1190,0.2685,-0.1522,36.8699,38.2673,-0.0897,nan,nan,nan,nan
62.0071,0.0003,-0.0013,1.1983,0.1092,0.0211,0.0030,0.2568,-0.0035,1.1190,0.2685,-0.1478,36.8716,38.2694,-0.0879,nan,nan,nan,nan
62.0399,0.0003,-0.0013,1.1983,0.1158,0.0231,0.0007,0.2568,-0.0033,1.1190,0.2685,-0.1381,36.8755,38.2755,-0.0820,nan,nan,nan,nan
62.0663,0.0003,-0.0012,1.1983,0.1219,0.0247,-0.0023,0.2567,-0.0032,1.1190,0.2685,-0.1241,36.8783,38.2798,-0.0774,nan,nan,nan,nan
62.1010,0.0003,-0.0012,1.1983,0.1275,0.0256,-0.0069,0.2567,-0.0031,1.1190,0.2685,-0.1013,36.8780,38.2811,-0.0805,nan,nan,nan,nan
62.1221,0.0002,-0.0011,1.1983,0.1275,0.0256,-0.0069,0.2567,-0.0030,1.1190,0.2685,-0.0890,36.8772,38.2802,-0.0827,nan,nan,nan,nan
62.1421,0.0002,-0.0011,1.1983,0.1321,0.0260,-0.0112,0.2567,-0.0029,1.1190,0.2685,-0.0677,36.8753,38.2806,-0.0843,nan,nan,nan,nan
62.1721,0.0002,-0.0011,1.1983,0.1361,0.0264,-0.0163,0.2567,-0.0028,1.1190,0.2685,-0.0450,36.8733,38.2838,-0.0874,nan,nan,nan,nan
62.1980,0.0002,-0.0010,1.1983,0.1361,0.0264,-0.0163,0.2567,-0.0027,1.1190,0.2685,-0.0277,36.8719,38.2848,-0.0858,nan,nan,nan,nan
62.2261,0.0002,-0.0010,1.1983,0.1401,0.0268,-0.0202,0.2567,-0.0026,1.1190,0.2685,-0.0203,36.8717,38.2852,-0.0861,nan,nan,nan,nan
62.2542,0.0002,-0.0010,1.1983,0.1445,0.0275,-0.0216,0.2566,-0.0026,1.1190,0.2685,-0.0187,36.8711,38.2872,-0.0883,nan,nan,nan,nan
62.2795,0.0002,-0.0010,1.1983,0.1489,0.0278,-0.0219,0.2566,-0.0026,1.1190,0.2685,-0.0218,36.8688,38.2871,-0.0886,nan,nan,nan,nan
62.3032,0.0002,-0.0009,1.1983,0.1527,0.0279,-0.0227,0.2566,-0.0025,1.1190,0.2685,-0.0226,36.8657,38.2882,-0.0849,nan,nan,nan,nan
62.3275,0.0002,-0.0009,1.1983,0.1554,0.0281,-0.0233,0.2566,-0.0025,1.1190,0.2685,-0.0221,36.8644,38.2903,-0.0698,nan,nan,nan,nan
62.3547,0.0001,-0.0009,1.1983,0.1574,0.0279,-0.0241,0.2566,-0.0025,1.1190,0.2684,-0.0194,36.8605,38.2955,-0.0594,nan,nan,nan,nan
62.3832,0.0001,-0.0009,1.1983,0.1574,0.0279,-0.0241,0.2566,-0.0025,1.1190,0.2684,-0.0167,36.8591,38.2969,-0.0572,nan,nan,nan,nan
62.4102,0.0001,-0.0009,1.1983,0.1579,0.0280,-0.0249,0.2566,-0.0025,1.1190,0.2684,-0.0139,36.8590,38.2978,-0.0560,nan,nan,nan,nan
62.4409,0.0001,-0.0009,1.1983,0.1579,0.0281,-0.0251,0.2566,-0.0025,1.1190,0.2684,-0.0130,36.8586,38.3032,-0.0588,nan,nan,nan,nan
62.4660,0.0001,-0.0009,1.1983,0.1579,0.0281,-0.0251,0.2566,-0.0025,1.1190,0.2684,-0.0199,36.8575,38.3074,-0.0648,nan,nan,nan,nan
62.4886,0.0001,-0.0009,1.1983,0.1580,0.0277,-0.0238,0.2565,-0.0025,1.1190,0.2684,-0.0266,36.8562,38.3106,-0.0668,nan,nan,nan,nan
62.5260,0.0001,-0.0009,1.1983,0.1578,0.0268,-0.0220,0.2565,-0.0026,1.1190,0.2684,-0.0380,36.8542,38.3118,-0.0676,nan,nan,nan,nan
62.5547,0.0001,-0.0010,1.1983,0.1564,0.0259,-0.0201,0.2565,-0.0027,1.1190,0.2684,-0.0500,36.8530,38.3096,-0.0658,nan,nan,nan,nan
62.5865,0.0001,-0.0010,1.1983,0.1535,0.0246,-0.0193,0.2566,-0.0027,1.1190,0.2684,-0.0535,36.8517,38.3057,-0.0607,nan,nan,nan,nan
62.6098,0.0001,-0.0010,1.1983,0.1535,0.0246,-0.0193,0.2566,-0.0027,1.1190,0.2684,-0.0507,36.8528,38.3039,-0.0551,nan,nan,nan,nan
62.6330,0.0001,-0.0011,1.1983,0.1493,0.0238,-0.0195,0.2566,-0.0027,1.1190,0.2684,-0.0460,36.8533,38.3045,-0.0535,nan,nan,nan,nan
62.6576,0.0001,-0.0011,1.1983,0.1435,0.0228,-0.0200,0.2566,-0.0027,1.1190,0.2684,-0.0370,36.8529,38.3042,-0.0547,nan,nan,nan,nan
62.6798,0.0001,-0.0011,1.1983,0.1435,0.0228,-0.0200,0.2566,-0.0027,1.1190,0.2684,-0.0291,36.8525,38.3033,-0.0598,nan,nan,nan,nan
62.7016,0.0001,-0.0012,1.1983,0.1370,0.0216,-0.0215,0.2566,-0.0027,1.1190,0.2684,-0.0168,36.8522,38.3028,-0.0726,nan,nan,nan,nan
62.7325,0.0001,-0.0012,1.1983,0.1303,0.0203,-0.0224,0.2566,-0.0028,1.1190,0.2684,-0.0096,36.8516,38.3034,-0.0819,nan,nan,nan,nan
62.7540,0.0001,-0.0013,1.1983,0.1303,0.0203,-0.0224,0.2566,-0.0028,1.1190,0.2684,-0.0053,36.8531,38.3037,-0.0847,nan,nan,nan,nan
62.7790,0.0001,-0.0013,1.1983,0.1237,0.0195,-0.0224,0.2566,-0.0028,1.1190,0.2684,-0.0041,36.8542,38.3038,-0.0848,nan,nan,nan,nan
62.8144,0.0001,-0.0014,1.1983,0.1161,0.0191,-0.0219,0.2566,-0.0029,1.1190,0.2684,0.0034,36.8611,38.3020,-0.0846,nan,nan,nan,nan
62.8511,0.0001,-0.0014,1.1983,0.1083,0.0185,-0.0208,0.2566,-0.0029,1.1190,0.2684,0.0057,36.8671,38.3001,-0.0871,nan,nan,nan,nan
62.8754,0.0001,-0.0015,1.1983,0.1083,0.0185,-0.0208,0.2566,-0.0030,1.1190,0.2684,0.0036,36.8687,38.3006,-0.0894,nan,nan,nan,nan
62.8967,0.0001,-0.0015,1.1983,0.1007,0.0174,-0.0187,0.2566,-0.0031,1.1190,0.2684,0.0004,36.8705,38.2991,-0.0932,nan,nan,nan,nan
62.9172,0.0002,-0.0016,1.1983,0.0930,0.0158,-0.0167,0.2566,-0.0031,1.1191,0.2684,-0.0029,36.8712,38.2987,-0.0947,nan,nan,nan,nan
62.9416,0.0002,-0.0017,1.1983,0.0930,0.0158,-0.0167,0.2566,-0.0032,1.1191,0.2684,-0.0017,36.8712,38.2997,-0.0941,nan,nan,nan,nan
62.9623,0.0002,-0.0017,1.1983,0.0847,0.0140,-0.0157,0.2566,-0.0033,1.1191,0.2684,-0.0007,36.8713,38.3006,-0.0928,nan,nan,nan,nan
62.9880,0.0002,-0.0018,1.1983,0.0756,0.0120,-0.0150,0.2566,-0.0033,1.1191,0.2684,0.0041,36.8701,38.3052,-0.0935,nan,nan,nan,nan
63.0129,0.0002,-0.0019,1.1983,0.0660,0.0100,-0.0140,0.2566,-0.0034,1.1191,0.2684,0.0111,36.8710,38.3082,-0.0937,nan,nan,nan,nan
63.0350,0.0002,-0.0020,1.1983,0.0660,0.0100,-0.0140,0.2566,-0.0034,1.1191,0.2684,0.0136,36.8718,38.3065,-0.0939,nan,nan,nan,nan
63.0564,0.0002,-0.0020,1.1983,0.0566,0.0076,-0.0128,0.2566,-0.0035,1.1191,0.2684,0.0113,36.8696,38.3046,-0.0947,nan,nan,nan,nan
63.0803,0.0002,-0.0021,1.1983,0.0480,0.0047,-0.0111,0.2567,-0.0036,1.1191,0.2684,0.0078,36.8674,38.3038,-0.0939,nan,nan,nan,nan
63.1034,0.0002,-0.0022,1.1983,0.0396,0.0017,-0.0089,0.2567,-0.0038,1.1191,0.2684,0.0003,36.8659,38.3039,-0.0873,nan,nan,nan,nan
63.1376,0.0002,-0.0023,1.1983,0.0314,-0.0011,-0.0064,0.2567,-0.0039,1.1191,0.2684,-0.0099,36.8651,38.3087,-0.0759,nan,nan,nan,nan
63.1583,0.0002,-0.0024,1.1983,0.0314,-0.0011,-0.0064,0.2567,-0.0040,1.1191,0.2684,-0.0150,36.8658,38.3114,-0.0702,nan,nan,nan,nan
63.1843,0.0002,-0.0024,1.1983,0.0229,-0.0037,-0.0046,0.2567,-0.0041,1.1191,0.2684,-0.0171,36.8663,38.3120,-0.0675,nan,nan,nan,nan
63.2074,0.0002,-0.0025,1.1982,0.0141,-0.0066,-0.0036,0.2567,-0.0042,1.1191,0.2684,-0.0170,36.8656,38.3152,-0.0626,nan,nan,nan,nan
63.2315,0.0002,-0.0026,1.1982,0.0057,-0.0095,-0.0022,0.2567,-0.0043,1.1192,0.2684,-0.0196,36.8662,38.3211,-0.0541,nan,nan,nan,nan
63.2622,0.0003,-0.0027,1.1982,-0.0021,-0.0124,0.0005,0.2567,-0.0044,1.1192,0.2684,-0.0311,36.8677,38.3240,-0.0436,nan,nan,nan,nan
63.2956,0.0003,-0.0028,1.1982,-0.0101,-0.0151,0.0028,0.2567,-0.0046,1.1192,0.2684,-0.0402,36.8700,38.3240,-0.0291,nan,nan,nan,nan
63.3180,0.0003,-0.0029,1.1982,-0.0101,-0.0151,0.0028,0.2567,-0.0047,1.1192,0.2684,-0.0426,36.8703,38.3239,-0.0223,nan,nan,nan,nan
63.3385,0.0003,-0.0030,1.1982,-0.0183,-0.0181,0.0041,0.2567,-0.0047,1.1192,0.2684,-0.0419,36.8709,38.3245,-0.0162,nan,nan,nan,nan
63.3595,0.0003,-0.0030,1.1982,-0.0266,-0.0209,0.0040,0.2567,-0.0048,1.1192,0.2684,-0.0344,36.8729,38.3253,-0.0081,nan,nan,nan,nan
63.3871,0.0003,-0.0031,1.1982,-0.0266,-0.0209,0.0040,0.2567,-0.0048,1.1192,0.2684,-0.0238,36.8739,38.3253,-0.0036,nan,nan,nan,nan
63.4075,0.0003,-0.0032,1.1982,-0.0369,-0.0233,0.0016,0.2568,-0.0048,1.1192,0.2684,-0.0060,36.8751,38.3244,0.0002,nan,nan,nan,nan
63.4414,0.0003,-0.0033,1.1982,-0.0489,-0.0254,-0.0032,0.2568,-0.0047,1.1192,0.2684,0.0424,36.8776,38.3202,0.0003,nan,nan,nan,nan
63.4650,0.0003,-0.0034,1.1982,-0.0489,-0.0254,-0.0032,0.2568,-0.0047,1.1192,0.2684,0.0854,36.8796,38.3185,-0.0071,nan,nan,nan,nan
63.4898,0.0003,-0.0034,1.1982,-0.0612,-0.0274,-0.0093,0.2568,-0.0046,1.1193,0.2684,0.1308,36.8791,38.3174,-0.0131,nan,nan,nan,nan
63.5111,0.0003,-0.0035,1.1982,-0.0735,-0.0297,-0.0154,0.2568,-0.0045,1.1193,0.2684,0.1603,36.8780,38.3188,-0.0145,nan,nan,nan,nan
63.5339,0.0003,-0.0036,1.1982,-0.0735,-0.0297,-0.0154,0.2568,-0.0045,1.1193,0.2684,0.2013,36.8748,38.3225,-0.0154,nan,nan,nan,nan
63.5580,0.0003,-0.0037,1.1982,-0.0856,-0.0320,-0.0203,0.2568,-0.0044,1.1193,0.2684,0.2230,36.8717,38.3251,-0.0181,nan,nan,nan,nan
63.5826,0.0003,-0.0037,1.1982,-0.0959,-0.0345,-0.0230,0.2568,-0.0044,1.1192,0.2684,0.2475,36.8679,38.3272,-0.0250,nan,nan,nan,nan
63.6042,0.0003,-0.0038,1.1982,-0.1052,-0.0371,-0.0238,0.2568,-0.0044,1.1192,0.2684,0.2697,36.8611,38.3332,-0.0379,nan,nan,nan,nan
63.6331,0.0003,-0.0039,1.1982,-0.1137,-0.0396,-0.0244,0.2568,-0.0045,1.1192,0.2684,0.2884,36.8533,38.3381,-0.0472,nan,nan,nan,nan
63.6698,0.0003,-0.0040,1.1982,-0.1219,-0.0413,-0.0235,0.2568,-0.0045,1.1192,0.2683,0.2989,36.8497,38.3414,-0.0515,nan,nan,nan,nan
63.6987,0.0003,-0.0040,1.1982,-0.1290,-0.0428,-0.0212,0.2567,-0.0046,1.1192,0.2683,0.3003,36.8469,38.3443,-0.0573,nan,nan,nan,nan
63.7309,0.0003,-0.0041,1.1982,-0.1350,-0.0436,-0.0173,0.2567,-0.0047,1.1192,0.2683,0.2895,36.8455,38.3480,-0.0677,nan,nan,nan,nan
63.7631,0.0003,-0.0041,1.1982,-0.1399,-0.0440,-0.0119,0.2567,-0.0048,1.1192,0.2683,0.2668,36.8441,38.3530,-0.0831,nan,nan,nan,nan
63.7915,0.0002,-0.0042,1.1982,-0.1399,-0.0440,-0.0119,0.2567,-0.0049,1.1192,0.2683,0.2520,36.8438,38.3562,-0.0882,nan,nan,nan,nan
63.8152,0.0002,-0.0042,1.1982,-0.1439,-0.0443,-0.0054,0.2567,-0.0050,1.1192,0.2683,0.2284,36.8424,38.3581,-0.0914,nan,nan,nan,nan
63.8431,0.0002,-0.0042,1.1982,-0.1479,-0.0441,0.0010,0.2567,-0.0051,1.1192,0.2683,0.2063,36.8424,38.3568,-0.0924,nan,nan,nan,nan
63.8657,0.0002,-0.0042,1.1982,-0.1479,-0.0441,0.0010,0.2567,-0.0052,1.1192,0.2683,0.1909,36.8422,38.3540,-0.0948,nan,nan,nan,nan
63.8912,0.0002,-0.0043,1.1982,-0.1513,-0.0437,0.0078,0.2567,-0.0053,1.1192,0.2683,0.1695,36.8406,38.3507,-0.1038,nan,nan,nan,nan
63.9198,0.0002,-0.0043,1.1982,-0.1546,-0.0426,0.0137,0.2567,-0.0054,1.1192,0.2684,0.1531,36.8408,38.3473,-0.1072,nan,nan,nan,nan
63.9415,0.0002,-0.0043,1.1982,-0.1546,-0.0426,0.0137,0.2566,-0.0054,1.1192,0.2684,0.1411,36.8412,38.3446,-0.1046,nan,nan,nan,nan
63.9685,0.0002,-0.0043,1.1982,-0.1580,-0.0408,0.0186,0.2566,-0.0054,1.1191,0.2684,0.1354,36.8406,38.3408,-0.0999,nan,nan,nan,nan
63.9932,0.0001,-0.0043,1.1982,-0.1616,-0.0386,0.0218,0.2566,-0.0054,1.1191,0.2684,0.1358,36.8406,38.3382,-0.1002,nan,nan,nan,nan
64.0145,0.0001,-0.0043,1.1982,-0.1616,-0.0386,0.0218,0.2566,-0.0054,1.1191,0.2684,0.1390,36.8408,38.3352,-0.1012,nan,nan,nan,nan
64.0377,0.0001,-0.0043,1.1981,-0.1655,-0.0360,0.0235,0.2566,-0.0054,1.1191,0.2684,0.1466,36.8426,38.3311,-0.1015,nan,nan,nan,nan
64.0731,0.0001,-0.0043,1.1981,-0.1689,-0.0328,0.0247,0.2566,-0.0054,1.1191,0.2684,0.1556,36.8442,38.3263,-0.1001,nan,nan,nan,nan
64.0965,0.0001,-0.0043,1.1981,-0.1689,-0.0328,0.0247,0.2566,-0.0053,1.1191,0.2684,0.1614,36.8455,38.3250,-0.0979,nan,nan,nan,nan
64.1195,0.0001,-0.0043,1.1981,-0.1709,-0.0295,0.0263,0.2565,-0.0053,1.1191,0.2684,0.1627,36.8462,38.3252,-0.0983,nan,nan,nan,nan
64.1555,0.0000,-0.0043,1.1981,-0.1720,-0.0259,0.0281,0.2565,-0.0053,1.1191,0.2684,0.1670,36.8501,38.3256,-0.0981,nan,nan,nan,nan
64.1818,0.0000,-0.0043,1.1981,-0.1720,-0.0259,0.0281,0.2565,-0.0053,1.1191,0.2684,0.1682,36.8514,38.3268,-0.0982,nan,nan,nan,nan
64.2038,-0.0000,-0.0043,1.1981,-0.1720,-0.0223,0.0302,0.2565,-0.0053,1.1191,0.2684,0.1681,36.8533,38.3275,-0.0973,nan,nan,nan,nan
64.2369,-0.0000,-0.0043,1.1981,-0.1708,-0.0187,0.0326,0.2564,-0.0052,1.1191,0.2684,0.1637,36.8588,38.3218,-0.0992,nan,nan,nan,nan
64.2709,-0.0001,-0.0042,1.1981,-0.1688,-0.0156,0.0354,0.2564,-0.0052,1.1190,0.2684,0.1570,36.8612,38.3222,-0.1000,nan,nan,nan,nan
64.2981,-0.0001,-0.0042,1.1981,-0.1688,-0.0156,0.0354,0.2564,-0.0052,1.1190,0.2684,0.1509,36.8628,38.3224,-0.1007,nan,nan,nan,nan
64.3253,-0.0001,-0.0042,1.1981,-0.1661,-0.0126,0.0383,0.2564,-0.0052,1.1190,0.2684,0.1503,36.8645,38.3220,-0.1003,nan,nan,nan,nan
64.3522,-0.0001,-0.0041,1.1981,-0.1638,-0.0097,0.0397,0.2563,-0.0051,1.1190,0.2684,0.1545,36.8658,38.3205,-0.0990,nan,nan,nan,nan
64.3890,-0.0002,-0.0041,1.1981,-0.1602,-0.0076,0.0405,0.2563,-0.0050,1.1190,0.2684,0.1584,36.8643,38.3187,-0.0986,nan,nan,nan,nan
64.4172,-0.0002,-0.0040,1.1981,-0.1602,-0.0076,0.0405,0.2563,-0.0050,1.1190,0.2684,0.1605,36.8624,38.3166,-0.1005,nan,nan,nan,nan
64.4397,-0.0002,-0.0040,1.1981,-0.1560,-0.0058,0.0416,0.2563,-0.0049,1.1190,0.2684,0.1616,36.8620,38.3156,-0.1003,nan,nan,nan,nan
64.4640,-0.0002,-0.0039,1.1981,-0.1515,-0.0037,0.0425,0.2562,-0.0048,1.1190,0.2684,0.1670,36.8622,38.3116,-0.0936,nan,nan,nan,nan
64.4880,-0.0003,-0.0039,1.1981,-0.1515,-0.0037,0.0425,0.2562,-0.0048,1.1189,0.2684,0.1677,36.8630,38.3088,-0.0898,nan,nan,nan,nan
64.5164,-0.0003,-0.0038,1.1981,-0.1455,-0.0017,0.0438,0.2562,-0.0047,1.1189,0.2684,0.1652,36.8630,38.3055,-0.0871,nan,nan,nan,nan
64.5527,-0.0003,-0.0038,1.1981,-0.1390,-0.0002,0.0457,0.2562,-0.0047,1.1189,0.2684,0.1616,36.8627,38.3021,-0.0860,nan,nan,nan,nan
64.5824,-0.0003,-0.0037,1.1981,-0.1311,0.0018,0.0479,0.2561,-0.0046,1.1189,0.2684,0.1510,36.8662,38.2972,-0.0901,nan,nan,nan,nan
64.6083,-0.0004,-0.0036,1.1981,-0.1221,0.0035,0.0513,0.2561,-0.0045,1.1189,0.2684,0.1308,36.8688,38.2937,-0.0913,nan,nan,nan,nan
64.6351,-0.0004,-0.0035,1.1981,-0.1221,0.0035,0.0513,0.2561,-0.0045,1.1189,0.2685,0.1188,36.8695,38.2906,-0.0909,nan,nan,nan,nan
64.6622,-0.0004,-0.0034,1.1981,-0.1119,0.0047,0.0551,0.2561,-0.0045,1.1189,0.2685,0.1018,36.8697,38.2860,-0.0835,nan,nan,nan,nan
64.6999,-0.0004,-0.0033,1.1981,-0.1017,0.0059,0.0583,0.2561,-0.0045,1.1189,0.2685,0.0877,36.8715,38.2820,-0.0702,nan,nan,nan,nan
64.7275,-0.0005,-0.0032,1.1981,-0.1017,0.0059,0.0583,0.2560,-0.0044,1.1189,0.2685,0.0789,36.8737,38.2803,-0.0585,nan,nan,nan,nan
64.7563,-0.0005,-0.0032,1.1981,-0.0912,0.0076,0.0613,0.2560,-0.0044,1.1189,0.2685,0.0682,36.8768,38.2770,-0.0443,nan,nan,nan,nan
64.7944,-0.0005,-0.0031,1.1981,-0.0804,0.0089,0.0638,0.2560,-0.0043,1.1189,0.2685,0.0579,36.8795,38.2718,-0.0385,nan,nan,nan,nan
64.8164,-0.0005,-0.0030,1.1981,-0.0804,0.0089,0.0638,0.2560,-0.0042,1.1189,0.2685,0.0510,36.8832,38.2678,-0.0351,nan,nan,nan,nan
64.8375,-0.0006,-0.0029,1.1981,-0.0696,0.0105,0.0654,0.2560,-0.0042,1.1189,0.2685,0.0478,36.8855,38.2660,-0.0323,nan,nan,nan,nan
64.8696,-0.0006,-0.0028,1.1981,-0.0579,0.0118,0.0664,0.2559,-0.0041,1.1189,0.2685,0.0426,36.8876,38.2649,-0.0306,nan,nan,nan,nan
64.8986,-0.0006,-0.0027,1.1981,-0.0460,0.0128,0.0670,0.2559,-0.0039,1.1189,0.2685,0.0378,36.8884,38.2653,-0.0311,nan,nan,nan,nan
64.9253,-0.0006,-0.0026,1.1981,-0.0460,0.0128,0.0670,0.2559,-0.0038,1.1189,0.2685,0.0429,36.8898,38.2653,-0.0294,nan,nan,nan,nan
64.9491,-0.0007,-0.0025,1.1981,-0.0350,0.0139,0.0663,0.2559,-0.0036,1.1189,0.2685,0.0570,36.8898,38.2647,-0.0278,nan,nan,nan,nan
64.9696,-0.0007,-0.0024,1.1981,-0.0244,0.0147,0.0648,0.2558,-0.0034,1.1189,0.2685,0.0734,36.8901,38.2655,-0.0279,nan,nan,nan,nan
64.9964,-0.0007,-0.0023,1.1981,-0.0142,0.0158,0.0620,0.2558,-0.0033,1.1189,0.2685,0.0861,36.8909,38.2668,-0.0273,nan,nan,nan,nan
65.0288,-0.0007,-0.0022,1.1981,-0.0040,0.0168,0.0590,0.2558,-0.0031,1.1189,0.2685,0.1130,36.8911,38.2695,-0.0281,nan,nan,nan,nan
65.0585,-0.0007,-0.0021,1.1981,-0.0040,0.0168,0.0590,0.2558,-0.0029,1.1189,0.2685,0.1329,36.8894,38.2711,-0.0278,nan,nan,nan,nan
65.0812,-0.0008,-0.0021,1.1981,0.0066,0.0172,0.0562,0.2557,-0.0028,1.1189,0.2685,0.1450,36.8879,38.2726,-0.0266,nan,nan,nan,nan
65.1069,-0.0008,-0.0020,1.1981,0.0175,0.0177,0.0541,0.2557,-0.0026,1.1189,0.2685,0.1594,36.8865,38.2752,-0.0264,nan,nan,nan,nan
65.1352,-0.0008,-0.0019,1.1981,0.0175,0.0177,0.0541,0.2557,-0.0025,1.1189,0.2685,0.1644,36.8859,38.2759,-0.0251,nan,nan,nan,nan
65.1608,-0.0008,-0.0018,1.1981,0.0295,0.0180,0.0535,0.2557,-0.0024,1.1189,0.2685,0.1636,36.8843,38.2769,-0.0242,nan,nan,nan,nan
65.1891,-0.0008,-0.0017,1.1981,0.0420,0.0181,0.0545,0.2557,-0.0023,1.1189,0.2685,0.1588,36.8829,38.2744,-0.0223,nan,nan,nan,nan
65.2139,-0.0009,-0.0016,1.1982,0.0539,0.0181,0.0546,0.2557,-0.0022,1.1189,0.2685,0.1586,36.8810,38.2706,-0.0242,nan,nan,nan,nan
65.2454,-0.0009,-0.0015,1.1982,0.0650,0.0179,0.0548,0.2556,-0.0020,1.1189,0.2685,0.1594,36.8785,38.2701,-0.0266,nan,nan,nan,nan
65.2679,-0.0009,-0.0014,1.1982,0.0650,0.0179,0.0548,0.2556,-0.0019,1.1189,0.2685,0.1609,36.8778,38.2710,-0.0275,nan,nan,nan,nan
65.2891,-0.0009,-0.0013,1.1982,0.0753,0.0180,0.0549,0.2556,-0.0019,1.1189,0.2685,0.1625,36.8769,38.2753,-0.0267,nan,nan,nan,nan
65.3108,-0.0009,-0.0012,1.1982,0.0853,0.0183,0.0550,0.2556,-0.0018,1.1189,0.2685,0.1631,36.8776,38.2801,-0.0288,nan,nan,nan,nan
65.3319,-0.0009,-0.0011,1.1982,0.0853,0.0183,0.0550,0.2555,-0.0017,1.1189,0.2684,0.1612,36.8792,38.2845,-0.0315,nan,nan,nan,nan
65.3529,-0.0009,-0.0011,1.1982,0.0951,0.0188,0.0559,0.2555,-0.0016,1.1189,0.2684,0.1528,36.8802,38.2876,-0.0328,nan,nan,nan,nan
65.3755,-0.0010,-0.0010,1.1982,0.1057,0.0185,0.0596,0.2555,-0.0016,1.1189,0.2684,0.1300,36.8803,38.2889,-0.0295,nan,nan,nan,nan
65.4006,-0.0010,-0.0009,1.1982,0.1057,0.0185,0.0596,0.2555,-0.0017,1.1189,0.2684,0.0910,36.8788,38.2902,-0.0249,nan,nan,nan,nan
65.4284,-0.0010,-0.0008,1.1982,0.1178,0.0176,0.0667,0.2555,-0.0017,1.1189,0.2684,0.0568,36.8777,38.2919,-0.0224,nan,nan,nan,nan
65.4642,-0.0010,-0.0007,1.1982,0.1305,0.0164,0.0761,0.2555,-0.0018,1.1189,0.2684,0.0011,36.8746,38.2947,-0.0193,nan,nan,nan,nan
65.4907,-0.0010,-0.0007,1.1982,0.1305,0.0164,0.0761,0.2555,-0.0019,1.1189,0.2684,-0.0344,36.8720,38.2976,-0.0205,nan,nan,nan,nan
65.5130,-0.0010,-0.0006,1.1982,0.1421,0.0152,0.0843,0.2554,-0.0020,1.1189,0.2684,-0.0792,36.8694,38.3052,-0.0173,nan,nan,nan,nan
65.5443,-0.0010,-0.0005,1.1982,0.1518,0.0143,0.0899,0.2554,-0.0020,1.1189,0.2684,-0.1121,36.8674,38.3132,-0.0102,nan,nan,nan,nan
65.5815,-0.0010,-0.0004,1.1982,0.1589,0.0135,0.0925,0.2554,-0.0020,1.1189,0.2684,-0.1351,36.8644,38.3192,-0.0061,nan,nan,nan,nan
65.6158,-0.0010,-0.0004,1.1982,0.1644,0.0127,0.0929,0.2554,-0.0020,1.1189,0.2684,-0.1407,36.8620,38.3205,-0.0046,nan,nan,nan,nan
65.6387,-0.0011,-0.0003,1.1982,0.1644,0.0127,0.0929,0.2554,-0.0019,1.1189,0.2684,-0.1422,36.8612,38.3185,-0.0030,nan,nan,nan,nan
65.6606,-0.0011,-0.0003,1.1982,0.1689,0.0119,0.0930,0.2554,-0.0019,1.1189,0.2684,-0.1417,36.8607,38.3118,0.0025,nan,nan,nan,nan
65.6884,-0.0011,-0.0003,1.1981,0.1730,0.0113,0.0926,0.2554,-0.0019,1.1189,0.2684,-0.1419,36.8616,38.3088,0.0089,nan,nan,nan,nan
65.7162,-0.0011,-0.0002,1.1981,0.1730,0.0113,0.0926,0.2554,-0.0018,1.1189,0.2684,-0.1447,36.8643,38.3056,0.0237,nan,nan,nan,nan
65.7458,-0.0011,-0.0002,1.1981,0.1770,0.0110,0.0929,0.2554,-0.0018,1.1189,0.2684,-0.1490,36.8668,38.3033,0.0376,nan,nan,nan,nan
65.7661,-0.0011,-0.0002,1.1981,0.1770,0.0110,0.0929,0.2554,-0.0018,1.1189,0.2684,-0.1555,36.8699,38.3006,0.0475,nan,nan,nan,nan
65.7956,-0.0011,-0.0002,1.1981,0.1814,0.0109,0.0943,0.2554,-0.0018,1.1189,0.2684,-0.1591,36.8713,38.2999,0.0494,nan,nan,nan,nan
65.8158,-0.0011,-0.0001,1.1981,0.1814,0.0109,0.0943,0.2554,-0.0018,1.1189,0.2684,-0.1668,36.8734,38.2999,0.0477,nan,nan,nan,nan
65.8459,-0.0011,-0.0001,1.1981,0.1859,0.0105,0.0959,0.2553,-0.0018,1.1189,0.2684,-0.1784,36.8753,38.3024,0.0455,nan,nan,nan,nan
65.8822,-0.0011,-0.0001,1.1981,0.1899,0.0103,0.0972,0.2553,-0.0019,1.1189,0.2684,-0.1891,36.8779,38.3034,0.0464,nan,nan,nan,nan
65.9097,-0.0011,-0.0001,1.1981,0.1899,0.0103,0.0972,0.2553,-0.0019,1.1189,0.2684,-0.1974,36.8788,38.3019,0.0472,nan,nan,nan,nan
65.9308,-0.0011,-0.0001,1.1981,0.1936,0.0096,0.0976,0.2553,-0.0019,1.1189,0.2684,-0.2027,36.8777,38.2995,0.0466,nan,nan,nan,nan
65.9550,-0.0011,-0.0001,1.1981,0.1972,0.0082,0.0977,0.2553,-0.0019,1.1189,0.2684,-0.2100,36.8747,38.2962,0.0482,nan,nan,nan,nan
65.9925,-0.0012,-0.0001,1.1981,0.2005,0.0070,0.0981,0.2553,-0.0020,1.1189,0.2684,-0.2227,36.8725,38.2907,0.0491,nan,nan,nan,nan
66.0199,-0.0012,-0.0001,1.1981,0.2005,0.0070,0.0981,0.2553,-0.0020,1.1189,0.2685,-0.2292,36.8718,38.2886,0.0502,nan,nan,nan,nan
66.0474,-0.0012,-0.0001,1.1981,0.2032,0.0061,0.0992,0.2553,-0.0020,1.1189,0.2685,-0.2356,36.8704,38.2875,0.0519,nan,nan,nan,nan
66.0839,-0.0012,-0.0001,1.1981,0.2053,0.0050,0.0993,0.2553,-0.0021,1.1188,0.2685,-0.2445,36.8674,38.2828,0.0600,nan,nan,nan,nan
66.1065,-0.0012,-0.0001,1.1981,0.2053,0.0050,0.0993,0.2553,-0.0021,1.1188,0.2685,-0.2456,36.8650,38.2800,0.0643,nan,nan,nan,nan
66.1331,-0.0012,-0.0002,1.1981,0.2067,0.0039,0.0981,0.2553,-0.0021,1.1188,0.2685,-0.2433,36.8616,38.2752,0.0744,nan,nan,nan,nan
66.1574,-0.0012,-0.0002,1.1981,0.2072,0.0030,0.0969,0.2553,-0.0021,1.1188,0.2685,-0.2413,36.8598,38.2765,0.0812,nan,nan,nan,nan
66.1882,-0.0012,-0.0002,1.1981,0.2073,0.0028,0.0950,0.2553,-0.0022,1.1188,0.2685,-0.2362,36.8592,38.2790,0.0910,nan,nan,nan,nan
66.2148,-0.0012,-0.0003,1.1981,0.2073,0.0028,0.0950,0.2553,-0.0022,1.1188,0.2685,-0.2346,36.8603,38.2793,0.0908,nan,nan,nan,nan
66.2363,-0.0012,-0.0003,1.1981,0.2075,0.0031,0.0937,0.2553,-0.0022,1.1188,0.2685,-0.2358,36.8617,38.2786,0.0909,nan,nan,nan,nan
66.2640,-0.0012,-0.0003,1.1980,0.2076,0.0033,0.0926,0.2553,-0.0023,1.1188,0.2685,-0.2371,36.8638,38.2741,0.0923,nan,nan,nan,nan
66.2891,-0.0012,-0.0004,1.1980,0.2074,0.0033,0.0906,0.2553,-0.0024,1.1187,0.2685,-0.2344,36.8651,38.2650,0.0976,nan,nan,nan,nan
66.3211,-0.0012,-0.0005,1.1980,0.2073,0.0031,0.0893,0.2553,-0.0025,1.1187,0.2685,-0.2371,36.8640,38.2570,0.1070,nan,nan,nan,nan
66.3463,-0.0013,-0.0006,1.1980,0.2073,0.0031,0.0886,0.2553,-0.0026,1.1187,0.2685,-0.2442,36.8629,38.2528,0.1076,nan,nan,nan,nan
66.3741,-0.0013,-0.0007,1.1980,0.2061,0.0035,0.0869,0.2553,-0.0027,1.1186,0.2686,-0.2435,36.8645,38.2483,0.1034,nan,nan,nan,nan
66.4049,-0.0013,-0.0008,1.1980,0.2038,0.0037,0.0838,0.2553,-0.0028,1.1186,0.2686,-0.2322,36.8637,38.2424,0.0989,nan,nan,nan,nan
66.4380,-0.0013,-0.0009,1.1980,0.2000,0.0043,0.0797,0.2553,-0.0028,1.1186,0.2686,-0.2099,36.8640,38.2340,0.0904,nan,nan,nan,nan
66.4648,-0.0013,-0.0011,1.1980,0.2000,0.0043,0.0797,0.2553,-0.0029,1.1186,0.2686,-0.1922,36.8652,38.2288,0.0918,nan,nan,nan,nan
66.4922,-0.0013,-0.0011,1.1980,0.1957,0.0054,0.0753,0.2553,-0.0029,1.1186,0.2686,-0.1826,36.8658,38.2271,0.0933,nan,nan,nan,nan
66.5272,-0.0013,-0.0012,1.1980,0.1915,0.0067,0.0720,0.2553,-0.0030,1.1185,0.2686,-0.1715,36.8666,38.2256,0.0956,nan,nan,nan,nan
66.5504,-0.0013,-0.0013,1.1980,0.1915,0.0067,0.0720,0.2553,-0.0031,1.1185,0.2686,-0.1664,36.8662,38.2251,0.0978,nan,nan,nan,nan
66.5714,-0.0013,-0.0014,1.1980,0.1876,0.0080,0.0699,0.2553,-0.0031,1.1185,0.2686,-0.1643,36.8665,38.2253,0.1006,nan,nan,nan,nan
66.6028,-0.0013,-0.0015,1.1980,0.1836,0.0099,0.0690,0.2553,-0.0033,1.1185,0.2686,-0.1660,36.8688,38.2267,0.1093,nan,nan,nan,nan
66.6336,-0.0013,-0.0017,1.1979,0.1796,0.0123,0.0688,0.2552,-0.0035,1.1185,0.2686,-0.1721,36.8739,38.2257,0.1217,nan,nan,nan,nan
66.6669,-0.0013,-0.0019,1.1979,0.1746,0.0144,0.0680,0.2552,-0.0037,1.1185,0.2686,-0.1739,36.8760,38.2287,0.1312,nan,nan,nan,nan
66.6957,-0.0013,-0.0020,1.1979,0.1683,0.0163,0.0663,0.2552,-0.0038,1.1185,0.2686,-0.1681,36.8759,38.2288,0.1331,nan,nan,nan,nan
66.7224,-0.0013,-0.0022,1.1979,0.1615,0.0184,0.0645,0.2552,-0.0040,1.1185,0.2686,-0.1611,36.8770,38.2330,0.1359,nan,nan,nan,nan
66.7431,-0.0013,-0.0024,1.1979,0.1615,0.0184,0.0645,0.2552,-0.0041,1.1185,0.2686,-0.1551,36.8781,38.2345,0.1368,nan,nan,nan,nan
66.7713,-0.0013,-0.0025,1.1979,0.1534,0.0208,0.0620,0.2552,-0.0042,1.1185,0.2686,-0.1469,36.8791,38.2349,0.1382,nan,nan,nan,nan
66.7972,-0.0013,-0.0026,1.1979,0.1442,0.0229,0.0590,0.2552,-0.0043,1.1185,0.2686,-0.1264,36.8785,38.2367,0.1304,nan,nan,nan,nan
66.8173,-0.0013,-0.0027,1.1979,0.1442,0.0229,0.0590,0.2552,-0.0044,1.1185,0.2685,-0.1189,36.8784,38.2398,0.1240,nan,nan,nan,nan
66.8378,-0.0014,-0.0029,1.1979,0.1355,0.0251,0.0568,0.2552,-0.0045,1.1185,0.2685,-0.1139,36.8788,38.2415,0.1191,nan,nan,nan,nan
66.8690,-0.0014,-0.0031,1.1979,0.1270,0.0271,0.0562,0.2552,-0.0047,1.1185,0.2685,-0.1138,36.8793,38.2407,0.1054,nan,nan,nan,nan
66.8952,-0.0014,-0.0032,1.1979,0.1270,0.0271,0.0562,0.2552,-0.0049,1.1185,0.2685,-0.1156,36.8792,38.2412,0.0992,nan,nan,nan,nan
66.9220,-0.0014,-0.0033,1.1979,0.1187,0.0293,0.0560,0.2552,-0.0050,1.1185,0.2685,-0.1176,36.8793,38.2417,0.0921,nan,nan,nan,nan
66.9521,-0.0013,-0.0035,1.1979,0.1092,0.0312,0.0560,0.2552,-0.0052,1.1184,0.2685,-0.1187,36.8781,38.2453,0.0721,nan,nan,nan,nan
66.9859,-0.0013,-0.0037,1.1979,0.0993,0.0329,0.0559,0.2552,-0.0054,1.1184,0.2685,-0.1181,36.8767,38.2506,0.0592,nan,nan,nan,nan
67.0206,-0.0013,-0.0040,1.1979,0.0892,0.0349,0.0559,0.2551,-0.0057,1.1185,0.2685,-0.1184,36.8776,38.2581,0.0473,nan,nan,nan,nan
67.0409,-0.0013,-0.0041,1.1979,0.0892,0.0349,0.0559,0.2551,-0.0058,1.1185,0.2685,-0.1198,36.8784,38.2609,0.0408,nan,nan,nan,nan
67.0689,-0.0013,-0.0042,1.1979,0.0791,0.0366,0.0564,0.2551,-0.0059,1.1185,0.2685,-0.1226,36.8790,38.2638,0.0385,nan,nan,nan,nan
67.0927,-0.0013,-0.0044,1.1979,0.0791,0.0366,0.0564,0.2551,-0.0061,1.1185,0.2685,-0.1254,36.8794,38.2666,0.0376,nan,nan,nan,nan
67.1132,-0.0013,-0.0045,1.1979,0.0686,0.0380,0.0566,0.2551,-0.0062,1.1185,0.2685,-0.1246,36.8801,38.2682,0.0375,nan,nan,nan,nan
67.1349,-0.0013,-0.0047,1.1979,0.0571,0.0394,0.0563,0.2551,-0.0064,1.1185,0.2685,-0.1210,36.8823,38.2688,0.0356,nan,nan,nan,nan
67.1608,-0.0013,-0.0049,1.1979,0.0571,0.0394,0.0563,0.2552,-0.0066,1.1185,0.2685,-0.1122,36.8829,38.2709,0.0260,nan,nan,nan,nan
67.1882,-0.0013,-0.0051,1.1979,0.0447,0.0403,0.0548,0.2552,-0.0068,1.1185,0.2685,-0.0992,36.8809,38.2744,0.0174,nan,nan,nan,nan
67.2101,-0.0013,-0.0052,1.1979,0.0324,0.0406,0.0533,0.2552,-0.0069,1.1185,0.2685,-0.0937,36.8792,38.2750,0.0149,nan,nan,nan,nan
67.2409,-0.0013,-0.0054,1.1979,0.0200,0.0401,0.0519,0.2552,-0.0071,1.1185,0.2685,-0.0842,36.8746,38.2739,0.0146,nan,nan,nan,nan
67.2726,-0.0013,-0.0057,1.1979,0.0072,0.0392,0.0496,0.2552,-0.0073,1.1184,0.2685,-0.0672,36.8688,38.2694,0.0151,nan,nan,nan,nan
67.2970,-0.0012,-0.0059,1.1979,-0.0064,0.0383,0.0480,0.2552,-0.0075,1.1184,0.2685,-0.0474,36.8655,38.2669,0.0102,nan,nan,nan,nan
67.3213,-0.0012,-0.0062,1.1979,-0.0192,0.0375,0.0467,0.2552,-0.0077,1.1184,0.2685,-0.0341,36.8652,38.2684,0.0027,nan,nan,nan,nan
67.3529,-0.0012,-0.0064,1.1979,-0.0302,0.0363,0.0479,0.2553,-0.0080,1.1184,0.2685,-0.0390,36.8666,38.2711,-0.0031,nan,nan,nan,nan
67.3901,-0.0012,-0.0067,1.1979,-0.0402,0.0346,0.0507,0.2553,-0.0083,1.1184,0.2685,-0.0565,36.8668,38.2705,-0.0003,nan,nan,nan,nan
67.4162,-0.0012,-0.0068,1.1979,-0.0402,0.0346,0.0507,0.2553,-0.0085,1.1184,0.2685,-0.0710,36.8663,38.2694,0.0013,nan,nan,nan,nan
67.4442,-0.0011,-0.0069,1.1979,-0.0503,0.0325,0.0538,0.2553,-0.0087,1.1185,0.2685,-0.0764,36.8662,38.2688,-0.0004,nan,nan,nan,nan
67.4716,-0.0011,-0.0071,1.1979,-0.0599,0.0296,0.0574,0.2554,-0.0089,1.1185,0.2685,-0.0982,36.8647,38.2702,-0.0097,nan,nan,nan,nan
67.4981,-0.0011,-0.0073,1.1979,-0.0599,0.0296,0.0574,0.2554,-0.0092,1.1185,0.2685,-0.1079,36.8637,38.2718,-0.0114,nan,nan,nan,nan
67.5211,-0.0011,-0.0074,1.1979,-0.0695,0.0266,0.0607,0.2554,-0.0093,1.1185,0.2685,-0.1207,36.8626,38.2744,-0.0179,nan,nan,nan,nan
67.5446,-0.0011,-0.0076,1.1979,-0.0797,0.0240,0.0627,0.2554,-0.0095,1.1185,0.2685,-0.1278,36.8634,38.2759,-0.0243,nan,nan,nan,nan
67.5669,-0.0010,-0.0077,1.1979,-0.0797,0.0240,0.0627,0.2554,-0.0096,1.1185,0.2685,-0.1296,36.8643,38.2767,-0.0273,nan,nan,nan,nan
67.5906,-0.0010,-0.0080,1.1979,-0.0898,0.0213,0.0635,0.2555,-0.0099,1.1186,0.2685,-0.1301,36.8644,38.2821,-0.0293,nan,nan,nan,nan
67.6108,-0.0010,-0.0081,1.1979,-0.0999,0.0185,0.0645,0.2555,-0.0101,1.1186,0.2685,-0.1314,36.8633,38.2839,-0.0289,nan,nan,nan,nan
67.6357,-0.0010,-0.0083,1.1979,-0.1095,0.0151,0.0654,0.2555,-0.0103,1.1186,0.2685,-0.1308,36.8602,38.2850,-0.0319,nan,nan,nan,nan
67.6688,-0.0009,-0.0085,1.1979,-0.1194,0.0120,0.0653,0.2555,-0.0104,1.1186,0.2685,-0.1229,36.8568,38.2891,-0.0358,nan,nan,nan,nan
67.6960,-0.0009,-0.0087,1.1979,-0.1289,0.0096,0.0648,0.2556,-0.0106,1.1186,0.2684,-0.1127,36.8585,38.2937,-0.0382,nan,nan,nan,nan
67.7209,-0.0009,-0.0088,1.1979,-0.1289,0.0096,0.0648,0.2556,-0.0108,1.1186,0.2684,-0.1096,36.8607,38.2922,-0.0369,nan,nan,nan,nan
67.7460,-0.0009,-0.0089,1.1979,-0.1373,0.0074,0.0646,0.2556,-0.0109,1.1186,0.2684,-0.1081,36.8621,38.2902,-0.0361,nan,nan,nan,nan
67.7822,-0.0008,-0.0091,1.1979,-0.1454,0.0056,0.0649,0.2556,-0.0110,1.1187,0.2684,-0.1059,36.8663,38.2894,-0.0326,nan,nan,nan,nan
67.8142,-0.0008,-0.0093,1.1979,-0.1530,0.0039,0.0652,0.2557,-0.0112,1.1187,0.2684,-0.1032,36.8726,38.2882,-0.0311,nan,nan,nan,nan
67.8500,-0.0008,-0.0094,1.1979,-0.1596,0.0021,0.0649,0.2557,-0.0114,1.1187,0.2684,-0.1009,36.8783,38.2811,-0.0371,nan,nan,nan,nan
67.8711,-0.0007,-0.0096,1.1979,-0.1596,0.0021,0.0649,0.2558,-0.0115,1.1187,0.2685,-0.1017,36.8801,38.2773,-0.0384,nan,nan,nan,nan
67.8955,-0.0007,-0.0097,1.1979,-0.1655,-0.0000,0.0658,0.2558,-0.0116,1.1187,0.2685,-0.1052,36.8812,38.2743,-0.0389,nan,nan,nan,nan
67.9224,-0.0007,-0.0098,1.1979,-0.1700,-0.0026,0.0669,0.2558,-0.0118,1.1187,0.2685,-0.1151,36.8794,38.2698,-0.0366,nan,nan,nan,nan
67.9477,-0.0007,-0.0099,1.1979,-0.1700,-0.0026,0.0669,0.2558,-0.0119,1.1187,0.2685,-0.1199,36.8788,38.2681,-0.0352,nan,nan,nan,nan
67.9702,-0.0007,-0.0100,1.1979,-0.1741,-0.0050,0.0683,0.2559,-0.0120,1.1187,0.2685,-0.1269,36.8788,38.2651,-0.0334,nan,nan,nan,nan
67.9931,-0.0006,-0.0101,1.1979,-0.1771,-0.0069,0.0703,0.2559,-0.0122,1.1187,0.2685,-0.1443,36.8797,38.2611,-0.0259,nan,nan,nan,nan
68.0299,-0.0006,-0.0102,1.1980,-0.1796,-0.0087,0.0715,0.2559,-0.0124,1.1187,0.2685,-0.1583,36.8806,38.2548,-0.0155,nan,nan,nan,nan
68.0532,-0.0006,-0.0103,1.1980,-0.1796,-0.0087,0.0715,0.2560,-0.0125,1.1188,0.2685,-0.1611,36.8795,38.2551,-0.0093,nan,nan,nan,nan
68.0741,-0.0006,-0.0104,1.1980,-0.1823,-0.0105,0.0712,0.2560,-0.0126,1.1188,0.2685,-0.1622,36.8786,38.2565,-0.0071,nan,nan,nan,nan
68.1084,-0.0005,-0.0105,1.1980,-0.1841,-0.0118,0.0718,0.2560,-0.0127,1.1188,0.2685,-0.1708,36.8773,38.2644,-0.0010,nan,nan,nan,nan
68.1310,-0.0005,-0.0105,1.1980,-0.1841,-0.0118,0.0718,0.2560,-0.0128,1.1188,0.2685,-0.1757,36.8787,38.2671,0.0004,nan,nan,nan,nan
68.1568,-0.0005,-0.0106,1.1980,-0.1858,-0.0123,0.0721,0.2560,-0.0129,1.1188,0.2685,-0.1792,36.8797,38.2718,0.0030,nan,nan,nan,nan
68.1825,-0.0005,-0.0107,1.1980,-0.1864,-0.0131,0.0719,0.2560,-0.0130,1.1189,0.2685,-0.1845,36.8780,38.2787,0.0050,nan,nan,nan,nan
68.2136,-0.0004,-0.0108,1.1980,-0.1864,-0.0140,0.0719,0.2561,-0.0131,1.1189,0.2684,-0.1925,36.8747,38.2855,0.0051,nan,nan,nan,nan
68.2494,-0.0004,-0.0109,1.1980,-0.1864,-0.0140,0.0706,0.2561,-0.0132,1.1189,0.2684,-0.1912,36.8754,38.2860,0.0065,nan,nan,nan,nan
68.2859,-0.0004,-0.0109,1.1980,-0.1861,-0.0137,0.0691,0.2561,-0.0133,1.1189,0.2684,-0.1870,36.8770,38.2893,0.0068,nan,nan,nan,nan
68.3198,-0.0004,-0.0110,1.1980,-0.1859,-0.0132,0.0662,0.2561,-0.0133,1.1189,0.2684,-0.1736,36.8770,38.2912,0.0053,nan,nan,nan,nan
68.3402,-0.0003,-0.0111,1.1980,-0.1859,-0.0132,0.0662,0.2562,-0.0133,1.1189,0.2684,-0.1617,36.8766,38.2903,0.0049,nan,nan,nan,nan
68.3631,-0.0003,-0.0111,1.1980,-0.1849,-0.0129,0.0631,0.2562,-0.0134,1.1189,0.2684,-0.1586,36.8760,38.2899,0.0049,nan,nan,nan,nan
68.3915,-0.0003,-0.0111,1.1981,-0.1829,-0.0127,0.0605,0.2562,-0.0134,1.1189,0.2684,-0.1480,36.8723,38.2907,0.0099,nan,nan,nan,nan
68.4123,-0.0003,-0.0112,1.1981,-0.1829,-0.0127,0.0605,0.2562,-0.0134,1.1189,0.2684,-0.1398,36.8701,38.2905,0.0193,nan,nan,nan,nan
68.4340,-0.0003,-0.0112,1.1981,-0.1805,-0.0125,0.0580,0.2562,-0.0134,1.1189,0.2684,-0.1357,36.8681,38.2913,0.0257,nan,nan,nan,nan
68.4671,-0.0003,-0.0112,1.1981,-0.1769,-0.0121,0.0556,0.2562,-0.0134,1.1189,0.2684,-0.1309,36.8669,38.2931,0.0353,nan,nan,nan,nan
68.4997,-0.0002,-0.0113,1.1981,-0.1724,-0.0115,0.0549,0.2562,-0.0135,1.1189,0.2684,-0.1345,36.8672,38.2976,0.0401,nan,nan,nan,nan
68.5330,-0.0002,-0.0113,1.1981,-0.1669,-0.0105,0.0542,0.2563,-0.0135,1.1190,0.2684,-0.1408,36.8703,38.3022,0.0385,nan,nan,nan,nan
68.5600,-0.0002,-0.0113,1.1981,-0.1669,-0.0105,0.0542,0.2563,-0.0135,1.1190,0.2684,-0.1419,36.8710,38.3052,0.0377,nan,nan,nan,nan
68.5876,-0.0002,-0.0113,1.1981,-0.1616,-0.0098,0.0530,0.2563,-0.0135,1.1190,0.2684,-0.1417,36.8718,38.3085,0.0356,nan,nan,nan,nan
68.6189,-0.0002,-0.0113,1.1981,-0.1565,-0.0090,0.0513,0.2563,-0.0135,1.1190,0.2684,-0.1373,36.8744,38.3157,0.0290,nan,nan,nan,nan
68.6429,-0.0001,-0.0113,1.1981,-0.1565,-0.0090,0.0513,0.2563,-0.0135,1.1191,0.2684,-0.1340,36.8753,38.3185,0.0265,nan,nan,nan,nan
68.6711,-0.0001,-0.0113,1.1981,-0.1508,-0.0084,0.0490,0.2563,-0.0135,1.1191,0.2684,-0.1306,36.8761,38.3194,0.0253,nan,nan,nan,nan
68.7056,-0.0001,-0.0113,1.1981,-0.1451,-0.0078,0.0469,0.2563,-0.0135,1.1191,0.2684,-0.1243,36.8791,38.3221,0.0247,nan,nan,nan,nan
68.7340,-0.0001,-0.0113,1.1981,-0.1451,-0.0078,0.0469,0.2563,-0.0134,1.1191,0.2683,-0.1137,36.8828,38.3209,0.0247,nan,nan,nan,nan
68.7560,-0.0001,-0.0113,1.1981,-0.1401,-0.0071,0.0440,0.2563,-0.0134,1.1191,0.2683,-0.1084,36.8837,38.3212,0.0242,nan,nan,nan,nan
68.7927,-0.0001,-0.0113,1.1981,-0.1358,-0.0064,0.0403,0.2564,-0.0133,1.1191,0.2683,-0.0838,36.8879,38.3230,0.0195,nan,nan,nan,nan
68.8202,-0.0001,-0.0113,1.1981,-0.1358,-0.0064,0.0403,0.2564,-0.0132,1.1192,0.2683,-0.0604,36.8897,38.3274,0.0170,nan,nan,nan,nan
68.8406,-0.0001,-0.0113,1.1981,-0.1318,-0.0059,0.0357,0.2564,-0.0131,1.1192,0.2683,-0.0443,36.8910,38.3325,0.0154,nan,nan,nan,nan
68.8646,-0.0000,-0.0113,1.1982,-0.1278,-0.0054,0.0315,0.2564,-0.0130,1.1192,0.2683,-0.0219,36.8937,38.3390,0.0156,nan,nan,nan,nan
68.9008,-0.0000,-0.0112,1.1982,-0.1238,-0.0049,0.0282,0.2564,-0.0129,1.1193,0.2683,0.0032,36.8984,38.3455,0.0192,nan,nan,nan,nan
68.9331,0.0000,-0.0112,1.1982,-0.1190,-0.0050,0.0266,0.2564,-0.0128,1.1193,0.2682,0.0170,36.9006,38.3535,0.0248,nan,nan,nan,nan
68.9627,0.0000,-0.0112,1.1982,-0.1133,-0.0053,0.0262,0.2564,-0.0127,1.1193,0.2682,0.0186,36.9023,38.3625,0.0287,nan,nan,nan,nan
68.9916,0.0000,-0.0111,1.1982,-0.1077,-0.0053,0.0260,0.2564,-0.0127,1.1194,0.2682,0.0205,36.9059,38.3706,0.0323,nan,nan,nan,nan
69.0214,0.0001,-0.0111,1.1982,-0.1020,-0.0055,0.0267,0.2564,-0.0126,1.1194,0.2682,0.0156,36.9092,38.3739,0.0340,nan,nan,nan,nan
69.0420,0.0001,-0.0110,1.1982,-0.1020,-0.0055,0.0267,0.2564,-0.0126,1.1194,0.2682,0.0093,36.9086,38.3754,0.0356,nan,nan,nan,nan
69.0631,0.0001,-0.0110,1.1982,-0.0960,-0.0064,0.0289,0.2564,-0.0126,1.1194,0.2682,0.0017,36.9077,38.3782,0.0384,nan,nan,nan,nan
69.0954,0.0001,-0.0109,1.1982,-0.0898,-0.0072,0.0318,0.2564,-0.0126,1.1195,0.2682,-0.0175,36.9062,38.3849,0.0421,nan,nan,nan,nan
69.1286,0.0001,-0.0109,1.1982,-0.0837,-0.0080,0.0347,0.2565,-0.0126,1.1195,0.2682,-0.0359,36.9049,38.3905,0.0345,nan,nan,nan,nan
69.1540,0.0001,-0.0108,1.1982,-0.0837,-0.0080,0.0347,0.2565,-0.0126,1.1195,0.2682,-0.0444,36.9052,38.3915,0.0327,nan,nan,nan,nan
69.1779,0.0001,-0.0108,1.1982,-0.0780,-0.0086,0.0372,0.2565,-0.0126,1.1195,0.2681,-0.0575,36.9057,38.3932,0.0307,nan,nan,nan,nan
69.2129,0.0002,-0.0107,1.1982,-0.0729,-0.0088,0.0396,0.2565,-0.0125,1.1195,0.2681,-0.0662,36.9071,38.3998,0.0276,nan,nan,nan,nan
69.2349,0.0002,-0.0106,1.1982,-0.0729,-0.0088,0.0396,0.2565,-0.0125,1.1196,0.2681,-0.0691,36.9089,38.4052,0.0280,nan,nan,nan,nan
69.2581,0.0002,-0.0106,1.1982,-0.0686,-0.0086,0.0411,0.2565,-0.0125,1.1196,0.2681,-0.0716,36.9116,38.4095,0.0320,nan,nan,nan,nan
69.2903,0.0002,-0.0105,1.1982,-0.0642,-0.0086,0.0429,0.2565,-0.0124,1.1196,0.2681,-0.0765,36.9134,38.4124,0.0341,nan,nan,nan,nan
69.3269,0.0002,-0.0105,1.1982,-0.0599,-0.0090,0.0445,0.2565,-0.0123,1.1196,0.2681,-0.0812,36.9159,38.4126,0.0385,nan,nan,nan,nan
69.3574,0.0002,-0.0104,1.1982,-0.0559,-0.0092,0.0455,0.2565,-0.0123,1.1196,0.2681,-0.0824,36.9198,38.4130,0.0392,nan,nan,nan,nan
69.3777,0.0002,-0.0103,1.1982,-0.0559,-0.0092,0.0455,0.2565,-0.0122,1.1196,0.2681,-0.0858,36.9209,38.4136,0.0342,nan,nan,nan,nan
69.4004,0.0002,-0.0103,1.1982,-0.0518,-0.0096,0.0474,0.2565,-0.0122,1.1197,0.2681,-0.0928,36.9212,38.4150,0.0320,nan,nan,nan,nan
69.4370,0.0003,-0.0102,1.1982,-0.0465,-0.0103,0.0506,0.2565,-0.0121,1.1197,0.2681,-0.1080,36.9210,38.4175,0.0273,nan,nan,nan,nan
69.4626,0.0003,-0.0101,1.1982,-0.0465,-0.0103,0.0506,0.2566,-0.0121,1.1197,0.2681,-0.1205,36.9213,38.4182,0.0222,nan,nan,nan,nan
69.4917,0.0003,-0.0101,1.1983,-0.0409,-0.0109,0.0543,0.2566,-0.0121,1.1197,0.2681,-0.1317,36.9212,38.4185,0.0159,nan,nan,nan,nan
69.5198,0.0003,-0.0100,1.1983,-0.0366,-0.0115,0.0573,0.2566,-0.0121,1.1197,0.2681,-0.1478,36.9212,38.4176,-0.0010,nan,nan,nan,nan
69.5439,0.0003,-0.0099,1.1983,-0.0366,-0.0115,0.0573,0.2566,-0.0120,1.1197,0.2681,-0.1512,36.9214,38.4176,-0.0085,nan,nan,nan,nan
69.5674,0.0003,-0.0099,1.1983,-0.0327,-0.0119,0.0588,0.2566,-0.0120,1.1197,0.2681,-0.1530,36.9212,38.4165,-0.0110,nan,nan,nan,nan
69.6000,0.0003,-0.0098,1.1983,-0.0293,-0.0125,0.0594,0.2566,-0.0119,1.1197,0.2681,-0.1524,36.9200,38.4120,-0.0088,nan,nan,nan,nan
69.6247,0.0003,-0.0098,1.1983,-0.0293,-0.0125,0.0594,0.2566,-0.0118,1.1197,0.2681,-0.1512,36.9163,38.4073,-0.0162,nan,nan,nan,nan
69.6517,0.0003,-0.0097,1.1983,-0.0262,-0.0137,0.0600,0.2566,-0.0118,1.1196,0.2681,-0.1492,36.9148,38.4059,-0.0212,nan,nan,nan,nan
69.6896,0.0003,-0.0096,1.1983,-0.0242,-0.0148,0.0592,0.2567,-0.0116,1.1196,0.2681,-0.1341,36.9090,38.4032,-0.0440,nan,nan,nan,nan
69.7272,0.0003,-0.0096,1.1983,-0.0224,-0.0154,0.0579,0.2567,-0.0115,1.1196,0.2681,-0.1167,36.9059,38.4074,-0.0584,nan,nan,nan,nan
69.7544,0.0003,-0.0095,1.1983,-0.0224,-0.0154,0.0579,0.2567,-0.0113,1.1196,0.2681,-0.1003,36.9070,38.4102,-0.0613,nan,nan,nan,nan
69.7764,0.0004,-0.0094,1.1983,-0.0208,-0.0152,0.0560,0.2567,-0.0112,1.1197,0.2681,-0.0864,36.9087,38.4080,-0.0627,nan,nan,nan,nan
69.8040,0.0004,-0.0094,1.1983,-0.0203,-0.0149,0.0537,0.2567,-0.0111,1.1196,0.2681,-0.0632,36.9097,38.4046,-0.0622,nan,nan,nan,nan
69.8311,0.0004,-0.0093,1.1983,-0.0198,-0.0147,0.0518,0.2567,-0.0109,1.1196,0.2681,-0.0350,36.9089,38.4043,-0.0593,nan,nan,nan,nan
69.8607,0.0004,-0.0092,1.1983,-0.0193,-0.0139,0.0507,0.2567,-0.0107,1.1197,0.2681,-0.0111,36.9099,38.4107,-0.0607,nan,nan,nan,nan
69.8978,0.0004,-0.0091,1.1983,-0.0186,-0.0128,0.0505,0.2567,-0.0105,1.1197,0.2681,0.0033,36.9120,38.4153,-0.0625,nan,nan,nan,nan
69.9230,0.0004,-0.0090,1.1983,-0.0186,-0.0128,0.0505,0.2567,-0.0104,1.1197,0.2681,0.0041,36.9127,38.4187,-0.0624,nan,nan,nan,nan
69.9435,0.0004,-0.0090,1.1983,-0.0169,-0.0116,0.0519,0.2567,-0.0104,1.1197,0.2681,0.0026,36.9141,38.4215,-0.0645,nan,nan,nan,nan
69.9724,0.0004,-0.0089,1.1983,-0.0154,-0.0102,0.0538,0.2567,-0.0103,1.1197,0.2681,-0.0030,36.9165,38.4232,-0.0729,nan,nan,nan,nan
69.9948,0.0004,-0.0088,1.1983,-0.0154,-0.0102,0.0538,0.2567,-0.0103,1.1197,0.2681,-0.0097,36.9177,38.4215,-0.0756,nan,nan,nan,nan
70.0181,0.0004,-0.0088,1.1983,-0.0137,-0.0088,0.0571,0.2567,-0.0103,1.1197,0.2681,-0.0193,36.9175,38.4205,-0.0792,nan,nan,nan,nan
70.0435,0.0004,-0.0087,1.1983,-0.0120,-0.0073,0.0609,0.2567,-0.0102,1.1197,0.2681,-0.0395,36.9186,38.4155,-0.0854,nan,nan,nan,nan
70.0653,0.0004,-0.0086,1.1983,-0.0120,-0.0073,0.0609,0.2567,-0.0102,1.1197,0.2681,-0.0542,36.9204,38.4111,-0.0828,nan,nan,nan,nan
70.0854,0.0004,-0.0085,1.1983,-0.0113,-0.0054,0.0650,0.2567,-0.0102,1.1197,0.2681,-0.0687,36.9210,38.4095,-0.0829,nan,nan,nan,nan
70.1092,0.0004,-0.0084,1.1983,-0.0108,-0.0038,0.0695,0.2567,-0.0102,1.1197,0.2681,-0.0869,36.9201,38.4093,-0.0846,nan,nan,nan,nan
70.1313,0.0004,-0.0084,1.1983,-0.0103,-0.0023,0.0747,0.2567,-0.0101,1.1197,0.2681,-0.1067,36.9198,38.4082,-0.0900,nan,nan,nan,nan
70.1544,0.0004,-0.0083,1.1983,-0.0103,-0.0023,0.0747,0.2567,-0.0102,1.1196,0.2681,-0.1320,36.9201,38.4064,-0.0947,nan,nan,nan,nan
70.1771,0.0004,-0.0082,1.1983,-0.0090,-0.0007,0.0804,0.2567,-0.0102,1.1196,0.2681,-0.1645,36.9197,38.4048,-0.0952,nan,nan,nan,nan
70.2034,0.0004,-0.0081,1.1983,-0.0072,0.0007,0.0872,0.2567,-0.0102,1.1196,0.2681,-0.1877,36.9188,38.4035,-0.0939,nan,nan,nan,nan
70.2275,0.0004,-0.0080,1.1983,-0.0055,0.0017,0.0934,0.2567,-0.0103,1.1196,0.2681,-0.2301,36.9153,38.4013,-0.0948,nan,nan,nan,nan
70.2628,0.0004,-0.0079,1.1983,-0.0053,0.0032,0.0977,0.2567,-0.0102,1.1196,0.2681,-0.2551,36.9136,38.4010,-0.0986,nan,nan,nan,nan
70.2887,0.0004,-0.0078,1.1983,-0.0053,0.0032,0.0977,0.2567,-0.0102,1.1196,0.2681,-0.2605,36.9126,38.3993,-0.1016,nan,nan,nan,nan
70.3101,0.0004,-0.0078,1.1983,-0.0065,0.0049,0.0994,0.2567,-0.0101,1.1196,0.2681,-0.2594,36.9139,38.3976,-0.1046,nan,nan,nan,nan
70.3388,0.0004,-0.0077,1.1983,-0.0085,0.0070,0.0995,0.2567,-0.0100,1.1196,0.2681,-0.2530,36.9155,38.3954,-0.1112,nan,nan,nan,nan
70.3605,0.0004,-0.0076,1.1983,-0.0085,0.0070,0.0995,0.2567,-0.0099,1.1195,0.2681,-0.2409,36.9142,38.3939,-0.1257,nan,nan,nan,nan
70.3819,0.0004,-0.0076,1.1983,-0.0110,0.0084,0.0981,0.2568,-0.0098,1.1195,0.2681,-0.2203,36.9113,38.3933,-0.1414,nan,nan,nan,nan
70.4056,0.0005,-0.0075,1.1983,-0.0148,0.0099,0.0952,0.2568,-0.0096,1.1195,0.2682,-0.1926,36.9106,38.3908,-0.1561,nan,nan,nan,nan
70.4357,0.0005,-0.0074,1.1983,-0.0191,0.0117,0.0900,0.2568,-0.0094,1.1195,0.2682,-0.1555,36.9105,38.3852,-0.1611,nan,nan,nan,nan
70.4763,0.0005,-0.0073,1.1983,-0.0242,0.0134,0.0840,0.2568,-0.0091,1.1195,0.2682,-0.0991,36.9098,38.3820,-0.1587,nan,nan,nan,nan
70.5043,0.0005,-0.0073,1.1983,-0.0242,0.0134,0.0840,0.2568,-0.0089,1.1194,0.2682,-0.0618,36.9085,38.3832,-0.1608,nan,nan,nan,nan
70.5257,0.0005,-0.0072,1.1983,-0.0285,0.0149,0.0790,0.2568,-0.0087,1.1194,0.2682,-0.0415,36.9078,38.3819,-0.1660,nan,nan,nan,nan
70.5628,0.0005,-0.0072,1.1983,-0.0316,0.0160,0.0758,0.2568,-0.0086,1.1194,0.2682,-0.0183,36.9067,38.3799,-0.1728,nan,nan,nan,nan
70.5927,0.0005,-0.0071,1.1983,-0.0338,0.0166,0.0738,0.2568,-0.0084,1.1194,0.2682,0.0054,36.9029,38.3780,-0.1766,nan,nan,nan,nan
70.6207,0.0005,-0.0070,1.1983,-0.0338,0.0166,0.0738,0.2568,-0.0082,1.1194,0.2682,0.0200,36.8995,38.3782,-0.1759,nan,nan,nan,nan
70.6433,0.0005,-0.0069,1.1983,-0.0358,0.0169,0.0727,0.2568,-0.0081,1.1193,0.2682,0.0258,36.8976,38.3769,-0.1765,nan,nan,nan,nan
70.6679,0.0005,-0.0068,1.1983,-0.0373,0.0171,0.0732,0.2568,-0.0080,1.1193,0.2682,0.0308,36.8950,38.3759,-0.1747,nan,nan,nan,nan
70.7035,0.0005,-0.0067,1.1983,-0.0386,0.0173,0.0737,0.2568,-0.0079,1.1193,0.2682,0.0377,36.8921,38.3783,-0.1735,nan,nan,nan,nan
70.7267,0.0005,-0.0066,1.1983,-0.0386,0.0173,0.0737,0.2568,-0.0078,1.1193,0.2682,0.0429,36.8918,38.3807,-0.1722,nan,nan,nan,nan
70.7479,0.0005,-0.0066,1.1983,-0.0402,0.0176,0.0736,0.2568,-0.0077,1.1193,0.2682,0.0496,36.8924,38.3825,-0.1690,nan,nan,nan,nan
70.7699,0.0005,-0.0065,1.1983,-0.0421,0.0178,0.0724,0.2568,-0.0076,1.1193,0.2682,0.0699,36.8934,38.3814,-0.1619,nan,nan,nan,nan
70.7949,0.0005,-0.0064,1.1982,-0.0438,0.0173,0.0718,0.2569,-0.0074,1.1193,0.2682,0.0877,36.8931,38.3785,-0.1574,nan,nan,nan,nan
70.8169,0.0006,-0.0063,1.1982,-0.0438,0.0173,0.0718,0.2569,-0.0073,1.1193,0.2682,0.0968,36.8921,38.3775,-0.1531,nan,nan,nan,nan
70.8402,0.0006,-0.0063,1.1982,-0.0449,0.0163,0.0718,0.2569,-0.0072,1.1193,0.2682,0.1043,36.8922,38.3772,-0.1518,nan,nan,nan,nan
70.8666,0.0006,-0.0062,1.1982,-0.0462,0.0151,0.0718,0.2569,-0.0070,1.1193,0.2682,0.1151,36.8928,38.3760,-0.1534,nan,nan,nan,nan
70.8871,0.0006,-0.0061,1.1982,-0.0462,0.0151,0.0718,0.2569,-0.0069,1.1193,0.2682,0.1221,36.8936,38.3738,-0.1546,nan,nan,nan,nan
70.9078,0.0006,-0.0060,1.1982,-0.0473,0.0137,0.0720,0.2569,-0.0068,1.1193,0.2682,0.1330,36.8944,38.3721,-0.1520,nan,nan,nan,nan
70.9296,0.0006,-0.0059,1.1982,-0.0490,0.0122,0.0717,0.2569,-0.0067,1.1193,0.2682,0.1476,36.8940,38.3750,-0.1507,nan,nan,nan,nan
70.9572,0.0006,-0.0058,1.1982,-0.0508,0.0106,0.0715,0.2569,-0.0065,1.1193,0.2682,0.1656,36.8950,38.3790,-0.1501,nan,nan,nan,nan
70.9787,0.0006,-0.0057,1.1982,-0.0508,0.0106,0.0715,0.2570,-0.0063,1.1194,0.2682,0.1705,36.8961,38.3822,-0.1534,nan,nan,nan,nan
71.0003,0.0006,-0.0056,1.1982,-0.0516,0.0089,0.0725,0.2570,-0.0063,1.1194,0.2682,0.1719,36.8983,38.3835,-0.1598,nan,nan,nan,nan
71.0238,0.0007,-0.0055,1.1982,-0.0518,0.0069,0.0746,0.2570,-0.0062,1.1194,0.2682,0.1692,36.9002,38.3851,-0.1692,nan,nan,nan,nan
71.0510,0.0007,-0.0054,1.1982,-0.0518,0.0044,0.0774,0.2570,-0.0061,1.1194,0.2682,0.1612,36.9001,38.3852,-0.1814,nan,nan,nan,nan
71.0789,0.0007,-0.0053,1.1982,-0.0518,0.0020,0.0811,0.2570,-0.0060,1.1194,0.2682,0.1471,36.9016,38.3853,-0.1766,nan,nan,nan,nan
71.1154,0.0007,-0.0051,1.1982,-0.0516,-0.0006,0.0858,0.2570,-0.0059,1.1194,0.2682,0.1252,36.9034,38.3862,-0.1620,nan,nan,nan,nan
71.1372,0.0007,-0.0050,1.1982,-0.0516,-0.0006,0.0858,0.2571,-0.0058,1.1194,0.2682,0.1138,36.9041,38.3887,-0.1543,nan,nan,nan,nan
71.1630,0.0007,-0.0049,1.1982,-0.0519,-0.0033,0.0892,0.2571,-0.0057,1.1195,0.2682,0.1111,36.9045,38.3898,-0.1542,nan,nan,nan,nan
71.1872,0.0008,-0.0048,1.1982,-0.0537,-0.0058,0.0910,0.2571,-0.0056,1.1195,0.2682,0.1128,36.9050,38.3914,-0.1513,nan,nan,nan,nan
71.2181,0.0008,-0.0047,1.1982,-0.0554,-0.0085,0.0925,0.2571,-0.0055,1.1195,0.2682,0.1147,36.9040,38.3920,-0.1502,nan,nan,nan,nan
71.2396,0.0008,-0.0046,1.1982,-0.0554,-0.0085,0.0925,0.2571,-0.0054,1.1195,0.2682,0.1154,36.9038,38.3910,-0.1504,nan,nan,nan,nan
71.2666,0.0008,-0.0045,1.1982,-0.0572,-0.0110,0.0942,0.2571,-0.0053,1.1195,0.2682,0.1128,36.9049,38.3879,-0.1490,nan,nan,nan,nan
71.2885,0.0008,-0.0044,1.1982,-0.0582,-0.0133,0.0967,0.2572,-0.0052,1.1195,0.2682,0.1061,36.9061,38.3853,-0.1423,nan,nan,nan,nan
71.3171,0.0008,-0.0042,1.1982,-0.0583,-0.0156,0.1001,0.2572,-0.0051,1.1195,0.2682,0.0884,36.9058,38.3839,-0.1268,nan,nan,nan,nan
71.3530,0.0008,-0.0041,1.1982,-0.0582,-0.0179,0.1035,0.2572,-0.0050,1.1195,0.2682,0.0705,36.9053,38.3778,-0.1111,nan,nan,nan,nan
71.3879,0.0008,-0.0039,1.1982,-0.0581,-0.0198,0.1072,0.2572,-0.0049,1.1195,0.2682,0.0491,36.9061,38.3685,-0.0973,nan,nan,nan,nan
71.4101,0.0009,-0.0038,1.1982,-0.0581,-0.0198,0.1072,0.2573,-0.0049,1.1194,0.2682,0.0377,36.9073,38.3636,-0.0952,nan,nan,nan,nan
71.4334,0.0009,-0.0037,1.1982,-0.0577,-0.0214,0.1108,0.2573,-0.0048,1.1194,0.2682,0.0164,36.9079,38.3549,-0.0940,nan,nan,nan,nan
71.4561,0.0009,-0.0036,1.1982,-0.0571,-0.0229,0.1144,0.2573,-0.0048,1.1194,0.2682,0.0043,36.9082,38.3521,-0.0924,nan,nan,nan,nan
71.4912,0.0009,-0.0034,1.1982,-0.0553,-0.0240,0.1185,0.2573,-0.0047,1.1194,0.2682,-0.0276,36.9096,38.3484,-0.0939,nan,nan,nan,nan
71.5271,0.0009,-0.0032,1.1982,-0.0530,-0.0249,0.1233,0.2573,-0.0047,1.1194,0.2683,-0.0653,36.9095,38.3477,-0.1012,nan,nan,nan,nan
71.5473,0.0009,-0.0031,1.1982,-0.0530,-0.0249,0.1233,0.2573,-0.0047,1.1194,0.2683,-0.0840,36.9094,38.3471,-0.1033,nan,nan,nan,nan
71.5684,0.0009,-0.0030,1.1982,-0.0507,-0.0256,0.1276,0.2573,-0.0046,1.1194,0.2683,-0.1079,36.9094,38.3486,-0.1045,nan,nan,nan,nan
71.5940,0.0009,-0.0029,1.1982,-0.0485,-0.0261,0.1305,0.2573,-0.0046,1.1194,0.2683,-0.1264,36.9092,38.3481,-0.1049,nan,nan,nan,nan
71.6243,0.0009,-0.0027,1.1982,-0.0468,-0.0267,0.1312,0.2573,-0.0044,1.1194,0.2683,-0.1388,36.9078,38.3438,-0.1073,nan,nan,nan,nan
71.6454,0.0009,-0.0026,1.1982,-0.0468,-0.0267,0.1312,0.2574,-0.0043,1.1194,0.2683,-0.1326,36.9079,38.3396,-0.1080,nan,nan,nan,nan
71.6674,0.0009,-0.0025,1.1982,-0.0467,-0.0267,0.1291,0.2574,-0.0042,1.1194,0.2683,-0.1289,36.9075,38.3381,-0.1086,nan,nan,nan,nan
71.6940,0.0009,-0.0024,1.1982,-0.0467,-0.0267,0.1257,0.2574,-0.0040,1.1194,0.2683,-0.1106,36.9048,38.3337,-0.1118,nan,nan,nan,nan
71.7163,0.0009,-0.0022,1.1982,-0.0467,-0.0267,0.1257,0.2574,-0.0038,1.1194,0.2683,-0.0982,36.9028,38.3311,-0.1155,nan,nan,nan,nan
71.7443,0.0009,-0.0021,1.1982,-0.0464,-0.0264,0.1226,0.2574,-0.0037,1.1194,0.2683,-0.0900,36.9014,38.3265,-0.1169,nan,nan,nan,nan
71.7695,0.0009,-0.0020,1.1982,-0.0445,-0.0256,0.1201,0.2574,-0.0036,1.1193,0.2683,-0.0880,36.8998,38.3262,-0.1161,nan,nan,nan,nan
71.7903,0.0009,-0.0019,1.1982,-0.0445,-0.0256,0.1201,0.2574,-0.0034,1.1193,0.2683,-0.0879,36.8988,38.3277,-0.1141,nan,nan,nan,nan
71.8156,0.0009,-0.0017,1.1982,-0.0423,-0.0243,0.1184,0.2574,-0.0033,1.1193,0.2683,-0.0854,36.8984,38.3298,-0.1145,nan,nan,nan,nan
71.8416,0.0009,-0.0016,1.1982,-0.0401,-0.0226,0.1160,0.2574,-0.0032,1.1193,0.2683,-0.0799,36.8976,38.3294,-0.1131,nan,nan,nan,nan
71.8676,0.0009,-0.0015,1.1982,-0.0401,-0.0226,0.1160,0.2574,-0.0030,1.1193,0.2683,-0.0768,36.8964,38.3295,-0.1126,nan,nan,nan,nan
71.8915,0.0009,-0.0014,1.1982,-0.0378,-0.0209,0.1134,0.2574,-0.0029,1.1193,0.2683,-0.0728,36.8953,38.3300,-0.1139,nan,nan,nan,nan
71.9125,0.0009,-0.0013,1.1982,-0.0355,-0.0187,0.1103,0.2574,-0.0028,1.1193,0.2683,-0.0618,36.8948,38.3326,-0.1176,nan,nan,nan,nan
71.9409,0.0009,-0.0011,1.1982,-0.0355,-0.0187,0.1103,0.2573,-0.0026,1.1193,0.2683,-0.0556,36.8927,38.3371,-0.1186,nan,nan,nan,nan
71.9680,0.0009,-0.0010,1.1982,-0.0327,-0.0167,0.1075,0.2573,-0.0025,1.1193,0.2683,-0.0542,36.8923,38.3383,-0.1206,nan,nan,nan,nan
72.0070,0.0009,-0.0009,1.1982,-0.0293,-0.0146,0.1043,0.2573,-0.0023,1.1193,0.2683,-0.0484,36.8907,38.3432,-0.1301,nan,nan,nan,nan
72.0295,0.0009,-0.0008,1.1982,-0.0293,-0.0146,0.1043,0.2573,-0.0022,1.1193,0.2683,-0.0445,36.8889,38.3455,-0.1343,nan,nan,nan,nan
72.0510,0.0009,-0.0007,1.1982,-0.0258,-0.0128,0.1008,0.2573,-0.0021,1.1193,0.2683,-0.0392,36.8868,38.3477,-0.1394,nan,nan,nan,nan
72.0948,0.0009,-0.0005,1.1982,-0.0222,-0.0111,0.0971,0.2573,-0.0019,1.1193,0.2683,-0.0288,36.8846,38.3470,-0.1410,nan,nan,nan,nan
72.1178,0.0009,-0.0004,1.1982,-0.0222,-0.0111,0.0971,0.2573,-0.0018,1.1193,0.2683,-0.0221,36.8845,38.3448,-0.1384,nan,nan,nan,nan
72.1523,0.0009,-0.0003,1.1982,-0.0189,-0.0094,0.0931,0.2573,-0.0016,1.1193,0.2683,-0.0126,36.8848,38.3423,-0.1353,nan,nan,nan,nan
72.1838,0.0009,-0.0001,1.1982,-0.0158,-0.0076,0.0889,0.2573,-0.0014,1.1193,0.2683,0.0074,36.8856,38.3386,-0.1275,nan,nan,nan,nan
72.2102,0.0009,0.0000,1.1982,-0.0158,-0.0076,0.0889,0.2573,-0.0012,1.1193,0.2683,0.0175,36.8887,38.3373,-0.1208,nan,nan,nan,nan
72.2312,0.0009,0.0000,1.1982,-0.0119,-0.0055,0.0855,0.2573,-0.0011,1.1193,0.2683,0.0199,36.8894,38.3377,-0.1182,nan,nan,nan,nan
72.2544,0.0009,0.0002,1.1982,-0.0119,-0.0055,0.0855,0.2573,-0.0010,1.1193,0.2683,0.0268,36.8911,38.3388,-0.1089,nan,nan,nan,nan
72.2783,0.0009,0.0003,1.1982,-0.0079,-0.0036,0.0829,0.2573,-0.0009,1.1193,0.2683,0.0285,36.8916,38.3392,-0.1061,nan,nan,nan,nan
72.3025,0.0008,0.0004,1.1982,-0.0035,-0.0020,0.0814,0.2573,-0.0007,1.1193,0.2683,0.0306,36.8935,38.3368,-0.1049,nan,nan,nan,nan
72.3308,0.0008,0.0006,1.1982,0.0015,-0.0006,0.0809,0.2573,-0.0005,1.1193,0.2683,0.0243,36.8950,38.3327,-0.1050,nan,nan,nan,nan
72.3557,0.0008,0.0008,1.1982,0.0015,-0.0006,0.0809,0.2573,-0.0004,1.1192,0.2683,0.0204,36.8965,38.3292,-0.1034,nan,nan,nan,nan
72.3829,0.0008,0.0009,1.1982,0.0061,0.0010,0.0802,0.2573,-0.0003,1.1192,0.2683,0.0199,36.8980,38.3253,-0.1017,nan,nan,nan,nan
72.4115,0.0008,0.0010,1.1982,0.0099,0.0024,0.0776,0.2573,-0.0001,1.1192,0.2683,0.0288,36.8993,38.3185,-0.0971,nan,nan,nan,nan
72.4344,0.0008,0.0012,1.1982,0.0099,0.0024,0.0776,0.2573,0.0000,1.1192,0.2683,0.0350,36.8998,38.3162,-0.0947,nan,nan,nan,nan
72.4565,0.0008,0.0013,1.1982,0.0133,0.0039,0.0750,0.2573,0.0001,1.1192,0.2683,0.0403,36.9017,38.3134,-0.0935,nan,nan,nan,nan
72.4882,0.0008,0.0014,1.1982,0.0171,0.0050,0.0735,0.2572,0.0003,1.1192,0.2683,0.0423,36.9009,38.3125,-0.0924,nan,nan,nan,nan
72.5122,0.0008,0.0015,1.1982,0.0171,0.0050,0.0735,0.2572,0.0004,1.1192,0.2684,0.0407,36.8996,38.3123,-0.0964,nan,nan,nan,nan
72.5335,0.0008,0.0017,1.1982,0.0211,0.0056,0.0730,0.2572,0.0006,1.1192,0.2684,0.0357,36.8972,38.3116,-0.1052,nan,nan,nan,nan
72.5607,0.0008,0.0018,1.1982,0.0251,0.0058,0.0732,0.2572,0.0007,1.1192,0.2684,0.0298,36.8955,38.3086,-0.1172,nan,nan,nan,nan
72.5872,0.0008,0.0020,1.1982,0.0291,0.0062,0.0732,0.2572,0.0008,1.1192,0.2684,0.0257,36.8956,38.3035,-0.1269,nan,nan,nan,nan
72.6076,0.0008,0.0021,1.1982,0.0291,0.0062,0.0732,0.2572,0.0009,1.1191,0.2684,0.0231,36.8960,38.2998,-0.1324,nan,nan,nan,nan
72.6284,0.0008,0.0023,1.1982,0.0328,0.0064,0.0730,0.2572,0.0011,1.1191,0.2684,0.0171,36.8959,38.2957,-0.1342,nan,nan,nan,nan
72.6515,0.0008,0.0024,1.1982,0.0368,0.0061,0.0738,0.2572,0.0012,1.1191,0.2684,0.0109,36.8951,38.2935,-0.1370,nan,nan,nan,nan
72.6867,0.0008,0.0025,1.1982,0.0410,0.0058,0.0756,0.2572,0.0013,1.1191,0.2684,-0.0048,36.8948,38.2894,-0.1398,nan,nan,nan,nan
72.7222,0.0008,0.0027,1.1982,0.0455,0.0057,0.0786,0.2572,0.0014,1.1191,0.2684,-0.0294,36.8960,38.2872,-0.1420,nan,nan,nan,nan
72.7529,0.0008,0.0029,1.1982,0.0509,0.0053,0.0827,0.2572,0.0014,1.1191,0.2684,-0.0657,36.8953,38.2856,-0.1528,nan,nan,nan,nan
72.7874,0.0008,0.0031,1.1982,0.0567,0.0051,0.0877,0.2572,0.0014,1.1191,0.2684,-0.1097,36.8938,38.2898,-0.1579,nan,nan,nan,nan
72.8146,0.0007,0.0033,1.1982,0.0567,0.0051,0.0877,0.2572,0.0014,1.1191,0.2684,-0.1455,36.8941,38.2945,-0.1568,nan,nan,nan,nan
72.8427,0.0007,0.0033,1.1982,0.0628,0.0054,0.0933,0.2572,0.0014,1.1191,0.2684,-0.1718,36.8949,38.2954,-0.1570,nan,nan,nan,nan
72.8804,0.0007,0.0035,1.1982,0.0692,0.0056,0.0999,0.2572,0.0014,1.1191,0.2684,-0.2149,36.8949,38.2941,-0.1614,nan,nan,nan,nan
72.9075,0.0007,0.0036,1.1982,0.0692,0.0056,0.0999,0.2572,0.0014,1.1191,0.2684,-0.2444,36.8938,38.2929,-0.1636,nan,nan,nan,nan
72.9344,0.0007,0.0037,1.1982,0.0758,0.0056,0.1064,0.2572,0.0014,1.1191,0.2684,-0.2834,36.8921,38.2930,-0.1641,nan,nan,nan,nan
72.9809,0.0007,0.0038,1.1982,0.0817,0.0059,0.1104,0.2572,0.0014,1.1191,0.2684,-0.3124,36.8896,38.2964,-0.1609,nan,nan,nan,nan
73.0037,0.0007,0.0039,1.1982,0.0817,0.0059,0.1104,0.2572,0.0015,1.1191,0.2684,-0.3197,36.8893,38.2965,-0.1592,nan,nan,nan,nan
73.0320,0.0007,0.0040,1.1982,0.0859,0.0068,0.1122,0.2572,0.0015,1.1191,0.2684,-0.3335,36.8885,38.2972,-0.1558,nan,nan,nan,nan
73.0690,0.0007,0.0042,1.1982,0.0888,0.0084,0.1114,0.2572,0.0017,1.1191,0.2684,-0.3353,36.8906,38.2974,-0.1586,nan,nan,nan,nan
73.0903,0.0007,0.0043,1.1982,0.0888,0.0084,0.1114,0.2572,0.0018,1.1191,0.2684,-0.3334,36.8925,38.2973,-0.1609,nan,nan,nan,nan
73.1130,0.0007,0.0044,1.1982,0.0912,0.0104,0.1101,0.2572,0.0019,1.1191,0.2684,-0.3291,36.8952,38.2990,-0.1639,nan,nan,nan,nan
73.1363,0.0007,0.0045,1.1982,0.0938,0.0122,0.1083,0.2572,0.0020,1.1191,0.2684,-0.3233,36.8965,38.2990,-0.1656,nan,nan,nan,nan
73.1637,0.0007,0.0046,1.1982,0.0965,0.0140,0.1061,0.2572,0.0022,1.1191,0.2684,-0.3132,36.8977,38.2998,-0.1637,nan,nan,nan,nan
73.1949,0.0007,0.0047,1.1982,0.0996,0.0158,0.1035,0.2572,0.0024,1.1191,0.2684,-0.3019,36.8986,38.3000,-0.1549,nan,nan,nan,nan
73.2174,0.0007,0.0048,1.1982,0.0996,0.0158,0.1035,0.2572,0.0025,1.1191,0.2684,-0.2893,36.8993,38.3003,-0.1504,nan,nan,nan,nan
73.2442,0.0007,0.0049,1.1982,0.1022,0.0178,0.1005,0.2572,0.0026,1.1191,0.2684,-0.2819,36.9000,38.2996,-0.1481,nan,nan,nan,nan
73.2683,0.0007,0.0050,1.1982,0.1058,0.0195,0.0975,0.2572,0.0027,1.1191,0.2684,-0.2744,36.9001,38.2986,-0.1447,nan,nan,nan,nan
73.2925,0.0007,0.0051,1.1982,0.1058,0.0195,0.0975,0.2572,0.0028,1.1191,0.2684,-0.2683,36.9005,38.2988,-0.1377,nan,nan,nan,nan
73.3176,0.0007,0.0052,1.1982,0.1097,0.0212,0.0951,0.2572,0.0030,1.1191,0.2684,-0.2639,36.9014,38.2996,-0.1328,nan,nan,nan,nan
73.3398,0.0007,0.0053,1.1982,0.1136,0.0229,0.0924,0.2571,0.0031,1.1191,0.2684,-0.2565,36.9012,38.3040,-0.1324,nan,nan,nan,nan
73.3614,0.0007,0.0053,1.1982,0.1170,0.0245,0.0891,0.2571,0.0032,1.1191,0.2683,-0.2420,36.9015,38.3125,-0.1368,nan,nan,nan,nan
73.3851,0.0007,0.0054,1.1982,0.1170,0.0245,0.0891,0.2571,0.0033,1.1191,0.2683,-0.2224,36.9024,38.3135,-0.1439,nan,nan,nan,nan
73.4076,0.0007,0.0055,1.1982,0.1190,0.0260,0.0844,0.2571,0.0035,1.1191,0.2683,-0.2143,36.9022,38.3130,-0.1456,nan,nan,nan,nan
73.4368,0.0007,0.0055,1.1982,0.1207,0.0271,0.0788,0.2571,0.0036,1.1190,0.2684,-0.1799,36.9009,38.3108,-0.1518,nan,nan,nan,nan
73.4648,0.0007,0.0056,1.1982,0.1223,0.0282,0.0732,0.2572,0.0038,1.1190,0.2684,-0.1455,36.8993,38.3114,-0.1658,nan,nan,nan,nan
73.4874,0.0007,0.0057,1.1982,0.1223,0.0282,0.0732,0.2572,0.0040,1.1190,0.2684,-0.1339,36.8985,38.3108,-0.1751,nan,nan,nan,nan
73.5101,0.0008,0.0057,1.1982,0.1244,0.0292,0.0698,0.2572,0.0040,1.1190,0.2684,-0.1207,36.8973,38.3085,-0.1928,nan,nan,nan,nan
73.5455,0.0008,0.0058,1.1982,0.1265,0.0301,0.0672,0.2572,0.0042,1.1190,0.2684,-0.1090,36.8952,38.3075,-0.2142,nan,nan,nan,nan
73.5715,0.0008,0.0058,1.1982,0.1265,0.0301,0.0672,0.2572,0.0043,1.1190,0.2684,-0.1026,36.8935,38.3075,-0.2308,nan,nan,nan,nan
73.5991,0.0008,0.0059,1.1982,0.1288,0.0309,0.0653,0.2572,0.0043,1.1190,0.2684,-0.0976,36.8926,38.3068,-0.2455,nan,nan,nan,nan
73.6271,0.0008,0.0059,1.1982,0.1310,0.0315,0.0645,0.2572,0.0044,1.1190,0.2684,-0.0939,36.8886,38.3084,-0.2592,nan,nan,nan,nan
73.6494,0.0008,0.0060,1.1982,0.1310,0.0315,0.0645,0.2572,0.0044,1.1189,0.2684,-0.0919,36.8852,38.3132,-0.2590,nan,nan,nan,nan
73.6717,0.0008,0.0060,1.1982,0.1332,0.0321,0.0639,0.2572,0.0045,1.1189,0.2684,-0.0907,36.8842,38.3152,-0.2581,nan,nan,nan,nan
73.7071,0.0008,0.0061,1.1982,0.1346,0.0328,0.0626,0.2572,0.0045,1.1189,0.2684,-0.0823,36.8809,38.3189,-0.2579,nan,nan,nan,nan
73.7324,0.0008,0.0061,1.1982,0.1346,0.0328,0.0626,0.2572,0.0046,1.1189,0.2684,-0.0716,36.8786,38.3157,-0.2632,nan,nan,nan,nan
73.7607,0.0008,0.0061,1.1982,0.1347,0.0332,0.0608,0.2572,0.0047,1.1189,0.2684,-0.0624,36.8757,38.3126,-0.2651,nan,nan,nan,nan
73.7971,0.0008,0.0062,1.1982,0.1342,0.0335,0.0583,0.2573,0.0048,1.1189,0.2684,-0.0479,36.8720,38.3082,-0.2683,nan,nan,nan,nan
73.8379,0.0009,0.0062,1.1981,0.1326,0.0342,0.0570,0.2573,0.0049,1.1188,0.2684,-0.0310,36.8694,38.3020,-0.2726,nan,nan,nan,nan
73.8616,0.0009,0.0062,1.1981,0.1326,0.0342,0.0570,0.2573,0.0049,1.1188,0.2684,-0.0262,36.8698,38.2988,-0.2705,nan,nan,nan,nan
73.8973,0.0009,0.0062,1.1981,0.1314,0.0354,0.0571,0.2573,0.0050,1.1188,0.2684,-0.0247,36.8711,38.2945,-0.2682,nan,nan,nan,nan
73.9192,0.0009,0.0063,1.1981,0.1314,0.0354,0.0571,0.2573,0.0050,1.1188,0.2684,-0.0247,36.8715,38.2928,-0.2667,nan,nan,nan,nan
73.9429,0.0009,0.0063,1.1981,0.1299,0.0365,0.0583,0.2573,0.0050,1.1188,0.2684,-0.0262,36.8722,38.2879,-0.2633,nan,nan,nan,nan
73.9675,0.0009,0.0063,1.1981,0.1280,0.0375,0.0598,0.2574,0.0050,1.1188,0.2685,-0.0305,36.8720,38.2829,-0.2621,nan,nan,nan,nan
73.9934,0.0009,0.0063,1.1981,0.1280,0.0375,0.0598,0.2574,0.0050,1.1187,0.2685,-0.0382,36.8707,38.2830,-0.2642,nan,nan,nan,nan
74.0143,0.0010,0.0063,1.1981,0.1261,0.0385,0.0625,0.2574,0.0050,1.1187,0.2684,-0.0478,36.8699,38.2843,-0.2654,nan,nan,nan,nan
74.0372,0.0010,0.0063,1.1981,0.1245,0.0395,0.0670,0.2574,0.0049,1.1187,0.2684,-0.0679,36.8694,38.2860,-0.2630,nan,nan,nan,nan
74.0575,0.0010,0.0064,1.1981,0.1245,0.0395,0.0670,0.2574,0.0048,1.1187,0.2684,-0.0946,36.8699,38.2863,-0.2618,nan,nan,nan,nan
74.0827,0.0010,0.0064,1.1981,0.1236,0.0405,0.0729,0.2574,0.0048,1.1187,0.2684,-0.1051,36.8701,38.2857,-0.2609,nan,nan,nan,nan
74.1125,0.0010,0.0064,1.1981,0.1224,0.0411,0.0791,0.2575,0.0047,1.1187,0.2684,-0.1459,36.8692,38.2846,-0.2621,nan,nan,nan,nan
74.1395,0.0011,0.0064,1.1981,0.1224,0.0411,0.0791,0.2575,0.0046,1.1187,0.2685,-0.1610,36.8684,38.2827,-0.2623,nan,nan,nan,nan
74.1633,0.0011,0.0064,1.1981,0.1196,0.0414,0.0833,0.2575,0.0046,1.1187,0.2685,-0.1704,36.8679,38.2827,-0.2612,nan,nan,nan,nan
74.1960,0.0011,0.0064,1.1981,0.1146,0.0419,0.0847,0.2575,0.0045,1.1187,0.2685,-0.1724,36.8672,38.2825,-0.2588,nan,nan,nan,nan
74.2288,0.0011,0.0064,1.1981,0.1082,0.0423,0.0841,0.2576,0.0046,1.1187,0.2685,-0.1602,36.8669,38.2838,-0.2593,nan,nan,nan,nan
74.2621,0.0012,0.0063,1.1981,0.1010,0.0421,0.0835,0.2576,0.0046,1.1187,0.2685,-0.1441,36.8636,38.2856,-0.2579,nan,nan,nan,nan
74.2906,0.0012,0.0063,1.1981,0.1010,0.0421,0.0835,0.2576,0.0046,1.1187,0.2685,-0.1380,36.8626,38.2861,-0.2582,nan,nan,nan,nan
74.3155,0.0012,0.0063,1.1981,0.0945,0.0419,0.0836,0.2577,0.0046,1.1187,0.2684,-0.1365,36.8629,38.2887,-0.2589,nan,nan,nan,nan
74.3400,0.0013,0.0063,1.1981,0.0886,0.0414,0.0855,0.2577,0.0046,1.1187,0.2684,-0.1406,36.8639,38.2900,-0.2551,nan,nan,nan,nan
74.3603,0.0013,0.0063,1.1981,0.0829,0.0404,0.0881,0.2577,0.0045,1.1187,0.2684,-0.1504,36.8638,38.2913,-0.2484,nan,nan,nan,nan
74.3874,0.0014,0.0062,1.1981,0.0773,0.0389,0.0910,0.2578,0.0044,1.1187,0.2684,-0.1632,36.8633,38.2947,-0.2474,nan,nan,nan,nan
74.4163,0.0014,0.0062,1.1981,0.0773,0.0389,0.0910,0.2578,0.0044,1.1187,0.2684,-0.1744,36.8642,38.2981,-0.2483,nan,nan,nan,nan
74.4370,0.0014,0.0062,1.1981,0.0724,0.0374,0.0938,0.2578,0.0043,1.1187,0.2684,-0.1831,36.8656,38.3007,-0.2494,nan,nan,nan,nan
74.4722,0.0015,0.0062,1.1981,0.0680,0.0359,0.0966,0.2579,0.0042,1.1188,0.2684,-0.1967,36.8687,38.3056,-0.2486,nan,nan,nan,nan
74.5035,0.0015,0.0061,1.1981,0.0636,0.0341,0.0995,0.2579,0.0041,1.1188,0.2684,-0.2163,36.8739,38.3098,-0.2499,nan,nan,nan,nan
74.5248,0.0015,0.0061,1.1981,0.0636,0.0341,0.0995,0.2579,0.0040,1.1188,0.2684,-0.2278,36.8756,38.3117,-0.2513,nan,nan,nan,nan
74.5493,0.0016,0.0061,1.1981,0.0592,0.0314,0.1016,0.2580,0.0040,1.1188,0.2684,-0.2349,36.8757,38.3136,-0.2546,nan,nan,nan,nan
74.5756,0.0016,0.0060,1.1981,0.0549,0.0282,0.1033,0.2580,0.0039,1.1188,0.2684,-0.2433,36.8773,38.3147,-0.2581,nan,nan,nan,nan
74.6039,0.0017,0.0060,1.1981,0.0504,0.0250,0.1039,0.2581,0.0038,1.1189,0.2684,-0.2484,36.8808,38.3126,-0.2641,nan,nan,nan,nan
74.6300,0.0017,0.0060,1.1981,0.0504,0.0250,0.1039,0.2581,0.0038,1.1189,0.2684,-0.2472,36.8825,38.3082,-0.2692,nan,nan,nan,nan
74.6515,0.0017,0.0059,1.1981,0.0459,0.0210,0.1035,0.2582,0.0038,1.1189,0.2684,-0.2464,36.8828,38.3059,-0.2702,nan,nan,nan,nan
74.6726,0.0018,0.0059,1.1981,0.0415,0.0166,0.1028,0.2582,0.0037,1.1189,0.2684,-0.2426,36.8828,38.2997,-0.2691,nan,nan,nan,nan
74.6987,0.0018,0.0058,1.1981,0.0370,0.0121,0.1016,0.2583,0.0037,1.1189,0.2684,-0.2354,36.8830,38.2976,-0.2650,nan,nan,nan,nan
74.7330,0.0019,0.0058,1.1981,0.0325,0.0075,0.0995,0.2583,0.0037,1.1189,0.2684,-0.2210,36.8828,38.2984,-0.2644,nan,nan,nan,nan
74.7623,0.0019,0.0057,1.1981,0.0281,0.0028,0.0969,0.2584,0.0037,1.1189,0.2684,-0.2031,36.8832,38.2962,-0.2585,nan,nan,nan,nan
74.7855,0.0020,0.0057,1.1981,0.0281,0.0028,0.0969,0.2585,0.0037,1.1189,0.2684,-0.1945,36.8836,38.2935,-0.2502,nan,nan,nan,nan
74.8143,0.0020,0.0056,1.1981,0.0245,-0.0020,0.0956,0.2585,0.0036,1.1190,0.2684,-0.1857,36.8860,38.2898,-0.2453,nan,nan,nan,nan
74.8365,0.0021,0.0056,1.1981,0.0211,-0.0065,0.0945,0.2586,0.0036,1.1190,0.2684,-0.1817,36.8871,38.2874,-0.2459,nan,nan,nan,nan
74.8623,0.0021,0.0055,1.1981,0.0178,-0.0111,0.0927,0.2586,0.0036,1.1190,0.2684,-0.1710,36.8894,38.2806,-0.2462,nan,nan,nan,nan
74.8849,0.0022,0.0055,1.1981,0.0178,-0.0111,0.0927,0.2587,0.0036,1.1190,0.2684,-0.1549,36.8902,38.2705,-0.2460,nan,nan,nan,nan
74.9074,0.0022,0.0054,1.1981,0.0138,-0.0159,0.0895,0.2587,0.0036,1.1190,0.2685,-0.1489,36.8902,38.2668,-0.2463,nan,nan,nan,nan
74.9426,0.0022,0.0054,1.1981,0.0098,-0.0203,0.0857,0.2588,0.0037,1.1189,0.2685,-0.1221,36.8899,38.2558,-0.2480,nan,nan,nan,nan
74.9647,0.0023,0.0053,1.1981,0.0098,-0.0203,0.0857,0.2588,0.0037,1.1190,0.2685,-0.0987,36.8900,38.2520,-0.2512,nan,nan,nan,nan
74.9920,0.0023,0.0053,1.1981,0.0054,-0.0243,0.0810,0.2589,0.0037,1.1190,0.2685,-0.0800,36.8913,38.2502,-0.2533,nan,nan,nan,nan
75.0175,0.0023,0.0052,1.1981,0.0010,-0.0275,0.0758,0.2589,0.0038,1.1190,0.2685,-0.0526,36.8937,38.2450,-0.2515,nan,nan,nan,nan
75.0446,0.0024,0.0052,1.1981,0.0010,-0.0275,0.0758,0.2590,0.0038,1.1190,0.2685,-0.0300,36.8959,38.2405,-0.2524,nan,nan,nan,nan
75.0711,0.0024,0.0052,1.1981,-0.0032,-0.0306,0.0718,0.2590,0.0038,1.1190,0.2685,-0.0246,36.8963,38.2398,-0.2525,nan,nan,nan,nan
75.0936,0.0024,0.0051,1.1981,-0.0063,-0.0336,0.0700,0.2590,0.0038,1.1190,0.2685,-0.0128,36.8982,38.2376,-0.2554,nan,nan,nan,nan
75.1209,0.0025,0.0051,1.1981,-0.0063,-0.0336,0.0700,0.2591,0.0037,1.1190,0.2685,-0.0077,36.8977,38.2377,-0.2544,nan,nan,nan,nan
75.1432,0.0025,0.0050,1.1981,-0.0087,-0.0368,0.0683,0.2591,0.0037,1.1190,0.2685,-0.0049,36.8973,38.2377,-0.2538,nan,nan,nan,nan
75.1676,0.0025,0.0050,1.1981,-0.0110,-0.0398,0.0669,0.2591,0.0037,1.1190,0.2685,0.0018,36.8960,38.2381,-0.2513,nan,nan,nan,nan
75.2023,0.0026,0.0049,1.1981,-0.0130,-0.0426,0.0672,0.2592,0.0036,1.1190,0.2685,-0.0024,36.8936,38.2364,-0.2525,nan,nan,nan,nan
75.2292,0.0026,0.0049,1.1981,-0.0130,-0.0426,0.0672,0.2592,0.0035,1.1190,0.2685,-0.0178,36.8896,38.2371,-0.2524,nan,nan,nan,nan
75.2533,0.0026,0.0049,1.1981,-0.0136,-0.0455,0.0695,0.2592,0.0034,1.1190,0.2685,-0.0386,36.8864,38.2404,-0.2493,nan,nan,nan,nan
75.2779,0.0027,0.0048,1.1981,-0.0138,-0.0477,0.0725,0.2593,0.0033,1.1190,0.2685,-0.0588,36.8843,38.2467,-0.2445,nan,nan,nan,nan
75.2994,0.0027,0.0048,1.1981,-0.0149,-0.0495,0.0746,0.2593,0.0032,1.1190,0.2685,-0.0731,36.8826,38.2509,-0.2389,nan,nan,nan,nan
75.3236,0.0027,0.0047,1.1981,-0.0149,-0.0495,0.0746,0.2593,0.0031,1.1191,0.2685,-0.0792,36.8815,38.2530,-0.2347,nan,nan,nan,nan
75.3443,0.0027,0.0047,1.1981,-0.0170,-0.0506,0.0753,0.2593,0.0031,1.1191,0.2685,-0.0829,36.8812,38.2560,-0.2293,nan,nan,nan,nan
75.3697,0.0028,0.0047,1.1981,-0.0193,-0.0514,0.0750,0.2594,0.0030,1.1191,0.2685,-0.0851,36.8814,38.2580,-0.2286,nan,nan,nan,nan
75.4001,0.0028,0.0046,1.1981,-0.0225,-0.0519,0.0750,0.2594,0.0029,1.1191,0.2685,-0.0865,36.8806,38.2616,-0.2312,nan,nan,nan,nan
75.4333,0.0028,0.0046,1.1981,-0.0253,-0.0523,0.0749,0.2594,0.0029,1.1191,0.2685,-0.0906,36.8788,38.2639,-0.2356,nan,nan,nan,nan
75.4585,0.0028,0.0045,1.1981,-0.0253,-0.0523,0.0749,0.2594,0.0028,1.1191,0.2685,-0.0947,36.8772,38.2670,-0.2374,nan,nan,nan,nan
75.4855,0.0029,0.0045,1.1981,-0.0276,-0.0529,0.0755,0.2594,0.0027,1.1191,0.2685,-0.1026,36.8750,38.2744,-0.2371,nan,nan,nan,nan
75.5168,0.0029,0.0045,1.1981,-0.0300,-0.0531,0.0758,0.2594,0.0027,1.1191,0.2684,-0.1078,36.8744,38.2833,-0.2304,nan,nan,nan,nan
75.5380,0.0029,0.0044,1.1981,-0.0300,-0.0531,0.0758,0.2594,0.0026,1.1192,0.2684,-0.1119,36.8753,38.2895,-0.2191,nan,nan,nan,nan
75.5607,0.0029,0.0044,1.1981,-0.0324,-0.0532,0.0758,0.2594,0.0026,1.1192,0.2684,-0.1164,36.8762,38.2928,-0.2126,nan,nan,nan,nan
75.5847,0.0029,0.0044,1.1981,-0.0344,-0.0533,0.0767,0.2595,0.0025,1.1192,0.2684,-0.1255,36.8769,38.2998,-0.2078,nan,nan,nan,nan
75.6129,0.0029,0.0043,1.1981,-0.0367,-0.0531,0.0768,0.2595,0.0024,1.1192,0.2684,-0.1319,36.8785,38.3119,-0.2103,nan,nan,nan,nan
75.6331,0.0029,0.0043,1.1981,-0.0367,-0.0531,0.0768,0.2595,0.0024,1.1193,0.2684,-0.1281,36.8813,38.3195,-0.2143,nan,nan,nan,nan
75.6545,0.0029,0.0043,1.1981,-0.0402,-0.0525,0.0757,0.2595,0.0024,1.1193,0.2683,-0.1258,36.8824,38.3212,-0.2148,nan,nan,nan,nan
75.6820,0.0030,0.0042,1.1981,-0.0441,-0.0520,0.0736,0.2595,0.0024,1.1193,0.2683,-0.1124,36.8854,38.3245,-0.2129,nan,nan,nan,nan
75.7077,0.0030,0.0042,1.1981,-0.0478,-0.0520,0.0716,0.2595,0.0024,1.1193,0.2683,-0.0986,36.8856,38.3257,-0.2151,nan,nan,nan,nan
75.7363,0.0030,0.0041,1.1981,-0.0510,-0.0523,0.0696,0.2595,0.0024,1.1193,0.2683,-0.0856,36.8831,38.3283,-0.2128,nan,nan,nan,nan
75.7629,0.0030,0.0041,1.1981,-0.0510,-0.0523,0.0696,0.2595,0.0024,1.1193,0.2683,-0.0764,36.8815,38.3296,-0.2110,nan,nan,nan,nan
75.7831,0.0030,0.0041,1.1981,-0.0544,-0.0528,0.0671,0.2595,0.0024,1.1193,0.2683,-0.0625,36.8801,38.3301,-0.2090,nan,nan,nan,nan
75.8077,0.0030,0.0040,1.1981,-0.0575,-0.0528,0.0643,0.2595,0.0024,1.1193,0.2683,-0.0491,36.8810,38.3310,-0.2051,nan,nan,nan,nan
75.8348,0.0030,0.0040,1.1981,-0.0598,-0.0528,0.0621,0.2595,0.0024,1.1193,0.2683,-0.0374,36.8815,38.3316,-0.2032,nan,nan,nan,nan
75.8580,0.0030,0.0040,1.1981,-0.0598,-0.0528,0.0621,0.2595,0.0024,1.1193,0.2683,-0.0324,36.8813,38.3329,-0.2034,nan,nan,nan,nan
75.8835,0.0030,0.0040,1.1981,-0.0615,-0.0529,0.0610,0.2595,0.0024,1.1193,0.2683,-0.0318,36.8810,38.3331,-0.2031,nan,nan,nan,nan
75.9093,0.0030,0.0040,1.1981,-0.0621,-0.0528,0.0604,0.2595,0.0024,1.1193,0.2683,-0.0341,36.8814,38.3344,-0.2003,nan,nan,nan,nan
75.9365,0.0030,0.0039,1.1981,-0.0621,-0.0528,0.0604,0.2595,0.0024,1.1194,0.2683,-0.0346,36.8833,38.3359,-0.1970,nan,nan,nan,nan
75.9640,0.0030,0.0039,1.1981,-0.0626,-0.0522,0.0594,0.2594,0.0024,1.1194,0.2683,-0.0337,36.8837,38.3373,-0.1952,nan,nan,nan,nan
75.9903,0.0030,0.0039,1.1981,-0.0641,-0.0513,0.0578,0.2594,0.0024,1.1194,0.2683,-0.0244,36.8852,38.3445,-0.1916,nan,nan,nan,nan
76.0174,0.0030,0.0039,1.1981,-0.0641,-0.0513,0.0578,0.2594,0.0024,1.1194,0.2683,-0.0132,36.8876,38.3510,-0.1877,nan,nan,nan,nan
76.0395,0.0029,0.0039,1.1981,-0.0658,-0.0500,0.0555,0.2594,0.0024,1.1194,0.2683,-0.0098,36.8885,38.3535,-0.1863,nan,nan,nan,nan
76.0738,0.0029,0.0039,1.1982,-0.0669,-0.0490,0.0533,0.2594,0.0024,1.1195,0.2683,0.0030,36.8887,38.3629,-0.1824,nan,nan,nan,nan
76.1042,0.0029,0.0039,1.1982,-0.0684,-0.0480,0.0504,0.2594,0.0025,1.1195,0.2682,0.0228,36.8887,38.3695,-0.1803,nan,nan,nan,nan
76.1437,0.0029,0.0038,1.1982,-0.0706,-0.0470,0.0460,0.2593,0.0026,1.1195,0.2682,0.0526,36.8891,38.3746,-0.1737,nan,nan,nan,nan
76.1726,0.0029,0.0038,1.1982,-0.0706,-0.0470,0.0460,0.2593,0.0027,1.1195,0.2682,0.0808,36.8888,38.3768,-0.1693,nan,nan,nan,nan
76.1991,0.0029,0.0038,1.1982,-0.0728,-0.0460,0.0405,0.2593,0.0027,1.1195,0.2682,0.0900,36.8879,38.3784,-0.1690,nan,nan,nan,nan
76.2358,0.0029,0.0038,1.1982,-0.0749,-0.0451,0.0360,0.2593,0.0028,1.1195,0.2682,0.1214,36.8861,38.3834,-0.1644,nan,nan,nan,nan
76.2568,0.0028,0.0038,1.1982,-0.0749,-0.0451,0.0360,0.2592,0.0029,1.1195,0.2682,0.1410,36.8882,38.3863,-0.1573,nan,nan,nan,nan
76.2807,0.0028,0.0038,1.1982,-0.0767,-0.0438,0.0326,0.2592,0.0029,1.1195,0.2682,0.1600,36.8892,38.3855,-0.1461,nan,nan,nan,nan
76.3032,0.0028,0.0038,1.1982,-0.0782,-0.0430,0.0299,0.2592,0.0030,1.1195,0.2682,0.1691,36.8892,38.3852,-0.1386,nan,nan,nan,nan
76.3269,0.0028,0.0038,1.1982,-0.0782,-0.0430,0.0299,0.2592,0.0030,1.1195,0.2682,0.1743,36.8898,38.3841,-0.1313,nan,nan,nan,nan
76.3516,0.0028,0.0038,1.1982,-0.0784,-0.0423,0.0287,0.2592,0.0030,1.1195,0.2682,0.1754,36.8900,38.3831,-0.1237,nan,nan,nan,nan
76.3792,0.0028,0.0038,1.1982,-0.0779,-0.0417,0.0296,0.2592,0.0030,1.1195,0.2682,0.1688,36.8898,38.3845,-0.1183,nan,nan,nan,nan
76.4133,0.0027,0.0038,1.1982,-0.0775,-0.0414,0.0307,0.2591,0.0030,1.1195,0.2682,0.1620,36.8895,38.3816,-0.1162,nan,nan,nan,nan
76.4366,0.0027,0.0039,1.1982,-0.0775,-0.0414,0.0307,0.2591,0.0030,1.1195,0.2682,0.1584,36.8885,38.3787,-0.1151,nan,nan,nan,nan
76.4610,0.0027,0.0039,1.1982,-0.0774,-0.0414,0.0313,0.2591,0.0030,1.1195,0.2682,0.1569,36.8869,38.3747,-0.1143,nan,nan,nan,nan
76.4895,0.0027,0.0039,1.1982,-0.0774,-0.0414,0.0316,0.2591,0.0030,1.1195,0.2682,0.1564,36.8848,38.3707,-0.1087,nan,nan,nan,nan
76.5155,0.0026,0.0039,1.1982,-0.0780,-0.0406,0.0310,0.2590,0.0030,1.1195,0.2682,0.1621,36.8858,38.3683,-0.0948,nan,nan,nan,nan
76.5395,0.0026,0.0039,1.1983,-0.0794,-0.0395,0.0304,0.2590,0.0031,1.1195,0.2683,0.1711,36.8876,38.3631,-0.0935,nan,nan,nan,nan
76.5663,0.0025,0.0040,1.1983,-0.0811,-0.0380,0.0295,0.2590,0.0032,1.1195,0.2683,0.1830,36.8901,38.3591,-0.0980,nan,nan,nan,nan
76.5886,0.0025,0.0040,1.1983,-0.0811,-0.0380,0.0295,0.2589,0.0032,1.1195,0.2683,0.1894,36.8930,38.3583,-0.1010,nan,nan,nan,nan
76.6111,0.0025,0.0040,1.1983,-0.0823,-0.0360,0.0292,0.2589,0.0032,1.1195,0.2683,0.1894,36.8950,38.3584,-0.1016,nan,nan,nan,nan
76.6325,0.0024,0.0040,1.1983,-0.0823,-0.0341,0.0303,0.2589,0.0033,1.1195,0.2683,0.1849,36.8980,38.3593,-0.1030,nan,nan,nan,nan
76.6577,0.0024,0.0041,1.1983,-0.0824,-0.0321,0.0312,0.2588,0.0033,1.1195,0.2682,0.1816,36.9010,38.3609,-0.1058,nan,nan,nan,nan
76.6783,0.0024,0.0041,1.1983,-0.0824,-0.0321,0.0312,0.2588,0.0033,1.1195,0.2682,0.1821,36.9029,38.3592,-0.1087,nan,nan,nan,nan
76.7022,0.0023,0.0041,1.1983,-0.0829,-0.0298,0.0311,0.2588,0.0034,1.1195,0.2683,0.1890,36.9049,38.3547,-0.1153,nan,nan,nan,nan
76.7272,0.0023,0.0042,1.1983,-0.0843,-0.0278,0.0306,0.2587,0.0035,1.1195,0.2683,0.1979,36.9038,38.3516,-0.1202,nan,nan,nan,nan
76.7517,0.0023,0.0042,1.1983,-0.0855,-0.0260,0.0300,0.2587,0.0035,1.1195,0.2683,0.2057,36.9019,38.3504,-0.1218,nan,nan,nan,nan
76.7732,0.0022,0.0042,1.1983,-0.0855,-0.0260,0.0300,0.2587,0.0036,1.1195,0.2683,0.2084,36.9015,38.3516,-0.1307,nan,nan,nan,nan
76.7963,0.0022,0.0043,1.1983,-0.0858,-0.0235,0.0301,0.2586,0.0036,1.1195,0.2683,0.2064,36.9017,38.3514,-0.1452,nan,nan,nan,nan
76.8223,0.0021,0.0043,1.1983,-0.0857,-0.0210,0.0310,0.2586,0.0036,1.1195,0.2683,0.2050,36.9003,38.3500,-0.1528,nan,nan,nan,nan
76.8450,0.0021,0.0044,1.1983,-0.0857,-0.0188,0.0320,0.2585,0.0037,1.1195,0.2683,0.2017,36.8952,38.3483,-0.1618,nan,nan,nan,nan
76.8696,0.0021,0.0044,1.1983,-0.0857,-0.0188,0.0320,0.2585,0.0037,1.1194,0.2683,0.1990,36.8925,38.3473,-0.1653,nan,nan,nan,nan
76.8920,0.0020,0.0045,1.1983,-0.0856,-0.0160,0.0329,0.2585,0.0038,1.1194,0.2683,0.1981,36.8921,38.3465,-0.1666,nan,nan,nan,nan
76.9226,0.0020,0.0045,1.1983,-0.0855,-0.0124,0.0338,0.2584,0.0038,1.1194,0.2683,0.1952,36.8934,38.3413,-0.1661,nan,nan,nan,nan
76.9606,0.0019,0.0046,1.1983,-0.0851,-0.0081,0.0350,0.2584,0.0039,1.1194,0.2683,0.1908,36.8974,38.3359,-0.1647,nan,nan,nan,nan
76.9872,0.0019,0.0047,1.1983,-0.0851,-0.0081,0.0350,0.2583,0.0039,1.1194,0.2683,0.1872,36.9000,38.3340,-0.1657,nan,nan,nan,nan
77.0091,0.0019,0.0047,1.1983,-0.0840,-0.0034,0.0365,0.2583,0.0039,1.1194,0.2683,0.1775,36.9044,38.3337,-0.1669,nan,nan,nan,nan
77.0374,0.0018,0.0048,1.1983,-0.0820,0.0015,0.0387,0.2583,0.0039,1.1194,0.2683,0.1652,36.9091,38.3352,-0.1666,nan,nan,nan,nan
77.0618,0.0018,0.0048,1.1983,-0.0820,0.0015,0.0387,0.2582,0.0040,1.1194,0.2683,0.1593,36.9110,38.3377,-0.1671,nan,nan,nan,nan
77.0852,0.0018,0.0049,1.1983,-0.0801,0.0060,0.0399,0.2582,0.0040,1.1194,0.2683,0.1546,36.9142,38.3415,-0.1679,nan,nan,nan,nan
77.1172,0.0017,0.0050,1.1983,-0.0784,0.0103,0.0398,0.2581,0.0041,1.1195,0.2683,0.1547,36.9166,38.3448,-0.1609,nan,nan,nan,nan
77.1393,0.0017,0.0050,1.1983,-0.0784,0.0103,0.0398,0.2581,0.0042,1.1195,0.2683,0.1559,36.9184,38.3474,-0.1567,nan,nan,nan,nan
77.1676,0.0017,0.0051,1.1984,-0.0767,0.0147,0.0394,0.2581,0.0042,1.1195,0.2682,0.1570,36.9199,38.3493,-0.1536,nan,nan,nan,nan
77.1910,0.0016,0.0051,1.1984,-0.0748,0.0186,0.0390,0.2580,0.0043,1.1195,0.2682,0.1589,36.9223,38.3489,-0.1553,nan,nan,nan,nan
77.2255,0.0016,0.0052,1.1984,-0.0726,0.0223,0.0386,0.2580,0.0044,1.1195,0.2682,0.1631,36.9237,38.3490,-0.1539,nan,nan,nan,nan
77.2532,0.0015,0.0053,1.1984,-0.0726,0.0223,0.0386,0.2579,0.0045,1.1195,0.2682,0.1608,36.9247,38.3496,-0.1501,nan,nan,nan,nan
77.2752,0.0015,0.0054,1.1984,-0.0691,0.0257,0.0390,0.2579,0.0045,1.1195,0.2682,0.1589,36.9249,38.3496,-0.1495,nan,nan,nan,nan
77.3069,0.0015,0.0055,1.1984,-0.0646,0.0284,0.0405,0.2578,0.0046,1.1194,0.2682,0.1462,36.9234,38.3479,-0.1484,nan,nan,nan,nan
77.3335,0.0014,0.0056,1.1984,-0.0588,0.0298,0.0426,0.2578,0.0046,1.1194,0.2683,0.1253,36.9175,38.3406,-0.1440,nan,nan,nan,nan
77.3639,0.0014,0.0057,1.1984,-0.0527,0.0309,0.0446,0.2578,0.0047,1.1193,0.2683,0.1067,36.9127,38.3302,-0.1435,nan,nan,nan,nan
77.4026,0.0013,0.0058,1.1984,-0.0468,0.0319,0.0453,0.2577,0.0047,1.1193,0.2683,0.0971,36.9083,38.3233,-0.1405,nan,nan,nan,nan
77.4298,0.0013,0.0059,1.1984,-0.0468,0.0319,0.0453,0.2577,0.0048,1.1193,0.2683,0.0946,36.9067,38.3194,-0.1301,nan,nan,nan,nan
77.4578,0.0013,0.0060,1.1984,-0.0408,0.0329,0.0452,0.2577,0.0049,1.1193,0.2683,0.0914,36.9071,38.3168,-0.1230,nan,nan,nan,nan
77.4781,0.0013,0.0061,1.1984,-0.0345,0.0339,0.0459,0.2577,0.0050,1.1193,0.2683,0.0856,36.9076,38.3126,-0.1176,nan,nan,nan,nan
77.5081,0.0012,0.0062,1.1984,-0.0284,0.0350,0.0453,0.2576,0.0051,1.1193,0.2683,0.0879,36.9093,38.3108,-0.1109,nan,nan,nan,nan
77.5345,0.0012,0.0063,1.1984,-0.0218,0.0359,0.0449,0.2576,0.0052,1.1193,0.2683,0.0889,36.9111,38.3113,-0.1018,nan,nan,nan,nan
77.5655,0.0011,0.0064,1.1984,-0.0139,0.0365,0.0451,0.2576,0.0053,1.1193,0.2683,0.0824,36.9141,38.3113,-0.0929,nan,nan,nan,nan
77.5976,0.0011,0.0065,1.1984,-0.0060,0.0364,0.0450,0.2575,0.0054,1.1193,0.2683,0.0781,36.9148,38.3082,-0.0792,nan,nan,nan,nan
77.6220,0.0011,0.0066,1.1984,-0.0060,0.0364,0.0450,0.2575,0.0055,1.1193,0.2684,0.0779,36.9154,38.3040,-0.0746,nan,nan,nan,nan
77.6445,0.0011,0.0067,1.1984,0.0019,0.0359,0.0443,0.2575,0.0056,1.1193,0.2684,0.0784,36.9164,38.3015,-0.0739,nan,nan,nan,nan
77.6792,0.0011,0.0068,1.1984,0.0102,0.0352,0.0440,0.2575,0.0057,1.1193,0.2684,0.0771,36.9183,38.2972,-0.0748,nan,nan,nan,nan
77.7034,0.0010,0.0069,1.1984,0.0102,0.0352,0.0440,0.2575,0.0058,1.1193,0.2684,0.0736,36.9197,38.2945,-0.0763,nan,nan,nan,nan
77.7268,0.0010,0.0070,1.1984,0.0191,0.0345,0.0447,0.2574,0.0059,1.1193,0.2684,0.0674,36.9227,38.2943,-0.0760,nan,nan,nan,nan
77.7492,0.0010,0.0071,1.1984,0.0283,0.0339,0.0453,0.2574,0.0059,1.1194,0.2684,0.0590,36.9268,38.2962,-0.0764,nan,nan,nan,nan
77.7741,0.0010,0.0072,1.1984,0.0380,0.0330,0.0455,0.2574,0.0060,1.1194,0.2684,0.0523,36.9282,38.2972,-0.0792,nan,nan,nan,nan
77.8106,0.0009,0.0073,1.1984,0.0477,0.0316,0.0454,0.2574,0.0061,1.1194,0.2684,0.0457,36.9284,38.2946,-0.0753,nan,nan,nan,nan
77.8317,0.0009,0.0074,1.1985,0.0477,0.0316,0.0454,0.2574,0.0062,1.1194,0.2684,0.0425,36.9287,38.2922,-0.0713,nan,nan,nan,nan
77.8550,0.0009,0.0074,1.1985,0.0574,0.0299,0.0452,0.2574,0.0062,1.1194,0.2684,0.0390,36.9277,38.2898,-0.0645,nan,nan,nan,nan
77.8807,0.0009,0.0075,1.1985,0.0671,0.0276,0.0455,0.2574,0.0063,1.1194,0.2684,0.0292,36.9222,38.2871,-0.0555,nan,nan,nan,nan
77.9176,0.0009,0.0076,1.1985,0.0773,0.0253,0.0469,0.2573,0.0064,1.1194,0.2684,0.0117,36.9159,38.2915,-0.0523,nan,nan,nan,nan
77.9444,0.0009,0.0077,1.1985,0.0871,0.0236,0.0480,0.2573,0.0064,1.1194,0.2684,-0.0045,36.9121,38.2979,-0.0540,nan,nan,nan,nan
77.9711,0.0009,0.0078,1.1985,0.0960,0.0223,0.0492,0.2573,0.0065,1.1194,0.2684,-0.0172,36.9104,38.3027,-0.0555,nan,nan,nan,nan
77.9964,0.0008,0.0079,1.1985,0.0960,0.0223,0.0492,0.2573,0.0065,1.1194,0.2684,-0.0276,36.9078,38.3078,-0.0566,nan,nan,nan,nan
78.0200,0.0008,0.0080,1.1985,0.1046,0.0209,0.0504,0.2573,0.0066,1.1194,0.2684,-0.0305,36.9064,38.3092,-0.0572,nan,nan,nan,nan
78.0469,0.0008,0.0080,1.1985,0.1127,0.0193,0.0502,0.2573,0.0066,1.1194,0.2683,-0.0350,36.9008,38.3148,-0.0587,nan,nan,nan,nan
78.0839,0.0008,0.0081,1.1985,0.1192,0.0177,0.0487,0.2572,0.0068,1.1194,0.2683,-0.0279,36.8952,38.3185,-0.0515,nan,nan,nan,nan
78.1043,0.0008,0.0082,1.1985,0.1192,0.0177,0.0487,0.2572,0.0069,1.1194,0.2683,-0.0161,36.8931,38.3203,-0.0440,nan,nan,nan,nan
78.1290,0.0008,0.0082,1.1985,0.1249,0.0168,0.0458,0.2572,0.0069,1.1194,0.2683,-0.0069,36.8908,38.3221,-0.0402,nan,nan,nan,nan
78.1614,0.0008,0.0083,1.1985,0.1297,0.0158,0.0432,0.2572,0.0070,1.1194,0.2683,0.0057,36.8867,38.3260,-0.0355,nan,nan,nan,nan
78.1871,0.0008,0.0083,1.1985,0.1297,0.0158,0.0432,0.2572,0.0071,1.1194,0.2683,0.0128,36.8842,38.3285,-0.0353,nan,nan,nan,nan
78.2100,0.0008,0.0083,1.1985,0.1342,0.0150,0.0413,0.2572,0.0072,1.1194,0.2683,0.0234,36.8824,38.3313,-0.0344,nan,nan,nan,nan
78.2377,0.0008,0.0084,1.1985,0.1382,0.0148,0.0391,0.2572,0.0073,1.1194,0.2683,0.0346,36.8823,38.3341,-0.0339,nan,nan,nan,nan
78.2758,0.0008,0.0084,1.1985,0.1416,0.0144,0.0362,0.2572,0.0074,1.1194,0.2683,0.0543,36.8802,38.3369,-0.0360,nan,nan,nan,nan
78.3078,0.0007,0.0085,1.1985,0.1439,0.0143,0.0333,0.2571,0.0076,1.1194,0.2683,0.0770,36.8790,38.3416,-0.0397,nan,nan,nan,nan
78.3347,0.0007,0.0085,1.1985,0.1463,0.0144,0.0316,0.2571,0.0077,1.1194,0.2683,0.0917,36.8792,38.3442,-0.0382,nan,nan,nan,nan
78.3622,0.0007,0.0085,1.1985,0.1463,0.0144,0.0316,0.2571,0.0077,1.1194,0.2683,0.0946,36.8797,38.3447,-0.0353,nan,nan,nan,nan
78.3908,0.0007,0.0086,1.1985,0.1496,0.0145,0.0312,0.2571,0.0077,1.1194,0.2683,0.0939,36.8799,38.3447,-0.0340,nan,nan,nan,nan
78.4206,0.0007,0.0086,1.1985,0.1535,0.0143,0.0326,0.2571,0.0077,1.1194,0.2683,0.0829,36.8795,38.3449,-0.0347,nan,nan,nan,nan
78.4539,0.0007,0.0086,1.1985,0.1575,0.0139,0.0350,0.2571,0.0077,1.1194,0.2683,0.0634,36.8773,38.3455,-0.0343,nan,nan,nan,nan
78.4767,0.0007,0.0086,1.1985,0.1575,0.0139,0.0350,0.2571,0.0076,1.1194,0.2683,0.0474,36.8779,38.3467,-0.0357,nan,nan,nan,nan
78.4977,0.0007,0.0086,1.1985,0.1612,0.0141,0.0375,0.2571,0.0076,1.1194,0.2683,0.0370,36.8789,38.3467,-0.0385,nan,nan,nan,nan
78.5335,0.0007,0.0087,1.1985,0.1638,0.0146,0.0400,0.2571,0.0076,1.1194,0.2683,0.0237,36.8807,38.3491,-0.0423,nan,nan,nan,nan
78.5572,0.0007,0.0087,1.1985,0.1638,0.0146,0.0400,0.2571,0.0075,1.1194,0.2683,0.0139,36.8824,38.3518,-0.0468,nan,nan,nan,nan
78.5854,0.0007,0.0087,1.1985,0.1657,0.0152,0.0417,0.2571,0.0075,1.1194,0.2683,0.0077,36.8836,38.3518,-0.0498,nan,nan,nan,nan
78.6240,0.0007,0.0087,1.1985,0.1666,0.0157,0.0424,0.2571,0.0075,1.1194,0.2683,0.0051,36.8840,38.3517,-0.0526,nan,nan,nan,nan
78.6619,0.0007,0.0086,1.1985,0.1663,0.0159,0.0416,0.2571,0.0075,1.1194,0.2683,0.0110,36.8818,38.3505,-0.0551,nan,nan,nan,nan
78.6942,0.0007,0.0086,1.1984,0.1650,0.0168,0.0406,0.2570,0.0075,1.1194,0.2683,0.0216,36.8820,38.3488,-0.0618,nan,nan,nan,nan
78.7143,0.0007,0.0086,1.1984,0.1650,0.0168,0.0406,0.2570,0.0075,1.1194,0.2683,0.0329,36.8836,38.3476,-0.0719,nan,nan,nan,nan
78.7430,0.0007,0.0086,1.1984,0.1631,0.0182,0.0390,0.2570,0.0075,1.1194,0.2683,0.0362,36.8840,38.3480,-0.0764,nan,nan,nan,nan
78.7792,0.0007,0.0085,1.1984,0.1611,0.0196,0.0383,0.2570,0.0075,1.1194,0.2683,0.0447,36.8848,38.3479,-0.0951,nan,nan,nan,nan
78.8036,0.0007,0.0085,1.1984,0.1611,0.0196,0.0383,0.2570,0.0075,1.1194,0.2683,0.0460,36.8846,38.3490,-0.1007,nan,nan,nan,nan
78.8301,0.0007,0.0085,1.1984,0.1594,0.0212,0.0386,0.2570,0.0075,1.1194,0.2683,0.0460,36.8851,38.3511,-0.1048,nan,nan,nan,nan
78.8580,0.0007,0.0084,1.1984,0.1577,0.0231,0.0393,0.2570,0.0074,1.1194,0.2683,0.0447,36.8867,38.3545,-0.1110,nan,nan,nan,nan
78.8803,0.0007,0.0084,1.1984,0.1577,0.0231,0.0393,0.2570,0.0074,1.1194,0.2683,0.0472,36.8874,38.3599,-0.1135,nan,nan,nan,nan
78.9078,0.0007,0.0084,1.1984,0.1556,0.0252,0.0391,0.2570,0.0074,1.1194,0.2682,0.0483,36.8874,38.3620,-0.1139,nan,nan,nan,nan
78.9420,0.0007,0.0083,1.1984,0.1530,0.0275,0.0379,0.2570,0.0074,1.1194,0.2682,0.0569,36.8884,38.3656,-0.1068,nan,nan,nan,nan
78.9799,0.0007,0.0082,1.1984,0.1497,0.0295,0.0375,0.2570,0.0073,1.1194,0.2682,0.0649,36.8862,38.3697,-0.1010,nan,nan,nan,nan
79.0066,0.0007,0.0082,1.1984,0.1497,0.0295,0.0375,0.2570,0.0073,1.1193,0.2682,0.0695,36.8846,38.3728,-0.1000,nan,nan,nan,nan
79.0333,0.0007,0.0081,1.1984,0.1461,0.0316,0.0373,0.2570,0.0073,1.1193,0.2682,0.0718,36.8837,38.3742,-0.1009,nan,nan,nan,nan
79.0645,0.0007,0.0081,1.1984,0.1424,0.0336,0.0376,0.2570,0.0072,1.1193,0.2682,0.0728,36.8823,38.3767,-0.1089,nan,nan,nan,nan
79.0852,0.0007,0.0080,1.1984,0.1424,0.0336,0.0376,0.2570,0.0071,1.1193,0.2682,0.0757,36.8825,38.3749,-0.1155,nan,nan,nan,nan
79.1061,0.0007,0.0080,1.1984,0.1383,0.0356,0.0372,0.2570,0.0071,1.1193,0.2682,0.0778,36.8827,38.3735,-0.1159,nan,nan,nan,nan
79.1392,0.0007,0.0079,1.1984,0.1339,0.0372,0.0360,0.2570,0.0070,1.1193,0.2682,0.0866,36.8817,38.3657,-0.1171,nan,nan,nan,nan
79.1670,0.0007,0.0078,1.1984,0.1339,0.0372,0.0360,0.2570,0.0070,1.1192,0.2683,0.0915,36.8817,38.3611,-0.1176,nan,nan,nan,nan
79.1952,0.0007,0.0078,1.1984,0.1295,0.0388,0.0350,0.2570,0.0069,1.1192,0.2683,0.0947,36.8825,38.3558,-0.1170,nan,nan,nan,nan
79.2303,0.0007,0.0077,1.1983,0.1252,0.0400,0.0351,0.2570,0.0069,1.1192,0.2683,0.0941,36.8832,38.3473,-0.1140,nan,nan,nan,nan
79.2686,0.0007,0.0076,1.1983,0.1218,0.0409,0.0379,0.2571,0.0067,1.1192,0.2683,0.0756,36.8835,38.3418,-0.1168,nan,nan,nan,nan
79.2912,0.0007,0.0075,1.1983,0.1218,0.0409,0.0379,0.2571,0.0065,1.1191,0.2683,0.0615,36.8844,38.3377,-0.1176,nan,nan,nan,nan
79.3173,0.0007,0.0074,1.1983,0.1191,0.0417,0.0411,0.2571,0.0064,1.1191,0.2683,0.0391,36.8854,38.3349,-0.1162,nan,nan,nan,nan
79.3482,0.0008,0.0074,1.1983,0.1168,0.0425,0.0454,0.2571,0.0062,1.1191,0.2683,0.0123,36.8863,38.3364,-0.1134,nan,nan,nan,nan
79.3747,0.0008,0.0073,1.1983,0.1168,0.0425,0.0454,0.2571,0.0060,1.1191,0.2683,-0.0067,36.8861,38.3372,-0.1117,nan,nan,nan,nan
79.3952,0.0008,0.0072,1.1983,0.1146,0.0426,0.0501,0.2571,0.0059,1.1191,0.2683,-0.0365,36.8848,38.3391,-0.1078,nan,nan,nan,nan
79.4242,0.0008,0.0071,1.1983,0.1123,0.0420,0.0549,0.2571,0.0056,1.1191,0.2683,-0.0762,36.8812,38.3427,-0.1075,nan,nan,nan,nan
79.4609,0.0008,0.0070,1.1983,0.1094,0.0413,0.0588,0.2572,0.0054,1.1191,0.2683,-0.0994,36.8796,38.3460,-0.1079,nan,nan,nan,nan
79.4980,0.0008,0.0069,1.1983,0.1052,0.0405,0.0603,0.2572,0.0052,1.1191,0.2683,-0.1151,36.8778,38.3528,-0.1037,nan,nan,nan,nan
79.5230,0.0009,0.0068,1.1983,0.1052,0.0405,0.0603,0.2572,0.0051,1.1191,0.2683,-0.1145,36.8768,38.3574,-0.1028,nan,nan,nan,nan
79.5454,0.0009,0.0067,1.1983,0.0994,0.0397,0.0598,0.2572,0.0050,1.1191,0.2683,-0.1100,36.8772,38.3601,-0.1037,nan,nan,nan,nan
79.5667,0.0009,0.0066,1.1983,0.0928,0.0387,0.0571,0.2572,0.0049,1.1191,0.2683,-0.0958,36.8769,38.3620,-0.1072,nan,nan,nan,nan
79.5898,0.0009,0.0064,1.1983,0.0928,0.0387,0.0571,0.2572,0.0049,1.1191,0.2683,-0.0777,36.8748,38.3640,-0.1071,nan,nan,nan,nan
79.6175,0.0009,0.0064,1.1983,0.0853,0.0369,0.0539,0.2573,0.0048,1.1191,0.2683,-0.0671,36.8739,38.3638,-0.1042,nan,nan,nan,nan
79.6404,0.0010,0.0062,1.1982,0.0789,0.0350,0.0512,0.2573,0.0048,1.1191,0.2683,-0.0570,36.8728,38.3651,-0.1003,nan,nan,nan,nan
79.6643,0.0010,0.0061,1.1982,0.0789,0.0350,0.0512,0.2573,0.0047,1.1191,0.2682,-0.0440,36.8733,38.3684,-0.0962,nan,nan,nan,nan
79.6910,0.0010,0.0060,1.1982,0.0726,0.0331,0.0479,0.2573,0.0046,1.1191,0.2682,-0.0383,36.8737,38.3698,-0.0956,nan,nan,nan,nan
79.7161,0.0010,0.0059,1.1982,0.0661,0.0314,0.0442,0.2573,0.0045,1.1191,0.2682,-0.0177,36.8769,38.3735,-0.0947,nan,nan,nan,nan
79.7431,0.0011,0.0058,1.1982,0.0661,0.0314,0.0442,0.2574,0.0044,1.1192,0.2682,-0.0139,36.8784,38.3733,-0.0945,nan,nan,nan,nan
79.7665,0.0011,0.0056,1.1982,0.0603,0.0291,0.0429,0.2574,0.0043,1.1192,0.2682,-0.0127,36.8786,38.3759,-0.0928,nan,nan,nan,nan
79.7872,0.0011,0.0056,1.1982,0.0560,0.0263,0.0422,0.2574,0.0042,1.1192,0.2682,-0.0165,36.8797,38.3791,-0.0955,nan,nan,nan,nan
79.8120,0.0012,0.0054,1.1982,0.0523,0.0232,0.0433,0.2574,0.0040,1.1192,0.2682,-0.0328,36.8817,38.3830,-0.1015,nan,nan,nan,nan
79.8494,0.0012,0.0052,1.1982,0.0491,0.0193,0.0444,0.2575,0.0037,1.1192,0.2682,-0.0506,36.8804,38.3871,-0.1070,nan,nan,nan,nan
79.8823,0.0012,0.0051,1.1982,0.0457,0.0147,0.0447,0.2575,0.0035,1.1192,0.2682,-0.0605,36.8769,38.3911,-0.1162,nan,nan,nan,nan
79.9047,0.0013,0.0049,1.1982,0.0457,0.0147,0.0447,0.2576,0.0033,1.1192,0.2682,-0.0638,36.8734,38.3962,-0.1199,nan,nan,nan,nan
79.9283,0.0013,0.0047,1.1982,0.0420,0.0098,0.0438,0.2576,0.0032,1.1193,0.2682,-0.0568,36.8719,38.3962,-0.1216,nan,nan,nan,nan
79.9514,0.0013,0.0047,1.1982,0.0378,0.0052,0.0409,0.2576,0.0031,1.1193,0.2682,-0.0536,36.8720,38.3952,-0.1220,nan,nan,nan,nan
79.9831,0.0014,0.0045,1.1982,0.0333,0.0008,0.0368,0.2577,0.0030,1.1193,0.2682,-0.0347,36.8730,38.3898,-0.1243,nan,nan,nan,nan
80.0143,0.0014,0.0043,1.1982,0.0276,-0.0036,0.0317,0.2577,0.0029,1.1193,0.2682,-0.0046,36.8736,38.3885,-0.1264,nan,nan,nan,nan
80.0436,0.0014,0.0041,1.1982,0.0223,-0.0082,0.0266,0.2578,0.0028,1.1193,0.2682,0.0254,36.8728,38.3851,-0.1239,nan,nan,nan,nan
80.0649,0.0015,0.0040,1.1982,0.0223,-0.0082,0.0266,0.2578,0.0028,1.1193,0.2682,0.0438,36.8712,38.3815,-0.1172,nan,nan,nan,nan
80.0943,0.0015,0.0038,1.1982,0.0179,-0.0129,0.0218,0.2579,0.0027,1.1193,0.2682,0.0612,36.8686,38.3797,-0.1134,nan,nan,nan,nan
80.1186,0.0015,0.0038,1.1982,0.0135,-0.0174,0.0172,0.2579,0.0026,1.1193,0.2682,0.0716,36.8685,38.3789,-0.1067,nan,nan,nan,nan
80.1475,0.0016,0.0036,1.1982,0.0091,-0.0215,0.0135,0.2579,0.0025,1.1193,0.2682,0.0882,36.8698,38.3754,-0.0885,nan,nan,nan,nan
80.1728,0.0016,0.0034,1.1982,0.0051,-0.0251,0.0111,0.2580,0.0023,1.1193,0.2682,0.0961,36.8719,38.3722,-0.0733,nan,nan,nan,nan
80.2076,0.0016,0.0032,1.1982,0.0007,-0.0286,0.0086,0.2580,0.0021,1.1193,0.2682,0.1034,36.8724,38.3738,-0.0715,nan,nan,nan,nan
80.2302,0.0017,0.0031,1.1982,0.0007,-0.0286,0.0086,0.2580,0.0020,1.1193,0.2682,0.1131,36.8728,38.3727,-0.0693,nan,nan,nan,nan
80.2580,0.0017,0.0030,1.1982,-0.0048,-0.0318,0.0059,0.2581,0.0020,1.1193,0.2682,0.1205,36.8732,38.3721,-0.0662,nan,nan,nan,nan
80.2916,0.0017,0.0028,1.1982,-0.0104,-0.0348,0.0037,0.2581,0.0018,1.1193,0.2682,0.1285,36.8733,38.3707,-0.0657,nan,nan,nan,nan
80.3151,0.0017,0.0027,1.1982,-0.0104,-0.0348,0.0037,0.2581,0.0017,1.1194,0.2682,0.1326,36.8735,38.3704,-0.0681,nan,nan,nan,nan
80.3357,0.0017,0.0026,1.1982,-0.0160,-0.0374,0.0024,0.2581,0.0016,1.1194,0.2682,0.1345,36.8743,38.3696,-0.0704,nan,nan,nan,nan
80.3635,0.0018,0.0025,1.1982,-0.0211,-0.0399,0.0016,0.2582,0.0015,1.1194,0.2682,0.1351,36.8750,38.3683,-0.0769,nan,nan,nan,nan
80.3876,0.0018,0.0023,1.1982,-0.0256,-0.0420,0.0016,0.2582,0.0013,1.1194,0.2683,0.1282,36.8764,38.3648,-0.0763,nan,nan,nan,nan
80.4194,0.0018,0.0021,1.1982,-0.0300,-0.0434,0.0018,0.2582,0.0010,1.1194,0.2683,0.1199,36.8805,38.3565,-0.0716,nan,nan,nan,nan
80.4562,0.0018,0.0019,1.1982,-0.0345,-0.0445,0.0027,0.2583,0.0008,1.1194,0.2683,0.1073,36.8851,38.3452,-0.0629,nan,nan,nan,nan
80.4893,0.0019,0.0018,1.1982,-0.0388,-0.0454,0.0038,0.2583,0.0006,1.1194,0.2683,0.0942,36.8872,38.3382,-0.0608,nan,nan,nan,nan
80.5266,0.0019,0.0016,1.1982,-0.0428,-0.0459,0.0058,0.2584,0.0003,1.1194,0.2683,0.0770,36.8889,38.3291,-0.0625,nan,nan,nan,nan
80.5486,0.0019,0.0015,1.1982,-0.0428,-0.0459,0.0058,0.2584,0.0001,1.1193,0.2683,0.0605,36.8879,38.3266,-0.0654,nan,nan,nan,nan
80.5717,0.0019,0.0014,1.1982,-0.0461,-0.0463,0.0086,0.2584,0.0000,1.1194,0.2683,0.0540,36.8880,38.3269,-0.0672,nan,nan,nan,nan
80.5994,0.0019,0.0013,1.1982,-0.0482,-0.0462,0.0122,0.2584,-0.0002,1.1194,0.2683,0.0225,36.8883,38.3302,-0.0727,nan,nan,nan,nan
80.6376,0.0019,0.0011,1.1982,-0.0493,-0.0457,0.0171,0.2584,-0.0005,1.1194,0.2683,-0.0186,36.8883,38.3350,-0.0728,nan,nan,nan,nan
80.6611,0.0019,0.0010,1.1982,-0.0493,-0.0457,0.0171,0.2584,-0.0008,1.1194,0.2683,-0.0549,36.8901,38.3328,-0.0735,nan,nan,nan,nan
80.6852,0.0019,0.0009,1.1982,-0.0495,-0.0448,0.0227,0.2584,-0.0010,1.1194,0.2683,-0.0938,36.8918,38.3300,-0.0739,nan,nan,nan,nan
80.7109,0.0019,0.0008,1.1982,-0.0492,-0.0435,0.0289,0.2584,-0.0013,1.1194,0.2683,-0.1210,36.8926,38.3303,-0.0760,nan,nan,nan,nan
80.7400,0.0019,0.0007,1.1982,-0.0482,-0.0423,0.0347,0.2584,-0.0016,1.1194,0.2683,-0.1746,36.8907,38.3349,-0.0819,nan,nan,nan,nan
80.7700,0.0020,0.0005,1.1982,-0.0475,-0.0409,0.0395,0.2584,-0.0019,1.1194,0.2683,-0.2204,36.8874,38.3381,-0.0919,nan,nan,nan,nan
80.7928,0.0020,0.0004,1.1982,-0.0475,-0.0409,0.0395,0.2584,-0.0021,1.1194,0.2683,-0.2486,36.8878,38.3385,-0.0921,nan,nan,nan,nan
80.8132,0.0020,0.0003,1.1982,-0.0471,-0.0384,0.0429,0.2584,-0.0023,1.1194,0.2683,-0.2691,36.8890,38.3399,-0.0923,nan,nan,nan,nan
80.8373,0.0020,0.0002,1.1982,-0.0472,-0.0353,0.0440,0.2584,-0.0025,1.1194,0.2683,-0.2784,36.8916,38.3443,-0.0874,nan,nan,nan,nan
80.8594,0.0020,0.0001,1.1982,-0.0480,-0.0316,0.0423,0.2584,-0.0026,1.1194,0.2683,-0.2757,36.8936,38.3482,-0.0834,nan,nan,nan,nan
80.8906,0.0020,-0.0000,1.1982,-0.0496,-0.0277,0.0388,0.2584,-0.0027,1.1194,0.2683,-0.2589,36.8972,38.3510,-0.0640,nan,nan,nan,nan
80.9143,0.0020,-0.0002,1.1982,-0.0496,-0.0277,0.0388,0.2584,-0.0027,1.1194,0.2683,-0.2456,36.8965,38.3534,-0.0522,nan,nan,nan,nan
80.9370,0.0020,-0.0002,1.1982,-0.0507,-0.0245,0.0337,0.2584,-0.0027,1.1194,0.2683,-0.2271,36.8949,38.3565,-0.0398,nan,nan,nan,nan
80.9682,0.0019,-0.0003,1.1982,-0.0507,-0.0210,0.0289,0.2583,-0.0028,1.1194,0.2682,-0.2102,36.8950,38.3620,-0.0301,nan,nan,nan,nan
81.0036,0.0019,-0.0005,1.1982,-0.0497,-0.0176,0.0242,0.2583,-0.0029,1.1194,0.2682,-0.1892,36.8952,38.3671,-0.0178,nan,nan,nan,nan
81.0281,0.0019,-0.0006,1.1982,-0.0497,-0.0176,0.0242,0.2583,-0.0029,1.1194,0.2682,-0.1781,36.8978,38.3692,-0.0073,nan,nan,nan,nan
81.0507,0.0019,-0.0007,1.1982,-0.0474,-0.0141,0.0206,0.2583,-0.0030,1.1194,0.2682,-0.1732,36.8992,38.3690,0.0001,nan,nan,nan,nan
81.0742,0.0019,-0.0008,1.1982,-0.0435,-0.0110,0.0176,0.2583,-0.0031,1.1194,0.2682,-0.1698,36.9005,38.3715,0.0095,nan,nan,nan,nan
81.0968,0.0019,-0.0009,1.1982,-0.0435,-0.0110,0.0176,0.2583,-0.0032,1.1194,0.2682,-0.1676,36.9001,38.3739,0.0179,nan,nan,nan,nan
81.1247,0.0019,-0.0009,1.1982,-0.0389,-0.0086,0.0151,0.2583,-0.0032,1.1194,0.2682,-0.1625,36.8991,38.3762,0.0214,nan,nan,nan,nan
81.1584,0.0019,-0.0010,1.1982,-0.0347,-0.0066,0.0107,0.2583,-0.0032,1.1194,0.2682,-0.1465,36.8987,38.3792,0.0271,nan,nan,nan,nan
81.1837,0.0019,-0.0012,1.1982,-0.0306,-0.0048,0.0049,0.2583,-0.0033,1.1194,0.2682,-0.1169,36.8997,38.3808,0.0359,nan,nan,nan,nan
81.2100,0.0019,-0.0013,1.1982,-0.0306,-0.0048,0.0049,0.2582,-0.0033,1.1194,0.2682,-0.0980,36.8990,38.3826,0.0373,nan,nan,nan,nan
81.2324,0.0019,-0.0014,1.1982,-0.0265,-0.0040,-0.0020,0.2582,-0.0033,1.1194,0.2682,-0.0568,36.8954,38.3913,0.0371,nan,nan,nan,nan
81.2563,0.0019,-0.0014,1.1982,-0.0223,-0.0039,-0.0086,0.2582,-0.0032,1.1194,0.2682,-0.0376,36.8943,38.3938,0.0368,nan,nan,nan,nan
81.2802,0.0019,-0.0015,1.1982,-0.0223,-0.0039,-0.0086,0.2582,-0.0033,1.1194,0.2682,-0.0149,36.8928,38.3963,0.0358,nan,nan,nan,nan
81.3066,0.0019,-0.0016,1.1982,-0.0167,-0.0044,-0.0138,0.2582,-0.0033,1.1194,0.2682,-0.0094,36.8923,38.3972,0.0355,nan,nan,nan,nan
81.3309,0.0019,-0.0017,1.1982,-0.0104,-0.0056,-0.0168,0.2582,-0.0033,1.1194,0.2682,0.0048,36.8889,38.3970,0.0337,nan,nan,nan,nan
81.3632,0.0019,-0.0018,1.1982,-0.0030,-0.0077,-0.0192,0.2582,-0.0034,1.1194,0.2682,0.0105,36.8846,38.3905,0.0242,nan,nan,nan,nan
81.3886,0.0019,-0.0019,1.1982,-0.0030,-0.0077,-0.0192,0.2582,-0.0035,1.1194,0.2682,0.0134,36.8835,38.3877,0.0202,nan,nan,nan,nan
81.4099,0.0019,-0.0020,1.1982,0.0040,-0.0095,-0.0208,0.2582,-0.0036,1.1194,0.2682,0.0169,36.8827,38.3869,0.0189,nan,nan,nan,nan
81.4348,0.0019,-0.0021,1.1982,0.0099,-0.0114,-0.0231,0.2582,-0.0036,1.1194,0.2682,0.0256,36.8822,38.3818,0.0181,nan,nan,nan,nan
81.4696,0.0019,-0.0022,1.1982,0.0153,-0.0132,-0.0255,0.2582,-0.0037,1.1194,0.2682,0.0389,36.8817,38.3771,0.0089,nan,nan,nan,nan
81.5042,0.0018,-0.0023,1.1982,0.0196,-0.0150,-0.0279,0.2582,-0.0037,1.1194,0.2682,0.0565,36.8821,38.3739,0.0020,nan,nan,nan,nan
81.5306,0.0018,-0.0024,1.1982,0.0196,-0.0150,-0.0279,0.2582,-0.0038,1.1194,0.2682,0.0641,36.8840,38.3725,0.0008,nan,nan,nan,nan
81.5579,0.0018,-0.0025,1.1982,0.0236,-0.0164,-0.0296,0.2582,-0.0038,1.1194,0.2682,0.0709,36.8857,38.3730,-0.0021,nan,nan,nan,nan
81.5889,0.0018,-0.0026,1.1982,0.0276,-0.0181,-0.0301,0.2582,-0.0039,1.1194,0.2682,0.0741,36.8873,38.3687,-0.0010,nan,nan,nan,nan
81.6164,0.0018,-0.0027,1.1982,0.0276,-0.0181,-0.0301,0.2582,-0.0040,1.1194,0.2682,0.0714,36.8894,38.3633,0.0015,nan,nan,nan,nan
81.6448,0.0018,-0.0027,1.1982,0.0317,-0.0199,-0.0291,0.2582,-0.0041,1.1194,0.2683,0.0647,36.8901,38.3615,0.0021,nan,nan,nan,nan
81.6783,0.0018,-0.0028,1.1982,0.0362,-0.0221,-0.0261,0.2582,-0.0042,1.1194,0.2683,0.0501,36.8900,38.3612,0.0038,nan,nan,nan,nan
81.7056,0.0018,-0.0029,1.1982,0.0362,-0.0221,-0.0261,0.2582,-0.0044,1.1194,0.2682,0.0397,36.8877,38.3638,0.0049,nan,nan,nan,nan
81.7335,0.0018,-0.0030,1.1982,0.0395,-0.0247,-0.0238,0.2582,-0.0045,1.1194,0.2682,0.0340,36.8864,38.3649,0.0050,nan,nan,nan,nan
81.7659,0.0018,-0.0031,1.1982,0.0419,-0.0269,-0.0211,0.2582,-0.0046,1.1194,0.2682,0.0235,36.8857,38.3656,0.0042,nan,nan,nan,nan
81.7983,0.0018,-0.0032,1.1982,0.0438,-0.0288,-0.0184,0.2582,-0.0048,1.1194,0.2683,0.0080,36.8859,38.3634,-0.0013,nan,nan,nan,nan
81.8244,0.0018,-0.0033,1.1982,0.0438,-0.0288,-0.0184,0.2582,-0.0049,1.1194,0.2683,-0.0062,36.8882,38.3606,-0.0017,nan,nan,nan,nan
81.8469,0.0017,-0.0034,1.1982,0.0455,-0.0302,-0.0151,0.2582,-0.0051,1.1194,0.2683,-0.0186,36.8890,38.3602,0.0017,nan,nan,nan,nan
81.8675,0.0017,-0.0035,1.1982,0.0469,-0.0314,-0.0112,0.2581,-0.0052,1.1194,0.2683,-0.0378,36.8898,38.3613,0.0064,nan,nan,nan,nan
81.8894,0.0017,-0.0036,1.1982,0.0469,-0.0314,-0.0112,0.2581,-0.0054,1.1195,0.2682,-0.0627,36.8902,38.3633,0.0091,nan,nan,nan,nan
81.9171,0.0017,-0.0036,1.1982,0.0486,-0.0327,-0.0062,0.2581,-0.0055,1.1195,0.2682,-0.0826,36.8909,38.3636,0.0109,nan,nan,nan,nan
81.9437,0.0017,-0.0037,1.1982,0.0503,-0.0337,0.0001,0.2581,-0.0057,1.1195,0.2682,-0.1173,36.8927,38.3646,0.0142,nan,nan,nan,nan
81.9760,0.0017,-0.0038,1.1982,0.0519,-0.0348,0.0066,0.2581,-0.0061,1.1195,0.2683,-0.1658,36.8948,38.3603,0.0132,nan,nan,nan,nan
82.0024,0.0017,-0.0040,1.1982,0.0519,-0.0348,0.0066,0.2581,-0.0063,1.1195,0.2683,-0.1871,36.8957,38.3573,0.0135,nan,nan,nan,nan
82.0306,0.0016,-0.0040,1.1982,0.0520,-0.0356,0.0120,0.2581,-0.0064,1.1195,0.2683,-0.2090,36.8972,38.3535,0.0158,nan,nan,nan,nan
82.0617,0.0016,-0.0041,1.1982,0.0502,-0.0363,0.0150,0.2581,-0.0065,1.1195,0.2683,-0.2215,36.8973,38.3477,0.0159,nan,nan,nan,nan
82.0843,0.0016,-0.0042,1.1982,0.0502,-0.0363,0.0150,0.2581,-0.0067,1.1194,0.2683,-0.2275,36.8965,38.3421,0.0140,nan,nan,nan,nan
82.1066,0.0016,-0.0044,1.1982,0.0475,-0.0370,0.0163,0.2580,-0.0068,1.1194,0.2683,-0.2281,36.8970,38.3394,0.0125,nan,nan,nan,nan
82.1305,0.0016,-0.0044,1.1982,0.0437,-0.0367,0.0168,0.2580,-0.0069,1.1194,0.2683,-0.2258,36.8990,38.3385,0.0128,nan,nan,nan,nan
82.1559,0.0015,-0.0046,1.1982,0.0437,-0.0367,0.0168,0.2580,-0.0070,1.1195,0.2683,-0.2240,36.9013,38.3376,0.0129,nan,nan,nan,nan
82.1805,0.0015,-0.0046,1.1982,0.0398,-0.0357,0.0173,0.2580,-0.0071,1.1195,0.2683,-0.2262,36.9045,38.3352,0.0093,nan,nan,nan,nan
82.2049,0.0015,-0.0048,1.1982,0.0365,-0.0348,0.0187,0.2580,-0.0072,1.1195,0.2683,-0.2315,36.9075,38.3365,-0.0024,nan,nan,nan,nan
82.2251,0.0015,-0.0049,1.1982,0.0328,-0.0334,0.0192,0.2579,-0.0074,1.1195,0.2683,-0.2313,36.9094,38.3387,-0.0173,nan,nan,nan,nan
82.2557,0.0014,-0.0051,1.1982,0.0290,-0.0318,0.0189,0.2579,-0.0075,1.1195,0.2683,-0.2273,36.9138,38.3402,-0.0302,nan,nan,nan,nan
82.2874,0.0014,-0.0052,1.1982,0.0249,-0.0303,0.0181,0.2578,-0.0077,1.1195,0.2683,-0.2210,36.9161,38.3426,-0.0307,nan,nan,nan,nan
82.3092,0.0014,-0.0054,1.1982,0.0249,-0.0303,0.0181,0.2578,-0.0078,1.1195,0.2683,-0.2160,36.9169,38.3438,-0.0326,nan,nan,nan,nan
82.3303,0.0014,-0.0054,1.1982,0.0209,-0.0287,0.0173,0.2578,-0.0078,1.1195,0.2683,-0.2143,36.9172,38.3447,-0.0332,nan,nan,nan,nan
82.3646,0.0013,-0.0056,1.1982,0.0164,-0.0266,0.0154,0.2578,-0.0079,1.1195,0.2682,-0.2018,36.9189,38.3504,-0.0315,nan,nan,nan,nan
82.3923,0.0013,-0.0057,1.1982,0.0164,-0.0266,0.0154,0.2577,-0.0080,1.1195,0.2682,-0.1869,36.9201,38.3531,-0.0251,nan,nan,nan,nan
82.4206,0.0013,-0.0058,1.1982,0.0107,-0.0241,0.0131,0.2577,-0.0080,1.1195,0.2682,-0.1764,36.9198,38.3554,-0.0178,nan,nan,nan,nan
82.4451,0.0012,-0.0059,1.1982,0.0051,-0.0221,0.0105,0.2577,-0.0081,1.1195,0.2682,-0.1602,36.9172,38.3582,-0.0101,nan,nan,nan,nan
82.4750,0.0012,-0.0061,1.1982,0.0004,-0.0197,0.0085,0.2576,-0.0082,1.1195,0.2682,-0.1468,36.9153,38.3631,-0.0066,nan,nan,nan,nan
82.4963,0.0012,-0.0062,1.1982,0.0004,-0.0197,0.0085,0.2576,-0.0084,1.1195,0.2682,-0.1469,36.9158,38.3678,-0.0088,nan,nan,nan,nan
82.5206,0.0012,-0.0063,1.1982,-0.0036,-0.0168,0.0084,0.2575,-0.0085,1.1195,0.2682,-0.1493,36.9166,38.3694,-0.0119,nan,nan,nan,nan
82.5460,0.0011,-0.0064,1.1982,-0.0074,-0.0137,0.0089,0.2575,-0.0086,1.1195,0.2682,-0.1539,36.9182,38.3762,-0.0167,nan,nan,nan,nan
82.5793,0.0011,-0.0065,1.1982,-0.0113,-0.0102,0.0087,0.2574,-0.0088,1.1195,0.2682,-0.1544,36.9194,38.3830,-0.0169,nan,nan,nan,nan
82.6149,0.0010,-0.0067,1.1982,-0.0154,-0.0065,0.0078,0.2574,-0.0089,1.1195,0.2682,-0.1514,36.9230,38.3869,-0.0159,nan,nan,nan,nan
82.6368,0.0010,-0.0068,1.1982,-0.0154,-0.0065,0.0078,0.2573,-0.0091,1.1195,0.2681,-0.1494,36.9255,38.3918,-0.0160,nan,nan,nan,nan
82.6575,0.0010,-0.0069,1.1982,-0.0196,-0.0028,0.0068,0.2573,-0.0091,1.1195,0.2681,-0.1452,36.9268,38.3958,-0.0185,nan,nan,nan,nan
82.6776,0.0009,-0.0070,1.1982,-0.0246,0.0006,0.0047,0.2573,-0.0092,1.1195,0.2681,-0.1346,36.9266,38.4004,-0.0199,nan,nan,nan,nan
82.7040,0.0009,-0.0072,1.1982,-0.0302,0.0035,0.0025,0.2572,-0.0093,1.1195,0.2681,-0.1188,36.9231,38.4061,-0.0219,nan,nan,nan,nan
82.7275,0.0009,-0.0073,1.1982,-0.0302,0.0035,0.0025,0.2572,-0.0094,1.1195,0.2681,-0.1114,36.9222,38.4073,-0.0250,nan,nan,nan,nan
82.7528,0.0009,-0.0074,1.1982,-0.0359,0.0066,0.0002,0.2571,-0.0094,1.1195,0.2681,-0.0969,36.9215,38.4116,-0.0328,nan,nan,nan,nan
82.7785,0.0008,-0.0075,1.1982,-0.0416,0.0097,-0.0024,0.2571,-0.0095,1.1195,0.2681,-0.0822,36.9212,38.4141,-0.0411,nan,nan,nan,nan
82.8158,0.0008,-0.0077,1.1982,-0.0465,0.0124,-0.0046,0.2571,-0.0096,1.1195,0.2681,-0.0691,36.9195,38.4158,-0.0493,nan,nan,nan,nan
82.8374,0.0007,-0.0078,1.1982,-0.0465,0.0124,-0.0046,0.2570,-0.0097,1.1195,0.2681,-0.0634,36.9205,38.4138,-0.0521,nan,nan,nan,nan
82.8609,0.0007,-0.0079,1.1982,-0.0510,0.0153,-0.0063,0.2570,-0.0098,1.1195,0.2681,-0.0589,36.9207,38.4127,-0.0539,nan,nan,nan,nan
82.8852,0.0007,-0.0080,1.1982,-0.0561,0.0180,-0.0083,0.2570,-0.0099,1.1195,0.2681,-0.0490,36.9209,38.4116,-0.0571,nan,nan,nan,nan
82.9137,0.0006,-0.0081,1.1982,-0.0619,0.0206,-0.0107,0.2569,-0.0100,1.1194,0.2681,-0.0307,36.9206,38.4074,-0.0638,nan,nan,nan,nan
82.9367,0.0006,-0.0082,1.1982,-0.0619,0.0206,-0.0107,0.2569,-0.0100,1.1194,0.2681,-0.0123,36.9195,38.4027,-0.0621,nan,nan,nan,nan
82.9654,0.0006,-0.0083,1.1982,-0.0681,0.0228,-0.0140,0.2569,-0.0100,1.1194,0.2681,0.0005,36.9185,38.3983,-0.0605,nan,nan,nan,nan
82.9981,0.0006,-0.0084,1.1982,-0.0743,0.0246,-0.0170,0.2569,-0.0101,1.1194,0.2682,0.0166,36.9161,38.3910,-0.0578,nan,nan,nan,nan
83.0247,0.0005,-0.0085,1.1982,-0.0743,0.0246,-0.0170,0.2568,-0.0102,1.1193,0.2682,0.0306,36.9150,38.3839,-0.0558,nan,nan,nan,nan
83.0495,0.0005,-0.0086,1.1982,-0.0805,0.0265,-0.0193,0.2568,-0.0102,1.1193,0.2682,0.0350,36.9149,38.3815,-0.0548,nan,nan,nan,nan
83.0709,0.0005,-0.0087,1.1982,-0.0867,0.0284,-0.0211,0.2568,-0.0103,1.1193,0.2682,0.0492,36.9146,38.3733,-0.0539,nan,nan,nan,nan
83.0945,0.0005,-0.0088,1.1982,-0.0867,0.0284,-0.0211,0.2568,-0.0104,1.1193,0.2682,0.0539,36.9145,38.3692,-0.0553,nan,nan,nan,nan
83.1231,0.0004,-0.0089,1.1982,-0.0927,0.0300,-0.0220,0.2568,-0.0104,1.1192,0.2682,0.0577,36.9136,38.3673,-0.0560,nan,nan,nan,nan
83.1483,0.0004,-0.0090,1.1982,-0.0978,0.0313,-0.0215,0.2568,-0.0105,1.1192,0.2682,0.0561,36.9111,38.3662,-0.0567,nan,nan,nan,nan
83.1703,0.0004,-0.0090,1.1982,-0.0978,0.0313,-0.0215,0.2567,-0.0107,1.1192,0.2682,0.0492,36.9105,38.3652,-0.0557,nan,nan,nan,nan
83.1910,0.0004,-0.0091,1.1982,-0.1019,0.0322,-0.0193,0.2567,-0.0107,1.1192,0.2682,0.0400,36.9102,38.3654,-0.0535,nan,nan,nan,nan
83.2225,0.0004,-0.0092,1.1982,-0.1056,0.0325,-0.0161,0.2567,-0.0109,1.1192,0.2682,0.0186,36.9068,38.3650,-0.0462,nan,nan,nan,nan
83.2495,0.0003,-0.0093,1.1982,-0.1056,0.0325,-0.0161,0.2567,-0.0111,1.1192,0.2682,-0.0038,36.9035,38.3626,-0.0434,nan,nan,nan,nan
83.2773,0.0003,-0.0093,1.1982,-0.1081,0.0323,-0.0123,0.2567,-0.0112,1.1192,0.2682,-0.0212,36.9026,38.3624,-0.0428,nan,nan,nan,nan
83.3141,0.0003,-0.0094,1.1982,-0.1104,0.0324,-0.0083,0.2566,-0.0113,1.1192,0.2682,-0.0445,36.9019,38.3616,-0.0432,nan,nan,nan,nan
83.3361,0.0003,-0.0094,1.1982,-0.1104,0.0324,-0.0083,0.2566,-0.0115,1.1192,0.2682,-0.0631,36.9010,38.3623,-0.0439,nan,nan,nan,nan
83.3625,0.0003,-0.0095,1.1982,-0.1131,0.0326,-0.0054,0.2566,-0.0116,1.1192,0.2682,-0.0721,36.9011,38.3618,-0.0424,nan,nan,nan,nan
83.3887,0.0003,-0.0096,1.1982,-0.1168,0.0327,-0.0033,0.2566,-0.0117,1.1192,0.2682,-0.0814,36.9010,38.3627,-0.0349,nan,nan,nan,nan
83.4144,0.0002,-0.0096,1.1982,-0.1203,0.0330,-0.0016,0.2566,-0.0118,1.1192,0.2682,-0.0911,36.9024,38.3673,-0.0216,nan,nan,nan,nan
83.4428,0.0002,-0.0097,1.1981,-0.1239,0.0329,-0.0009,0.2565,-0.0119,1.1192,0.2682,-0.0940,36.9043,38.3687,-0.0015,nan,nan,nan,nan
83.4738,0.0002,-0.0098,1.1981,-0.1278,0.0327,-0.0019,0.2565,-0.0120,1.1192,0.2682,-0.0856,36.9071,38.3673,0.0174,nan,nan,nan,nan
83.4962,0.0002,-0.0099,1.1981,-0.1278,0.0327,-0.0019,0.2565,-0.0120,1.1192,0.2682,-0.0804,36.9095,38.3670,0.0311,nan,nan,nan,nan
83.5175,0.0002,-0.0099,1.1981,-0.1313,0.0321,-0.0026,0.2565,-0.0121,1.1192,0.2682,-0.0802,36.9100,38.3679,0.0374,nan,nan,nan,nan
83.5407,0.0002,-0.0100,1.1981,-0.1335,0.0311,-0.0028,0.2565,-0.0121,1.1192,0.2682,-0.0812,36.9131,38.3669,0.0498,nan,nan,nan,nan
83.5630,0.0002,-0.0100,1.1981,-0.1353,0.0296,-0.0024,0.2565,-0.0122,1.1192,0.2682,-0.0854,36.9128,38.3662,0.0540,nan,nan,nan,nan
83.5846,0.0001,-0.0100,1.1981,-0.1353,0.0296,-0.0024,0.2565,-0.0122,1.1192,0.2682,-0.0908,36.9110,38.3646,0.0557,nan,nan,nan,nan
83.6053,0.0001,-0.0101,1.1981,-0.1365,0.0274,-0.0018,0.2565,-0.0123,1.1192,0.2682,-0.0952,36.9088,38.3639,0.0583,nan,nan,nan,nan
83.6340,0.0001,-0.0101,1.1981,-0.1370,0.0250,-0.0018,0.2565,-0.0123,1.1192,0.2682,-0.0992,36.9074,38.3639,0.0612,nan,nan,nan,nan
83.6576,0.0001,-0.0101,1.1981,-0.1374,0.0230,-0.0025,0.2565,-0.0124,1.1192,0.2682,-0.1008,36.9076,38.3670,0.0606,nan,nan,nan,nan
83.6943,0.0001,-0.0102,1.1981,-0.1380,0.0211,-0.0041,0.2564,-0.0124,1.1192,0.2682,-0.0953,36.9084,38.3777,0.0602,nan,nan,nan,nan
83.7210,0.0001,-0.0102,1.1981,-0.1380,0.0211,-0.0041,0.2564,-0.0124,1.1193,0.2682,-0.0919,36.9083,38.3847,0.0609,nan,nan,nan,nan
83.7427,0.0001,-0.0102,1.1981,-0.1382,0.0189,-0.0055,0.2564,-0.0124,1.1193,0.2682,-0.0902,36.9079,38.3864,0.0609,nan,nan,nan,nan
83.7786,0.0001,-0.0102,1.1981,-0.1382,0.0161,-0.0072,0.2564,-0.0124,1.1193,0.2682,-0.0822,36.9044,38.3891,0.0587,nan,nan,nan,nan
83.8018,0.0001,-0.0102,1.1981,-0.1382,0.0161,-0.0072,0.2564,-0.0124,1.1193,0.2682,-0.0790,36.9014,38.3890,0.0588,nan,nan,nan,nan
83.8294,0.0001,-0.0103,1.1981,-0.1378,0.0133,-0.0082,0.2564,-0.0124,1.1193,0.2682,-0.0771,36.8998,38.3895,0.0609,nan,nan,nan,nan
83.8663,0.0001,-0.0103,1.1981,-0.1373,0.0105,-0.0093,0.2564,-0.0124,1.1193,0.2682,-0.0723,36.8974,38.3907,0.0612,nan,nan,nan,nan
83.9048,0.0001,-0.0103,1.1981,-0.1361,0.0077,-0.0110,0.2564,-0.0124,1.1193,0.2682,-0.0673,36.8943,38.3931,0.0644,nan,nan,nan,nan
83.9315,0.0001,-0.0103,1.1981,-0.1361,0.0077,-0.0110,0.2564,-0.0124,1.1193,0.2682,-0.0639,36.8940,38.3946,0.0669,nan,nan,nan,nan
83.9546,0.0001,-0.0103,1.1981,-0.1346,0.0053,-0.0128,0.2564,-0.0124,1.1193,0.2682,-0.0615,36.8939,38.3975,0.0675,nan,nan,nan,nan
83.9893,0.0001,-0.0103,1.1981,-0.1326,0.0030,-0.0139,0.2564,-0.0124,1.1193,0.2681,-0.0600,36.8942,38.4024,0.0711,nan,nan,nan,nan
84.0134,0.0001,-0.0102,1.1981,-0.1326,0.0030,-0.0139,0.2564,-0.0124,1.1193,0.2681,-0.0626,36.8942,38.4055,0.0790,nan,nan,nan,nan
84.0335,0.0001,-0.0102,1.1981,-0.1302,0.0004,-0.0141,0.2564,-0.0124,1.1193,0.2681,-0.0636,36.8943,38.4062,0.0816,nan,nan,nan,nan
84.0636,0.0001,-0.0102,1.1981,-0.1276,-0.0024,-0.0145,0.2564,-0.0124,1.1193,0.2681,-0.0651,36.8939,38.4063,0.0862,nan,nan,nan,nan
84.0853,0.0001,-0.0102,1.1981,-0.1276,-0.0024,-0.0145,0.2564,-0.0123,1.1193,0.2681,-0.0644,36.8944,38.4056,0.0842,nan,nan,nan,nan
84.1071,0.0001,-0.0102,1.1981,-0.1247,-0.0052,-0.0155,0.2564,-0.0123,1.1194,0.2681,-0.0645,36.8943,38.4052,0.0826,nan,nan,nan,nan
84.1440,0.0001,-0.0102,1.1981,-0.1215,-0.0085,-0.0168,0.2564,-0.0123,1.1194,0.2681,-0.0630,36.8930,38.4046,0.0740,nan,nan,nan,nan
84.1728,0.0001,-0.0101,1.1981,-0.1215,-0.0085,-0.0168,0.2564,-0.0123,1.1194,0.2681,-0.0590,36.8910,38.4049,0.0718,nan,nan,nan,nan
84.1931,0.0001,-0.0101,1.1981,-0.1186,-0.0123,-0.0182,0.2564,-0.0122,1.1194,0.2681,-0.0570,36.8894,38.4052,0.0710,nan,nan,nan,nan
84.2157,0.0000,-0.0101,1.1981,-0.1186,-0.0123,-0.0182,0.2564,-0.0122,1.1194,0.2681,-0.0530,36.8865,38.4077,0.0697,nan,nan,nan,nan
84.2423,0.0000,-0.0101,1.1981,-0.1157,-0.0164,-0.0201,0.2564,-0.0121,1.1194,0.2681,-0.0471,36.8843,38.4094,0.0715,nan,nan,nan,nan
84.2624,0.0000,-0.0100,1.1981,-0.1122,-0.0202,-0.0224,0.2564,-0.0121,1.1194,0.2681,-0.0385,36.8818,38.4115,0.0758,nan,nan,nan,nan
84.2920,0.0000,-0.0100,1.1981,-0.1084,-0.0238,-0.0245,0.2564,-0.0120,1.1194,0.2681,-0.0310,36.8811,38.4132,0.0741,nan,nan,nan,nan
84.3291,0.0000,-0.0099,1.1981,-0.1048,-0.0276,-0.0275,0.2563,-0.0119,1.1194,0.2681,-0.0170,36.8789,38.4175,0.0765,nan,nan,nan,nan
84.3564,0.0000,-0.0099,1.1981,-0.1048,-0.0276,-0.0275,0.2563,-0.0118,1.1194,0.2681,0.0031,36.8767,38.4233,0.0805,nan,nan,nan,nan
84.3791,0.0000,-0.0099,1.1981,-0.1024,-0.0313,-0.0315,0.2563,-0.0117,1.1194,0.2681,0.0105,36.8766,38.4246,0.0816,nan,nan,nan,nan
84.4155,0.0000,-0.0098,1.1981,-0.1002,-0.0345,-0.0360,0.2563,-0.0116,1.1195,0.2681,0.0417,36.8780,38.4290,0.0815,nan,nan,nan,nan
84.4480,-0.0000,-0.0098,1.1981,-0.0978,-0.0379,-0.0399,0.2563,-0.0114,1.1195,0.2681,0.0691,36.8782,38.4321,0.0779,nan,nan,nan,nan
84.4742,-0.0000,-0.0097,1.1981,-0.0978,-0.0379,-0.0399,0.2563,-0.0113,1.1195,0.2681,0.0821,36.8771,38.4344,0.0793,nan,nan,nan,nan
84.4971,-0.0000,-0.0097,1.1981,-0.0951,-0.0417,-0.0434,0.2563,-0.0112,1.1195,0.2681,0.1011,36.8743,38.4364,0.0808,nan,nan,nan,nan
84.5346,-0.0000,-0.0096,1.1981,-0.0915,-0.0456,-0.0462,0.2563,-0.0111,1.1195,0.2681,0.1130,36.8723,38.4360,0.0772,nan,nan,nan,nan
84.5615,-0.0001,-0.0096,1.1981,-0.0915,-0.0456,-0.0462,0.2563,-0.0110,1.1195,0.2681,0.1173,36.8708,38.4357,0.0745,nan,nan,nan,nan
84.5842,-0.0001,-0.0095,1.1981,-0.0872,-0.0496,-0.0470,0.2563,-0.0110,1.1195,0.2681,0.1178,36.8699,38.4363,0.0779,nan,nan,nan,nan
84.6129,-0.0001,-0.0095,1.1981,-0.0828,-0.0535,-0.0472,0.2563,-0.0109,1.1195,0.2681,0.1191,36.8696,38.4343,0.0861,nan,nan,nan,nan
84.6505,-0.0001,-0.0094,1.1981,-0.0787,-0.0575,-0.0479,0.2563,-0.0108,1.1195,0.2681,0.1231,36.8693,38.4291,0.0891,nan,nan,nan,nan
84.6784,-0.0001,-0.0093,1.1981,-0.0787,-0.0575,-0.0479,0.2562,-0.0107,1.1195,0.2681,0.1242,36.8692,38.4253,0.0853,nan,nan,nan,nan
84.7068,-0.0001,-0.0093,1.1980,-0.0747,-0.0612,-0.0482,0.2562,-0.0107,1.1195,0.2681,0.1247,36.8698,38.4234,0.0829,nan,nan,nan,nan
84.7411,-0.0002,-0.0092,1.1980,-0.0711,-0.0644,-0.0486,0.2562,-0.0106,1.1195,0.2681,0.1260,36.8722,38.4215,0.0754,nan,nan,nan,nan
84.7690,-0.0002,-0.0091,1.1980,-0.0711,-0.0644,-0.0486,0.2562,-0.0105,1.1195,0.2681,0.1278,36.8739,38.4210,0.0703,nan,nan,nan,nan
84.7941,-0.0002,-0.0091,1.1980,-0.0676,-0.0674,-0.0489,0.2562,-0.0104,1.1195,0.2681,0.1274,36.8736,38.4216,0.0690,nan,nan,nan,nan
84.8285,-0.0002,-0.0090,1.1980,-0.0641,-0.0709,-0.0485,0.2562,-0.0104,1.1195,0.2681,0.1238,36.8723,38.4228,0.0701,nan,nan,nan,nan
84.8570,-0.0002,-0.0089,1.1980,-0.0641,-0.0709,-0.0485,0.2561,-0.0103,1.1195,0.2681,0.1173,36.8715,38.4222,0.0689,nan,nan,nan,nan
84.8809,-0.0003,-0.0089,1.1980,-0.0604,-0.0741,-0.0469,0.2561,-0.0103,1.1195,0.2681,0.1090,36.8726,38.4224,0.0692,nan,nan,nan,nan
84.9129,-0.0003,-0.0088,1.1980,-0.0564,-0.0766,-0.0437,0.2561,-0.0103,1.1196,0.2681,0.0920,36.8752,38.4254,0.0668,nan,nan,nan,nan
84.9512,-0.0003,-0.0087,1.1980,-0.0525,-0.0785,-0.0406,0.2561,-0.0102,1.1196,0.2681,0.0714,36.8797,38.4209,0.0577,nan,nan,nan,nan
84.9831,-0.0004,-0.0085,1.1980,-0.0493,-0.0805,-0.0379,0.2560,-0.0102,1.1196,0.2681,0.0540,36.8815,38.4148,0.0443,nan,nan,nan,nan
85.0198,-0.0004,-0.0084,1.1980,-0.0471,-0.0820,-0.0359,0.2560,-0.0101,1.1196,0.2682,0.0445,36.8826,38.4098,0.0359,nan,nan,nan,nan
85.0421,-0.0005,-0.0083,1.1980,-0.0471,-0.0820,-0.0359,0.2559,-0.0100,1.1196,0.2682,0.0431,36.8821,38.4078,0.0340,nan,nan,nan,nan
85.0630,-0.0005,-0.0083,1.1980,-0.0456,-0.0831,-0.0351,0.2559,-0.0100,1.1196,0.2682,0.0424,36.8827,38.4062,0.0310,nan,nan,nan,nan
85.0951,-0.0006,-0.0082,1.1980,-0.0451,-0.0829,-0.0342,0.2559,-0.0099,1.1196,0.2682,0.0436,36.8867,38.4017,0.0303,nan,nan,nan,nan
85.1219,-0.0006,-0.0081,1.1980,-0.0451,-0.0829,-0.0342,0.2558,-0.0098,1.1196,0.2682,0.0428,36.8883,38.4006,0.0318,nan,nan,nan,nan
85.1476,-0.0006,-0.0081,1.1980,-0.0447,-0.0823,-0.0327,0.2558,-0.0097,1.1196,0.2682,0.0417,36.8881,38.4012,0.0307,nan,nan,nan,nan
85.1824,-0.0007,-0.0080,1.1980,-0.0443,-0.0816,-0.0310,0.2558,-0.0096,1.1196,0.2682,0.0367,36.8860,38.4050,0.0328,nan,nan,nan,nan
85.2142,-0.0007,-0.0079,1.1980,-0.0448,-0.0804,-0.0311,0.2557,-0.0095,1.1196,0.2682,0.0434,36.8832,38.4065,0.0333,nan,nan,nan,nan
85.2380,-0.0008,-0.0078,1.1980,-0.0448,-0.0804,-0.0311,0.2556,-0.0094,1.1195,0.2682,0.0583,36.8801,38.4052,0.0320,nan,nan,nan,nan
85.2612,-0.0008,-0.0077,1.1980,-0.0469,-0.0786,-0.0330,0.2556,-0.0092,1.1195,0.2682,0.0722,36.8779,38.4039,0.0318,nan,nan,nan,nan
85.2955,-0.0009,-0.0076,1.1980,-0.0500,-0.0758,-0.0356,0.2555,-0.0091,1.1195,0.2682,0.0948,36.8752,38.4022,0.0320,nan,nan,nan,nan
85.3246,-0.0010,-0.0075,1.1980,-0.0537,-0.0719,-0.0381,0.2555,-0.0088,1.1195,0.2682,0.1236,36.8754,38.4007,0.0269,nan,nan,nan,nan
85.3465,-0.0010,-0.0074,1.1980,-0.0537,-0.0719,-0.0381,0.2554,-0.0087,1.1195,0.2682,0.1374,36.8763,38.4013,0.0249,nan,nan,nan,nan
85.3724,-0.0011,-0.0073,1.1980,-0.0573,-0.0671,-0.0402,0.2553,-0.0085,1.1195,0.2682,0.1577,36.8785,38.4005,0.0279,nan,nan,nan,nan
85.4011,-0.0012,-0.0072,1.1980,-0.0598,-0.0619,-0.0410,0.2552,-0.0084,1.1195,0.2682,0.1612,36.8793,38.3993,0.0307,nan,nan,nan,nan
85.4345,-0.0012,-0.0071,1.1981,-0.0615,-0.0566,-0.0393,0.2552,-0.0083,1.1194,0.2682,0.1567,36.8812,38.3972,0.0332,nan,nan,nan,nan
85.4619,-0.0013,-0.0070,1.1981,-0.0631,-0.0508,-0.0371,0.2551,-0.0082,1.1194,0.2682,0.1467,36.8839,38.3951,0.0390,nan,nan,nan,nan
85.4839,-0.0014,-0.0069,1.1981,-0.0631,-0.0508,-0.0371,0.2550,-0.0081,1.1194,0.2682,0.1433,36.8848,38.3947,0.0391,nan,nan,nan,nan
85.5107,-0.0014,-0.0068,1.1981,-0.0649,-0.0447,-0.0354,0.2550,-0.0081,1.1194,0.2682,0.1406,36.8865,38.3915,0.0370,nan,nan,nan,nan
85.5426,-0.0015,-0.0067,1.1981,-0.0666,-0.0384,-0.0337,0.2549,-0.0080,1.1194,0.2682,0.1343,36.8900,38.3801,0.0286,nan,nan,nan,nan
85.5724,-0.0016,-0.0066,1.1981,-0.0683,-0.0321,-0.0318,0.2548,-0.0079,1.1193,0.2682,0.1265,36.8923,38.3719,0.0182,nan,nan,nan,nan
85.5964,-0.0017,-0.0065,1.1981,-0.0683,-0.0321,-0.0318,0.2547,-0.0078,1.1193,0.2683,0.1161,36.8918,38.3674,0.0127,nan,nan,nan,nan
85.6205,-0.0017,-0.0064,1.1981,-0.0691,-0.0261,-0.0294,0.2547,-0.0078,1.1193,0.2683,0.1051,36.8910,38.3672,0.0083,nan,nan,nan,nan
85.6478,-0.0018,-0.0063,1.1981,-0.0688,-0.0203,-0.0248,0.2546,-0.0077,1.1193,0.2683,0.0810,36.8899,38.3674,0.0013,nan,nan,nan,nan
85.6812,-0.0019,-0.0061,1.1981,-0.0671,-0.0146,-0.0192,0.2545,-0.0077,1.1193,0.2683,0.0376,36.8902,38.3610,-0.0005,nan,nan,nan,nan
85.7101,-0.0020,-0.0059,1.1981,-0.0648,-0.0090,-0.0130,0.2544,-0.0078,1.1192,0.2683,-0.0093,36.8909,38.3568,-0.0003,nan,nan,nan,nan
85.7375,-0.0021,-0.0057,1.1981,-0.0617,-0.0031,-0.0064,0.2543,-0.0078,1.1192,0.2683,-0.0614,36.8934,38.3549,0.0010,nan,nan,nan,nan
85.7721,-0.0022,-0.0056,1.1981,-0.0576,0.0026,0.0004,0.2542,-0.0078,1.1192,0.2683,-0.1181,36.8955,38.3527,0.0027,nan,nan,nan,nan
85.8099,-0.0023,-0.0054,1.1981,-0.0526,0.0083,0.0078,0.2541,-0.0079,1.1192,0.2683,-0.1809,36.8991,38.3466,0.0065,nan,nan,nan,nan
85.8420,-0.0024,-0.0052,1.1981,-0.0471,0.0137,0.0140,0.2540,-0.0079,1.1191,0.2683,-0.2395,36.8992,38.3413,0.0117,nan,nan,nan,nan
85.8799,-0.0025,-0.0050,1.1981,-0.0426,0.0198,0.0185,0.2539,-0.0079,1.1191,0.2683,-0.2815,36.9016,38.3418,0.0147,nan,nan,nan,nan
85.9049,-0.0026,-0.0049,1.1981,-0.0426,0.0198,0.0185,0.2538,-0.0079,1.1191,0.2683,-0.3074,36.9041,38.3437,0.0171,nan,nan,nan,nan
85.9250,-0.0026,-0.0048,1.1982,-0.0380,0.0259,0.0215,0.2537,-0.0078,1.1191,0.2683,-0.3209,36.9041,38.3462,0.0173,nan,nan,nan,nan
85.9490,-0.0027,-0.0047,1.1982,-0.0335,0.0318,0.0227,0.2537,-0.0077,1.1191,0.2683,-0.3349,36.9030,38.3500,0.0121,nan,nan,nan,nan
85.9694,-0.0028,-0.0045,1.1982,-0.0335,0.0318,0.0227,0.2536,-0.0076,1.1191,0.2683,-0.3371,36.9017,38.3528,0.0017,nan,nan,nan,nan
85.9973,-0.0028,-0.0044,1.1982,-0.0295,0.0378,0.0208,0.2535,-0.0075,1.1191,0.2683,-0.3311,36.9020,38.3523,-0.0047,nan,nan,nan,nan
86.0293,-0.0029,-0.0043,1.1982,-0.0264,0.0439,0.0163,0.2535,-0.0073,1.1191,0.2683,-0.3152,36.9022,38.3534,-0.0083,nan,nan,nan,nan
86.0557,-0.0030,-0.0042,1.1982,-0.0264,0.0439,0.0163,0.2534,-0.0071,1.1191,0.2683,-0.3007,36.9018,38.3536,-0.0108,nan,nan,nan,nan
86.0793,-0.0030,-0.0041,1.1982,-0.0239,0.0500,0.0103,0.2533,-0.0070,1.1191,0.2683,-0.2820,36.9022,38.3531,-0.0114,nan,nan,nan,nan
86.1103,-0.0031,-0.0040,1.1982,-0.0218,0.0561,0.0025,0.2533,-0.0067,1.1191,0.2683,-0.2362,36.9006,38.3563,-0.0121,nan,nan,nan,nan
86.1355,-0.0031,-0.0038,1.1982,-0.0196,0.0623,-0.0062,0.2532,-0.0063,1.1190,0.2683,-0.1833,36.9005,38.3599,-0.0165,nan,nan,nan,nan
86.1604,-0.0032,-0.0037,1.1982,-0.0196,0.0623,-0.0062,0.2531,-0.0061,1.1190,0.2683,-0.1378,36.9001,38.3617,-0.0183,nan,nan,nan,nan
86.1883,-0.0033,-0.0036,1.1982,-0.0175,0.0682,-0.0159,0.2530,-0.0059,1.1190,0.2683,-0.1067,36.9005,38.3610,-0.0202,nan,nan,nan,nan
86.2242,-0.0033,-0.0035,1.1982,-0.0152,0.0738,-0.0255,0.2530,-0.0056,1.1190,0.2683,-0.0611,36.9000,38.3606,-0.0240,nan,nan,nan,nan
86.2476,-0.0034,-0.0034,1.1982,-0.0152,0.0738,-0.0255,0.2529,-0.0053,1.1190,0.2683,-0.0322,36.8984,38.3600,-0.0257,nan,nan,nan,nan
86.2680,-0.0034,-0.0033,1.1982,-0.0121,0.0786,-0.0347,0.2529,-0.0051,1.1190,0.2683,-0.0052,36.8972,38.3581,-0.0281,nan,nan,nan,nan
86.2959,-0.0035,-0.0032,1.1982,-0.0080,0.0829,-0.0423,0.2528,-0.0049,1.1189,0.2683,0.0397,36.8962,38.3572,-0.0350,nan,nan,nan,nan
86.3180,-0.0035,-0.0031,1.1982,-0.0080,0.0829,-0.0423,0.2528,-0.0046,1.1189,0.2683,0.0624,36.8958,38.3583,-0.0384,nan,nan,nan,nan
86.3406,-0.0035,-0.0030,1.1982,-0.0024,0.0869,-0.0481,0.2527,-0.0045,1.1189,0.2683,0.0732,36.8968,38.3577,-0.0408,nan,nan,nan,nan
86.3723,-0.0036,-0.0028,1.1982,0.0039,0.0908,-0.0516,0.2527,-0.0043,1.1189,0.2683,0.0833,36.9000,38.3568,-0.0417,nan,nan,nan,nan
86.4070,-0.0036,-0.0027,1.1982,0.0112,0.0938,-0.0539,0.2526,-0.0042,1.1189,0.2683,0.0858,36.9022,38.3572,-0.0399,nan,nan,nan,nan
86.4380,-0.0037,-0.0025,1.1982,0.0191,0.0960,-0.0550,0.2525,-0.0040,1.1189,0.2682,0.0805,36.9028,38.3619,-0.0382,nan,nan,nan,nan
86.4718,-0.0037,-0.0023,1.1982,0.0273,0.0976,-0.0547,0.2525,-0.0039,1.1190,0.2682,0.0661,36.9035,38.3664,-0.0460,nan,nan,nan,nan
86.4994,-0.0038,-0.0021,1.1982,0.0354,0.0985,-0.0540,0.2524,-0.0037,1.1190,0.2682,0.0499,36.9033,38.3654,-0.0530,nan,nan,nan,nan
86.5198,-0.0038,-0.0020,1.1982,0.0354,0.0985,-0.0540,0.2524,-0.0036,1.1189,0.2682,0.0455,36.9022,38.3636,-0.0560,nan,nan,nan,nan
86.5468,-0.0038,-0.0019,1.1982,0.0428,0.0986,-0.0546,0.2524,-0.0035,1.1189,0.2682,0.0426,36.9016,38.3625,-0.0588,nan,nan,nan,nan
86.5736,-0.0039,-0.0018,1.1982,0.0491,0.0982,-0.0557,0.2524,-0.0034,1.1189,0.2682,0.0434,36.9000,38.3631,-0.0682,nan,nan,nan,nan
86.5972,-0.0039,-0.0016,1.1983,0.0491,0.0982,-0.0557,0.2523,-0.0033,1.1189,0.2682,0.0481,36.9003,38.3615,-0.0790,nan,nan,nan,nan
86.6230,-0.0039,-0.0016,1.1983,0.0549,0.0976,-0.0578,0.2523,-0.0032,1.1189,0.2682,0.0507,36.9007,38.3608,-0.0828,nan,nan,nan,nan
86.6556,-0.0039,-0.0014,1.1983,0.0605,0.0965,-0.0601,0.2523,-0.0030,1.1189,0.2682,0.0607,36.9014,38.3580,-0.0979,nan,nan,nan,nan
86.6757,-0.0039,-0.0013,1.1983,0.0605,0.0965,-0.0601,0.2523,-0.0029,1.1189,0.2683,0.0640,36.9008,38.3568,-0.1071,nan,nan,nan,nan
86.6981,-0.0040,-0.0012,1.1983,0.0662,0.0945,-0.0615,0.2523,-0.0028,1.1189,0.2683,0.0649,36.9003,38.3553,-0.1155,nan,nan,nan,nan
86.7337,-0.0040,-0.0011,1.1983,0.0716,0.0919,-0.0620,0.2523,-0.0027,1.1189,0.2683,0.0651,36.8983,38.3475,-0.1366,nan,nan,nan,nan
86.7563,-0.0040,-0.0010,1.1983,0.0716,0.0919,-0.0620,0.2523,-0.0025,1.1189,0.2683,0.0662,36.8976,38.3377,-0.1557,nan,nan,nan,nan
86.7790,-0.0040,-0.0009,1.1983,0.0762,0.0890,-0.0622,0.2523,-0.0024,1.1189,0.2683,0.0674,36.8977,38.3302,-0.1666,nan,nan,nan,nan
86.8119,-0.0040,-0.0008,1.1983,0.0806,0.0858,-0.0625,0.2523,-0.0023,1.1189,0.2683,0.0708,36.8976,38.3193,-0.1717,nan,nan,nan,nan
86.8342,-0.0040,-0.0007,1.1983,0.0806,0.0858,-0.0625,0.2523,-0.0022,1.1189,0.2684,0.0725,36.8984,38.3122,-0.1695,nan,nan,nan,nan
86.8563,-0.0040,-0.0006,1.1983,0.0849,0.0822,-0.0625,0.2523,-0.0021,1.1189,0.2684,0.0736,36.8985,38.3101,-0.1692,nan,nan,nan,nan
86.8836,-0.0040,-0.0005,1.1983,0.0890,0.0785,-0.0623,0.2523,-0.0020,1.1189,0.2684,0.0744,36.8991,38.3114,-0.1746,nan,nan,nan,nan
86.9090,-0.0040,-0.0004,1.1983,0.0890,0.0785,-0.0623,0.2523,-0.0019,1.1189,0.2683,0.0783,36.9019,38.3138,-0.1801,nan,nan,nan,nan
86.9349,-0.0040,-0.0004,1.1983,0.0927,0.0752,-0.0628,0.2523,-0.0018,1.1190,0.2683,0.0798,36.9028,38.3146,-0.1810,nan,nan,nan,nan
86.9602,-0.0040,-0.0003,1.1983,0.0961,0.0711,-0.0631,0.2524,-0.0017,1.1190,0.2683,0.0838,36.9044,38.3124,-0.1785,nan,nan,nan,nan
86.9972,-0.0040,-0.0001,1.1983,0.0996,0.0663,-0.0624,0.2524,-0.0015,1.1190,0.2684,0.0807,36.9039,38.3062,-0.1790,nan,nan,nan,nan
87.0280,-0.0040,0.0000,1.1983,0.1027,0.0611,-0.0611,0.2524,-0.0014,1.1190,0.2684,0.0762,36.9022,38.3027,-0.1788,nan,nan,nan,nan
87.0551,-0.0040,0.0001,1.1983,0.1027,0.0611,-0.0611,0.2524,-0.0013,1.1190,0.2684,0.0769,36.9020,38.3021,-0.1779,nan,nan,nan,nan
87.0753,-0.0040,0.0002,1.1983,0.1047,0.0562,-0.0605,0.2524,-0.0012,1.1190,0.2684,0.0793,36.9016,38.3023,-0.1730,nan,nan,nan,nan
87.1000,-0.0039,0.0003,1.1983,0.1057,0.0510,-0.0605,0.2524,-0.0011,1.1190,0.2684,0.0876,36.8994,38.3041,-0.1606,nan,nan,nan,nan
87.1355,-0.0039,0.0003,1.1983,0.1059,0.0456,-0.0605,0.2525,-0.0010,1.1190,0.2684,0.0981,36.8957,38.3097,-0.1523,nan,nan,nan,nan
87.1707,-0.0039,0.0004,1.1983,0.1056,0.0406,-0.0610,0.2525,-0.0008,1.1191,0.2683,0.1116,36.8944,38.3155,-0.1493,nan,nan,nan,nan
87.1959,-0.0039,0.0005,1.1983,0.1056,0.0406,-0.0610,0.2525,-0.0007,1.1191,0.2683,0.1195,36.8934,38.3166,-0.1500,nan,nan,nan,nan
87.2237,-0.0039,0.0006,1.1983,0.1041,0.0356,-0.0613,0.2525,-0.0006,1.1191,0.2683,0.1275,36.8932,38.3172,-0.1513,nan,nan,nan,nan
87.2481,-0.0039,0.0006,1.1983,0.1023,0.0308,-0.0609,0.2525,-0.0005,1.1191,0.2683,0.1389,36.8929,38.3214,-0.1481,nan,nan,nan,nan
87.2763,-0.0038,0.0007,1.1983,0.1023,0.0308,-0.0609,0.2526,-0.0004,1.1191,0.2683,0.1434,36.8916,38.3217,-0.1433,nan,nan,nan,nan
87.3041,-0.0038,0.0007,1.1983,0.1006,0.0256,-0.0596,0.2526,-0.0004,1.1191,0.2683,0.1446,36.8899,38.3212,-0.1416,nan,nan,nan,nan
87.3345,-0.0038,0.0008,1.1983,0.0989,0.0205,-0.0575,0.2526,-0.0003,1.1191,0.2683,0.1432,36.8887,38.3195,-0.1398,nan,nan,nan,nan
87.3579,-0.0038,0.0009,1.1983,0.0989,0.0205,-0.0575,0.2526,-0.0002,1.1191,0.2684,0.1393,36.8885,38.3155,-0.1398,nan,nan,nan,nan
87.3851,-0.0038,0.0009,1.1983,0.0970,0.0157,-0.0549,0.2526,-0.0002,1.1191,0.2684,0.1366,36.8889,38.3137,-0.1372,nan,nan,nan,nan
87.4077,-0.0038,0.0010,1.1983,0.0948,0.0116,-0.0524,0.2527,-0.0002,1.1191,0.2684,0.1317,36.8900,38.3124,-0.1326,nan,nan,nan,nan
87.4410,-0.0037,0.0010,1.1983,0.0925,0.0076,-0.0495,0.2527,-0.0001,1.1192,0.2684,0.1229,36.8891,38.3103,-0.1215,nan,nan,nan,nan
87.4665,-0.0037,0.0011,1.1983,0.0925,0.0076,-0.0495,0.2527,-0.0001,1.1192,0.2684,0.1191,36.8888,38.3071,-0.1125,nan,nan,nan,nan
87.4892,-0.0037,0.0011,1.1983,0.0896,0.0038,-0.0466,0.2528,-0.0001,1.1191,0.2684,0.1110,36.8887,38.3009,-0.1044,nan,nan,nan,nan
87.5127,-0.0037,0.0012,1.1983,0.0863,0.0007,-0.0429,0.2528,-0.0001,1.1191,0.2684,0.1026,36.8906,38.2937,-0.1019,nan,nan,nan,nan
87.5344,-0.0037,0.0012,1.1983,0.0863,0.0007,-0.0429,0.2528,-0.0000,1.1191,0.2684,0.0963,36.8925,38.2881,-0.1013,nan,nan,nan,nan
87.5576,-0.0036,0.0013,1.1983,0.0828,-0.0019,-0.0386,0.2529,-0.0000,1.1191,0.2684,0.0755,36.8935,38.2802,-0.1014,nan,nan,nan,nan
87.5816,-0.0036,0.0013,1.1982,0.0801,-0.0043,-0.0341,0.2529,-0.0001,1.1191,0.2684,0.0582,36.8948,38.2774,-0.1032,nan,nan,nan,nan
87.6028,-0.0036,0.0014,1.1982,0.0764,-0.0064,-0.0300,0.2529,-0.0001,1.1192,0.2684,0.0477,36.8948,38.2786,-0.1037,nan,nan,nan,nan
87.6240,-0.0036,0.0014,1.1982,0.0764,-0.0064,-0.0300,0.2529,-0.0000,1.1192,0.2684,0.0455,36.8954,38.2806,-0.1033,nan,nan,nan,nan
87.6491,-0.0036,0.0014,1.1982,0.0715,-0.0077,-0.0277,0.2529,-0.0000,1.1192,0.2684,0.0446,36.8963,38.2831,-0.1046,nan,nan,nan,nan
87.6758,-0.0035,0.0015,1.1982,0.0660,-0.0088,-0.0256,0.2530,0.0000,1.1192,0.2684,0.0449,36.8956,38.2856,-0.1061,nan,nan,nan,nan
87.6985,-0.0035,0.0015,1.1983,0.0660,-0.0088,-0.0256,0.2530,0.0001,1.1192,0.2684,0.0468,36.8941,38.2891,-0.1078,nan,nan,nan,nan
87.7196,-0.0035,0.0015,1.1983,0.0603,-0.0100,-0.0241,0.2530,0.0001,1.1192,0.2684,0.0503,36.8921,38.2923,-0.1087,nan,nan,nan,nan
87.7408,-0.0035,0.0016,1.1983,0.0547,-0.0113,-0.0230,0.2530,0.0002,1.1192,0.2684,0.0575,36.8866,38.2971,-0.1111,nan,nan,nan,nan
87.7677,-0.0035,0.0016,1.1983,0.0547,-0.0113,-0.0230,0.2530,0.0002,1.1192,0.2684,0.0582,36.8836,38.3001,-0.1096,nan,nan,nan,nan
87.7948,-0.0035,0.0016,1.1983,0.0500,-0.0124,-0.0215,0.2530,0.0002,1.1192,0.2684,0.0572,36.8816,38.3014,-0.1075,nan,nan,nan,nan
87.8194,-0.0034,0.0016,1.1983,0.0455,-0.0127,-0.0200,0.2530,0.0002,1.1192,0.2684,0.0557,36.8808,38.3025,-0.1031,nan,nan,nan,nan
87.8413,-0.0034,0.0017,1.1983,0.0455,-0.0127,-0.0200,0.2531,0.0003,1.1192,0.2684,0.0577,36.8809,38.3017,-0.1023,nan,nan,nan,nan
87.8631,-0.0034,0.0017,1.1983,0.0411,-0.0127,-0.0194,0.2531,0.0003,1.1192,0.2684,0.0588,36.8806,38.3008,-0.1036,nan,nan,nan,nan
87.8904,-0.0034,0.0017,1.1983,0.0359,-0.0122,-0.0189,0.2531,0.0003,1.1192,0.2684,0.0657,36.8803,38.2975,-0.1099,nan,nan,nan,nan
87.9168,-0.0034,0.0017,1.1983,0.0359,-0.0122,-0.0189,0.2531,0.0004,1.1192,0.2684,0.0719,36.8804,38.2924,-0.1093,nan,nan,nan,nan
87.9423,-0.0034,0.0017,1.1983,0.0310,-0.0113,-0.0188,0.2531,0.0004,1.1192,0.2684,0.0757,36.8808,38.2922,-0.1081,nan,nan,nan,nan
87.9722,-0.0034,0.0018,1.1983,0.0267,-0.0099,-0.0184,0.2531,0.0004,1.1192,0.2684,0.0777,36.8822,38.2936,-0.1051,nan,nan,nan,nan
87.9962,-0.0033,0.0018,1.1983,0.0236,-0.0084,-0.0164,0.2531,0.0004,1.1192,0.2684,0.0691,36.8847,38.2925,-0.1035,nan,nan,nan,nan
88.0248,-0.0033,0.0018,1.1983,0.0211,-0.0074,-0.0145,0.2532,0.0004,1.1192,0.2684,0.0579,36.8837,38.2890,-0.1012,nan,nan,nan,nan
88.0486,-0.0033,0.0018,1.1983,0.0211,-0.0074,-0.0145,0.2532,0.0004,1.1192,0.2684,0.0466,36.8808,38.2876,-0.1007,nan,nan,nan,nan
88.0770,-0.0033,0.0019,1.1983,0.0192,-0.0065,-0.0119,0.2532,0.0004,1.1192,0.2684,0.0387,36.8794,38.2848,-0.1005,nan,nan,nan,nan
88.1100,-0.0033,0.0019,1.1983,0.0174,-0.0057,-0.0098,0.2532,0.0004,1.1191,0.2684,0.0307,36.8774,38.2819,-0.0993,nan,nan,nan,nan
88.1351,-0.0033,0.0019,1.1983,0.0174,-0.0057,-0.0098,0.2532,0.0004,1.1191,0.2684,0.0278,36.8771,38.2813,-0.0996,nan,nan,nan,nan
88.1623,-0.0033,0.0019,1.1983,0.0154,-0.0043,-0.0085,0.2532,0.0004,1.1191,0.2685,0.0190,36.8788,38.2783,-0.0996,nan,nan,nan,nan
88.1890,-0.0033,0.0019,1.1983,0.0151,-0.0029,-0.0064,0.2533,0.0003,1.1191,0.2685,0.0052,36.8799,38.2734,-0.1001,nan,nan,nan,nan
88.2279,-0.0032,0.0020,1.1983,0.0152,-0.0016,-0.0037,0.2533,0.0003,1.1191,0.2685,-0.0164,36.8811,38.2679,-0.0982,nan,nan,nan,nan
88.2631,-0.0032,0.0020,1.1983,0.0156,-0.0004,-0.0011,0.2533,0.0002,1.1191,0.2685,-0.0375,36.8810,38.2652,-0.0963,nan,nan,nan,nan
88.2834,-0.0032,0.0020,1.1983,0.0156,-0.0004,-0.0011,0.2533,0.0002,1.1191,0.2685,-0.0461,36.8814,38.2637,-0.0966,nan,nan,nan,nan
88.3106,-0.0032,0.0020,1.1983,0.0161,0.0009,0.0009,0.2533,0.0002,1.1191,0.2685,-0.0545,36.8808,38.2623,-0.0963,nan,nan,nan,nan
88.3445,-0.0032,0.0021,1.1983,0.0178,0.0018,0.0029,0.2533,0.0002,1.1191,0.2685,-0.0777,36.8769,38.2626,-0.0941,nan,nan,nan,nan
88.3816,-0.0032,0.0021,1.1983,0.0201,0.0027,0.0054,0.2534,0.0001,1.1191,0.2685,-0.1030,36.8726,38.2641,-0.0932,nan,nan,nan,nan
88.4202,-0.0031,0.0021,1.1983,0.0228,0.0044,0.0081,0.2534,0.0000,1.1191,0.2685,-0.1302,36.8725,38.2665,-0.0964,nan,nan,nan,nan
88.4427,-0.0031,0.0022,1.1983,0.0228,0.0044,0.0081,0.2534,-0.0000,1.1191,0.2685,-0.1419,36.8740,38.2685,-0.0967,nan,nan,nan,nan
88.4660,-0.0031,0.0022,1.1983,0.0255,0.0068,0.0099,0.2534,-0.0001,1.1191,0.2685,-0.1571,36.8768,38.2718,-0.0996,nan,nan,nan,nan
88.4996,-0.0031,0.0022,1.1983,0.0288,0.0093,0.0107,0.2534,-0.0001,1.1191,0.2685,-0.1731,36.8788,38.2780,-0.1027,nan,nan,nan,nan
88.5229,-0.0031,0.0022,1.1983,0.0288,0.0093,0.0107,0.2534,-0.0001,1.1191,0.2684,-0.1839,36.8794,38.2822,-0.1030,nan,nan,nan,nan
88.5462,-0.0031,0.0022,1.1983,0.0327,0.0116,0.0116,0.2534,-0.0002,1.1191,0.2684,-0.2028,36.8787,38.2919,-0.1017,nan,nan,nan,nan
88.5728,-0.0031,0.0022,1.1983,0.0362,0.0138,0.0110,0.2534,-0.0002,1.1191,0.2684,-0.2060,36.8780,38.2966,-0.1011,nan,nan,nan,nan
88.6013,-0.0030,0.0023,1.1983,0.0386,0.0157,0.0086,0.2534,-0.0001,1.1191,0.2684,-0.2005,36.8749,38.3033,-0.0997,nan,nan,nan,nan
88.6286,-0.0030,0.0023,1.1983,0.0386,0.0157,0.0086,0.2534,-0.0001,1.1191,0.2684,-0.1964,36.8726,38.3075,-0.0961,nan,nan,nan,nan
88.6507,-0.0030,0.0023,1.1983,0.0419,0.0176,0.0057,0.2534,-0.0001,1.1191,0.2684,-0.1943,36.8719,38.3086,-0.0951,nan,nan,nan,nan
88.6712,-0.0030,0.0023,1.1983,0.0459,0.0193,0.0031,0.2534,-0.0001,1.1191,0.2684,-0.1926,36.8703,38.3100,-0.0966,nan,nan,nan,nan
88.6951,-0.0030,0.0023,1.1984,0.0459,0.0193,0.0031,0.2534,-0.0001,1.1191,0.2684,-0.1918,36.8693,38.3107,-0.0957,nan,nan,nan,nan
88.7190,-0.0030,0.0023,1.1984,0.0504,0.0208,0.0009,0.2534,-0.0001,1.1191,0.2684,-0.1909,36.8682,38.3123,-0.0935,nan,nan,nan,nan
88.7445,-0.0030,0.0023,1.1984,0.0559,0.0218,-0.0010,0.2534,-0.0001,1.1191,0.2684,-0.1954,36.8650,38.3169,-0.0902,nan,nan,nan,nan
88.7727,-0.0029,0.0023,1.1984,0.0559,0.0218,-0.0010,0.2535,-0.0001,1.1191,0.2684,-0.2028,36.8637,38.3189,-0.0898,nan,nan,nan,nan
88.8005,-0.0029,0.0023,1.1984,0.0622,0.0226,-0.0020,0.2535,-0.0001,1.1191,0.2684,-0.2089,36.8628,38.3208,-0.0890,nan,nan,nan,nan
88.8267,-0.0029,0.0023,1.1984,0.0688,0.0230,-0.0030,0.2535,-0.0001,1.1191,0.2684,-0.2159,36.8611,38.3229,-0.0875,nan,nan,nan,nan
88.8512,-0.0029,0.0023,1.1984,0.0688,0.0230,-0.0030,0.2535,-0.0002,1.1191,0.2684,-0.2166,36.8581,38.3234,-0.0847,nan,nan,nan,nan
88.8715,-0.0029,0.0023,1.1984,0.0750,0.0228,-0.0055,0.2535,-0.0001,1.1191,0.2684,-0.2157,36.8572,38.3233,-0.0837,nan,nan,nan,nan
88.8999,-0.0029,0.0023,1.1984,0.0750,0.0228,-0.0055,0.2535,-0.0001,1.1191,0.2684,-0.2131,36.8556,38.3249,-0.0831,nan,nan,nan,nan
88.9228,-0.0028,0.0023,1.1984,0.0812,0.0226,-0.0087,0.2535,-0.0001,1.1191,0.2684,-0.2104,36.8541,38.3279,-0.0838,nan,nan,nan,nan
88.9600,-0.0028,0.0023,1.1984,0.0875,0.0222,-0.0115,0.2536,-0.0001,1.1191,0.2684,-0.2072,36.8526,38.3321,-0.0865,nan,nan,nan,nan
88.9877,-0.0028,0.0023,1.1984,0.0875,0.0222,-0.0115,0.2536,-0.0002,1.1191,0.2684,-0.2109,36.8510,38.3324,-0.0866,nan,nan,nan,nan
89.0123,-0.0028,0.0023,1.1984,0.0951,0.0212,-0.0134,0.2536,-0.0002,1.1191,0.2684,-0.2177,36.8479,38.3361,-0.0820,nan,nan,nan,nan
89.0402,-0.0028,0.0023,1.1984,0.1026,0.0196,-0.0157,0.2536,-0.0002,1.1191,0.2684,-0.2216,36.8442,38.3398,-0.0789,nan,nan,nan,nan
89.0731,-0.0027,0.0023,1.1984,0.1094,0.0180,-0.0183,0.2536,-0.0002,1.1191,0.2684,-0.2209,36.8399,38.3429,-0.0776,nan,nan,nan,nan
89.1051,-0.0027,0.0023,1.1983,0.1156,0.0166,-0.0219,0.2537,-0.0002,1.1191,0.2683,-0.2116,36.8392,38.3448,-0.0782,nan,nan,nan,nan
89.1301,-0.0027,0.0022,1.1983,0.1217,0.0148,-0.0256,0.2537,-0.0002,1.1191,0.2683,-0.2015,36.8384,38.3469,-0.0779,nan,nan,nan,nan
89.1567,-0.0026,0.0022,1.1983,0.1217,0.0148,-0.0256,0.2537,-0.0002,1.1191,0.2683,-0.1959,36.8374,38.3476,-0.0796,nan,nan,nan,nan
89.1769,-0.0026,0.0022,1.1983,0.1278,0.0126,-0.0288,0.2537,-0.0002,1.1191,0.2683,-0.1924,36.8366,38.3472,-0.0795,nan,nan,nan,nan
89.2005,-0.0026,0.0022,1.1983,0.1338,0.0103,-0.0321,0.2538,-0.0002,1.1191,0.2683,-0.1875,36.8361,38.3475,-0.0826,nan,nan,nan,nan
89.2275,-0.0026,0.0021,1.1983,0.1394,0.0081,-0.0350,0.2538,-0.0002,1.1191,0.2683,-0.1832,36.8343,38.3546,-0.0847,nan,nan,nan,nan
89.2537,-0.0025,0.0021,1.1983,0.1394,0.0081,-0.0350,0.2538,-0.0003,1.1191,0.2683,-0.1760,36.8343,38.3606,-0.0830,nan,nan,nan,nan
89.2755,-0.0025,0.0020,1.1983,0.1437,0.0064,-0.0383,0.2538,-0.0002,1.1191,0.2683,-0.1666,36.8354,38.3618,-0.0831,nan,nan,nan,nan
89.2959,-0.0025,0.0020,1.1983,0.1465,0.0048,-0.0428,0.2539,-0.0002,1.1191,0.2683,-0.1489,36.8365,38.3610,-0.0810,nan,nan,nan,nan
89.3178,-0.0025,0.0019,1.1983,0.1465,0.0048,-0.0428,0.2539,-0.0002,1.1191,0.2683,-0.1290,36.8367,38.3606,-0.0829,nan,nan,nan,nan
89.3453,-0.0025,0.0019,1.1983,0.1487,0.0026,-0.0474,0.2539,-0.0002,1.1191,0.2683,-0.1169,36.8358,38.3617,-0.0829,nan,nan,nan,nan
89.3689,-0.0024,0.0019,1.1983,0.1505,0.0000,-0.0518,0.2539,-0.0002,1.1192,0.2683,-0.0992,36.8339,38.3630,-0.0814,nan,nan,nan,nan
89.3968,-0.0024,0.0018,1.1983,0.1519,-0.0023,-0.0558,0.2540,-0.0002,1.1192,0.2683,-0.0770,36.8348,38.3661,-0.0783,nan,nan,nan,nan
89.4179,-0.0024,0.0017,1.1983,0.1519,-0.0023,-0.0558,0.2540,-0.0002,1.1192,0.2683,-0.0622,36.8373,38.3669,-0.0748,nan,nan,nan,nan
89.4419,-0.0024,0.0017,1.1983,0.1525,-0.0046,-0.0586,0.2540,-0.0002,1.1192,0.2683,-0.0538,36.8387,38.3668,-0.0736,nan,nan,nan,nan
89.4783,-0.0023,0.0016,1.1983,0.1526,-0.0070,-0.0613,0.2540,-0.0002,1.1192,0.2683,-0.0388,36.8413,38.3664,-0.0694,nan,nan,nan,nan
89.5059,-0.0023,0.0015,1.1983,0.1526,-0.0070,-0.0613,0.2541,-0.0003,1.1192,0.2683,-0.0230,36.8436,38.3685,-0.0667,nan,nan,nan,nan
89.5341,-0.0023,0.0014,1.1983,0.1520,-0.0092,-0.0642,0.2541,-0.0003,1.1192,0.2683,-0.0138,36.8451,38.3700,-0.0656,nan,nan,nan,nan
89.5622,-0.0023,0.0014,1.1983,0.1506,-0.0115,-0.0655,0.2541,-0.0003,1.1193,0.2683,-0.0036,36.8486,38.3705,-0.0645,nan,nan,nan,nan
89.5994,-0.0022,0.0013,1.1983,0.1495,-0.0139,-0.0651,0.2541,-0.0004,1.1193,0.2683,0.0004,36.8537,38.3709,-0.0642,nan,nan,nan,nan
89.6234,-0.0022,0.0012,1.1983,0.1495,-0.0139,-0.0651,0.2542,-0.0005,1.1193,0.2683,-0.0007,36.8559,38.3705,-0.0627,nan,nan,nan,nan
89.6522,-0.0022,0.0011,1.1983,0.1482,-0.0168,-0.0635,0.2542,-0.0006,1.1193,0.2683,-0.0061,36.8580,38.3683,-0.0589,nan,nan,nan,nan
89.6739,-0.0022,0.0010,1.1983,0.1465,-0.0204,-0.0610,0.2542,-0.0007,1.1193,0.2683,-0.0141,36.8583,38.3626,-0.0500,nan,nan,nan,nan
89.7010,-0.0021,0.0009,1.1983,0.1449,-0.0242,-0.0572,0.2543,-0.0009,1.1193,0.2683,-0.0334,36.8590,38.3567,-0.0380,nan,nan,nan,nan
89.7244,-0.0021,0.0008,1.1983,0.1449,-0.0242,-0.0572,0.2543,-0.0011,1.1193,0.2683,-0.0533,36.8604,38.3561,-0.0229,nan,nan,nan,nan
89.7515,-0.0021,0.0007,1.1983,0.1432,-0.0279,-0.0522,0.2543,-0.0012,1.1193,0.2683,-0.0680,36.8608,38.3562,-0.0134,nan,nan,nan,nan
89.7799,-0.0021,0.0006,1.1983,0.1411,-0.0315,-0.0472,0.2544,-0.0014,1.1193,0.2683,-0.0893,36.8627,38.3554,-0.0017,nan,nan,nan,nan
89.8072,-0.0020,0.0005,1.1982,0.1379,-0.0351,-0.0424,0.2544,-0.0016,1.1194,0.2683,-0.1147,36.8636,38.3550,0.0037,nan,nan,nan,nan
89.8333,-0.0020,0.0004,1.1982,0.1379,-0.0351,-0.0424,0.2544,-0.0018,1.1194,0.2683,-0.1305,36.8635,38.3555,0.0039,nan,nan,nan,nan
89.8582,-0.0020,0.0003,1.1982,0.1338,-0.0388,-0.0384,0.2544,-0.0019,1.1194,0.2683,-0.1340,36.8629,38.3556,0.0037,nan,nan,nan,nan
89.8790,-0.0020,0.0002,1.1982,0.1280,-0.0420,-0.0357,0.2544,-0.0020,1.1194,0.2683,-0.1405,36.8645,38.3576,0.0083,nan,nan,nan,nan
89.9112,-0.0020,-0.0000,1.1982,0.1214,-0.0446,-0.0339,0.2545,-0.0022,1.1194,0.2683,-0.1414,36.8685,38.3564,0.0110,nan,nan,nan,nan
89.9373,-0.0020,-0.0001,1.1982,0.1214,-0.0446,-0.0339,0.2545,-0.0023,1.1194,0.2683,-0.1389,36.8707,38.3572,0.0041,nan,nan,nan,nan
89.9652,-0.0020,-0.0002,1.1982,0.1137,-0.0471,-0.0323,0.2545,-0.0024,1.1194,0.2683,-0.1356,36.8726,38.3575,0.0001,nan,nan,nan,nan
89.9922,-0.0019,-0.0004,1.1982,0.1055,-0.0494,-0.0316,0.2545,-0.0025,1.1195,0.2683,-0.1282,36.8751,38.3570,0.0009,nan,nan,nan,nan
90.0155,-0.0019,-0.0005,1.1982,0.1055,-0.0494,-0.0316,0.2545,-0.0026,1.1195,0.2683,-0.1231,36.8753,38.3568,0.0023,nan,nan,nan,nan
90.0422,-0.0019,-0.0006,1.1982,0.0972,-0.0518,-0.0309,0.2545,-0.0027,1.1195,0.2683,-0.1188,36.8755,38.3560,0.0043,nan,nan,nan,nan
90.0763,-0.0019,-0.0007,1.1982,0.0890,-0.0543,-0.0293,0.2545,-0.0028,1.1195,0.2683,-0.1173,36.8752,38.3542,0.0035,nan,nan,nan,nan
90.1090,-0.0019,-0.0009,1.1982,0.0809,-0.0567,-0.0279,0.2546,-0.0030,1.1195,0.2683,-0.1129,36.8749,38.3545,0.0027,nan,nan,nan,nan
90.1325,-0.0019,-0.0011,1.1982,0.0809,-0.0567,-0.0279,0.2546,-0.0031,1.1195,0.2683,-0.1017,36.8772,38.3521,0.0008,nan,nan,nan,nan
90.1601,-0.0019,-0.0012,1.1982,0.0715,-0.0583,-0.0278,0.2546,-0.0032,1.1195,0.2683,-0.0924,36.8785,38.3499,-0.0035,nan,nan,nan,nan
90.1896,-0.0019,-0.0013,1.1982,0.0617,-0.0599,-0.0278,0.2546,-0.0033,1.1195,0.2683,-0.0799,36.8781,38.3498,-0.0073,nan,nan,nan,nan
90.2128,-0.0019,-0.0015,1.1982,0.0524,-0.0615,-0.0275,0.2546,-0.0034,1.1195,0.2683,-0.0676,36.8790,38.3501,-0.0075,nan,nan,nan,nan
90.2438,-0.0019,-0.0017,1.1982,0.0430,-0.0627,-0.0269,0.2546,-0.0036,1.1195,0.2683,-0.0560,36.8797,38.3510,-0.0124,nan,nan,nan,nan
90.2646,-0.0019,-0.0019,1.1982,0.0430,-0.0627,-0.0269,0.2546,-0.0037,1.1195,0.2683,-0.0503,36.8808,38.3516,-0.0088,nan,nan,nan,nan
90.2869,-0.0019,-0.0020,1.1982,0.0344,-0.0636,-0.0264,0.2546,-0.0038,1.1195,0.2683,-0.0486,36.8811,38.3520,-0.0076,nan,nan,nan,nan
90.3202,-0.0019,-0.0022,1.1982,0.0260,-0.0645,-0.0251,0.2546,-0.0040,1.1195,0.2683,-0.0462,36.8826,38.3518,-0.0028,nan,nan,nan,nan
90.3432,-0.0019,-0.0023,1.1982,0.0260,-0.0645,-0.0251,0.2546,-0.0042,1.1195,0.2683,-0.0490,36.8834,38.3513,-0.0023,nan,nan,nan,nan
90.3696,-0.0019,-0.0024,1.1982,0.0181,-0.0656,-0.0223,0.2546,-0.0043,1.1195,0.2683,-0.0558,36.8837,38.3477,0.0000,nan,nan,nan,nan
90.3947,-0.0019,-0.0026,1.1982,0.0102,-0.0666,-0.0192,0.2546,-0.0045,1.1195,0.2683,-0.0642,36.8844,38.3453,0.0034,nan,nan,nan,nan
90.4316,-0.0019,-0.0028,1.1982,0.0026,-0.0678,-0.0159,0.2546,-0.0047,1.1195,0.2683,-0.0774,36.8835,38.3451,0.0041,nan,nan,nan,nan
90.4549,-0.0019,-0.0029,1.1982,0.0026,-0.0678,-0.0159,0.2545,-0.0049,1.1195,0.2683,-0.0828,36.8833,38.3457,0.0028,nan,nan,nan,nan
90.4847,-0.0020,-0.0030,1.1982,-0.0053,-0.0689,-0.0132,0.2545,-0.0050,1.1195,0.2683,-0.0889,36.8842,38.3488,0.0016,nan,nan,nan,nan
90.5053,-0.0020,-0.0031,1.1982,-0.0053,-0.0689,-0.0132,0.2545,-0.0052,1.1195,0.2683,-0.0919,36.8854,38.3506,-0.0006,nan,nan,nan,nan
90.5306,-0.0020,-0.0032,1.1982,-0.0132,-0.0697,-0.0111,0.2545,-0.0053,1.1195,0.2683,-0.0952,36.8877,38.3531,-0.0021,nan,nan,nan,nan
90.5593,-0.0020,-0.0034,1.1982,-0.0213,-0.0698,-0.0097,0.2545,-0.0054,1.1196,0.2683,-0.0969,36.8921,38.3559,-0.0053,nan,nan,nan,nan
90.5830,-0.0020,-0.0035,1.1982,-0.0213,-0.0698,-0.0097,0.2545,-0.0056,1.1196,0.2683,-0.0943,36.8944,38.3579,-0.0056,nan,nan,nan,nan
90.6031,-0.0020,-0.0036,1.1982,-0.0297,-0.0702,-0.0098,0.2544,-0.0057,1.1196,0.2683,-0.0909,36.8967,38.3587,-0.0064,nan,nan,nan,nan
90.6300,-0.0021,-0.0038,1.1982,-0.0391,-0.0706,-0.0106,0.2544,-0.0058,1.1196,0.2683,-0.0769,36.9008,38.3566,-0.0127,nan,nan,nan,nan
90.6629,-0.0021,-0.0040,1.1982,-0.0492,-0.0708,-0.0125,0.2544,-0.0059,1.1196,0.2683,-0.0550,36.9038,38.3545,-0.0228,nan,nan,nan,nan
90.6836,-0.0021,-0.0041,1.1982,-0.0492,-0.0708,-0.0125,0.2544,-0.0060,1.1196,0.2682,-0.0437,36.9049,38.3550,-0.0264,nan,nan,nan,nan
90.7064,-0.0021,-0.0042,1.1982,-0.0590,-0.0708,-0.0142,0.2543,-0.0061,1.1196,0.2682,-0.0352,36.9060,38.3559,-0.0286,nan,nan,nan,nan
90.7339,-0.0022,-0.0044,1.1982,-0.0675,-0.0706,-0.0149,0.2543,-0.0062,1.1196,0.2682,-0.0265,36.9083,38.3558,-0.0320,nan,nan,nan,nan
90.7612,-0.0022,-0.0045,1.1981,-0.0675,-0.0706,-0.0149,0.2543,-0.0064,1.1196,0.2682,-0.0217,36.9090,38.3557,-0.0391,nan,nan,nan,nan
90.7851,-0.0022,-0.0046,1.1981,-0.0762,-0.0702,-0.0154,0.2543,-0.0064,1.1196,0.2682,-0.0174,36.9103,38.3543,-0.0450,nan,nan,nan,nan
90.8073,-0.0023,-0.0048,1.1981,-0.0857,-0.0693,-0.0157,0.2542,-0.0066,1.1196,0.2682,-0.0108,36.9111,38.3559,-0.0523,nan,nan,nan,nan
90.8282,-0.0023,-0.0049,1.1981,-0.0857,-0.0693,-0.0157,0.2542,-0.0067,1.1196,0.2682,-0.0055,36.9134,38.3593,-0.0573,nan,nan,nan,nan
90.8495,-0.0023,-0.0051,1.1981,-0.0948,-0.0679,-0.0163,0.2541,-0.0068,1.1196,0.2682,-0.0000,36.9143,38.3651,-0.0662,nan,nan,nan,nan
90.8707,-0.0024,-0.0052,1.1981,-0.1035,-0.0664,-0.0167,0.2541,-0.0070,1.1197,0.2682,0.0017,36.9149,38.3678,-0.0727,nan,nan,nan,nan
90.8984,-0.0024,-0.0053,1.1981,-0.1123,-0.0649,-0.0171,0.2540,-0.0071,1.1197,0.2682,0.0059,36.9144,38.3712,-0.0787,nan,nan,nan,nan
90.9247,-0.0025,-0.0054,1.1981,-0.1123,-0.0649,-0.0171,0.2540,-0.0072,1.1196,0.2682,0.0121,36.9138,38.3709,-0.0814,nan,nan,nan,nan
90.9475,-0.0025,-0.0055,1.1981,-0.1216,-0.0634,-0.0177,0.2540,-0.0073,1.1196,0.2682,0.0134,36.9137,38.3708,-0.0825,nan,nan,nan,nan
90.9843,-0.0025,-0.0056,1.1981,-0.1299,-0.0616,-0.0175,0.2539,-0.0074,1.1196,0.2682,0.0120,36.9135,38.3713,-0.0808,nan,nan,nan,nan
91.0076,-0.0026,-0.0058,1.1981,-0.1299,-0.0616,-0.0175,0.2539,-0.0076,1.1196,0.2682,0.0076,36.9135,38.3731,-0.0803,nan,nan,nan,nan
91.0312,-0.0026,-0.0058,1.1981,-0.1378,-0.0595,-0.0160,0.2538,-0.0077,1.1196,0.2682,0.0024,36.9138,38.3760,-0.0777,nan,nan,nan,nan
91.0538,-0.0027,-0.0059,1.1981,-0.1457,-0.0571,-0.0147,0.2538,-0.0078,1.1196,0.2682,-0.0071,36.9157,38.3808,-0.0728,nan,nan,nan,nan
91.0776,-0.0027,-0.0061,1.1981,-0.1457,-0.0571,-0.0147,0.2537,-0.0080,1.1196,0.2682,-0.0160,36.9169,38.3796,-0.0703,nan,nan,nan,nan
91.1059,-0.0027,-0.0061,1.1981,-0.1532,-0.0548,-0.0129,0.2537,-0.0081,1.1196,0.2682,-0.0222,36.9181,38.3772,-0.0677,nan,nan,nan,nan
91.1395,-0.0028,-0.0062,1.1981,-0.1596,-0.0524,-0.0114,0.2536,-0.0082,1.1196,0.2682,-0.0345,36.9201,38.3735,-0.0667,nan,nan,nan,nan
91.1757,-0.0029,-0.0063,1.1981,-0.1658,-0.0499,-0.0096,0.2536,-0.0084,1.1196,0.2682,-0.0515,36.9223,38.3702,-0.0700,nan,nan,nan,nan
91.2042,-0.0029,-0.0065,1.1981,-0.1716,-0.0470,-0.0075,0.2535,-0.0086,1.1196,0.2682,-0.0699,36.9258,38.3661,-0.0753,nan,nan,nan,nan
91.2342,-0.0030,-0.0066,1.1981,-0.1777,-0.0441,-0.0069,0.2534,-0.0088,1.1196,0.2682,-0.0785,36.9281,38.3627,-0.0781,nan,nan,nan,nan
91.2711,-0.0031,-0.0067,1.1981,-0.1839,-0.0409,-0.0075,0.2533,-0.0089,1.1196,0.2682,-0.0784,36.9318,38.3579,-0.0801,nan,nan,nan,nan
91.2924,-0.0032,-0.0067,1.1981,-0.1839,-0.0409,-0.0075,0.2533,-0.0090,1.1196,0.2682,-0.0775,36.9351,38.3572,-0.0820,nan,nan,nan,nan
91.3135,-0.0032,-0.0068,1.1981,-0.1896,-0.0374,-0.0081,0.2532,-0.0090,1.1196,0.2682,-0.0769,36.9360,38.3588,-0.0842,nan,nan,nan,nan
91.3344,-0.0033,-0.0069,1.1981,-0.1942,-0.0339,-0.0094,0.2532,-0.0091,1.1196,0.2682,-0.0733,36.9366,38.3615,-0.0821,nan,nan,nan,nan
91.3599,-0.0033,-0.0069,1.1981,-0.1985,-0.0305,-0.0117,0.2531,-0.0091,1.1196,0.2682,-0.0638,36.9361,38.3635,-0.0741,nan,nan,nan,nan
91.3928,-0.0034,-0.0070,1.1981,-0.2027,-0.0272,-0.0143,0.2530,-0.0092,1.1196,0.2682,-0.0493,36.9350,38.3622,-0.0703,nan,nan,nan,nan
91.4272,-0.0035,-0.0071,1.1981,-0.2062,-0.0236,-0.0170,0.2529,-0.0092,1.1195,0.2682,-0.0346,36.9358,38.3601,-0.0714,nan,nan,nan,nan
91.4544,-0.0036,-0.0071,1.1981,-0.2062,-0.0236,-0.0170,0.2528,-0.0092,1.1195,0.2682,-0.0253,36.9384,38.3580,-0.0715,nan,nan,nan,nan
91.4796,-0.0036,-0.0072,1.1981,-0.2086,-0.0196,-0.0199,0.2528,-0.0092,1.1195,0.2682,-0.0177,36.9416,38.3567,-0.0713,nan,nan,nan,nan
91.5010,-0.0037,-0.0072,1.1981,-0.2112,-0.0151,-0.0241,0.2527,-0.0092,1.1195,0.2682,0.0006,36.9460,38.3588,-0.0699,nan,nan,nan,nan
91.5336,-0.0038,-0.0072,1.1981,-0.2142,-0.0104,-0.0294,0.2526,-0.0091,1.1196,0.2682,0.0326,36.9515,38.3655,-0.0682,nan,nan,nan,nan
91.5603,-0.0038,-0.0072,1.1981,-0.2142,-0.0104,-0.0294,0.2525,-0.0091,1.1196,0.2682,0.0532,36.9539,38.3723,-0.0626,nan,nan,nan,nan
91.5864,-0.0039,-0.0073,1.1981,-0.2162,-0.0062,-0.0337,0.2525,-0.0090,1.1196,0.2681,0.0590,36.9547,38.3743,-0.0607,nan,nan,nan,nan
91.6087,-0.0039,-0.0073,1.1981,-0.2166,-0.0026,-0.0364,0.2524,-0.0090,1.1196,0.2681,0.0719,36.9561,38.3816,-0.0543,nan,nan,nan,nan
91.6356,-0.0040,-0.0073,1.1981,-0.2166,-0.0026,-0.0364,0.2523,-0.0090,1.1196,0.2681,0.0724,36.9559,38.3863,-0.0515,nan,nan,nan,nan
91.6622,-0.0041,-0.0073,1.1981,-0.2154,0.0004,-0.0376,0.2523,-0.0090,1.1196,0.2681,0.0689,36.9552,38.3937,-0.0510,nan,nan,nan,nan
91.7005,-0.0041,-0.0073,1.1981,-0.2132,0.0034,-0.0377,0.2522,-0.0090,1.1196,0.2681,0.0628,36.9550,38.4015,-0.0540,nan,nan,nan,nan
91.7287,-0.0042,-0.0072,1.1981,-0.2132,0.0034,-0.0377,0.2521,-0.0091,1.1196,0.2681,0.0588,36.9558,38.4056,-0.0625,nan,nan,nan,nan
91.7568,-0.0042,-0.0072,1.1981,-0.2109,0.0064,-0.0382,0.2521,-0.0091,1.1196,0.2681,0.0569,36.9568,38.4077,-0.0670,nan,nan,nan,nan
91.7790,-0.0043,-0.0072,1.1981,-0.2085,0.0095,-0.0387,0.2520,-0.0090,1.1196,0.2681,0.0544,36.9589,38.4128,-0.0664,nan,nan,nan,nan
91.8124,-0.0044,-0.0072,1.1981,-0.2049,0.0127,-0.0393,0.2519,-0.0090,1.1197,0.2680,0.0468,36.9644,38.4144,-0.0666,nan,nan,nan,nan
91.8412,-0.0045,-0.0071,1.1981,-0.2009,0.0154,-0.0393,0.2518,-0.0090,1.1197,0.2680,0.0369,36.9675,38.4125,-0.0736,nan,nan,nan,nan
91.8639,-0.0045,-0.0071,1.1981,-0.2009,0.0154,-0.0393,0.2518,-0.0090,1.1196,0.2680,0.0296,36.9683,38.4106,-0.0767,nan,nan,nan,nan
91.8880,-0.0046,-0.0070,1.1982,-0.1965,0.0173,-0.0383,0.2517,-0.0090,1.1196,0.2681,0.0178,36.9682,38.4067,-0.0782,nan,nan,nan,nan
91.9123,-0.0046,-0.0070,1.1982,-0.1921,0.0190,-0.0375,0.2517,-0.0090,1.1196,0.2681,0.0078,36.9681,38.4037,-0.0833,nan,nan,nan,nan
91.9378,-0.0047,-0.0069,1.1982,-0.1876,0.0208,-0.0368,0.2516,-0.0090,1.1196,0.2681,-0.0053,36.9692,38.4049,-0.0954,nan,nan,nan,nan
91.9676,-0.0048,-0.0068,1.1982,-0.1830,0.0221,-0.0367,0.2515,-0.0089,1.1196,0.2681,-0.0130,36.9687,38.4041,-0.0998,nan,nan,nan,nan
91.9950,-0.0048,-0.0068,1.1982,-0.1830,0.0221,-0.0367,0.2514,-0.0089,1.1196,0.2681,-0.0135,36.9683,38.4033,-0.1030,nan,nan,nan,nan
92.0230,-0.0049,-0.0067,1.1982,-0.1781,0.0232,-0.0374,0.2514,-0.0089,1.1196,0.2681,-0.0155,36.9680,38.4027,-0.1042,nan,nan,nan,nan
92.0465,-0.0049,-0.0067,1.1982,-0.1719,0.0241,-0.0365,0.2513,-0.0088,1.1196,0.2681,-0.0297,36.9678,38.4023,-0.1043,nan,nan,nan,nan
92.0671,-0.0050,-0.0066,1.1982,-0.1719,0.0241,-0.0365,0.2513,-0.0088,1.1196,0.2681,-0.0369,36.9672,38.4011,-0.1030,nan,nan,nan,nan
92.0939,-0.0051,-0.0065,1.1982,-0.1657,0.0244,-0.0360,0.2512,-0.0087,1.1196,0.2681,-0.0428,36.9628,38.3992,-0.1030,nan,nan,nan,nan
92.1190,-0.0051,-0.0064,1.1982,-0.1596,0.0244,-0.0370,0.2512,-0.0086,1.1196,0.2681,-0.0415,36.9601,38.3985,-0.1057,nan,nan,nan,nan
92.1429,-0.0052,-0.0064,1.1982,-0.1596,0.0244,-0.0370,0.2511,-0.0085,1.1195,0.2681,-0.0388,36.9573,38.3963,-0.1069,nan,nan,nan,nan
92.1629,-0.0052,-0.0063,1.1982,-0.1535,0.0242,-0.0385,0.2511,-0.0085,1.1195,0.2681,-0.0371,36.9551,38.3944,-0.1086,nan,nan,nan,nan
92.1951,-0.0052,-0.0062,1.1982,-0.1463,0.0239,-0.0385,0.2511,-0.0084,1.1195,0.2681,-0.0453,36.9495,38.3934,-0.1128,nan,nan,nan,nan
92.2329,-0.0053,-0.0061,1.1982,-0.1376,0.0238,-0.0365,0.2510,-0.0084,1.1195,0.2681,-0.0696,36.9464,38.3943,-0.1161,nan,nan,nan,nan
92.2577,-0.0054,-0.0060,1.1982,-0.1376,0.0238,-0.0365,0.2509,-0.0083,1.1195,0.2681,-0.0907,36.9454,38.3938,-0.1185,nan,nan,nan,nan
92.2849,-0.0054,-0.0059,1.1982,-0.1280,0.0239,-0.0345,0.2509,-0.0083,1.1195,0.2681,-0.1032,36.9447,38.3957,-0.1199,nan,nan,nan,nan
92.3220,-0.0054,-0.0058,1.1982,-0.1191,0.0244,-0.0329,0.2508,-0.0083,1.1195,0.2681,-0.1178,36.9455,38.4000,-0.1224,nan,nan,nan,nan
92.3527,-0.0055,-0.0056,1.1982,-0.1107,0.0248,-0.0330,0.2508,-0.0081,1.1195,0.2681,-0.1252,36.9458,38.4005,-0.1214,nan,nan,nan,nan
92.3778,-0.0056,-0.0055,1.1982,-0.1107,0.0248,-0.0330,0.2507,-0.0080,1.1195,0.2681,-0.1260,36.9450,38.4021,-0.1188,nan,nan,nan,nan
92.3997,-0.0056,-0.0054,1.1982,-0.1024,0.0252,-0.0339,0.2507,-0.0079,1.1195,0.2681,-0.1262,36.9450,38.4055,-0.1192,nan,nan,nan,nan
92.4219,-0.0056,-0.0053,1.1982,-0.0945,0.0258,-0.0362,0.2506,-0.0078,1.1195,0.2681,-0.1194,36.9447,38.4092,-0.1206,nan,nan,nan,nan
92.4432,-0.0057,-0.0052,1.1982,-0.0945,0.0258,-0.0362,0.2506,-0.0076,1.1195,0.2681,-0.1135,36.9455,38.4105,-0.1220,nan,nan,nan,nan
92.4646,-0.0057,-0.0051,1.1982,-0.0865,0.0263,-0.0388,0.2505,-0.0076,1.1195,0.2681,-0.1092,36.9449,38.4113,-0.1208,nan,nan,nan,nan
92.4969,-0.0058,-0.0050,1.1982,-0.0779,0.0263,-0.0399,0.2505,-0.0074,1.1195,0.2681,-0.1089,36.9424,38.4117,-0.1213,nan,nan,nan,nan
92.5187,-0.0058,-0.0049,1.1982,-0.0779,0.0263,-0.0399,0.2504,-0.0073,1.1195,0.2681,-0.1057,36.9412,38.4115,-0.1248,nan,nan,nan,nan
92.5409,-0.0059,-0.0048,1.1982,-0.0698,0.0265,-0.0423,0.2504,-0.0072,1.1195,0.2681,-0.0964,36.9394,38.4143,-0.1300,nan,nan,nan,nan
92.5675,-0.0059,-0.0047,1.1982,-0.0618,0.0271,-0.0451,0.2504,-0.0070,1.1195,0.2681,-0.0876,36.9389,38.4176,-0.1302,nan,nan,nan,nan
92.5943,-0.0059,-0.0046,1.1982,-0.0618,0.0271,-0.0451,0.2503,-0.0069,1.1195,0.2681,-0.0842,36.9383,38.4198,-0.1241,nan,nan,nan,nan
92.6153,-0.0060,-0.0045,1.1982,-0.0534,0.0277,-0.0465,0.2503,-0.0068,1.1195,0.2681,-0.0837,36.9379,38.4204,-0.1219,nan,nan,nan,nan
92.6455,-0.0060,-0.0043,1.1982,-0.0440,0.0279,-0.0474,0.2502,-0.0067,1.1195,0.2681,-0.0869,36.9342,38.4227,-0.1149,nan,nan,nan,nan
92.6729,-0.0061,-0.0042,1.1982,-0.0344,0.0285,-0.0479,0.2502,-0.0065,1.1195,0.2681,-0.0940,36.9318,38.4238,-0.1075,nan,nan,nan,nan
92.6998,-0.0061,-0.0040,1.1982,-0.0344,0.0285,-0.0479,0.2501,-0.0064,1.1195,0.2681,-0.1012,36.9301,38.4252,-0.1036,nan,nan,nan,nan
92.7288,-0.0061,-0.0039,1.1982,-0.0243,0.0289,-0.0472,0.2501,-0.0063,1.1195,0.2681,-0.1149,36.9279,38.4249,-0.1006,nan,nan,nan,nan
92.7574,-0.0062,-0.0038,1.1982,-0.0139,0.0293,-0.0451,0.2501,-0.0063,1.1195,0.2681,-0.1343,36.9260,38.4219,-0.1011,nan,nan,nan,nan
92.7818,-0.0062,-0.0037,1.1982,-0.0139,0.0293,-0.0451,0.2500,-0.0062,1.1194,0.2681,-0.1573,36.9231,38.4204,-0.1030,nan,nan,nan,nan
92.8033,-0.0062,-0.0036,1.1982,-0.0032,0.0295,-0.0421,0.2500,-0.0062,1.1194,0.2681,-0.1662,36.9224,38.4196,-0.1038,nan,nan,nan,nan
92.8385,-0.0063,-0.0034,1.1982,0.0074,0.0301,-0.0389,0.2500,-0.0061,1.1194,0.2681,-0.1999,36.9205,38.4146,-0.1103,nan,nan,nan,nan
92.8643,-0.0063,-0.0033,1.1982,0.0074,0.0301,-0.0389,0.2499,-0.0061,1.1194,0.2681,-0.2185,36.9203,38.4108,-0.1160,nan,nan,nan,nan
92.8895,-0.0063,-0.0032,1.1982,0.0174,0.0310,-0.0375,0.2499,-0.0060,1.1194,0.2681,-0.2245,36.9200,38.4092,-0.1192,nan,nan,nan,nan
92.9100,-0.0064,-0.0031,1.1982,0.0254,0.0319,-0.0385,0.2499,-0.0059,1.1194,0.2681,-0.2234,36.9172,38.4078,-0.1220,nan,nan,nan,nan
92.9426,-0.0064,-0.0029,1.1982,0.0324,0.0328,-0.0404,0.2498,-0.0056,1.1193,0.2681,-0.2158,36.9125,38.4073,-0.1257,nan,nan,nan,nan
92.9648,-0.0065,-0.0028,1.1982,0.0324,0.0328,-0.0404,0.2498,-0.0055,1.1193,0.2681,-0.2121,36.9083,38.4088,-0.1261,nan,nan,nan,nan
92.9849,-0.0065,-0.0027,1.1982,0.0399,0.0336,-0.0419,0.2498,-0.0054,1.1193,0.2681,-0.2127,36.9057,38.4114,-0.1230,nan,nan,nan,nan
93.0168,-0.0065,-0.0026,1.1982,0.0478,0.0347,-0.0422,0.2497,-0.0053,1.1193,0.2681,-0.2176,36.9040,38.4133,-0.1189,nan,nan,nan,nan
93.0404,-0.0065,-0.0024,1.1982,0.0478,0.0347,-0.0422,0.2497,-0.0052,1.1193,0.2681,-0.2251,36.9028,38.4134,-0.1135,nan,nan,nan,nan
93.0645,-0.0066,-0.0024,1.1982,0.0558,0.0359,-0.0420,0.2497,-0.0051,1.1193,0.2681,-0.2296,36.9016,38.4131,-0.1108,nan,nan,nan,nan
93.1011,-0.0066,-0.0022,1.1982,0.0636,0.0370,-0.0416,0.2496,-0.0050,1.1193,0.2681,-0.2382,36.8991,38.4146,-0.1079,nan,nan,nan,nan
93.1227,-0.0066,-0.0021,1.1982,0.0636,0.0370,-0.0416,0.2496,-0.0049,1.1193,0.2681,-0.2434,36.8982,38.4157,-0.1055,nan,nan,nan,nan
93.1435,-0.0066,-0.0020,1.1982,0.0714,0.0383,-0.0416,0.2496,-0.0049,1.1193,0.2681,-0.2469,36.8978,38.4157,-0.1033,nan,nan,nan,nan
93.1733,-0.0067,-0.0019,1.1982,0.0779,0.0397,-0.0421,0.2496,-0.0047,1.1192,0.2681,-0.2477,36.8974,38.4136,-0.1041,nan,nan,nan,nan
93.2043,-0.0067,-0.0018,1.1982,0.0838,0.0416,-0.0436,0.2495,-0.0046,1.1192,0.2681,-0.2422,36.8992,38.4104,-0.1073,nan,nan,nan,nan
93.2351,-0.0067,-0.0016,1.1982,0.0895,0.0436,-0.0454,0.2495,-0.0044,1.1192,0.2681,-0.2355,36.9010,38.4115,-0.1148,nan,nan,nan,nan
93.2642,-0.0068,-0.0015,1.1982,0.0895,0.0436,-0.0454,0.2495,-0.0043,1.1192,0.2681,-0.2330,36.9034,38.4141,-0.1213,nan,nan,nan,nan
93.2939,-0.0068,-0.0014,1.1982,0.0952,0.0459,-0.0467,0.2494,-0.0042,1.1192,0.2681,-0.2312,36.9052,38.4147,-0.1280,nan,nan,nan,nan
93.3179,-0.0068,-0.0013,1.1982,0.0999,0.0482,-0.0479,0.2494,-0.0040,1.1192,0.2681,-0.2255,36.9077,38.4162,-0.1358,nan,nan,nan,nan
93.3531,-0.0068,-0.0012,1.1981,0.1039,0.0503,-0.0500,0.2494,-0.0039,1.1192,0.2681,-0.2133,36.9102,38.4163,-0.1343,nan,nan,nan,nan
93.3825,-0.0069,-0.0011,1.1981,0.1079,0.0524,-0.0518,0.2494,-0.0037,1.1192,0.2681,-0.2023,36.9131,38.4148,-0.1286,nan,nan,nan,nan
93.4103,-0.0069,-0.0009,1.1981,0.1119,0.0546,-0.0529,0.2493,-0.0035,1.1192,0.2681,-0.1972,36.9166,38.4120,-0.1269,nan,nan,nan,nan
93.4431,-0.0069,-0.0008,1.1981,0.1154,0.0568,-0.0542,0.2493,-0.0034,1.1192,0.2681,-0.1916,36.9203,38.4089,-0.1223,nan,nan,nan,nan
93.4746,-0.0069,-0.0007,1.1981,0.1181,0.0587,-0.0553,0.2493,-0.0032,1.1192,0.2681,-0.1830,36.9225,38.4073,-0.1212,nan,nan,nan,nan
93.5017,-0.0069,-0.0006,1.1981,0.1181,0.0587,-0.0553,0.2493,-0.0031,1.1192,0.2681,-0.1710,36.9248,38.4068,-0.1238,nan,nan,nan,nan
93.5261,-0.0069,-0.0006,1.1981,0.1200,0.0608,-0.0575,0.2493,-0.0030,1.1192,0.2681,-0.1666,36.9255,38.4064,-0.1245,nan,nan,nan,nan
93.5509,-0.0069,-0.0005,1.1981,0.1215,0.0627,-0.0599,0.2493,-0.0029,1.1192,0.2681,-0.1490,36.9261,38.4060,-0.1278,nan,nan,nan,nan
93.5848,-0.0070,-0.0004,1.1981,0.1226,0.0643,-0.0616,0.2493,-0.0028,1.1192,0.2681,-0.1347,36.9243,38.4031,-0.1265,nan,nan,nan,nan
93.6189,-0.0070,-0.0003,1.1981,0.1227,0.0659,-0.0634,0.2493,-0.0026,1.1192,0.2681,-0.1164,36.9224,38.4005,-0.1244,nan,nan,nan,nan
93.6564,-0.0070,-0.0003,1.1981,0.1212,0.0682,-0.0671,0.2493,-0.0024,1.1191,0.2681,-0.0812,36.9235,38.3986,-0.1282,nan,nan,nan,nan
93.6823,-0.0070,-0.0002,1.1981,0.1212,0.0682,-0.0671,0.2492,-0.0022,1.1191,0.2681,-0.0583,36.9241,38.3980,-0.1311,nan,nan,nan,nan
93.7024,-0.0070,-0.0002,1.1981,0.1181,0.0706,-0.0721,0.2493,-0.0020,1.1191,0.2681,-0.0224,36.9246,38.3958,-0.1359,nan,nan,nan,nan
93.7247,-0.0070,-0.0001,1.1981,0.1145,0.0726,-0.0764,0.2493,-0.0019,1.1191,0.2681,0.0112,36.9244,38.3911,-0.1374,nan,nan,nan,nan
93.7475,-0.0070,-0.0001,1.1981,0.1145,0.0726,-0.0764,0.2493,-0.0017,1.1191,0.2681,0.0316,36.9248,38.3878,-0.1354,nan,nan,nan,nan
93.7680,-0.0070,-0.0001,1.1981,0.1106,0.0746,-0.0799,0.2493,-0.0016,1.1191,0.2681,0.0605,36.9259,38.3862,-0.1319,nan,nan,nan,nan
93.7898,-0.0069,-0.0000,1.1981,0.1067,0.0766,-0.0826,0.2493,-0.0015,1.1191,0.2681,0.0855,36.9272,38.3863,-0.1324,nan,nan,nan,nan
93.8201,-0.0069,0.0000,1.1981,0.1027,0.0781,-0.0845,0.2493,-0.0013,1.1191,0.2681,0.1146,36.9268,38.3830,-0.1372,nan,nan,nan,nan
93.8477,-0.0069,0.0001,1.1981,0.1027,0.0781,-0.0845,0.2493,-0.0012,1.1191,0.2681,0.1261,36.9256,38.3834,-0.1375,nan,nan,nan,nan
93.8718,-0.0069,0.0001,1.1981,0.0987,0.0793,-0.0850,0.2493,-0.0012,1.1191,0.2681,0.1346,36.9239,38.3855,-0.1393,nan,nan,nan,nan
93.9063,-0.0069,0.0001,1.1981,0.0944,0.0806,-0.0852,0.2493,-0.0011,1.1191,0.2681,0.1513,36.9221,38.3909,-0.1391,nan,nan,nan,nan
93.9318,-0.0069,0.0001,1.1981,0.0944,0.0806,-0.0852,0.2493,-0.0010,1.1191,0.2681,0.1592,36.9222,38.3910,-0.1394,nan,nan,nan,nan
93.9566,-0.0069,0.0002,1.1981,0.0888,0.0820,-0.0845,0.2493,-0.0010,1.1191,0.2681,0.1672,36.9225,38.3915,-0.1417,nan,nan,nan,nan
93.9824,-0.0069,0.0002,1.1981,0.0832,0.0834,-0.0823,0.2493,-0.0009,1.1191,0.2681,0.1689,36.9237,38.3920,-0.1444,nan,nan,nan,nan
94.0035,-0.0068,0.0002,1.1981,0.0832,0.0834,-0.0823,0.2494,-0.0009,1.1191,0.2681,0.1668,36.9247,38.3921,-0.1459,nan,nan,nan,nan
94.0309,-0.0068,0.0002,1.1981,0.0775,0.0849,-0.0787,0.2494,-0.0009,1.1191,0.2681,0.1597,36.9276,38.3929,-0.1525,nan,nan,nan,nan
94.0549,-0.0068,0.0003,1.1981,0.0719,0.0861,-0.0737,0.2494,-0.0009,1.1191,0.2681,0.1462,36.9288,38.3944,-0.1566,nan,nan,nan,nan
94.0760,-0.0068,0.0003,1.1981,0.0719,0.0861,-0.0737,0.2494,-0.0010,1.1191,0.2681,0.1369,36.9288,38.3943,-0.1592,nan,nan,nan,nan
94.0964,-0.0067,0.0003,1.1981,0.0660,0.0866,-0.0686,0.2495,-0.0010,1.1191,0.2681,0.1235,36.9278,38.3946,-0.1611,nan,nan,nan,nan
94.1266,-0.0067,0.0003,1.1981,0.0590,0.0868,-0.0644,0.2495,-0.0010,1.1191,0.2681,0.1167,36.9269,38.3962,-0.1607,nan,nan,nan,nan
94.1501,-0.0067,0.0003,1.1981,0.0590,0.0868,-0.0644,0.2495,-0.0010,1.1191,0.2681,0.1172,36.9264,38.3951,-0.1600,nan,nan,nan,nan
94.1751,-0.0066,0.0004,1.1981,0.0507,0.0868,-0.0619,0.2495,-0.0009,1.1191,0.2681,0.1179,36.9262,38.3935,-0.1594,nan,nan,nan,nan
94.2037,-0.0066,0.0004,1.1981,0.0423,0.0864,-0.0593,0.2496,-0.0009,1.1190,0.2681,0.1183,36.9244,38.3853,-0.1580,nan,nan,nan,nan
94.2280,-0.0066,0.0004,1.1981,0.0423,0.0864,-0.0593,0.2496,-0.0009,1.1190,0.2682,0.1182,36.9231,38.3804,-0.1562,nan,nan,nan,nan
94.2527,-0.0065,0.0004,1.1981,0.0328,0.0854,-0.0561,0.2497,-0.0009,1.1190,0.2682,0.1169,36.9201,38.3704,-0.1507,nan,nan,nan,nan
94.2818,-0.0065,0.0004,1.1981,0.0233,0.0838,-0.0525,0.2497,-0.0009,1.1189,0.2682,0.1140,36.9170,38.3605,-0.1441,nan,nan,nan,nan
94.3094,-0.0065,0.0004,1.1981,0.0233,0.0838,-0.0525,0.2498,-0.0009,1.1189,0.2682,0.1131,36.9157,38.3518,-0.1409,nan,nan,nan,nan
94.3370,-0.0064,0.0004,1.1981,0.0135,0.0826,-0.0492,0.2498,-0.0009,1.1189,0.2682,0.1128,36.9161,38.3474,-0.1397,nan,nan,nan,nan
94.3721,-0.0064,0.0004,1.1981,0.0033,0.0817,-0.0463,0.2499,-0.0009,1.1189,0.2682,0.1136,36.9162,38.3444,-0.1355,nan,nan,nan,nan
94.4076,-0.0063,0.0005,1.1981,-0.0067,0.0804,-0.0425,0.2500,-0.0009,1.1189,0.2682,0.1080,36.9153,38.3464,-0.1272,nan,nan,nan,nan
94.4320,-0.0063,0.0005,1.1981,-0.0067,0.0804,-0.0425,0.2500,-0.0009,1.1189,0.2682,0.1010,36.9149,38.3492,-0.1223,nan,nan,nan,nan
94.4579,-0.0062,0.0005,1.1981,-0.0157,0.0790,-0.0377,0.2500,-0.0009,1.1189,0.2682,0.0877,36.9155,38.3534,-0.1157,nan,nan,nan,nan
94.4901,-0.0062,0.0005,1.1981,-0.0242,0.0775,-0.0329,0.2500,-0.0009,1.1189,0.2681,0.0740,36.9159,38.3592,-0.1122,nan,nan,nan,nan
94.5129,-0.0061,0.0005,1.1981,-0.0242,0.0775,-0.0329,0.2500,-0.0009,1.1189,0.2681,0.0698,36.9163,38.3617,-0.1117,nan,nan,nan,nan
94.5393,-0.0061,0.0005,1.1981,-0.0328,0.0759,-0.0282,0.2500,-0.0009,1.1189,0.2680,0.0698,36.9163,38.3617,-0.1117,nan,nan,nan,nan
94.5678,-0.0060,0.0006,1.1981,-0.0407,0.0738,-0.0226,0.2500,-0.0009,1.1189,0.2680,0.0698,36.9163,38.3617,-0.1117,nan,nan,nan,nan
94.5892,-0.0059,0.0006,1.1981,-0.0407,0.0738,-0.0226,0.2500,-0.0009,1.1189,0.2679,0.0698,36.9163,38.3617,-0.1117,nan,nan,nan,nan
94.6111,-0.0059,0.0006,1.1981,-0.0488,0.0712,-0.0181,0.2500,-0.0009,1.1189,0.2679,0.0698,36.9163,38.3617,-0.1117,nan,nan,nan,nan
94.6415,-0.0058,0.0006,1.1981,-0.0568,0.0683,-0.0140,0.2500,-0.0009,1.1189,0.2678,0.0698,36.9163,38.3617,-0.1117,nan,nan,nan,nan
94.6624,-0.0058,0.0006,1.1981,-0.0568,0.0683,-0.0140,0.2500,-0.0009,1.1189,0.2678,0.0698,36.9163,38.3617,-0.1117,nan,nan,nan,nan
94.6857,-0.0057,0.0007,1.1981,-0.0641,0.0656,-0.0097,0.2500,-0.0009,1.1189,0.2677,0.0698,36.9163,38.3617,-0.1117,nan,nan,nan,nan
94.7093,-0.0056,0.0007,1.1981,-0.0704,0.0630,-0.0053,0.2500,-0.0009,1.1189,0.2676,0.0698,36.9163,38.3617,-0.1117,nan,nan,nan,nan
94.7322,-0.0055,0.0007,1.1981,-0.0762,0.0597,-0.0005,0.2500,-0.0009,1.1189,0.2675,0.0698,36.9163,38.3617,-0.1117,nan,nan,nan,nan
94.7558,-0.0055,0.0008,1.1981,-0.0818,0.0561,0.0036,0.2500,-0.0009,1.1189,0.2675,0.0698,36.9163,38.3617,-0.1117,nan,nan,nan,nan
94.7870,-0.0054,0.0008,1.1981,-0.0863,0.0525,0.0061,0.2500,-0.0009,1.1189,0.2674,0.0698,36.9163,38.3617,-0.1117,nan,nan,nan,nan
94.8123,-0.0052,0.0009,1.1982,-0.0903,0.0326,0.0071,0.2500,-0.0009,1.1189,0.2673,0.0698,36.9163,38.3617,-0.1117,nan,nan,nan,nan
94.8432,-0.0051,0.0009,1.1984,-0.0918,-0.0286,0.0070,0.2500,-0.0009,1.1189,0.2672,0.0698,36.9163,38.3617,-0.1117,nan,nan,nan,nan
94.8742,-0.0050,0.0010,1.1986,-0.0911,-0.1313,0.0054,0.2500,-0.0009,1.1189,0.2671,0.0698,36.9163,38.3617,-0.1117,nan,nan,nan,nan
94.8999,-0.0048,0.0010,1.1989,-0.0878,-0.2740,0.0035,0.2500,-0.0009,1.1189,0.2671,0.0698,36.9163,38.3617,-0.1117,nan,nan,nan,nan
94.9282,-0.0046,0.0011,1.1993,-0.0813,-0.4538,0.0014,0.2500,-0.0009,1.1189,0.2671,0.0698,36.9163,38.3617,-0.1117,nan,nan,nan,nan
94.9528,-0.0044,0.0012,1.1998,-0.0728,-0.6722,-0.0010,0.2500,-0.0009,1.1189,0.2670,0.0698,36.9163,38.3617,-0.1117,nan,nan,nan,nan
94.9774,-0.0043,0.0013,1.2004,-0.0628,-0.9277,-0.0029,0.2500,-0.0009,1.1189,0.2670,0.0698,36.9163,38.3617,-0.1117,nan,nan,nan,nan
95.0029,-0.0041,0.0013,1.2011,-0.0505,-1.2138,-0.0049,0.2500,-0.0009,1.1189,0.2671,0.0698,36.9163,38.3617,-0.1117,nan,nan,nan,nan
95.0262,-0.0039,0.0014,1.2019,-0.0364,-1.5303,-0.0065,0.2500,-0.0009,1.1189,0.2671,0.0698,36.9163,38.3617,-0.1117,nan,nan,nan,nan
95.0508,-0.0037,0.0015,1.2027,-0.0234,-1.8828,-0.0083,0.2500,-0.0009,1.1189,0.2672,0.0698,36.9163,38.3617,-0.1117,nan,nan,nan,nan
