t,bx,by,bz,roll,pitch,yaw,cx,cy,cz,dist,q1,q2,q3,q4,m0,m1,m2,m3
0.0174,0.0011,-0.0001,0.3055,-0.0001,-0.0000,0.0035,nan,nan,nan,nan,nan,nan,nan,nan,nan,nan,nan,nan
0.0459,0.0011,-0.0001,0.3055,-0.0000,0.0000,0.0034,nan,nan,nan,nan,0.0318,39.3205,39.7723,0.0503,nan,nan,nan,nan
0.0698,0.0011,-0.0001,0.3055,-0.0000,0.0000,0.0034,nan,nan,nan,nan,0.0320,39.3205,39.7736,0.0512,nan,nan,nan,nan
0.0972,0.0011,-0.0001,0.3055,-0.0000,-0.0000,0.0034,nan,nan,nan,nan,0.0331,39.3190,39.7749,0.0519,nan,nan,nan,nan
0.1193,0.0011,-0.0001,0.3055,-0.0000,0.0000,0.0034,nan,nan,nan,nan,0.0353,39.3162,39.7735,0.0531,nan,nan,nan,nan
0.1438,0.0011,-0.0001,0.3055,-0.0000,0.0000,0.0034,nan,nan,nan,nan,0.0348,39.3143,39.7650,0.0511,nan,nan,nan,nan
0.1708,0.0011,-0.0001,0.3055,-0.0000,0.0000,0.0034,nan,nan,nan,nan,0.0278,39.3143,39.7578,0.0540,nan,nan,nan,nan
0.1945,0.0011,-0.0001,0.3055,-0.0000,-0.0000,0.0034,nan,nan,nan,nan,0.0168,39.3153,39.7534,0.0612,nan,nan,nan,nan
0.2182,0.0011,-0.0001,0.3055,-0.0001,0.0000,0.0034,nan,nan,nan,nan,-0.0019,39.3167,39.7551,0.0660,nan,nan,nan,nan
0.2501,0.0011,-0.0001,0.3055,0.0000,-0.0000,0.0034,nan,nan,nan,nan,-0.0247,39.3166,39.7574,0.0719,nan,nan,nan,nan
0.2871,0.0011,-0.0001,0.3055,-0.0000,-0.0000,0.0034,nan,nan,nan,nan,-0.0473,39.3136,39.7580,0.0743,nan,nan,nan,nan
0.3109,0.0011,-0.0001,0.3055,-0.0000,-0.0000,0.0034,nan,nan,nan,nan,-0.0594,39.3131,39.7597,0.0744,nan,nan,nan,nan
0.3318,0.0011,-0.0001,0.3055,-0.0000,0.0000,0.0034,nan,nan,nan,nan,-0.0610,39.3125,39.7599,0.0750,nan,nan,nan,nan
0.3597,0.0011,-0.0001,0.3055,-0.0000,-0.0000,0.0035,nan,nan,nan,nan,-0.0592,39.3102,39.7598,0.0772,nan,nan,nan,nan
0.3891,0.0011,-0.0001,0.3055,-0.0000,-0.0000,0.0034,nan,nan,nan,nan,-0.0554,39.3089,39.7611,0.0731,nan,nan,nan,nan
0.4092,0.0011,-0.0001,0.3055,-0.0000,-0.0000,0.0034,nan,nan,nan,nan,-0.0533,39.3076,39.7601,0.0702,nan,nan,nan,nan
0.4294,0.0011,-0.0001,0.3055,-0.0000,-0.0000,0.0034,nan,nan,nan,nan,-0.0504,39.3061,39.7593,0.0670,nan,nan,nan,nan
0.4520,0.0011,-0.0001,0.3055,-0.0000,0.0000,0.0034,nan,nan,nan,nan,-0.0391,39.3038,39.7600,0.0612,nan,nan,nan,nan
0.4743,0.0011,-0.0001,0.3055,-0.0000,-0.0000,0.0034,nan,nan,nan,nan,-0.0217,39.2984,39.7647,0.0591,nan,nan,nan,nan
0.5001,0.0011,-0.0001,0.3055,-0.0000,0.0000,0.0034,nan,nan,nan,nan,-0.0044,39.2903,39.7703,0.0607,nan,nan,nan,nan
0.5258,0.0011,-0.0001,0.3055,-0.0000,-0.0000,0.0035,nan,nan,nan,nan,0.0139,39.2870,39.7711,0.0608,nan,nan,nan,nan
0.5490,0.0011,-0.0001,0.3055,-0.0000,-0.0000,0.0035,nan,nan,nan,nan,0.0229,39.2855,39.7695,0.0621,nan,nan,nan,nan
0.5721,0.0011,-0.0001,0.3055,-0.0001,-0.0000,0.0034,nan,nan,nan,nan,0.0342,39.2827,39.7680,0.0675,nan,nan,nan,nan
0.5936,0.0011,-0.0001,0.3055,-0.0000,-0.0000,0.0035,nan,nan,nan,nan,0.0435,39.2789,39.7684,0.0738,nan,nan,nan,nan
0.6173,0.0011,-0.0001,0.3055,-0.0000,-0.0000,0.0035,nan,nan,nan,nan,0.0467,39.2780,39.7670,0.0776,nan,nan,nan,nan
0.6387,0.0011,-0.0001,0.3055,-0.0000,-0.0000,0.0035,nan,nan,nan,nan,0.0448,39.2785,39.7604,0.0836,nan,nan,nan,nan
0.6621,0.0011,-0.0001,0.3055,-0.0000,0.0000,0.0034,nan,nan,nan,nan,0.0436,39.2787,39.7604,0.0962,nan,nan,nan,nan
0.6857,0.0011,-0.0001,0.3055,-0.0001,0.0000,0.0035,nan,nan,nan,nan,0.0435,39.2803,39.7584,0.1074,nan,nan,nan,nan
0.7090,0.0011,-0.0001,0.3055,-0.0001,0.0000,0.0035,nan,nan,nan,nan,0.0446,39.2821,39.7572,0.1129,nan,nan,nan,nan
0.7336,0.0011,-0.0001,0.3055,-0.0000,0.0000,0.0034,nan,nan,nan,nan,0.0500,39.2851,39.7568,0.1193,nan,nan,nan,nan
0.7559,0.0011,-0.0001,0.3055,-0.0000,-0.0000,0.0035,nan,nan,nan,nan,0.0517,39.2855,39.7576,0.1184,nan,nan,nan,nan
0.7808,0.0011,-0.0001,0.3055,-0.0000,-0.0000,0.0034,nan,nan,nan,nan,0.0629,39.2872,39.7592,0.1163,nan,nan,nan,nan
0.8018,0.0011,-0.0001,0.3055,-0.0000,-0.0000,0.0034,nan,nan,nan,nan,0.0766,39.2883,39.7579,0.1160,nan,nan,nan,nan
0.8256,0.0011,-0.0001,0.3055,-0.0000,0.0000,0.0034,nan,nan,nan,nan,0.0924,39.2893,39.7592,0.1130,nan,nan,nan,nan
0.8460,0.0011,-0.0001,0.3055,-0.0001,0.0000,0.0034,nan,nan,nan,nan,0.1021,39.2900,39.7606,0.1101,nan,nan,nan,nan
0.8760,0.0011,-0.0001,0.3055,-0.0000,0.0000,0.0035,nan,nan,nan,nan,0.1189,39.2899,39.7610,0.1064,nan,nan,nan,nan
0.8999,0.0011,-0.0001,0.3055,-0.0000,0.0000,0.0035,nan,nan,nan,nan,0.1258,39.2891,39.7597,0.1055,nan,nan,nan,nan
0.9213,0.0011,-0.0001,0.3055,-0.0000,-0.0000,0.0034,nan,nan,nan,nan,0.1329,39.2879,39.7580,0.1021,nan,nan,nan,nan
0.9414,0.0011,-0.0001,0.3055,-0.0000,-0.0000,0.0034,nan,nan,nan,nan,0.1397,39.2865,39.7586,0.1005,nan,nan,nan,nan
0.9724,0.0011,-0.0001,0.3055,-0.0000,0.0000,0.0034,nan,nan,nan,nan,0.1529,39.2859,39.7593,0.1000,nan,nan,nan,nan
0.9954,0.0011,-0.0001,0.3055,-0.0000,0.0000,0.0034,nan,nan,nan,nan,0.1618,39.2854,39.7582,0.0977,nan,nan,nan,nan
1.0209,0.0011,-0.0001,0.3055,-0.0000,0.0000,0.0034,nan,nan,nan,nan,0.1784,39.2849,39.7571,0.0997,nan,nan,nan,nan
1.0451,0.0011,-0.0001,0.3055,-0.0001,-0.0000,0.0035,nan,nan,nan,nan,0.1965,39.2857,39.7545,0.1029,nan,nan,nan,nan
1.0674,0.0011,-0.0001,0.3055,-0.0001,-0.0000,0.0035,nan,nan,nan,nan,0.2142,39.2855,39.7519,0.0990,nan,nan,nan,nan
1.0913,0.0011,-0.0001,0.3055,-0.0000,-0.0000,0.0034,nan,nan,nan,nan,0.2198,39.2856,39.7511,0.0972,nan,nan,nan,nan
1.1216,0.0011,-0.0001,0.3055,-0.0000,-0.0000,0.0034,nan,nan,nan,nan,0.2458,39.2862,39.7476,0.0940,nan,nan,nan,nan
1.1471,0.0011,-0.0001,0.3055,-0.0000,-0.0000,0.0034,nan,nan,nan,nan,0.2747,39.2879,39.7434,0.0914,nan,nan,nan,nan
1.1699,0.0011,-0.0001,0.3055,0.0000,-0.0000,0.0034,nan,nan,nan,nan,0.2953,39.2914,39.7383,0.0877,nan,nan,nan,nan
1.1902,0.0011,-0.0001,0.3055,0.0000,-0.0000,0.0034,nan,nan,nan,nan,0.3004,39.2918,39.7343,0.0901,nan,nan,nan,nan
1.2107,0.0011,-0.0001,0.3055,-0.0000,0.0000,0.0034,nan,nan,nan,nan,0.3003,39.2913,39.7328,0.0925,nan,nan,nan,nan
1.2321,0.0011,-0.0001,0.3055,-0.0000,-0.0000,0.0034,nan,nan,nan,nan,0.2996,39.2902,39.7333,0.0972,nan,nan,nan,nan
1.2596,0.0011,-0.0001,0.3055,-0.0000,0.0000,0.0035,nan,nan,nan,nan,0.2884,39.2912,39.7353,0.0985,nan,nan,nan,nan
1.2807,0.0011,-0.0001,0.3055,-0.0000,0.0000,0.0034,nan,nan,nan,nan,0.2792,39.2937,39.7306,0.0975,nan,nan,nan,nan
1.3016,0.0011,-0.0001,0.3055,-0.0000,0.0000,0.0034,nan,nan,nan,nan,0.2731,39.2959,39.7234,0.0983,nan,nan,nan,nan
1.3255,0.0011,-0.0001,0.3055,-0.0000,0.0000,0.0035,nan,nan,nan,nan,0.2704,39.2972,39.7215,0.0991,nan,nan,nan,nan
1.3526,0.0011,-0.0001,0.3055,-0.0000,0.0000,0.0034,nan,nan,nan,nan,0.2650,39.2971,39.7209,0.0956,nan,nan,nan,nan
1.3782,0.0011,-0.0001,0.3055,-0.0000,-0.0000,0.0034,nan,nan,nan,nan,0.2586,39.2974,39.7166,0.0905,nan,nan,nan,nan
1.4142,0.0011,-0.0001,0.3055,-0.0000,0.0000,0.0034,nan,nan,nan,nan,0.2490,39.2974,39.7132,0.0866,nan,nan,nan,nan
1.4372,0.0011,-0.0001,0.3055,-0.0000,0.0000,0.0034,nan,nan,nan,nan,0.2435,39.2976,39.7098,0.0854,nan,nan,nan,nan
1.4640,0.0011,-0.0001,0.3055,-0.0001,0.0000,0.0034,nan,nan,nan,nan,0.2384,39.2993,39.7056,0.0836,nan,nan,nan,nan
1.4863,0.0011,-0.0001,0.3055,-0.0001,0.0000,0.0035,nan,nan,nan,nan,0.2463,39.3032,39.7033,0.0806,nan,nan,nan,nan
1.5102,0.0011,-0.0001,0.3055,-0.0000,-0.0000,0.0035,nan,nan,nan,nan,0.2617,39.3036,39.7025,0.0783,nan,nan,nan,nan
1.5304,0.0011,-0.0001,0.3055,-0.0000,-0.0000,0.0035,nan,nan,nan,nan,0.2828,39.3038,39.7014,0.0753,nan,nan,nan,nan
1.5505,0.0011,-0.0001,0.3055,-0.0000,0.0000,0.0034,nan,nan,nan,nan,0.2981,39.3032,39.7017,0.0753,nan,nan,nan,nan
1.5713,0.0011,-0.0001,0.3055,-0.0000,-0.0000,0.0035,nan,nan,nan,nan,0.3200,39.3016,39.7018,0.0722,nan,nan,nan,nan
1.6017,0.0011,-0.0001,0.3055,-0.0000,-0.0000,0.0034,nan,nan,nan,nan,0.3437,39.2980,39.7011,0.0724,nan,nan,nan,nan
1.6218,0.0011,-0.0001,0.3055,-0.0000,-0.0000,0.0034,nan,nan,nan,nan,0.3538,39.2948,39.7020,0.0710,nan,nan,nan,nan
1.6450,0.0011,-0.0001,0.3055,-0.0000,0.0000,0.0035,nan,nan,nan,nan,0.3555,39.2928,39.7041,0.0696,nan,nan,nan,nan
1.6684,0.0011,-0.0001,0.3055,-0.0000,-0.0000,0.0034,nan,nan,nan,nan,0.3508,39.2899,39.7070,0.0691,nan,nan,nan,nan
1.6937,0.0011,-0.0001,0.3055,-0.0000,-0.0000,0.0034,nan,nan,nan,nan,0.3299,39.2875,39.7074,0.0675,nan,nan,nan,nan
1.7179,0.0011,-0.0001,0.3055,-0.0000,-0.0000,0.0034,nan,nan,nan,nan,0.3025,39.2865,39.7060,0.0661,nan,nan,nan,nan
1.7448,0.0011,-0.0001,0.3055,-0.0000,0.0000,0.0034,nan,nan,nan,nan,0.2925,39.2861,39.7059,0.0658,nan,nan,nan,nan
1.7762,0.0011,-0.0001,0.3055,-0.0000,-0.0000,0.0035,nan,nan,nan,nan,0.2534,39.2841,39.7099,0.0698,nan,nan,nan,nan
1.8086,0.0011,-0.0001,0.3055,-0.0000,-0.0000,0.0034,nan,nan,nan,nan,0.2145,39.2817,39.7156,0.0747,nan,nan,nan,nan
1.8289,0.0011,-0.0001,0.3055,-0.0000,-0.0000,0.0034,nan,nan,nan,nan,0.1938,39.2809,39.7197,0.0750,nan,nan,nan,nan
1.8541,0.0011,-0.0001,0.3055,-0.0000,0.0000,0.0034,nan,nan,nan,nan,0.1650,39.2798,39.7252,0.0714,nan,nan,nan,nan
1.8793,0.0011,-0.0001,0.3055,-0.0001,-0.0000,0.0034,nan,nan,nan,nan,0.1422,39.2776,39.7320,0.0660,nan,nan,nan,nan
1.8999,0.0011,-0.0001,0.3055,-0.0001,-0.0000,0.0034,nan,nan,nan,nan,0.1340,39.2760,39.7371,0.0635,nan,nan,nan,nan
1.9200,0.0011,-0.0001,0.3055,-0.0000,0.0000,0.0034,nan,nan,nan,nan,0.1323,39.2735,39.7434,0.0608,nan,nan,nan,nan
1.9481,0.0011,-0.0001,0.3055,-0.0000,0.0000,0.0034,nan,nan,nan,nan,0.1412,39.2691,39.7531,0.0556,nan,nan,nan,nan
1.9713,0.0011,-0.0001,0.3055,-0.0000,0.0000,0.0034,nan,nan,nan,nan,0.1450,39.2681,39.7527,0.0548,nan,nan,nan,nan
1.9989,0.0011,-0.0001,0.3055,-0.0000,-0.0000,0.0034,nan,nan,nan,nan,0.1431,39.2690,39.7496,0.0614,nan,nan,nan,nan
2.0207,0.0011,-0.0001,0.3055,-0.0001,0.0000,0.0034,nan,nan,nan,nan,0.1397,39.2709,39.7490,0.0660,nan,nan,nan,nan
2.0454,0.0011,-0.0001,0.3055,-0.0000,-0.0000,0.0035,nan,nan,nan,nan,0.1323,39.2761,39.7509,0.0736,nan,nan,nan,nan
2.0681,0.0011,-0.0001,0.3055,-0.0000,-0.0000,0.0035,nan,nan,nan,nan,0.1310,39.2790,39.7523,0.0755,nan,nan,nan,nan
2.0938,0.0011,-0.0001,0.3055,0.0000,-0.0000,0.0034,nan,nan,nan,nan,0.1310,39.2831,39.7562,0.0774,nan,nan,nan,nan
2.1168,0.0011,-0.0001,0.3055,-0.0000,-0.0000,0.0034,nan,nan,nan,nan,0.1303,39.2848,39.7574,0.0796,nan,nan,nan,nan
2.1410,0.0011,-0.0001,0.3055,-0.0000,-0.0000,0.0034,nan,nan,nan,nan,0.1249,39.2869,39.7604,0.0812,nan,nan,nan,nan
2.1731,0.0011,-0.0001,0.3055,-0.0000,-0.0000,0.0034,nan,nan,nan,nan,0.1200,39.2872,39.7622,0.0801,nan,nan,nan,nan
2.2017,0.0011,-0.0001,0.3055,-0.0000,-0.0000,0.0034,nan,nan,nan,nan,0.1180,39.2880,39.7599,0.0798,nan,nan,nan,nan
2.2317,0.0011,-0.0001,0.3055,-0.0000,0.0000,0.0035,nan,nan,nan,nan,0.1181,39.2862,39.7586,0.0830,nan,nan,nan,nan
2.2542,0.0011,-0.0001,0.3055,-0.0000,-0.0000,0.0034,nan,nan,nan,nan,0.1165,39.2855,39.7606,0.0822,nan,nan,nan,nan
2.2883,0.0011,-0.0001,0.3055,-0.0000,-0.0000,0.0034,nan,nan,nan,nan,0.1136,39.2869,39.7562,0.0847,nan,nan,nan,nan
2.3110,0.0011,-0.0001,0.3055,-0.0000,0.0000,0.0035,nan,nan,nan,nan,0.1079,39.2876,39.7490,0.0892,nan,nan,nan,nan
2.3315,0.0011,-0.0001,0.3055,-0.0000,0.0000,0.0035,nan,nan,nan,nan,0.1052,39.2878,39.7469,0.0903,nan,nan,nan,nan
2.3550,0.0011,-0.0001,0.3055,-0.0000,-0.0000,0.0035,nan,nan,nan,nan,0.0989,39.2864,39.7454,0.0897,nan,nan,nan,nan
2.3823,0.0011,-0.0001,0.3055,-0.0000,-0.0000,0.0035,nan,nan,nan,nan,0.0955,39.2876,39.7435,0.0889,nan,nan,nan,nan
2.4145,0.0011,-0.0001,0.3055,-0.0000,-0.0000,0.0034,nan,nan,nan,nan,0.0921,39.2890,39.7403,0.0908,nan,nan,nan,nan
2.4454,0.0011,-0.0001,0.3055,-0.0001,-0.0000,0.0034,nan,nan,nan,nan,0.0870,39.2903,39.7404,0.0928,nan,nan,nan,nan
2.4715,0.0011,-0.0001,0.3055,-0.0000,-0.0000,0.0034,nan,nan,nan,nan,0.0843,39.2940,39.7380,0.0899,nan,nan,nan,nan
2.4976,0.0011,-0.0001,0.3055,-0.0000,-0.0000,0.0035,nan,nan,nan,nan,0.0898,39.2966,39.7332,0.0845,nan,nan,nan,nan
2.5228,0.0011,-0.0001,0.3055,-0.0000,0.0000,0.0035,nan,nan,nan,nan,0.0992,39.3009,39.7308,0.0785,nan,nan,nan,nan
2.5451,0.0011,-0.0001,0.3055,-0.0000,-0.0000,0.0034,nan,nan,nan,nan,0.1140,39.3061,39.7332,0.0736,nan,nan,nan,nan
2.5671,0.0011,-0.0001,0.3055,-0.0001,-0.0000,0.0034,nan,nan,nan,nan,0.1321,39.3120,39.7351,0.0769,nan,nan,nan,nan
2.5873,0.0011,-0.0001,0.3055,-0.0001,-0.0000,0.0034,nan,nan,nan,nan,0.1442,39.3156,39.7345,0.0790,nan,nan,nan,nan
2.6137,0.0011,-0.0001,0.3055,-0.0000,0.0000,0.0034,nan,nan,nan,nan,0.1550,39.3162,39.7308,0.0771,nan,nan,nan,nan
2.6356,0.0011,-0.0001,0.3055,-0.0000,-0.0000,0.0034,nan,nan,nan,nan,0.1641,39.3154,39.7258,0.0779,nan,nan,nan,nan
2.6587,0.0011,-0.0001,0.3055,-0.0000,-0.0000,0.0034,nan,nan,nan,nan,0.1663,39.3165,39.7206,0.0761,nan,nan,nan,nan
2.6848,0.0011,-0.0001,0.3055,-0.0001,0.0000,0.0035,nan,nan,nan,nan,0.1629,39.3177,39.7188,0.0698,nan,nan,nan,nan
2.7151,0.0011,-0.0001,0.3055,-0.0000,-0.0000,0.0034,nan,nan,nan,nan,0.1516,39.3190,39.7170,0.0627,nan,nan,nan,nan
2.7432,0.0011,-0.0001,0.3055,-0.0001,-0.0000,0.0035,nan,nan,nan,nan,0.1473,39.3210,39.7150,0.0565,nan,nan,nan,nan
2.7780,0.0011,-0.0001,0.3055,-0.0001,0.0000,0.0034,nan,nan,nan,nan,0.1511,39.3235,39.7143,0.0513,nan,nan,nan,nan
2.8027,0.0011,-0.0001,0.3055,-0.0001,0.0000,0.0034,nan,nan,nan,nan,0.1500,39.3250,39.7112,0.0452,nan,nan,nan,nan
2.8283,0.0011,-0.0001,0.3055,-0.0000,-0.0000,0.0034,nan,nan,nan,nan,0.1481,39.3256,39.7109,0.0421,nan,nan,nan,nan
2.8496,0.0011,-0.0001,0.3055,-0.0000,0.0000,0.0034,nan,nan,nan,nan,0.1344,39.3279,39.7128,0.0330,nan,nan,nan,nan
2.8853,0.0011,-0.0001,0.3055,-0.0000,0.0000,0.0034,nan,nan,nan,nan,0.1152,39.3284,39.7144,0.0325,nan,nan,nan,nan
2.9072,0.0011,-0.0001,0.3055,-0.0000,0.0000,0.0034,nan,nan,nan,nan,0.1106,39.3282,39.7137,0.0336,nan,nan,nan,nan
2.9340,0.0011,-0.0001,0.3055,-0.0000,-0.0000,0.0035,nan,nan,nan,nan,0.0985,39.3264,39.7096,0.0363,nan,nan,nan,nan
2.9609,0.0011,-0.0001,0.3055,-0.0000,-0.0000,0.0035,nan,nan,nan,nan,0.0919,39.3245,39.7066,0.0355,nan,nan,nan,nan
2.9871,0.0011,-0.0001,0.3055,-0.0001,0.0000,0.0035,nan,nan,nan,nan,0.0873,39.3216,39.7021,0.0304,nan,nan,nan,nan
3.0150,0.0011,-0.0001,0.3055,-0.0000,0.0000,0.0034,nan,nan,nan,nan,0.0819,39.3193,39.6970,0.0241,nan,nan,nan,nan
3.0451,0.0011,-0.0001,0.3055,-0.0000,0.0000,0.0034,nan,nan,nan,nan,0.0650,39.3146,39.6897,0.0198,nan,nan,nan,nan
3.0777,0.0011,-0.0001,0.3055,-0.0000,-0.0000,0.0034,nan,nan,nan,nan,0.0367,39.3102,39.6844,0.0194,nan,nan,nan,nan
3.1018,0.0011,-0.0001,0.3055,-0.0000,0.0000,0.0034,nan,nan,nan,nan,0.0069,39.3050,39.6829,0.0171,nan,nan,nan,nan
3.1364,0.0011,-0.0001,0.3055,-0.0000,0.0000,0.0034,nan,nan,nan,nan,-0.0098,39.3025,39.6798,0.0137,nan,nan,nan,nan
3.1696,0.0011,-0.0001,0.3055,0.0000,0.0000,0.0034,nan,nan,nan,nan,-0.0143,39.2990,39.6766,0.0126,nan,nan,nan,nan
3.1902,0.0011,-0.0001,0.3055,0.0000,0.0000,0.0034,nan,nan,nan,nan,-0.0123,39.2940,39.6756,0.0147,nan,nan,nan,nan
3.2102,0.0011,-0.0001,0.3055,-0.0000,-0.0000,0.0034,nan,nan,nan,nan,-0.0097,39.2903,39.6725,0.0187,nan,nan,nan,nan
3.2320,0.0011,-0.0001,0.3055,-0.0000,-0.0000,0.0034,nan,nan,nan,nan,-0.0059,39.2886,39.6689,0.0223,nan,nan,nan,nan
3.2558,0.0011,-0.0001,0.3055,-0.0000,-0.0000,0.0034,nan,nan,nan,nan,-0.0006,39.2869,39.6662,0.0261,nan,nan,nan,nan
3.2828,0.0011,-0.0001,0.3055,-0.0000,0.0000,0.0035,nan,nan,nan,nan,0.0151,39.2844,39.6600,0.0248,nan,nan,nan,nan
3.3080,0.0011,-0.0001,0.3055,-0.0000,0.0001,0.0034,nan,nan,nan,nan,0.0238,39.2830,39.6591,0.0231,nan,nan,nan,nan
3.3388,0.0011,-0.0001,0.3055,-0.0000,-0.0000,0.0035,nan,nan,nan,nan,0.0424,39.2818,39.6608,0.0249,nan,nan,nan,nan
3.3687,0.0011,-0.0001,0.3055,-0.0000,-0.0000,0.0035,nan,nan,nan,nan,0.0688,39.2825,39.6628,0.0226,nan,nan,nan,nan
3.3985,0.0011,-0.0001,0.3055,-0.0000,-0.0000,0.0035,nan,nan,nan,nan,0.1077,39.2834,39.6648,0.0171,nan,nan,nan,nan
3.4245,0.0011,-0.0001,0.3055,-0.0000,-0.0000,0.0034,nan,nan,nan,nan,0.1570,39.2833,39.6695,0.0164,nan,nan,nan,nan
3.4487,0.0011,-0.0001,0.3055,-0.0000,0.0000,0.0034,nan,nan,nan,nan,0.2064,39.2859,39.6727,0.0177,nan,nan,nan,nan
3.4819,0.0011,-0.0001,0.3055,-0.0000,-0.0000,0.0034,nan,nan,nan,nan,0.2479,39.2906,39.6729,0.0216,nan,nan,nan,nan
3.5090,0.0011,-0.0001,0.3055,-0.0000,-0.0000,0.0034,nan,nan,nan,nan,0.2824,39.2953,39.6760,0.0197,nan,nan,nan,nan
3.5320,0.0011,-0.0001,0.3055,-0.0000,-0.0000,0.0034,nan,nan,nan,nan,0.2966,39.2964,39.6773,0.0121,nan,nan,nan,nan
3.5552,0.0011,-0.0001,0.3055,-0.0000,0.0000,0.0034,nan,nan,nan,nan,0.3125,39.2986,39.6792,-0.0067,nan,nan,nan,nan
3.5808,0.0011,-0.0001,0.3055,-0.0000,0.0000,0.0034,nan,nan,nan,nan,0.3211,39.2990,39.6820,-0.0300,nan,nan,nan,nan
3.6100,0.0011,-0.0001,0.3055,-0.0001,0.0000,0.0035,nan,nan,nan,nan,0.3199,39.3011,39.6866,-0.0481,nan,nan,nan,nan
3.6302,0.0011,-0.0001,0.3055,-0.0001,0.0000,0.0035,nan,nan,nan,nan,0.3146,39.3024,39.6872,-0.0511,nan,nan,nan,nan
3.6532,0.0011,-0.0001,0.3055,-0.0000,-0.0000,0.0034,nan,nan,nan,nan,0.3099,39.3033,39.6859,-0.0498,nan,nan,nan,nan
3.6810,0.0011,-0.0001,0.3055,-0.0000,-0.0000,0.0035,nan,nan,nan,nan,0.2958,39.3046,39.6826,-0.0467,nan,nan,nan,nan
3.7068,0.0011,-0.0001,0.3055,0.0000,-0.0000,0.0034,nan,nan,nan,nan,0.2769,39.3055,39.6828,-0.0440,nan,nan,nan,nan
3.7302,0.0011,-0.0001,0.3055,0.0000,-0.0000,0.0034,nan,nan,nan,nan,0.2489,39.3073,39.6831,-0.0398,nan,nan,nan,nan
3.7549,0.0011,-0.0001,0.3055,-0.0000,0.0000,0.0034,nan,nan,nan,nan,0.2241,39.3084,39.6846,-0.0361,nan,nan,nan,nan
3.7848,0.0011,-0.0001,0.3055,-0.0000,-0.0000,0.0034,nan,nan,nan,nan,0.1831,39.3106,39.6852,-0.0317,nan,nan,nan,nan
3.8084,0.0011,-0.0001,0.3055,-0.0000,-0.0000,0.0034,nan,nan,nan,nan,0.1560,39.3134,39.6852,-0.0274,nan,nan,nan,nan
3.8325,0.0011,-0.0001,0.3055,-0.0000,0.0000,0.0034,nan,nan,nan,nan,0.1190,39.3170,39.6844,-0.0206,nan,nan,nan,nan
3.8542,0.0011,-0.0001,0.3055,-0.0000,0.0000,0.0034,nan,nan,nan,nan,0.0612,39.3209,39.6827,-0.0179,nan,nan,nan,nan
3.8762,0.0011,-0.0001,0.3055,-0.0000,0.0000,0.0034,nan,nan,nan,nan,0.0260,39.3220,39.6841,-0.0154,nan,nan,nan,nan
3.8995,0.0011,-0.0001,0.3055,-0.0000,-0.0000,0.0035,nan,nan,nan,nan,-0.0266,39.3216,39.6864,-0.0141,nan,nan,nan,nan
3.9228,0.0011,-0.0001,0.3055,-0.0000,0.0000,0.0034,nan,nan,nan,nan,-0.0649,39.3193,39.6842,-0.0124,nan,nan,nan,nan
3.9530,0.0011,-0.0001,0.3055,-0.0000,0.0000,0.0034,nan,nan,nan,nan,-0.1129,39.3172,39.6787,-0.0143,nan,nan,nan,nan
3.9778,0.0011,-0.0001,0.3055,-0.0000,0.0000,0.0034,nan,nan,nan,nan,-0.1471,39.3157,39.6746,-0.0156,nan,nan,nan,nan
4.0022,0.0011,-0.0001,0.3055,-0.0000,0.0000,0.0034,nan,nan,nan,nan,-0.1792,39.3160,39.6707,-0.0149,nan,nan,nan,nan
4.0241,0.0011,-0.0001,0.3055,-0.0000,0.0000,0.0034,nan,nan,nan,nan,-0.1992,39.3171,39.6674,-0.0120,nan,nan,nan,nan
4.0540,0.0011,-0.0001,0.3055,-0.0000,0.0000,0.0034,nan,nan,nan,nan,-0.2342,39.3183,39.6602,-0.0103,nan,nan,nan,nan
4.0779,0.0011,-0.0001,0.3055,-0.0000,0.0000,0.0034,nan,nan,nan,nan,-0.2495,39.3186,39.6571,-0.0068,nan,nan,nan,nan
4.1026,0.0011,-0.0001,0.3055,0.0000,-0.0000,0.0034,nan,nan,nan,nan,-0.2545,39.3189,39.6553,-0.0032,nan,nan,nan,nan
4.1236,0.0011,-0.0001,0.3055,-0.0000,0.0000,0.0034,nan,nan,nan,nan,-0.2610,39.3164,39.6552,0.0025,nan,nan,nan,nan
4.1440,0.0011,-0.0001,0.3055,-0.0001,0.0000,0.0034,nan,nan,nan,nan,-0.2711,39.3130,39.6600,0.0056,nan,nan,nan,nan
4.1686,0.0011,-0.0001,0.3055,-0.0000,0.0000,0.0035,nan,nan,nan,nan,-0.2797,39.3137,39.6651,0.0093,nan,nan,nan,nan
4.1957,0.0011,-0.0001,0.3055,-0.0000,-0.0000,0.0034,nan,nan,nan,nan,-0.2822,39.3171,39.6712,0.0143,nan,nan,nan,nan
4.2183,0.0011,-0.0001,0.3055,-0.0000,-0.0000,0.0034,nan,nan,nan,nan,-0.2778,39.3188,39.6742,0.0201,nan,nan,nan,nan
4.2389,0.0011,-0.0001,0.3055,-0.0000,0.0000,0.0034,nan,nan,nan,nan,-0.2704,39.3176,39.6779,0.0205,nan,nan,nan,nan
4.2609,0.0011,-0.0001,0.3055,-0.0000,-0.0000,0.0034,nan,nan,nan,nan,-0.2637,39.3161,39.6802,0.0174,nan,nan,nan,nan
4.2955,0.0011,-0.0001,0.3055,0.0000,0.0000,0.0034,nan,nan,nan,nan,-0.2509,39.3136,39.6810,0.0068,nan,nan,nan,nan
4.3239,0.0011,-0.0001,0.3055,0.0000,0.0000,0.0034,nan,nan,nan,nan,-0.2439,39.3117,39.6763,-0.0038,nan,nan,nan,nan
4.3499,0.0011,-0.0001,0.3055,-0.0000,0.0000,0.0035,nan,nan,nan,nan,-0.2425,39.3121,39.6721,-0.0141,nan,nan,nan,nan
4.3746,0.0011,-0.0001,0.3055,-0.0000,0.0000,0.0035,nan,nan,nan,nan,-0.2400,39.3090,39.6711,-0.0162,nan,nan,nan,nan
4.3977,0.0011,-0.0001,0.3055,-0.0000,-0.0000,0.0034,nan,nan,nan,nan,-0.2401,39.3045,39.6717,-0.0148,nan,nan,nan,nan
4.4337,0.0011,-0.0001,0.3055,-0.0000,-0.0000,0.0035,nan,nan,nan,nan,-0.2361,39.2997,39.6692,-0.0171,nan,nan,nan,nan
4.4663,0.0011,-0.0001,0.3055,-0.0000,0.0000,0.0035,nan,nan,nan,nan,-0.2241,39.2959,39.6676,-0.0241,nan,nan,nan,nan
4.4946,0.0011,-0.0001,0.3055,-0.0000,0.0000,0.0035,nan,nan,nan,nan,-0.2024,39.2945,39.6679,-0.0251,nan,nan,nan,nan
4.5293,0.0011,-0.0001,0.3055,-0.0000,0.0000,0.0034,nan,nan,nan,nan,-0.1786,39.2953,39.6658,-0.0234,nan,nan,nan,nan
4.5557,0.0011,-0.0001,0.3055,-0.0000,0.0000,0.0034,nan,nan,nan,nan,-0.1525,39.2982,39.6657,-0.0287,nan,nan,nan,nan
4.5843,0.0011,-0.0001,0.3055,-0.0000,0.0000,0.0034,nan,nan,nan,nan,-0.1320,39.3001,39.6659,-0.0360,nan,nan,nan,nan
4.6129,0.0011,-0.0001,0.3055,-0.0000,-0.0000,0.0034,nan,nan,nan,nan,-0.1242,39.3018,39.6638,-0.0500,nan,nan,nan,nan
4.6425,0.0011,-0.0001,0.3055,-0.0000,0.0000,0.0035,nan,nan,nan,nan,-0.1201,39.3017,39.6594,-0.0664,nan,nan,nan,nan
4.6724,0.0011,-0.0001,0.3055,-0.0000,-0.0000,0.0035,nan,nan,nan,nan,-0.1130,39.2999,39.6567,-0.0753,nan,nan,nan,nan
4.6998,0.0011,-0.0001,0.3055,-0.0000,-0.0000,0.0034,nan,nan,nan,nan,-0.0979,39.2996,39.6585,-0.0768,nan,nan,nan,nan
4.7246,0.0011,-0.0001,0.3055,-0.0000,-0.0000,0.0035,nan,nan,nan,nan,-0.0737,39.2991,39.6622,-0.0777,nan,nan,nan,nan
4.7448,0.0011,-0.0001,0.3055,-0.0000,-0.0000,0.0035,nan,nan,nan,nan,-0.0596,39.2972,39.6660,-0.0807,nan,nan,nan,nan
4.7716,0.0011,-0.0001,0.3055,-0.0001,0.0000,0.0034,nan,nan,nan,nan,-0.0342,39.2951,39.6731,-0.0969,nan,nan,nan,nan
4.7980,0.0011,-0.0001,0.3055,-0.0000,0.0000,0.0034,nan,nan,nan,nan,-0.0131,39.2932,39.6795,-0.1244,nan,nan,nan,nan
4.8214,0.0011,-0.0001,0.3055,-0.0000,0.0000,0.0034,nan,nan,nan,nan,-0.0014,39.2918,39.6804,-0.1335,nan,nan,nan,nan
4.8537,0.0011,-0.0001,0.3055,-0.0000,0.0000,0.0034,nan,nan,nan,nan,0.0246,39.2874,39.6863,-0.1328,nan,nan,nan,nan
4.8765,0.0011,-0.0001,0.3055,-0.0000,0.0000,0.0034,nan,nan,nan,nan,0.0396,39.2855,39.6889,-0.1278,nan,nan,nan,nan
4.9005,0.0011,-0.0001,0.3055,-0.0001,-0.0000,0.0035,nan,nan,nan,nan,0.0573,39.2824,39.6930,-0.1224,nan,nan,nan,nan
4.9259,0.0011,-0.0001,0.3055,-0.0000,-0.0000,0.0034,nan,nan,nan,nan,0.0979,39.2782,39.7026,-0.1071,nan,nan,nan,nan
4.9520,0.0011,-0.0001,0.3055,-0.0000,-0.0000,0.0034,nan,nan,nan,nan,0.1343,39.2745,39.7112,-0.0900,nan,nan,nan,nan
4.9821,0.0011,-0.0001,0.3055,-0.0000,0.0000,0.0034,nan,nan,nan,nan,0.1580,39.2706,39.7158,-0.0853,nan,nan,nan,nan
5.0101,0.0011,-0.0001,0.3055,-0.0000,0.0000,0.0034,nan,nan,nan,nan,0.1678,39.2653,39.7198,-0.0845,nan,nan,nan,nan
5.0343,0.0011,-0.0001,0.3055,-0.0000,0.0000,0.0034,nan,nan,nan,nan,0.1695,39.2629,39.7206,-0.0874,nan,nan,nan,nan
5.0606,0.0011,-0.0001,0.3055,-0.0000,0.0000,0.0034,nan,nan,nan,nan,0.1709,39.2618,39.7194,-0.0895,nan,nan,nan,nan
5.0856,0.0011,-0.0001,0.3055,-0.0001,0.0000,0.0034,nan,nan,nan,nan,0.1758,39.2604,39.7149,-0.0905,nan,nan,nan,nan
5.1121,0.0011,-0.0001,0.3055,-0.0001,0.0000,0.0035,nan,nan,nan,nan,0.1886,39.2583,39.7143,-0.0909,nan,nan,nan,nan
5.1357,0.0011,-0.0001,0.3055,-0.0000,0.0000,0.0035,nan,nan,nan,nan,0.2038,39.2609,39.7154,-0.0872,nan,nan,nan,nan
5.1643,0.0011,-0.0001,0.3055,-0.0000,-0.0000,0.0034,nan,nan,nan,nan,0.2189,39.2661,39.7121,-0.0867,nan,nan,nan,nan
5.1873,0.0011,-0.0001,0.3055,-0.0000,-0.0000,0.0034,nan,nan,nan,nan,0.2240,39.2682,39.7095,-0.0850,nan,nan,nan,nan
5.2128,0.0011,-0.0001,0.3055,-0.0001,0.0000,0.0035,nan,nan,nan,nan,0.2253,39.2688,39.7088,-0.0844,nan,nan,nan,nan
5.2331,0.0011,-0.0001,0.3055,-0.0000,0.0000,0.0034,nan,nan,nan,nan,0.2265,39.2703,39.7088,-0.0819,nan,nan,nan,nan
5.2562,0.0011,-0.0001,0.3055,-0.0000,0.0000,0.0034,nan,nan,nan,nan,0.2226,39.2700,39.7119,-0.0803,nan,nan,nan,nan
5.2809,0.0011,-0.0001,0.3055,-0.0000,0.0000,0.0034,nan,nan,nan,nan,0.2160,39.2693,39.7149,-0.0782,nan,nan,nan,nan
5.3070,0.0011,-0.0001,0.3055,-0.0000,-0.0000,0.0034,nan,nan,nan,nan,0.1987,39.2674,39.7206,-0.0778,nan,nan,nan,nan
5.3416,0.0011,-0.0001,0.3055,-0.0000,0.0000,0.0035,nan,nan,nan,nan,0.1788,39.2646,39.7274,-0.0805,nan,nan,nan,nan
5.3681,0.0011,-0.0001,0.3055,-0.0000,-0.0000,0.0034,nan,nan,nan,nan,0.1662,39.2639,39.7304,-0.0799,nan,nan,nan,nan
5.3928,0.0011,-0.0001,0.3055,-0.0000,-0.0000,0.0034,nan,nan,nan,nan,0.1610,39.2649,39.7374,-0.0698,nan,nan,nan,nan
5.4288,0.0011,-0.0001,0.3055,-0.0000,-0.0000,0.0035,nan,nan,nan,nan,0.1625,39.2678,39.7459,-0.0631,nan,nan,nan,nan
5.4603,0.0011,-0.0001,0.3055,-0.0000,-0.0000,0.0034,nan,nan,nan,nan,0.1677,39.2722,39.7506,-0.0586,nan,nan,nan,nan
5.4915,0.0011,-0.0001,0.3055,-0.0000,-0.0000,0.0034,nan,nan,nan,nan,0.1705,39.2740,39.7564,-0.0566,nan,nan,nan,nan
5.5117,0.0011,-0.0001,0.3055,-0.0000,-0.0000,0.0034,nan,nan,nan,nan,0.1722,39.2747,39.7607,-0.0565,nan,nan,nan,nan
5.5405,0.0011,-0.0001,0.3055,-0.0000,-0.0000,0.0035,nan,nan,nan,nan,0.1729,39.2739,39.7679,-0.0585,nan,nan,nan,nan
5.5644,0.0011,-0.0001,0.3055,-0.0000,0.0000,0.0034,nan,nan,nan,nan,0.1731,39.2738,39.7706,-0.0592,nan,nan,nan,nan
5.5883,0.0011,-0.0001,0.3055,-0.0000,0.0000,0.0034,nan,nan,nan,nan,0.1688,39.2758,39.7786,-0.0586,nan,nan,nan,nan
5.6093,0.0011,-0.0001,0.3055,-0.0000,-0.0000,0.0034,nan,nan,nan,nan,0.1553,39.2799,39.7885,-0.0622,nan,nan,nan,nan
5.6377,0.0011,-0.0001,0.3055,-0.0000,-0.0000,0.0034,nan,nan,nan,nan,0.1402,39.2847,39.7907,-0.0651,nan,nan,nan,nan
5.6717,0.0011,-0.0001,0.3055,0.0000,-0.0000,0.0034,nan,nan,nan,nan,0.1219,39.2879,39.7929,-0.0612,nan,nan,nan,nan
5.6958,0.0011,-0.0001,0.3055,-0.0000,0.0000,0.0035,nan,nan,nan,nan,0.0923,39.2902,39.7928,-0.0558,nan,nan,nan,nan
5.7169,0.0011,-0.0001,0.3055,-0.0000,0.0000,0.0035,nan,nan,nan,nan,0.0727,39.2920,39.7926,-0.0478,nan,nan,nan,nan
5.7422,0.0011,-0.0001,0.3055,-0.0000,0.0000,0.0034,nan,nan,nan,nan,0.0391,39.2951,39.7921,-0.0359,nan,nan,nan,nan
5.7749,0.0011,-0.0001,0.3055,-0.0000,-0.0000,0.0034,nan,nan,nan,nan,0.0031,39.2960,39.7943,-0.0311,nan,nan,nan,nan
5.8031,0.0011,-0.0001,0.3055,-0.0000,0.0000,0.0034,nan,nan,nan,nan,-0.0381,39.2979,39.8012,-0.0350,nan,nan,nan,nan
5.8333,0.0011,-0.0001,0.3055,-0.0001,0.0000,0.0035,nan,nan,nan,nan,-0.0619,39.3037,39.8078,-0.0397,nan,nan,nan,nan
5.8620,0.0011,-0.0001,0.3055,-0.0000,-0.0000,0.0035,nan,nan,nan,nan,-0.0718,39.3090,39.8092,-0.0414,nan,nan,nan,nan
5.8890,0.0011,-0.0001,0.3055,-0.0000,-0.0000,0.0035,nan,nan,nan,nan,-0.0700,39.3106,39.8085,-0.0410,nan,nan,nan,nan
5.9232,0.0011,-0.0001,0.3055,-0.0000,0.0000,0.0034,nan,nan,nan,nan,-0.0520,39.3105,39.8069,-0.0381,nan,nan,nan,nan
5.9479,0.0011,-0.0001,0.3055,-0.0000,0.0000,0.0034,nan,nan,nan,nan,-0.0368,39.3116,39.8051,-0.0357,nan,nan,nan,nan
5.9727,0.0011,-0.0001,0.3055,0.0000,-0.0000,0.0034,nan,nan,nan,nan,-0.0194,39.3132,39.8035,-0.0354,nan,nan,nan,nan
5.9930,0.0011,-0.0001,0.3055,-0.0000,0.0000,0.0034,nan,nan,nan,nan,0.0136,39.3166,39.8023,-0.0388,nan,nan,nan,nan
6.0269,0.0011,-0.0001,0.3055,-0.0000,0.0000,0.0034,nan,nan,nan,nan,0.0333,39.3164,39.8021,-0.0385,nan,nan,nan,nan
6.0583,0.0011,-0.0001,0.3055,-0.0000,-0.0000,0.0035,nan,nan,nan,nan,0.0465,39.3144,39.8042,-0.0381,nan,nan,nan,nan
6.0917,0.0011,-0.0001,0.3055,-0.0000,-0.0000,0.0035,nan,nan,nan,nan,0.0570,39.3156,39.8063,-0.0442,nan,nan,nan,nan
6.1218,0.0011,-0.0001,0.3055,-0.0000,-0.0000,0.0034,nan,nan,nan,nan,0.0708,39.3176,39.8060,-0.0515,nan,nan,nan,nan
6.1453,0.0011,-0.0001,0.3055,-0.0000,-0.0000,0.0034,nan,nan,nan,nan,0.0786,39.3181,39.8067,-0.0530,nan,nan,nan,nan
6.1730,0.0011,-0.0001,0.3055,-0.0000,0.0000,0.0035,nan,nan,nan,nan,0.0921,39.3185,39.8084,-0.0509,nan,nan,nan,nan
6.1989,0.0011,-0.0001,0.3055,-0.0000,0.0000,0.0034,nan,nan,nan,nan,0.1080,39.3166,39.8150,-0.0505,nan,nan,nan,nan
6.2296,0.0011,-0.0001,0.3055,-0.0000,0.0000,0.0035,nan,nan,nan,nan,0.1208,39.3147,39.8198,-0.0499,nan,nan,nan,nan
6.2535,0.0011,-0.0001,0.3055,-0.0000,-0.0000,0.0034,nan,nan,nan,nan,0.1346,39.3133,39.8258,-0.0496,nan,nan,nan,nan
6.2829,0.0011,-0.0001,0.3055,-0.0000,-0.0000,0.0035,nan,nan,nan,nan,0.1435,39.3145,39.8331,-0.0508,nan,nan,nan,nan
6.3051,0.0011,-0.0001,0.3055,-0.0000,0.0000,0.0034,nan,nan,nan,nan,0.1515,39.3142,39.8395,-0.0518,nan,nan,nan,nan
6.3278,0.0011,-0.0001,0.3055,-0.0000,0.0000,0.0034,nan,nan,nan,nan,0.1639,39.3163,39.8399,-0.0533,nan,nan,nan,nan
6.3579,0.0011,-0.0001,0.3055,-0.0000,0.0000,0.0035,nan,nan,nan,nan,0.1808,39.3190,39.8363,-0.0536,nan,nan,nan,nan
6.3788,0.0011,-0.0001,0.3055,-0.0000,0.0000,0.0034,nan,nan,nan,nan,0.2022,39.3187,39.8319,-0.0537,nan,nan,nan,nan
6.4022,0.0011,-0.0001,0.3055,-0.0000,-0.0000,0.0035,nan,nan,nan,nan,0.2167,39.3176,39.8281,-0.0561,nan,nan,nan,nan
6.4260,0.0011,-0.0001,0.3055,-0.0000,-0.0000,0.0035,nan,nan,nan,nan,0.2224,39.3168,39.8274,-0.0567,nan,nan,nan,nan
6.4504,0.0011,-0.0001,0.3055,-0.0000,0.0000,0.0034,nan,nan,nan,nan,0.2226,39.3144,39.8247,-0.0505,nan,nan,nan,nan
6.4773,0.0011,-0.0001,0.3055,-0.0000,-0.0000,0.0035,nan,nan,nan,nan,0.2212,39.3133,39.8232,-0.0442,nan,nan,nan,nan
6.5017,0.0011,-0.0001,0.3055,-0.0000,-0.0000,0.0034,nan,nan,nan,nan,0.2172,39.3109,39.8236,-0.0322,nan,nan,nan,nan
6.5353,0.0011,-0.0001,0.3055,-0.0000,0.0000,0.0034,nan,nan,nan,nan,0.2206,39.3102,39.8267,-0.0278,nan,nan,nan,nan
6.5585,0.0011,-0.0001,0.3055,-0.0000,0.0000,0.0034,nan,nan,nan,nan,0.2201,39.3093,39.8305,-0.0227,nan,nan,nan,nan
6.5806,0.0011,-0.0001,0.3055,-0.0001,-0.0000,0.0035,nan,nan,nan,nan,0.2168,39.3095,39.8326,-0.0195,nan,nan,nan,nan
6.6036,0.0011,-0.0001,0.3055,-0.0000,0.0000,0.0034,nan,nan,nan,nan,0.2063,39.3092,39.8347,-0.0156,nan,nan,nan,nan
6.6332,0.0011,-0.0001,0.3055,-0.0001,0.0000,0.0034,nan,nan,nan,nan,0.1962,39.3059,39.8345,-0.0126,nan,nan,nan,nan
6.6667,0.0011,-0.0001,0.3055,-0.0000,-0.0000,0.0035,nan,nan,nan,nan,0.1789,39.3032,39.8353,-0.0109,nan,nan,nan,nan
6.6934,0.0011,-0.0001,0.3055,-0.0000,-0.0000,0.0035,nan,nan,nan,nan,0.1665,39.3022,39.8351,-0.0146,nan,nan,nan,nan
6.7241,0.0011,-0.0001,0.3055,-0.0000,-0.0000,0.0035,nan,nan,nan,nan,0.1669,39.3008,39.8350,-0.0264,nan,nan,nan,nan
6.7574,0.0011,-0.0001,0.3055,-0.0000,-0.0000,0.0035,nan,nan,nan,nan,0.1736,39.3010,39.8376,-0.0307,nan,nan,nan,nan
6.7801,0.0011,-0.0001,0.3055,-0.0000,-0.0000,0.0035,nan,nan,nan,nan,0.1740,39.3013,39.8390,-0.0305,nan,nan,nan,nan
6.8076,0.0011,-0.0001,0.3055,-0.0001,0.0000,0.0035,nan,nan,nan,nan,0.1569,39.3037,39.8419,-0.0311,nan,nan,nan,nan
6.8277,0.0011,-0.0001,0.3055,-0.0000,0.0000,0.0034,nan,nan,nan,nan,0.1508,39.3040,39.8419,-0.0316,nan,nan,nan,nan
6.8530,0.0011,-0.0001,0.3055,-0.0000,0.0000,0.0035,nan,nan,nan,nan,0.1257,39.3051,39.8429,-0.0285,nan,nan,nan,nan
6.8742,0.0011,-0.0001,0.3055,-0.0000,-0.0000,0.0034,nan,nan,nan,nan,0.1077,39.3076,39.8427,-0.0291,nan,nan,nan,nan
6.8982,0.0011,-0.0001,0.3055,-0.0000,-0.0000,0.0035,nan,nan,nan,nan,0.0983,39.3090,39.8433,-0.0272,nan,nan,nan,nan
6.9278,0.0011,-0.0001,0.3055,0.0000,-0.0000,0.0034,nan,nan,nan,nan,0.0965,39.3097,39.8468,-0.0174,nan,nan,nan,nan
6.9538,0.0011,-0.0001,0.3055,0.0000,0.0000,0.0034,nan,nan,nan,nan,0.0937,39.3138,39.8460,-0.0026,nan,nan,nan,nan
6.9766,0.0011,-0.0001,0.3055,0.0000,0.0000,0.0034,nan,nan,nan,nan,0.0924,39.3161,39.8455,0.0059,nan,nan,nan,nan
7.0035,0.0011,-0.0001,0.3055,-0.0000,-0.0000,0.0035,nan,nan,nan,nan,0.0885,39.3209,39.8478,0.0202,nan,nan,nan,nan
7.0257,0.0011,-0.0001,0.3055,-0.0000,0.0000,0.0034,nan,nan,nan,nan,0.0887,39.3253,39.8506,0.0224,nan,nan,nan,nan
7.0524,0.0011,-0.0001,0.3055,0.0000,0.0000,0.0034,nan,nan,nan,nan,0.0949,39.3272,39.8522,0.0260,nan,nan,nan,nan
7.0818,0.0011,-0.0001,0.3055,-0.0000,-0.0000,0.0035,nan,nan,nan,nan,0.1106,39.3243,39.8550,0.0310,nan,nan,nan,nan
7.1057,0.0011,-0.0001,0.3055,-0.0000,-0.0000,0.0035,nan,nan,nan,nan,0.1294,39.3182,39.8595,0.0362,nan,nan,nan,nan
7.1369,0.0011,-0.0001,0.3055,-0.0000,-0.0000,0.0034,nan,nan,nan,nan,0.1477,39.3137,39.8607,0.0404,nan,nan,nan,nan
7.1652,0.0011,-0.0001,0.3055,-0.0000,-0.0000,0.0034,nan,nan,nan,nan,0.1556,39.3109,39.8658,0.0455,nan,nan,nan,nan
7.1932,0.0011,-0.0001,0.3055,-0.0000,-0.0000,0.0035,nan,nan,nan,nan,0.1508,39.3132,39.8678,0.0491,nan,nan,nan,nan
7.2179,0.0011,-0.0001,0.3055,-0.0000,-0.0000,0.0034,nan,nan,nan,nan,0.1406,39.3148,39.8675,0.0494,nan,nan,nan,nan
7.2390,0.0011,-0.0001,0.3055,-0.0000,0.0000,0.0035,nan,nan,nan,nan,0.1306,39.3162,39.8653,0.0508,nan,nan,nan,nan
7.2723,0.0011,-0.0001,0.3055,-0.0000,0.0000,0.0034,nan,nan,nan,nan,0.1172,39.3144,39.8611,0.0551,nan,nan,nan,nan
7.3064,0.0011,-0.0001,0.3055,-0.0000,0.0000,0.0034,nan,nan,nan,nan,0.0906,39.3136,39.8548,0.0548,nan,nan,nan,nan
7.3386,0.0011,-0.0001,0.3055,-0.0000,-0.0000,0.0034,nan,nan,nan,nan,0.0554,39.3132,39.8506,0.0537,nan,nan,nan,nan
7.3632,0.0011,-0.0001,0.3055,-0.0000,-0.0000,0.0034,nan,nan,nan,nan,0.0228,39.3121,39.8463,0.0548,nan,nan,nan,nan
7.3857,0.0011,-0.0001,0.3055,-0.0000,-0.0000,0.0034,nan,nan,nan,nan,-0.0012,39.3110,39.8447,0.0556,nan,nan,nan,nan
7.4157,0.0011,-0.0001,0.3055,-0.0000,0.0000,0.0034,nan,nan,nan,nan,-0.0399,39.3093,39.8434,0.0557,nan,nan,nan,nan
7.4404,0.0011,-0.0001,0.3055,-0.0000,0.0000,0.0034,nan,nan,nan,nan,-0.0621,39.3080,39.8404,0.0585,nan,nan,nan,nan
7.4663,0.0011,-0.0001,0.3055,-0.0000,0.0000,0.0034,nan,nan,nan,nan,-0.0883,39.3063,39.8374,0.0592,nan,nan,nan,nan
7.4909,0.0011,-0.0001,0.3055,-0.0000,0.0000,0.0034,nan,nan,nan,nan,-0.1055,39.3038,39.8367,0.0602,nan,nan,nan,nan
7.5163,0.0011,-0.0001,0.3055,-0.0000,0.0000,0.0034,nan,nan,nan,nan,-0.1150,39.3027,39.8351,0.0604,nan,nan,nan,nan
7.5488,0.0011,-0.0001,0.3055,-0.0000,-0.0000,0.0034,nan,nan,nan,nan,-0.1273,39.3006,39.8350,0.0594,nan,nan,nan,nan
7.5712,0.0011,-0.0001,0.3055,-0.0000,-0.0000,0.0034,nan,nan,nan,nan,-0.1323,39.2986,39.8357,0.0569,nan,nan,nan,nan
7.5926,0.0011,-0.0001,0.3055,-0.0001,-0.0000,0.0034,nan,nan,nan,nan,-0.1340,39.2981,39.8359,0.0535,nan,nan,nan,nan
7.6128,0.0011,-0.0001,0.3055,-0.0001,-0.0000,0.0034,nan,nan,nan,nan,-0.1362,39.2970,39.8358,0.0472,nan,nan,nan,nan
7.6342,0.0011,-0.0001,0.3055,-0.0000,-0.0000,0.0034,nan,nan,nan,nan,-0.1393,39.2956,39.8350,0.0393,nan,nan,nan,nan
7.6645,0.0011,-0.0001,0.3055,-0.0000,-0.0000,0.0034,nan,nan,nan,nan,-0.1406,39.2941,39.8339,0.0348,nan,nan,nan,nan
7.6861,0.0011,-0.0001,0.3055,-0.0000,-0.0000,0.0034,nan,nan,nan,nan,-0.1438,39.2944,39.8307,0.0281,nan,nan,nan,nan
7.7158,0.0011,-0.0001,0.3055,-0.0001,-0.0000,0.0035,nan,nan,nan,nan,-0.1434,39.2948,39.8275,0.0260,nan,nan,nan,nan
7.7469,0.0011,-0.0001,0.3055,-0.0000,-0.0000,0.0035,nan,nan,nan,nan,-0.1456,39.2961,39.8245,0.0246,nan,nan,nan,nan
7.7773,0.0011,-0.0001,0.3055,-0.0000,0.0000,0.0034,nan,nan,nan,nan,-0.1509,39.2958,39.8257,0.0220,nan,nan,nan,nan
7.8013,0.0011,-0.0001,0.3055,-0.0000,0.0000,0.0035,nan,nan,nan,nan,-0.1587,39.2959,39.8266,0.0210,nan,nan,nan,nan
7.8312,0.0011,-0.0001,0.3055,-0.0000,0.0000,0.0034,nan,nan,nan,nan,-0.1695,39.2972,39.8253,0.0257,nan,nan,nan,nan
7.8546,0.0011,-0.0001,0.3055,-0.0000,0.0000,0.0034,nan,nan,nan,nan,-0.1821,39.2980,39.8238,0.0293,nan,nan,nan,nan
7.8792,0.0011,-0.0001,0.3055,-0.0000,-0.0000,0.0034,nan,nan,nan,nan,-0.1858,39.2982,39.8238,0.0288,nan,nan,nan,nan
7.9022,0.0011,-0.0001,0.3055,-0.0000,-0.0000,0.0035,nan,nan,nan,nan,-0.1948,39.2972,39.8268,0.0284,nan,nan,nan,nan
7.9263,0.0011,-0.0001,0.3055,-0.0001,-0.0000,0.0035,nan,nan,nan,nan,-0.1988,39.2941,39.8270,0.0311,nan,nan,nan,nan
7.9617,0.0011,-0.0001,0.3055,-0.0000,-0.0000,0.0035,nan,nan,nan,nan,-0.1938,39.2889,39.8285,0.0336,nan,nan,nan,nan
7.9998,0.0011,-0.0001,0.3055,-0.0000,0.0000,0.0034,nan,nan,nan,nan,-0.1863,39.2885,39.8298,0.0331,nan,nan,nan,nan
8.0277,0.0011,-0.0001,0.3055,-0.0000,0.0000,0.0034,nan,nan,nan,nan,-0.1756,39.2904,39.8332,0.0324,nan,nan,nan,nan
8.0556,0.0011,-0.0001,0.3055,-0.0000,0.0000,0.0034,nan,nan,nan,nan,-0.1586,39.2909,39.8357,0.0322,nan,nan,nan,nan
8.0899,0.0011,-0.0001,0.3055,-0.0000,-0.0000,0.0034,nan,nan,nan,nan,-0.1327,39.2896,39.8404,0.0312,nan,nan,nan,nan
8.1215,0.0011,-0.0001,0.3055,-0.0000,-0.0000,0.0035,nan,nan,nan,nan,-0.0991,39.2902,39.8426,0.0307,nan,nan,nan,nan
8.1532,0.0011,-0.0001,0.3055,-0.0000,0.0000,0.0034,nan,nan,nan,nan,-0.0595,39.2912,39.8435,0.0301,nan,nan,nan,nan
8.1838,0.0011,-0.0001,0.3055,-0.0000,-0.0000,0.0034,nan,nan,nan,nan,-0.0162,39.2932,39.8412,0.0348,nan,nan,nan,nan
8.2202,0.0011,-0.0001,0.3055,-0.0000,-0.0000,0.0034,nan,nan,nan,nan,0.0199,39.2939,39.8402,0.0352,nan,nan,nan,nan
8.2509,0.0011,-0.0001,0.3055,-0.0001,-0.0000,0.0034,nan,nan,nan,nan,0.0372,39.2911,39.8402,0.0311,nan,nan,nan,nan
8.2795,0.0011,-0.0001,0.3055,-0.0000,-0.0000,0.0035,nan,nan,nan,nan,0.0298,39.2888,39.8371,0.0225,nan,nan,nan,nan
8.3002,0.0011,-0.0001,0.3055,-0.0000,-0.0000,0.0035,nan,nan,nan,nan,0.0194,39.2883,39.8358,0.0166,nan,nan,nan,nan
8.3266,0.0011,-0.0001,0.3055,-0.0000,-0.0000,0.0034,nan,nan,nan,nan,-0.0154,39.2857,39.8330,0.0080,nan,nan,nan,nan
8.3503,0.0011,-0.0001,0.3055,-0.0000,-0.0000,0.0034,nan,nan,nan,nan,-0.0313,39.2829,39.8312,0.0049,nan,nan,nan,nan
8.3735,0.0011,-0.0001,0.3055,-0.0001,0.0000,0.0035,nan,nan,nan,nan,-0.0388,39.2807,39.8271,0.0045,nan,nan,nan,nan
8.3950,0.0011,-0.0001,0.3055,-0.0000,-0.0000,0.0034,nan,nan,nan,nan,-0.0370,39.2799,39.8241,0.0046,nan,nan,nan,nan
8.4311,0.0011,-0.0001,0.3055,-0.0000,-0.0000,0.0034,nan,nan,nan,nan,-0.0218,39.2782,39.8233,0.0045,nan,nan,nan,nan
8.4540,0.0011,-0.0001,0.3055,-0.0000,-0.0000,0.0034,nan,nan,nan,nan,-0.0053,39.2752,39.8242,0.0080,nan,nan,nan,nan
8.4756,0.0011,-0.0001,0.3055,-0.0000,-0.0000,0.0034,nan,nan,nan,nan,0.0074,39.2728,39.8257,0.0121,nan,nan,nan,nan
8.5008,0.0011,-0.0001,0.3055,-0.0000,-0.0000,0.0034,nan,nan,nan,nan,0.0187,39.2698,39.8266,0.0183,nan,nan,nan,nan
8.5304,0.0011,-0.0001,0.3055,-0.0000,0.0000,0.0034,nan,nan,nan,nan,0.0173,39.2674,39.8294,0.0190,nan,nan,nan,nan
8.5527,0.0011,-0.0001,0.3055,-0.0000,0.0000,0.0034,nan,nan,nan,nan,-0.0002,39.2659,39.8317,0.0178,nan,nan,nan,nan
8.5741,0.0011,-0.0001,0.3055,-0.0000,0.0000,0.0034,nan,nan,nan,nan,-0.0279,39.2641,39.8320,0.0148,nan,nan,nan,nan
8.5982,0.0011,-0.0001,0.3055,-0.0000,-0.0000,0.0034,nan,nan,nan,nan,-0.0568,39.2635,39.8279,0.0149,nan,nan,nan,nan
8.6183,0.0011,-0.0001,0.3055,-0.0000,-0.0000,0.0034,nan,nan,nan,nan,-0.0737,39.2623,39.8241,0.0168,nan,nan,nan,nan
8.6388,0.0011,-0.0001,0.3055,-0.0000,0.0000,0.0034,nan,nan,nan,nan,-0.0895,39.2615,39.8210,0.0197,nan,nan,nan,nan
8.6640,0.0011,-0.0001,0.3055,-0.0000,0.0000,0.0034,nan,nan,nan,nan,-0.0977,39.2607,39.8209,0.0215,nan,nan,nan,nan
8.6878,0.0011,-0.0001,0.3055,-0.0000,0.0000,0.0034,nan,nan,nan,nan,-0.1027,39.2597,39.8215,0.0233,nan,nan,nan,nan
8.7134,0.0011,-0.0001,0.3055,-0.0000,-0.0000,0.0034,nan,nan,nan,nan,-0.1072,39.2596,39.8221,0.0257,nan,nan,nan,nan
8.7391,0.0011,-0.0001,0.3055,-0.0000,-0.0000,0.0035,nan,nan,nan,nan,-0.1105,39.2595,39.8226,0.0276,nan,nan,nan,nan
8.7658,0.0011,-0.0001,0.3055,-0.0000,-0.0000,0.0034,nan,nan,nan,nan,-0.1112,39.2593,39.8236,0.0257,nan,nan,nan,nan
8.7894,0.0011,-0.0001,0.3055,-0.0000,-0.0000,0.0034,nan,nan,nan,nan,-0.1111,39.2579,39.8210,0.0248,nan,nan,nan,nan
8.8166,0.0011,-0.0001,0.3055,-0.0000,-0.0000,0.0035,nan,nan,nan,nan,-0.1124,39.2587,39.8140,0.0251,nan,nan,nan,nan
8.8492,0.0011,-0.0001,0.3055,-0.0000,0.0000,0.0034,nan,nan,nan,nan,-0.1112,39.2589,39.8090,0.0245,nan,nan,nan,nan
8.8715,0.0011,-0.0001,0.3055,-0.0000,0.0000,0.0034,nan,nan,nan,nan,-0.1187,39.2602,39.8067,0.0248,nan,nan,nan,nan
8.9024,0.0011,-0.0001,0.3055,-0.0000,-0.0000,0.0034,nan,nan,nan,nan,-0.1288,39.2618,39.8041,0.0276,nan,nan,nan,nan
8.9333,0.0011,-0.0001,0.3055,-0.0000,-0.0000,0.0034,nan,nan,nan,nan,-0.1342,39.2648,39.8048,0.0281,nan,nan,nan,nan
8.9573,0.0011,-0.0001,0.3055,-0.0000,-0.0000,0.0034,nan,nan,nan,nan,-0.1365,39.2674,39.8055,0.0236,nan,nan,nan,nan
8.9874,0.0011,-0.0001,0.3055,-0.0000,0.0000,0.0034,nan,nan,nan,nan,-0.1369,39.2706,39.8088,0.0152,nan,nan,nan,nan
9.0102,0.0011,-0.0001,0.3055,-0.0000,0.0000,0.0034,nan,nan,nan,nan,-0.1380,39.2744,39.8085,0.0083,nan,nan,nan,nan
9.0311,0.0011,-0.0001,0.3055,-0.0000,-0.0000,0.0034,nan,nan,nan,nan,-0.1452,39.2770,39.8070,0.0044,nan,nan,nan,nan
9.0579,0.0011,-0.0001,0.3055,-0.0000,0.0000,0.0034,nan,nan,nan,nan,-0.1573,39.2784,39.8059,0.0046,nan,nan,nan,nan
9.0919,0.0011,-0.0001,0.3055,-0.0001,-0.0000,0.0035,nan,nan,nan,nan,-0.1570,39.2778,39.8087,0.0051,nan,nan,nan,nan
9.1253,0.0011,-0.0001,0.3055,-0.0000,-0.0000,0.0034,nan,nan,nan,nan,-0.1424,39.2776,39.8093,0.0043,nan,nan,nan,nan
9.1486,0.0011,-0.0001,0.3055,-0.0000,-0.0000,0.0034,nan,nan,nan,nan,-0.1320,39.2772,39.8093,0.0037,nan,nan,nan,nan
9.1718,0.0011,-0.0001,0.3055,-0.0000,-0.0000,0.0034,nan,nan,nan,nan,-0.1225,39.2764,39.8100,0.0015,nan,nan,nan,nan
9.1932,0.0011,-0.0001,0.3055,-0.0000,-0.0000,0.0034,nan,nan,nan,nan,-0.1109,39.2752,39.8086,-0.0019,nan,nan,nan,nan
9.2224,0.0011,-0.0001,0.3055,-0.0000,0.0000,0.0035,nan,nan,nan,nan,-0.1000,39.2727,39.8080,-0.0025,nan,nan,nan,nan
9.2428,0.0011,-0.0001,0.3055,-0.0000,0.0000,0.0035,nan,nan,nan,nan,-0.0896,39.2715,39.8071,-0.0035,nan,nan,nan,nan
9.2699,0.0011,-0.0001,0.3055,-0.0000,0.0000,0.0035,nan,nan,nan,nan,-0.0747,39.2716,39.8073,-0.0024,nan,nan,nan,nan
9.2925,0.0011,-0.0001,0.3055,-0.0000,-0.0000,0.0035,nan,nan,nan,nan,-0.0624,39.2705,39.8094,-0.0025,nan,nan,nan,nan
9.3184,0.0011,-0.0001,0.3055,-0.0000,0.0000,0.0035,nan,nan,nan,nan,-0.0346,39.2688,39.8117,-0.0067,nan,nan,nan,nan
9.3437,0.0011,-0.0001,0.3055,0.0000,0.0000,0.0035,nan,nan,nan,nan,-0.0106,39.2660,39.8120,-0.0074,nan,nan,nan,nan
9.3681,0.0011,-0.0001,0.3055,-0.0001,0.0000,0.0035,nan,nan,nan,nan,0.0003,39.2628,39.8110,-0.0038,nan,nan,nan,nan
9.4023,0.0011,-0.0001,0.3055,-0.0000,0.0001,0.0035,nan,nan,nan,nan,0.0056,39.2607,39.8116,0.0005,nan,nan,nan,nan
9.4228,0.0011,-0.0001,0.3055,-0.0000,0.0001,0.0035,nan,nan,nan,nan,0.0052,39.2597,39.8102,0.0011,nan,nan,nan,nan
9.4472,0.0011,-0.0001,0.3055,-0.0000,0.0000,0.0035,nan,nan,nan,nan,0.0032,39.2580,39.8071,0.0024,nan,nan,nan,nan
9.4706,0.0011,-0.0001,0.3055,0.0000,0.0002,0.0035,nan,nan,nan,nan,0.0019,39.2589,39.8026,0.0028,nan,nan,nan,nan
9.4942,0.0011,-0.0001,0.3055,-0.0000,0.0009,0.0034,nan,nan,nan,nan,0.0021,39.2609,39.7970,0.0018,nan,nan,nan,nan
9.5246,0.0011,-0.0001,0.3055,-0.0000,0.0027,0.0033,nan,nan,nan,nan,0.0011,39.2648,39.7926,0.0004,nan,nan,nan,nan
9.5563,0.0011,-0.0001,0.3055,-0.0000,0.0064,0.0034,nan,nan,nan,nan,0.0021,39.2708,39.7936,-0.0030,nan,nan,nan,nan
9.5769,0.0011,-0.0001,0.3055,-0.0000,0.0064,0.0034,nan,nan,nan,nan,0.0044,39.2728,39.7947,-0.0058,nan,nan,nan,nan
9.5996,0.0012,-0.0001,0.3055,-0.0000,0.0118,0.0033,nan,nan,nan,nan,0.0076,39.2743,39.7944,-0.0076,nan,nan,nan,nan
9.6229,0.0012,-0.0001,0.3055,-0.0000,0.0196,0.0033,nan,nan,nan,nan,0.0213,39.2776,39.7949,-0.0060,nan,nan,nan,nan
9.6447,0.0013,-0.0001,0.3055,-0.0000,0.0298,0.0032,nan,nan,nan,nan,0.0309,39.2795,39.7982,-0.0054,nan,nan,nan,nan
9.6714,0.0013,-0.0001,0.3056,-0.0000,0.0429,0.0032,nan,nan,nan,nan,0.0517,39.2825,39.8034,0.0002,nan,nan,nan,nan
9.7033,0.0014,-0.0001,0.3056,0.0000,0.0588,0.0031,nan,nan,nan,nan,0.0768,39.2840,39.8065,0.0073,nan,nan,nan,nan
9.7273,0.0015,-0.0001,0.3057,0.0000,0.0588,0.0031,nan,nan,nan,nan,0.0903,39.2849,39.8074,0.0079,nan,nan,nan,nan
9.7558,0.0016,-0.0001,0.3057,-0.0000,0.0779,0.0031,nan,nan,nan,nan,0.1223,39.2856,39.8092,0.0118,nan,nan,nan,nan
9.7822,0.0017,-0.0001,0.3057,-0.0000,0.1004,0.0030,nan,nan,nan,nan,0.1403,39.2843,39.8093,0.0129,nan,nan,nan,nan
9.8106,0.0018,-0.0001,0.3058,-0.0000,0.1262,0.0030,nan,nan,nan,nan,0.1771,39.2813,39.8085,0.0157,nan,nan,nan,nan
9.8345,0.0019,-0.0001,0.3059,-0.0000,0.1262,0.0030,nan,nan,nan,nan,0.2002,39.2795,39.8064,0.0210,nan,nan,nan,nan
9.8603,0.0021,-0.0001,0.3059,-0.0000,0.1556,0.0030,nan,nan,nan,nan,0.2148,39.2785,39.8054,0.0239,nan,nan,nan,nan
9.8859,0.0022,-0.0001,0.3060,-0.0000,0.1888,0.0031,nan,nan,nan,nan,0.2348,39.2766,39.8043,0.0237,nan,nan,nan,nan
9.9105,0.0023,-0.0001,0.3060,-0.0000,0.1888,0.0031,nan,nan,nan,nan,0.2518,39.2754,39.8036,0.0212,nan,nan,nan,nan
9.9373,0.0024,-0.0001,0.3061,-0.0000,0.2261,0.0031,nan,nan,nan,nan,0.2563,39.2754,39.8032,0.0201,nan,nan,nan,nan
9.9679,0.0026,-0.0001,0.3062,-0.0000,0.2674,0.0031,nan,nan,nan,nan,0.2638,39.2756,39.8039,0.0221,nan,nan,nan,nan
9.9979,0.0029,-0.0001,0.3063,-0.0000,0.3130,0.0031,nan,nan,nan,nan,0.2560,39.2767,39.8063,0.0256,nan,nan,nan,nan
10.0242,0.0031,-0.0001,0.3064,-0.0000,0.3631,0.0030,nan,nan,nan,nan,0.2439,39.2781,39.8067,0.0221,nan,nan,nan,nan
10.0530,0.0034,-0.0001,0.3066,-0.0000,0.4177,0.0030,nan,nan,nan,nan,0.2380,39.2782,39.8057,0.0171,nan,nan,nan,nan
10.0791,0.0038,-0.0001,0.3067,0.0000,0.4770,0.0030,nan,nan,nan,nan,0.2354,39.2779,39.8051,0.0095,nan,nan,nan,nan
10.1071,0.0041,-0.0001,0.3069,0.0000,0.5415,0.0030,nan,nan,nan,nan,0.2321,39.2783,39.8080,0.0007,nan,nan,nan,nan
10.1272,0.0044,-0.0001,0.3070,0.0000,0.5415,0.0030,nan,nan,nan,nan,0.2297,39.2779,39.8116,-0.0034,nan,nan,nan,nan
10.1489,0.0048,-0.0001,0.3072,-0.0000,0.6113,0.0030,nan,nan,nan,nan,0.2207,39.2803,39.8176,-0.0154,nan,nan,nan,nan
10.1743,0.0052,-0.0001,0.3074,-0.0000,0.6863,0.0030,nan,nan,nan,nan,0.2069,39.2809,39.8163,-0.0272,nan,nan,nan,nan
10.1946,0.0054,-0.0001,0.3075,-0.0000,0.7669,0.0030,nan,nan,nan,nan,0.1997,39.2795,39.8152,-0.0329,nan,nan,nan,nan
10.2163,0.0059,-0.0001,0.3077,-0.0000,0.8535,0.0030,nan,nan,nan,nan,0.1851,39.2772,39.8115,-0.0348,nan,nan,nan,nan
10.2429,0.0064,-0.0001,0.3079,-0.0000,0.9461,0.0030,nan,nan,nan,nan,0.1763,39.2753,39.8067,-0.0305,nan,nan,nan,nan
10.2767,0.0069,-0.0001,0.3082,-0.0000,1.0452,0.0030,nan,nan,nan,nan,0.1731,39.2744,39.8062,-0.0314,nan,nan,nan,nan
10.3017,0.0075,-0.0001,0.3085,-0.0000,1.1513,0.0030,nan,nan,nan,nan,0.1711,39.2745,39.8072,-0.0331,nan,nan,nan,nan
10.3327,0.0082,-0.0001,0.3087,-0.0000,1.2644,0.0030,nan,nan,nan,nan,0.1703,39.2761,39.8086,-0.0359,nan,nan,nan,nan
10.3555,0.0088,-0.0001,0.3090,-0.0000,1.3849,0.0030,nan,nan,nan,nan,0.1742,39.2794,39.8109,-0.0434,nan,nan,nan,nan
10.3816,0.0096,-0.0001,0.3094,-0.0000,1.5135,0.0031,nan,nan,nan,nan,0.1808,39.2818,39.8195,-0.0519,nan,nan,nan,nan
10.4144,0.0103,-0.0001,0.3097,-0.0001,1.6504,0.0031,nan,nan,nan,nan,0.1878,39.2827,39.8286,-0.0531,nan,nan,nan,nan
10.4347,0.0109,-0.0001,0.3100,-0.0001,1.6504,0.0031,nan,nan,nan,nan,0.1933,39.2826,39.8338,-0.0554,nan,nan,nan,nan
10.4598,0.0116,-0.0001,0.3103,0.0000,1.7957,0.0032,nan,nan,nan,nan,0.1940,39.2814,39.8364,-0.0571,nan,nan,nan,nan
10.4828,0.0122,-0.0001,0.3105,-0.0000,1.9501,0.0032,nan,nan,nan,nan,0.1879,39.2790,39.8430,-0.0630,nan,nan,nan,nan
10.5063,0.0129,-0.0001,0.3108,-0.0000,2.1145,0.0032,nan,nan,nan,nan,0.1762,39.2746,39.8481,-0.0685,nan,nan,nan,nan
10.5270,0.0137,-0.0001,0.3112,-0.0000,2.1145,0.0032,nan,nan,nan,nan,0.1606,39.2725,39.8516,-0.0756,nan,nan,nan,nan
10.5542,0.0144,-0.0001,0.3115,0.0000,2.2887,0.0031,nan,nan,nan,nan,0.1480,39.2719,39.8538,-0.0795,nan,nan,nan,nan
10.5795,0.0150,-0.0001,0.3117,-0.0000,2.4737,0.0031,nan,nan,nan,nan,0.1437,39.2730,39.8561,-0.0821,nan,nan,nan,nan
10.6136,0.0161,-0.0001,0.3122,-0.0000,2.6726,0.0031,nan,nan,nan,nan,0.1451,39.2769,39.8595,-0.0842,nan,nan,nan,nan
10.6371,0.0170,-0.0001,0.3126,-0.0000,2.6726,0.0031,nan,nan,nan,nan,0.1484,39.2790,39.8602,-0.0811,nan,nan,nan,nan
10.6616,0.0177,-0.0001,0.3128,-0.0000,2.8890,0.0032,nan,nan,nan,nan,0.1518,39.2808,39.8615,-0.0767,nan,nan,nan,nan
10.6836,0.0190,-0.0001,0.3134,-0.0000,3.1255,0.0033,nan,nan,nan,nan,0.1505,39.2825,39.8612,-0.0721,nan,nan,nan,nan
10.7062,0.0202,-0.0001,0.3139,0.0000,3.3856,0.0033,nan,nan,nan,nan,0.1437,39.2839,39.8616,-0.0642,nan,nan,nan,nan
10.7343,0.0218,-0.0001,0.3145,-0.0000,3.6724,0.0033,nan,nan,nan,nan,0.1366,39.2878,39.8646,-0.0583,nan,nan,nan,nan
10.7555,0.0232,-0.0001,0.3151,-0.0000,3.6724,0.0033,nan,nan,nan,nan,0.1304,39.2898,39.8670,-0.0579,nan,nan,nan,nan
10.7837,0.0241,-0.0001,0.3154,0.0000,3.9872,0.0032,nan,nan,nan,nan,0.1270,39.2904,39.8694,-0.0576,nan,nan,nan,nan
10.8070,0.0256,-0.0001,0.3160,-0.0000,4.3325,0.0031,nan,nan,nan,nan,0.1258,39.2926,39.8725,-0.0528,nan,nan,nan,nan
10.8351,0.0278,-0.0001,0.3169,-0.0000,4.7116,0.0031,nan,nan,nan,nan,0.1373,39.2960,39.8726,-0.0422,nan,nan,nan,nan
10.8650,0.0302,-0.0000,0.3178,-0.0004,5.1256,0.0028,nan,nan,nan,nan,0.1583,39.2973,39.8718,-0.0361,nan,nan,nan,nan
10.9010,0.0328,-0.0000,0.3187,-0.0026,5.5753,0.0048,nan,nan,nan,nan,0.1743,39.2984,39.8737,-0.0381,nan,nan,nan,nan
10.9260,0.0357,-0.0000,0.3197,-0.0077,6.0637,0.0094,nan,nan,nan,nan,0.1769,39.2999,39.8749,-0.0434,nan,nan,nan,nan
10.9546,0.0388,0.0000,0.3208,-0.0168,6.5913,0.0197,nan,nan,nan,nan,0.1745,39.3004,39.8757,-0.0474,nan,nan,nan,nan
10.9787,0.0413,0.0000,0.3217,-0.0168,6.5913,0.0197,nan,nan,nan,nan,0.1731,39.3004,39.8765,-0.0502,nan,nan,nan,nan
11.0058,0.0439,0.0001,0.3226,-0.0315,7.1564,0.0415,nan,nan,nan,nan,0.1740,39.2989,39.8810,-0.0529,nan,nan,nan,nan
11.0295,0.0478,0.0001,0.3238,-0.0526,7.7617,0.0767,nan,nan,nan,nan,0.1702,39.2973,39.8838,-0.0540,nan,nan,nan,nan
11.0530,0.0508,0.0002,0.3248,-0.0808,8.4090,0.1265,nan,nan,nan,nan,0.1658,39.2964,39.8853,-0.0525,nan,nan,nan,nan
11.0782,0.0541,0.0002,0.3258,-0.1215,9.0880,0.1942,nan,nan,nan,nan,0.1521,39.2925,39.8884,-0.0539,nan,nan,nan,nan
11.1066,0.0588,0.0003,0.3271,-0.1784,9.7910,0.2792,nan,nan,nan,nan,0.1283,39.2900,39.8887,-0.0563,nan,nan,nan,nan
11.1332,0.0639,0.0004,0.3285,-0.2510,10.5200,0.3792,nan,nan,nan,nan,0.0925,39.2901,39.8897,-0.0548,nan,nan,nan,nan
11.1579,0.0694,0.0005,0.3299,-0.3439,11.2556,0.4905,nan,nan,nan,nan,0.0455,39.2871,39.8975,-0.0540,nan,nan,nan,nan
11.1818,0.0739,0.0006,0.3309,-0.3439,11.2556,0.4905,nan,nan,nan,nan,0.0185,39.2832,39.9056,-0.0557,nan,nan,nan,nan
11.2091,0.0787,0.0007,0.3320,-0.4620,11.9778,0.6095,nan,nan,nan,nan,0.0047,39.2814,39.9121,-0.0587,nan,nan,nan,nan
11.2302,0.0820,0.0007,0.3326,-0.6020,12.6874,0.7340,nan,nan,nan,nan,-0.0128,39.2783,39.9224,-0.0615,nan,nan,nan,nan
11.2651,0.0891,0.0009,0.3340,-0.7627,13.3746,0.8603,nan,nan,nan,nan,-0.0304,39.2695,39.9348,-0.0636,nan,nan,nan,nan
11.2889,0.0948,0.0010,0.3350,-0.7627,13.3746,0.8603,nan,nan,nan,nan,-0.0387,39.2626,39.9406,-0.0634,nan,nan,nan,nan
11.3154,0.1009,0.0012,0.3359,-0.9467,14.0172,0.9898,nan,nan,nan,nan,-0.0600,39.2470,39.9551,-0.0659,nan,nan,nan,nan
11.3400,0.1051,0.0013,0.3365,-1.1503,14.6107,1.1224,nan,nan,nan,nan,-0.0736,39.2393,39.9629,-0.0670,nan,nan,nan,nan
11.3602,0.1118,0.0015,0.3374,-1.1503,14.6107,1.1224,nan,nan,nan,nan,-0.0887,39.2313,39.9721,-0.0664,nan,nan,nan,nan
11.3817,0.1164,0.0017,0.3380,-1.3672,15.1548,1.2541,nan,nan,nan,nan,-0.1113,39.2177,39.9880,-0.0628,nan,nan,nan,nan
11.4136,0.1237,0.0020,0.3388,-1.5978,15.6348,1.3858,nan,nan,nan,nan,-0.1297,39.2026,40.0087,-0.0606,nan,nan,nan,nan
11.4352,0.1340,0.0024,0.3399,-1.8412,16.0433,1.5205,nan,nan,nan,nan,-0.1518,39.1857,40.0396,-0.0584,nan,nan,nan,nan
11.4618,0.1450,0.0030,0.3408,-2.0904,16.3811,1.6545,nan,nan,nan,nan,-0.1729,39.1745,40.0593,-0.0484,nan,nan,nan,nan
11.4938,0.1567,0.0036,0.3417,-2.3424,16.6414,1.7884,nan,nan,nan,nan,-0.2057,39.1622,40.0731,-0.0316,nan,nan,nan,nan
11.5158,0.1660,0.0042,0.3423,-2.3424,16.6414,1.7884,nan,nan,nan,nan,-0.2255,39.1552,40.0786,-0.0237,nan,nan,nan,nan
11.5391,0.1724,0.0047,0.3427,-2.5987,16.8161,1.9246,nan,nan,nan,nan,-0.2568,39.1429,40.0855,-0.0176,nan,nan,nan,nan
11.5673,0.1823,0.0054,0.3433,-2.8562,16.9047,2.0607,nan,nan,nan,nan,-0.2804,39.1307,40.0916,-0.0183,nan,nan,nan,nan
11.6020,0.1962,0.0065,0.3439,-3.1121,16.9034,2.1946,nan,nan,nan,nan,-0.2973,39.1103,40.1043,-0.0192,nan,nan,nan,nan
11.6234,0.2071,0.0074,0.3443,-3.1121,16.9034,2.1946,nan,nan,nan,nan,-0.2986,39.0945,40.1150,-0.0227,nan,nan,nan,nan
11.6434,0.2146,0.0081,0.3446,-3.3686,16.8134,2.3272,nan,nan,nan,nan,-0.2937,39.0848,40.1208,-0.0270,nan,nan,nan,nan
11.6677,0.2262,0.0092,0.3449,-3.6260,16.6350,2.4575,nan,nan,nan,nan,-0.2819,39.0699,40.1296,-0.0392,nan,nan,nan,nan
11.6878,0.2382,0.0104,0.3452,-3.6260,16.6350,2.4575,nan,nan,nan,nan,-0.2773,39.0588,40.1365,-0.0447,nan,nan,nan,nan
11.7096,0.2506,0.0118,0.3455,-3.8766,16.3565,2.5851,nan,nan,nan,nan,-0.2821,39.0354,40.1482,-0.0493,nan,nan,nan,nan
11.7323,0.2591,0.0128,0.3456,-4.1207,15.9814,2.7111,nan,nan,nan,nan,-0.2903,39.0248,40.1523,-0.0501,nan,nan,nan,nan
11.7595,0.2766,0.0149,0.3458,-4.3647,15.5226,2.8352,nan,nan,nan,nan,-0.3151,39.0040,40.1562,-0.0523,nan,nan,nan,nan
11.7938,0.2947,0.0172,0.3460,-4.6001,14.9744,2.9575,nan,nan,nan,nan,-0.3476,38.9824,40.1594,-0.0549,nan,nan,nan,nan
11.8147,0.3088,0.0191,0.3460,-4.6001,14.9744,2.9575,nan,nan,nan,nan,-0.3741,38.9662,40.1626,-0.0588,nan,nan,nan,nan
11.8393,0.3183,0.0205,0.3461,-4.8214,14.3357,3.0777,nan,nan,nan,nan,-0.3831,38.9607,40.1649,-0.0593,nan,nan,nan,nan
11.8676,0.3378,0.0234,0.3461,-5.0373,13.6272,3.1958,nan,nan,nan,nan,-0.4287,38.9368,40.1754,-0.0646,nan,nan,nan,nan
11.8946,0.3529,0.0258,0.3461,-5.2450,12.8522,3.3123,nan,nan,nan,nan,-0.4594,38.9237,40.1804,-0.0670,nan,nan,nan,nan
11.9148,0.3682,0.0283,0.3461,-5.2450,12.8522,3.3123,nan,nan,nan,nan,-0.4962,38.9094,40.1860,-0.0637,nan,nan,nan,nan
11.9399,0.3786,0.0300,0.3461,-5.4336,12.0020,3.4281,nan,nan,nan,nan,-0.5113,38.9052,40.1871,-0.0616,nan,nan,nan,nan
11.9694,0.3944,0.0328,0.3461,-5.6068,11.0967,3.5438,nan,nan,nan,nan,-0.5879,38.8915,40.1895,-0.0533,nan,nan,nan,nan
12.0062,0.4159,0.0368,0.3461,-5.7698,10.1528,3.6580,nan,nan,nan,nan,-0.6835,38.8774,40.1944,-0.0459,nan,nan,nan,nan
12.0298,0.4322,0.0400,0.3461,-5.7698,10.1528,3.6580,nan,nan,nan,nan,-0.7598,38.8641,40.1959,-0.0423,nan,nan,nan,nan
12.0546,0.4433,0.0422,0.3462,-5.9147,9.1588,3.7703,nan,nan,nan,nan,-0.8086,38.8558,40.1952,-0.0388,nan,nan,nan,nan
12.0875,0.4600,0.0457,0.3462,-6.0411,8.1242,3.8790,nan,nan,nan,nan,-0.8802,38.8468,40.1909,-0.0305,nan,nan,nan,nan
12.1194,0.4825,0.0506,0.3463,-6.1555,7.0767,3.9822,nan,nan,nan,nan,-0.9721,38.8409,40.1856,-0.0235,nan,nan,nan,nan
12.1496,0.5053,0.0558,0.3465,-6.2545,6.0118,4.0802,nan,nan,nan,nan,-1.0586,38.8324,40.1841,-0.0255,nan,nan,nan,nan
12.1802,0.5283,0.0612,0.3467,-6.3333,4.9243,4.1729,nan,nan,nan,nan,-1.1323,38.8227,40.1777,-0.0315,nan,nan,nan,nan
12.2002,0.5456,0.0656,0.3469,-6.3333,4.9243,4.1729,nan,nan,nan,nan,-1.1628,38.8196,40.1755,-0.0331,nan,nan,nan,nan
12.2215,0.5572,0.0685,0.3471,-6.3969,3.8419,4.2573,nan,nan,nan,nan,-1.1993,38.8181,40.1720,-0.0350,nan,nan,nan,nan
12.2418,0.5747,0.0731,0.3473,-6.4459,2.7744,4.3323,nan,nan,nan,nan,-1.2270,38.8162,40.1688,-0.0345,nan,nan,nan,nan
12.2640,0.5921,0.0779,0.3477,-6.4459,2.7744,4.3323,nan,nan,nan,nan,-1.2390,38.8149,40.1670,-0.0344,nan,nan,nan,nan
12.2882,0.6038,0.0812,0.3479,-6.4758,1.7091,4.3992,nan,nan,nan,nan,-1.2479,38.8132,40.1648,-0.0347,nan,nan,nan,nan
12.3115,0.6213,0.0862,0.3483,-6.4868,0.6618,4.4574,nan,nan,nan,nan,-1.2609,38.8135,40.1567,-0.0347,nan,nan,nan,nan
12.3336,0.6445,0.0932,0.3490,-6.4800,-0.3470,4.5059,nan,nan,nan,nan,-1.2801,38.8160,40.1448,-0.0379,nan,nan,nan,nan
12.3571,0.6619,0.0986,0.3495,-6.4800,-0.3470,4.5059,nan,nan,nan,nan,-1.2954,38.8162,40.1383,-0.0426,nan,nan,nan,nan
12.3810,0.6734,0.1023,0.3498,-6.4529,-1.3268,4.5465,nan,nan,nan,nan,-1.3153,38.8167,40.1309,-0.0461,nan,nan,nan,nan
12.4039,0.6906,0.1080,0.3504,-6.4055,-2.2765,4.5795,nan,nan,nan,nan,-1.3655,38.8201,40.1205,-0.0494,nan,nan,nan,nan
12.4265,0.7077,0.1139,0.3511,-6.4055,-2.2765,4.5795,nan,nan,nan,nan,-1.4045,38.8257,40.1166,-0.0546,nan,nan,nan,nan
12.4491,0.7247,0.1199,0.3518,-6.3382,-3.1744,4.6005,nan,nan,nan,nan,-1.4301,38.8300,40.1125,-0.0601,nan,nan,nan,nan
12.4737,0.7360,0.1240,0.3523,-6.2513,-4.0210,4.6087,nan,nan,nan,nan,-1.4648,38.8352,40.1068,-0.0655,nan,nan,nan,nan
12.5095,0.7583,0.1324,0.3533,-6.1467,-4.8251,4.6060,nan,nan,nan,nan,-1.5045,38.8400,40.0994,-0.0612,nan,nan,nan,nan
12.5355,0.7802,0.1411,0.3544,-6.0227,-5.5720,4.5911,nan,nan,nan,nan,-1.5442,38.8515,40.0912,-0.0557,nan,nan,nan,nan
12.5669,0.8019,0.1500,0.3556,-5.8777,-6.2542,4.5615,nan,nan,nan,nan,-1.5740,38.8632,40.0831,-0.0490,nan,nan,nan,nan
12.6026,0.8231,0.1591,0.3568,-5.7162,-6.8815,4.5196,nan,nan,nan,nan,-1.5910,38.8703,40.0763,-0.0477,nan,nan,nan,nan
12.6342,0.8440,0.1684,0.3581,-5.5397,-7.4507,4.4655,nan,nan,nan,nan,-1.5937,38.8766,40.0684,-0.0500,nan,nan,nan,nan
12.6560,0.8644,0.1780,0.3594,-5.3430,-7.9510,4.3979,nan,nan,nan,nan,-1.5882,38.8872,40.0560,-0.0526,nan,nan,nan,nan
12.6799,0.8794,0.1853,0.3605,-5.3430,-7.9510,4.3979,nan,nan,nan,nan,-1.5855,38.8925,40.0474,-0.0542,nan,nan,nan,nan
12.7010,0.8893,0.1903,0.3612,-5.1284,-8.3883,4.3189,nan,nan,nan,nan,-1.5820,38.8964,40.0377,-0.0558,nan,nan,nan,nan
12.7226,0.9039,0.1977,0.3623,-4.9023,-8.7680,4.2311,nan,nan,nan,nan,-1.5761,38.9038,40.0179,-0.0595,nan,nan,nan,nan
12.7504,0.9229,0.2079,0.3638,-4.6606,-9.0835,4.1333,nan,nan,nan,nan,-1.5663,38.9131,40.0032,-0.0604,nan,nan,nan,nan
12.7710,0.9369,0.2156,0.3650,-4.6606,-9.0835,4.1333,nan,nan,nan,nan,-1.5529,38.9237,39.9925,-0.0593,nan,nan,nan,nan
12.7938,0.9505,0.2234,0.3662,-4.4018,-9.3344,4.0253,nan,nan,nan,nan,-1.5355,38.9337,39.9806,-0.0572,nan,nan,nan,nan
12.8164,0.9639,0.2313,0.3674,-4.1335,-9.5294,3.9098,nan,nan,nan,nan,-1.5233,38.9400,39.9716,-0.0565,nan,nan,nan,nan
12.8472,0.9770,0.2393,0.3686,-3.8553,-9.6691,3.7876,nan,nan,nan,nan,-1.4958,38.9520,39.9576,-0.0551,nan,nan,nan,nan
12.8688,0.9899,0.2474,0.3699,-3.8553,-9.6691,3.7876,nan,nan,nan,nan,-1.4790,38.9561,39.9529,-0.0566,nan,nan,nan,nan
12.8937,1.0024,0.2555,0.3711,-3.5644,-9.7536,3.6590,nan,nan,nan,nan,-1.4325,38.9637,39.9422,-0.0628,nan,nan,nan,nan
12.9172,1.0106,0.2609,0.3720,-3.2661,-9.7873,3.5247,nan,nan,nan,nan,-1.4020,38.9675,39.9358,-0.0671,nan,nan,nan,nan
12.9379,1.0227,0.2691,0.3733,-3.2661,-9.7873,3.5247,nan,nan,nan,nan,-1.3513,38.9729,39.9252,-0.0715,nan,nan,nan,nan
12.9659,1.0345,0.2774,0.3747,-2.9631,-9.7730,3.3856,nan,nan,nan,nan,-1.2965,38.9791,39.9106,-0.0696,nan,nan,nan,nan
12.9894,1.0460,0.2857,0.3760,-2.6516,-9.7164,3.2440,nan,nan,nan,nan,-1.2572,38.9822,39.8994,-0.0694,nan,nan,nan,nan
13.0138,1.0573,0.2941,0.3774,-2.3332,-9.6214,3.1016,nan,nan,nan,nan,-1.1766,38.9876,39.8767,-0.0651,nan,nan,nan,nan
13.0484,1.0718,0.3053,0.3793,-2.0145,-9.4877,2.9592,nan,nan,nan,nan,-1.0983,38.9925,39.8665,-0.0650,nan,nan,nan,nan
13.0694,1.0824,0.3137,0.3808,-2.0145,-9.4877,2.9592,nan,nan,nan,nan,-1.0601,38.9958,39.8620,-0.0664,nan,nan,nan,nan
13.0947,1.0894,0.3193,0.3818,-1.6927,-9.3220,2.8182,nan,nan,nan,nan,-1.0053,38.9992,39.8526,-0.0644,nan,nan,nan,nan
13.1274,1.0996,0.3278,0.3832,-1.3639,-9.1344,2.6799,nan,nan,nan,nan,-0.9572,38.9988,39.8433,-0.0619,nan,nan,nan,nan
13.1571,1.1128,0.3392,0.3853,-1.0366,-8.9225,2.5446,nan,nan,nan,nan,-0.8967,38.9958,39.8315,-0.0622,nan,nan,nan,nan
13.1808,1.1255,0.3505,0.3873,-0.7129,-8.6882,2.4129,nan,nan,nan,nan,-0.8395,38.9959,39.8172,-0.0580,nan,nan,nan,nan
13.2015,1.1348,0.3590,0.3889,-0.7129,-8.6882,2.4129,nan,nan,nan,nan,-0.7974,38.9955,39.8096,-0.0579,nan,nan,nan,nan
13.2260,1.1409,0.3647,0.3900,-0.3854,-8.4444,2.2848,nan,nan,nan,nan,-0.7689,38.9966,39.8052,-0.0580,nan,nan,nan,nan
13.2577,1.1498,0.3731,0.3916,-0.0590,-8.1916,2.1606,nan,nan,nan,nan,-0.7259,38.9989,39.7975,-0.0604,nan,nan,nan,nan
13.2944,1.1614,0.3844,0.3938,0.2587,-7.9272,2.0408,nan,nan,nan,nan,-0.6642,39.0029,39.7865,-0.0643,nan,nan,nan,nan
13.3310,1.1726,0.3957,0.3960,0.5741,-7.6626,1.9245,nan,nan,nan,nan,-0.5948,39.0046,39.7733,-0.0672,nan,nan,nan,nan
13.3614,1.1834,0.4069,0.3983,0.8894,-7.4045,1.8122,nan,nan,nan,nan,-0.5225,39.0068,39.7582,-0.0674,nan,nan,nan,nan
13.3824,1.1913,0.4152,0.4001,0.8894,-7.4045,1.8122,nan,nan,nan,nan,-0.4645,39.0073,39.7438,-0.0588,nan,nan,nan,nan
13.4030,1.1964,0.4207,0.4012,1.1949,-7.1471,1.7047,nan,nan,nan,nan,-0.4442,39.0072,39.7391,-0.0542,nan,nan,nan,nan
13.4249,1.2040,0.4290,0.4030,1.4919,-6.8953,1.6011,nan,nan,nan,nan,-0.3586,39.0080,39.7167,-0.0364,nan,nan,nan,nan
13.4451,1.2114,0.4372,0.4049,1.4919,-6.8953,1.6011,nan,nan,nan,nan,-0.3128,39.0079,39.7044,-0.0290,nan,nan,nan,nan
13.4661,1.2162,0.4426,0.4061,1.7870,-6.6595,1.5016,nan,nan,nan,nan,-0.2478,39.0071,39.6844,-0.0207,nan,nan,nan,nan
13.4992,1.2233,0.4508,0.4079,2.0746,-6.4364,1.4075,nan,nan,nan,nan,-0.1893,39.0069,39.6680,-0.0126,nan,nan,nan,nan
13.5305,1.2325,0.4615,0.4105,2.3504,-6.2244,1.3197,nan,nan,nan,nan,-0.1253,39.0059,39.6580,0.0012,nan,nan,nan,nan
13.5608,1.2415,0.4720,0.4130,2.6216,-6.0332,1.2377,nan,nan,nan,nan,-0.0817,39.0018,39.6414,0.0071,nan,nan,nan,nan
13.5925,1.2501,0.4825,0.4156,2.8865,-5.8635,1.1604,nan,nan,nan,nan,-0.0497,38.9981,39.6185,0.0088,nan,nan,nan,nan
13.6254,1.2585,0.4928,0.4183,3.1380,-5.7106,1.0873,nan,nan,nan,nan,-0.0211,38.9957,39.6076,0.0080,nan,nan,nan,nan
13.6459,1.2647,0.5004,0.4203,3.1380,-5.7106,1.0873,nan,nan,nan,nan,0.0003,38.9939,39.6027,0.0141,nan,nan,nan,nan
13.6707,1.2687,0.5054,0.4217,3.3788,-5.5783,1.0177,nan,nan,nan,nan,0.0131,38.9913,39.5984,0.0203,nan,nan,nan,nan
13.6979,1.2746,0.5128,0.4237,3.6120,-5.4710,0.9514,nan,nan,nan,nan,0.0312,38.9877,39.5896,0.0311,nan,nan,nan,nan
13.7283,1.2822,0.5226,0.4265,3.8323,-5.3848,0.8882,nan,nan,nan,nan,0.0539,38.9829,39.5781,0.0428,nan,nan,nan,nan
13.7522,1.2878,0.5298,0.4286,3.8323,-5.3848,0.8882,nan,nan,nan,nan,0.0678,38.9818,39.5726,0.0459,nan,nan,nan,nan
13.7770,1.2914,0.5345,0.4300,4.0383,-5.3189,0.8265,nan,nan,nan,nan,0.0866,38.9804,39.5665,0.0483,nan,nan,nan,nan
13.8020,1.2968,0.5415,0.4322,4.2331,-5.2759,0.7653,nan,nan,nan,nan,0.1393,38.9761,39.5574,0.0502,nan,nan,nan,nan
13.8249,1.3020,0.5484,0.4343,4.2331,-5.2759,0.7653,nan,nan,nan,nan,0.1715,38.9754,39.5535,0.0515,nan,nan,nan,nan
13.8468,1.3087,0.5574,0.4373,4.4144,-5.2541,0.7049,nan,nan,nan,nan,0.2739,38.9722,39.5487,0.0540,nan,nan,nan,nan
13.8709,1.3120,0.5617,0.4387,4.5797,-5.2523,0.6448,nan,nan,nan,nan,0.2964,38.9714,39.5482,0.0539,nan,nan,nan,nan
13.8936,1.3168,0.5682,0.4409,4.7323,-5.2703,0.5868,nan,nan,nan,nan,0.3839,38.9686,39.5435,0.0566,nan,nan,nan,nan
13.9254,1.3230,0.5767,0.4439,4.8726,-5.3063,0.5312,nan,nan,nan,nan,0.4683,38.9683,39.5382,0.0554,nan,nan,nan,nan
13.9572,1.3290,0.5849,0.4470,4.9981,-5.3604,0.4780,nan,nan,nan,nan,0.5443,38.9665,39.5352,0.0457,nan,nan,nan,nan
13.9870,1.3348,0.5929,0.4500,5.1091,-5.4310,0.4272,nan,nan,nan,nan,0.6145,38.9646,39.5385,0.0306,nan,nan,nan,nan
14.0115,1.3403,0.6006,0.4531,5.2067,-5.5138,0.3784,nan,nan,nan,nan,0.6878,38.9658,39.5422,0.0110,nan,nan,nan,nan
14.0346,1.3442,0.6062,0.4554,5.2067,-5.5138,0.3784,nan,nan,nan,nan,0.7440,38.9675,39.5405,0.0029,nan,nan,nan,nan
14.0557,1.3480,0.6117,0.4577,5.2895,-5.6091,0.3313,nan,nan,nan,nan,0.8038,38.9695,39.5385,0.0073,nan,nan,nan,nan
14.0812,1.3505,0.6153,0.4593,5.3561,-5.7163,0.2856,nan,nan,nan,nan,0.8457,38.9707,39.5362,0.0107,nan,nan,nan,nan
14.1047,1.3541,0.6205,0.4616,5.3561,-5.7163,0.2856,nan,nan,nan,nan,0.8891,38.9726,39.5321,0.0135,nan,nan,nan,nan
14.1266,1.3563,0.6240,0.4632,5.4080,-5.8314,0.2413,nan,nan,nan,nan,0.9557,38.9750,39.5264,0.0130,nan,nan,nan,nan
14.1569,1.3597,0.6290,0.4656,5.4455,-5.9533,0.1987,nan,nan,nan,nan,1.0256,38.9766,39.5219,0.0111,nan,nan,nan,nan
14.1877,1.3639,0.6354,0.4688,5.4686,-6.0819,0.1585,nan,nan,nan,nan,1.1132,38.9797,39.5163,0.0022,nan,nan,nan,nan
14.2112,1.3668,0.6401,0.4712,5.4686,-6.0819,0.1585,nan,nan,nan,nan,1.1665,38.9830,39.5116,0.0001,nan,nan,nan,nan
14.2324,1.3687,0.6431,0.4728,5.4782,-6.2143,0.1225,nan,nan,nan,nan,1.1823,38.9846,39.5103,-0.0001,nan,nan,nan,nan
14.2563,1.3723,0.6490,0.4760,5.4738,-6.3466,0.0902,nan,nan,nan,nan,1.2380,38.9918,39.5024,0.0023,nan,nan,nan,nan
14.2824,1.3755,0.6546,0.4792,5.4567,-6.4807,0.0607,nan,nan,nan,nan,1.2950,38.9964,39.4979,0.0142,nan,nan,nan,nan
14.3045,1.3778,0.6586,0.4816,5.4273,-6.6140,0.0346,nan,nan,nan,nan,1.3203,38.9985,39.4978,0.0175,nan,nan,nan,nan
14.3304,1.3806,0.6638,0.4849,5.3844,-6.7419,0.0119,nan,nan,nan,nan,1.3486,39.0018,39.4962,0.0167,nan,nan,nan,nan
14.3515,1.3824,0.6675,0.4873,5.3844,-6.7419,0.0119,nan,nan,nan,nan,1.3708,39.0027,39.4959,0.0115,nan,nan,nan,nan
14.3765,1.3836,0.6699,0.4889,5.3286,-6.8643,-0.0089,nan,nan,nan,nan,1.3785,39.0023,39.4963,0.0096,nan,nan,nan,nan
14.4054,1.3851,0.6734,0.4914,5.2625,-6.9818,-0.0274,nan,nan,nan,nan,1.4071,39.0015,39.4974,0.0095,nan,nan,nan,nan
14.4272,1.3865,0.6767,0.4938,5.2625,-6.9818,-0.0274,nan,nan,nan,nan,1.4267,39.0026,39.4986,0.0130,nan,nan,nan,nan
14.4522,1.3873,0.6789,0.4955,5.1846,-7.0898,-0.0436,nan,nan,nan,nan,1.4341,39.0030,39.4989,0.0132,nan,nan,nan,nan
14.4789,1.3884,0.6820,0.4979,5.0937,-7.1861,-0.0582,nan,nan,nan,nan,1.4742,39.0072,39.4973,0.0141,nan,nan,nan,nan
14.4998,1.3893,0.6850,0.5004,5.0937,-7.1861,-0.0582,nan,nan,nan,nan,1.5115,39.0114,39.4910,0.0142,nan,nan,nan,nan
14.5231,1.3900,0.6878,0.5028,4.9937,-7.2726,-0.0724,nan,nan,nan,nan,1.5367,39.0142,39.4865,0.0131,nan,nan,nan,nan
14.5476,1.3906,0.6906,0.5053,4.8852,-7.3480,-0.0848,nan,nan,nan,nan,1.5903,39.0167,39.4770,0.0127,nan,nan,nan,nan
14.5752,1.3909,0.6932,0.5077,4.7665,-7.4089,-0.0949,nan,nan,nan,nan,1.6284,39.0185,39.4691,0.0098,nan,nan,nan,nan
14.5957,1.3911,0.6957,0.5102,4.7665,-7.4089,-0.0949,nan,nan,nan,nan,1.6549,39.0200,39.4604,0.0119,nan,nan,nan,nan
14.6193,1.3911,0.6973,0.5118,4.6417,-7.4561,-0.1014,nan,nan,nan,nan,1.6639,39.0211,39.4546,0.0135,nan,nan,nan,nan
14.6479,1.3909,0.6995,0.5142,4.5134,-7.4902,-0.1038,nan,nan,nan,nan,1.6655,39.0243,39.4468,0.0144,nan,nan,nan,nan
14.6717,1.3905,0.7017,0.5167,4.5134,-7.4902,-0.1038,nan,nan,nan,nan,1.6570,39.0293,39.4386,0.0140,nan,nan,nan,nan
14.6967,1.3902,0.7031,0.5183,4.3792,-7.5088,-0.1027,nan,nan,nan,nan,1.6522,39.0312,39.4356,0.0145,nan,nan,nan,nan
14.7262,1.3895,0.7051,0.5208,4.2398,-7.5115,-0.0995,nan,nan,nan,nan,1.6293,39.0387,39.4230,0.0173,nan,nan,nan,nan
14.7499,1.3887,0.7070,0.5232,4.2398,-7.5115,-0.0995,nan,nan,nan,nan,1.6086,39.0427,39.4124,0.0163,nan,nan,nan,nan
14.7748,1.3880,0.7082,0.5248,4.0981,-7.4991,-0.0952,nan,nan,nan,nan,1.5938,39.0437,39.4053,0.0123,nan,nan,nan,nan
14.7990,1.3868,0.7100,0.5272,3.9535,-7.4711,-0.0895,nan,nan,nan,nan,1.5688,39.0450,39.3977,0.0069,nan,nan,nan,nan
14.8265,1.3850,0.7121,0.5305,3.8054,-7.4278,-0.0832,nan,nan,nan,nan,1.5348,39.0482,39.3910,0.0020,nan,nan,nan,nan
14.8490,1.3834,0.7136,0.5329,3.8054,-7.4278,-0.0832,nan,nan,nan,nan,1.5214,39.0493,39.3877,0.0024,nan,nan,nan,nan
14.8719,1.3816,0.7150,0.5353,3.6564,-7.3683,-0.0772,nan,nan,nan,nan,1.5017,39.0524,39.3829,0.0027,nan,nan,nan,nan
14.8989,1.3789,0.7167,0.5385,3.5085,-7.2924,-0.0707,nan,nan,nan,nan,1.4617,39.0566,39.3808,0.0026,nan,nan,nan,nan
14.9190,1.3767,0.7180,0.5409,3.3602,-7.2028,-0.0640,nan,nan,nan,nan,1.4444,39.0587,39.3779,0.0025,nan,nan,nan,nan
14.9467,1.3743,0.7191,0.5433,3.2131,-7.0998,-0.0572,nan,nan,nan,nan,1.4058,39.0598,39.3761,-0.0016,nan,nan,nan,nan
14.9764,1.3709,0.7205,0.5465,3.0706,-6.9808,-0.0505,nan,nan,nan,nan,1.3633,39.0623,39.3780,-0.0072,nan,nan,nan,nan
15.0083,1.3671,0.7217,0.5497,2.9304,-6.8490,-0.0446,nan,nan,nan,nan,1.3246,39.0657,39.3784,-0.0076,nan,nan,nan,nan
15.0345,1.3631,0.7228,0.5528,2.7922,-6.7070,-0.0403,nan,nan,nan,nan,1.2923,39.0691,39.3788,-0.0027,nan,nan,nan,nan
15.0597,1.3587,0.7238,0.5560,2.6598,-6.5519,-0.0376,nan,nan,nan,nan,1.2693,39.0706,39.3815,0.0039,nan,nan,nan,nan
15.0941,1.3541,0.7247,0.5591,2.5331,-6.3850,-0.0369,nan,nan,nan,nan,1.2558,39.0739,39.3872,0.0121,nan,nan,nan,nan
15.1160,1.3492,0.7255,0.5623,2.4098,-6.2111,-0.0377,nan,nan,nan,nan,1.2465,39.0777,39.3903,0.0191,nan,nan,nan,nan
15.1396,1.3440,0.7261,0.5654,2.2931,-6.0286,-0.0388,nan,nan,nan,nan,1.2312,39.0815,39.3889,0.0253,nan,nan,nan,nan
15.1704,1.3386,0.7267,0.5686,2.1863,-5.8370,-0.0399,nan,nan,nan,nan,1.2022,39.0840,39.3842,0.0223,nan,nan,nan,nan
15.2006,1.3329,0.7272,0.5717,2.0872,-5.6406,-0.0397,nan,nan,nan,nan,1.1502,39.0859,39.3800,0.0147,nan,nan,nan,nan
15.2235,1.3285,0.7275,0.5740,2.0872,-5.6406,-0.0397,nan,nan,nan,nan,1.1113,39.0880,39.3773,0.0099,nan,nan,nan,nan
15.2442,1.3255,0.7277,0.5756,1.9947,-5.4405,-0.0413,nan,nan,nan,nan,1.0995,39.0889,39.3767,0.0096,nan,nan,nan,nan
15.2712,1.3193,0.7280,0.5787,1.9112,-5.2338,-0.0442,nan,nan,nan,nan,1.0436,39.0954,39.3752,0.0109,nan,nan,nan,nan
15.3036,1.3145,0.7281,0.5810,1.8360,-5.0239,-0.0485,nan,nan,nan,nan,1.0121,39.0987,39.3714,0.0065,nan,nan,nan,nan
15.3239,1.3096,0.7283,0.5833,1.8360,-5.0239,-0.0485,nan,nan,nan,nan,0.9904,39.1007,39.3683,0.0036,nan,nan,nan,nan
15.3456,1.3046,0.7284,0.5857,1.7685,-4.8147,-0.0535,nan,nan,nan,nan,0.9352,39.1049,39.3642,0.0025,nan,nan,nan,nan
15.3696,1.2978,0.7284,0.5888,1.7115,-4.6037,-0.0578,nan,nan,nan,nan,0.8584,39.1108,39.3635,0.0097,nan,nan,nan,nan
15.3897,1.2943,0.7284,0.5903,1.6649,-4.3913,-0.0610,nan,nan,nan,nan,0.8157,39.1130,39.3624,0.0125,nan,nan,nan,nan
15.4210,1.2871,0.7284,0.5934,1.6263,-4.1829,-0.0660,nan,nan,nan,nan,0.7381,39.1131,39.3587,0.0154,nan,nan,nan,nan
15.4416,1.2817,0.7283,0.5957,1.6263,-4.1829,-0.0660,nan,nan,nan,nan,0.6864,39.1119,39.3543,0.0115,nan,nan,nan,nan
15.4620,1.2780,0.7282,0.5973,1.5957,-3.9774,-0.0730,nan,nan,nan,nan,0.6541,39.1120,39.3515,0.0093,nan,nan,nan,nan
15.4893,1.2724,0.7281,0.5996,1.5737,-3.7729,-0.0812,nan,nan,nan,nan,0.6100,39.1112,39.3458,0.0100,nan,nan,nan,nan
15.5225,1.2648,0.7279,0.6027,1.5596,-3.5730,-0.0921,nan,nan,nan,nan,0.5665,39.1089,39.3381,0.0079,nan,nan,nan,nan
15.5494,1.2571,0.7275,0.6058,1.5529,-3.3795,-0.1057,nan,nan,nan,nan,0.5426,39.1080,39.3296,0.0100,nan,nan,nan,nan
15.5727,1.2492,0.7272,0.6089,1.5539,-3.1893,-0.1203,nan,nan,nan,nan,0.5228,39.1104,39.3218,0.0102,nan,nan,nan,nan
15.5932,1.2432,0.7268,0.6112,1.5539,-3.1893,-0.1203,nan,nan,nan,nan,0.5117,39.1120,39.3192,0.0103,nan,nan,nan,nan
15.6191,1.2392,0.7266,0.6128,1.5624,-3.0042,-0.1348,nan,nan,nan,nan,0.4949,39.1133,39.3150,0.0110,nan,nan,nan,nan
15.6512,1.2331,0.7262,0.6151,1.5787,-2.8283,-0.1495,nan,nan,nan,nan,0.4770,39.1129,39.3148,0.0090,nan,nan,nan,nan
15.6722,1.2270,0.7258,0.6174,1.5787,-2.8283,-0.1495,nan,nan,nan,nan,0.4638,39.1134,39.3159,0.0080,nan,nan,nan,nan
15.6941,1.2229,0.7255,0.6190,1.6021,-2.6589,-0.1641,nan,nan,nan,nan,0.4434,39.1164,39.3155,0.0082,nan,nan,nan,nan
15.7167,1.2167,0.7250,0.6213,1.6310,-2.4948,-0.1787,nan,nan,nan,nan,0.4242,39.1207,39.3151,0.0082,nan,nan,nan,nan
15.7444,1.2083,0.7243,0.6244,1.6660,-2.3401,-0.1933,nan,nan,nan,nan,0.4003,39.1250,39.3132,0.0022,nan,nan,nan,nan
15.7675,1.2019,0.7237,0.6268,1.6660,-2.3401,-0.1933,nan,nan,nan,nan,0.3905,39.1267,39.3115,-0.0008,nan,nan,nan,nan
15.7905,1.1955,0.7231,0.6291,1.7068,-2.1949,-0.2088,nan,nan,nan,nan,0.3746,39.1280,39.3073,-0.0010,nan,nan,nan,nan
15.8108,1.1891,0.7224,0.6315,1.7513,-2.0565,-0.2245,nan,nan,nan,nan,0.3659,39.1289,39.3040,0.0031,nan,nan,nan,nan
15.8374,1.1827,0.7217,0.6338,1.7994,-1.9262,-0.2400,nan,nan,nan,nan,0.3575,39.1289,39.3049,0.0054,nan,nan,nan,nan
15.8691,1.1740,0.7207,0.6370,1.8533,-1.8062,-0.2549,nan,nan,nan,nan,0.3396,39.1280,39.3084,0.0069,nan,nan,nan,nan
15.8909,1.1674,0.7199,0.6393,1.8533,-1.8062,-0.2549,nan,nan,nan,nan,0.3269,39.1266,39.3113,0.0044,nan,nan,nan,nan
15.9160,1.1631,0.7193,0.6409,1.9095,-1.6939,-0.2694,nan,nan,nan,nan,0.3244,39.1257,39.3128,0.0045,nan,nan,nan,nan
15.9476,1.1565,0.7184,0.6433,1.9669,-1.5887,-0.2841,nan,nan,nan,nan,0.3148,39.1232,39.3173,0.0072,nan,nan,nan,nan
15.9763,1.1476,0.7172,0.6464,2.0271,-1.4929,-0.2985,nan,nan,nan,nan,0.3051,39.1220,39.3181,0.0125,nan,nan,nan,nan
16.0064,1.1388,0.7158,0.6496,2.0890,-1.4053,-0.3132,nan,nan,nan,nan,0.3022,39.1209,39.3206,0.0200,nan,nan,nan,nan
16.0278,1.1321,0.7147,0.6520,2.0890,-1.4053,-0.3132,nan,nan,nan,nan,0.3017,39.1238,39.3206,0.0184,nan,nan,nan,nan
16.0495,1.1276,0.7140,0.6536,2.1498,-1.3235,-0.3272,nan,nan,nan,nan,0.3014,39.1244,39.3195,0.0178,nan,nan,nan,nan
16.0721,1.1209,0.7128,0.6560,2.2109,-1.2494,-0.3408,nan,nan,nan,nan,0.3025,39.1253,39.3164,0.0154,nan,nan,nan,nan
16.1047,1.1119,0.7112,0.6592,2.2721,-1.1836,-0.3545,nan,nan,nan,nan,0.3104,39.1246,39.3180,0.0092,nan,nan,nan,nan
16.1386,1.1029,0.7095,0.6625,2.3313,-1.1235,-0.3670,nan,nan,nan,nan,0.3162,39.1228,39.3217,0.0084,nan,nan,nan,nan
16.1624,1.0961,0.7081,0.6649,2.3313,-1.1235,-0.3670,nan,nan,nan,nan,0.3254,39.1217,39.3222,0.0060,nan,nan,nan,nan
16.1848,1.0893,0.7067,0.6673,2.3873,-1.0689,-0.3793,nan,nan,nan,nan,0.3330,39.1217,39.3227,0.0049,nan,nan,nan,nan
16.2117,1.0802,0.7047,0.6706,2.4422,-1.0206,-0.3909,nan,nan,nan,nan,0.3403,39.1219,39.3263,0.0064,nan,nan,nan,nan
16.2333,1.0733,0.7031,0.6730,2.4948,-0.9776,-0.4000,nan,nan,nan,nan,0.3359,39.1227,39.3285,0.0049,nan,nan,nan,nan
16.2548,1.0665,0.7015,0.6755,2.5432,-0.9387,-0.4077,nan,nan,nan,nan,0.3285,39.1235,39.3285,0.0003,nan,nan,nan,nan
16.2878,1.0573,0.6992,0.6788,2.5872,-0.9043,-0.4155,nan,nan,nan,nan,0.3305,39.1246,39.3337,0.0027,nan,nan,nan,nan
16.3138,1.0482,0.6968,0.6821,2.6268,-0.8742,-0.4231,nan,nan,nan,nan,0.3391,39.1252,39.3426,0.0070,nan,nan,nan,nan
16.3399,1.0390,0.6943,0.6854,2.6601,-0.8469,-0.4302,nan,nan,nan,nan,0.3547,39.1253,39.3485,-0.0003,nan,nan,nan,nan
16.3679,1.0298,0.6917,0.6888,2.6871,-0.8220,-0.4372,nan,nan,nan,nan,0.3800,39.1260,39.3520,-0.0049,nan,nan,nan,nan
16.3917,1.0228,0.6897,0.6913,2.6871,-0.8220,-0.4372,nan,nan,nan,nan,0.3964,39.1255,39.3526,-0.0049,nan,nan,nan,nan
16.4157,1.0159,0.6875,0.6938,2.7080,-0.8000,-0.4440,nan,nan,nan,nan,0.4237,39.1249,39.3550,-0.0050,nan,nan,nan,nan
16.4398,1.0066,0.6846,0.6972,2.7220,-0.7797,-0.4505,nan,nan,nan,nan,0.4687,39.1271,39.3587,-0.0055,nan,nan,nan,nan
16.4652,0.9997,0.6823,0.6998,2.7290,-0.7602,-0.4564,nan,nan,nan,nan,0.5042,39.1293,39.3568,-0.0040,nan,nan,nan,nan
16.4885,0.9927,0.6800,0.7023,2.7296,-0.7420,-0.4602,nan,nan,nan,nan,0.5448,39.1336,39.3566,-0.0011,nan,nan,nan,nan
16.5089,0.9857,0.6776,0.7049,2.7296,-0.7420,-0.4602,nan,nan,nan,nan,0.5595,39.1359,39.3574,-0.0005,nan,nan,nan,nan
16.5299,0.9811,0.6759,0.7066,2.7243,-0.7249,-0.4613,nan,nan,nan,nan,0.5721,39.1389,39.3588,0.0007,nan,nan,nan,nan
16.5573,0.9741,0.6734,0.7092,2.7128,-0.7084,-0.4602,nan,nan,nan,nan,0.5803,39.1397,39.3606,0.0023,nan,nan,nan,nan
16.5839,0.9648,0.6700,0.7127,2.6945,-0.6928,-0.4572,nan,nan,nan,nan,0.5847,39.1371,39.3619,0.0081,nan,nan,nan,nan
16.6050,0.9578,0.6673,0.7153,2.6945,-0.6928,-0.4572,nan,nan,nan,nan,0.5851,39.1376,39.3578,0.0129,nan,nan,nan,nan
16.6269,0.9531,0.6655,0.7170,2.6690,-0.6768,-0.4532,nan,nan,nan,nan,0.5851,39.1372,39.3507,0.0203,nan,nan,nan,nan
16.6582,0.9461,0.6627,0.7197,2.6368,-0.6607,-0.4479,nan,nan,nan,nan,0.5823,39.1356,39.3442,0.0296,nan,nan,nan,nan
16.6795,0.9391,0.6599,0.7223,2.6368,-0.6607,-0.4479,nan,nan,nan,nan,0.5810,39.1346,39.3424,0.0357,nan,nan,nan,nan
16.7023,0.9320,0.6569,0.7250,2.5977,-0.6435,-0.4421,nan,nan,nan,nan,0.5849,39.1325,39.3411,0.0434,nan,nan,nan,nan
16.7231,0.9250,0.6540,0.7276,2.5508,-0.6257,-0.4363,nan,nan,nan,nan,0.5888,39.1316,39.3412,0.0464,nan,nan,nan,nan
16.7487,0.9180,0.6509,0.7303,2.4971,-0.6065,-0.4292,nan,nan,nan,nan,0.5929,39.1321,39.3398,0.0468,nan,nan,nan,nan
16.7776,0.9086,0.6468,0.7339,2.4383,-0.5859,-0.4205,nan,nan,nan,nan,0.5853,39.1309,39.3360,0.0428,nan,nan,nan,nan
16.7996,0.8992,0.6426,0.7375,2.3733,-0.5642,-0.4105,nan,nan,nan,nan,0.5740,39.1302,39.3317,0.0426,nan,nan,nan,nan
16.8222,0.8921,0.6393,0.7402,2.3733,-0.5642,-0.4105,nan,nan,nan,nan,0.5672,39.1284,39.3285,0.0383,nan,nan,nan,nan
16.8491,0.8827,0.6349,0.7438,2.3020,-0.5414,-0.4007,nan,nan,nan,nan,0.5647,39.1287,39.3290,0.0297,nan,nan,nan,nan
16.8696,0.8780,0.6326,0.7457,2.2256,-0.5162,-0.3912,nan,nan,nan,nan,0.5654,39.1300,39.3310,0.0171,nan,nan,nan,nan
16.8989,0.8709,0.6292,0.7484,2.1443,-0.4890,-0.3814,nan,nan,nan,nan,0.5649,39.1324,39.3333,0.0060,nan,nan,nan,nan
16.9352,0.8615,0.6246,0.7521,2.0579,-0.4608,-0.3712,nan,nan,nan,nan,0.5616,39.1368,39.3383,-0.0005,nan,nan,nan,nan
16.9678,0.8520,0.6199,0.7558,1.9679,-0.4312,-0.3611,nan,nan,nan,nan,0.5608,39.1395,39.3403,-0.0060,nan,nan,nan,nan
16.9915,0.8449,0.6163,0.7586,1.9679,-0.4312,-0.3611,nan,nan,nan,nan,0.5578,39.1394,39.3391,-0.0072,nan,nan,nan,nan
17.0166,0.8379,0.6127,0.7614,1.8753,-0.4001,-0.3507,nan,nan,nan,nan,0.5559,39.1371,39.3359,-0.0077,nan,nan,nan,nan
17.0376,0.8331,0.6102,0.7632,1.7789,-0.3690,-0.3404,nan,nan,nan,nan,0.5524,39.1326,39.3302,-0.0043,nan,nan,nan,nan
17.0611,0.8261,0.6065,0.7661,1.7789,-0.3690,-0.3404,nan,nan,nan,nan,0.5495,39.1300,39.3282,-0.0020,nan,nan,nan,nan
17.0835,0.8190,0.6028,0.7689,1.6795,-0.3367,-0.3296,nan,nan,nan,nan,0.5407,39.1282,39.3250,0.0014,nan,nan,nan,nan
17.1056,0.8119,0.5990,0.7717,1.5796,-0.3025,-0.3190,nan,nan,nan,nan,0.5284,39.1281,39.3194,0.0042,nan,nan,nan,nan
17.1335,0.8048,0.5952,0.7746,1.4769,-0.2671,-0.3096,nan,nan,nan,nan,0.5268,39.1289,39.3199,-0.0008,nan,nan,nan,nan
17.1605,0.7954,0.5900,0.7784,1.3709,-0.2313,-0.3020,nan,nan,nan,nan,0.5390,39.1287,39.3146,-0.0027,nan,nan,nan,nan
17.1937,0.7860,0.5848,0.7822,1.2646,-0.1941,-0.2953,nan,nan,nan,nan,0.5554,39.1296,39.3103,0.0008,nan,nan,nan,nan
17.2226,0.7766,0.5796,0.7861,1.1596,-0.1560,-0.2875,nan,nan,nan,nan,0.5556,39.1276,39.3081,0.0029,nan,nan,nan,nan
17.2522,0.7672,0.5743,0.7900,1.0552,-0.1184,-0.2782,nan,nan,nan,nan,0.5356,39.1237,39.3059,0.0073,nan,nan,nan,nan
17.2796,0.7578,0.5690,0.7939,0.9524,-0.0801,-0.2686,nan,nan,nan,nan,0.5048,39.1222,39.3063,0.0093,nan,nan,nan,nan
17.3002,0.7508,0.5650,0.7968,0.9524,-0.0801,-0.2686,nan,nan,nan,nan,0.4875,39.1219,39.3081,0.0088,nan,nan,nan,nan
17.3213,0.7438,0.5610,0.7997,0.8523,-0.0409,-0.2592,nan,nan,nan,nan,0.4561,39.1217,39.3120,0.0086,nan,nan,nan,nan
17.3430,0.7391,0.5583,0.8017,0.7537,-0.0020,-0.2494,nan,nan,nan,nan,0.4209,39.1205,39.3170,0.0062,nan,nan,nan,nan
17.3713,0.7298,0.5529,0.8056,0.6567,0.0361,-0.2407,nan,nan,nan,nan,0.3758,39.1166,39.3281,-0.0071,nan,nan,nan,nan
17.3984,0.7205,0.5475,0.8096,0.5621,0.0746,-0.2348,nan,nan,nan,nan,0.3486,39.1125,39.3400,-0.0193,nan,nan,nan,nan
17.4206,0.7135,0.5434,0.8126,0.5621,0.0746,-0.2348,nan,nan,nan,nan,0.3430,39.1105,39.3456,-0.0202,nan,nan,nan,nan
17.4448,0.7065,0.5393,0.8156,0.4694,0.1131,-0.2316,nan,nan,nan,nan,0.3418,39.1105,39.3514,-0.0200,nan,nan,nan,nan
17.4657,0.7019,0.5365,0.8176,0.3781,0.1507,-0.2303,nan,nan,nan,nan,0.3458,39.1117,39.3554,-0.0185,nan,nan,nan,nan
17.5027,0.6927,0.5311,0.8216,0.2909,0.1876,-0.2300,nan,nan,nan,nan,0.3517,39.1130,39.3609,-0.0170,nan,nan,nan,nan
17.5336,0.6834,0.5256,0.8256,0.2081,0.2242,-0.2312,nan,nan,nan,nan,0.3642,39.1146,39.3645,-0.0134,nan,nan,nan,nan
17.5675,0.6743,0.5201,0.8296,0.1280,0.2590,-0.2342,nan,nan,nan,nan,0.3859,39.1137,39.3686,-0.0051,nan,nan,nan,nan
17.5991,0.6651,0.5146,0.8337,0.0526,0.2924,-0.2372,nan,nan,nan,nan,0.4018,39.1136,39.3711,0.0001,nan,nan,nan,nan
17.6257,0.6560,0.5092,0.8378,-0.0166,0.3252,-0.2397,nan,nan,nan,nan,0.4048,39.1125,39.3750,0.0037,nan,nan,nan,nan
17.6558,0.6469,0.5037,0.8418,-0.0806,0.3568,-0.2417,nan,nan,nan,nan,0.3950,39.1119,39.3781,0.0025,nan,nan,nan,nan
17.6882,0.6378,0.4983,0.8459,-0.1397,0.3868,-0.2431,nan,nan,nan,nan,0.3728,39.1133,39.3765,-0.0040,nan,nan,nan,nan
17.7108,0.6288,0.4929,0.8500,-0.1931,0.4159,-0.2445,nan,nan,nan,nan,0.3436,39.1137,39.3761,-0.0082,nan,nan,nan,nan
17.7348,0.6220,0.4888,0.8531,-0.1931,0.4159,-0.2445,nan,nan,nan,nan,0.3170,39.1131,39.3759,-0.0094,nan,nan,nan,nan
17.7567,0.6176,0.4862,0.8552,-0.2411,0.4441,-0.2460,nan,nan,nan,nan,0.3077,39.1127,39.3763,-0.0100,nan,nan,nan,nan
17.7770,0.6109,0.4821,0.8583,-0.2845,0.4708,-0.2479,nan,nan,nan,nan,0.2700,39.1123,39.3779,-0.0082,nan,nan,nan,nan
17.8080,0.6019,0.4768,0.8624,-0.3225,0.4966,-0.2499,nan,nan,nan,nan,0.2274,39.1136,39.3820,-0.0036,nan,nan,nan,nan
17.8348,0.5931,0.4715,0.8665,-0.3548,0.5217,-0.2516,nan,nan,nan,nan,0.1752,39.1143,39.3840,0.0015,nan,nan,nan,nan
17.8552,0.5864,0.4675,0.8696,-0.3548,0.5217,-0.2516,nan,nan,nan,nan,0.1323,39.1154,39.3852,0.0020,nan,nan,nan,nan
17.8756,0.5820,0.4648,0.8717,-0.3819,0.5457,-0.2534,nan,nan,nan,nan,0.1181,39.1162,39.3848,0.0025,nan,nan,nan,nan
17.9019,0.5733,0.4596,0.8758,-0.4045,0.5685,-0.2557,nan,nan,nan,nan,0.0476,39.1202,39.3845,0.0027,nan,nan,nan,nan
17.9306,0.5667,0.4556,0.8790,-0.4221,0.5906,-0.2589,nan,nan,nan,nan,0.0074,39.1223,39.3892,0.0020,nan,nan,nan,nan
17.9567,0.5580,0.4504,0.8831,-0.4359,0.6120,-0.2638,nan,nan,nan,nan,-0.0318,39.1260,39.3951,0.0014,nan,nan,nan,nan
17.9777,0.5493,0.4452,0.8873,-0.4464,0.6323,-0.2709,nan,nan,nan,nan,-0.0528,39.1289,39.4064,-0.0061,nan,nan,nan,nan
18.0016,0.5407,0.4400,0.8914,-0.4533,0.6515,-0.2797,nan,nan,nan,nan,-0.0598,39.1291,39.4168,-0.0105,nan,nan,nan,nan
18.0348,0.5322,0.4349,0.8956,-0.4561,0.6704,-0.2896,nan,nan,nan,nan,-0.0579,39.1302,39.4289,-0.0118,nan,nan,nan,nan
18.0577,0.5236,0.4297,0.8998,-0.4559,0.6887,-0.3015,nan,nan,nan,nan,-0.0396,39.1326,39.4391,-0.0151,nan,nan,nan,nan
18.0811,0.5152,0.4246,0.9040,-0.4529,0.7065,-0.3150,nan,nan,nan,nan,-0.0029,39.1350,39.4480,-0.0202,nan,nan,nan,nan
18.1099,0.5067,0.4195,0.9081,-0.4465,0.7246,-0.3286,nan,nan,nan,nan,0.0323,39.1411,39.4584,-0.0264,nan,nan,nan,nan
18.1340,0.4984,0.4145,0.9123,-0.4360,0.7421,-0.3409,nan,nan,nan,nan,0.0560,39.1442,39.4673,-0.0379,nan,nan,nan,nan
18.1568,0.4921,0.4107,0.9154,-0.4360,0.7421,-0.3409,nan,nan,nan,nan,0.0617,39.1456,39.4711,-0.0450,nan,nan,nan,nan
18.1771,0.4879,0.4082,0.9175,-0.4212,0.7591,-0.3511,nan,nan,nan,nan,0.0612,39.1463,39.4747,-0.0516,nan,nan,nan,nan
18.2073,0.4817,0.4045,0.9206,-0.4023,0.7759,-0.3589,nan,nan,nan,nan,0.0426,39.1459,39.4827,-0.0617,nan,nan,nan,nan
18.2310,0.4756,0.4007,0.9238,-0.4023,0.7759,-0.3589,nan,nan,nan,nan,0.0163,39.1465,39.4876,-0.0732,nan,nan,nan,nan
18.2555,0.4715,0.3983,0.9258,-0.3803,0.7930,-0.3647,nan,nan,nan,nan,-0.0043,39.1452,39.4923,-0.0813,nan,nan,nan,nan
18.2848,0.4653,0.3946,0.9290,-0.3553,0.8097,-0.3693,nan,nan,nan,nan,-0.0411,39.1449,39.4983,-0.0934,nan,nan,nan,nan
18.3056,0.4592,0.3909,0.9321,-0.3553,0.8097,-0.3693,nan,nan,nan,nan,-0.0859,39.1458,39.5017,-0.0992,nan,nan,nan,nan
18.3278,0.4532,0.3872,0.9352,-0.3277,0.8270,-0.3723,nan,nan,nan,nan,-0.1186,39.1462,39.5023,-0.0992,nan,nan,nan,nan
18.3521,0.4471,0.3835,0.9383,-0.2993,0.8450,-0.3752,nan,nan,nan,nan,-0.1616,39.1472,39.5031,-0.1000,nan,nan,nan,nan
18.3733,0.4411,0.3799,0.9414,-0.2716,0.8637,-0.3806,nan,nan,nan,nan,-0.1941,39.1487,39.5005,-0.1008,nan,nan,nan,nan
18.3952,0.4351,0.3762,0.9445,-0.2716,0.8637,-0.3806,nan,nan,nan,nan,-0.1973,39.1521,39.4991,-0.1010,nan,nan,nan,nan
18.4163,0.4311,0.3738,0.9466,-0.2450,0.8832,-0.3886,nan,nan,nan,nan,-0.1949,39.1536,39.4985,-0.1021,nan,nan,nan,nan
18.4393,0.4252,0.3701,0.9497,-0.2199,0.9038,-0.3984,nan,nan,nan,nan,-0.1725,39.1595,39.4987,-0.1076,nan,nan,nan,nan
18.4677,0.4174,0.3653,0.9538,-0.1950,0.9249,-0.4083,nan,nan,nan,nan,-0.1439,39.1625,39.5017,-0.1118,nan,nan,nan,nan
18.4968,0.4095,0.3604,0.9579,-0.1701,0.9462,-0.4177,nan,nan,nan,nan,-0.1145,39.1651,39.5066,-0.1134,nan,nan,nan,nan
18.5286,0.4018,0.3556,0.9620,-0.1451,0.9683,-0.4259,nan,nan,nan,nan,-0.0908,39.1678,39.5113,-0.1123,nan,nan,nan,nan
18.5505,0.3941,0.3508,0.9661,-0.1208,0.9916,-0.4322,nan,nan,nan,nan,-0.0789,39.1722,39.5150,-0.1181,nan,nan,nan,nan
18.5820,0.3865,0.3460,0.9702,-0.0969,1.0150,-0.4369,nan,nan,nan,nan,-0.0751,39.1774,39.5156,-0.1159,nan,nan,nan,nan
18.6056,0.3808,0.3424,0.9732,-0.0969,1.0150,-0.4369,nan,nan,nan,nan,-0.0767,39.1809,39.5160,-0.1118,nan,nan,nan,nan
18.6283,0.3751,0.3388,0.9762,-0.0734,1.0384,-0.4406,nan,nan,nan,nan,-0.0780,39.1833,39.5164,-0.1094,nan,nan,nan,nan
18.6491,0.3695,0.3352,0.9793,-0.0521,1.0627,-0.4438,nan,nan,nan,nan,-0.0787,39.1862,39.5175,-0.1071,nan,nan,nan,nan
18.6709,0.3621,0.3305,0.9833,-0.0324,1.0867,-0.4462,nan,nan,nan,nan,-0.0815,39.1849,39.5191,-0.1022,nan,nan,nan,nan
18.6913,0.3565,0.3269,0.9863,-0.0141,1.1106,-0.4477,nan,nan,nan,nan,-0.0867,39.1824,39.5193,-0.0997,nan,nan,nan,nan
18.7182,0.3492,0.3221,0.9903,0.0018,1.1353,-0.4488,nan,nan,nan,nan,-0.0898,39.1806,39.5215,-0.1051,nan,nan,nan,nan
18.7460,0.3419,0.3174,0.9942,0.0151,1.1610,-0.4492,nan,nan,nan,nan,-0.0939,39.1821,39.5279,-0.1032,nan,nan,nan,nan
18.7752,0.3347,0.3126,0.9982,0.0266,1.1861,-0.4486,nan,nan,nan,nan,-0.1022,39.1809,39.5360,-0.1005,nan,nan,nan,nan
18.8038,0.3276,0.3078,1.0021,0.0357,1.2113,-0.4469,nan,nan,nan,nan,-0.1136,39.1810,39.5448,-0.0971,nan,nan,nan,nan
18.8300,0.3205,0.3031,1.0060,0.0423,1.2367,-0.4445,nan,nan,nan,nan,-0.1285,39.1804,39.5539,-0.0918,nan,nan,nan,nan
18.8570,0.3135,0.2983,1.0099,0.0460,1.2620,-0.4415,nan,nan,nan,nan,-0.1425,39.1802,39.5587,-0.0889,nan,nan,nan,nan
18.8877,0.3066,0.2936,1.0137,0.0472,1.2871,-0.4385,nan,nan,nan,nan,-0.1532,39.1794,39.5611,-0.0885,nan,nan,nan,nan
18.9083,0.3015,0.2900,1.0166,0.0472,1.2871,-0.4385,nan,nan,nan,nan,-0.1588,39.1798,39.5602,-0.0873,nan,nan,nan,nan
18.9334,0.2963,0.2865,1.0194,0.0455,1.3120,-0.4354,nan,nan,nan,nan,-0.1620,39.1794,39.5597,-0.0843,nan,nan,nan,nan
18.9552,0.2913,0.2829,1.0223,0.0402,1.3366,-0.4330,nan,nan,nan,nan,-0.1566,39.1797,39.5589,-0.0827,nan,nan,nan,nan
18.9771,0.2846,0.2782,1.0261,0.0315,1.3604,-0.4311,nan,nan,nan,nan,-0.1424,39.1797,39.5578,-0.0823,nan,nan,nan,nan
19.0054,0.2779,0.2734,1.0298,0.0198,1.3839,-0.4295,nan,nan,nan,nan,-0.1211,39.1815,39.5606,-0.0791,nan,nan,nan,nan
19.0297,0.2730,0.2698,1.0326,0.0049,1.4072,-0.4283,nan,nan,nan,nan,-0.0889,39.1833,39.5646,-0.0724,nan,nan,nan,nan
19.0575,0.2665,0.2651,1.0363,-0.0129,1.4295,-0.4268,nan,nan,nan,nan,-0.0579,39.1864,39.5672,-0.0642,nan,nan,nan,nan
19.0807,0.2617,0.2615,1.0390,-0.0129,1.4295,-0.4268,nan,nan,nan,nan,-0.0467,39.1879,39.5686,-0.0615,nan,nan,nan,nan
19.1075,0.2569,0.2580,1.0417,-0.0328,1.4508,-0.4237,nan,nan,nan,nan,-0.0353,39.1927,39.5694,-0.0582,nan,nan,nan,nan
19.1321,0.2537,0.2556,1.0435,-0.0541,1.4711,-0.4187,nan,nan,nan,nan,-0.0346,39.1945,39.5719,-0.0584,nan,nan,nan,nan
19.1647,0.2475,0.2509,1.0471,-0.0770,1.4900,-0.4125,nan,nan,nan,nan,-0.0431,39.1984,39.5765,-0.0630,nan,nan,nan,nan
19.1868,0.2413,0.2462,1.0506,-0.1028,1.5072,-0.4056,nan,nan,nan,nan,-0.0526,39.2018,39.5786,-0.0714,nan,nan,nan,nan
19.2107,0.2352,0.2415,1.0542,-0.1317,1.5234,-0.3997,nan,nan,nan,nan,-0.0520,39.2045,39.5841,-0.0855,nan,nan,nan,nan
19.2413,0.2291,0.2368,1.0576,-0.1633,1.5387,-0.3945,nan,nan,nan,nan,-0.0429,39.2081,39.5945,-0.1013,nan,nan,nan,nan
19.2756,0.2232,0.2321,1.0611,-0.1981,1.5520,-0.3895,nan,nan,nan,nan,-0.0282,39.2076,39.6032,-0.1141,nan,nan,nan,nan
19.3041,0.2173,0.2274,1.0645,-0.2351,1.5640,-0.3847,nan,nan,nan,nan,-0.0109,39.2078,39.6105,-0.1227,nan,nan,nan,nan
19.3261,0.2129,0.2239,1.0670,-0.2351,1.5640,-0.3847,nan,nan,nan,nan,0.0033,39.2101,39.6155,-0.1255,nan,nan,nan,nan
19.3492,0.2072,0.2193,1.0703,-0.2739,1.5755,-0.3800,nan,nan,nan,nan,0.0212,39.2132,39.6193,-0.1231,nan,nan,nan,nan
19.3708,0.2029,0.2158,1.0728,-0.3150,1.5856,-0.3758,nan,nan,nan,nan,0.0460,39.2157,39.6242,-0.1162,nan,nan,nan,nan
19.3929,0.1973,0.2112,1.0761,-0.3576,1.5943,-0.3711,nan,nan,nan,nan,0.0577,39.2164,39.6258,-0.1134,nan,nan,nan,nan
19.4173,0.1932,0.2077,1.0785,-0.4007,1.6014,-0.3653,nan,nan,nan,nan,0.0645,39.2161,39.6259,-0.1132,nan,nan,nan,nan
19.4438,0.1891,0.2043,1.0809,-0.4442,1.6078,-0.3585,nan,nan,nan,nan,0.0641,39.2165,39.6302,-0.1132,nan,nan,nan,nan
19.4724,0.1837,0.1997,1.0841,-0.4891,1.6129,-0.3512,nan,nan,nan,nan,0.0594,39.2170,39.6352,-0.1146,nan,nan,nan,nan
19.4936,0.1797,0.1963,1.0864,-0.4891,1.6129,-0.3512,nan,nan,nan,nan,0.0624,39.2164,39.6407,-0.1141,nan,nan,nan,nan
19.5140,0.1770,0.1941,1.0880,-0.5354,1.6165,-0.3450,nan,nan,nan,nan,0.0647,39.2170,39.6430,-0.1135,nan,nan,nan,nan
19.5397,0.1731,0.1907,1.0903,-0.5821,1.6191,-0.3384,nan,nan,nan,nan,0.0633,39.2190,39.6466,-0.1132,nan,nan,nan,nan
19.5609,0.1693,0.1873,1.0925,-0.5821,1.6191,-0.3384,nan,nan,nan,nan,0.0586,39.2205,39.6478,-0.1119,nan,nan,nan,nan
19.5885,0.1642,0.1829,1.0955,-0.6291,1.6211,-0.3305,nan,nan,nan,nan,0.0410,39.2220,39.6445,-0.1104,nan,nan,nan,nan
19.6145,0.1616,0.1807,1.0970,-0.6761,1.6217,-0.3223,nan,nan,nan,nan,0.0252,39.2213,39.6418,-0.1091,nan,nan,nan,nan
19.6487,0.1579,0.1774,1.0992,-0.7231,1.6213,-0.3142,nan,nan,nan,nan,0.0120,39.2217,39.6403,-0.1091,nan,nan,nan,nan
19.6786,0.1530,0.1730,1.1021,-0.7709,1.6202,-0.3071,nan,nan,nan,nan,0.0007,39.2241,39.6392,-0.1076,nan,nan,nan,nan
19.7139,0.1481,0.1687,1.1050,-0.8194,1.6182,-0.3008,nan,nan,nan,nan,-0.0055,39.2276,39.6404,-0.1053,nan,nan,nan,nan
19.7552,0.1434,0.1644,1.1078,-0.8671,1.6155,-0.2944,nan,nan,nan,nan,-0.0154,39.2308,39.6489,-0.1052,nan,nan,nan,nan
19.7921,0.1387,0.1602,1.1105,-0.9131,1.6118,-0.2870,nan,nan,nan,nan,-0.0383,39.2344,39.6619,-0.1092,nan,nan,nan,nan
19.8245,0.1341,0.1560,1.1132,-0.9579,1.6076,-0.2784,nan,nan,nan,nan,-0.0768,39.2373,39.6674,-0.1134,nan,nan,nan,nan
19.8453,0.1307,0.1529,1.1152,-0.9579,1.6076,-0.2784,nan,nan,nan,nan,-0.0986,39.2387,39.6707,-0.1161,nan,nan,nan,nan
19.8656,0.1285,0.1508,1.1166,-1.0015,1.6027,-0.2696,nan,nan,nan,nan,-0.1325,39.2411,39.6756,-0.1211,nan,nan,nan,nan
19.8915,0.1252,0.1477,1.1185,-1.0435,1.5973,-0.2612,nan,nan,nan,nan,-0.1670,39.2445,39.6787,-0.1253,nan,nan,nan,nan
19.9177,0.1208,0.1437,1.1211,-1.0844,1.5916,-0.2528,nan,nan,nan,nan,-0.2158,39.2500,39.6853,-0.1248,nan,nan,nan,nan
19.9416,0.1176,0.1407,1.1230,-1.0844,1.5916,-0.2528,nan,nan,nan,nan,-0.2518,39.2547,39.6894,-0.1263,nan,nan,nan,nan
19.9656,0.1144,0.1377,1.1248,-1.1245,1.5862,-0.2451,nan,nan,nan,nan,-0.2792,39.2590,39.6959,-0.1284,nan,nan,nan,nan
19.9870,0.1113,0.1348,1.1267,-1.1639,1.5804,-0.2396,nan,nan,nan,nan,-0.2904,39.2609,39.7008,-0.1302,nan,nan,nan,nan
20.0111,0.1082,0.1318,1.1285,-1.2030,1.5743,-0.2371,nan,nan,nan,nan,-0.2946,39.2627,39.7110,-0.1342,nan,nan,nan,nan
20.0386,0.1041,0.1280,1.1308,-1.2414,1.5684,-0.2360,nan,nan,nan,nan,-0.2869,39.2661,39.7177,-0.1373,nan,nan,nan,nan
20.0696,0.1001,0.1242,1.1331,-1.2780,1.5622,-0.2356,nan,nan,nan,nan,-0.2752,39.2673,39.7236,-0.1405,nan,nan,nan,nan
20.0899,0.0972,0.1214,1.1348,-1.2780,1.5622,-0.2356,nan,nan,nan,nan,-0.2687,39.2687,39.7267,-0.1414,nan,nan,nan,nan
20.1171,0.0943,0.1187,1.1365,-1.3120,1.5557,-0.2353,nan,nan,nan,nan,-0.2657,39.2708,39.7276,-0.1423,nan,nan,nan,nan
20.1398,0.0914,0.1159,1.1382,-1.3443,1.5494,-0.2353,nan,nan,nan,nan,-0.2589,39.2731,39.7266,-0.1446,nan,nan,nan,nan
20.1620,0.0877,0.1123,1.1403,-1.3755,1.5431,-0.2367,nan,nan,nan,nan,-0.2319,39.2746,39.7210,-0.1459,nan,nan,nan,nan
20.1922,0.0849,0.1097,1.1419,-1.4046,1.5361,-0.2392,nan,nan,nan,nan,-0.2111,39.2722,39.7187,-0.1431,nan,nan,nan,nan
20.2155,0.0813,0.1062,1.1440,-1.4316,1.5290,-0.2422,nan,nan,nan,nan,-0.1809,39.2697,39.7208,-0.1371,nan,nan,nan,nan
20.2384,0.0787,0.1037,1.1455,-1.4316,1.5290,-0.2422,nan,nan,nan,nan,-0.1566,39.2712,39.7239,-0.1343,nan,nan,nan,nan
20.2597,0.0760,0.1011,1.1470,-1.4572,1.5228,-0.2456,nan,nan,nan,nan,-0.1383,39.2733,39.7252,-0.1341,nan,nan,nan,nan
20.2803,0.0743,0.0995,1.1479,-1.4810,1.5167,-0.2499,nan,nan,nan,nan,-0.1072,39.2761,39.7283,-0.1344,nan,nan,nan,nan
20.3101,0.0709,0.0962,1.1499,-1.5023,1.5109,-0.2540,nan,nan,nan,nan,-0.0705,39.2815,39.7337,-0.1384,nan,nan,nan,nan
20.3331,0.0684,0.0938,1.1513,-1.5023,1.5109,-0.2540,nan,nan,nan,nan,-0.0580,39.2826,39.7374,-0.1430,nan,nan,nan,nan
20.3566,0.0668,0.0922,1.1522,-1.5205,1.5048,-0.2566,nan,nan,nan,nan,-0.0505,39.2832,39.7403,-0.1490,nan,nan,nan,nan
20.3887,0.0643,0.0899,1.1535,-1.5351,1.4990,-0.2573,nan,nan,nan,nan,-0.0515,39.2842,39.7444,-0.1567,nan,nan,nan,nan
20.4153,0.0612,0.0868,1.1553,-1.5468,1.4933,-0.2574,nan,nan,nan,nan,-0.0594,39.2855,39.7473,-0.1559,nan,nan,nan,nan
20.4502,0.0581,0.0838,1.1570,-1.5569,1.4878,-0.2583,nan,nan,nan,nan,-0.0615,39.2850,39.7507,-0.1546,nan,nan,nan,nan
20.4809,0.0550,0.0809,1.1587,-1.5649,1.4828,-0.2590,nan,nan,nan,nan,-0.0656,39.2837,39.7512,-0.1490,nan,nan,nan,nan
20.5103,0.0520,0.0781,1.1603,-1.5706,1.4780,-0.2596,nan,nan,nan,nan,-0.0708,39.2823,39.7515,-0.1422,nan,nan,nan,nan
20.5456,0.0491,0.0753,1.1618,-1.5744,1.4734,-0.2607,nan,nan,nan,nan,-0.0734,39.2806,39.7522,-0.1348,nan,nan,nan,nan
20.5754,0.0463,0.0726,1.1633,-1.5765,1.4692,-0.2621,nan,nan,nan,nan,-0.0717,39.2788,39.7538,-0.1317,nan,nan,nan,nan
20.5975,0.0442,0.0707,1.1644,-1.5765,1.4692,-0.2621,nan,nan,nan,nan,-0.0670,39.2769,39.7532,-0.1262,nan,nan,nan,nan
20.6176,0.0429,0.0694,1.1652,-1.5770,1.4652,-0.2642,nan,nan,nan,nan,-0.0596,39.2753,39.7525,-0.1214,nan,nan,nan,nan
20.6448,0.0402,0.0668,1.1666,-1.5761,1.4613,-0.2672,nan,nan,nan,nan,-0.0455,39.2734,39.7502,-0.1137,nan,nan,nan,nan
20.6666,0.0376,0.0643,1.1679,-1.5732,1.4581,-0.2702,nan,nan,nan,nan,-0.0212,39.2761,39.7421,-0.1076,nan,nan,nan,nan
20.6920,0.0357,0.0625,1.1689,-1.5685,1.4552,-0.2733,nan,nan,nan,nan,-0.0072,39.2789,39.7389,-0.1043,nan,nan,nan,nan
20.7223,0.0332,0.0602,1.1702,-1.5609,1.4524,-0.2745,nan,nan,nan,nan,-0.0036,39.2846,39.7370,-0.1002,nan,nan,nan,nan
20.7428,0.0313,0.0585,1.1711,-1.5609,1.4524,-0.2745,nan,nan,nan,nan,-0.0130,39.2873,39.7370,-0.1008,nan,nan,nan,nan
20.7667,0.0301,0.0574,1.1717,-1.5503,1.4492,-0.2741,nan,nan,nan,nan,-0.0212,39.2874,39.7359,-0.0999,nan,nan,nan,nan
20.7867,0.0284,0.0557,1.1726,-1.5377,1.4456,-0.2733,nan,nan,nan,nan,-0.0326,39.2876,39.7364,-0.0961,nan,nan,nan,nan
20.8186,0.0261,0.0536,1.1737,-1.5232,1.4420,-0.2722,nan,nan,nan,nan,-0.0495,39.2894,39.7361,-0.0857,nan,nan,nan,nan
20.8478,0.0239,0.0516,1.1748,-1.5071,1.4383,-0.2712,nan,nan,nan,nan,-0.0650,39.2905,39.7384,-0.0744,nan,nan,nan,nan
20.8685,0.0222,0.0501,1.1755,-1.5071,1.4383,-0.2712,nan,nan,nan,nan,-0.0707,39.2913,39.7400,-0.0696,nan,nan,nan,nan
20.8897,0.0212,0.0491,1.1760,-1.4896,1.4345,-0.2706,nan,nan,nan,nan,-0.0778,39.2929,39.7439,-0.0659,nan,nan,nan,nan
20.9241,0.0196,0.0476,1.1768,-1.4703,1.4307,-0.2699,nan,nan,nan,nan,-0.0872,39.2973,39.7450,-0.0647,nan,nan,nan,nan
20.9482,0.0181,0.0462,1.1775,-1.4703,1.4307,-0.2699,nan,nan,nan,nan,-0.0935,39.2999,39.7460,-0.0645,nan,nan,nan,nan
20.9699,0.0171,0.0453,1.1780,-1.4497,1.4265,-0.2688,nan,nan,nan,nan,-0.1025,39.3032,39.7475,-0.0636,nan,nan,nan,nan
20.9938,0.0152,0.0435,1.1789,-1.4274,1.4217,-0.2676,nan,nan,nan,nan,-0.1157,39.3043,39.7557,-0.0613,nan,nan,nan,nan
21.0165,0.0137,0.0423,1.1795,-1.4029,1.4161,-0.2654,nan,nan,nan,nan,-0.1332,39.3044,39.7635,-0.0586,nan,nan,nan,nan
21.0460,0.0119,0.0406,1.1803,-1.3764,1.4099,-0.2617,nan,nan,nan,nan,-0.1685,39.3052,39.7695,-0.0616,nan,nan,nan,nan
21.0741,0.0102,0.0390,1.1811,-1.3484,1.4033,-0.2575,nan,nan,nan,nan,-0.2100,39.3079,39.7727,-0.0718,nan,nan,nan,nan
21.1065,0.0085,0.0375,1.1818,-1.3190,1.3962,-0.2534,nan,nan,nan,nan,-0.2497,39.3111,39.7736,-0.0850,nan,nan,nan,nan
21.1428,0.0068,0.0360,1.1825,-1.2893,1.3887,-0.2498,nan,nan,nan,nan,-0.2812,39.3149,39.7722,-0.0876,nan,nan,nan,nan
21.1764,0.0053,0.0345,1.1832,-1.2600,1.3806,-0.2477,nan,nan,nan,nan,-0.2968,39.3183,39.7696,-0.0871,nan,nan,nan,nan
21.1998,0.0037,0.0332,1.1838,-1.2313,1.3720,-0.2476,nan,nan,nan,nan,-0.2884,39.3210,39.7710,-0.0878,nan,nan,nan,nan
21.2261,0.0023,0.0318,1.1844,-1.2028,1.3625,-0.2496,nan,nan,nan,nan,-0.2590,39.3216,39.7752,-0.0880,nan,nan,nan,nan
21.2569,0.0009,0.0305,1.1850,-1.1746,1.3518,-0.2524,nan,nan,nan,nan,-0.2193,39.3193,39.7811,-0.0888,nan,nan,nan,nan
21.2769,-0.0001,0.0296,1.1853,-1.1746,1.3518,-0.2524,nan,nan,nan,nan,-0.1966,39.3175,39.7845,-0.0858,nan,nan,nan,nan
21.2982,-0.0007,0.0290,1.1856,-1.1458,1.3397,-0.2554,nan,nan,nan,nan,-0.1670,39.3147,39.7861,-0.0748,nan,nan,nan,nan
21.3306,-0.0017,0.0281,1.1859,-1.1152,1.3260,-0.2567,nan,nan,nan,nan,-0.1463,39.3119,39.7822,-0.0629,nan,nan,nan,nan
21.3544,-0.0026,0.0273,1.1863,-1.1152,1.3260,-0.2567,nan,nan,nan,nan,-0.1368,39.3090,39.7787,-0.0526,nan,nan,nan,nan
21.3795,-0.0032,0.0267,1.1865,-1.0831,1.3102,-0.2560,nan,nan,nan,nan,-0.1356,39.3082,39.7777,-0.0489,nan,nan,nan,nan
21.4081,-0.0040,0.0259,1.1868,-1.0500,1.2914,-0.2536,nan,nan,nan,nan,-0.1391,39.3053,39.7782,-0.0389,nan,nan,nan,nan
21.4453,-0.0051,0.0249,1.1872,-1.0150,1.2705,-0.2494,nan,nan,nan,nan,-0.1586,39.3075,39.7818,-0.0329,nan,nan,nan,nan
21.4682,-0.0058,0.0242,1.1874,-1.0150,1.2705,-0.2494,nan,nan,nan,nan,-0.1740,39.3094,39.7825,-0.0264,nan,nan,nan,nan
21.4948,-0.0068,0.0232,1.1878,-0.9788,1.2468,-0.2438,nan,nan,nan,nan,-0.2285,39.3128,39.7902,-0.0054,nan,nan,nan,nan
21.5190,-0.0073,0.0228,1.1879,-0.9421,1.2199,-0.2364,nan,nan,nan,nan,-0.2416,39.3137,39.7916,-0.0018,nan,nan,nan,nan
21.5481,-0.0080,0.0221,1.1881,-0.9047,1.1910,-0.2282,nan,nan,nan,nan,-0.2990,39.3152,39.7966,0.0071,nan,nan,nan,nan
21.5722,-0.0086,0.0215,1.1883,-0.9047,1.1910,-0.2282,nan,nan,nan,nan,-0.3255,39.3156,39.7979,0.0088,nan,nan,nan,nan
21.5944,-0.0094,0.0207,1.1885,-0.8674,1.1609,-0.2207,nan,nan,nan,nan,-0.3765,39.3154,39.8011,0.0119,nan,nan,nan,nan
21.6180,-0.0102,0.0199,1.1887,-0.8321,1.1290,-0.2145,nan,nan,nan,nan,-0.3898,39.3158,39.8009,0.0098,nan,nan,nan,nan
21.6420,-0.0106,0.0195,1.1888,-0.7995,1.0961,-0.2110,nan,nan,nan,nan,-0.3846,39.3158,39.8005,0.0073,nan,nan,nan,nan
21.6652,-0.0111,0.0189,1.1889,-0.7682,1.0633,-0.2097,nan,nan,nan,nan,-0.3698,39.3161,39.8014,0.0065,nan,nan,nan,nan
21.6960,-0.0117,0.0182,1.1891,-0.7377,1.0308,-0.2084,nan,nan,nan,nan,-0.3494,39.3190,39.8056,0.0112,nan,nan,nan,nan
21.7313,-0.0123,0.0175,1.1892,-0.7082,0.9976,-0.2061,nan,nan,nan,nan,-0.3357,39.3230,39.8136,0.0115,nan,nan,nan,nan
21.7632,-0.0129,0.0169,1.1893,-0.6788,0.9644,-0.2033,nan,nan,nan,nan,-0.3251,39.3242,39.8183,0.0087,nan,nan,nan,nan
21.7911,-0.0134,0.0162,1.1894,-0.6504,0.9321,-0.2010,nan,nan,nan,nan,-0.3097,39.3237,39.8178,0.0141,nan,nan,nan,nan
21.8192,-0.0139,0.0156,1.1894,-0.6230,0.8999,-0.1978,nan,nan,nan,nan,-0.3017,39.3255,39.8125,0.0237,nan,nan,nan,nan
21.8420,-0.0144,0.0151,1.1895,-0.5962,0.8690,-0.1935,nan,nan,nan,nan,-0.3025,39.3289,39.8050,0.0412,nan,nan,nan,nan
21.8626,-0.0147,0.0147,1.1895,-0.5962,0.8690,-0.1935,nan,nan,nan,nan,-0.3013,39.3316,39.7982,0.0532,nan,nan,nan,nan
21.8830,-0.0149,0.0144,1.1895,-0.5706,0.8397,-0.1895,nan,nan,nan,nan,-0.2961,39.3340,39.7964,0.0569,nan,nan,nan,nan
21.9064,-0.0151,0.0140,1.1895,-0.5478,0.8117,-0.1866,nan,nan,nan,nan,-0.2822,39.3377,39.7939,0.0565,nan,nan,nan,nan
21.9328,-0.0155,0.0135,1.1895,-0.5267,0.7848,-0.1839,nan,nan,nan,nan,-0.2619,39.3420,39.7932,0.0518,nan,nan,nan,nan
21.9615,-0.0158,0.0130,1.1894,-0.5067,0.7598,-0.1803,nan,nan,nan,nan,-0.2475,39.3469,39.7931,0.0508,nan,nan,nan,nan
21.9844,-0.0160,0.0127,1.1894,-0.5067,0.7598,-0.1803,nan,nan,nan,nan,-0.2452,39.3495,39.7928,0.0504,nan,nan,nan,nan
22.0104,-0.0161,0.0124,1.1893,-0.4873,0.7363,-0.1757,nan,nan,nan,nan,-0.2427,39.3525,39.7904,0.0460,nan,nan,nan,nan
22.0399,-0.0163,0.0121,1.1893,-0.4697,0.7136,-0.1708,nan,nan,nan,nan,-0.2405,39.3537,39.7899,0.0420,nan,nan,nan,nan
22.0614,-0.0164,0.0118,1.1892,-0.4697,0.7136,-0.1708,nan,nan,nan,nan,-0.2386,39.3533,39.7910,0.0391,nan,nan,nan,nan
22.0851,-0.0165,0.0116,1.1892,-0.4539,0.6921,-0.1656,nan,nan,nan,nan,-0.2367,39.3520,39.7922,0.0354,nan,nan,nan,nan
22.1176,-0.0166,0.0113,1.1891,-0.4394,0.6724,-0.1607,nan,nan,nan,nan,-0.2312,39.3488,39.7941,0.0355,nan,nan,nan,nan
22.1536,-0.0168,0.0109,1.1890,-0.4267,0.6546,-0.1555,nan,nan,nan,nan,-0.2264,39.3487,39.7943,0.0344,nan,nan,nan,nan
22.1859,-0.0169,0.0106,1.1889,-0.4153,0.6383,-0.1498,nan,nan,nan,nan,-0.2259,39.3499,39.7954,0.0248,nan,nan,nan,nan
22.2234,-0.0170,0.0102,1.1887,-0.4052,0.6239,-0.1430,nan,nan,nan,nan,-0.2313,39.3507,39.7930,0.0198,nan,nan,nan,nan
22.2445,-0.0170,0.0100,1.1886,-0.4052,0.6239,-0.1430,nan,nan,nan,nan,-0.2358,39.3509,39.7899,0.0171,nan,nan,nan,nan
22.2688,-0.0171,0.0098,1.1885,-0.3963,0.6107,-0.1361,nan,nan,nan,nan,-0.2399,39.3495,39.7846,0.0150,nan,nan,nan,nan
22.2963,-0.0171,0.0095,1.1884,-0.3896,0.5988,-0.1303,nan,nan,nan,nan,-0.2342,39.3483,39.7831,0.0155,nan,nan,nan,nan
22.3232,-0.0171,0.0093,1.1882,-0.3857,0.5888,-0.1264,nan,nan,nan,nan,-0.2080,39.3481,39.7867,0.0144,nan,nan,nan,nan
22.3547,-0.0171,0.0090,1.1881,-0.3847,0.5800,-0.1249,nan,nan,nan,nan,-0.1573,39.3479,39.7887,0.0118,nan,nan,nan,nan
22.3768,-0.0171,0.0088,1.1879,-0.3847,0.5800,-0.1249,nan,nan,nan,nan,-0.1240,39.3481,39.7878,0.0123,nan,nan,nan,nan
22.3989,-0.0170,0.0086,1.1877,-0.3863,0.5722,-0.1248,nan,nan,nan,nan,-0.0512,39.3458,39.7891,0.0112,nan,nan,nan,nan
22.4212,-0.0169,0.0083,1.1875,-0.3891,0.5653,-0.1249,nan,nan,nan,nan,0.0187,39.3448,39.7925,0.0105,nan,nan,nan,nan
22.4479,-0.0169,0.0081,1.1874,-0.3928,0.5595,-0.1236,nan,nan,nan,nan,0.0580,39.3440,39.7935,0.0122,nan,nan,nan,nan
22.4704,-0.0168,0.0080,1.1872,-0.3953,0.5543,-0.1196,nan,nan,nan,nan,0.0840,39.3442,39.7950,0.0138,nan,nan,nan,nan
22.4961,-0.0167,0.0079,1.1871,-0.3973,0.5492,-0.1129,nan,nan,nan,nan,0.0890,39.3449,39.7960,0.0146,nan,nan,nan,nan
22.5179,-0.0165,0.0077,1.1868,-0.3995,0.5443,-0.1051,nan,nan,nan,nan,0.0851,39.3450,39.7996,0.0173,nan,nan,nan,nan
22.5387,-0.0163,0.0075,1.1866,-0.4015,0.5394,-0.0957,nan,nan,nan,nan,0.0661,39.3439,39.8047,0.0301,nan,nan,nan,nan
22.5614,-0.0161,0.0074,1.1864,-0.4029,0.5344,-0.0841,nan,nan,nan,nan,0.0260,39.3436,39.8055,0.0482,nan,nan,nan,nan
22.5882,-0.0159,0.0073,1.1862,-0.4037,0.5293,-0.0705,nan,nan,nan,nan,-0.0336,39.3449,39.8058,0.0529,nan,nan,nan,nan
22.6131,-0.0156,0.0072,1.1859,-0.4047,0.5241,-0.0571,nan,nan,nan,nan,-0.0966,39.3471,39.8075,0.0575,nan,nan,nan,nan
22.6432,-0.0154,0.0072,1.1857,-0.4056,0.5184,-0.0435,nan,nan,nan,nan,-0.1620,39.3494,39.8122,0.0597,nan,nan,nan,nan
22.6673,-0.0151,0.0071,1.1854,-0.4059,0.5123,-0.0300,nan,nan,nan,nan,-0.2301,39.3537,39.8140,0.0562,nan,nan,nan,nan
22.7001,-0.0147,0.0071,1.1852,-0.4069,0.5054,-0.0180,nan,nan,nan,nan,-0.2867,39.3558,39.8179,0.0493,nan,nan,nan,nan
22.7324,-0.0144,0.0071,1.1849,-0.4087,0.4974,-0.0086,nan,nan,nan,nan,-0.3227,39.3548,39.8200,0.0444,nan,nan,nan,nan
22.7529,-0.0141,0.0071,1.1847,-0.4087,0.4974,-0.0086,nan,nan,nan,nan,-0.3315,39.3550,39.8206,0.0449,nan,nan,nan,nan
22.7779,-0.0139,0.0071,1.1846,-0.4117,0.4889,-0.0019,nan,nan,nan,nan,-0.3337,39.3575,39.8199,0.0441,nan,nan,nan,nan
22.8085,-0.0137,0.0071,1.1844,-0.4152,0.4798,0.0032,nan,nan,nan,nan,-0.3291,39.3597,39.8192,0.0430,nan,nan,nan,nan
22.8419,-0.0133,0.0071,1.1841,-0.4178,0.4696,0.0069,nan,nan,nan,nan,-0.3186,39.3585,39.8207,0.0391,nan,nan,nan,nan
22.8651,-0.0129,0.0071,1.1839,-0.4178,0.4696,0.0069,nan,nan,nan,nan,-0.3130,39.3568,39.8201,0.0375,nan,nan,nan,nan
22.8854,-0.0127,0.0072,1.1838,-0.4198,0.4581,0.0103,nan,nan,nan,nan,-0.3078,39.3550,39.8199,0.0364,nan,nan,nan,nan
22.9150,-0.0124,0.0072,1.1836,-0.4202,0.4458,0.0141,nan,nan,nan,nan,-0.3031,39.3529,39.8168,0.0385,nan,nan,nan,nan
22.9387,-0.0120,0.0073,1.1834,-0.4202,0.4458,0.0141,nan,nan,nan,nan,-0.3059,39.3515,39.8129,0.0364,nan,nan,nan,nan
22.9646,-0.0118,0.0073,1.1833,-0.4189,0.4327,0.0183,nan,nan,nan,nan,-0.3078,39.3507,39.8123,0.0354,nan,nan,nan,nan
22.9913,-0.0114,0.0074,1.1831,-0.4166,0.4189,0.0228,nan,nan,nan,nan,-0.3170,39.3503,39.8086,0.0373,nan,nan,nan,nan
23.0165,-0.0111,0.0075,1.1829,-0.4166,0.4189,0.0228,nan,nan,nan,nan,-0.3194,39.3506,39.8064,0.0363,nan,nan,nan,nan
23.0387,-0.0107,0.0076,1.1827,-0.4133,0.4041,0.0259,nan,nan,nan,nan,-0.3144,39.3494,39.8043,0.0296,nan,nan,nan,nan
23.0617,-0.0103,0.0077,1.1825,-0.4099,0.3885,0.0272,nan,nan,nan,nan,-0.3034,39.3479,39.8085,0.0183,nan,nan,nan,nan
23.0945,-0.0099,0.0078,1.1823,-0.4060,0.3722,0.0279,nan,nan,nan,nan,-0.2901,39.3469,39.8115,0.0035,nan,nan,nan,nan
23.1179,-0.0094,0.0080,1.1821,-0.4014,0.3550,0.0282,nan,nan,nan,nan,-0.2693,39.3440,39.8148,-0.0020,nan,nan,nan,nan
23.1501,-0.0088,0.0082,1.1818,-0.3955,0.3370,0.0285,nan,nan,nan,nan,-0.2517,39.3392,39.8188,0.0062,nan,nan,nan,nan
23.1824,-0.0082,0.0084,1.1816,-0.3880,0.3188,0.0285,nan,nan,nan,nan,-0.2350,39.3353,39.8212,0.0168,nan,nan,nan,nan
23.2056,-0.0078,0.0085,1.1814,-0.3880,0.3188,0.0285,nan,nan,nan,nan,-0.2214,39.3334,39.8228,0.0224,nan,nan,nan,nan
23.2296,-0.0073,0.0087,1.1812,-0.3802,0.3002,0.0286,nan,nan,nan,nan,-0.2076,39.3311,39.8237,0.0259,nan,nan,nan,nan
23.2529,-0.0070,0.0088,1.1811,-0.3714,0.2812,0.0280,nan,nan,nan,nan,-0.1966,39.3298,39.8251,0.0264,nan,nan,nan,nan
23.2736,-0.0066,0.0090,1.1809,-0.3714,0.2812,0.0280,nan,nan,nan,nan,-0.1767,39.3277,39.8274,0.0275,nan,nan,nan,nan
23.2937,-0.0063,0.0092,1.1808,-0.3620,0.2620,0.0264,nan,nan,nan,nan,-0.1615,39.3256,39.8290,0.0286,nan,nan,nan,nan
23.3217,-0.0058,0.0094,1.1806,-0.3525,0.2424,0.0240,nan,nan,nan,nan,-0.1326,39.3221,39.8284,0.0323,nan,nan,nan,nan
23.3514,-0.0052,0.0096,1.1804,-0.3438,0.2225,0.0201,nan,nan,nan,nan,-0.0811,39.3171,39.8250,0.0355,nan,nan,nan,nan
23.3749,-0.0047,0.0098,1.1802,-0.3438,0.2225,0.0201,nan,nan,nan,nan,-0.0366,39.3136,39.8218,0.0332,nan,nan,nan,nan
23.4012,-0.0042,0.0101,1.1800,-0.3352,0.2027,0.0156,nan,nan,nan,nan,-0.0047,39.3118,39.8201,0.0317,nan,nan,nan,nan
23.4284,-0.0037,0.0103,1.1799,-0.3263,0.1830,0.0103,nan,nan,nan,nan,0.0445,39.3080,39.8202,0.0268,nan,nan,nan,nan
23.4499,-0.0033,0.0105,1.1797,-0.3177,0.1633,0.0052,nan,nan,nan,nan,0.1121,39.3044,39.8222,0.0179,nan,nan,nan,nan
23.4795,-0.0026,0.0109,1.1795,-0.3083,0.1438,0.0014,nan,nan,nan,nan,0.1681,39.3046,39.8239,0.0073,nan,nan,nan,nan
23.5090,-0.0019,0.0112,1.1793,-0.2977,0.1249,-0.0006,nan,nan,nan,nan,0.2071,39.3074,39.8246,0.0027,nan,nan,nan,nan
23.5359,-0.0013,0.0116,1.1791,-0.2858,0.1060,-0.0003,nan,nan,nan,nan,0.2264,39.3098,39.8248,0.0018,nan,nan,nan,nan
23.5697,-0.0006,0.0120,1.1789,-0.2739,0.0873,0.0014,nan,nan,nan,nan,0.2333,39.3126,39.8247,-0.0024,nan,nan,nan,nan
23.5998,0.0001,0.0124,1.1787,-0.2620,0.0696,0.0036,nan,nan,nan,nan,0.2368,39.3168,39.8205,-0.0076,nan,nan,nan,nan
23.6235,0.0007,0.0128,1.1785,-0.2501,0.0525,0.0061,nan,nan,nan,nan,0.2395,39.3188,39.8174,-0.0105,nan,nan,nan,nan
23.6516,0.0014,0.0132,1.1784,-0.2385,0.0365,0.0091,nan,nan,nan,nan,0.2354,39.3222,39.8155,-0.0102,nan,nan,nan,nan
23.6750,0.0019,0.0135,1.1782,-0.2385,0.0365,0.0091,nan,nan,nan,nan,0.2293,39.3221,39.8157,-0.0130,nan,nan,nan,nan
23.6958,0.0021,0.0136,1.1782,-0.2271,0.0217,0.0127,nan,nan,nan,nan,0.2266,39.3219,39.8156,-0.0147,nan,nan,nan,nan
23.7194,0.0024,0.0139,1.1781,-0.2271,0.0217,0.0127,nan,nan,nan,nan,0.2209,39.3223,39.8153,-0.0145,nan,nan,nan,nan
23.7428,0.0028,0.0141,1.1780,-0.2159,0.0089,0.0165,nan,nan,nan,nan,0.2161,39.3225,39.8128,-0.0114,nan,nan,nan,nan
23.7671,0.0033,0.0144,1.1779,-0.2159,0.0089,0.0165,nan,nan,nan,nan,0.2113,39.3222,39.8100,-0.0077,nan,nan,nan,nan
23.7902,0.0038,0.0148,1.1778,-0.2058,-0.0022,0.0209,nan,nan,nan,nan,0.1986,39.3238,39.8044,-0.0027,nan,nan,nan,nan
23.8139,0.0043,0.0151,1.1777,-0.1961,-0.0114,0.0252,nan,nan,nan,nan,0.1916,39.3245,39.7994,-0.0004,nan,nan,nan,nan
23.8396,0.0048,0.0155,1.1776,-0.1866,-0.0189,0.0289,nan,nan,nan,nan,0.1867,39.3254,39.7962,-0.0002,nan,nan,nan,nan
23.8649,0.0054,0.0159,1.1775,-0.1776,-0.0253,0.0326,nan,nan,nan,nan,0.1824,39.3251,39.7941,0.0057,nan,nan,nan,nan
23.8862,0.0059,0.0163,1.1774,-0.1776,-0.0253,0.0326,nan,nan,nan,nan,0.1801,39.3250,39.7957,0.0098,nan,nan,nan,nan
23.9096,0.0062,0.0165,1.1773,-0.1693,-0.0306,0.0365,nan,nan,nan,nan,0.1792,39.3265,39.7969,0.0100,nan,nan,nan,nan
23.9405,0.0067,0.0169,1.1772,-0.1610,-0.0351,0.0407,nan,nan,nan,nan,0.1762,39.3283,39.7975,0.0082,nan,nan,nan,nan
23.9777,0.0074,0.0174,1.1771,-0.1520,-0.0394,0.0449,nan,nan,nan,nan,0.1664,39.3268,39.8052,0.0029,nan,nan,nan,nan
24.0018,0.0079,0.0178,1.1770,-0.1520,-0.0394,0.0449,nan,nan,nan,nan,0.1530,39.3238,39.8110,-0.0044,nan,nan,nan,nan
24.0229,0.0082,0.0180,1.1770,-0.1424,-0.0437,0.0501,nan,nan,nan,nan,0.1421,39.3218,39.8135,-0.0066,nan,nan,nan,nan
24.0456,0.0087,0.0184,1.1769,-0.1323,-0.0480,0.0564,nan,nan,nan,nan,0.1201,39.3187,39.8172,-0.0097,nan,nan,nan,nan
24.0763,0.0093,0.0189,1.1768,-0.1207,-0.0518,0.0637,nan,nan,nan,nan,0.0792,39.3181,39.8209,-0.0152,nan,nan,nan,nan
24.1119,0.0100,0.0194,1.1768,-0.1085,-0.0552,0.0721,nan,nan,nan,nan,0.0286,39.3201,39.8247,-0.0160,nan,nan,nan,nan
24.1348,0.0106,0.0200,1.1767,-0.0955,-0.0587,0.0801,nan,nan,nan,nan,-0.0252,39.3220,39.8301,-0.0147,nan,nan,nan,nan
24.1633,0.0112,0.0205,1.1766,-0.0824,-0.0627,0.0872,nan,nan,nan,nan,-0.0725,39.3221,39.8333,-0.0141,nan,nan,nan,nan
24.1856,0.0117,0.0209,1.1766,-0.0824,-0.0627,0.0872,nan,nan,nan,nan,-0.0977,39.3222,39.8354,-0.0164,nan,nan,nan,nan
24.2096,0.0120,0.0212,1.1766,-0.0694,-0.0669,0.0926,nan,nan,nan,nan,-0.1129,39.3217,39.8371,-0.0174,nan,nan,nan,nan
24.2316,0.0125,0.0216,1.1765,-0.0561,-0.0720,0.0977,nan,nan,nan,nan,-0.1367,39.3207,39.8401,-0.0145,nan,nan,nan,nan
24.2559,0.0130,0.0220,1.1765,-0.0561,-0.0720,0.0977,nan,nan,nan,nan,-0.1591,39.3200,39.8447,-0.0065,nan,nan,nan,nan
24.2824,0.0133,0.0222,1.1765,-0.0425,-0.0775,0.1026,nan,nan,nan,nan,-0.1718,39.3210,39.8473,-0.0013,nan,nan,nan,nan
24.3117,0.0137,0.0226,1.1765,-0.0291,-0.0833,0.1058,nan,nan,nan,nan,-0.1811,39.3233,39.8477,0.0031,nan,nan,nan,nan
24.3457,0.0143,0.0232,1.1764,-0.0169,-0.0897,0.1066,nan,nan,nan,nan,-0.1727,39.3258,39.8437,0.0085,nan,nan,nan,nan
24.3691,0.0148,0.0236,1.1764,-0.0169,-0.0897,0.1066,nan,nan,nan,nan,-0.1622,39.3266,39.8409,0.0099,nan,nan,nan,nan
24.3897,0.0151,0.0238,1.1764,-0.0051,-0.0968,0.1060,nan,nan,nan,nan,-0.1473,39.3265,39.8389,0.0108,nan,nan,nan,nan
24.4176,0.0156,0.0242,1.1764,0.0079,-0.1042,0.1060,nan,nan,nan,nan,-0.1392,39.3286,39.8389,0.0074,nan,nan,nan,nan
24.4486,0.0161,0.0247,1.1764,0.0221,-0.1123,0.1072,nan,nan,nan,nan,-0.1399,39.3313,39.8410,0.0049,nan,nan,nan,nan
24.4725,0.0166,0.0251,1.1764,0.0221,-0.1123,0.1072,nan,nan,nan,nan,-0.1448,39.3309,39.8411,0.0027,nan,nan,nan,nan
24.4974,0.0169,0.0254,1.1764,0.0373,-0.1219,0.1091,nan,nan,nan,nan,-0.1525,39.3298,39.8393,0.0005,nan,nan,nan,nan
24.5298,0.0173,0.0258,1.1764,0.0527,-0.1322,0.1109,nan,nan,nan,nan,-0.1659,39.3255,39.8397,-0.0003,nan,nan,nan,nan
24.5537,0.0178,0.0262,1.1764,0.0527,-0.1322,0.1109,nan,nan,nan,nan,-0.1713,39.3219,39.8391,0.0015,nan,nan,nan,nan
24.5790,0.0180,0.0265,1.1764,0.0681,-0.1427,0.1118,nan,nan,nan,nan,-0.1733,39.3194,39.8386,-0.0006,nan,nan,nan,nan
24.6047,0.0185,0.0269,1.1765,0.0834,-0.1537,0.1122,nan,nan,nan,nan,-0.1752,39.3163,39.8366,-0.0038,nan,nan,nan,nan
24.6285,0.0189,0.0272,1.1765,0.0834,-0.1537,0.1122,nan,nan,nan,nan,-0.1772,39.3144,39.8326,-0.0041,nan,nan,nan,nan
24.6496,0.0192,0.0275,1.1765,0.0987,-0.1651,0.1124,nan,nan,nan,nan,-0.1795,39.3118,39.8277,-0.0025,nan,nan,nan,nan
24.6827,0.0196,0.0279,1.1765,0.1139,-0.1764,0.1122,nan,nan,nan,nan,-0.1796,39.3097,39.8245,0.0011,nan,nan,nan,nan
24.7102,0.0201,0.0284,1.1766,0.1288,-0.1878,0.1112,nan,nan,nan,nan,-0.1777,39.3089,39.8222,0.0085,nan,nan,nan,nan
24.7354,0.0207,0.0289,1.1766,0.1437,-0.1992,0.1106,nan,nan,nan,nan,-0.1806,39.3106,39.8252,0.0130,nan,nan,nan,nan
24.7638,0.0212,0.0294,1.1767,0.1580,-0.2103,0.1101,nan,nan,nan,nan,-0.1811,39.3136,39.8291,0.0112,nan,nan,nan,nan
24.7914,0.0217,0.0298,1.1767,0.1717,-0.2210,0.1091,nan,nan,nan,nan,-0.1769,39.3184,39.8306,0.0085,nan,nan,nan,nan
24.8236,0.0222,0.0303,1.1768,0.1846,-0.2317,0.1072,nan,nan,nan,nan,-0.1660,39.3227,39.8305,0.0090,nan,nan,nan,nan
24.8452,0.0226,0.0307,1.1769,0.1846,-0.2317,0.1072,nan,nan,nan,nan,-0.1604,39.3239,39.8324,0.0116,nan,nan,nan,nan
24.8673,0.0231,0.0311,1.1769,0.1971,-0.2426,0.1053,nan,nan,nan,nan,-0.1468,39.3259,39.8338,0.0198,nan,nan,nan,nan
24.8883,0.0233,0.0313,1.1770,0.2097,-0.2531,0.1036,nan,nan,nan,nan,-0.1455,39.3259,39.8333,0.0222,nan,nan,nan,nan
24.9094,0.0236,0.0317,1.1770,0.2228,-0.2640,0.1023,nan,nan,nan,nan,-0.1457,39.3244,39.8297,0.0277,nan,nan,nan,nan
24.9429,0.0241,0.0321,1.1771,0.2353,-0.2743,0.1015,nan,nan,nan,nan,-0.1476,39.3248,39.8302,0.0295,nan,nan,nan,nan
24.9716,0.0245,0.0325,1.1772,0.2473,-0.2841,0.1005,nan,nan,nan,nan,-0.1457,39.3246,39.8306,0.0352,nan,nan,nan,nan
25.0040,0.0250,0.0330,1.1773,0.2588,-0.2932,0.0988,nan,nan,nan,nan,-0.1384,39.3257,39.8282,0.0322,nan,nan,nan,nan
25.0301,0.0254,0.0333,1.1774,0.2690,-0.3017,0.0967,nan,nan,nan,nan,-0.1245,39.3259,39.8265,0.0270,nan,nan,nan,nan
25.0565,0.0258,0.0337,1.1776,0.2793,-0.3093,0.0956,nan,nan,nan,nan,-0.1190,39.3273,39.8282,0.0189,nan,nan,nan,nan
25.0769,0.0261,0.0340,1.1776,0.2793,-0.3093,0.0956,nan,nan,nan,nan,-0.1168,39.3297,39.8303,0.0163,nan,nan,nan,nan
25.0970,0.0263,0.0342,1.1777,0.2892,-0.3157,0.0946,nan,nan,nan,nan,-0.1159,39.3328,39.8307,0.0145,nan,nan,nan,nan
25.1210,0.0265,0.0345,1.1778,0.2989,-0.3218,0.0942,nan,nan,nan,nan,-0.1187,39.3351,39.8329,0.0133,nan,nan,nan,nan
25.1549,0.0269,0.0348,1.1779,0.3083,-0.3272,0.0937,nan,nan,nan,nan,-0.1227,39.3364,39.8332,0.0038,nan,nan,nan,nan
25.1788,0.0271,0.0351,1.1780,0.3083,-0.3272,0.0937,nan,nan,nan,nan,-0.1211,39.3353,39.8325,-0.0005,nan,nan,nan,nan
25.2032,0.0273,0.0352,1.1781,0.3162,-0.3317,0.0930,nan,nan,nan,nan,-0.1208,39.3349,39.8319,-0.0020,nan,nan,nan,nan
25.2336,0.0276,0.0355,1.1782,0.3238,-0.3353,0.0925,nan,nan,nan,nan,-0.1228,39.3330,39.8260,-0.0014,nan,nan,nan,nan
25.2612,0.0279,0.0358,1.1784,0.3310,-0.3379,0.0922,nan,nan,nan,nan,-0.1283,39.3333,39.8212,-0.0003,nan,nan,nan,nan
25.2840,0.0281,0.0360,1.1785,0.3310,-0.3379,0.0922,nan,nan,nan,nan,-0.1315,39.3343,39.8218,-0.0010,nan,nan,nan,nan
25.3113,0.0283,0.0362,1.1786,0.3372,-0.3390,0.0928,nan,nan,nan,nan,-0.1424,39.3368,39.8212,-0.0004,nan,nan,nan,nan
25.3357,0.0284,0.0363,1.1787,0.3428,-0.3389,0.0933,nan,nan,nan,nan,-0.1445,39.3384,39.8200,0.0010,nan,nan,nan,nan
25.3618,0.0287,0.0366,1.1788,0.3466,-0.3377,0.0923,nan,nan,nan,nan,-0.1383,39.3399,39.8127,0.0025,nan,nan,nan,nan
25.3827,0.0289,0.0368,1.1790,0.3466,-0.3377,0.0923,nan,nan,nan,nan,-0.1300,39.3407,39.8103,-0.0026,nan,nan,nan,nan
25.4083,0.0290,0.0369,1.1790,0.3490,-0.3354,0.0911,nan,nan,nan,nan,-0.1272,39.3403,39.8102,-0.0037,nan,nan,nan,nan
25.4350,0.0292,0.0370,1.1792,0.3509,-0.3323,0.0903,nan,nan,nan,nan,-0.1196,39.3394,39.8084,-0.0053,nan,nan,nan,nan
25.4579,0.0293,0.0372,1.1793,0.3509,-0.3323,0.0903,nan,nan,nan,nan,-0.1169,39.3410,39.8051,-0.0046,nan,nan,nan,nan
25.4790,0.0295,0.0374,1.1794,0.3525,-0.3282,0.0897,nan,nan,nan,nan,-0.1174,39.3416,39.8045,-0.0027,nan,nan,nan,nan
25.5038,0.0296,0.0375,1.1796,0.3532,-0.3233,0.0903,nan,nan,nan,nan,-0.1194,39.3422,39.8036,-0.0024,nan,nan,nan,nan
25.5286,0.0298,0.0376,1.1797,0.3529,-0.3179,0.0904,nan,nan,nan,nan,-0.1195,39.3415,39.8036,0.0047,nan,nan,nan,nan
25.5522,0.0299,0.0377,1.1798,0.3529,-0.3179,0.0904,nan,nan,nan,nan,-0.1185,39.3411,39.8035,0.0103,nan,nan,nan,nan
25.5776,0.0300,0.0378,1.1799,0.3515,-0.3119,0.0907,nan,nan,nan,nan,-0.1156,39.3397,39.8034,0.0196,nan,nan,nan,nan
25.6044,0.0301,0.0380,1.1801,0.3492,-0.3052,0.0904,nan,nan,nan,nan,-0.1104,39.3383,39.8054,0.0224,nan,nan,nan,nan
25.6263,0.0302,0.0380,1.1803,0.3457,-0.2977,0.0906,nan,nan,nan,nan,-0.1043,39.3381,39.8092,0.0188,nan,nan,nan,nan
25.6473,0.0303,0.0381,1.1804,0.3457,-0.2977,0.0906,nan,nan,nan,nan,-0.0980,39.3371,39.8093,0.0216,nan,nan,nan,nan
25.6728,0.0304,0.0382,1.1805,0.3411,-0.2899,0.0905,nan,nan,nan,nan,-0.0956,39.3365,39.8100,0.0241,nan,nan,nan,nan
25.7016,0.0305,0.0382,1.1807,0.3353,-0.2811,0.0897,nan,nan,nan,nan,-0.0802,39.3360,39.8133,0.0335,nan,nan,nan,nan
25.7249,0.0305,0.0383,1.1808,0.3353,-0.2811,0.0897,nan,nan,nan,nan,-0.0710,39.3381,39.8138,0.0342,nan,nan,nan,nan
25.7460,0.0306,0.0383,1.1809,0.3281,-0.2713,0.0888,nan,nan,nan,nan,-0.0560,39.3400,39.8144,0.0309,nan,nan,nan,nan
25.7698,0.0307,0.0384,1.1811,0.3202,-0.2616,0.0875,nan,nan,nan,nan,-0.0407,39.3400,39.8148,0.0260,nan,nan,nan,nan
25.7919,0.0307,0.0384,1.1813,0.3115,-0.2519,0.0867,nan,nan,nan,nan,-0.0233,39.3370,39.8184,0.0213,nan,nan,nan,nan
25.8158,0.0308,0.0385,1.1814,0.3115,-0.2519,0.0867,nan,nan,nan,nan,-0.0172,39.3359,39.8218,0.0223,nan,nan,nan,nan
25.8377,0.0308,0.0385,1.1815,0.3024,-0.2419,0.0870,nan,nan,nan,nan,-0.0130,39.3350,39.8299,0.0253,nan,nan,nan,nan
25.8581,0.0309,0.0385,1.1817,0.2933,-0.2314,0.0884,nan,nan,nan,nan,-0.0169,39.3368,39.8366,0.0293,nan,nan,nan,nan
25.8831,0.0309,0.0385,1.1819,0.2848,-0.2210,0.0907,nan,nan,nan,nan,-0.0312,39.3367,39.8378,0.0348,nan,nan,nan,nan
25.9166,0.0309,0.0385,1.1821,0.2762,-0.2104,0.0936,nan,nan,nan,nan,-0.0523,39.3362,39.8384,0.0504,nan,nan,nan,nan
25.9479,0.0310,0.0385,1.1823,0.2655,-0.1995,0.0943,nan,nan,nan,nan,-0.0521,39.3365,39.8375,0.0627,nan,nan,nan,nan
25.9696,0.0310,0.0385,1.1825,0.2655,-0.1995,0.0943,nan,nan,nan,nan,-0.0393,39.3362,39.8398,0.0682,nan,nan,nan,nan
25.9905,0.0310,0.0384,1.1827,0.2529,-0.1888,0.0934,nan,nan,nan,nan,-0.0169,39.3362,39.8446,0.0684,nan,nan,nan,nan
26.0176,0.0310,0.0384,1.1828,0.2395,-0.1783,0.0920,nan,nan,nan,nan,-0.0004,39.3352,39.8470,0.0689,nan,nan,nan,nan
26.0429,0.0310,0.0383,1.1830,0.2260,-0.1680,0.0905,nan,nan,nan,nan,0.0177,39.3351,39.8490,0.0702,nan,nan,nan,nan
26.0678,0.0310,0.0383,1.1832,0.2112,-0.1580,0.0882,nan,nan,nan,nan,0.0436,39.3361,39.8501,0.0698,nan,nan,nan,nan
26.0974,0.0310,0.0382,1.1834,0.1959,-0.1482,0.0854,nan,nan,nan,nan,0.0812,39.3366,39.8514,0.0700,nan,nan,nan,nan
26.1184,0.0310,0.0382,1.1835,0.1959,-0.1482,0.0854,nan,nan,nan,nan,0.1119,39.3352,39.8541,0.0707,nan,nan,nan,nan
26.1444,0.0310,0.0381,1.1837,0.1804,-0.1389,0.0820,nan,nan,nan,nan,0.1228,39.3342,39.8551,0.0703,nan,nan,nan,nan
26.1791,0.0310,0.0380,1.1838,0.1648,-0.1303,0.0786,nan,nan,nan,nan,0.1636,39.3319,39.8577,0.0648,nan,nan,nan,nan
26.2003,0.0309,0.0380,1.1840,0.1648,-0.1303,0.0786,nan,nan,nan,nan,0.1809,39.3315,39.8581,0.0601,nan,nan,nan,nan
26.2256,0.0309,0.0379,1.1841,0.1493,-0.1224,0.0761,nan,nan,nan,nan,0.2024,39.3300,39.8574,0.0549,nan,nan,nan,nan
26.2556,0.0309,0.0378,1.1843,0.1346,-0.1151,0.0751,nan,nan,nan,nan,0.2158,39.3279,39.8568,0.0528,nan,nan,nan,nan
26.2760,0.0309,0.0378,1.1844,0.1346,-0.1151,0.0751,nan,nan,nan,nan,0.2214,39.3273,39.8554,0.0520,nan,nan,nan,nan
26.2970,0.0308,0.0377,1.1846,0.1209,-0.1083,0.0751,nan,nan,nan,nan,0.2214,39.3260,39.8526,0.0508,nan,nan,nan,nan
26.3222,0.0308,0.0376,1.1847,0.1077,-0.1024,0.0770,nan,nan,nan,nan,0.2156,39.3238,39.8495,0.0493,nan,nan,nan,nan
26.3489,0.0308,0.0375,1.1849,0.0945,-0.0968,0.0789,nan,nan,nan,nan,0.2082,39.3211,39.8478,0.0457,nan,nan,nan,nan
26.3806,0.0307,0.0374,1.1851,0.0808,-0.0914,0.0796,nan,nan,nan,nan,0.2100,39.3211,39.8414,0.0418,nan,nan,nan,nan
26.4023,0.0307,0.0373,1.1853,0.0808,-0.0914,0.0796,nan,nan,nan,nan,0.2182,39.3212,39.8347,0.0380,nan,nan,nan,nan
26.4260,0.0306,0.0372,1.1855,0.0668,-0.0867,0.0791,nan,nan,nan,nan,0.2272,39.3211,39.8254,0.0353,nan,nan,nan,nan
26.4485,0.0306,0.0372,1.1856,0.0526,-0.0823,0.0787,nan,nan,nan,nan,0.2344,39.3204,39.8204,0.0351,nan,nan,nan,nan
26.4685,0.0306,0.0371,1.1857,0.0526,-0.0823,0.0787,nan,nan,nan,nan,0.2419,39.3196,39.8167,0.0343,nan,nan,nan,nan
26.4962,0.0305,0.0370,1.1859,0.0387,-0.0788,0.0782,nan,nan,nan,nan,0.2487,39.3181,39.8148,0.0282,nan,nan,nan,nan
26.5210,0.0305,0.0369,1.1860,0.0254,-0.0755,0.0794,nan,nan,nan,nan,0.2489,39.3181,39.8160,0.0273,nan,nan,nan,nan
26.5417,0.0304,0.0368,1.1862,0.0254,-0.0755,0.0794,nan,nan,nan,nan,0.2453,39.3191,39.8162,0.0247,nan,nan,nan,nan
26.5658,0.0304,0.0368,1.1863,0.0126,-0.0725,0.0811,nan,nan,nan,nan,0.2417,39.3198,39.8170,0.0221,nan,nan,nan,nan
26.5979,0.0303,0.0367,1.1864,0.0007,-0.0699,0.0826,nan,nan,nan,nan,0.2372,39.3222,39.8137,0.0179,nan,nan,nan,nan
26.6206,0.0303,0.0366,1.1866,0.0007,-0.0699,0.0826,nan,nan,nan,nan,0.2347,39.3238,39.8111,0.0153,nan,nan,nan,nan
26.6469,0.0302,0.0365,1.1867,-0.0113,-0.0679,0.0838,nan,nan,nan,nan,0.2350,39.3269,39.8072,0.0083,nan,nan,nan,nan
26.6746,0.0302,0.0364,1.1868,-0.0240,-0.0660,0.0843,nan,nan,nan,nan,0.2407,39.3304,39.8021,0.0036,nan,nan,nan,nan
26.7022,0.0301,0.0363,1.1870,-0.0370,-0.0648,0.0844,nan,nan,nan,nan,0.2557,39.3330,39.7997,0.0007,nan,nan,nan,nan
26.7311,0.0300,0.0362,1.1872,-0.0491,-0.0640,0.0839,nan,nan,nan,nan,0.2716,39.3355,39.7961,0.0019,nan,nan,nan,nan
26.7514,0.0300,0.0361,1.1874,-0.0491,-0.0640,0.0839,nan,nan,nan,nan,0.2778,39.3379,39.7907,0.0009,nan,nan,nan,nan
26.7723,0.0299,0.0360,1.1875,-0.0604,-0.0638,0.0847,nan,nan,nan,nan,0.2788,39.3388,39.7892,0.0003,nan,nan,nan,nan
26.8052,0.0299,0.0359,1.1877,-0.0701,-0.0642,0.0866,nan,nan,nan,nan,0.2713,39.3409,39.7885,0.0036,nan,nan,nan,nan
26.8371,0.0298,0.0358,1.1879,-0.0789,-0.0653,0.0891,nan,nan,nan,nan,0.2570,39.3393,39.7908,0.0093,nan,nan,nan,nan
26.8595,0.0297,0.0357,1.1881,-0.0873,-0.0664,0.0905,nan,nan,nan,nan,0.2501,39.3395,39.7975,0.0124,nan,nan,nan,nan
26.8802,0.0296,0.0356,1.1882,-0.0873,-0.0664,0.0905,nan,nan,nan,nan,0.2503,39.3403,39.8000,0.0155,nan,nan,nan,nan
26.9002,0.0296,0.0356,1.1883,-0.0964,-0.0675,0.0916,nan,nan,nan,nan,0.2524,39.3418,39.8008,0.0211,nan,nan,nan,nan
26.9290,0.0295,0.0355,1.1884,-0.1042,-0.0688,0.0924,nan,nan,nan,nan,0.2520,39.3451,39.8010,0.0334,nan,nan,nan,nan
26.9530,0.0294,0.0354,1.1886,-0.1042,-0.0688,0.0924,nan,nan,nan,nan,0.2467,39.3458,39.8006,0.0394,nan,nan,nan,nan
26.9758,0.0294,0.0354,1.1887,-0.1106,-0.0706,0.0943,nan,nan,nan,nan,0.2392,39.3469,39.7990,0.0425,nan,nan,nan,nan
26.9985,0.0293,0.0353,1.1888,-0.1158,-0.0724,0.0970,nan,nan,nan,nan,0.2177,39.3496,39.7972,0.0461,nan,nan,nan,nan
27.0324,0.0292,0.0353,1.1890,-0.1200,-0.0740,0.0992,nan,nan,nan,nan,0.1963,39.3533,39.7986,0.0460,nan,nan,nan,nan
27.0572,0.0291,0.0352,1.1892,-0.1200,-0.0740,0.0992,nan,nan,nan,nan,0.1861,39.3552,39.7980,0.0464,nan,nan,nan,nan
27.0831,0.0291,0.0352,1.1892,-0.1236,-0.0759,0.1016,nan,nan,nan,nan,0.1707,39.3573,39.7948,0.0481,nan,nan,nan,nan
27.1140,0.0290,0.0351,1.1894,-0.1261,-0.0782,0.1031,nan,nan,nan,nan,0.1568,39.3577,39.7941,0.0501,nan,nan,nan,nan
27.1379,0.0289,0.0351,1.1895,-0.1261,-0.0782,0.1031,nan,nan,nan,nan,0.1391,39.3586,39.7916,0.0530,nan,nan,nan,nan
27.1615,0.0288,0.0351,1.1896,-0.1275,-0.0804,0.1052,nan,nan,nan,nan,0.1330,39.3588,39.7908,0.0542,nan,nan,nan,nan
27.1961,0.0288,0.0350,1.1897,-0.1277,-0.0826,0.1069,nan,nan,nan,nan,0.1093,39.3600,39.7860,0.0587,nan,nan,nan,nan
27.2167,0.0287,0.0350,1.1899,-0.1277,-0.0826,0.1069,nan,nan,nan,nan,0.0979,39.3601,39.7852,0.0584,nan,nan,nan,nan
27.2386,0.0286,0.0350,1.1900,-0.1269,-0.0848,0.1082,nan,nan,nan,nan,0.0842,39.3596,39.7848,0.0582,nan,nan,nan,nan
27.2657,0.0285,0.0349,1.1901,-0.1251,-0.0864,0.1084,nan,nan,nan,nan,0.0742,39.3604,39.7821,0.0580,nan,nan,nan,nan
27.2962,0.0284,0.0349,1.1903,-0.1224,-0.0874,0.1084,nan,nan,nan,nan,0.0637,39.3642,39.7779,0.0609,nan,nan,nan,nan
27.3309,0.0283,0.0349,1.1904,-0.1183,-0.0882,0.1085,nan,nan,nan,nan,0.0496,39.3667,39.7733,0.0629,nan,nan,nan,nan
27.3555,0.0282,0.0349,1.1906,-0.1183,-0.0882,0.1085,nan,nan,nan,nan,0.0386,39.3685,39.7726,0.0638,nan,nan,nan,nan
27.3826,0.0281,0.0349,1.1906,-0.1127,-0.0885,0.1081,nan,nan,nan,nan,0.0329,39.3704,39.7705,0.0673,nan,nan,nan,nan
27.4183,0.0280,0.0348,1.1908,-0.1067,-0.0884,0.1069,nan,nan,nan,nan,0.0307,39.3720,39.7667,0.0695,nan,nan,nan,nan
27.4461,0.0278,0.0348,1.1909,-0.1006,-0.0882,0.1048,nan,nan,nan,nan,0.0370,39.3711,39.7646,0.0697,nan,nan,nan,nan
27.4803,0.0277,0.0348,1.1911,-0.0933,-0.0877,0.1020,nan,nan,nan,nan,0.0448,39.3688,39.7684,0.0707,nan,nan,nan,nan
27.5011,0.0276,0.0348,1.1912,-0.0933,-0.0877,0.1020,nan,nan,nan,nan,0.0480,39.3671,39.7702,0.0679,nan,nan,nan,nan
27.5261,0.0275,0.0348,1.1913,-0.0851,-0.0870,0.0996,nan,nan,nan,nan,0.0523,39.3639,39.7750,0.0647,nan,nan,nan,nan
27.5507,0.0274,0.0348,1.1914,-0.0759,-0.0859,0.0964,nan,nan,nan,nan,0.0584,39.3604,39.7779,0.0654,nan,nan,nan,nan
27.5857,0.0272,0.0348,1.1916,-0.0666,-0.0844,0.0927,nan,nan,nan,nan,0.0718,39.3559,39.7805,0.0669,nan,nan,nan,nan
27.6075,0.0271,0.0348,1.1917,-0.0666,-0.0844,0.0927,nan,nan,nan,nan,0.0795,39.3547,39.7843,0.0663,nan,nan,nan,nan
27.6288,0.0270,0.0348,1.1918,-0.0569,-0.0822,0.0890,nan,nan,nan,nan,0.0916,39.3554,39.7906,0.0624,nan,nan,nan,nan
27.6513,0.0269,0.0348,1.1919,-0.0472,-0.0789,0.0854,nan,nan,nan,nan,0.1042,39.3587,39.7953,0.0604,nan,nan,nan,nan
27.6731,0.0267,0.0348,1.1920,-0.0373,-0.0750,0.0823,nan,nan,nan,nan,0.1184,39.3637,39.7981,0.0613,nan,nan,nan,nan
27.7060,0.0266,0.0348,1.1921,-0.0275,-0.0713,0.0789,nan,nan,nan,nan,0.1357,39.3652,39.7977,0.0612,nan,nan,nan,nan
27.7329,0.0264,0.0348,1.1923,-0.0177,-0.0677,0.0747,nan,nan,nan,nan,0.1600,39.3645,39.7927,0.0593,nan,nan,nan,nan
27.7569,0.0262,0.0348,1.1924,-0.0093,-0.0636,0.0691,nan,nan,nan,nan,0.2018,39.3630,39.7851,0.0536,nan,nan,nan,nan
27.7884,0.0260,0.0348,1.1926,-0.0017,-0.0594,0.0623,nan,nan,nan,nan,0.2546,39.3603,39.7815,0.0464,nan,nan,nan,nan
27.8089,0.0259,0.0348,1.1927,-0.0017,-0.0594,0.0623,nan,nan,nan,nan,0.2790,39.3593,39.7791,0.0428,nan,nan,nan,nan
27.8292,0.0258,0.0348,1.1927,0.0060,-0.0550,0.0567,nan,nan,nan,nan,0.2998,39.3590,39.7751,0.0414,nan,nan,nan,nan
27.8560,0.0257,0.0348,1.1928,0.0148,-0.0504,0.0535,nan,nan,nan,nan,0.3226,39.3605,39.7662,0.0371,nan,nan,nan,nan
27.8893,0.0255,0.0348,1.1930,0.0248,-0.0457,0.0538,nan,nan,nan,nan,0.3160,39.3624,39.7632,0.0362,nan,nan,nan,nan
27.9140,0.0253,0.0348,1.1931,0.0248,-0.0457,0.0538,nan,nan,nan,nan,0.3028,39.3616,39.7594,0.0342,nan,nan,nan,nan
27.9385,0.0252,0.0348,1.1932,0.0352,-0.0413,0.0553,nan,nan,nan,nan,0.2897,39.3592,39.7593,0.0306,nan,nan,nan,nan
27.9623,0.0251,0.0348,1.1933,0.0451,-0.0372,0.0564,nan,nan,nan,nan,0.2829,39.3570,39.7616,0.0290,nan,nan,nan,nan
27.9881,0.0249,0.0348,1.1934,0.0538,-0.0327,0.0568,nan,nan,nan,nan,0.2795,39.3549,39.7621,0.0242,nan,nan,nan,nan
28.0183,0.0247,0.0348,1.1935,0.0616,-0.0280,0.0570,nan,nan,nan,nan,0.2794,39.3535,39.7625,0.0144,nan,nan,nan,nan
28.0393,0.0246,0.0348,1.1936,0.0616,-0.0280,0.0570,nan,nan,nan,nan,0.2800,39.3532,39.7644,0.0087,nan,nan,nan,nan
28.0594,0.0245,0.0348,1.1936,0.0691,-0.0231,0.0571,nan,nan,nan,nan,0.2781,39.3541,39.7662,0.0057,nan,nan,nan,nan
28.0947,0.0244,0.0348,1.1937,0.0766,-0.0181,0.0587,nan,nan,nan,nan,0.2657,39.3563,39.7707,0.0041,nan,nan,nan,nan
28.1201,0.0242,0.0348,1.1938,0.0766,-0.0181,0.0587,nan,nan,nan,nan,0.2467,39.3573,39.7712,0.0053,nan,nan,nan,nan
28.1408,0.0242,0.0348,1.1938,0.0846,-0.0131,0.0621,nan,nan,nan,nan,0.2387,39.3572,39.7705,0.0059,nan,nan,nan,nan
28.1692,0.0240,0.0348,1.1939,0.0925,-0.0084,0.0663,nan,nan,nan,nan,0.2055,39.3566,39.7701,0.0084,nan,nan,nan,nan
28.2075,0.0238,0.0348,1.1940,0.0996,-0.0040,0.0697,nan,nan,nan,nan,0.1779,39.3535,39.7730,0.0144,nan,nan,nan,nan
28.2365,0.0236,0.0348,1.1941,0.1057,0.0005,0.0731,nan,nan,nan,nan,0.1542,39.3514,39.7750,0.0187,nan,nan,nan,nan
28.2667,0.0234,0.0348,1.1943,0.1114,0.0051,0.0760,nan,nan,nan,nan,0.1333,39.3508,39.7755,0.0211,nan,nan,nan,nan
28.2965,0.0232,0.0347,1.1944,0.1169,0.0093,0.0790,nan,nan,nan,nan,0.1118,39.3509,39.7759,0.0258,nan,nan,nan,nan
28.3281,0.0230,0.0347,1.1945,0.1213,0.0136,0.0817,nan,nan,nan,nan,0.0965,39.3515,39.7756,0.0308,nan,nan,nan,nan
28.3631,0.0228,0.0347,1.1946,0.1256,0.0176,0.0845,nan,nan,nan,nan,0.0791,39.3510,39.7738,0.0317,nan,nan,nan,nan
28.3856,0.0227,0.0346,1.1946,0.1256,0.0176,0.0845,nan,nan,nan,nan,0.0600,39.3489,39.7723,0.0330,nan,nan,nan,nan
28.4076,0.0226,0.0346,1.1947,0.1307,0.0209,0.0880,nan,nan,nan,nan,0.0519,39.3486,39.7715,0.0336,nan,nan,nan,nan
28.4291,0.0225,0.0346,1.1947,0.1364,0.0241,0.0927,nan,nan,nan,nan,0.0118,39.3466,39.7694,0.0346,nan,nan,nan,nan
28.4596,0.0223,0.0345,1.1948,0.1420,0.0268,0.0971,nan,nan,nan,nan,-0.0285,39.3443,39.7651,0.0398,nan,nan,nan,nan
28.4920,0.0221,0.0345,1.1949,0.1466,0.0293,0.1004,nan,nan,nan,nan,-0.0560,39.3432,39.7627,0.0452,nan,nan,nan,nan
28.5143,0.0220,0.0344,1.1950,0.1466,0.0293,0.1004,nan,nan,nan,nan,-0.0625,39.3425,39.7601,0.0503,nan,nan,nan,nan
28.5350,0.0218,0.0344,1.1951,0.1498,0.0315,0.1014,nan,nan,nan,nan,-0.0596,39.3410,39.7602,0.0518,nan,nan,nan,nan
28.5588,0.0217,0.0343,1.1951,0.1517,0.0335,0.1004,nan,nan,nan,nan,-0.0463,39.3388,39.7601,0.0505,nan,nan,nan,nan
28.5858,0.0216,0.0342,1.1952,0.1535,0.0355,0.0990,nan,nan,nan,nan,-0.0350,39.3381,39.7638,0.0493,nan,nan,nan,nan
28.6066,0.0214,0.0341,1.1953,0.1553,0.0371,0.0980,nan,nan,nan,nan,-0.0247,39.3362,39.7670,0.0505,nan,nan,nan,nan
28.6269,0.0213,0.0341,1.1953,0.1553,0.0371,0.0980,nan,nan,nan,nan,-0.0192,39.3342,39.7703,0.0498,nan,nan,nan,nan
28.6509,0.0212,0.0340,1.1953,0.1571,0.0384,0.0971,nan,nan,nan,nan,-0.0145,39.3335,39.7722,0.0496,nan,nan,nan,nan
28.6786,0.0210,0.0339,1.1954,0.1588,0.0397,0.0959,nan,nan,nan,nan,-0.0070,39.3335,39.7731,0.0484,nan,nan,nan,nan
28.7136,0.0209,0.0338,1.1955,0.1609,0.0404,0.0958,nan,nan,nan,nan,-0.0057,39.3303,39.7714,0.0480,nan,nan,nan,nan
28.7443,0.0207,0.0337,1.1955,0.1629,0.0406,0.0954,nan,nan,nan,nan,-0.0029,39.3252,39.7705,0.0504,nan,nan,nan,nan
28.7817,0.0205,0.0336,1.1956,0.1634,0.0409,0.0929,nan,nan,nan,nan,0.0198,39.3211,39.7722,0.0482,nan,nan,nan,nan
28.8057,0.0204,0.0334,1.1957,0.1634,0.0409,0.0929,nan,nan,nan,nan,0.0479,39.3197,39.7721,0.0488,nan,nan,nan,nan
28.8310,0.0203,0.0334,1.1957,0.1627,0.0413,0.0887,nan,nan,nan,nan,0.0703,39.3185,39.7724,0.0486,nan,nan,nan,nan
28.8538,0.0202,0.0333,1.1957,0.1610,0.0412,0.0841,nan,nan,nan,nan,0.1057,39.3153,39.7704,0.0466,nan,nan,nan,nan
28.8818,0.0201,0.0331,1.1958,0.1588,0.0410,0.0789,nan,nan,nan,nan,0.1560,39.3122,39.7651,0.0437,nan,nan,nan,nan
28.9106,0.0199,0.0329,1.1959,0.1566,0.0408,0.0746,nan,nan,nan,nan,0.1977,39.3109,39.7639,0.0458,nan,nan,nan,nan
28.9314,0.0198,0.0328,1.1959,0.1566,0.0408,0.0746,nan,nan,nan,nan,0.2130,39.3107,39.7637,0.0460,nan,nan,nan,nan
28.9569,0.0197,0.0327,1.1960,0.1547,0.0406,0.0721,nan,nan,nan,nan,0.2300,39.3117,39.7647,0.0427,nan,nan,nan,nan
28.9776,0.0196,0.0326,1.1960,0.1529,0.0399,0.0709,nan,nan,nan,nan,0.2404,39.3131,39.7695,0.0377,nan,nan,nan,nan
29.0102,0.0195,0.0324,1.1960,0.1510,0.0387,0.0708,nan,nan,nan,nan,0.2455,39.3158,39.7700,0.0249,nan,nan,nan,nan
29.0366,0.0193,0.0322,1.1961,0.1488,0.0369,0.0708,nan,nan,nan,nan,0.2473,39.3151,39.7660,0.0133,nan,nan,nan,nan
29.0696,0.0192,0.0320,1.1961,0.1453,0.0346,0.0709,nan,nan,nan,nan,0.2514,39.3132,39.7600,0.0026,nan,nan,nan,nan
29.0953,0.0190,0.0318,1.1962,0.1414,0.0321,0.0709,nan,nan,nan,nan,0.2559,39.3106,39.7557,0.0011,nan,nan,nan,nan
29.1213,0.0189,0.0316,1.1962,0.1375,0.0295,0.0716,nan,nan,nan,nan,0.2544,39.3083,39.7529,-0.0028,nan,nan,nan,nan
29.1508,0.0187,0.0314,1.1963,0.1336,0.0268,0.0737,nan,nan,nan,nan,0.2390,39.3060,39.7492,-0.0118,nan,nan,nan,nan
29.1718,0.0186,0.0313,1.1963,0.1336,0.0268,0.0737,nan,nan,nan,nan,0.2272,39.3064,39.7462,-0.0167,nan,nan,nan,nan
29.1921,0.0186,0.0312,1.1963,0.1297,0.0245,0.0770,nan,nan,nan,nan,0.2118,39.3068,39.7426,-0.0219,nan,nan,nan,nan
29.2229,0.0185,0.0310,1.1964,0.1258,0.0222,0.0809,nan,nan,nan,nan,0.1791,39.3089,39.7421,-0.0270,nan,nan,nan,nan
29.2562,0.0183,0.0308,1.1964,0.1215,0.0203,0.0848,nan,nan,nan,nan,0.1436,39.3133,39.7454,-0.0368,nan,nan,nan,nan
29.2808,0.0182,0.0306,1.1964,0.1215,0.0203,0.0848,nan,nan,nan,nan,0.1255,39.3153,39.7441,-0.0454,nan,nan,nan,nan
29.3042,0.0182,0.0305,1.1964,0.1162,0.0184,0.0891,nan,nan,nan,nan,0.1089,39.3166,39.7433,-0.0532,nan,nan,nan,nan
29.3378,0.0181,0.0304,1.1965,0.1105,0.0162,0.0930,nan,nan,nan,nan,0.0772,39.3180,39.7485,-0.0578,nan,nan,nan,nan
29.3732,0.0179,0.0301,1.1965,0.1046,0.0141,0.0968,nan,nan,nan,nan,0.0444,39.3190,39.7556,-0.0615,nan,nan,nan,nan
29.3978,0.0178,0.0299,1.1965,0.0980,0.0120,0.1005,nan,nan,nan,nan,0.0120,39.3188,39.7595,-0.0693,nan,nan,nan,nan
29.4221,0.0177,0.0296,1.1966,0.0901,0.0103,0.1027,nan,nan,nan,nan,-0.0054,39.3198,39.7680,-0.0768,nan,nan,nan,nan
29.4597,0.0175,0.0294,1.1966,0.0810,0.0086,0.1041,nan,nan,nan,nan,-0.0109,39.3200,39.7720,-0.0734,nan,nan,nan,nan
29.4868,0.0174,0.0291,1.1966,0.0715,0.0069,0.1049,nan,nan,nan,nan,-0.0134,39.3190,39.7748,-0.0745,nan,nan,nan,nan
29.5165,0.0173,0.0289,1.1967,0.0619,0.0055,0.1051,nan,nan,nan,nan,-0.0123,39.3193,39.7768,-0.0764,nan,nan,nan,nan
29.5402,0.0172,0.0287,1.1967,0.0619,0.0055,0.1051,nan,nan,nan,nan,-0.0068,39.3191,39.7778,-0.0799,nan,nan,nan,nan
29.5643,0.0171,0.0285,1.1967,0.0517,0.0041,0.1038,nan,nan,nan,nan,0.0010,39.3183,39.7775,-0.0852,nan,nan,nan,nan
29.5909,0.0170,0.0283,1.1967,0.0406,0.0028,0.1023,nan,nan,nan,nan,0.0266,39.3167,39.7829,-0.1009,nan,nan,nan,nan
29.6146,0.0169,0.0281,1.1967,0.0292,0.0019,0.1004,nan,nan,nan,nan,0.0435,39.3180,39.7880,-0.1101,nan,nan,nan,nan
29.6355,0.0168,0.0278,1.1968,0.0183,0.0011,0.0989,nan,nan,nan,nan,0.0640,39.3180,39.7895,-0.1241,nan,nan,nan,nan
29.6556,0.0167,0.0276,1.1968,0.0183,0.0011,0.0989,nan,nan,nan,nan,0.0739,39.3181,39.7878,-0.1324,nan,nan,nan,nan
29.6832,0.0166,0.0273,1.1968,0.0079,0.0003,0.0968,nan,nan,nan,nan,0.1061,39.3194,39.7862,-0.1495,nan,nan,nan,nan
29.7073,0.0165,0.0272,1.1968,-0.0036,0.0001,0.0939,nan,nan,nan,nan,0.1150,39.3201,39.7862,-0.1506,nan,nan,nan,nan
29.7283,0.0164,0.0270,1.1968,-0.0153,-0.0002,0.0900,nan,nan,nan,nan,0.1531,39.3207,39.7850,-0.1500,nan,nan,nan,nan
29.7608,0.0163,0.0267,1.1968,-0.0272,-0.0003,0.0854,nan,nan,nan,nan,0.1988,39.3222,39.7834,-0.1475,nan,nan,nan,nan
29.7813,0.0162,0.0265,1.1969,-0.0272,-0.0003,0.0854,nan,nan,nan,nan,0.2214,39.3226,39.7823,-0.1434,nan,nan,nan,nan
29.8066,0.0161,0.0264,1.1969,-0.0391,-0.0005,0.0813,nan,nan,nan,nan,0.2498,39.3218,39.7828,-0.1371,nan,nan,nan,nan
29.8347,0.0160,0.0262,1.1969,-0.0505,-0.0009,0.0786,nan,nan,nan,nan,0.2720,39.3203,39.7819,-0.1342,nan,nan,nan,nan
29.8600,0.0159,0.0259,1.1969,-0.0604,-0.0016,0.0776,nan,nan,nan,nan,0.2837,39.3162,39.7838,-0.1272,nan,nan,nan,nan
29.8952,0.0158,0.0256,1.1969,-0.0695,-0.0024,0.0786,nan,nan,nan,nan,0.2784,39.3123,39.7837,-0.1168,nan,nan,nan,nan
29.9291,0.0156,0.0254,1.1969,-0.0787,-0.0029,0.0798,nan,nan,nan,nan,0.2717,39.3099,39.7810,-0.1035,nan,nan,nan,nan
29.9509,0.0155,0.0252,1.1969,-0.0787,-0.0029,0.0798,nan,nan,nan,nan,0.2643,39.3084,39.7775,-0.0943,nan,nan,nan,nan
29.9745,0.0155,0.0251,1.1970,-0.0878,-0.0032,0.0814,nan,nan,nan,nan,0.2584,39.3073,39.7744,-0.0899,nan,nan,nan,nan
30.0006,0.0154,0.0249,1.1970,-0.0964,-0.0033,0.0827,nan,nan,nan,nan,0.2485,39.3061,39.7696,-0.0853,nan,nan,nan,nan
30.0286,0.0153,0.0247,1.1970,-0.1053,-0.0033,0.0842,nan,nan,nan,nan,0.2374,39.3053,39.7658,-0.0852,nan,nan,nan,nan
30.0517,0.0152,0.0245,1.1970,-0.1053,-0.0033,0.0842,nan,nan,nan,nan,0.2243,39.3047,39.7630,-0.0834,nan,nan,nan,nan
30.0769,0.0151,0.0244,1.1970,-0.1133,-0.0031,0.0859,nan,nan,nan,nan,0.2189,39.3047,39.7616,-0.0820,nan,nan,nan,nan
30.1079,0.0150,0.0242,1.1970,-0.1208,-0.0028,0.0888,nan,nan,nan,nan,0.1918,39.3053,39.7581,-0.0805,nan,nan,nan,nan
30.1280,0.0149,0.0241,1.1970,-0.1208,-0.0028,0.0888,nan,nan,nan,nan,0.1749,39.3056,39.7565,-0.0824,nan,nan,nan,nan
30.1511,0.0148,0.0240,1.1970,-0.1271,-0.0023,0.0921,nan,nan,nan,nan,0.1567,39.3069,39.7544,-0.0855,nan,nan,nan,nan
30.1728,0.0147,0.0238,1.1970,-0.1331,-0.0015,0.0956,nan,nan,nan,nan,0.1199,39.3112,39.7504,-0.0893,nan,nan,nan,nan
30.1992,0.0146,0.0236,1.1970,-0.1379,-0.0009,0.0996,nan,nan,nan,nan,0.0758,39.3151,39.7430,-0.0948,nan,nan,nan,nan
30.2202,0.0145,0.0234,1.1970,-0.1421,-0.0005,0.1032,nan,nan,nan,nan,0.0329,39.3173,39.7322,-0.0990,nan,nan,nan,nan
30.2479,0.0144,0.0233,1.1970,-0.1458,0.0002,0.1072,nan,nan,nan,nan,-0.0116,39.3217,39.7230,-0.1047,nan,nan,nan,nan
30.2841,0.0142,0.0231,1.1970,-0.1487,0.0013,0.1105,nan,nan,nan,nan,-0.0539,39.3271,39.7152,-0.1075,nan,nan,nan,nan
30.3152,0.0141,0.0229,1.1970,-0.1513,0.0029,0.1122,nan,nan,nan,nan,-0.0839,39.3335,39.7109,-0.1042,nan,nan,nan,nan
30.3392,0.0140,0.0227,1.1970,-0.1546,0.0048,0.1125,nan,nan,nan,nan,-0.0958,39.3385,39.7081,-0.0994,nan,nan,nan,nan
30.3700,0.0139,0.0226,1.1970,-0.1582,0.0071,0.1110,nan,nan,nan,nan,-0.0902,39.3420,39.7043,-0.0944,nan,nan,nan,nan
30.4033,0.0137,0.0224,1.1970,-0.1612,0.0094,0.1082,nan,nan,nan,nan,-0.0749,39.3428,39.7032,-0.0865,nan,nan,nan,nan
30.4260,0.0136,0.0223,1.1970,-0.1633,0.0121,0.1054,nan,nan,nan,nan,-0.0614,39.3461,39.6996,-0.0850,nan,nan,nan,nan
30.4565,0.0135,0.0221,1.1971,-0.1640,0.0146,0.1029,nan,nan,nan,nan,-0.0520,39.3464,39.6959,-0.0849,nan,nan,nan,nan
30.4869,0.0134,0.0220,1.1971,-0.1630,0.0169,0.1011,nan,nan,nan,nan,-0.0523,39.3443,39.6908,-0.0813,nan,nan,nan,nan
30.5211,0.0133,0.0218,1.1971,-0.1608,0.0195,0.0999,nan,nan,nan,nan,-0.0581,39.3432,39.6876,-0.0769,nan,nan,nan,nan
30.5559,0.0131,0.0217,1.1971,-0.1582,0.0222,0.0985,nan,nan,nan,nan,-0.0611,39.3436,39.6797,-0.0762,nan,nan,nan,nan
30.5770,0.0130,0.0216,1.1971,-0.1548,0.0248,0.0960,nan,nan,nan,nan,-0.0575,39.3412,39.6745,-0.0785,nan,nan,nan,nan
30.6085,0.0129,0.0215,1.1971,-0.1516,0.0274,0.0925,nan,nan,nan,nan,-0.0434,39.3370,39.6718,-0.0880,nan,nan,nan,nan
30.6428,0.0128,0.0214,1.1971,-0.1478,0.0299,0.0891,nan,nan,nan,nan,-0.0303,39.3329,39.6676,-0.1148,nan,nan,nan,nan
30.6742,0.0127,0.0213,1.1971,-0.1435,0.0326,0.0860,nan,nan,nan,nan,-0.0174,39.3309,39.6659,-0.1527,nan,nan,nan,nan
30.7007,0.0126,0.0212,1.1971,-0.1378,0.0355,0.0835,nan,nan,nan,nan,-0.0125,39.3295,39.6664,-0.1864,nan,nan,nan,nan
30.7279,0.0124,0.0211,1.1970,-0.1305,0.0382,0.0823,nan,nan,nan,nan,-0.0200,39.3276,39.6678,-0.1950,nan,nan,nan,nan
30.7557,0.0123,0.0211,1.1970,-0.1223,0.0408,0.0822,nan,nan,nan,nan,-0.0348,39.3257,39.6710,-0.1958,nan,nan,nan,nan
30.7909,0.0122,0.0210,1.1970,-0.1131,0.0436,0.0817,nan,nan,nan,nan,-0.0523,39.3256,39.6718,-0.1942,nan,nan,nan,nan
30.8146,0.0122,0.0210,1.1970,-0.1131,0.0436,0.0817,nan,nan,nan,nan,-0.0651,39.3253,39.6715,-0.1889,nan,nan,nan,nan
30.8350,0.0121,0.0209,1.1970,-0.1036,0.0464,0.0816,nan,nan,nan,nan,-0.0851,39.3247,39.6708,-0.1810,nan,nan,nan,nan
30.8569,0.0120,0.0209,1.1970,-0.0926,0.0488,0.0828,nan,nan,nan,nan,-0.1017,39.3244,39.6705,-0.1772,nan,nan,nan,nan
30.8826,0.0119,0.0209,1.1970,-0.0812,0.0509,0.0835,nan,nan,nan,nan,-0.1294,39.3241,39.6726,-0.1680,nan,nan,nan,nan
30.9075,0.0118,0.0208,1.1970,-0.0710,0.0531,0.0829,nan,nan,nan,nan,-0.1398,39.3247,39.6762,-0.1625,nan,nan,nan,nan
30.9396,0.0117,0.0208,1.1970,-0.0613,0.0553,0.0804,nan,nan,nan,nan,-0.1312,39.3257,39.6796,-0.1592,nan,nan,nan,nan
30.9638,0.0117,0.0207,1.1970,-0.0613,0.0553,0.0804,nan,nan,nan,nan,-0.1230,39.3247,39.6792,-0.1552,nan,nan,nan,nan
30.9849,0.0116,0.0207,1.1970,-0.0517,0.0570,0.0773,nan,nan,nan,nan,-0.1158,39.3238,39.6794,-0.1527,nan,nan,nan,nan
31.0179,0.0116,0.0207,1.1970,-0.0416,0.0587,0.0752,nan,nan,nan,nan,-0.1059,39.3221,39.6803,-0.1547,nan,nan,nan,nan
31.0491,0.0115,0.0206,1.1970,-0.0316,0.0599,0.0728,nan,nan,nan,nan,-0.0917,39.3183,39.6795,-0.1604,nan,nan,nan,nan
31.0715,0.0114,0.0206,1.1970,-0.0215,0.0606,0.0700,nan,nan,nan,nan,-0.0724,39.3131,39.6735,-0.1633,nan,nan,nan,nan
31.0916,0.0113,0.0206,1.1970,-0.0215,0.0606,0.0700,nan,nan,nan,nan,-0.0623,39.3105,39.6701,-0.1611,nan,nan,nan,nan
31.1162,0.0113,0.0205,1.1970,-0.0114,0.0611,0.0673,nan,nan,nan,nan,-0.0522,39.3081,39.6663,-0.1578,nan,nan,nan,nan
31.1463,0.0112,0.0205,1.1970,-0.0008,0.0614,0.0651,nan,nan,nan,nan,-0.0384,39.3044,39.6620,-0.1543,nan,nan,nan,nan
31.1693,0.0112,0.0205,1.1970,-0.0008,0.0614,0.0651,nan,nan,nan,nan,-0.0371,39.3029,39.6598,-0.1532,nan,nan,nan,nan
31.1923,0.0111,0.0205,1.1970,0.0109,0.0615,0.0643,nan,nan,nan,nan,-0.0385,39.3007,39.6579,-0.1516,nan,nan,nan,nan
31.2146,0.0111,0.0204,1.1970,0.0226,0.0611,0.0641,nan,nan,nan,nan,-0.0419,39.2957,39.6540,-0.1474,nan,nan,nan,nan
31.2442,0.0110,0.0204,1.1970,0.0340,0.0605,0.0634,nan,nan,nan,nan,-0.0419,39.2911,39.6537,-0.1438,nan,nan,nan,nan
31.2672,0.0110,0.0204,1.1969,0.0340,0.0605,0.0634,nan,nan,nan,nan,-0.0415,39.2902,39.6538,-0.1439,nan,nan,nan,nan
31.2881,0.0109,0.0203,1.1969,0.0450,0.0602,0.0626,nan,nan,nan,nan,-0.0387,39.2892,39.6564,-0.1474,nan,nan,nan,nan
31.3149,0.0109,0.0203,1.1969,0.0551,0.0597,0.0620,nan,nan,nan,nan,-0.0337,39.2896,39.6644,-0.1492,nan,nan,nan,nan
31.3386,0.0108,0.0203,1.1969,0.0653,0.0593,0.0622,nan,nan,nan,nan,-0.0371,39.2917,39.6728,-0.1467,nan,nan,nan,nan
31.3677,0.0108,0.0202,1.1969,0.0753,0.0588,0.0630,nan,nan,nan,nan,-0.0428,39.2932,39.6786,-0.1446,nan,nan,nan,nan
31.4038,0.0107,0.0202,1.1969,0.0846,0.0583,0.0629,nan,nan,nan,nan,-0.0420,39.2954,39.6856,-0.1432,nan,nan,nan,nan
31.4278,0.0107,0.0201,1.1969,0.0846,0.0583,0.0629,nan,nan,nan,nan,-0.0347,39.2957,39.6902,-0.1408,nan,nan,nan,nan
31.4500,0.0106,0.0201,1.1969,0.0923,0.0573,0.0620,nan,nan,nan,nan,-0.0271,39.2958,39.6927,-0.1379,nan,nan,nan,nan
31.4707,0.0106,0.0200,1.1969,0.0986,0.0560,0.0600,nan,nan,nan,nan,-0.0083,39.2951,39.6954,-0.1323,nan,nan,nan,nan
31.4968,0.0106,0.0200,1.1969,0.1028,0.0547,0.0569,nan,nan,nan,nan,0.0286,39.2946,39.6940,-0.1241,nan,nan,nan,nan
31.5253,0.0105,0.0199,1.1969,0.1059,0.0537,0.0533,nan,nan,nan,nan,0.0704,39.2955,39.6944,-0.1119,nan,nan,nan,nan
31.5590,0.0105,0.0198,1.1969,0.1081,0.0528,0.0507,nan,nan,nan,nan,0.1084,39.2977,39.6957,-0.0993,nan,nan,nan,nan
31.5822,0.0104,0.0197,1.1969,0.1103,0.0516,0.0501,nan,nan,nan,nan,0.1281,39.2978,39.6981,-0.0842,nan,nan,nan,nan
31.6087,0.0104,0.0196,1.1969,0.1121,0.0500,0.0502,nan,nan,nan,nan,0.1413,39.2949,39.7039,-0.0714,nan,nan,nan,nan
31.6437,0.0104,0.0195,1.1969,0.1139,0.0486,0.0516,nan,nan,nan,nan,0.1417,39.2928,39.7103,-0.0726,nan,nan,nan,nan
31.6691,0.0103,0.0194,1.1969,0.1155,0.0472,0.0547,nan,nan,nan,nan,0.1268,39.2929,39.7173,-0.0803,nan,nan,nan,nan
31.6905,0.0103,0.0193,1.1968,0.1163,0.0457,0.0584,nan,nan,nan,nan,0.1085,39.2932,39.7219,-0.0901,nan,nan,nan,nan
31.7223,0.0103,0.0192,1.1968,0.1161,0.0444,0.0615,nan,nan,nan,nan,0.0942,39.2932,39.7246,-0.0888,nan,nan,nan,nan
31.7496,0.0103,0.0191,1.1968,0.1144,0.0429,0.0640,nan,nan,nan,nan,0.0901,39.2918,39.7246,-0.0875,nan,nan,nan,nan
31.7744,0.0102,0.0190,1.1968,0.1116,0.0416,0.0658,nan,nan,nan,nan,0.0925,39.2908,39.7287,-0.0887,nan,nan,nan,nan
31.8036,0.0102,0.0189,1.1968,0.1077,0.0407,0.0676,nan,nan,nan,nan,0.0966,39.2903,39.7336,-0.0827,nan,nan,nan,nan
31.8320,0.0102,0.0187,1.1968,0.1034,0.0401,0.0691,nan,nan,nan,nan,0.1002,39.2924,39.7342,-0.0795,nan,nan,nan,nan
31.8603,0.0102,0.0186,1.1968,0.0984,0.0398,0.0715,nan,nan,nan,nan,0.1010,39.2947,39.7352,-0.0706,nan,nan,nan,nan
31.8817,0.0102,0.0185,1.1968,0.0930,0.0397,0.0745,nan,nan,nan,nan,0.0966,39.2982,39.7373,-0.0633,nan,nan,nan,nan
31.9132,0.0101,0.0183,1.1968,0.0867,0.0398,0.0762,nan,nan,nan,nan,0.0985,39.3023,39.7406,-0.0696,nan,nan,nan,nan
31.9413,0.0101,0.0182,1.1968,0.0792,0.0396,0.0781,nan,nan,nan,nan,0.1041,39.3028,39.7423,-0.0629,nan,nan,nan,nan
31.9640,0.0101,0.0181,1.1968,0.0792,0.0396,0.0781,nan,nan,nan,nan,0.1065,39.3030,39.7420,-0.0597,nan,nan,nan,nan
31.9863,0.0101,0.0179,1.1968,0.0713,0.0392,0.0796,nan,nan,nan,nan,0.1148,39.3013,39.7400,-0.0499,nan,nan,nan,nan
32.0093,0.0101,0.0178,1.1968,0.0626,0.0388,0.0808,nan,nan,nan,nan,0.1172,39.3007,39.7411,-0.0479,nan,nan,nan,nan
32.0304,0.0101,0.0177,1.1968,0.0544,0.0380,0.0828,nan,nan,nan,nan,0.1141,39.2990,39.7439,-0.0497,nan,nan,nan,nan
32.0508,0.0101,0.0176,1.1968,0.0544,0.0380,0.0828,nan,nan,nan,nan,0.1003,39.2960,39.7469,-0.0500,nan,nan,nan,nan
32.0754,0.0101,0.0176,1.1968,0.0468,0.0364,0.0867,nan,nan,nan,nan,0.0932,39.2950,39.7483,-0.0502,nan,nan,nan,nan
32.1023,0.0101,0.0174,1.1969,0.0395,0.0347,0.0915,nan,nan,nan,nan,0.0552,39.2920,39.7539,-0.0484,nan,nan,nan,nan
32.1237,0.0101,0.0173,1.1969,0.0320,0.0330,0.0956,nan,nan,nan,nan,0.0353,39.2907,39.7554,-0.0500,nan,nan,nan,nan
32.1546,0.0101,0.0171,1.1969,0.0242,0.0310,0.0995,nan,nan,nan,nan,0.0081,39.2882,39.7584,-0.0496,nan,nan,nan,nan
32.1758,0.0101,0.0170,1.1969,0.0242,0.0310,0.0995,nan,nan,nan,nan,-0.0075,39.2875,39.7612,-0.0482,nan,nan,nan,nan
32.2009,0.0101,0.0169,1.1969,0.0164,0.0291,0.1035,nan,nan,nan,nan,-0.0368,39.2892,39.7654,-0.0491,nan,nan,nan,nan
32.2276,0.0101,0.0167,1.1969,0.0083,0.0276,0.1064,nan,nan,nan,nan,-0.0548,39.2915,39.7665,-0.0514,nan,nan,nan,nan
32.2560,0.0101,0.0166,1.1969,-0.0012,0.0260,0.1079,nan,nan,nan,nan,-0.0588,39.2929,39.7678,-0.0510,nan,nan,nan,nan
32.2848,0.0101,0.0165,1.1969,-0.0110,0.0242,0.1080,nan,nan,nan,nan,-0.0579,39.2933,39.7690,-0.0489,nan,nan,nan,nan
32.3080,0.0101,0.0164,1.1969,-0.0110,0.0242,0.1080,nan,nan,nan,nan,-0.0595,39.2941,39.7695,-0.0448,nan,nan,nan,nan
32.3328,0.0101,0.0163,1.1969,-0.0207,0.0224,0.1084,nan,nan,nan,nan,-0.0618,39.2943,39.7692,-0.0410,nan,nan,nan,nan
32.3651,0.0101,0.0162,1.1969,-0.0304,0.0204,0.1078,nan,nan,nan,nan,-0.0578,39.2929,39.7709,-0.0341,nan,nan,nan,nan
32.3923,0.0101,0.0160,1.1969,-0.0403,0.0183,0.1053,nan,nan,nan,nan,-0.0409,39.2924,39.7727,-0.0265,nan,nan,nan,nan
32.4152,0.0101,0.0159,1.1969,-0.0403,0.0183,0.1053,nan,nan,nan,nan,-0.0287,39.2927,39.7739,-0.0243,nan,nan,nan,nan
32.4357,0.0101,0.0158,1.1969,-0.0504,0.0162,0.1019,nan,nan,nan,nan,-0.0096,39.2947,39.7743,-0.0194,nan,nan,nan,nan
32.4678,0.0101,0.0157,1.1969,-0.0601,0.0138,0.0990,nan,nan,nan,nan,0.0059,39.2961,39.7713,-0.0150,nan,nan,nan,nan
32.4934,0.0101,0.0155,1.1969,-0.0691,0.0109,0.0963,nan,nan,nan,nan,0.0255,39.2963,39.7717,-0.0130,nan,nan,nan,nan
32.5137,0.0101,0.0154,1.1969,-0.0691,0.0109,0.0963,nan,nan,nan,nan,0.0388,39.2973,39.7701,-0.0067,nan,nan,nan,nan
32.5385,0.0101,0.0154,1.1969,-0.0771,0.0080,0.0933,nan,nan,nan,nan,0.0464,39.2979,39.7691,-0.0014,nan,nan,nan,nan
32.5629,0.0101,0.0153,1.1969,-0.0846,0.0045,0.0911,nan,nan,nan,nan,0.0543,39.2977,39.7676,0.0069,nan,nan,nan,nan
32.5833,0.0101,0.0151,1.1969,-0.0846,0.0045,0.0911,nan,nan,nan,nan,0.0602,39.2965,39.7678,0.0193,nan,nan,nan,nan
32.6082,0.0102,0.0151,1.1969,-0.0908,0.0010,0.0888,nan,nan,nan,nan,0.0620,39.2966,39.7694,0.0234,nan,nan,nan,nan
32.6389,0.0102,0.0150,1.1969,-0.0966,-0.0021,0.0869,nan,nan,nan,nan,0.0666,39.2991,39.7757,0.0331,nan,nan,nan,nan
32.6598,0.0102,0.0149,1.1970,-0.1011,-0.0057,0.0854,nan,nan,nan,nan,0.0630,39.2974,39.7808,0.0343,nan,nan,nan,nan
32.6900,0.0102,0.0147,1.1970,-0.1055,-0.0090,0.0832,nan,nan,nan,nan,0.0645,39.2969,39.7843,0.0353,nan,nan,nan,nan
32.7220,0.0102,0.0146,1.1970,-0.1098,-0.0119,0.0802,nan,nan,nan,nan,0.0741,39.2975,39.7853,0.0433,nan,nan,nan,nan
32.7533,0.0102,0.0145,1.1970,-0.1139,-0.0148,0.0771,nan,nan,nan,nan,0.0863,39.2976,39.7855,0.0514,nan,nan,nan,nan
32.7775,0.0102,0.0144,1.1970,-0.1179,-0.0173,0.0737,nan,nan,nan,nan,0.1012,39.2988,39.7843,0.0563,nan,nan,nan,nan
32.8088,0.0102,0.0143,1.1970,-0.1216,-0.0196,0.0707,nan,nan,nan,nan,0.1141,39.3002,39.7873,0.0645,nan,nan,nan,nan
32.8399,0.0102,0.0142,1.1970,-0.1244,-0.0218,0.0679,nan,nan,nan,nan,0.1228,39.3025,39.7915,0.0698,nan,nan,nan,nan
32.8673,0.0102,0.0141,1.1970,-0.1266,-0.0238,0.0652,nan,nan,nan,nan,0.1291,39.3046,39.7947,0.0739,nan,nan,nan,nan
32.8897,0.0102,0.0140,1.1970,-0.1266,-0.0238,0.0652,nan,nan,nan,nan,0.1357,39.3044,39.7958,0.0788,nan,nan,nan,nan
32.9116,0.0102,0.0140,1.1970,-0.1287,-0.0260,0.0625,nan,nan,nan,nan,0.1377,39.3046,39.7957,0.0799,nan,nan,nan,nan
32.9333,0.0102,0.0139,1.1970,-0.1304,-0.0278,0.0596,nan,nan,nan,nan,0.1493,39.3066,39.7969,0.0882,nan,nan,nan,nan
32.9607,0.0102,0.0138,1.1970,-0.1321,-0.0291,0.0562,nan,nan,nan,nan,0.1668,39.3088,39.7946,0.1023,nan,nan,nan,nan
32.9920,0.0102,0.0138,1.1970,-0.1327,-0.0303,0.0532,nan,nan,nan,nan,0.1764,39.3106,39.7922,0.1264,nan,nan,nan,nan
33.0158,0.0102,0.0137,1.1971,-0.1327,-0.0303,0.0532,nan,nan,nan,nan,0.1770,39.3119,39.7918,0.1393,nan,nan,nan,nan
33.0413,0.0102,0.0137,1.1971,-0.1325,-0.0312,0.0515,nan,nan,nan,nan,0.1768,39.3135,39.7906,0.1510,nan,nan,nan,nan
33.0627,0.0102,0.0137,1.1971,-0.1317,-0.0322,0.0496,nan,nan,nan,nan,0.1766,39.3143,39.7866,0.1671,nan,nan,nan,nan
33.0976,0.0102,0.0136,1.1971,-0.1302,-0.0329,0.0471,nan,nan,nan,nan,0.1785,39.3144,39.7874,0.1723,nan,nan,nan,nan
33.1194,0.0102,0.0136,1.1971,-0.1285,-0.0333,0.0450,nan,nan,nan,nan,0.1792,39.3142,39.7857,0.1701,nan,nan,nan,nan
33.1490,0.0102,0.0135,1.1971,-0.1263,-0.0335,0.0433,nan,nan,nan,nan,0.1773,39.3123,39.7807,0.1634,nan,nan,nan,nan
33.1829,0.0102,0.0135,1.1971,-0.1241,-0.0332,0.0415,nan,nan,nan,nan,0.1779,39.3109,39.7819,0.1563,nan,nan,nan,nan
33.2119,0.0102,0.0135,1.1971,-0.1218,-0.0325,0.0398,nan,nan,nan,nan,0.1790,39.3102,39.7869,0.1511,nan,nan,nan,nan
33.2393,0.0101,0.0134,1.1971,-0.1194,-0.0313,0.0379,nan,nan,nan,nan,0.1823,39.3103,39.7902,0.1498,nan,nan,nan,nan
33.2631,0.0101,0.0134,1.1971,-0.1194,-0.0313,0.0379,nan,nan,nan,nan,0.1826,39.3097,39.7894,0.1484,nan,nan,nan,nan
33.2856,0.0101,0.0134,1.1971,-0.1159,-0.0302,0.0359,nan,nan,nan,nan,0.1789,39.3084,39.7882,0.1470,nan,nan,nan,nan
33.3079,0.0101,0.0134,1.1971,-0.1119,-0.0288,0.0347,nan,nan,nan,nan,0.1759,39.3077,39.7885,0.1394,nan,nan,nan,nan
33.3319,0.0101,0.0134,1.1972,-0.1080,-0.0271,0.0332,nan,nan,nan,nan,0.1776,39.3064,39.7927,0.1360,nan,nan,nan,nan
33.3571,0.0101,0.0134,1.1972,-0.1044,-0.0250,0.0304,nan,nan,nan,nan,0.1855,39.3044,39.7971,0.1380,nan,nan,nan,nan
33.3831,0.0101,0.0134,1.1972,-0.1005,-0.0226,0.0282,nan,nan,nan,nan,0.1944,39.3030,39.8025,0.1431,nan,nan,nan,nan
33.4120,0.0100,0.0134,1.1972,-0.0953,-0.0201,0.0273,nan,nan,nan,nan,0.1898,39.3016,39.8037,0.1460,nan,nan,nan,nan
33.4400,0.0100,0.0135,1.1972,-0.0888,-0.0176,0.0283,nan,nan,nan,nan,0.1669,39.2998,39.8009,0.1436,nan,nan,nan,nan
33.4779,0.0100,0.0135,1.1972,-0.0811,-0.0147,0.0300,nan,nan,nan,nan,0.1355,39.3013,39.7971,0.1424,nan,nan,nan,nan
33.5098,0.0100,0.0135,1.1972,-0.0728,-0.0118,0.0327,nan,nan,nan,nan,0.0977,39.3035,39.7966,0.1420,nan,nan,nan,nan
33.5390,0.0099,0.0135,1.1972,-0.0640,-0.0092,0.0352,nan,nan,nan,nan,0.0617,39.3029,39.7959,0.1431,nan,nan,nan,nan
33.5648,0.0099,0.0136,1.1972,-0.0550,-0.0064,0.0367,nan,nan,nan,nan,0.0320,39.3041,39.7961,0.1446,nan,nan,nan,nan
33.5872,0.0099,0.0136,1.1972,-0.0469,-0.0036,0.0368,nan,nan,nan,nan,0.0207,39.3060,39.7940,0.1474,nan,nan,nan,nan
33.6091,0.0099,0.0136,1.1972,-0.0469,-0.0036,0.0368,nan,nan,nan,nan,0.0226,39.3081,39.7949,0.1482,nan,nan,nan,nan
33.6316,0.0099,0.0136,1.1972,-0.0399,-0.0002,0.0347,nan,nan,nan,nan,0.0349,39.3119,39.7949,0.1497,nan,nan,nan,nan
33.6549,0.0098,0.0137,1.1972,-0.0336,0.0034,0.0317,nan,nan,nan,nan,0.0518,39.3148,39.7935,0.1525,nan,nan,nan,nan
33.6861,0.0098,0.0137,1.1973,-0.0266,0.0067,0.0288,nan,nan,nan,nan,0.0700,39.3179,39.7934,0.1560,nan,nan,nan,nan
33.7065,0.0098,0.0137,1.1973,-0.0266,0.0067,0.0288,nan,nan,nan,nan,0.0777,39.3202,39.7936,0.1620,nan,nan,nan,nan
33.7270,0.0098,0.0137,1.1973,-0.0188,0.0101,0.0269,nan,nan,nan,nan,0.0817,39.3210,39.7934,0.1685,nan,nan,nan,nan
33.7474,0.0098,0.0138,1.1973,-0.0109,0.0130,0.0254,nan,nan,nan,nan,0.0863,39.3208,39.7932,0.1753,nan,nan,nan,nan
33.7694,0.0098,0.0138,1.1973,-0.0029,0.0155,0.0244,nan,nan,nan,nan,0.0897,39.3189,39.7948,0.1785,nan,nan,nan,nan
33.7935,0.0097,0.0138,1.1973,0.0050,0.0177,0.0239,nan,nan,nan,nan,0.0884,39.3172,39.7981,0.1830,nan,nan,nan,nan
33.8202,0.0097,0.0139,1.1973,0.0129,0.0199,0.0238,nan,nan,nan,nan,0.0845,39.3184,39.8023,0.1833,nan,nan,nan,nan
33.8414,0.0097,0.0139,1.1973,0.0207,0.0215,0.0242,nan,nan,nan,nan,0.0756,39.3178,39.8036,0.1842,nan,nan,nan,nan
33.8644,0.0097,0.0140,1.1973,0.0285,0.0230,0.0241,nan,nan,nan,nan,0.0700,39.3191,39.8000,0.1795,nan,nan,nan,nan
33.8874,0.0097,0.0140,1.1973,0.0355,0.0244,0.0234,nan,nan,nan,nan,0.0702,39.3233,39.7973,0.1722,nan,nan,nan,nan
33.9177,0.0096,0.0140,1.1973,0.0412,0.0255,0.0215,nan,nan,nan,nan,0.0835,39.3271,39.7945,0.1624,nan,nan,nan,nan
33.9422,0.0096,0.0140,1.1974,0.0463,0.0260,0.0192,nan,nan,nan,nan,0.1014,39.3283,39.7906,0.1598,nan,nan,nan,nan
33.9622,0.0096,0.0140,1.1974,0.0463,0.0260,0.0192,nan,nan,nan,nan,0.1188,39.3280,39.7892,0.1577,nan,nan,nan,nan
33.9841,0.0096,0.0141,1.1974,0.0503,0.0260,0.0167,nan,nan,nan,nan,0.1251,39.3273,39.7895,0.1576,nan,nan,nan,nan
34.0072,0.0096,0.0141,1.1974,0.0543,0.0258,0.0143,nan,nan,nan,nan,0.1476,39.3262,39.7893,0.1582,nan,nan,nan,nan
34.0328,0.0096,0.0141,1.1974,0.0543,0.0258,0.0143,nan,nan,nan,nan,0.1584,39.3257,39.7890,0.1573,nan,nan,nan,nan
34.0552,0.0096,0.0141,1.1974,0.0579,0.0254,0.0118,nan,nan,nan,nan,0.1752,39.3250,39.7881,0.1565,nan,nan,nan,nan
34.0892,0.0096,0.0141,1.1974,0.0606,0.0249,0.0094,nan,nan,nan,nan,0.1956,39.3256,39.7834,0.1552,nan,nan,nan,nan
34.1123,0.0096,0.0141,1.1974,0.0628,0.0242,0.0072,nan,nan,nan,nan,0.2219,39.3255,39.7840,0.1504,nan,nan,nan,nan
34.1396,0.0096,0.0141,1.1974,0.0650,0.0231,0.0059,nan,nan,nan,nan,0.2405,39.3248,39.7883,0.1475,nan,nan,nan,nan
34.1643,0.0096,0.0141,1.1974,0.0650,0.0231,0.0059,nan,nan,nan,nan,0.2445,39.3239,39.7892,0.1462,nan,nan,nan,nan
34.1936,0.0096,0.0141,1.1974,0.0670,0.0215,0.0053,nan,nan,nan,nan,0.2523,39.3220,39.7909,0.1433,nan,nan,nan,nan
34.2180,0.0096,0.0141,1.1974,0.0670,0.0215,0.0053,nan,nan,nan,nan,0.2547,39.3204,39.7949,0.1392,nan,nan,nan,nan
34.2396,0.0095,0.0141,1.1974,0.0691,0.0199,0.0055,nan,nan,nan,nan,0.2567,39.3190,39.7976,0.1318,nan,nan,nan,nan
34.2645,0.0095,0.0141,1.1975,0.0704,0.0182,0.0056,nan,nan,nan,nan,0.2595,39.3183,39.7974,0.1258,nan,nan,nan,nan
34.2885,0.0095,0.0141,1.1975,0.0705,0.0165,0.0055,nan,nan,nan,nan,0.2679,39.3183,39.7977,0.1103,nan,nan,nan,nan
34.3120,0.0095,0.0141,1.1975,0.0705,0.0141,0.0056,nan,nan,nan,nan,0.2733,39.3147,39.7977,0.1046,nan,nan,nan,nan
34.3518,0.0095,0.0141,1.1975,0.0702,0.0117,0.0065,nan,nan,nan,nan,0.2715,39.3123,39.7984,0.1107,nan,nan,nan,nan
34.3858,0.0095,0.0141,1.1975,0.0693,0.0093,0.0076,nan,nan,nan,nan,0.2691,39.3131,39.7980,0.1107,nan,nan,nan,nan
34.4150,0.0095,0.0141,1.1975,0.0676,0.0069,0.0088,nan,nan,nan,nan,0.2665,39.3149,39.7930,0.1084,nan,nan,nan,nan
34.4387,0.0095,0.0141,1.1975,0.0676,0.0069,0.0088,nan,nan,nan,nan,0.2612,39.3172,39.7890,0.1048,nan,nan,nan,nan
34.4600,0.0095,0.0141,1.1975,0.0657,0.0044,0.0105,nan,nan,nan,nan,0.2542,39.3178,39.7859,0.1027,nan,nan,nan,nan
34.4831,0.0095,0.0141,1.1975,0.0640,0.0012,0.0139,nan,nan,nan,nan,0.2262,39.3164,39.7828,0.0971,nan,nan,nan,nan
34.5031,0.0095,0.0140,1.1975,0.0623,-0.0021,0.0185,nan,nan,nan,nan,0.1991,39.3158,39.7846,0.0952,nan,nan,nan,nan
34.5278,0.0095,0.0140,1.1975,0.0602,-0.0055,0.0223,nan,nan,nan,nan,0.1678,39.3149,39.7814,0.0921,nan,nan,nan,nan
34.5496,0.0095,0.0140,1.1975,0.0602,-0.0055,0.0223,nan,nan,nan,nan,0.1596,39.3150,39.7772,0.0858,nan,nan,nan,nan
34.5740,0.0095,0.0140,1.1975,0.0559,-0.0087,0.0238,nan,nan,nan,nan,0.1665,39.3147,39.7726,0.0795,nan,nan,nan,nan
34.5954,0.0095,0.0140,1.1975,0.0500,-0.0121,0.0230,nan,nan,nan,nan,0.1744,39.3141,39.7702,0.0764,nan,nan,nan,nan
34.6201,0.0095,0.0139,1.1975,0.0500,-0.0121,0.0230,nan,nan,nan,nan,0.1861,39.3138,39.7652,0.0733,nan,nan,nan,nan
34.6408,0.0095,0.0139,1.1975,0.0439,-0.0154,0.0220,nan,nan,nan,nan,0.1895,39.3136,39.7636,0.0735,nan,nan,nan,nan
34.6632,0.0095,0.0139,1.1975,0.0381,-0.0191,0.0224,nan,nan,nan,nan,0.1921,39.3117,39.7583,0.0720,nan,nan,nan,nan
34.6973,0.0095,0.0139,1.1975,0.0339,-0.0231,0.0247,nan,nan,nan,nan,0.1752,39.3101,39.7501,0.0742,nan,nan,nan,nan
34.7254,0.0095,0.0138,1.1976,0.0300,-0.0270,0.0281,nan,nan,nan,nan,0.1469,39.3089,39.7492,0.0726,nan,nan,nan,nan
34.7598,0.0095,0.0138,1.1976,0.0266,-0.0308,0.0324,nan,nan,nan,nan,0.1106,39.3090,39.7528,0.0716,nan,nan,nan,nan
34.7894,0.0095,0.0138,1.1976,0.0242,-0.0343,0.0371,nan,nan,nan,nan,0.0647,39.3113,39.7559,0.0736,nan,nan,nan,nan
34.8138,0.0095,0.0137,1.1976,0.0220,-0.0378,0.0420,nan,nan,nan,nan,0.0161,39.3123,39.7602,0.0746,nan,nan,nan,nan
34.8383,0.0095,0.0137,1.1976,0.0187,-0.0408,0.0452,nan,nan,nan,nan,-0.0150,39.3132,39.7647,0.0773,nan,nan,nan,nan
34.8677,0.0095,0.0137,1.1976,0.0142,-0.0436,0.0456,nan,nan,nan,nan,-0.0221,39.3131,39.7684,0.0838,nan,nan,nan,nan
34.8931,0.0095,0.0136,1.1976,0.0096,-0.0459,0.0453,nan,nan,nan,nan,-0.0227,39.3135,39.7706,0.0803,nan,nan,nan,nan
34.9243,0.0095,0.0136,1.1976,0.0055,-0.0481,0.0451,nan,nan,nan,nan,-0.0249,39.3105,39.7745,0.0752,nan,nan,nan,nan
34.9482,0.0094,0.0135,1.1976,0.0055,-0.0481,0.0451,nan,nan,nan,nan,-0.0275,39.3091,39.7754,0.0726,nan,nan,nan,nan
34.9724,0.0094,0.0135,1.1976,0.0017,-0.0498,0.0453,nan,nan,nan,nan,-0.0345,39.3076,39.7751,0.0718,nan,nan,nan,nan
34.9944,0.0094,0.0135,1.1976,-0.0012,-0.0507,0.0463,nan,nan,nan,nan,-0.0524,39.3084,39.7729,0.0671,nan,nan,nan,nan
35.0193,0.0094,0.0135,1.1976,-0.0035,-0.0511,0.0469,nan,nan,nan,nan,-0.0643,39.3077,39.7725,0.0589,nan,nan,nan,nan
35.0418,0.0094,0.0134,1.1976,-0.0071,-0.0512,0.0465,nan,nan,nan,nan,-0.0667,39.3049,39.7726,0.0498,nan,nan,nan,nan
35.0660,0.0093,0.0134,1.1976,-0.0110,-0.0503,0.0444,nan,nan,nan,nan,-0.0559,39.3046,39.7723,0.0505,nan,nan,nan,nan
35.0999,0.0093,0.0133,1.1976,-0.0150,-0.0482,0.0415,nan,nan,nan,nan,-0.0384,39.3087,39.7713,0.0490,nan,nan,nan,nan
35.1217,0.0093,0.0133,1.1976,-0.0187,-0.0459,0.0388,nan,nan,nan,nan,-0.0198,39.3120,39.7699,0.0450,nan,nan,nan,nan
35.1506,0.0092,0.0132,1.1976,-0.0211,-0.0437,0.0365,nan,nan,nan,nan,-0.0105,39.3131,39.7714,0.0421,nan,nan,nan,nan
35.1720,0.0092,0.0132,1.1976,-0.0228,-0.0413,0.0349,nan,nan,nan,nan,-0.0049,39.3140,39.7701,0.0408,nan,nan,nan,nan
35.1993,0.0092,0.0132,1.1976,-0.0232,-0.0389,0.0340,nan,nan,nan,nan,-0.0089,39.3150,39.7659,0.0390,nan,nan,nan,nan
35.2253,0.0091,0.0131,1.1976,-0.0228,-0.0367,0.0341,nan,nan,nan,nan,-0.0197,39.3150,39.7602,0.0404,nan,nan,nan,nan
35.2543,0.0091,0.0131,1.1976,-0.0220,-0.0341,0.0333,nan,nan,nan,nan,-0.0254,39.3164,39.7559,0.0362,nan,nan,nan,nan
35.2837,0.0090,0.0131,1.1976,-0.0213,-0.0314,0.0315,nan,nan,nan,nan,-0.0210,39.3196,39.7506,0.0256,nan,nan,nan,nan
35.3132,0.0090,0.0130,1.1976,-0.0202,-0.0290,0.0285,nan,nan,nan,nan,-0.0071,39.3195,39.7465,0.0092,nan,nan,nan,nan
35.3498,0.0089,0.0130,1.1976,-0.0184,-0.0268,0.0256,nan,nan,nan,nan,0.0070,39.3183,39.7472,0.0074,nan,nan,nan,nan
35.3775,0.0089,0.0130,1.1976,-0.0156,-0.0247,0.0234,nan,nan,nan,nan,0.0141,39.3158,39.7497,0.0091,nan,nan,nan,nan
35.3993,0.0088,0.0129,1.1976,-0.0118,-0.0227,0.0217,nan,nan,nan,nan,0.0158,39.3152,39.7535,0.0127,nan,nan,nan,nan
35.4194,0.0088,0.0129,1.1976,-0.0118,-0.0227,0.0217,nan,nan,nan,nan,0.0180,39.3164,39.7568,0.0131,nan,nan,nan,nan
35.4439,0.0088,0.0129,1.1976,-0.0079,-0.0201,0.0199,nan,nan,nan,nan,0.0214,39.3186,39.7582,0.0124,nan,nan,nan,nan
35.4692,0.0088,0.0129,1.1976,-0.0036,-0.0176,0.0183,nan,nan,nan,nan,0.0227,39.3192,39.7609,0.0154,nan,nan,nan,nan
35.4965,0.0087,0.0129,1.1977,0.0019,-0.0153,0.0174,nan,nan,nan,nan,0.0167,39.3199,39.7658,0.0180,nan,nan,nan,nan
35.5194,0.0087,0.0128,1.1977,0.0019,-0.0153,0.0174,nan,nan,nan,nan,0.0148,39.3211,39.7701,0.0203,nan,nan,nan,nan
35.5425,0.0086,0.0128,1.1977,0.0076,-0.0129,0.0161,nan,nan,nan,nan,0.0146,39.3215,39.7748,0.0218,nan,nan,nan,nan
35.5711,0.0086,0.0128,1.1977,0.0133,-0.0107,0.0146,nan,nan,nan,nan,0.0143,39.3216,39.7830,0.0240,nan,nan,nan,nan
35.5950,0.0086,0.0128,1.1977,0.0133,-0.0107,0.0146,nan,nan,nan,nan,0.0125,39.3210,39.7879,0.0245,nan,nan,nan,nan
35.6206,0.0085,0.0128,1.1977,0.0192,-0.0090,0.0136,nan,nan,nan,nan,0.0099,39.3193,39.7898,0.0224,nan,nan,nan,nan
35.6454,0.0085,0.0127,1.1977,0.0255,-0.0079,0.0132,nan,nan,nan,nan,0.0042,39.3175,39.7934,0.0167,nan,nan,nan,nan
35.6742,0.0085,0.0127,1.1977,0.0317,-0.0065,0.0122,nan,nan,nan,nan,0.0034,39.3174,39.7971,0.0121,nan,nan,nan,nan
35.6960,0.0084,0.0127,1.1977,0.0378,-0.0055,0.0111,nan,nan,nan,nan,0.0057,39.3169,39.7973,0.0096,nan,nan,nan,nan
35.7216,0.0083,0.0127,1.1977,0.0440,-0.0050,0.0099,nan,nan,nan,nan,0.0093,39.3161,39.7961,0.0069,nan,nan,nan,nan
35.7473,0.0083,0.0126,1.1977,0.0503,-0.0046,0.0086,nan,nan,nan,nan,0.0135,39.3164,39.7956,0.0042,nan,nan,nan,nan
35.7725,0.0082,0.0126,1.1977,0.0564,-0.0043,0.0072,nan,nan,nan,nan,0.0202,39.3181,39.7931,0.0064,nan,nan,nan,nan
35.7932,0.0082,0.0125,1.1977,0.0564,-0.0043,0.0072,nan,nan,nan,nan,0.0255,39.3205,39.7919,0.0085,nan,nan,nan,nan
35.8139,0.0082,0.0125,1.1977,0.0622,-0.0039,0.0049,nan,nan,nan,nan,0.0443,39.3239,39.7911,0.0139,nan,nan,nan,nan
35.8407,0.0081,0.0125,1.1977,0.0673,-0.0039,0.0016,nan,nan,nan,nan,0.0664,39.3255,39.7875,0.0168,nan,nan,nan,nan
35.8617,0.0081,0.0124,1.1977,0.0711,-0.0044,-0.0029,nan,nan,nan,nan,0.0955,39.3250,39.7831,0.0161,nan,nan,nan,nan
35.8910,0.0080,0.0124,1.1977,0.0747,-0.0054,-0.0074,nan,nan,nan,nan,0.1315,39.3231,39.7790,0.0064,nan,nan,nan,nan
35.9201,0.0080,0.0123,1.1977,0.0786,-0.0062,-0.0103,nan,nan,nan,nan,0.1554,39.3246,39.7774,-0.0068,nan,nan,nan,nan
35.9459,0.0079,0.0123,1.1977,0.0831,-0.0069,-0.0111,nan,nan,nan,nan,0.1629,39.3276,39.7748,-0.0299,nan,nan,nan,nan
35.9696,0.0079,0.0122,1.1977,0.0831,-0.0069,-0.0111,nan,nan,nan,nan,0.1661,39.3315,39.7704,-0.0592,nan,nan,nan,nan
35.9935,0.0079,0.0122,1.1977,0.0870,-0.0077,-0.0119,nan,nan,nan,nan,0.1691,39.3341,39.7684,-0.0811,nan,nan,nan,nan
36.0217,0.0078,0.0121,1.1978,0.0907,-0.0087,-0.0129,nan,nan,nan,nan,0.1727,39.3375,39.7641,-0.1248,nan,nan,nan,nan
36.0468,0.0078,0.0121,1.1978,0.0942,-0.0102,-0.0132,nan,nan,nan,nan,0.1713,39.3373,39.7618,-0.1358,nan,nan,nan,nan
36.0795,0.0077,0.0120,1.1978,0.0976,-0.0120,-0.0127,nan,nan,nan,nan,0.1635,39.3379,39.7571,-0.1431,nan,nan,nan,nan
36.0998,0.0077,0.0119,1.1978,0.0976,-0.0120,-0.0127,nan,nan,nan,nan,0.1575,39.3367,39.7560,-0.1418,nan,nan,nan,nan
36.1241,0.0076,0.0119,1.1978,0.1008,-0.0142,-0.0113,nan,nan,nan,nan,0.1451,39.3352,39.7555,-0.1397,nan,nan,nan,nan
36.1471,0.0076,0.0118,1.1978,0.1037,-0.0170,-0.0089,nan,nan,nan,nan,0.1286,39.3321,39.7548,-0.1370,nan,nan,nan,nan
36.1730,0.0076,0.0118,1.1978,0.1060,-0.0200,-0.0062,nan,nan,nan,nan,0.1049,39.3257,39.7597,-0.1308,nan,nan,nan,nan
36.1969,0.0075,0.0117,1.1978,0.1081,-0.0230,-0.0033,nan,nan,nan,nan,0.0786,39.3221,39.7664,-0.1207,nan,nan,nan,nan
36.2234,0.0075,0.0116,1.1978,0.1099,-0.0258,-0.0005,nan,nan,nan,nan,0.0498,39.3191,39.7704,-0.1085,nan,nan,nan,nan
36.2498,0.0074,0.0115,1.1978,0.1116,-0.0283,0.0028,nan,nan,nan,nan,0.0163,39.3178,39.7749,-0.0984,nan,nan,nan,nan
36.2699,0.0074,0.0114,1.1978,0.1116,-0.0283,0.0028,nan,nan,nan,nan,-0.0090,39.3183,39.7773,-0.0920,nan,nan,nan,nan
36.2964,0.0073,0.0113,1.1978,0.1132,-0.0307,0.0058,nan,nan,nan,nan,-0.0323,39.3173,39.7787,-0.0875,nan,nan,nan,nan
36.3193,0.0073,0.0112,1.1978,0.1135,-0.0331,0.0083,nan,nan,nan,nan,-0.0509,39.3167,39.7817,-0.0791,nan,nan,nan,nan
36.3410,0.0072,0.0112,1.1978,0.1130,-0.0352,0.0094,nan,nan,nan,nan,-0.0563,39.3167,39.7823,-0.0778,nan,nan,nan,nan
36.3641,0.0072,0.0111,1.1978,0.1130,-0.0352,0.0094,nan,nan,nan,nan,-0.0600,39.3157,39.7815,-0.0791,nan,nan,nan,nan
36.3878,0.0071,0.0110,1.1978,0.1113,-0.0373,0.0099,nan,nan,nan,nan,-0.0637,39.3128,39.7765,-0.0780,nan,nan,nan,nan
36.4152,0.0071,0.0109,1.1978,0.1094,-0.0391,0.0100,nan,nan,nan,nan,-0.0677,39.3108,39.7646,-0.0783,nan,nan,nan,nan
36.4400,0.0070,0.0108,1.1978,0.1071,-0.0405,0.0098,nan,nan,nan,nan,-0.0696,39.3098,39.7617,-0.0756,nan,nan,nan,nan
36.4644,0.0070,0.0107,1.1978,0.1071,-0.0405,0.0098,nan,nan,nan,nan,-0.0705,39.3088,39.7609,-0.0730,nan,nan,nan,nan
36.4886,0.0069,0.0106,1.1978,0.1050,-0.0418,0.0093,nan,nan,nan,nan,-0.0731,39.3061,39.7594,-0.0656,nan,nan,nan,nan
36.5091,0.0069,0.0105,1.1978,0.1027,-0.0431,0.0090,nan,nan,nan,nan,-0.0772,39.3026,39.7575,-0.0535,nan,nan,nan,nan
36.5328,0.0068,0.0104,1.1979,0.1005,-0.0441,0.0092,nan,nan,nan,nan,-0.0874,39.2985,39.7524,-0.0465,nan,nan,nan,nan
36.5567,0.0067,0.0102,1.1979,0.0983,-0.0446,0.0096,nan,nan,nan,nan,-0.0998,39.2961,39.7509,-0.0448,nan,nan,nan,nan
36.5773,0.0067,0.0101,1.1979,0.0960,-0.0445,0.0101,nan,nan,nan,nan,-0.1146,39.2973,39.7499,-0.0433,nan,nan,nan,nan
36.5977,0.0066,0.0100,1.1979,0.0960,-0.0445,0.0101,nan,nan,nan,nan,-0.1191,39.3004,39.7476,-0.0436,nan,nan,nan,nan
36.6233,0.0065,0.0098,1.1979,0.0925,-0.0436,0.0101,nan,nan,nan,nan,-0.1188,39.3047,39.7444,-0.0429,nan,nan,nan,nan
36.6458,0.0065,0.0097,1.1979,0.0885,-0.0424,0.0090,nan,nan,nan,nan,-0.1163,39.3068,39.7413,-0.0391,nan,nan,nan,nan
36.6700,0.0064,0.0096,1.1979,0.0846,-0.0416,0.0081,nan,nan,nan,nan,-0.1152,39.3076,39.7393,-0.0378,nan,nan,nan,nan
36.6944,0.0064,0.0095,1.1979,0.0806,-0.0408,0.0070,nan,nan,nan,nan,-0.1128,39.3074,39.7397,-0.0350,nan,nan,nan,nan
36.7208,0.0063,0.0093,1.1979,0.0766,-0.0402,0.0063,nan,nan,nan,nan,-0.1131,39.3043,39.7433,-0.0288,nan,nan,nan,nan
36.7452,0.0062,0.0091,1.1979,0.0736,-0.0396,0.0071,nan,nan,nan,nan,-0.1288,39.3015,39.7471,-0.0196,nan,nan,nan,nan
36.7718,0.0061,0.0090,1.1979,0.0713,-0.0386,0.0086,nan,nan,nan,nan,-0.1524,39.3015,39.7472,-0.0112,nan,nan,nan,nan
36.8034,0.0060,0.0088,1.1979,0.0696,-0.0374,0.0112,nan,nan,nan,nan,-0.1846,39.3029,39.7509,-0.0092,nan,nan,nan,nan
36.8334,0.0059,0.0086,1.1979,0.0674,-0.0360,0.0128,nan,nan,nan,nan,-0.2104,39.3030,39.7544,-0.0037,nan,nan,nan,nan
36.8557,0.0059,0.0085,1.1979,0.0674,-0.0360,0.0128,nan,nan,nan,nan,-0.2171,39.3033,39.7558,0.0050,nan,nan,nan,nan
36.8785,0.0058,0.0084,1.1979,0.0637,-0.0343,0.0127,nan,nan,nan,nan,-0.2165,39.3030,39.7577,0.0119,nan,nan,nan,nan
36.9036,0.0058,0.0082,1.1979,0.0596,-0.0327,0.0114,nan,nan,nan,nan,-0.2119,39.3019,39.7582,0.0162,nan,nan,nan,nan
36.9371,0.0057,0.0081,1.1979,0.0547,-0.0310,0.0091,nan,nan,nan,nan,-0.1965,39.2998,39.7564,0.0183,nan,nan,nan,nan
36.9707,0.0056,0.0079,1.1979,0.0496,-0.0295,0.0068,nan,nan,nan,nan,-0.1773,39.2967,39.7539,0.0279,nan,nan,nan,nan
37.0054,0.0055,0.0077,1.1979,0.0449,-0.0279,0.0042,nan,nan,nan,nan,-0.1598,39.2923,39.7531,0.0346,nan,nan,nan,nan
37.0360,0.0054,0.0075,1.1979,0.0405,-0.0261,0.0015,nan,nan,nan,nan,-0.1437,39.2895,39.7507,0.0382,nan,nan,nan,nan
37.0589,0.0053,0.0073,1.1979,0.0405,-0.0261,0.0015,nan,nan,nan,nan,-0.1351,39.2891,39.7457,0.0381,nan,nan,nan,nan
37.0822,0.0052,0.0072,1.1979,0.0365,-0.0239,-0.0005,nan,nan,nan,nan,-0.1303,39.2907,39.7419,0.0363,nan,nan,nan,nan
37.1049,0.0051,0.0070,1.1979,0.0323,-0.0214,-0.0027,nan,nan,nan,nan,-0.1200,39.2914,39.7373,0.0330,nan,nan,nan,nan
37.1313,0.0051,0.0068,1.1979,0.0268,-0.0185,-0.0057,nan,nan,nan,nan,-0.0938,39.2947,39.7300,0.0317,nan,nan,nan,nan
37.1519,0.0050,0.0067,1.1979,0.0268,-0.0185,-0.0057,nan,nan,nan,nan,-0.0758,39.2972,39.7276,0.0305,nan,nan,nan,nan
37.1772,0.0049,0.0066,1.1979,0.0203,-0.0151,-0.0104,nan,nan,nan,nan,-0.0537,39.3005,39.7247,0.0264,nan,nan,nan,nan
37.1987,0.0049,0.0064,1.1979,0.0129,-0.0116,-0.0154,nan,nan,nan,nan,-0.0054,39.3068,39.7215,0.0185,nan,nan,nan,nan
37.2226,0.0048,0.0062,1.1979,0.0062,-0.0083,-0.0196,nan,nan,nan,nan,0.0336,39.3119,39.7219,0.0147,nan,nan,nan,nan
37.2509,0.0047,0.0060,1.1979,0.0004,-0.0054,-0.0217,nan,nan,nan,nan,0.0524,39.3151,39.7193,0.0043,nan,nan,nan,nan
37.2715,0.0046,0.0058,1.1979,0.0004,-0.0054,-0.0217,nan,nan,nan,nan,0.0532,39.3152,39.7162,-0.0028,nan,nan,nan,nan
37.2938,0.0045,0.0057,1.1979,-0.0043,-0.0031,-0.0218,nan,nan,nan,nan,0.0490,39.3146,39.7158,-0.0031,nan,nan,nan,nan
37.3153,0.0045,0.0056,1.1979,-0.0082,-0.0009,-0.0206,nan,nan,nan,nan,0.0385,39.3139,39.7180,0.0008,nan,nan,nan,nan
37.3452,0.0044,0.0054,1.1979,-0.0127,0.0015,-0.0194,nan,nan,nan,nan,0.0264,39.3142,39.7240,0.0013,nan,nan,nan,nan
37.3661,0.0043,0.0053,1.1979,-0.0127,0.0015,-0.0194,nan,nan,nan,nan,0.0264,39.3143,39.7256,0.0016,nan,nan,nan,nan
37.3876,0.0042,0.0051,1.1979,-0.0183,0.0040,-0.0193,nan,nan,nan,nan,0.0292,39.3119,39.7262,0.0030,nan,nan,nan,nan
37.4113,0.0042,0.0050,1.1979,-0.0244,0.0060,-0.0197,nan,nan,nan,nan,0.0316,39.3097,39.7257,0.0043,nan,nan,nan,nan
37.4440,0.0041,0.0048,1.1979,-0.0301,0.0082,-0.0197,nan,nan,nan,nan,0.0329,39.3069,39.7207,0.0065,nan,nan,nan,nan
37.4657,0.0040,0.0046,1.1979,-0.0359,0.0106,-0.0190,nan,nan,nan,nan,0.0306,39.3064,39.7198,0.0112,nan,nan,nan,nan
37.4924,0.0039,0.0044,1.1979,-0.0416,0.0133,-0.0183,nan,nan,nan,nan,0.0278,39.3079,39.7208,0.0146,nan,nan,nan,nan
37.5150,0.0038,0.0042,1.1979,-0.0468,0.0159,-0.0163,nan,nan,nan,nan,0.0127,39.3088,39.7203,0.0234,nan,nan,nan,nan
37.5376,0.0037,0.0040,1.1979,-0.0509,0.0181,-0.0137,nan,nan,nan,nan,-0.0122,39.3078,39.7158,0.0342,nan,nan,nan,nan
37.5612,0.0036,0.0039,1.1979,-0.0509,0.0181,-0.0137,nan,nan,nan,nan,-0.0265,39.3082,39.7133,0.0419,nan,nan,nan,nan
37.5873,0.0035,0.0038,1.1979,-0.0548,0.0206,-0.0107,nan,nan,nan,nan,-0.0467,39.3102,39.7130,0.0515,nan,nan,nan,nan
37.6084,0.0035,0.0037,1.1979,-0.0594,0.0234,-0.0086,nan,nan,nan,nan,-0.0613,39.3146,39.7096,0.0589,nan,nan,nan,nan
37.6324,0.0034,0.0036,1.1979,-0.0594,0.0234,-0.0086,nan,nan,nan,nan,-0.0670,39.3170,39.7065,0.0657,nan,nan,nan,nan
37.6538,0.0033,0.0034,1.1979,-0.0650,0.0262,-0.0072,nan,nan,nan,nan,-0.0784,39.3207,39.6979,0.0695,nan,nan,nan,nan
37.6792,0.0033,0.0033,1.1979,-0.0706,0.0285,-0.0058,nan,nan,nan,nan,-0.0836,39.3204,39.6946,0.0691,nan,nan,nan,nan
37.7025,0.0032,0.0032,1.1979,-0.0756,0.0303,-0.0040,nan,nan,nan,nan,-0.0991,39.3177,39.6938,0.0759,nan,nan,nan,nan
37.7348,0.0031,0.0030,1.1979,-0.0797,0.0322,-0.0018,nan,nan,nan,nan,-0.1232,39.3169,39.6987,0.0867,nan,nan,nan,nan
37.7629,0.0030,0.0028,1.1979,-0.0835,0.0342,0.0011,nan,nan,nan,nan,-0.1531,39.3196,39.7030,0.0971,nan,nan,nan,nan
37.7977,0.0029,0.0027,1.1979,-0.0874,0.0363,0.0032,nan,nan,nan,nan,-0.1762,39.3228,39.7075,0.1084,nan,nan,nan,nan
37.8193,0.0028,0.0025,1.1979,-0.0923,0.0381,0.0034,nan,nan,nan,nan,-0.1795,39.3238,39.7118,0.1105,nan,nan,nan,nan
37.8428,0.0028,0.0024,1.1979,-0.0923,0.0381,0.0034,nan,nan,nan,nan,-0.1764,39.3248,39.7113,0.1075,nan,nan,nan,nan
37.8663,0.0027,0.0023,1.1979,-0.0974,0.0399,0.0029,nan,nan,nan,nan,-0.1727,39.3264,39.7096,0.1055,nan,nan,nan,nan
37.8883,0.0027,0.0022,1.1979,-0.1020,0.0415,0.0018,nan,nan,nan,nan,-0.1698,39.3272,39.7092,0.1032,nan,nan,nan,nan
37.9130,0.0026,0.0021,1.1979,-0.1062,0.0428,0.0006,nan,nan,nan,nan,-0.1640,39.3294,39.7061,0.0966,nan,nan,nan,nan
37.9414,0.0025,0.0019,1.1979,-0.1101,0.0441,-0.0005,nan,nan,nan,nan,-0.1579,39.3312,39.7041,0.0901,nan,nan,nan,nan
37.9645,0.0025,0.0018,1.1979,-0.1136,0.0450,-0.0012,nan,nan,nan,nan,-0.1532,39.3326,39.7059,0.0823,nan,nan,nan,nan
37.9873,0.0024,0.0017,1.1979,-0.1157,0.0456,-0.0014,nan,nan,nan,nan,-0.1566,39.3335,39.7054,0.0785,nan,nan,nan,nan
38.0084,0.0023,0.0016,1.1979,-0.1157,0.0456,-0.0014,nan,nan,nan,nan,-0.1600,39.3326,39.7065,0.0773,nan,nan,nan,nan
38.0297,0.0023,0.0015,1.1979,-0.1174,0.0456,-0.0009,nan,nan,nan,nan,-0.1653,39.3313,39.7055,0.0745,nan,nan,nan,nan
38.0586,0.0022,0.0014,1.1979,-0.1183,0.0458,-0.0006,nan,nan,nan,nan,-0.1706,39.3315,39.7030,0.0731,nan,nan,nan,nan
38.0937,0.0022,0.0013,1.1979,-0.1180,0.0457,0.0007,nan,nan,nan,nan,-0.1856,39.3319,39.6958,0.0670,nan,nan,nan,nan
38.1169,0.0021,0.0012,1.1979,-0.1180,0.0457,0.0007,nan,nan,nan,nan,-0.1949,39.3324,39.6922,0.0690,nan,nan,nan,nan
38.1381,0.0021,0.0012,1.1979,-0.1167,0.0456,0.0019,nan,nan,nan,nan,-0.2118,39.3325,39.6868,0.0748,nan,nan,nan,nan
38.1627,0.0020,0.0011,1.1979,-0.1150,0.0455,0.0030,nan,nan,nan,nan,-0.2259,39.3329,39.6861,0.0828,nan,nan,nan,nan
38.1876,0.0020,0.0010,1.1979,-0.1129,0.0454,0.0038,nan,nan,nan,nan,-0.2300,39.3326,39.6864,0.0867,nan,nan,nan,nan
38.2131,0.0019,0.0009,1.1979,-0.1105,0.0452,0.0042,nan,nan,nan,nan,-0.2357,39.3316,39.6888,0.0892,nan,nan,nan,nan
38.2462,0.0019,0.0008,1.1979,-0.1071,0.0456,0.0038,nan,nan,nan,nan,-0.2393,39.3321,39.6872,0.0902,nan,nan,nan,nan
38.2670,0.0018,0.0008,1.1979,-0.1071,0.0456,0.0038,nan,nan,nan,nan,-0.2372,39.3328,39.6863,0.0891,nan,nan,nan,nan
38.2876,0.0018,0.0007,1.1979,-0.1036,0.0463,0.0024,nan,nan,nan,nan,-0.2328,39.3330,39.6869,0.0851,nan,nan,nan,nan
38.3119,0.0018,0.0007,1.1979,-0.0995,0.0470,0.0017,nan,nan,nan,nan,-0.2321,39.3325,39.6897,0.0828,nan,nan,nan,nan
38.3429,0.0017,0.0006,1.1979,-0.0951,0.0478,0.0010,nan,nan,nan,nan,-0.2284,39.3314,39.6996,0.0801,nan,nan,nan,nan
38.3700,0.0017,0.0005,1.1979,-0.0908,0.0492,-0.0004,nan,nan,nan,nan,-0.2189,39.3324,39.7076,0.0695,nan,nan,nan,nan
38.4061,0.0017,0.0005,1.1979,-0.0856,0.0503,-0.0026,nan,nan,nan,nan,-0.2077,39.3311,39.7107,0.0582,nan,nan,nan,nan
38.4397,0.0016,0.0004,1.1979,-0.0802,0.0517,-0.0052,nan,nan,nan,nan,-0.1932,39.3291,39.7103,0.0517,nan,nan,nan,nan
38.4600,0.0016,0.0004,1.1979,-0.0802,0.0517,-0.0052,nan,nan,nan,nan,-0.1867,39.3285,39.7083,0.0486,nan,nan,nan,nan
38.4849,0.0016,0.0003,1.1979,-0.0745,0.0533,-0.0072,nan,nan,nan,nan,-0.1803,39.3268,39.7072,0.0474,nan,nan,nan,nan
38.5171,0.0015,0.0003,1.1979,-0.0688,0.0551,-0.0094,nan,nan,nan,nan,-0.1648,39.3246,39.7092,0.0389,nan,nan,nan,nan
38.5406,0.0015,0.0003,1.1979,-0.0688,0.0551,-0.0094,nan,nan,nan,nan,-0.1519,39.3245,39.7084,0.0327,nan,nan,nan,nan
38.5663,0.0015,0.0002,1.1979,-0.0635,0.0571,-0.0132,nan,nan,nan,nan,-0.1206,39.3230,39.7011,0.0287,nan,nan,nan,nan
38.5869,0.0015,0.0002,1.1979,-0.0581,0.0588,-0.0173,nan,nan,nan,nan,-0.1049,39.3216,39.6986,0.0316,nan,nan,nan,nan
38.6105,0.0014,0.0001,1.1979,-0.0581,0.0588,-0.0173,nan,nan,nan,nan,-0.0823,39.3205,39.6967,0.0347,nan,nan,nan,nan
38.6326,0.0014,0.0001,1.1979,-0.0524,0.0608,-0.0209,nan,nan,nan,nan,-0.0746,39.3203,39.6962,0.0356,nan,nan,nan,nan
38.6549,0.0014,0.0001,1.1979,-0.0469,0.0628,-0.0245,nan,nan,nan,nan,-0.0433,39.3199,39.6956,0.0427,nan,nan,nan,nan
38.6766,0.0014,0.0000,1.1979,-0.0469,0.0628,-0.0245,nan,nan,nan,nan,-0.0255,39.3195,39.6945,0.0439,nan,nan,nan,nan
38.7011,0.0014,0.0000,1.1979,-0.0423,0.0645,-0.0281,nan,nan,nan,nan,-0.0073,39.3188,39.6934,0.0423,nan,nan,nan,nan
38.7264,0.0014,-0.0000,1.1979,-0.0379,0.0657,-0.0312,nan,nan,nan,nan,0.0265,39.3168,39.6938,0.0397,nan,nan,nan,nan
38.7469,0.0013,-0.0000,1.1979,-0.0379,0.0657,-0.0312,nan,nan,nan,nan,0.0465,39.3156,39.6939,0.0403,nan,nan,nan,nan
38.7712,0.0013,-0.0001,1.1979,-0.0328,0.0664,-0.0339,nan,nan,nan,nan,0.0556,39.3143,39.6938,0.0416,nan,nan,nan,nan
38.8025,0.0013,-0.0001,1.1979,-0.0270,0.0667,-0.0350,nan,nan,nan,nan,0.0619,39.3125,39.6939,0.0463,nan,nan,nan,nan
38.8335,0.0013,-0.0001,1.1979,-0.0212,0.0667,-0.0346,nan,nan,nan,nan,0.0599,39.3112,39.6954,0.0502,nan,nan,nan,nan
38.8616,0.0013,-0.0002,1.1979,-0.0156,0.0666,-0.0343,nan,nan,nan,nan,0.0593,39.3112,39.7003,0.0530,nan,nan,nan,nan
38.8894,0.0013,-0.0002,1.1979,-0.0104,0.0661,-0.0346,nan,nan,nan,nan,0.0616,39.3117,39.7033,0.0582,nan,nan,nan,nan
38.9129,0.0013,-0.0002,1.1979,-0.0104,0.0661,-0.0346,nan,nan,nan,nan,0.0588,39.3120,39.7046,0.0633,nan,nan,nan,nan
38.9339,0.0013,-0.0002,1.1979,-0.0047,0.0652,-0.0334,nan,nan,nan,nan,0.0504,39.3116,39.7083,0.0729,nan,nan,nan,nan
38.9627,0.0013,-0.0003,1.1979,0.0008,0.0636,-0.0319,nan,nan,nan,nan,0.0414,39.3088,39.7152,0.0774,nan,nan,nan,nan
38.9830,0.0013,-0.0003,1.1979,0.0008,0.0636,-0.0319,nan,nan,nan,nan,0.0358,39.3057,39.7213,0.0785,nan,nan,nan,nan
39.0072,0.0013,-0.0003,1.1979,0.0053,0.0616,-0.0305,nan,nan,nan,nan,0.0362,39.3022,39.7216,0.0812,nan,nan,nan,nan
39.0273,0.0013,-0.0003,1.1979,0.0090,0.0592,-0.0301,nan,nan,nan,nan,0.0360,39.2998,39.7217,0.0833,nan,nan,nan,nan
39.0594,0.0013,-0.0003,1.1979,0.0125,0.0564,-0.0295,nan,nan,nan,nan,0.0335,39.2948,39.7251,0.0939,nan,nan,nan,nan
39.0909,0.0013,-0.0004,1.1979,0.0158,0.0534,-0.0283,nan,nan,nan,nan,0.0264,39.2912,39.7285,0.1060,nan,nan,nan,nan
39.1147,0.0014,-0.0004,1.1979,0.0158,0.0534,-0.0283,nan,nan,nan,nan,0.0216,39.2901,39.7298,0.1080,nan,nan,nan,nan
39.1399,0.0014,-0.0004,1.1979,0.0182,0.0506,-0.0267,nan,nan,nan,nan,0.0152,39.2882,39.7299,0.1044,nan,nan,nan,nan
39.1670,0.0014,-0.0005,1.1979,0.0204,0.0476,-0.0246,nan,nan,nan,nan,0.0032,39.2875,39.7298,0.0935,nan,nan,nan,nan
39.1911,0.0014,-0.0005,1.1979,0.0223,0.0448,-0.0228,nan,nan,nan,nan,-0.0019,39.2876,39.7280,0.0901,nan,nan,nan,nan
39.2195,0.0014,-0.0005,1.1979,0.0240,0.0420,-0.0212,nan,nan,nan,nan,-0.0117,39.2891,39.7244,0.0904,nan,nan,nan,nan
39.2482,0.0014,-0.0006,1.1979,0.0257,0.0388,-0.0190,nan,nan,nan,nan,-0.0272,39.2897,39.7269,0.0902,nan,nan,nan,nan
39.2755,0.0015,-0.0006,1.1979,0.0268,0.0350,-0.0170,nan,nan,nan,nan,-0.0424,39.2858,39.7313,0.0893,nan,nan,nan,nan
39.3036,0.0015,-0.0006,1.1979,0.0273,0.0312,-0.0145,nan,nan,nan,nan,-0.0557,39.2814,39.7350,0.0917,nan,nan,nan,nan
39.3376,0.0015,-0.0007,1.1979,0.0273,0.0277,-0.0125,nan,nan,nan,nan,-0.0664,39.2800,39.7362,0.0969,nan,nan,nan,nan
39.3715,0.0015,-0.0007,1.1979,0.0271,0.0247,-0.0112,nan,nan,nan,nan,-0.0725,39.2813,39.7360,0.1015,nan,nan,nan,nan
39.3953,0.0016,-0.0007,1.1979,0.0271,0.0247,-0.0112,nan,nan,nan,nan,-0.0729,39.2824,39.7342,0.1058,nan,nan,nan,nan
39.4182,0.0016,-0.0008,1.1979,0.0263,0.0217,-0.0103,nan,nan,nan,nan,-0.0734,39.2822,39.7303,0.1130,nan,nan,nan,nan
39.4385,0.0016,-0.0008,1.1979,0.0251,0.0185,-0.0091,nan,nan,nan,nan,-0.0713,39.2816,39.7254,0.1143,nan,nan,nan,nan
39.4680,0.0016,-0.0009,1.1979,0.0234,0.0157,-0.0087,nan,nan,nan,nan,-0.0660,39.2820,39.7208,0.1166,nan,nan,nan,nan
39.4894,0.0017,-0.0009,1.1979,0.0234,0.0157,-0.0087,nan,nan,nan,nan,-0.0626,39.2820,39.7176,0.1161,nan,nan,nan,nan
39.5141,0.0017,-0.0009,1.1979,0.0215,0.0130,-0.0082,nan,nan,nan,nan,-0.0567,39.2822,39.7136,0.1157,nan,nan,nan,nan
39.5347,0.0017,-0.0010,1.1979,0.0193,0.0107,-0.0082,nan,nan,nan,nan,-0.0488,39.2824,39.7097,0.1132,nan,nan,nan,nan
39.5711,0.0017,-0.0010,1.1979,0.0166,0.0088,-0.0089,nan,nan,nan,nan,-0.0315,39.2849,39.7024,0.1081,nan,nan,nan,nan
39.5925,0.0017,-0.0011,1.1980,0.0131,0.0072,-0.0096,nan,nan,nan,nan,-0.0081,39.2867,39.6960,0.1049,nan,nan,nan,nan
39.6218,0.0018,-0.0011,1.1980,0.0099,0.0050,-0.0098,nan,nan,nan,nan,0.0103,39.2825,39.6939,0.1053,nan,nan,nan,nan
39.6456,0.0018,-0.0012,1.1980,0.0099,0.0050,-0.0098,nan,nan,nan,nan,0.0139,39.2793,39.6928,0.1109,nan,nan,nan,nan
39.6715,0.0018,-0.0012,1.1980,0.0077,0.0031,-0.0087,nan,nan,nan,nan,0.0129,39.2777,39.6898,0.1128,nan,nan,nan,nan
39.7063,0.0018,-0.0012,1.1980,0.0057,0.0016,-0.0067,nan,nan,nan,nan,0.0093,39.2760,39.6878,0.1112,nan,nan,nan,nan
39.7422,0.0019,-0.0013,1.1980,0.0039,0.0002,-0.0039,nan,nan,nan,nan,0.0002,39.2734,39.6879,0.1094,nan,nan,nan,nan
39.7787,0.0019,-0.0013,1.1980,0.0022,-0.0012,-0.0004,nan,nan,nan,nan,-0.0145,39.2694,39.6869,0.1060,nan,nan,nan,nan
39.7992,0.0019,-0.0014,1.1980,0.0022,-0.0012,-0.0004,nan,nan,nan,nan,-0.0233,39.2668,39.6867,0.1054,nan,nan,nan,nan
39.8222,0.0020,-0.0014,1.1980,0.0012,-0.0024,0.0036,nan,nan,nan,nan,-0.0463,39.2621,39.6842,0.1033,nan,nan,nan,nan
39.8476,0.0020,-0.0014,1.1980,0.0003,-0.0035,0.0079,nan,nan,nan,nan,-0.0621,39.2583,39.6826,0.1030,nan,nan,nan,nan
39.8782,0.0020,-0.0015,1.1980,-0.0012,-0.0044,0.0120,nan,nan,nan,nan,-0.0766,39.2554,39.6801,0.1022,nan,nan,nan,nan
39.9110,0.0020,-0.0015,1.1980,-0.0030,-0.0050,0.0152,nan,nan,nan,nan,-0.0872,39.2523,39.6777,0.1092,nan,nan,nan,nan
39.9349,0.0021,-0.0016,1.1980,-0.0030,-0.0050,0.0152,nan,nan,nan,nan,-0.0897,39.2517,39.6777,0.1108,nan,nan,nan,nan
39.9561,0.0021,-0.0016,1.1980,-0.0052,-0.0051,0.0173,nan,nan,nan,nan,-0.0902,39.2510,39.6778,0.1102,nan,nan,nan,nan
39.9840,0.0021,-0.0016,1.1980,-0.0074,-0.0052,0.0196,nan,nan,nan,nan,-0.0926,39.2486,39.6746,0.1077,nan,nan,nan,nan
40.0084,0.0021,-0.0017,1.1980,-0.0074,-0.0052,0.0196,nan,nan,nan,nan,-0.0925,39.2476,39.6705,0.1067,nan,nan,nan,nan
40.0310,0.0021,-0.0017,1.1980,-0.0096,-0.0050,0.0214,nan,nan,nan,nan,-0.0917,39.2470,39.6668,0.1056,nan,nan,nan,nan
40.0585,0.0022,-0.0018,1.1980,-0.0116,-0.0044,0.0235,nan,nan,nan,nan,-0.0938,39.2466,39.6643,0.1003,nan,nan,nan,nan
40.0875,0.0022,-0.0018,1.1980,-0.0133,-0.0035,0.0260,nan,nan,nan,nan,-0.0963,39.2455,39.6665,0.0998,nan,nan,nan,nan
40.1141,0.0022,-0.0018,1.1980,-0.0151,-0.0027,0.0290,nan,nan,nan,nan,-0.1023,39.2419,39.6724,0.0980,nan,nan,nan,nan
40.1358,0.0022,-0.0019,1.1980,-0.0151,-0.0027,0.0290,nan,nan,nan,nan,-0.1081,39.2398,39.6739,0.0970,nan,nan,nan,nan
40.1601,0.0023,-0.0019,1.1980,-0.0160,-0.0020,0.0322,nan,nan,nan,nan,-0.1156,39.2372,39.6750,0.0906,nan,nan,nan,nan
40.1830,0.0023,-0.0020,1.1980,-0.0174,-0.0007,0.0349,nan,nan,nan,nan,-0.1185,39.2364,39.6756,0.0842,nan,nan,nan,nan
40.2087,0.0023,-0.0020,1.1980,-0.0192,0.0010,0.0363,nan,nan,nan,nan,-0.1129,39.2372,39.6780,0.0828,nan,nan,nan,nan
40.2362,0.0023,-0.0020,1.1980,-0.0207,0.0027,0.0376,nan,nan,nan,nan,-0.1065,39.2360,39.6801,0.0826,nan,nan,nan,nan
40.2671,0.0024,-0.0021,1.1980,-0.0210,0.0043,0.0392,nan,nan,nan,nan,-0.1083,39.2349,39.6823,0.0819,nan,nan,nan,nan
40.2981,0.0024,-0.0021,1.1980,-0.0206,0.0060,0.0420,nan,nan,nan,nan,-0.1193,39.2342,39.6824,0.0795,nan,nan,nan,nan
40.3207,0.0024,-0.0022,1.1980,-0.0206,0.0060,0.0420,nan,nan,nan,nan,-0.1246,39.2320,39.6827,0.0786,nan,nan,nan,nan
40.3427,0.0024,-0.0022,1.1980,-0.0201,0.0073,0.0446,nan,nan,nan,nan,-0.1322,39.2273,39.6831,0.0840,nan,nan,nan,nan
40.3708,0.0024,-0.0022,1.1980,-0.0192,0.0085,0.0466,nan,nan,nan,nan,-0.1401,39.2256,39.6827,0.0890,nan,nan,nan,nan
40.3974,0.0025,-0.0022,1.1981,-0.0174,0.0099,0.0487,nan,nan,nan,nan,-0.1500,39.2241,39.6850,0.0908,nan,nan,nan,nan
40.4280,0.0025,-0.0023,1.1981,-0.0156,0.0116,0.0506,nan,nan,nan,nan,-0.1614,39.2247,39.6892,0.0957,nan,nan,nan,nan
40.4580,0.0025,-0.0023,1.1981,-0.0141,0.0136,0.0513,nan,nan,nan,nan,-0.1633,39.2276,39.6909,0.1016,nan,nan,nan,nan
40.4808,0.0026,-0.0023,1.1981,-0.0141,0.0136,0.0513,nan,nan,nan,nan,-0.1613,39.2296,39.6931,0.1044,nan,nan,nan,nan
40.5027,0.0026,-0.0024,1.1981,-0.0132,0.0159,0.0515,nan,nan,nan,nan,-0.1563,39.2336,39.6943,0.1050,nan,nan,nan,nan
40.5300,0.0026,-0.0024,1.1981,-0.0126,0.0179,0.0516,nan,nan,nan,nan,-0.1511,39.2360,39.6917,0.1051,nan,nan,nan,nan
40.5612,0.0026,-0.0024,1.1981,-0.0116,0.0194,0.0515,nan,nan,nan,nan,-0.1465,39.2379,39.6870,0.1073,nan,nan,nan,nan
40.5897,0.0027,-0.0025,1.1981,-0.0102,0.0208,0.0512,nan,nan,nan,nan,-0.1446,39.2398,39.6857,0.1152,nan,nan,nan,nan
40.6133,0.0027,-0.0025,1.1981,-0.0102,0.0208,0.0512,nan,nan,nan,nan,-0.1434,39.2404,39.6853,0.1178,nan,nan,nan,nan
40.6364,0.0027,-0.0025,1.1981,-0.0093,0.0221,0.0509,nan,nan,nan,nan,-0.1351,39.2418,39.6837,0.1193,nan,nan,nan,nan
40.6597,0.0027,-0.0026,1.1981,-0.0096,0.0233,0.0488,nan,nan,nan,nan,-0.1161,39.2431,39.6832,0.1191,nan,nan,nan,nan
40.6811,0.0028,-0.0026,1.1981,-0.0115,0.0247,0.0446,nan,nan,nan,nan,-0.0724,39.2445,39.6889,0.1198,nan,nan,nan,nan
40.7019,0.0028,-0.0026,1.1981,-0.0115,0.0247,0.0446,nan,nan,nan,nan,-0.0328,39.2447,39.6926,0.1202,nan,nan,nan,nan
40.7269,0.0028,-0.0027,1.1981,-0.0137,0.0258,0.0395,nan,nan,nan,nan,-0.0090,39.2458,39.6922,0.1200,nan,nan,nan,nan
40.7526,0.0028,-0.0027,1.1981,-0.0157,0.0267,0.0356,nan,nan,nan,nan,0.0214,39.2483,39.6922,0.1232,nan,nan,nan,nan
40.7785,0.0029,-0.0027,1.1981,-0.0169,0.0272,0.0332,nan,nan,nan,nan,0.0497,39.2493,39.6893,0.1313,nan,nan,nan,nan
40.8004,0.0029,-0.0028,1.1981,-0.0170,0.0274,0.0324,nan,nan,nan,nan,0.0602,39.2496,39.6853,0.1360,nan,nan,nan,nan
40.8327,0.0029,-0.0028,1.1981,-0.0167,0.0278,0.0332,nan,nan,nan,nan,0.0572,39.2535,39.6841,0.1456,nan,nan,nan,nan
40.8656,0.0030,-0.0028,1.1981,-0.0161,0.0281,0.0352,nan,nan,nan,nan,0.0435,39.2578,39.6826,0.1529,nan,nan,nan,nan
40.9011,0.0030,-0.0029,1.1981,-0.0154,0.0277,0.0374,nan,nan,nan,nan,0.0261,39.2600,39.6821,0.1510,nan,nan,nan,nan
40.9297,0.0031,-0.0029,1.1981,-0.0151,0.0268,0.0395,nan,nan,nan,nan,0.0103,39.2595,39.6866,0.1468,nan,nan,nan,nan
40.9539,0.0031,-0.0029,1.1981,-0.0151,0.0268,0.0395,nan,nan,nan,nan,0.0014,39.2588,39.6906,0.1427,nan,nan,nan,nan
40.9779,0.0032,-0.0029,1.1981,-0.0151,0.0254,0.0409,nan,nan,nan,nan,-0.0025,39.2584,39.6958,0.1386,nan,nan,nan,nan
41.0022,0.0032,-0.0029,1.1981,-0.0157,0.0241,0.0412,nan,nan,nan,nan,-0.0037,39.2587,39.7000,0.1371,nan,nan,nan,nan
41.0332,0.0032,-0.0030,1.1981,-0.0162,0.0226,0.0414,nan,nan,nan,nan,-0.0071,39.2590,39.7086,0.1401,nan,nan,nan,nan
41.0646,0.0033,-0.0030,1.1981,-0.0166,0.0209,0.0422,nan,nan,nan,nan,-0.0158,39.2600,39.7142,0.1451,nan,nan,nan,nan
41.0992,0.0033,-0.0030,1.1982,-0.0171,0.0191,0.0432,nan,nan,nan,nan,-0.0268,39.2612,39.7175,0.1514,nan,nan,nan,nan
41.1219,0.0034,-0.0030,1.1982,-0.0171,0.0191,0.0432,nan,nan,nan,nan,-0.0347,39.2627,39.7188,0.1588,nan,nan,nan,nan
41.1427,0.0034,-0.0030,1.1982,-0.0178,0.0171,0.0442,nan,nan,nan,nan,-0.0372,39.2636,39.7214,0.1664,nan,nan,nan,nan
41.1678,0.0034,-0.0031,1.1982,-0.0195,0.0147,0.0446,nan,nan,nan,nan,-0.0364,39.2648,39.7253,0.1782,nan,nan,nan,nan
41.1892,0.0035,-0.0031,1.1982,-0.0217,0.0122,0.0441,nan,nan,nan,nan,-0.0322,39.2660,39.7254,0.1837,nan,nan,nan,nan
41.2124,0.0035,-0.0031,1.1982,-0.0245,0.0097,0.0432,nan,nan,nan,nan,-0.0209,39.2670,39.7271,0.1888,nan,nan,nan,nan
41.2374,0.0036,-0.0032,1.1982,-0.0279,0.0072,0.0418,nan,nan,nan,nan,-0.0025,39.2687,39.7272,0.1900,nan,nan,nan,nan
41.2678,0.0036,-0.0032,1.1982,-0.0316,0.0049,0.0403,nan,nan,nan,nan,0.0168,39.2716,39.7284,0.1907,nan,nan,nan,nan
41.2911,0.0037,-0.0032,1.1982,-0.0316,0.0049,0.0403,nan,nan,nan,nan,0.0265,39.2740,39.7301,0.1898,nan,nan,nan,nan
41.3157,0.0037,-0.0032,1.1982,-0.0349,0.0026,0.0394,nan,nan,nan,nan,0.0291,39.2746,39.7302,0.1890,nan,nan,nan,nan
41.3434,0.0038,-0.0032,1.1982,-0.0378,0.0001,0.0386,nan,nan,nan,nan,0.0375,39.2749,39.7339,0.1897,nan,nan,nan,nan
41.3667,0.0038,-0.0032,1.1982,-0.0378,0.0001,0.0386,nan,nan,nan,nan,0.0374,39.2757,39.7364,0.1938,nan,nan,nan,nan
41.3915,0.0038,-0.0032,1.1982,-0.0399,-0.0025,0.0387,nan,nan,nan,nan,0.0350,39.2761,39.7381,0.1938,nan,nan,nan,nan
41.4162,0.0039,-0.0032,1.1982,-0.0416,-0.0052,0.0400,nan,nan,nan,nan,0.0255,39.2775,39.7425,0.1878,nan,nan,nan,nan
41.4372,0.0039,-0.0033,1.1982,-0.0416,-0.0052,0.0400,nan,nan,nan,nan,0.0154,39.2786,39.7465,0.1810,nan,nan,nan,nan
41.4577,0.0039,-0.0033,1.1982,-0.0420,-0.0080,0.0418,nan,nan,nan,nan,-0.0061,39.2810,39.7547,0.1729,nan,nan,nan,nan
41.4778,0.0040,-0.0033,1.1982,-0.0427,-0.0108,0.0433,nan,nan,nan,nan,-0.0140,39.2823,39.7560,0.1718,nan,nan,nan,nan
41.5023,0.0040,-0.0033,1.1982,-0.0445,-0.0136,0.0435,nan,nan,nan,nan,-0.0159,39.2853,39.7581,0.1674,nan,nan,nan,nan
41.5336,0.0041,-0.0033,1.1982,-0.0466,-0.0164,0.0421,nan,nan,nan,nan,-0.0049,39.2886,39.7664,0.1634,nan,nan,nan,nan
41.5568,0.0041,-0.0033,1.1982,-0.0466,-0.0164,0.0421,nan,nan,nan,nan,-0.0001,39.2905,39.7712,0.1633,nan,nan,nan,nan
41.5810,0.0041,-0.0033,1.1982,-0.0484,-0.0193,0.0415,nan,nan,nan,nan,0.0007,39.2937,39.7758,0.1614,nan,nan,nan,nan
41.6084,0.0042,-0.0033,1.1982,-0.0485,-0.0228,0.0426,nan,nan,nan,nan,-0.0105,39.2953,39.7806,0.1587,nan,nan,nan,nan
41.6364,0.0042,-0.0033,1.1982,-0.0472,-0.0267,0.0451,nan,nan,nan,nan,-0.0388,39.2978,39.7835,0.1583,nan,nan,nan,nan
41.6653,0.0043,-0.0033,1.1982,-0.0447,-0.0312,0.0490,nan,nan,nan,nan,-0.0828,39.2990,39.7821,0.1628,nan,nan,nan,nan
41.6919,0.0043,-0.0032,1.1982,-0.0408,-0.0360,0.0546,nan,nan,nan,nan,-0.1444,39.2981,39.7838,0.1693,nan,nan,nan,nan
41.7260,0.0044,-0.0032,1.1982,-0.0362,-0.0408,0.0606,nan,nan,nan,nan,-0.2109,39.2982,39.7852,0.1817,nan,nan,nan,nan
41.7463,0.0044,-0.0032,1.1982,-0.0362,-0.0408,0.0606,nan,nan,nan,nan,-0.2554,39.2999,39.7881,0.1929,nan,nan,nan,nan
41.7694,0.0044,-0.0032,1.1982,-0.0318,-0.0452,0.0656,nan,nan,nan,nan,-0.2790,39.3012,39.7894,0.1998,nan,nan,nan,nan
41.7910,0.0045,-0.0032,1.1982,-0.0281,-0.0493,0.0680,nan,nan,nan,nan,-0.3054,39.3038,39.7958,0.2050,nan,nan,nan,nan
41.8205,0.0045,-0.0031,1.1982,-0.0245,-0.0536,0.0690,nan,nan,nan,nan,-0.3325,39.3054,39.8098,0.2054,nan,nan,nan,nan
41.8489,0.0045,-0.0031,1.1982,-0.0209,-0.0576,0.0693,nan,nan,nan,nan,-0.3532,39.3083,39.8207,0.2006,nan,nan,nan,nan
41.8801,0.0046,-0.0031,1.1982,-0.0171,-0.0617,0.0694,nan,nan,nan,nan,-0.3718,39.3108,39.8219,0.1904,nan,nan,nan,nan
41.9125,0.0046,-0.0031,1.1982,-0.0135,-0.0659,0.0680,nan,nan,nan,nan,-0.3776,39.3113,39.8209,0.1825,nan,nan,nan,nan
41.9355,0.0046,-0.0031,1.1982,-0.0135,-0.0659,0.0680,nan,nan,nan,nan,-0.3756,39.3107,39.8189,0.1822,nan,nan,nan,nan
41.9592,0.0046,-0.0031,1.1982,-0.0099,-0.0699,0.0651,nan,nan,nan,nan,-0.3631,39.3097,39.8140,0.1840,nan,nan,nan,nan
41.9803,0.0046,-0.0031,1.1982,-0.0064,-0.0736,0.0613,nan,nan,nan,nan,-0.3586,39.3096,39.8128,0.1839,nan,nan,nan,nan
42.0097,0.0047,-0.0031,1.1982,-0.0036,-0.0771,0.0563,nan,nan,nan,nan,-0.3309,39.3077,39.8109,0.1831,nan,nan,nan,nan
42.0378,0.0047,-0.0031,1.1982,-0.0012,-0.0803,0.0505,nan,nan,nan,nan,-0.2942,39.3050,39.8124,0.1787,nan,nan,nan,nan
42.0587,0.0047,-0.0031,1.1983,-0.0012,-0.0803,0.0505,nan,nan,nan,nan,-0.2660,39.3051,39.8123,0.1729,nan,nan,nan,nan
42.0808,0.0047,-0.0030,1.1983,0.0020,-0.0830,0.0446,nan,nan,nan,nan,-0.2526,39.3041,39.8127,0.1687,nan,nan,nan,nan
42.1048,0.0047,-0.0030,1.1983,0.0066,-0.0858,0.0405,nan,nan,nan,nan,-0.2419,39.3025,39.8093,0.1663,nan,nan,nan,nan
42.1280,0.0047,-0.0030,1.1983,0.0066,-0.0858,0.0405,nan,nan,nan,nan,-0.2419,39.3019,39.8064,0.1678,nan,nan,nan,nan
42.1491,0.0047,-0.0030,1.1983,0.0127,-0.0882,0.0385,nan,nan,nan,nan,-0.2448,39.3014,39.8061,0.1705,nan,nan,nan,nan
42.1709,0.0047,-0.0030,1.1983,0.0189,-0.0904,0.0371,nan,nan,nan,nan,-0.2531,39.2983,39.8105,0.1735,nan,nan,nan,nan
42.1916,0.0047,-0.0030,1.1983,0.0189,-0.0904,0.0371,nan,nan,nan,nan,-0.2565,39.2964,39.8127,0.1738,nan,nan,nan,nan
42.2160,0.0047,-0.0030,1.1983,0.0249,-0.0922,0.0351,nan,nan,nan,nan,-0.2562,39.2956,39.8140,0.1723,nan,nan,nan,nan
42.2376,0.0047,-0.0030,1.1983,0.0306,-0.0932,0.0323,nan,nan,nan,nan,-0.2538,39.2970,39.8182,0.1690,nan,nan,nan,nan
42.2604,0.0047,-0.0030,1.1983,0.0363,-0.0940,0.0297,nan,nan,nan,nan,-0.2520,39.2963,39.8191,0.1665,nan,nan,nan,nan
42.2806,0.0047,-0.0030,1.1983,0.0418,-0.0946,0.0264,nan,nan,nan,nan,-0.2437,39.2930,39.8234,0.1560,nan,nan,nan,nan
42.3136,0.0046,-0.0030,1.1983,0.0460,-0.0947,0.0227,nan,nan,nan,nan,-0.2253,39.2908,39.8245,0.1433,nan,nan,nan,nan
42.3350,0.0046,-0.0030,1.1983,0.0496,-0.0940,0.0176,nan,nan,nan,nan,-0.1967,39.2919,39.8208,0.1404,nan,nan,nan,nan
42.3650,0.0046,-0.0030,1.1983,0.0531,-0.0930,0.0125,nan,nan,nan,nan,-0.1671,39.2944,39.8188,0.1384,nan,nan,nan,nan
42.3934,0.0046,-0.0030,1.1983,0.0567,-0.0920,0.0085,nan,nan,nan,nan,-0.1467,39.2940,39.8180,0.1380,nan,nan,nan,nan
42.4155,0.0045,-0.0030,1.1983,0.0604,-0.0909,0.0057,nan,nan,nan,nan,-0.1355,39.2923,39.8170,0.1385,nan,nan,nan,nan
42.4391,0.0045,-0.0030,1.1983,0.0604,-0.0909,0.0057,nan,nan,nan,nan,-0.1339,39.2914,39.8159,0.1406,nan,nan,nan,nan
42.4643,0.0045,-0.0030,1.1983,0.0643,-0.0895,0.0043,nan,nan,nan,nan,-0.1337,39.2912,39.8158,0.1422,nan,nan,nan,nan
42.4931,0.0044,-0.0030,1.1983,0.0675,-0.0877,0.0024,nan,nan,nan,nan,-0.1290,39.2900,39.8144,0.1467,nan,nan,nan,nan
42.5192,0.0044,-0.0030,1.1983,0.0695,-0.0857,0.0000,nan,nan,nan,nan,-0.1152,39.2873,39.8143,0.1491,nan,nan,nan,nan
42.5477,0.0043,-0.0030,1.1983,0.0698,-0.0833,-0.0032,nan,nan,nan,nan,-0.0897,39.2846,39.8158,0.1459,nan,nan,nan,nan
42.5799,0.0043,-0.0030,1.1983,0.0697,-0.0806,-0.0064,nan,nan,nan,nan,-0.0646,39.2816,39.8147,0.1496,nan,nan,nan,nan
42.6062,0.0042,-0.0031,1.1983,0.0684,-0.0777,-0.0093,nan,nan,nan,nan,-0.0389,39.2778,39.8125,0.1501,nan,nan,nan,nan
42.6435,0.0041,-0.0031,1.1983,0.0662,-0.0745,-0.0127,nan,nan,nan,nan,-0.0070,39.2733,39.8096,0.1544,nan,nan,nan,nan
42.6710,0.0041,-0.0031,1.1983,0.0639,-0.0703,-0.0154,nan,nan,nan,nan,0.0171,39.2739,39.8012,0.1609,nan,nan,nan,nan
42.6917,0.0040,-0.0032,1.1983,0.0639,-0.0703,-0.0154,nan,nan,nan,nan,0.0228,39.2751,39.7981,0.1640,nan,nan,nan,nan
42.7117,0.0040,-0.0032,1.1983,0.0617,-0.0657,-0.0161,nan,nan,nan,nan,0.0239,39.2768,39.7964,0.1659,nan,nan,nan,nan
42.7342,0.0039,-0.0032,1.1983,0.0594,-0.0605,-0.0156,nan,nan,nan,nan,0.0183,39.2805,39.7956,0.1624,nan,nan,nan,nan
42.7641,0.0039,-0.0032,1.1983,0.0563,-0.0550,-0.0142,nan,nan,nan,nan,0.0112,39.2835,39.7953,0.1573,nan,nan,nan,nan
42.7873,0.0038,-0.0033,1.1983,0.0563,-0.0550,-0.0142,nan,nan,nan,nan,0.0074,39.2844,39.7939,0.1549,nan,nan,nan,nan
42.8092,0.0037,-0.0033,1.1983,0.0523,-0.0493,-0.0132,nan,nan,nan,nan,0.0061,39.2860,39.7913,0.1549,nan,nan,nan,nan
42.8346,0.0037,-0.0033,1.1983,0.0472,-0.0433,-0.0121,nan,nan,nan,nan,0.0044,39.2883,39.7933,0.1584,nan,nan,nan,nan
42.8624,0.0036,-0.0034,1.1983,0.0409,-0.0371,-0.0117,nan,nan,nan,nan,0.0077,39.2905,39.7977,0.1551,nan,nan,nan,nan
42.8867,0.0035,-0.0034,1.1983,0.0332,-0.0309,-0.0120,nan,nan,nan,nan,0.0202,39.2911,39.8067,0.1515,nan,nan,nan,nan
42.9110,0.0035,-0.0035,1.1983,0.0247,-0.0248,-0.0130,nan,nan,nan,nan,0.0392,39.2900,39.8173,0.1501,nan,nan,nan,nan
42.9363,0.0034,-0.0035,1.1983,0.0151,-0.0187,-0.0137,nan,nan,nan,nan,0.0590,39.2915,39.8240,0.1461,nan,nan,nan,nan
42.9658,0.0033,-0.0036,1.1983,0.0059,-0.0130,-0.0128,nan,nan,nan,nan,0.0657,39.2926,39.8273,0.1477,nan,nan,nan,nan
42.9960,0.0032,-0.0036,1.1983,-0.0033,-0.0077,-0.0116,nan,nan,nan,nan,0.0697,39.2934,39.8299,0.1518,nan,nan,nan,nan
43.0186,0.0031,-0.0037,1.1983,-0.0033,-0.0077,-0.0116,nan,nan,nan,nan,0.0750,39.2937,39.8308,0.1540,nan,nan,nan,nan
43.0410,0.0031,-0.0037,1.1983,-0.0129,-0.0028,-0.0109,nan,nan,nan,nan,0.0779,39.2941,39.8313,0.1577,nan,nan,nan,nan
43.0674,0.0030,-0.0037,1.1983,-0.0225,0.0015,-0.0099,nan,nan,nan,nan,0.0811,39.2937,39.8326,0.1635,nan,nan,nan,nan
43.0899,0.0030,-0.0038,1.1983,-0.0322,0.0055,-0.0086,nan,nan,nan,nan,0.0831,39.2933,39.8377,0.1662,nan,nan,nan,nan
43.1139,0.0029,-0.0038,1.1983,-0.0417,0.0096,-0.0065,nan,nan,nan,nan,0.0781,39.2949,39.8459,0.1669,nan,nan,nan,nan
43.1417,0.0028,-0.0039,1.1983,-0.0513,0.0130,-0.0044,nan,nan,nan,nan,0.0724,39.2953,39.8481,0.1599,nan,nan,nan,nan
43.1697,0.0027,-0.0039,1.1983,-0.0611,0.0156,-0.0024,nan,nan,nan,nan,0.0695,39.2934,39.8444,0.1558,nan,nan,nan,nan
43.1908,0.0026,-0.0039,1.1983,-0.0611,0.0156,-0.0024,nan,nan,nan,nan,0.0675,39.2907,39.8410,0.1543,nan,nan,nan,nan
43.2144,0.0026,-0.0040,1.1983,-0.0707,0.0178,-0.0005,nan,nan,nan,nan,0.0653,39.2842,39.8353,0.1457,nan,nan,nan,nan
43.2364,0.0025,-0.0040,1.1984,-0.0803,0.0197,0.0012,nan,nan,nan,nan,0.0636,39.2816,39.8322,0.1407,nan,nan,nan,nan
43.2569,0.0024,-0.0040,1.1984,-0.0898,0.0218,0.0037,nan,nan,nan,nan,0.0567,39.2786,39.8289,0.1385,nan,nan,nan,nan
43.2784,0.0024,-0.0040,1.1984,-0.0986,0.0241,0.0067,nan,nan,nan,nan,0.0425,39.2747,39.8272,0.1372,nan,nan,nan,nan
43.2986,0.0023,-0.0041,1.1984,-0.0986,0.0241,0.0067,nan,nan,nan,nan,0.0264,39.2713,39.8268,0.1377,nan,nan,nan,nan
43.3263,0.0023,-0.0041,1.1984,-0.1065,0.0261,0.0101,nan,nan,nan,nan,0.0017,39.2661,39.8295,0.1360,nan,nan,nan,nan
43.3487,0.0022,-0.0041,1.1984,-0.1140,0.0281,0.0141,nan,nan,nan,nan,-0.0043,39.2657,39.8294,0.1342,nan,nan,nan,nan
43.3744,0.0022,-0.0041,1.1984,-0.1207,0.0306,0.0178,nan,nan,nan,nan,-0.0321,39.2651,39.8313,0.1282,nan,nan,nan,nan
43.3977,0.0021,-0.0041,1.1984,-0.1207,0.0306,0.0178,nan,nan,nan,nan,-0.0575,39.2645,39.8353,0.1228,nan,nan,nan,nan
43.4197,0.0021,-0.0041,1.1984,-0.1266,0.0328,0.0221,nan,nan,nan,nan,-0.0748,39.2641,39.8366,0.1190,nan,nan,nan,nan
43.4457,0.0020,-0.0041,1.1984,-0.1322,0.0347,0.0260,nan,nan,nan,nan,-0.1117,39.2638,39.8335,0.1056,nan,nan,nan,nan
43.4695,0.0019,-0.0041,1.1984,-0.1379,0.0359,0.0290,nan,nan,nan,nan,-0.1269,39.2643,39.8294,0.1032,nan,nan,nan,nan
43.4972,0.0019,-0.0041,1.1984,-0.1435,0.0373,0.0308,nan,nan,nan,nan,-0.1369,39.2666,39.8234,0.1038,nan,nan,nan,nan
43.5254,0.0018,-0.0040,1.1984,-0.1481,0.0381,0.0319,nan,nan,nan,nan,-0.1477,39.2692,39.8181,0.1057,nan,nan,nan,nan
43.5459,0.0018,-0.0040,1.1984,-0.1518,0.0383,0.0332,nan,nan,nan,nan,-0.1601,39.2696,39.8160,0.1072,nan,nan,nan,nan
43.5762,0.0017,-0.0040,1.1984,-0.1548,0.0378,0.0338,nan,nan,nan,nan,-0.1701,39.2699,39.8164,0.1129,nan,nan,nan,nan
43.5996,0.0017,-0.0039,1.1984,-0.1548,0.0378,0.0338,nan,nan,nan,nan,-0.1747,39.2691,39.8164,0.1185,nan,nan,nan,nan
43.6218,0.0016,-0.0039,1.1984,-0.1571,0.0365,0.0337,nan,nan,nan,nan,-0.1756,39.2655,39.8223,0.1244,nan,nan,nan,nan
43.6474,0.0016,-0.0039,1.1984,-0.1590,0.0345,0.0332,nan,nan,nan,nan,-0.1760,39.2644,39.8230,0.1306,nan,nan,nan,nan
43.6695,0.0015,-0.0038,1.1984,-0.1599,0.0324,0.0326,nan,nan,nan,nan,-0.1771,39.2646,39.8221,0.1416,nan,nan,nan,nan
43.6967,0.0015,-0.0038,1.1984,-0.1602,0.0301,0.0310,nan,nan,nan,nan,-0.1734,39.2675,39.8226,0.1420,nan,nan,nan,nan
43.7178,0.0014,-0.0037,1.1984,-0.1602,0.0301,0.0310,nan,nan,nan,nan,-0.1687,39.2691,39.8253,0.1414,nan,nan,nan,nan
43.7431,0.0014,-0.0037,1.1984,-0.1602,0.0273,0.0295,nan,nan,nan,nan,-0.1648,39.2699,39.8279,0.1448,nan,nan,nan,nan
43.7679,0.0014,-0.0036,1.1984,-0.1586,0.0237,0.0282,nan,nan,nan,nan,-0.1658,39.2697,39.8276,0.1486,nan,nan,nan,nan
43.8049,0.0013,-0.0036,1.1984,-0.1563,0.0196,0.0270,nan,nan,nan,nan,-0.1634,39.2684,39.8277,0.1511,nan,nan,nan,nan
43.8353,0.0013,-0.0035,1.1984,-0.1531,0.0154,0.0251,nan,nan,nan,nan,-0.1587,39.2678,39.8346,0.1518,nan,nan,nan,nan
43.8596,0.0012,-0.0034,1.1984,-0.1493,0.0113,0.0235,nan,nan,nan,nan,-0.1548,39.2689,39.8374,0.1541,nan,nan,nan,nan
43.8942,0.0012,-0.0033,1.1984,-0.1449,0.0071,0.0220,nan,nan,nan,nan,-0.1499,39.2729,39.8386,0.1541,nan,nan,nan,nan
43.9227,0.0011,-0.0032,1.1984,-0.1404,0.0030,0.0201,nan,nan,nan,nan,-0.1382,39.2773,39.8388,0.1516,nan,nan,nan,nan
43.9428,0.0011,-0.0031,1.1984,-0.1404,0.0030,0.0201,nan,nan,nan,nan,-0.1231,39.2795,39.8419,0.1531,nan,nan,nan,nan
43.9679,0.0011,-0.0030,1.1984,-0.1361,-0.0011,0.0170,nan,nan,nan,nan,-0.1070,39.2812,39.8440,0.1564,nan,nan,nan,nan
43.9968,0.0010,-0.0029,1.1984,-0.1320,-0.0053,0.0120,nan,nan,nan,nan,-0.0739,39.2822,39.8473,0.1625,nan,nan,nan,nan
44.0271,0.0010,-0.0028,1.1984,-0.1279,-0.0097,0.0067,nan,nan,nan,nan,-0.0277,39.2820,39.8504,0.1661,nan,nan,nan,nan
44.0498,0.0010,-0.0027,1.1984,-0.1226,-0.0142,0.0027,nan,nan,nan,nan,0.0061,39.2825,39.8540,0.1693,nan,nan,nan,nan
44.0836,0.0009,-0.0026,1.1984,-0.1153,-0.0184,0.0008,nan,nan,nan,nan,0.0196,39.2851,39.8569,0.1737,nan,nan,nan,nan
44.1074,0.0009,-0.0025,1.1984,-0.1153,-0.0184,0.0008,nan,nan,nan,nan,0.0223,39.2867,39.8601,0.1742,nan,nan,nan,nan
44.1307,0.0008,-0.0024,1.1984,-0.1070,-0.0226,0.0004,nan,nan,nan,nan,0.0184,39.2897,39.8625,0.1776,nan,nan,nan,nan
44.1520,0.0008,-0.0022,1.1984,-0.0976,-0.0266,0.0007,nan,nan,nan,nan,0.0089,39.2926,39.8646,0.1770,nan,nan,nan,nan
44.1737,0.0008,-0.0021,1.1984,-0.0876,-0.0310,0.0026,nan,nan,nan,nan,-0.0065,39.2927,39.8642,0.1775,nan,nan,nan,nan
44.1949,0.0007,-0.0020,1.1984,-0.0876,-0.0310,0.0026,nan,nan,nan,nan,-0.0296,39.2907,39.8608,0.1751,nan,nan,nan,nan
44.2177,0.0007,-0.0019,1.1984,-0.0761,-0.0358,0.0056,nan,nan,nan,nan,-0.0602,39.2886,39.8578,0.1713,nan,nan,nan,nan
44.2421,0.0007,-0.0018,1.1984,-0.0644,-0.0404,0.0101,nan,nan,nan,nan,-0.0821,39.2882,39.8568,0.1660,nan,nan,nan,nan
44.2694,0.0006,-0.0016,1.1984,-0.0527,-0.0445,0.0138,nan,nan,nan,nan,-0.1195,39.2880,39.8579,0.1589,nan,nan,nan,nan
44.2970,0.0005,-0.0014,1.1984,-0.0413,-0.0476,0.0166,nan,nan,nan,nan,-0.1485,39.2921,39.8561,0.1522,nan,nan,nan,nan
44.3274,0.0005,-0.0013,1.1984,-0.0307,-0.0504,0.0188,nan,nan,nan,nan,-0.1696,39.2939,39.8534,0.1416,nan,nan,nan,nan
44.3518,0.0004,-0.0011,1.1984,-0.0211,-0.0532,0.0195,nan,nan,nan,nan,-0.1744,39.2919,39.8531,0.1378,nan,nan,nan,nan
44.3730,0.0004,-0.0010,1.1984,-0.0211,-0.0532,0.0195,nan,nan,nan,nan,-0.1691,39.2917,39.8530,0.1359,nan,nan,nan,nan
44.3935,0.0003,-0.0009,1.1984,-0.0129,-0.0550,0.0186,nan,nan,nan,nan,-0.1551,39.2915,39.8526,0.1332,nan,nan,nan,nan
44.4192,0.0003,-0.0007,1.1984,-0.0051,-0.0557,0.0167,nan,nan,nan,nan,-0.1304,39.2918,39.8560,0.1328,nan,nan,nan,nan
44.4518,0.0002,-0.0006,1.1984,0.0024,-0.0555,0.0140,nan,nan,nan,nan,-0.1084,39.2923,39.8587,0.1332,nan,nan,nan,nan
44.4833,0.0001,-0.0005,1.1984,0.0099,-0.0545,0.0120,nan,nan,nan,nan,-0.0839,39.2927,39.8612,0.1294,nan,nan,nan,nan
44.5117,0.0001,-0.0003,1.1984,0.0179,-0.0535,0.0112,nan,nan,nan,nan,-0.0693,39.2904,39.8617,0.1260,nan,nan,nan,nan
44.5319,0.0000,-0.0002,1.1984,0.0179,-0.0535,0.0112,nan,nan,nan,nan,-0.0622,39.2908,39.8605,0.1223,nan,nan,nan,nan
44.5529,-0.0000,-0.0001,1.1984,0.0254,-0.0515,0.0102,nan,nan,nan,nan,-0.0548,39.2914,39.8602,0.1192,nan,nan,nan,nan
44.5788,-0.0001,0.0000,1.1984,0.0319,-0.0493,0.0088,nan,nan,nan,nan,-0.0334,39.2892,39.8651,0.1158,nan,nan,nan,nan
44.6152,-0.0002,0.0002,1.1984,0.0376,-0.0470,0.0066,nan,nan,nan,nan,-0.0049,39.2860,39.8694,0.1094,nan,nan,nan,nan
44.6389,-0.0002,0.0003,1.1984,0.0376,-0.0470,0.0066,nan,nan,nan,nan,0.0148,39.2831,39.8708,0.1038,nan,nan,nan,nan
44.6605,-0.0003,0.0003,1.1984,0.0427,-0.0443,0.0046,nan,nan,nan,nan,0.0230,39.2823,39.8712,0.1025,nan,nan,nan,nan
44.6927,-0.0003,0.0004,1.1984,0.0465,-0.0408,0.0019,nan,nan,nan,nan,0.0592,39.2805,39.8687,0.0983,nan,nan,nan,nan
44.7229,-0.0004,0.0006,1.1984,0.0498,-0.0369,-0.0006,nan,nan,nan,nan,0.0944,39.2787,39.8696,0.0940,nan,nan,nan,nan
44.7592,-0.0005,0.0007,1.1984,0.0522,-0.0327,-0.0021,nan,nan,nan,nan,0.1236,39.2794,39.8644,0.0893,nan,nan,nan,nan
44.7800,-0.0006,0.0008,1.1984,0.0522,-0.0327,-0.0021,nan,nan,nan,nan,0.1355,39.2797,39.8624,0.0869,nan,nan,nan,nan
44.8040,-0.0006,0.0009,1.1984,0.0542,-0.0282,-0.0031,nan,nan,nan,nan,0.1480,39.2804,39.8600,0.0850,nan,nan,nan,nan
44.8304,-0.0007,0.0010,1.1984,0.0549,-0.0233,-0.0047,nan,nan,nan,nan,0.1792,39.2817,39.8571,0.0796,nan,nan,nan,nan
44.8559,-0.0008,0.0011,1.1984,0.0550,-0.0187,-0.0055,nan,nan,nan,nan,0.2040,39.2818,39.8594,0.0797,nan,nan,nan,nan
44.8762,-0.0009,0.0012,1.1984,0.0550,-0.0187,-0.0055,nan,nan,nan,nan,0.2117,39.2808,39.8610,0.0795,nan,nan,nan,nan
44.8967,-0.0009,0.0013,1.1984,0.0551,-0.0142,-0.0050,nan,nan,nan,nan,0.2184,39.2796,39.8617,0.0772,nan,nan,nan,nan
44.9187,-0.0010,0.0014,1.1984,0.0550,-0.0092,-0.0036,nan,nan,nan,nan,0.2205,39.2802,39.8640,0.0737,nan,nan,nan,nan
44.9395,-0.0010,0.0015,1.1984,0.0550,-0.0092,-0.0036,nan,nan,nan,nan,0.2187,39.2822,39.8656,0.0714,nan,nan,nan,nan
44.9636,-0.0011,0.0016,1.1984,0.0550,-0.0039,-0.0015,nan,nan,nan,nan,0.2137,39.2847,39.8681,0.0703,nan,nan,nan,nan
44.9885,-0.0012,0.0017,1.1984,0.0545,0.0015,0.0008,nan,nan,nan,nan,0.2089,39.2856,39.8696,0.0701,nan,nan,nan,nan
45.0090,-0.0012,0.0018,1.1984,0.0545,0.0015,0.0008,nan,nan,nan,nan,0.2025,39.2855,39.8713,0.0695,nan,nan,nan,nan
45.0323,-0.0013,0.0018,1.1984,0.0536,0.0065,0.0042,nan,nan,nan,nan,0.1950,39.2857,39.8744,0.0683,nan,nan,nan,nan
45.0644,-0.0013,0.0019,1.1984,0.0519,0.0119,0.0075,nan,nan,nan,nan,0.1809,39.2887,39.8806,0.0665,nan,nan,nan,nan
45.0848,-0.0014,0.0020,1.1984,0.0519,0.0119,0.0075,nan,nan,nan,nan,0.1740,39.2899,39.8826,0.0639,nan,nan,nan,nan
45.1092,-0.0014,0.0021,1.1984,0.0496,0.0169,0.0107,nan,nan,nan,nan,0.1664,39.2902,39.8820,0.0598,nan,nan,nan,nan
45.1396,-0.0015,0.0022,1.1984,0.0474,0.0210,0.0140,nan,nan,nan,nan,0.1505,39.2854,39.8808,0.0552,nan,nan,nan,nan
45.1752,-0.0016,0.0023,1.1984,0.0442,0.0248,0.0178,nan,nan,nan,nan,0.1333,39.2802,39.8780,0.0402,nan,nan,nan,nan
45.1976,-0.0017,0.0024,1.1984,0.0442,0.0248,0.0178,nan,nan,nan,nan,0.1174,39.2778,39.8767,0.0257,nan,nan,nan,nan
45.2210,-0.0017,0.0025,1.1984,0.0409,0.0283,0.0221,nan,nan,nan,nan,0.1117,39.2767,39.8767,0.0223,nan,nan,nan,nan
45.2524,-0.0018,0.0025,1.1984,0.0373,0.0317,0.0260,nan,nan,nan,nan,0.0931,39.2740,39.8765,0.0117,nan,nan,nan,nan
45.2726,-0.0018,0.0026,1.1984,0.0373,0.0317,0.0260,nan,nan,nan,nan,0.0904,39.2736,39.8770,0.0077,nan,nan,nan,nan
45.2975,-0.0019,0.0027,1.1984,0.0327,0.0354,0.0280,nan,nan,nan,nan,0.0949,39.2741,39.8803,0.0050,nan,nan,nan,nan
45.3276,-0.0019,0.0027,1.1983,0.0267,0.0392,0.0284,nan,nan,nan,nan,0.1086,39.2761,39.8821,0.0040,nan,nan,nan,nan
45.3557,-0.0020,0.0028,1.1983,0.0205,0.0428,0.0274,nan,nan,nan,nan,0.1341,39.2807,39.8824,0.0057,nan,nan,nan,nan
45.3917,-0.0021,0.0029,1.1983,0.0143,0.0456,0.0263,nan,nan,nan,nan,0.1626,39.2821,39.8850,0.0113,nan,nan,nan,nan
45.4149,-0.0022,0.0030,1.1983,0.0143,0.0456,0.0263,nan,nan,nan,nan,0.1779,39.2822,39.8862,0.0149,nan,nan,nan,nan
45.4410,-0.0022,0.0031,1.1983,0.0083,0.0477,0.0260,nan,nan,nan,nan,0.1859,39.2819,39.8839,0.0169,nan,nan,nan,nan
45.4643,-0.0023,0.0031,1.1983,0.0025,0.0495,0.0262,nan,nan,nan,nan,0.1973,39.2823,39.8775,0.0186,nan,nan,nan,nan
45.4857,-0.0023,0.0032,1.1983,0.0025,0.0495,0.0262,nan,nan,nan,nan,0.2039,39.2824,39.8723,0.0177,nan,nan,nan,nan
45.5087,-0.0023,0.0033,1.1983,-0.0031,0.0509,0.0273,nan,nan,nan,nan,0.2055,39.2823,39.8708,0.0177,nan,nan,nan,nan
45.5374,-0.0024,0.0034,1.1983,-0.0078,0.0521,0.0287,nan,nan,nan,nan,0.2068,39.2811,39.8660,0.0201,nan,nan,nan,nan
45.5598,-0.0024,0.0034,1.1983,-0.0078,0.0521,0.0287,nan,nan,nan,nan,0.2041,39.2801,39.8641,0.0189,nan,nan,nan,nan
45.5823,-0.0025,0.0035,1.1983,-0.0117,0.0531,0.0308,nan,nan,nan,nan,0.1990,39.2788,39.8611,0.0175,nan,nan,nan,nan
45.6044,-0.0026,0.0036,1.1983,-0.0159,0.0543,0.0320,nan,nan,nan,nan,0.2015,39.2790,39.8574,0.0159,nan,nan,nan,nan
45.6279,-0.0026,0.0037,1.1983,-0.0209,0.0556,0.0325,nan,nan,nan,nan,0.2109,39.2796,39.8538,0.0160,nan,nan,nan,nan
45.6565,-0.0026,0.0038,1.1983,-0.0264,0.0571,0.0324,nan,nan,nan,nan,0.2279,39.2819,39.8463,0.0173,nan,nan,nan,nan
45.6802,-0.0027,0.0039,1.1983,-0.0264,0.0571,0.0324,nan,nan,nan,nan,0.2374,39.2835,39.8428,0.0217,nan,nan,nan,nan
45.7067,-0.0027,0.0039,1.1983,-0.0319,0.0587,0.0316,nan,nan,nan,nan,0.2602,39.2867,39.8367,0.0315,nan,nan,nan,nan
45.7277,-0.0028,0.0040,1.1983,-0.0380,0.0605,0.0287,nan,nan,nan,nan,0.2921,39.2916,39.8313,0.0451,nan,nan,nan,nan
45.7486,-0.0028,0.0040,1.1983,-0.0380,0.0605,0.0287,nan,nan,nan,nan,0.3158,39.2943,39.8290,0.0493,nan,nan,nan,nan
45.7743,-0.0028,0.0041,1.1982,-0.0443,0.0622,0.0253,nan,nan,nan,nan,0.3519,39.2995,39.8266,0.0525,nan,nan,nan,nan
45.8024,-0.0029,0.0042,1.1982,-0.0502,0.0635,0.0231,nan,nan,nan,nan,0.3772,39.3031,39.8273,0.0556,nan,nan,nan,nan
45.8360,-0.0029,0.0043,1.1982,-0.0536,0.0640,0.0242,nan,nan,nan,nan,0.3829,39.3051,39.8317,0.0608,nan,nan,nan,nan
45.8598,-0.0029,0.0044,1.1982,-0.0536,0.0640,0.0242,nan,nan,nan,nan,0.3783,39.3055,39.8348,0.0634,nan,nan,nan,nan
45.8844,-0.0030,0.0044,1.1982,-0.0556,0.0640,0.0269,nan,nan,nan,nan,0.3709,39.3050,39.8375,0.0647,nan,nan,nan,nan
45.9169,-0.0030,0.0045,1.1982,-0.0568,0.0635,0.0306,nan,nan,nan,nan,0.3498,39.3027,39.8436,0.0726,nan,nan,nan,nan
45.9372,-0.0030,0.0046,1.1982,-0.0568,0.0635,0.0306,nan,nan,nan,nan,0.3352,39.3005,39.8473,0.0808,nan,nan,nan,nan
45.9624,-0.0030,0.0047,1.1982,-0.0569,0.0623,0.0351,nan,nan,nan,nan,0.3111,39.2961,39.8568,0.0883,nan,nan,nan,nan
45.9944,-0.0030,0.0048,1.1982,-0.0569,0.0611,0.0394,nan,nan,nan,nan,0.2907,39.2928,39.8659,0.0867,nan,nan,nan,nan
46.0290,-0.0031,0.0050,1.1982,-0.0565,0.0600,0.0436,nan,nan,nan,nan,0.2638,39.2904,39.8724,0.0763,nan,nan,nan,nan
46.0522,-0.0031,0.0051,1.1982,-0.0565,0.0600,0.0436,nan,nan,nan,nan,0.2482,39.2904,39.8745,0.0697,nan,nan,nan,nan
46.0792,-0.0031,0.0052,1.1982,-0.0549,0.0592,0.0475,nan,nan,nan,nan,0.2271,39.2912,39.8760,0.0643,nan,nan,nan,nan
46.0997,-0.0031,0.0053,1.1982,-0.0531,0.0583,0.0513,nan,nan,nan,nan,0.2061,39.2915,39.8723,0.0594,nan,nan,nan,nan
46.1242,-0.0031,0.0054,1.1982,-0.0507,0.0571,0.0557,nan,nan,nan,nan,0.1738,39.2917,39.8634,0.0508,nan,nan,nan,nan
46.1502,-0.0032,0.0055,1.1982,-0.0472,0.0558,0.0595,nan,nan,nan,nan,0.1423,39.2926,39.8581,0.0412,nan,nan,nan,nan
46.1792,-0.0032,0.0057,1.1982,-0.0436,0.0541,0.0622,nan,nan,nan,nan,0.1190,39.2930,39.8608,0.0382,nan,nan,nan,nan
46.2109,-0.0032,0.0058,1.1982,-0.0402,0.0522,0.0632,nan,nan,nan,nan,0.1130,39.2946,39.8655,0.0340,nan,nan,nan,nan
46.2455,-0.0032,0.0060,1.1982,-0.0367,0.0497,0.0630,nan,nan,nan,nan,0.1159,39.2923,39.8667,0.0302,nan,nan,nan,nan
46.2679,-0.0032,0.0061,1.1982,-0.0367,0.0497,0.0630,nan,nan,nan,nan,0.1195,39.2917,39.8672,0.0263,nan,nan,nan,nan
46.2902,-0.0032,0.0062,1.1982,-0.0329,0.0469,0.0626,nan,nan,nan,nan,0.1240,39.2909,39.8678,0.0222,nan,nan,nan,nan
46.3138,-0.0032,0.0063,1.1982,-0.0279,0.0436,0.0627,nan,nan,nan,nan,0.1240,39.2914,39.8683,0.0192,nan,nan,nan,nan
46.3456,-0.0032,0.0064,1.1982,-0.0219,0.0396,0.0635,nan,nan,nan,nan,0.1183,39.2904,39.8699,0.0085,nan,nan,nan,nan
46.3786,-0.0032,0.0066,1.1982,-0.0148,0.0352,0.0640,nan,nan,nan,nan,0.1105,39.2911,39.8711,-0.0012,nan,nan,nan,nan
46.4021,-0.0032,0.0067,1.1982,-0.0148,0.0352,0.0640,nan,nan,nan,nan,0.1051,39.2913,39.8721,-0.0059,nan,nan,nan,nan
46.4272,-0.0032,0.0068,1.1982,-0.0073,0.0307,0.0640,nan,nan,nan,nan,0.1050,39.2913,39.8729,-0.0058,nan,nan,nan,nan
46.4602,-0.0032,0.0069,1.1982,0.0001,0.0259,0.0628,nan,nan,nan,nan,0.1094,39.2923,39.8743,-0.0051,nan,nan,nan,nan
46.4906,-0.0032,0.0070,1.1982,0.0075,0.0207,0.0608,nan,nan,nan,nan,0.1224,39.2926,39.8770,-0.0050,nan,nan,nan,nan
46.5245,-0.0032,0.0072,1.1982,0.0153,0.0154,0.0593,nan,nan,nan,nan,0.1325,39.2915,39.8805,-0.0082,nan,nan,nan,nan
46.5445,-0.0032,0.0073,1.1982,0.0153,0.0154,0.0593,nan,nan,nan,nan,0.1367,39.2890,39.8833,-0.0103,nan,nan,nan,nan
46.5680,-0.0032,0.0073,1.1982,0.0234,0.0093,0.0579,nan,nan,nan,nan,0.1406,39.2866,39.8835,-0.0109,nan,nan,nan,nan
46.5919,-0.0032,0.0075,1.1982,0.0322,0.0029,0.0566,nan,nan,nan,nan,0.1464,39.2811,39.8804,-0.0100,nan,nan,nan,nan
46.6167,-0.0032,0.0076,1.1982,0.0414,-0.0031,0.0548,nan,nan,nan,nan,0.1527,39.2782,39.8801,-0.0048,nan,nan,nan,nan
46.6409,-0.0032,0.0078,1.1982,0.0505,-0.0088,0.0527,nan,nan,nan,nan,0.1622,39.2774,39.8864,-0.0021,nan,nan,nan,nan
46.6683,-0.0032,0.0079,1.1982,0.0588,-0.0148,0.0509,nan,nan,nan,nan,0.1749,39.2737,39.8890,-0.0035,nan,nan,nan,nan
46.6984,-0.0032,0.0080,1.1982,0.0667,-0.0201,0.0484,nan,nan,nan,nan,0.1933,39.2743,39.8862,-0.0093,nan,nan,nan,nan
46.7186,-0.0032,0.0081,1.1982,0.0667,-0.0201,0.0484,nan,nan,nan,nan,0.2126,39.2757,39.8877,-0.0157,nan,nan,nan,nan
46.7425,-0.0032,0.0082,1.1982,0.0743,-0.0251,0.0446,nan,nan,nan,nan,0.2279,39.2753,39.8891,-0.0155,nan,nan,nan,nan
46.7662,-0.0032,0.0083,1.1982,0.0814,-0.0300,0.0408,nan,nan,nan,nan,0.2502,39.2765,39.8876,-0.0111,nan,nan,nan,nan
46.7870,-0.0032,0.0084,1.1982,0.0814,-0.0300,0.0408,nan,nan,nan,nan,0.2724,39.2788,39.8871,-0.0090,nan,nan,nan,nan
46.8098,-0.0032,0.0085,1.1982,0.0877,-0.0343,0.0374,nan,nan,nan,nan,0.2931,39.2802,39.8883,-0.0022,nan,nan,nan,nan
46.8319,-0.0032,0.0085,1.1982,0.0941,-0.0383,0.0346,nan,nan,nan,nan,0.3039,39.2818,39.8898,0.0042,nan,nan,nan,nan
46.8537,-0.0032,0.0086,1.1982,0.1015,-0.0419,0.0330,nan,nan,nan,nan,0.3122,39.2855,39.8915,0.0125,nan,nan,nan,nan
46.8856,-0.0032,0.0088,1.1982,0.1093,-0.0453,0.0337,nan,nan,nan,nan,0.3010,39.2889,39.8915,0.0142,nan,nan,nan,nan
46.9161,-0.0032,0.0089,1.1982,0.1165,-0.0482,0.0337,nan,nan,nan,nan,0.2929,39.2912,39.8896,0.0179,nan,nan,nan,nan
46.9537,-0.0032,0.0090,1.1981,0.1224,-0.0510,0.0332,nan,nan,nan,nan,0.2929,39.2909,39.8929,0.0174,nan,nan,nan,nan
46.9859,-0.0033,0.0091,1.1981,0.1278,-0.0536,0.0327,nan,nan,nan,nan,0.2923,39.2898,39.8954,0.0131,nan,nan,nan,nan
47.0167,-0.0033,0.0092,1.1981,0.1329,-0.0552,0.0325,nan,nan,nan,nan,0.2879,39.2924,39.8927,0.0101,nan,nan,nan,nan
47.0450,-0.0033,0.0093,1.1981,0.1371,-0.0566,0.0330,nan,nan,nan,nan,0.2839,39.2928,39.8864,0.0059,nan,nan,nan,nan
47.0667,-0.0033,0.0093,1.1981,0.1371,-0.0566,0.0330,nan,nan,nan,nan,0.2783,39.2941,39.8841,0.0049,nan,nan,nan,nan
47.0897,-0.0033,0.0094,1.1981,0.1411,-0.0572,0.0338,nan,nan,nan,nan,0.2638,39.2978,39.8773,0.0038,nan,nan,nan,nan
47.1137,-0.0034,0.0094,1.1981,0.1456,-0.0572,0.0366,nan,nan,nan,nan,0.2411,39.3008,39.8707,0.0047,nan,nan,nan,nan
47.1396,-0.0034,0.0095,1.1981,0.1506,-0.0574,0.0402,nan,nan,nan,nan,0.2112,39.3017,39.8683,0.0034,nan,nan,nan,nan
47.1678,-0.0034,0.0096,1.1981,0.1560,-0.0572,0.0450,nan,nan,nan,nan,0.1616,39.3016,39.8687,0.0006,nan,nan,nan,nan
47.1933,-0.0034,0.0097,1.1981,0.1609,-0.0566,0.0499,nan,nan,nan,nan,0.1115,39.3029,39.8673,0.0032,nan,nan,nan,nan
47.2134,-0.0035,0.0097,1.1981,0.1609,-0.0566,0.0499,nan,nan,nan,nan,0.0785,39.3064,39.8664,0.0051,nan,nan,nan,nan
47.2368,-0.0035,0.0097,1.1981,0.1648,-0.0551,0.0541,nan,nan,nan,nan,0.0615,39.3091,39.8670,0.0059,nan,nan,nan,nan
47.2586,-0.0035,0.0098,1.1981,0.1678,-0.0531,0.0567,nan,nan,nan,nan,0.0410,39.3128,39.8692,0.0078,nan,nan,nan,nan
47.2824,-0.0035,0.0098,1.1981,0.1678,-0.0531,0.0567,nan,nan,nan,nan,0.0302,39.3145,39.8671,0.0125,nan,nan,nan,nan
47.3058,-0.0036,0.0098,1.1981,0.1696,-0.0509,0.0575,nan,nan,nan,nan,0.0298,39.3141,39.8666,0.0135,nan,nan,nan,nan
47.3329,-0.0036,0.0098,1.1981,0.1698,-0.0486,0.0570,nan,nan,nan,nan,0.0351,39.3143,39.8655,0.0128,nan,nan,nan,nan
47.3606,-0.0036,0.0098,1.1981,0.1698,-0.0458,0.0559,nan,nan,nan,nan,0.0441,39.3163,39.8644,0.0132,nan,nan,nan,nan
47.3917,-0.0037,0.0098,1.1981,0.1703,-0.0422,0.0557,nan,nan,nan,nan,0.0436,39.3217,39.8645,0.0150,nan,nan,nan,nan
47.4185,-0.0037,0.0098,1.1981,0.1721,-0.0383,0.0566,nan,nan,nan,nan,0.0279,39.3275,39.8632,0.0100,nan,nan,nan,nan
47.4496,-0.0038,0.0098,1.1981,0.1738,-0.0345,0.0582,nan,nan,nan,nan,0.0049,39.3310,39.8590,0.0027,nan,nan,nan,nan
47.4765,-0.0038,0.0098,1.1981,0.1756,-0.0305,0.0597,nan,nan,nan,nan,-0.0193,39.3355,39.8531,-0.0043,nan,nan,nan,nan
47.5048,-0.0039,0.0098,1.1981,0.1773,-0.0260,0.0610,nan,nan,nan,nan,-0.0437,39.3415,39.8492,-0.0077,nan,nan,nan,nan
47.5358,-0.0039,0.0098,1.1981,0.1783,-0.0217,0.0618,nan,nan,nan,nan,-0.0638,39.3451,39.8443,-0.0087,nan,nan,nan,nan
47.5562,-0.0040,0.0098,1.1981,0.1783,-0.0217,0.0618,nan,nan,nan,nan,-0.0754,39.3460,39.8419,-0.0093,nan,nan,nan,nan
47.5801,-0.0040,0.0098,1.1981,0.1797,-0.0179,0.0626,nan,nan,nan,nan,-0.0946,39.3443,39.8398,-0.0074,nan,nan,nan,nan
47.6018,-0.0041,0.0097,1.1981,0.1807,-0.0145,0.0637,nan,nan,nan,nan,-0.1133,39.3420,39.8376,-0.0090,nan,nan,nan,nan
47.6356,-0.0041,0.0097,1.1981,0.1809,-0.0113,0.0643,nan,nan,nan,nan,-0.1312,39.3398,39.8331,-0.0113,nan,nan,nan,nan
47.6587,-0.0042,0.0096,1.1981,0.1807,-0.0080,0.0642,nan,nan,nan,nan,-0.1441,39.3383,39.8274,-0.0117,nan,nan,nan,nan
47.6845,-0.0042,0.0096,1.1981,0.1806,-0.0047,0.0640,nan,nan,nan,nan,-0.1575,39.3370,39.8249,-0.0215,nan,nan,nan,nan
47.7122,-0.0043,0.0095,1.1981,0.1806,-0.0019,0.0643,nan,nan,nan,nan,-0.1755,39.3345,39.8196,-0.0234,nan,nan,nan,nan
47.7461,-0.0043,0.0094,1.1981,0.1809,0.0003,0.0655,nan,nan,nan,nan,-0.2022,39.3290,39.8154,-0.0269,nan,nan,nan,nan
47.7702,-0.0044,0.0093,1.1981,0.1812,0.0026,0.0670,nan,nan,nan,nan,-0.2324,39.3263,39.8139,-0.0309,nan,nan,nan,nan
47.7961,-0.0044,0.0092,1.1981,0.1809,0.0048,0.0670,nan,nan,nan,nan,-0.2513,39.3233,39.8170,-0.0369,nan,nan,nan,nan
47.8275,-0.0045,0.0091,1.1981,0.1791,0.0071,0.0652,nan,nan,nan,nan,-0.2530,39.3225,39.8145,-0.0448,nan,nan,nan,nan
47.8504,-0.0045,0.0090,1.1981,0.1791,0.0071,0.0652,nan,nan,nan,nan,-0.2468,39.3216,39.8116,-0.0511,nan,nan,nan,nan
47.8729,-0.0046,0.0089,1.1981,0.1767,0.0093,0.0620,nan,nan,nan,nan,-0.2405,39.3204,39.8106,-0.0566,nan,nan,nan,nan
47.8955,-0.0046,0.0088,1.1981,0.1734,0.0116,0.0585,nan,nan,nan,nan,-0.2244,39.3198,39.8081,-0.0677,nan,nan,nan,nan
47.9243,-0.0047,0.0087,1.1981,0.1703,0.0137,0.0553,nan,nan,nan,nan,-0.2166,39.3187,39.8070,-0.0733,nan,nan,nan,nan
47.9487,-0.0047,0.0086,1.1981,0.1681,0.0157,0.0527,nan,nan,nan,nan,-0.2143,39.3187,39.8074,-0.0731,nan,nan,nan,nan
47.9694,-0.0048,0.0085,1.1981,0.1681,0.0157,0.0527,nan,nan,nan,nan,-0.2150,39.3169,39.8109,-0.0723,nan,nan,nan,nan
47.9947,-0.0048,0.0084,1.1981,0.1660,0.0174,0.0506,nan,nan,nan,nan,-0.2207,39.3156,39.8172,-0.0769,nan,nan,nan,nan
48.0226,-0.0048,0.0083,1.1981,0.1640,0.0192,0.0493,nan,nan,nan,nan,-0.2279,39.3137,39.8275,-0.0860,nan,nan,nan,nan
48.0461,-0.0049,0.0082,1.1981,0.1640,0.0192,0.0493,nan,nan,nan,nan,-0.2310,39.3120,39.8370,-0.0905,nan,nan,nan,nan
48.0735,-0.0049,0.0080,1.1981,0.1615,0.0208,0.0472,nan,nan,nan,nan,-0.2267,39.3082,39.8457,-0.0919,nan,nan,nan,nan
48.0988,-0.0049,0.0079,1.1981,0.1578,0.0220,0.0442,nan,nan,nan,nan,-0.2134,39.3049,39.8536,-0.0904,nan,nan,nan,nan
48.1213,-0.0050,0.0078,1.1981,0.1531,0.0232,0.0397,nan,nan,nan,nan,-0.2012,39.3044,39.8590,-0.0901,nan,nan,nan,nan
48.1465,-0.0050,0.0076,1.1981,0.1480,0.0244,0.0354,nan,nan,nan,nan,-0.1713,39.3043,39.8646,-0.0882,nan,nan,nan,nan
48.1718,-0.0050,0.0074,1.1982,0.1428,0.0255,0.0315,nan,nan,nan,nan,-0.1551,39.3050,39.8678,-0.0861,nan,nan,nan,nan
48.1944,-0.0051,0.0073,1.1982,0.1428,0.0255,0.0315,nan,nan,nan,nan,-0.1427,39.3054,39.8699,-0.0853,nan,nan,nan,nan
48.2187,-0.0051,0.0072,1.1982,0.1378,0.0263,0.0281,nan,nan,nan,nan,-0.1374,39.3060,39.8698,-0.0895,nan,nan,nan,nan
48.2460,-0.0051,0.0070,1.1982,0.1335,0.0267,0.0250,nan,nan,nan,nan,-0.1331,39.3086,39.8710,-0.0946,nan,nan,nan,nan
48.2785,-0.0052,0.0068,1.1982,0.1291,0.0270,0.0222,nan,nan,nan,nan,-0.1311,39.3114,39.8745,-0.0934,nan,nan,nan,nan
48.3155,-0.0052,0.0066,1.1982,0.1239,0.0272,0.0202,nan,nan,nan,nan,-0.1281,39.3144,39.8792,-0.0956,nan,nan,nan,nan
48.3390,-0.0052,0.0065,1.1982,0.1239,0.0272,0.0202,nan,nan,nan,nan,-0.1249,39.3160,39.8815,-0.0973,nan,nan,nan,nan
48.3597,-0.0053,0.0063,1.1982,0.1184,0.0270,0.0179,nan,nan,nan,nan,-0.1239,39.3168,39.8817,-0.0975,nan,nan,nan,nan
48.3846,-0.0053,0.0062,1.1982,0.1126,0.0265,0.0155,nan,nan,nan,nan,-0.1183,39.3197,39.8790,-0.1005,nan,nan,nan,nan
48.4049,-0.0053,0.0060,1.1982,0.1126,0.0265,0.0155,nan,nan,nan,nan,-0.1136,39.3209,39.8764,-0.1018,nan,nan,nan,nan
48.4326,-0.0053,0.0058,1.1982,0.1065,0.0259,0.0123,nan,nan,nan,nan,-0.1053,39.3228,39.8717,-0.1054,nan,nan,nan,nan
48.4538,-0.0054,0.0057,1.1982,0.0990,0.0253,0.0090,nan,nan,nan,nan,-0.0921,39.3248,39.8697,-0.1080,nan,nan,nan,nan
48.4847,-0.0054,0.0055,1.1982,0.0911,0.0245,0.0055,nan,nan,nan,nan,-0.0755,39.3268,39.8695,-0.1086,nan,nan,nan,nan
48.5052,-0.0054,0.0053,1.1982,0.0911,0.0245,0.0055,nan,nan,nan,nan,-0.0689,39.3276,39.8698,-0.1094,nan,nan,nan,nan
48.5288,-0.0054,0.0051,1.1982,0.0833,0.0233,0.0025,nan,nan,nan,nan,-0.0609,39.3269,39.8708,-0.1121,nan,nan,nan,nan
48.5529,-0.0055,0.0049,1.1982,0.0753,0.0218,0.0002,nan,nan,nan,nan,-0.0561,39.3266,39.8710,-0.1122,nan,nan,nan,nan
48.5796,-0.0055,0.0047,1.1982,0.0675,0.0203,-0.0016,nan,nan,nan,nan,-0.0581,39.3283,39.8687,-0.1081,nan,nan,nan,nan
48.6124,-0.0055,0.0045,1.1982,0.0595,0.0186,-0.0026,nan,nan,nan,nan,-0.0631,39.3293,39.8674,-0.1048,nan,nan,nan,nan
48.6399,-0.0055,0.0043,1.1982,0.0515,0.0166,-0.0032,nan,nan,nan,nan,-0.0740,39.3302,39.8641,-0.1020,nan,nan,nan,nan
48.6619,-0.0056,0.0040,1.1982,0.0436,0.0147,-0.0032,nan,nan,nan,nan,-0.0905,39.3316,39.8640,-0.1042,nan,nan,nan,nan
48.6918,-0.0056,0.0038,1.1982,0.0348,0.0130,-0.0034,nan,nan,nan,nan,-0.1029,39.3339,39.8658,-0.1141,nan,nan,nan,nan
48.7238,-0.0056,0.0035,1.1982,0.0256,0.0115,-0.0033,nan,nan,nan,nan,-0.1150,39.3379,39.8659,-0.1202,nan,nan,nan,nan
48.7512,-0.0056,0.0033,1.1982,0.0163,0.0097,-0.0033,nan,nan,nan,nan,-0.1270,39.3403,39.8648,-0.1188,nan,nan,nan,nan
48.7741,-0.0057,0.0031,1.1982,0.0163,0.0097,-0.0033,nan,nan,nan,nan,-0.1318,39.3388,39.8661,-0.1187,nan,nan,nan,nan
48.7978,-0.0057,0.0029,1.1982,0.0066,0.0074,-0.0042,nan,nan,nan,nan,-0.1312,39.3384,39.8680,-0.1200,nan,nan,nan,nan
48.8292,-0.0057,0.0028,1.1982,-0.0040,0.0053,-0.0064,nan,nan,nan,nan,-0.1235,39.3373,39.8721,-0.1243,nan,nan,nan,nan
48.8600,-0.0057,0.0025,1.1982,-0.0154,0.0032,-0.0093,nan,nan,nan,nan,-0.1056,39.3361,39.8727,-0.1295,nan,nan,nan,nan
48.8872,-0.0057,0.0022,1.1982,-0.0271,0.0010,-0.0132,nan,nan,nan,nan,-0.0783,39.3346,39.8709,-0.1345,nan,nan,nan,nan
48.9108,-0.0058,0.0020,1.1982,-0.0271,0.0010,-0.0132,nan,nan,nan,nan,-0.0471,39.3338,39.8683,-0.1378,nan,nan,nan,nan
48.9338,-0.0058,0.0019,1.1982,-0.0397,-0.0009,-0.0187,nan,nan,nan,nan,-0.0210,39.3330,39.8675,-0.1412,nan,nan,nan,nan
48.9662,-0.0058,0.0017,1.1982,-0.0532,-0.0028,-0.0257,nan,nan,nan,nan,0.0247,39.3308,39.8652,-0.1504,nan,nan,nan,nan
48.9936,-0.0058,0.0014,1.1982,-0.0669,-0.0051,-0.0328,nan,nan,nan,nan,0.0884,39.3264,39.8611,-0.1626,nan,nan,nan,nan
49.0163,-0.0058,0.0012,1.1982,-0.0802,-0.0074,-0.0389,nan,nan,nan,nan,0.1455,39.3227,39.8600,-0.1727,nan,nan,nan,nan
49.0405,-0.0059,0.0010,1.1982,-0.0802,-0.0074,-0.0389,nan,nan,nan,nan,0.1677,39.3205,39.8597,-0.1755,nan,nan,nan,nan
49.0619,-0.0059,0.0009,1.1982,-0.0921,-0.0094,-0.0436,nan,nan,nan,nan,0.1923,39.3175,39.8586,-0.1812,nan,nan,nan,nan
49.0837,-0.0059,0.0006,1.1982,-0.1034,-0.0112,-0.0460,nan,nan,nan,nan,0.2096,39.3147,39.8575,-0.1862,nan,nan,nan,nan
49.1102,-0.0059,0.0004,1.1982,-0.1135,-0.0128,-0.0474,nan,nan,nan,nan,0.2222,39.3098,39.8623,-0.1876,nan,nan,nan,nan
49.1321,-0.0059,0.0002,1.1982,-0.1231,-0.0143,-0.0476,nan,nan,nan,nan,0.2237,39.3079,39.8674,-0.1865,nan,nan,nan,nan
49.1663,-0.0060,-0.0000,1.1982,-0.1332,-0.0149,-0.0484,nan,nan,nan,nan,0.2316,39.3089,39.8678,-0.1769,nan,nan,nan,nan
49.1992,-0.0060,-0.0002,1.1982,-0.1429,-0.0157,-0.0486,nan,nan,nan,nan,0.2363,39.3085,39.8664,-0.1697,nan,nan,nan,nan
49.2317,-0.0060,-0.0004,1.1982,-0.1525,-0.0162,-0.0479,nan,nan,nan,nan,0.2362,39.3106,39.8700,-0.1591,nan,nan,nan,nan
49.2629,-0.0061,-0.0006,1.1982,-0.1615,-0.0165,-0.0466,nan,nan,nan,nan,0.2300,39.3123,39.8694,-0.1473,nan,nan,nan,nan
49.2887,-0.0061,-0.0008,1.1982,-0.1691,-0.0169,-0.0439,nan,nan,nan,nan,0.2102,39.3112,39.8722,-0.1450,nan,nan,nan,nan
49.3236,-0.0061,-0.0010,1.1982,-0.1751,-0.0179,-0.0400,nan,nan,nan,nan,0.1763,39.3041,39.8696,-0.1414,nan,nan,nan,nan
49.3479,-0.0061,-0.0011,1.1982,-0.1751,-0.0179,-0.0400,nan,nan,nan,nan,0.1535,39.3020,39.8653,-0.1376,nan,nan,nan,nan
49.3724,-0.0062,-0.0012,1.1982,-0.1796,-0.0185,-0.0347,nan,nan,nan,nan,0.1281,39.2997,39.8626,-0.1321,nan,nan,nan,nan
49.4051,-0.0062,-0.0013,1.1982,-0.1835,-0.0188,-0.0297,nan,nan,nan,nan,0.0808,39.2955,39.8594,-0.1196,nan,nan,nan,nan
49.4282,-0.0062,-0.0014,1.1982,-0.1835,-0.0188,-0.0297,nan,nan,nan,nan,0.0580,39.2935,39.8570,-0.1143,nan,nan,nan,nan
49.4522,-0.0062,-0.0015,1.1982,-0.1868,-0.0188,-0.0247,nan,nan,nan,nan,0.0055,39.2897,39.8514,-0.1119,nan,nan,nan,nan
49.4753,-0.0063,-0.0016,1.1982,-0.1888,-0.0185,-0.0189,nan,nan,nan,nan,-0.0225,39.2878,39.8486,-0.1127,nan,nan,nan,nan
49.5008,-0.0063,-0.0017,1.1982,-0.1907,-0.0178,-0.0144,nan,nan,nan,nan,-0.0671,39.2828,39.8458,-0.1136,nan,nan,nan,nan
49.5247,-0.0063,-0.0018,1.1982,-0.1907,-0.0178,-0.0144,nan,nan,nan,nan,-0.0795,39.2807,39.8450,-0.1140,nan,nan,nan,nan
49.5501,-0.0063,-0.0019,1.1982,-0.1936,-0.0163,-0.0127,nan,nan,nan,nan,-0.0847,39.2765,39.8426,-0.1151,nan,nan,nan,nan
49.5816,-0.0063,-0.0020,1.1982,-0.1971,-0.0145,-0.0128,nan,nan,nan,nan,-0.0807,39.2714,39.8389,-0.1144,nan,nan,nan,nan
49.6088,-0.0064,-0.0021,1.1982,-0.1996,-0.0121,-0.0137,nan,nan,nan,nan,-0.0743,39.2675,39.8308,-0.1161,nan,nan,nan,nan
49.6332,-0.0064,-0.0022,1.1982,-0.2005,-0.0094,-0.0140,nan,nan,nan,nan,-0.0752,39.2619,39.8294,-0.1169,nan,nan,nan,nan
49.6654,-0.0065,-0.0023,1.1982,-0.2005,-0.0062,-0.0144,nan,nan,nan,nan,-0.0754,39.2568,39.8262,-0.1236,nan,nan,nan,nan
49.6891,-0.0065,-0.0023,1.1982,-0.2005,-0.0062,-0.0144,nan,nan,nan,nan,-0.0761,39.2543,39.8242,-0.1281,nan,nan,nan,nan
49.7144,-0.0065,-0.0024,1.1982,-0.1993,-0.0025,-0.0145,nan,nan,nan,nan,-0.0830,39.2506,39.8225,-0.1323,nan,nan,nan,nan
49.7392,-0.0065,-0.0024,1.1983,-0.1964,0.0014,-0.0135,nan,nan,nan,nan,-0.0966,39.2475,39.8195,-0.1305,nan,nan,nan,nan
49.7735,-0.0066,-0.0025,1.1983,-0.1926,0.0055,-0.0124,nan,nan,nan,nan,-0.1159,39.2427,39.8142,-0.1236,nan,nan,nan,nan
49.7992,-0.0066,-0.0025,1.1983,-0.1886,0.0101,-0.0121,nan,nan,nan,nan,-0.1262,39.2394,39.8080,-0.1218,nan,nan,nan,nan
49.8248,-0.0066,-0.0026,1.1983,-0.1886,0.0101,-0.0121,nan,nan,nan,nan,-0.1272,39.2384,39.8056,-0.1192,nan,nan,nan,nan
49.8500,-0.0067,-0.0026,1.1983,-0.1846,0.0150,-0.0129,nan,nan,nan,nan,-0.1266,39.2364,39.8042,-0.1109,nan,nan,nan,nan
49.8776,-0.0067,-0.0026,1.1983,-0.1803,0.0202,-0.0138,nan,nan,nan,nan,-0.1239,39.2356,39.8007,-0.1044,nan,nan,nan,nan
49.9110,-0.0067,-0.0027,1.1983,-0.1752,0.0259,-0.0153,nan,nan,nan,nan,-0.1183,39.2363,39.7953,-0.0990,nan,nan,nan,nan
49.9349,-0.0068,-0.0027,1.1983,-0.1752,0.0259,-0.0153,nan,nan,nan,nan,-0.1192,39.2361,39.7948,-0.0992,nan,nan,nan,nan
49.9552,-0.0068,-0.0027,1.1983,-0.1689,0.0316,-0.0162,nan,nan,nan,nan,-0.1219,39.2366,39.7923,-0.1005,nan,nan,nan,nan
49.9777,-0.0068,-0.0027,1.1983,-0.1618,0.0374,-0.0176,nan,nan,nan,nan,-0.1197,39.2374,39.7865,-0.1038,nan,nan,nan,nan
49.9986,-0.0068,-0.0027,1.1983,-0.1618,0.0374,-0.0176,nan,nan,nan,nan,-0.1109,39.2361,39.7805,-0.1066,nan,nan,nan,nan
50.0244,-0.0068,-0.0027,1.1983,-0.1552,0.0429,-0.0199,nan,nan,nan,nan,-0.1081,39.2357,39.7782,-0.1065,nan,nan,nan,nan
50.0512,-0.0069,-0.0027,1.1983,-0.1475,0.0482,-0.0220,nan,nan,nan,nan,-0.1010,39.2341,39.7705,-0.1003,nan,nan,nan,nan
50.0807,-0.0069,-0.0027,1.1983,-0.1386,0.0532,-0.0231,nan,nan,nan,nan,-0.1017,39.2333,39.7637,-0.0952,nan,nan,nan,nan
50.1098,-0.0069,-0.0027,1.1983,-0.1281,0.0583,-0.0228,nan,nan,nan,nan,-0.1194,39.2354,39.7603,-0.0949,nan,nan,nan,nan
50.1431,-0.0069,-0.0027,1.1983,-0.1164,0.0636,-0.0212,nan,nan,nan,nan,-0.1509,39.2414,39.7591,-0.0971,nan,nan,nan,nan
50.1746,-0.0070,-0.0027,1.1983,-0.1035,0.0685,-0.0188,nan,nan,nan,nan,-0.1922,39.2481,39.7569,-0.0989,nan,nan,nan,nan
50.2071,-0.0070,-0.0026,1.1983,-0.0903,0.0729,-0.0168,nan,nan,nan,nan,-0.2326,39.2538,39.7520,-0.0985,nan,nan,nan,nan
50.2296,-0.0070,-0.0026,1.1983,-0.0903,0.0729,-0.0168,nan,nan,nan,nan,-0.2560,39.2556,39.7501,-0.0996,nan,nan,nan,nan
50.2557,-0.0070,-0.0026,1.1983,-0.0778,0.0767,-0.0156,nan,nan,nan,nan,-0.2659,39.2555,39.7484,-0.0985,nan,nan,nan,nan
50.2779,-0.0070,-0.0026,1.1983,-0.0662,0.0800,-0.0164,nan,nan,nan,nan,-0.2717,39.2551,39.7473,-0.0971,nan,nan,nan,nan
50.3142,-0.0070,-0.0025,1.1983,-0.0556,0.0834,-0.0191,nan,nan,nan,nan,-0.2602,39.2578,39.7473,-0.0981,nan,nan,nan,nan
50.3376,-0.0070,-0.0025,1.1983,-0.0556,0.0834,-0.0191,nan,nan,nan,nan,-0.2431,39.2616,39.7438,-0.1015,nan,nan,nan,nan
50.3583,-0.0070,-0.0025,1.1983,-0.0456,0.0868,-0.0229,nan,nan,nan,nan,-0.2319,39.2633,39.7437,-0.1041,nan,nan,nan,nan
50.3877,-0.0070,-0.0025,1.1983,-0.0354,0.0896,-0.0263,nan,nan,nan,nan,-0.2168,39.2646,39.7450,-0.1065,nan,nan,nan,nan
50.4164,-0.0070,-0.0024,1.1983,-0.0253,0.0918,-0.0297,nan,nan,nan,nan,-0.1937,39.2651,39.7483,-0.1041,nan,nan,nan,nan
50.4386,-0.0070,-0.0024,1.1983,-0.0141,0.0934,-0.0328,nan,nan,nan,nan,-0.1799,39.2627,39.7499,-0.1056,nan,nan,nan,nan
50.4700,-0.0070,-0.0023,1.1983,-0.0024,0.0944,-0.0343,nan,nan,nan,nan,-0.1772,39.2579,39.7508,-0.1122,nan,nan,nan,nan
50.4936,-0.0070,-0.0023,1.1983,-0.0024,0.0944,-0.0343,nan,nan,nan,nan,-0.1749,39.2555,39.7492,-0.1159,nan,nan,nan,nan
50.5166,-0.0070,-0.0023,1.1983,0.0092,0.0953,-0.0361,nan,nan,nan,nan,-0.1736,39.2548,39.7484,-0.1167,nan,nan,nan,nan
50.5386,-0.0069,-0.0023,1.1983,0.0199,0.0959,-0.0385,nan,nan,nan,nan,-0.1608,39.2537,39.7454,-0.1162,nan,nan,nan,nan
50.5678,-0.0069,-0.0022,1.1983,0.0293,0.0964,-0.0425,nan,nan,nan,nan,-0.1318,39.2532,39.7471,-0.1092,nan,nan,nan,nan
50.5973,-0.0069,-0.0022,1.1983,0.0373,0.0965,-0.0468,nan,nan,nan,nan,-0.0950,39.2530,39.7512,-0.1057,nan,nan,nan,nan
50.6339,-0.0068,-0.0022,1.1983,0.0450,0.0957,-0.0514,nan,nan,nan,nan,-0.0557,39.2505,39.7545,-0.1022,nan,nan,nan,nan
50.6576,-0.0068,-0.0022,1.1983,0.0450,0.0957,-0.0514,nan,nan,nan,nan,-0.0230,39.2498,39.7573,-0.0995,nan,nan,nan,nan
50.6824,-0.0068,-0.0022,1.1983,0.0517,0.0947,-0.0562,nan,nan,nan,nan,0.0014,39.2495,39.7601,-0.0978,nan,nan,nan,nan
50.7136,-0.0067,-0.0022,1.1983,0.0568,0.0934,-0.0618,nan,nan,nan,nan,0.0439,39.2501,39.7626,-0.0951,nan,nan,nan,nan
50.7348,-0.0067,-0.0022,1.1983,0.0605,0.0916,-0.0683,nan,nan,nan,nan,0.1093,39.2499,39.7647,-0.0875,nan,nan,nan,nan
50.7631,-0.0066,-0.0021,1.1983,0.0629,0.0894,-0.0744,nan,nan,nan,nan,0.1762,39.2500,39.7614,-0.0790,nan,nan,nan,nan
50.7927,-0.0066,-0.0021,1.1983,0.0645,0.0869,-0.0805,nan,nan,nan,nan,0.2437,39.2526,39.7585,-0.0753,nan,nan,nan,nan
50.8141,-0.0065,-0.0021,1.1983,0.0645,0.0869,-0.0805,nan,nan,nan,nan,0.2925,39.2548,39.7574,-0.0763,nan,nan,nan,nan
50.8378,-0.0065,-0.0021,1.1983,0.0650,0.0838,-0.0856,nan,nan,nan,nan,0.3219,39.2553,39.7566,-0.0766,nan,nan,nan,nan
50.8644,-0.0065,-0.0021,1.1983,0.0654,0.0800,-0.0884,nan,nan,nan,nan,0.3550,39.2551,39.7565,-0.0736,nan,nan,nan,nan
50.8930,-0.0064,-0.0021,1.1983,0.0666,0.0757,-0.0885,nan,nan,nan,nan,0.3713,39.2536,39.7554,-0.0749,nan,nan,nan,nan
50.9142,-0.0063,-0.0021,1.1983,0.0666,0.0757,-0.0885,nan,nan,nan,nan,0.3680,39.2529,39.7540,-0.0744,nan,nan,nan,nan
50.9389,-0.0063,-0.0021,1.1983,0.0682,0.0711,-0.0863,nan,nan,nan,nan,0.3633,39.2519,39.7548,-0.0718,nan,nan,nan,nan
50.9673,-0.0063,-0.0021,1.1983,0.0684,0.0664,-0.0830,nan,nan,nan,nan,0.3560,39.2506,39.7568,-0.0688,nan,nan,nan,nan
51.0004,-0.0062,-0.0021,1.1983,0.0672,0.0619,-0.0799,nan,nan,nan,nan,0.3490,39.2508,39.7578,-0.0630,nan,nan,nan,nan
51.0230,-0.0061,-0.0021,1.1983,0.0644,0.0571,-0.0770,nan,nan,nan,nan,0.3475,39.2502,39.7590,-0.0513,nan,nan,nan,nan
51.0547,-0.0060,-0.0021,1.1983,0.0607,0.0520,-0.0733,nan,nan,nan,nan,0.3409,39.2472,39.7626,-0.0342,nan,nan,nan,nan
51.0767,-0.0059,-0.0021,1.1983,0.0607,0.0520,-0.0733,nan,nan,nan,nan,0.3367,39.2449,39.7654,-0.0214,nan,nan,nan,nan
51.1012,-0.0059,-0.0021,1.1983,0.0558,0.0469,-0.0692,nan,nan,nan,nan,0.3315,39.2432,39.7685,-0.0074,nan,nan,nan,nan
51.1300,-0.0058,-0.0021,1.1983,0.0502,0.0417,-0.0640,nan,nan,nan,nan,0.3136,39.2411,39.7720,0.0239,nan,nan,nan,nan
51.1527,-0.0058,-0.0022,1.1983,0.0502,0.0417,-0.0640,nan,nan,nan,nan,0.3031,39.2414,39.7735,0.0338,nan,nan,nan,nan
51.1767,-0.0057,-0.0022,1.1983,0.0439,0.0368,-0.0586,nan,nan,nan,nan,0.2895,39.2422,39.7773,0.0387,nan,nan,nan,nan
51.1981,-0.0057,-0.0022,1.1983,0.0359,0.0323,-0.0540,nan,nan,nan,nan,0.2817,39.2442,39.7810,0.0427,nan,nan,nan,nan
51.2215,-0.0056,-0.0022,1.1983,0.0359,0.0323,-0.0540,nan,nan,nan,nan,0.2797,39.2469,39.7853,0.0470,nan,nan,nan,nan
51.2417,-0.0055,-0.0022,1.1983,0.0264,0.0279,-0.0499,nan,nan,nan,nan,0.2782,39.2485,39.7875,0.0512,nan,nan,nan,nan
51.2653,-0.0055,-0.0022,1.1983,0.0164,0.0233,-0.0461,nan,nan,nan,nan,0.2766,39.2502,39.7906,0.0583,nan,nan,nan,nan
51.2888,-0.0054,-0.0022,1.1983,0.0049,0.0191,-0.0425,nan,nan,nan,nan,0.2795,39.2529,39.7927,0.0693,nan,nan,nan,nan
51.3237,-0.0053,-0.0023,1.1983,-0.0070,0.0152,-0.0394,nan,nan,nan,nan,0.2838,39.2557,39.7942,0.0786,nan,nan,nan,nan
51.3455,-0.0052,-0.0023,1.1983,-0.0070,0.0152,-0.0394,nan,nan,nan,nan,0.2901,39.2579,39.7927,0.0836,nan,nan,nan,nan
51.3707,-0.0052,-0.0023,1.1983,-0.0197,0.0115,-0.0366,nan,nan,nan,nan,0.2976,39.2588,39.7925,0.0888,nan,nan,nan,nan
51.4035,-0.0051,-0.0023,1.1983,-0.0334,0.0079,-0.0345,nan,nan,nan,nan,0.3112,39.2590,39.7932,0.0976,nan,nan,nan,nan
51.4271,-0.0050,-0.0023,1.1983,-0.0334,0.0079,-0.0345,nan,nan,nan,nan,0.3264,39.2597,39.7932,0.1038,nan,nan,nan,nan
51.4537,-0.0050,-0.0024,1.1983,-0.0473,0.0047,-0.0329,nan,nan,nan,nan,0.3389,39.2618,39.7912,0.1050,nan,nan,nan,nan
51.4780,-0.0049,-0.0024,1.1983,-0.0610,0.0019,-0.0308,nan,nan,nan,nan,0.3506,39.2642,39.7912,0.1072,nan,nan,nan,nan
51.5100,-0.0048,-0.0024,1.1983,-0.0745,-0.0006,-0.0283,nan,nan,nan,nan,0.3593,39.2668,39.7890,0.1099,nan,nan,nan,nan
51.5416,-0.0047,-0.0024,1.1983,-0.0875,-0.0029,-0.0246,nan,nan,nan,nan,0.3592,39.2690,39.7889,0.1042,nan,nan,nan,nan
51.5778,-0.0046,-0.0024,1.1983,-0.0995,-0.0050,-0.0206,nan,nan,nan,nan,0.3516,39.2705,39.7871,0.0932,nan,nan,nan,nan
51.6008,-0.0046,-0.0024,1.1983,-0.0995,-0.0050,-0.0206,nan,nan,nan,nan,0.3480,39.2708,39.7857,0.0887,nan,nan,nan,nan
51.6210,-0.0045,-0.0024,1.1983,-0.1114,-0.0068,-0.0164,nan,nan,nan,nan,0.3431,39.2713,39.7835,0.0863,nan,nan,nan,nan
51.6528,-0.0044,-0.0024,1.1983,-0.1224,-0.0090,-0.0110,nan,nan,nan,nan,0.3213,39.2683,39.7789,0.0854,nan,nan,nan,nan
51.6765,-0.0044,-0.0024,1.1983,-0.1224,-0.0090,-0.0110,nan,nan,nan,nan,0.3057,39.2681,39.7786,0.0858,nan,nan,nan,nan
51.7022,-0.0043,-0.0024,1.1983,-0.1325,-0.0101,-0.0051,nan,nan,nan,nan,0.2815,39.2709,39.7769,0.0841,nan,nan,nan,nan
51.7303,-0.0043,-0.0024,1.1983,-0.1425,-0.0108,0.0001,nan,nan,nan,nan,0.2620,39.2723,39.7748,0.0798,nan,nan,nan,nan
51.7506,-0.0042,-0.0023,1.1983,-0.1425,-0.0108,0.0001,nan,nan,nan,nan,0.2477,39.2733,39.7740,0.0721,nan,nan,nan,nan
51.7745,-0.0042,-0.0023,1.1983,-0.1526,-0.0112,0.0041,nan,nan,nan,nan,0.2380,39.2731,39.7733,0.0666,nan,nan,nan,nan
51.8059,-0.0041,-0.0023,1.1983,-0.1621,-0.0117,0.0088,nan,nan,nan,nan,0.2198,39.2713,39.7708,0.0581,nan,nan,nan,nan
51.8296,-0.0040,-0.0023,1.1983,-0.1621,-0.0117,0.0088,nan,nan,nan,nan,0.1952,39.2703,39.7688,0.0506,nan,nan,nan,nan
51.8548,-0.0040,-0.0022,1.1983,-0.1700,-0.0117,0.0142,nan,nan,nan,nan,0.1740,39.2710,39.7684,0.0459,nan,nan,nan,nan
51.8877,-0.0039,-0.0022,1.1983,-0.1764,-0.0112,0.0204,nan,nan,nan,nan,0.1391,39.2715,39.7692,0.0386,nan,nan,nan,nan
51.9108,-0.0039,-0.0021,1.1983,-0.1764,-0.0112,0.0204,nan,nan,nan,nan,0.1112,39.2689,39.7722,0.0317,nan,nan,nan,nan
51.9329,-0.0038,-0.0021,1.1983,-0.1825,-0.0108,0.0251,nan,nan,nan,nan,0.0968,39.2670,39.7761,0.0239,nan,nan,nan,nan
51.9570,-0.0037,-0.0021,1.1983,-0.1888,-0.0098,0.0277,nan,nan,nan,nan,0.0863,39.2652,39.7810,0.0094,nan,nan,nan,nan
51.9807,-0.0037,-0.0020,1.1983,-0.1888,-0.0098,0.0277,nan,nan,nan,nan,0.0880,39.2648,39.7814,0.0008,nan,nan,nan,nan
52.0065,-0.0036,-0.0020,1.1983,-0.1958,-0.0084,0.0280,nan,nan,nan,nan,0.0963,39.2635,39.7800,-0.0032,nan,nan,nan,nan
52.0387,-0.0036,-0.0019,1.1983,-0.2014,-0.0068,0.0280,nan,nan,nan,nan,0.1018,39.2620,39.7787,-0.0022,nan,nan,nan,nan
52.0590,-0.0035,-0.0019,1.1983,-0.2014,-0.0068,0.0280,nan,nan,nan,nan,0.1055,39.2599,39.7791,-0.0032,nan,nan,nan,nan
52.0815,-0.0035,-0.0018,1.1983,-0.2055,-0.0052,0.0280,nan,nan,nan,nan,0.1069,39.2591,39.7798,-0.0044,nan,nan,nan,nan
52.1132,-0.0034,-0.0017,1.1983,-0.2083,-0.0036,0.0278,nan,nan,nan,nan,0.1110,39.2565,39.7807,-0.0028,nan,nan,nan,nan
52.1419,-0.0033,-0.0016,1.1983,-0.2100,-0.0020,0.0273,nan,nan,nan,nan,0.1175,39.2544,39.7780,-0.0002,nan,nan,nan,nan
52.1641,-0.0033,-0.0016,1.1983,-0.2100,-0.0020,0.0273,nan,nan,nan,nan,0.1221,39.2535,39.7785,0.0036,nan,nan,nan,nan
52.1845,-0.0032,-0.0015,1.1983,-0.2106,-0.0004,0.0257,nan,nan,nan,nan,0.1294,39.2530,39.7773,0.0090,nan,nan,nan,nan
52.2145,-0.0032,-0.0014,1.1983,-0.2105,0.0013,0.0232,nan,nan,nan,nan,0.1499,39.2530,39.7737,0.0209,nan,nan,nan,nan
52.2377,-0.0031,-0.0013,1.1983,-0.2105,0.0013,0.0232,nan,nan,nan,nan,0.1692,39.2528,39.7746,0.0286,nan,nan,nan,nan
52.2586,-0.0031,-0.0012,1.1983,-0.2095,0.0027,0.0203,nan,nan,nan,nan,0.1795,39.2528,39.7779,0.0315,nan,nan,nan,nan
52.2872,-0.0030,-0.0011,1.1983,-0.2068,0.0041,0.0181,nan,nan,nan,nan,0.1918,39.2540,39.7834,0.0342,nan,nan,nan,nan
52.3073,-0.0029,-0.0010,1.1983,-0.2068,0.0041,0.0181,nan,nan,nan,nan,0.1955,39.2566,39.7870,0.0358,nan,nan,nan,nan
52.3320,-0.0029,-0.0009,1.1983,-0.2019,0.0055,0.0170,nan,nan,nan,nan,0.1945,39.2578,39.7875,0.0363,nan,nan,nan,nan
52.3523,-0.0028,-0.0008,1.1983,-0.1950,0.0065,0.0171,nan,nan,nan,nan,0.1833,39.2605,39.7911,0.0397,nan,nan,nan,nan
52.3792,-0.0028,-0.0006,1.1983,-0.1871,0.0072,0.0174,nan,nan,nan,nan,0.1715,39.2632,39.7925,0.0440,nan,nan,nan,nan
52.4028,-0.0027,-0.0005,1.1983,-0.1871,0.0072,0.0174,nan,nan,nan,nan,0.1599,39.2656,39.7890,0.0514,nan,nan,nan,nan
52.4282,-0.0027,-0.0004,1.1983,-0.1777,0.0077,0.0175,nan,nan,nan,nan,0.1561,39.2658,39.7881,0.0545,nan,nan,nan,nan
52.4544,-0.0026,-0.0003,1.1983,-0.1677,0.0080,0.0180,nan,nan,nan,nan,0.1404,39.2674,39.7864,0.0661,nan,nan,nan,nan
52.4777,-0.0025,-0.0001,1.1983,-0.1677,0.0080,0.0180,nan,nan,nan,nan,0.1258,39.2701,39.7855,0.0725,nan,nan,nan,nan
52.4990,-0.0025,-0.0000,1.1983,-0.1561,0.0082,0.0185,nan,nan,nan,nan,0.1206,39.2710,39.7844,0.0731,nan,nan,nan,nan
52.5237,-0.0024,0.0002,1.1983,-0.1432,0.0081,0.0195,nan,nan,nan,nan,0.0943,39.2724,39.7846,0.0744,nan,nan,nan,nan
52.5473,-0.0024,0.0003,1.1983,-0.1432,0.0081,0.0195,nan,nan,nan,nan,0.0714,39.2727,39.7862,0.0722,nan,nan,nan,nan
52.5723,-0.0023,0.0004,1.1983,-0.1296,0.0078,0.0210,nan,nan,nan,nan,0.0640,39.2727,39.7862,0.0710,nan,nan,nan,nan
52.5991,-0.0023,0.0006,1.1983,-0.1159,0.0075,0.0222,nan,nan,nan,nan,0.0365,39.2735,39.7889,0.0688,nan,nan,nan,nan
52.6340,-0.0022,0.0008,1.1983,-0.1022,0.0072,0.0223,nan,nan,nan,nan,0.0188,39.2724,39.7912,0.0679,nan,nan,nan,nan
52.6672,-0.0021,0.0010,1.1983,-0.0886,0.0071,0.0218,nan,nan,nan,nan,0.0061,39.2723,39.7945,0.0607,nan,nan,nan,nan
52.6878,-0.0020,0.0012,1.1983,-0.0886,0.0071,0.0218,nan,nan,nan,nan,0.0009,39.2715,39.7948,0.0597,nan,nan,nan,nan
52.7082,-0.0020,0.0013,1.1983,-0.0749,0.0067,0.0211,nan,nan,nan,nan,-0.0037,39.2698,39.7935,0.0630,nan,nan,nan,nan
52.7407,-0.0019,0.0015,1.1983,-0.0604,0.0064,0.0210,nan,nan,nan,nan,-0.0212,39.2683,39.7899,0.0747,nan,nan,nan,nan
52.7778,-0.0018,0.0018,1.1983,-0.0451,0.0066,0.0212,nan,nan,nan,nan,-0.0436,39.2692,39.7866,0.0774,nan,nan,nan,nan
52.7992,-0.0018,0.0019,1.1983,-0.0451,0.0066,0.0212,nan,nan,nan,nan,-0.0634,39.2693,39.7859,0.0767,nan,nan,nan,nan
52.8227,-0.0017,0.0021,1.1983,-0.0296,0.0069,0.0217,nan,nan,nan,nan,-0.0743,39.2696,39.7863,0.0742,nan,nan,nan,nan
52.8552,-0.0017,0.0022,1.1983,-0.0143,0.0076,0.0216,nan,nan,nan,nan,-0.0893,39.2693,39.7867,0.0723,nan,nan,nan,nan
52.8787,-0.0016,0.0024,1.1983,-0.0143,0.0076,0.0216,nan,nan,nan,nan,-0.1054,39.2688,39.7871,0.0685,nan,nan,nan,nan
52.9006,-0.0016,0.0025,1.1983,0.0012,0.0085,0.0219,nan,nan,nan,nan,-0.1118,39.2688,39.7877,0.0667,nan,nan,nan,nan
52.9311,-0.0015,0.0027,1.1983,0.0171,0.0097,0.0226,nan,nan,nan,nan,-0.1370,39.2684,39.7901,0.0618,nan,nan,nan,nan
52.9644,-0.0014,0.0030,1.1983,0.0322,0.0111,0.0217,nan,nan,nan,nan,-0.1499,39.2681,39.7957,0.0588,nan,nan,nan,nan
53.0018,-0.0013,0.0032,1.1983,0.0466,0.0127,0.0203,nan,nan,nan,nan,-0.1550,39.2674,39.8030,0.0513,nan,nan,nan,nan
53.0278,-0.0012,0.0034,1.1983,0.0619,0.0146,0.0192,nan,nan,nan,nan,-0.1668,39.2696,39.8100,0.0385,nan,nan,nan,nan
53.0547,-0.0012,0.0037,1.1982,0.0772,0.0166,0.0180,nan,nan,nan,nan,-0.1781,39.2725,39.8146,0.0193,nan,nan,nan,nan
53.0754,-0.0011,0.0038,1.1982,0.0772,0.0166,0.0180,nan,nan,nan,nan,-0.1779,39.2748,39.8153,0.0053,nan,nan,nan,nan
53.0990,-0.0010,0.0040,1.1982,0.0911,0.0187,0.0158,nan,nan,nan,nan,-0.1670,39.2764,39.8113,-0.0081,nan,nan,nan,nan
53.1232,-0.0010,0.0041,1.1982,0.1042,0.0208,0.0115,nan,nan,nan,nan,-0.1556,39.2781,39.8094,-0.0131,nan,nan,nan,nan
53.1487,-0.0009,0.0043,1.1982,0.1160,0.0234,0.0064,nan,nan,nan,nan,-0.1223,39.2847,39.8080,-0.0154,nan,nan,nan,nan
53.1710,-0.0008,0.0044,1.1982,0.1160,0.0234,0.0064,nan,nan,nan,nan,-0.0905,39.2887,39.8100,-0.0169,nan,nan,nan,nan
53.1963,-0.0008,0.0045,1.1982,0.1274,0.0259,0.0001,nan,nan,nan,nan,-0.0801,39.2897,39.8099,-0.0165,nan,nan,nan,nan
53.2244,-0.0007,0.0047,1.1982,0.1379,0.0277,-0.0057,nan,nan,nan,nan,-0.0372,39.2916,39.8104,-0.0165,nan,nan,nan,nan
53.2448,-0.0006,0.0048,1.1982,0.1379,0.0277,-0.0057,nan,nan,nan,nan,-0.0156,39.2912,39.8113,-0.0141,nan,nan,nan,nan
53.2699,-0.0006,0.0049,1.1982,0.1480,0.0291,-0.0111,nan,nan,nan,nan,0.0162,39.2920,39.8120,-0.0139,nan,nan,nan,nan
53.3025,-0.0005,0.0050,1.1982,0.1576,0.0305,-0.0163,nan,nan,nan,nan,0.0455,39.2940,39.8107,-0.0181,nan,nan,nan,nan
53.3259,-0.0005,0.0052,1.1982,0.1576,0.0305,-0.0163,nan,nan,nan,nan,0.0715,39.2959,39.8098,-0.0221,nan,nan,nan,nan
53.3466,-0.0004,0.0053,1.1982,0.1673,0.0316,-0.0208,nan,nan,nan,nan,0.0876,39.2970,39.8095,-0.0243,nan,nan,nan,nan
53.3709,-0.0003,0.0054,1.1982,0.1769,0.0318,-0.0245,nan,nan,nan,nan,0.1069,39.2969,39.8086,-0.0245,nan,nan,nan,nan
53.3919,-0.0003,0.0055,1.1982,0.1769,0.0318,-0.0245,nan,nan,nan,nan,0.1164,39.2975,39.8082,-0.0261,nan,nan,nan,nan
53.4124,-0.0002,0.0056,1.1982,0.1863,0.0317,-0.0270,nan,nan,nan,nan,0.1233,39.2991,39.8083,-0.0307,nan,nan,nan,nan
53.4404,-0.0002,0.0057,1.1982,0.1947,0.0317,-0.0284,nan,nan,nan,nan,0.1338,39.3045,39.8068,-0.0358,nan,nan,nan,nan
53.4711,-0.0001,0.0058,1.1982,0.2019,0.0312,-0.0299,nan,nan,nan,nan,0.1472,39.3067,39.8071,-0.0379,nan,nan,nan,nan
53.4988,0.0000,0.0060,1.1982,0.2080,0.0303,-0.0312,nan,nan,nan,nan,0.1615,39.3064,39.8083,-0.0334,nan,nan,nan,nan
53.5223,0.0001,0.0061,1.1981,0.2080,0.0303,-0.0312,nan,nan,nan,nan,0.1677,39.3064,39.8076,-0.0260,nan,nan,nan,nan
53.5458,0.0002,0.0061,1.1981,0.2136,0.0293,-0.0319,nan,nan,nan,nan,0.1702,39.3064,39.8070,-0.0214,nan,nan,nan,nan
53.5737,0.0002,0.0062,1.1981,0.2179,0.0284,-0.0317,nan,nan,nan,nan,0.1723,39.3059,39.8065,-0.0185,nan,nan,nan,nan
53.5973,0.0003,0.0063,1.1981,0.2179,0.0284,-0.0317,nan,nan,nan,nan,0.1709,39.3050,39.8071,-0.0200,nan,nan,nan,nan
53.6202,0.0004,0.0063,1.1981,0.2218,0.0274,-0.0306,nan,nan,nan,nan,0.1675,39.3039,39.8081,-0.0200,nan,nan,nan,nan
53.6462,0.0005,0.0064,1.1981,0.2253,0.0266,-0.0286,nan,nan,nan,nan,0.1521,39.3019,39.8125,-0.0192,nan,nan,nan,nan
53.6701,0.0005,0.0065,1.1981,0.2253,0.0266,-0.0286,nan,nan,nan,nan,0.1315,39.2995,39.8155,-0.0110,nan,nan,nan,nan
53.6949,0.0006,0.0065,1.1981,0.2287,0.0257,-0.0250,nan,nan,nan,nan,0.1117,39.2985,39.8176,-0.0045,nan,nan,nan,nan
53.7281,0.0007,0.0066,1.1981,0.2317,0.0253,-0.0196,nan,nan,nan,nan,0.0773,39.2989,39.8194,0.0023,nan,nan,nan,nan
53.7658,0.0008,0.0067,1.1981,0.2333,0.0248,-0.0142,nan,nan,nan,nan,0.0344,39.2989,39.8185,0.0126,nan,nan,nan,nan
53.8034,0.0009,0.0067,1.1981,0.2332,0.0247,-0.0099,nan,nan,nan,nan,0.0018,39.2997,39.8214,0.0182,nan,nan,nan,nan
53.8237,0.0010,0.0068,1.1981,0.2332,0.0247,-0.0099,nan,nan,nan,nan,-0.0157,39.3023,39.8249,0.0187,nan,nan,nan,nan
53.8501,0.0011,0.0068,1.1981,0.2312,0.0248,-0.0065,nan,nan,nan,nan,-0.0237,39.3041,39.8292,0.0181,nan,nan,nan,nan
53.8741,0.0011,0.0068,1.1981,0.2272,0.0250,-0.0049,nan,nan,nan,nan,-0.0242,39.3048,39.8308,0.0188,nan,nan,nan,nan
53.9056,0.0012,0.0068,1.1981,0.2213,0.0252,-0.0048,nan,nan,nan,nan,-0.0131,39.3058,39.8337,0.0217,nan,nan,nan,nan
53.9416,0.0013,0.0068,1.1981,0.2141,0.0252,-0.0045,nan,nan,nan,nan,-0.0013,39.3067,39.8377,0.0169,nan,nan,nan,nan
53.9751,0.0014,0.0068,1.1981,0.2064,0.0250,-0.0035,nan,nan,nan,nan,0.0026,39.3072,39.8424,0.0063,nan,nan,nan,nan
54.0020,0.0016,0.0068,1.1981,0.1985,0.0247,-0.0023,nan,nan,nan,nan,0.0019,39.3086,39.8451,-0.0010,nan,nan,nan,nan
54.0305,0.0017,0.0068,1.1981,0.1900,0.0239,-0.0007,nan,nan,nan,nan,-0.0019,39.3085,39.8483,-0.0052,nan,nan,nan,nan
54.0535,0.0018,0.0068,1.1981,0.1900,0.0239,-0.0007,nan,nan,nan,nan,-0.0063,39.3081,39.8489,-0.0083,nan,nan,nan,nan
54.0780,0.0018,0.0068,1.1981,0.1811,0.0228,0.0018,nan,nan,nan,nan,-0.0261,39.3069,39.8477,-0.0146,nan,nan,nan,nan
54.1057,0.0019,0.0068,1.1981,0.1731,0.0210,0.0056,nan,nan,nan,nan,-0.0520,39.3051,39.8472,-0.0149,nan,nan,nan,nan
54.1339,0.0020,0.0067,1.1981,0.1655,0.0189,0.0113,nan,nan,nan,nan,-0.0854,39.3041,39.8445,-0.0147,nan,nan,nan,nan
54.1613,0.0021,0.0067,1.1981,0.1655,0.0189,0.0113,nan,nan,nan,nan,-0.1097,39.3039,39.8430,-0.0147,nan,nan,nan,nan
54.1886,0.0022,0.0067,1.1981,0.1581,0.0166,0.0173,nan,nan,nan,nan,-0.1340,39.3044,39.8424,-0.0116,nan,nan,nan,nan
54.2217,0.0023,0.0066,1.1981,0.1494,0.0145,0.0212,nan,nan,nan,nan,-0.1659,39.3074,39.8364,-0.0046,nan,nan,nan,nan
54.2471,0.0023,0.0066,1.1981,0.1494,0.0145,0.0212,nan,nan,nan,nan,-0.1716,39.3092,39.8345,-0.0014,nan,nan,nan,nan
54.2733,0.0024,0.0066,1.1981,0.1387,0.0121,0.0226,nan,nan,nan,nan,-0.1719,39.3097,39.8345,-0.0012,nan,nan,nan,nan
54.3055,0.0025,0.0065,1.1981,0.1273,0.0095,0.0229,nan,nan,nan,nan,-0.1658,39.3128,39.8344,-0.0086,nan,nan,nan,nan
54.3328,0.0026,0.0064,1.1981,0.1155,0.0067,0.0219,nan,nan,nan,nan,-0.1510,39.3161,39.8303,-0.0187,nan,nan,nan,nan
54.3569,0.0027,0.0064,1.1981,0.1037,0.0036,0.0203,nan,nan,nan,nan,-0.1317,39.3163,39.8237,-0.0300,nan,nan,nan,nan
54.3910,0.0028,0.0063,1.1981,0.0921,0.0006,0.0190,nan,nan,nan,nan,-0.1126,39.3190,39.8220,-0.0386,nan,nan,nan,nan
54.4148,0.0029,0.0062,1.1981,0.0921,0.0006,0.0190,nan,nan,nan,nan,-0.1028,39.3201,39.8220,-0.0472,nan,nan,nan,nan
54.4358,0.0030,0.0062,1.1981,0.0815,-0.0025,0.0181,nan,nan,nan,nan,-0.0998,39.3210,39.8233,-0.0550,nan,nan,nan,nan
54.4575,0.0031,0.0061,1.1981,0.0718,-0.0058,0.0181,nan,nan,nan,nan,-0.0989,39.3208,39.8245,-0.0658,nan,nan,nan,nan
54.4866,0.0032,0.0060,1.1981,0.0623,-0.0091,0.0183,nan,nan,nan,nan,-0.0979,39.3213,39.8213,-0.0720,nan,nan,nan,nan
54.5128,0.0033,0.0059,1.1981,0.0534,-0.0128,0.0185,nan,nan,nan,nan,-0.0996,39.3194,39.8188,-0.0713,nan,nan,nan,nan
54.5365,0.0034,0.0058,1.1981,0.0534,-0.0128,0.0185,nan,nan,nan,nan,-0.1030,39.3180,39.8191,-0.0680,nan,nan,nan,nan
54.5620,0.0035,0.0058,1.1981,0.0455,-0.0164,0.0187,nan,nan,nan,nan,-0.1058,39.3154,39.8217,-0.0670,nan,nan,nan,nan
54.5836,0.0036,0.0057,1.1981,0.0371,-0.0201,0.0180,nan,nan,nan,nan,-0.1033,39.3133,39.8215,-0.0691,nan,nan,nan,nan
54.6076,0.0037,0.0056,1.1981,0.0288,-0.0239,0.0164,nan,nan,nan,nan,-0.0951,39.3084,39.8198,-0.0755,nan,nan,nan,nan
54.6376,0.0038,0.0055,1.1981,0.0206,-0.0274,0.0144,nan,nan,nan,nan,-0.0833,39.3053,39.8227,-0.0801,nan,nan,nan,nan
54.6654,0.0039,0.0054,1.1981,0.0129,-0.0307,0.0138,nan,nan,nan,nan,-0.0810,39.3021,39.8268,-0.0789,nan,nan,nan,nan
54.6900,0.0040,0.0053,1.1982,0.0056,-0.0339,0.0133,nan,nan,nan,nan,-0.0783,39.2984,39.8340,-0.0788,nan,nan,nan,nan
54.7117,0.0041,0.0052,1.1982,0.0056,-0.0339,0.0133,nan,nan,nan,nan,-0.0663,39.2978,39.8369,-0.0783,nan,nan,nan,nan
54.7356,0.0041,0.0052,1.1982,-0.0019,-0.0366,0.0113,nan,nan,nan,nan,-0.0620,39.2980,39.8373,-0.0783,nan,nan,nan,nan
54.7652,0.0042,0.0051,1.1982,-0.0090,-0.0392,0.0095,nan,nan,nan,nan,-0.0476,39.2971,39.8397,-0.0742,nan,nan,nan,nan
54.7926,0.0043,0.0050,1.1982,-0.0148,-0.0414,0.0082,nan,nan,nan,nan,-0.0403,39.2988,39.8402,-0.0625,nan,nan,nan,nan
54.8165,0.0044,0.0049,1.1982,-0.0148,-0.0414,0.0082,nan,nan,nan,nan,-0.0356,39.2999,39.8411,-0.0528,nan,nan,nan,nan
54.8370,0.0045,0.0049,1.1982,-0.0205,-0.0436,0.0066,nan,nan,nan,nan,-0.0292,39.3013,39.8423,-0.0415,nan,nan,nan,nan
54.8620,0.0045,0.0048,1.1982,-0.0264,-0.0456,0.0040,nan,nan,nan,nan,-0.0081,39.3039,39.8458,-0.0255,nan,nan,nan,nan
54.8897,0.0046,0.0047,1.1982,-0.0322,-0.0480,0.0009,nan,nan,nan,nan,0.0180,39.3020,39.8494,-0.0188,nan,nan,nan,nan
54.9147,0.0047,0.0046,1.1982,-0.0379,-0.0502,-0.0021,nan,nan,nan,nan,0.0448,39.3015,39.8516,-0.0161,nan,nan,nan,nan
54.9436,0.0048,0.0045,1.1982,-0.0430,-0.0521,-0.0045,nan,nan,nan,nan,0.0686,39.3032,39.8526,-0.0171,nan,nan,nan,nan
54.9716,0.0049,0.0044,1.1982,-0.0472,-0.0541,-0.0070,nan,nan,nan,nan,0.0894,39.3032,39.8530,-0.0166,nan,nan,nan,nan
54.9989,0.0050,0.0043,1.1982,-0.0511,-0.0565,-0.0089,nan,nan,nan,nan,0.1080,39.3006,39.8500,-0.0202,nan,nan,nan,nan
55.0213,0.0051,0.0042,1.1982,-0.0511,-0.0565,-0.0089,nan,nan,nan,nan,0.1142,39.2990,39.8464,-0.0231,nan,nan,nan,nan
55.0450,0.0051,0.0042,1.1982,-0.0541,-0.0593,-0.0098,nan,nan,nan,nan,0.1179,39.2964,39.8406,-0.0281,nan,nan,nan,nan
55.0657,0.0052,0.0041,1.1982,-0.0562,-0.0620,-0.0099,nan,nan,nan,nan,0.1186,39.2949,39.8362,-0.0321,nan,nan,nan,nan
55.1003,0.0052,0.0041,1.1982,-0.0581,-0.0651,-0.0099,nan,nan,nan,nan,0.1212,39.2901,39.8299,-0.0320,nan,nan,nan,nan
55.1280,0.0053,0.0040,1.1982,-0.0599,-0.0681,-0.0100,nan,nan,nan,nan,0.1270,39.2862,39.8254,-0.0341,nan,nan,nan,nan
55.1613,0.0054,0.0039,1.1982,-0.0616,-0.0707,-0.0101,nan,nan,nan,nan,0.1344,39.2855,39.8244,-0.0281,nan,nan,nan,nan
55.1847,0.0055,0.0038,1.1982,-0.0633,-0.0731,-0.0101,nan,nan,nan,nan,0.1421,39.2851,39.8227,-0.0290,nan,nan,nan,nan
55.2050,0.0055,0.0038,1.1982,-0.0633,-0.0731,-0.0101,nan,nan,nan,nan,0.1476,39.2847,39.8209,-0.0335,nan,nan,nan,nan
55.2288,0.0055,0.0037,1.1982,-0.0650,-0.0755,-0.0101,nan,nan,nan,nan,0.1520,39.2853,39.8196,-0.0379,nan,nan,nan,nan
55.2599,0.0056,0.0037,1.1982,-0.0664,-0.0778,-0.0097,nan,nan,nan,nan,0.1574,39.2855,39.8221,-0.0445,nan,nan,nan,nan
55.2800,0.0056,0.0036,1.1983,-0.0664,-0.0778,-0.0097,nan,nan,nan,nan,0.1574,39.2851,39.8245,-0.0437,nan,nan,nan,nan
55.3015,0.0057,0.0036,1.1983,-0.0666,-0.0799,-0.0087,nan,nan,nan,nan,0.1542,39.2860,39.8261,-0.0402,nan,nan,nan,nan
55.3260,0.0057,0.0036,1.1983,-0.0666,-0.0817,-0.0072,nan,nan,nan,nan,0.1489,39.2871,39.8242,-0.0399,nan,nan,nan,nan
55.3519,0.0058,0.0035,1.1983,-0.0661,-0.0832,-0.0047,nan,nan,nan,nan,0.1364,39.2889,39.8219,-0.0410,nan,nan,nan,nan
55.3807,0.0058,0.0035,1.1983,-0.0648,-0.0847,-0.0023,nan,nan,nan,nan,0.1179,39.2892,39.8247,-0.0406,nan,nan,nan,nan
55.4086,0.0059,0.0034,1.1983,-0.0642,-0.0856,-0.0003,nan,nan,nan,nan,0.1078,39.2912,39.8240,-0.0340,nan,nan,nan,nan
55.4419,0.0059,0.0034,1.1983,-0.0641,-0.0862,0.0003,nan,nan,nan,nan,0.1119,39.2933,39.8208,-0.0290,nan,nan,nan,nan
55.4736,0.0059,0.0033,1.1983,-0.0641,-0.0868,0.0007,nan,nan,nan,nan,0.1192,39.2936,39.8160,-0.0272,nan,nan,nan,nan
55.4945,0.0060,0.0033,1.1983,-0.0641,-0.0868,0.0007,nan,nan,nan,nan,0.1228,39.2934,39.8160,-0.0338,nan,nan,nan,nan
55.5221,0.0060,0.0033,1.1983,-0.0638,-0.0870,0.0015,nan,nan,nan,nan,0.1254,39.2921,39.8168,-0.0419,nan,nan,nan,nan
55.5430,0.0060,0.0032,1.1983,-0.0631,-0.0870,0.0025,nan,nan,nan,nan,0.1268,39.2901,39.8177,-0.0498,nan,nan,nan,nan
55.5776,0.0060,0.0032,1.1983,-0.0614,-0.0866,0.0034,nan,nan,nan,nan,0.1252,39.2881,39.8173,-0.0544,nan,nan,nan,nan
55.6014,0.0060,0.0032,1.1983,-0.0614,-0.0866,0.0034,nan,nan,nan,nan,0.1240,39.2864,39.8171,-0.0529,nan,nan,nan,nan
55.6246,0.0060,0.0032,1.1983,-0.0596,-0.0858,0.0048,nan,nan,nan,nan,0.1196,39.2849,39.8173,-0.0476,nan,nan,nan,nan
55.6457,0.0061,0.0031,1.1983,-0.0574,-0.0847,0.0066,nan,nan,nan,nan,0.1173,39.2817,39.8225,-0.0419,nan,nan,nan,nan
55.6678,0.0061,0.0031,1.1983,-0.0557,-0.0832,0.0070,nan,nan,nan,nan,0.1222,39.2805,39.8259,-0.0402,nan,nan,nan,nan
55.7046,0.0061,0.0031,1.1983,-0.0541,-0.0815,0.0063,nan,nan,nan,nan,0.1369,39.2778,39.8316,-0.0437,nan,nan,nan,nan
55.7405,0.0061,0.0031,1.1983,-0.0523,-0.0795,0.0058,nan,nan,nan,nan,0.1504,39.2742,39.8371,-0.0453,nan,nan,nan,nan
55.7648,0.0061,0.0031,1.1983,-0.0523,-0.0795,0.0058,nan,nan,nan,nan,0.1523,39.2727,39.8377,-0.0476,nan,nan,nan,nan
55.7857,0.0061,0.0030,1.1983,-0.0493,-0.0772,0.0067,nan,nan,nan,nan,0.1466,39.2709,39.8382,-0.0515,nan,nan,nan,nan
55.8179,0.0061,0.0030,1.1983,-0.0454,-0.0744,0.0087,nan,nan,nan,nan,0.1369,39.2705,39.8374,-0.0541,nan,nan,nan,nan
55.8452,0.0061,0.0030,1.1983,-0.0414,-0.0712,0.0108,nan,nan,nan,nan,0.1233,39.2715,39.8283,-0.0601,nan,nan,nan,nan
55.8709,0.0061,0.0030,1.1983,-0.0374,-0.0673,0.0124,nan,nan,nan,nan,0.1141,39.2741,39.8204,-0.0673,nan,nan,nan,nan
55.8972,0.0061,0.0030,1.1983,-0.0338,-0.0631,0.0126,nan,nan,nan,nan,0.1151,39.2759,39.8181,-0.0698,nan,nan,nan,nan
55.9183,0.0060,0.0030,1.1983,-0.0338,-0.0631,0.0126,nan,nan,nan,nan,0.1197,39.2762,39.8177,-0.0670,nan,nan,nan,nan
55.9414,0.0060,0.0030,1.1983,-0.0303,-0.0588,0.0123,nan,nan,nan,nan,0.1212,39.2764,39.8179,-0.0664,nan,nan,nan,nan
55.9643,0.0060,0.0030,1.1983,-0.0262,-0.0543,0.0129,nan,nan,nan,nan,0.1206,39.2781,39.8175,-0.0628,nan,nan,nan,nan
55.9985,0.0060,0.0030,1.1983,-0.0219,-0.0495,0.0141,nan,nan,nan,nan,0.1155,39.2779,39.8136,-0.0585,nan,nan,nan,nan
56.0226,0.0060,0.0030,1.1983,-0.0219,-0.0495,0.0141,nan,nan,nan,nan,0.1121,39.2779,39.8083,-0.0585,nan,nan,nan,nan
56.0443,0.0060,0.0030,1.1983,-0.0175,-0.0446,0.0151,nan,nan,nan,nan,0.1113,39.2783,39.8074,-0.0591,nan,nan,nan,nan
56.0653,0.0060,0.0030,1.1983,-0.0130,-0.0393,0.0160,nan,nan,nan,nan,0.1092,39.2810,39.8105,-0.0605,nan,nan,nan,nan
56.0925,0.0059,0.0030,1.1983,-0.0088,-0.0343,0.0162,nan,nan,nan,nan,0.1131,39.2820,39.8142,-0.0617,nan,nan,nan,nan
56.1242,0.0059,0.0029,1.1983,-0.0059,-0.0294,0.0142,nan,nan,nan,nan,0.1356,39.2804,39.8120,-0.0592,nan,nan,nan,nan
56.1470,0.0059,0.0029,1.1983,-0.0059,-0.0294,0.0142,nan,nan,nan,nan,0.1606,39.2787,39.8062,-0.0568,nan,nan,nan,nan
56.1709,0.0059,0.0029,1.1983,-0.0039,-0.0248,0.0113,nan,nan,nan,nan,0.1693,39.2783,39.8051,-0.0562,nan,nan,nan,nan
56.1928,0.0058,0.0029,1.1983,-0.0021,-0.0203,0.0081,nan,nan,nan,nan,0.2059,39.2775,39.8022,-0.0553,nan,nan,nan,nan
56.2154,0.0058,0.0029,1.1983,-0.0004,-0.0155,0.0053,nan,nan,nan,nan,0.2384,39.2786,39.8031,-0.0536,nan,nan,nan,nan
56.2487,0.0058,0.0029,1.1983,0.0020,-0.0108,0.0046,nan,nan,nan,nan,0.2542,39.2817,39.8034,-0.0561,nan,nan,nan,nan
56.2772,0.0058,0.0029,1.1983,0.0057,-0.0067,0.0054,nan,nan,nan,nan,0.2499,39.2850,39.8015,-0.0649,nan,nan,nan,nan
56.3036,0.0057,0.0029,1.1983,0.0097,-0.0031,0.0078,nan,nan,nan,nan,0.2323,39.2882,39.8030,-0.0685,nan,nan,nan,nan
56.3359,0.0057,0.0029,1.1983,0.0136,-0.0000,0.0106,nan,nan,nan,nan,0.2111,39.2893,39.8082,-0.0739,nan,nan,nan,nan
56.3624,0.0057,0.0029,1.1983,0.0175,0.0026,0.0133,nan,nan,nan,nan,0.1898,39.2882,39.8112,-0.0795,nan,nan,nan,nan
56.3878,0.0056,0.0029,1.1983,0.0204,0.0046,0.0150,nan,nan,nan,nan,0.1781,39.2855,39.8145,-0.0756,nan,nan,nan,nan
56.4197,0.0056,0.0029,1.1983,0.0227,0.0059,0.0165,nan,nan,nan,nan,0.1700,39.2801,39.8163,-0.0676,nan,nan,nan,nan
56.4489,0.0056,0.0029,1.1983,0.0250,0.0067,0.0183,nan,nan,nan,nan,0.1600,39.2746,39.8144,-0.0544,nan,nan,nan,nan
56.4786,0.0056,0.0029,1.1983,0.0269,0.0072,0.0192,nan,nan,nan,nan,0.1551,39.2717,39.8110,-0.0462,nan,nan,nan,nan
56.5144,0.0055,0.0028,1.1983,0.0282,0.0075,0.0196,nan,nan,nan,nan,0.1550,39.2714,39.8118,-0.0457,nan,nan,nan,nan
56.5388,0.0055,0.0028,1.1983,0.0286,0.0072,0.0199,nan,nan,nan,nan,0.1596,39.2706,39.8072,-0.0450,nan,nan,nan,nan
56.5597,0.0055,0.0028,1.1983,0.0287,0.0064,0.0198,nan,nan,nan,nan,0.1662,39.2681,39.8033,-0.0485,nan,nan,nan,nan
56.5815,0.0055,0.0028,1.1983,0.0291,0.0051,0.0207,nan,nan,nan,nan,0.1646,39.2672,39.8007,-0.0613,nan,nan,nan,nan
56.6108,0.0054,0.0028,1.1983,0.0305,0.0035,0.0220,nan,nan,nan,nan,0.1526,39.2660,39.8006,-0.0704,nan,nan,nan,nan
56.6320,0.0054,0.0028,1.1983,0.0325,0.0015,0.0247,nan,nan,nan,nan,0.1288,39.2665,39.8001,-0.0740,nan,nan,nan,nan
56.6577,0.0054,0.0028,1.1983,0.0347,-0.0009,0.0286,nan,nan,nan,nan,0.0958,39.2657,39.8010,-0.0702,nan,nan,nan,nan
56.6914,0.0054,0.0028,1.1983,0.0367,-0.0031,0.0320,nan,nan,nan,nan,0.0647,39.2663,39.8032,-0.0677,nan,nan,nan,nan
56.7242,0.0053,0.0027,1.1983,0.0385,-0.0053,0.0343,nan,nan,nan,nan,0.0410,39.2665,39.8045,-0.0673,nan,nan,nan,nan
56.7515,0.0053,0.0027,1.1983,0.0399,-0.0073,0.0358,nan,nan,nan,nan,0.0227,39.2674,39.8036,-0.0674,nan,nan,nan,nan
56.7787,0.0053,0.0027,1.1983,0.0412,-0.0095,0.0372,nan,nan,nan,nan,0.0047,39.2681,39.8027,-0.0736,nan,nan,nan,nan
56.8059,0.0053,0.0027,1.1982,0.0425,-0.0120,0.0386,nan,nan,nan,nan,-0.0129,39.2659,39.7986,-0.0830,nan,nan,nan,nan
56.8367,0.0052,0.0027,1.1982,0.0445,-0.0147,0.0413,nan,nan,nan,nan,-0.0421,39.2619,39.7944,-0.0850,nan,nan,nan,nan
56.8686,0.0052,0.0026,1.1982,0.0480,-0.0175,0.0450,nan,nan,nan,nan,-0.0855,39.2576,39.7933,-0.0839,nan,nan,nan,nan
56.8923,0.0052,0.0026,1.1982,0.0480,-0.0175,0.0450,nan,nan,nan,nan,-0.1059,39.2543,39.7933,-0.0850,nan,nan,nan,nan
56.9161,0.0052,0.0026,1.1982,0.0516,-0.0203,0.0480,nan,nan,nan,nan,-0.1233,39.2513,39.7947,-0.0879,nan,nan,nan,nan
56.9367,0.0052,0.0026,1.1982,0.0538,-0.0223,0.0497,nan,nan,nan,nan,-0.1440,39.2484,39.7963,-0.0947,nan,nan,nan,nan
56.9649,0.0051,0.0025,1.1982,0.0558,-0.0238,0.0498,nan,nan,nan,nan,-0.1521,39.2486,39.7952,-0.1030,nan,nan,nan,nan
56.9943,0.0051,0.0025,1.1982,0.0575,-0.0251,0.0488,nan,nan,nan,nan,-0.1505,39.2481,39.7884,-0.1037,nan,nan,nan,nan
57.0261,0.0051,0.0025,1.1982,0.0592,-0.0262,0.0474,nan,nan,nan,nan,-0.1461,39.2477,39.7810,-0.1008,nan,nan,nan,nan
57.0490,0.0050,0.0024,1.1982,0.0592,-0.0262,0.0474,nan,nan,nan,nan,-0.1467,39.2483,39.7782,-0.0968,nan,nan,nan,nan
57.0709,0.0050,0.0024,1.1982,0.0615,-0.0269,0.0467,nan,nan,nan,nan,-0.1452,39.2513,39.7731,-0.0913,nan,nan,nan,nan
57.0936,0.0050,0.0023,1.1982,0.0635,-0.0271,0.0450,nan,nan,nan,nan,-0.1343,39.2575,39.7726,-0.0902,nan,nan,nan,nan
57.1156,0.0049,0.0023,1.1982,0.0654,-0.0273,0.0429,nan,nan,nan,nan,-0.1277,39.2601,39.7761,-0.0875,nan,nan,nan,nan
57.1481,0.0049,0.0023,1.1982,0.0675,-0.0275,0.0409,nan,nan,nan,nan,-0.1199,39.2633,39.7809,-0.0826,nan,nan,nan,nan
57.1733,0.0049,0.0022,1.1982,0.0693,-0.0280,0.0382,nan,nan,nan,nan,-0.1057,39.2660,39.7851,-0.0779,nan,nan,nan,nan
57.2000,0.0048,0.0021,1.1982,0.0706,-0.0287,0.0344,nan,nan,nan,nan,-0.0825,39.2656,39.7862,-0.0811,nan,nan,nan,nan
57.2302,0.0048,0.0021,1.1982,0.0714,-0.0298,0.0307,nan,nan,nan,nan,-0.0561,39.2636,39.7853,-0.0842,nan,nan,nan,nan
57.2544,0.0048,0.0020,1.1982,0.0718,-0.0307,0.0269,nan,nan,nan,nan,-0.0249,39.2608,39.7889,-0.0881,nan,nan,nan,nan
57.2776,0.0047,0.0019,1.1982,0.0718,-0.0307,0.0269,nan,nan,nan,nan,-0.0075,39.2594,39.7898,-0.0865,nan,nan,nan,nan
57.2993,0.0047,0.0019,1.1981,0.0725,-0.0314,0.0240,nan,nan,nan,nan,-0.0004,39.2593,39.7903,-0.0869,nan,nan,nan,nan
57.3248,0.0047,0.0018,1.1981,0.0743,-0.0318,0.0227,nan,nan,nan,nan,-0.0011,39.2586,39.7925,-0.0897,nan,nan,nan,nan
57.3466,0.0046,0.0017,1.1981,0.0763,-0.0323,0.0226,nan,nan,nan,nan,-0.0061,39.2552,39.7920,-0.0897,nan,nan,nan,nan
57.3729,0.0046,0.0017,1.1981,0.0779,-0.0323,0.0220,nan,nan,nan,nan,-0.0074,39.2535,39.7931,-0.0857,nan,nan,nan,nan
57.4059,0.0045,0.0016,1.1981,0.0791,-0.0317,0.0213,nan,nan,nan,nan,-0.0080,39.2524,39.7953,-0.0705,nan,nan,nan,nan
57.4341,0.0045,0.0015,1.1981,0.0794,-0.0311,0.0209,nan,nan,nan,nan,-0.0061,39.2485,39.8004,-0.0602,nan,nan,nan,nan
57.4579,0.0045,0.0014,1.1981,0.0794,-0.0311,0.0209,nan,nan,nan,nan,-0.0024,39.2469,39.8021,-0.0569,nan,nan,nan,nan
57.4796,0.0044,0.0014,1.1981,0.0793,-0.0297,0.0200,nan,nan,nan,nan,-0.0002,39.2475,39.8037,-0.0573,nan,nan,nan,nan
57.5110,0.0044,0.0013,1.1981,0.0793,-0.0279,0.0196,nan,nan,nan,nan,-0.0010,39.2469,39.8080,-0.0598,nan,nan,nan,nan
57.5461,0.0043,0.0012,1.1981,0.0793,-0.0260,0.0205,nan,nan,nan,nan,-0.0125,39.2453,39.8136,-0.0668,nan,nan,nan,nan
57.5719,0.0043,0.0011,1.1981,0.0793,-0.0240,0.0219,nan,nan,nan,nan,-0.0293,39.2424,39.8164,-0.0687,nan,nan,nan,nan
57.5946,0.0042,0.0011,1.1981,0.0793,-0.0240,0.0219,nan,nan,nan,nan,-0.0402,39.2414,39.8161,-0.0679,nan,nan,nan,nan
57.6147,0.0042,0.0010,1.1981,0.0791,-0.0216,0.0229,nan,nan,nan,nan,-0.0477,39.2405,39.8114,-0.0641,nan,nan,nan,nan
57.6374,0.0041,0.0009,1.1981,0.0779,-0.0189,0.0231,nan,nan,nan,nan,-0.0493,39.2403,39.8091,-0.0594,nan,nan,nan,nan
57.6604,0.0041,0.0008,1.1981,0.0760,-0.0157,0.0225,nan,nan,nan,nan,-0.0435,39.2417,39.8083,-0.0525,nan,nan,nan,nan
57.6826,0.0041,0.0007,1.1981,0.0732,-0.0123,0.0213,nan,nan,nan,nan,-0.0351,39.2413,39.8076,-0.0529,nan,nan,nan,nan
57.7059,0.0040,0.0006,1.1981,0.0732,-0.0123,0.0213,nan,nan,nan,nan,-0.0227,39.2411,39.8060,-0.0606,nan,nan,nan,nan
57.7260,0.0040,0.0006,1.1981,0.0695,-0.0089,0.0195,nan,nan,nan,nan,-0.0142,39.2408,39.8058,-0.0689,nan,nan,nan,nan
57.7573,0.0039,0.0005,1.1981,0.0656,-0.0054,0.0181,nan,nan,nan,nan,-0.0056,39.2402,39.8062,-0.0770,nan,nan,nan,nan
57.7799,0.0039,0.0004,1.1981,0.0656,-0.0054,0.0181,nan,nan,nan,nan,-0.0013,39.2408,39.8063,-0.0793,nan,nan,nan,nan
57.8027,0.0039,0.0003,1.1981,0.0617,-0.0013,0.0172,nan,nan,nan,nan,0.0059,39.2445,39.8060,-0.0804,nan,nan,nan,nan
57.8243,0.0038,0.0002,1.1980,0.0575,0.0032,0.0158,nan,nan,nan,nan,0.0154,39.2498,39.8041,-0.0803,nan,nan,nan,nan
57.8545,0.0038,0.0001,1.1980,0.0535,0.0076,0.0151,nan,nan,nan,nan,0.0222,39.2561,39.8018,-0.0826,nan,nan,nan,nan
57.8873,0.0037,-0.0000,1.1980,0.0497,0.0089,0.0152,nan,nan,nan,nan,0.0219,39.2390,39.7969,-0.0873,nan,nan,nan,nan
57.9153,0.0037,-0.0002,1.1981,0.0476,-0.0206,0.0151,nan,nan,nan,nan,0.0185,38.9673,39.7532,-0.0892,nan,nan,nan,nan
57.9430,0.0036,-0.0003,1.1983,0.0467,-0.0878,0.0143,nan,nan,nan,nan,0.0202,38.3887,39.6790,-0.0867,nan,nan,nan,nan
57.9676,0.0036,-0.0004,1.1986,0.0474,-0.1874,0.0131,nan,nan,nan,nan,0.0236,37.5323,39.5787,-0.0867,nan,nan,nan,nan
57.9917,0.0036,-0.0006,1.1989,0.0494,-0.3102,0.0114,nan,nan,nan,nan,0.0290,36.4641,39.4445,-0.0863,nan,nan,nan,nan
58.0164,0.0036,-0.0007,1.1992,0.0516,-0.4498,0.0096,nan,nan,nan,nan,0.0298,35.2496,39.2459,-0.0867,nan,nan,nan,nan
58.0375,0.0036,-0.0008,1.1995,0.0516,-0.4498,0.0096,nan,nan,nan,nan,0.0249,34.2774,39.0490,-0.0863,nan,nan,nan,nan
58.0630,0.0035,-0.0009,1.1998,0.0539,-0.5960,0.0088,nan,nan,nan,nan,0.0197,33.2927,38.8099,-0.0831,nan,nan,nan,nan
58.0874,0.0035,-0.0010,1.2000,0.0556,-0.7351,0.0086,nan,nan,nan,nan,0.0135,32.6456,38.6287,-0.0776,nan,nan,nan,nan
58.1213,0.0034,-0.0011,1.2003,0.0555,-0.8596,0.0089,nan,nan,nan,nan,0.0027,31.4031,38.2293,-0.0649,nan,nan,nan,nan
58.1502,0.0032,-0.0013,1.2007,0.0530,-0.9613,0.0089,nan,nan,nan,nan,-0.0036,30.2685,37.7886,-0.0567,nan,nan,nan,nan
