t,bx,by,bz,roll,pitch,yaw,cx,cy,cz,dist,q1,q2,q3,q4,m0,m1,m2,m3
0.6735,0.0003,-0.0000,0.3055,-0.0000,0.0000,-0.0107,0.2607,-0.0008,0.1789,0.2896,0.1809,29.6066,33.2212,-0.0317,nan,nan,nan,nan
0.7070,0.0003,-0.0000,0.3055,-0.0001,0.0000,-0.0107,0.2607,-0.0009,0.1789,0.2896,0.1779,29.6076,33.2236,-0.0315,nan,nan,nan,nan
0.7353,0.0003,-0.0000,0.3055,-0.0000,-0.0000,-0.0107,0.2607,-0.0009,0.1789,0.2896,0.1636,29.6094,33.2254,-0.0325,nan,nan,nan,nan
0.7709,0.0003,-0.0000,0.3055,-0.0000,-0.0000,-0.0107,0.2607,-0.0010,0.1789,0.2896,0.1449,29.6105,33.2265,-0.0295,nan,nan,nan,nan
0.7924,0.0003,-0.0000,0.3055,-0.0000,-0.0000,-0.0107,0.2607,-0.0011,0.1789,0.2895,0.1370,29.6119,33.2261,-0.0295,nan,nan,nan,nan
0.8132,0.0003,-0.0000,0.3055,0.0000,-0.0000,-0.0107,0.2607,-0.0011,0.1789,0.2895,0.1305,29.6130,33.2263,-0.0302,nan,nan,nan,nan
0.8459,0.0003,-0.0000,0.3055,0.0000,-0.0000,-0.0107,0.2607,-0.0011,0.1789,0.2895,0.1212,29.6145,33.2271,-0.0283,nan,nan,nan,nan
0.8673,0.0003,-0.0000,0.3055,0.0000,-0.0000,-0.0107,0.2607,-0.0011,0.1789,0.2895,0.1178,29.6145,33.2298,-0.0215,nan,nan,nan,nan
0.8883,0.0003,-0.0000,0.3055,-0.0000,0.0000,-0.0107,0.2607,-0.0011,0.1790,0.2895,0.1156,29.6156,33.2307,-0.0146,nan,nan,nan,nan
0.9246,0.0003,-0.0000,0.3055,-0.0001,0.0000,-0.0107,0.2607,-0.0011,0.1790,0.2895,0.1120,29.6192,33.2296,-0.0040,nan,nan,nan,nan
0.9565,0.0003,-0.0000,0.3055,-0.0000,-0.0000,-0.0107,0.2607,-0.0012,0.1790,0.2895,0.1078,29.6232,33.2305,0.0120,nan,nan,nan,nan
0.9814,0.0003,-0.0000,0.3055,-0.0000,-0.0000,-0.0107,0.2607,-0.0012,0.1790,0.2895,0.1051,29.6257,33.2312,0.0180,nan,nan,nan,nan
1.0055,0.0003,-0.0000,0.3055,-0.0000,0.0000,-0.0107,0.2607,-0.0012,0.1790,0.2895,0.1039,29.6285,33.2328,0.0196,nan,nan,nan,nan
1.0273,0.0003,-0.0000,0.3055,-0.0001,-0.0000,-0.0107,0.2607,-0.0012,0.1790,0.2895,0.1074,29.6323,33.2356,0.0239,nan,nan,nan,nan
1.0582,0.0003,-0.0000,0.3055,-0.0001,0.0000,-0.0107,0.2607,-0.0011,0.1790,0.2895,0.1179,29.6307,33.2388,0.0289,nan,nan,nan,nan
1.0815,0.0003,-0.0000,0.3055,-0.0001,0.0000,-0.0107,0.2607,-0.0011,0.1790,0.2895,0.1244,29.6276,33.2414,0.0317,nan,nan,nan,nan
1.1088,0.0003,-0.0000,0.3055,-0.0000,0.0000,-0.0107,0.2607,-0.0010,0.1790,0.2895,0.1314,29.6249,33.2435,0.0342,nan,nan,nan,nan
1.1375,0.0003,-0.0000,0.3055,-0.0000,0.0000,-0.0107,0.2607,-0.0010,0.1790,0.2895,0.1454,29.6205,33.2447,0.0383,nan,nan,nan,nan
1.1593,0.0003,-0.0000,0.3055,-0.0000,0.0000,-0.0107,0.2607,-0.0010,0.1790,0.2895,0.1521,29.6177,33.2483,0.0415,nan,nan,nan,nan
1.1814,0.0003,-0.0000,0.3055,-0.0001,0.0000,-0.0107,0.2607,-0.0010,0.1790,0.2895,0.1530,29.6172,33.2493,0.0435,nan,nan,nan,nan
1.2119,0.0003,-0.0000,0.3055,-0.0000,0.0000,-0.0107,0.2607,-0.0010,0.1790,0.2895,0.1516,29.6189,33.2509,0.0470,nan,nan,nan,nan
1.2357,0.0003,-0.0000,0.3055,-0.0000,0.0000,-0.0107,0.2607,-0.0010,0.1790,0.2895,0.1474,29.6202,33.2511,0.0471,nan,nan,nan,nan
1.2630,0.0003,-0.0000,0.3055,-0.0000,-0.0000,-0.0107,0.2607,-0.0010,0.1790,0.2895,0.1438,29.6215,33.2502,0.0467,nan,nan,nan,nan
1.2896,0.0003,-0.0000,0.3055,-0.0000,0.0000,-0.0107,0.2607,-0.0010,0.1790,0.2895,0.1388,29.6224,33.2490,0.0487,nan,nan,nan,nan
1.3174,0.0003,-0.0000,0.3055,-0.0000,0.0000,-0.0107,0.2607,-0.0011,0.1790,0.2895,0.1349,29.6222,33.2472,0.0508,nan,nan,nan,nan
1.3402,0.0003,-0.0000,0.3055,-0.0001,-0.0000,-0.0107,0.2607,-0.0011,0.1790,0.2895,0.1243,29.6210,33.2440,0.0534,nan,nan,nan,nan
1.3715,0.0003,-0.0000,0.3055,-0.0000,-0.0000,-0.0107,0.2607,-0.0012,0.1790,0.2895,0.1088,29.6207,33.2393,0.0527,nan,nan,nan,nan
1.3980,0.0003,-0.0000,0.3055,-0.0000,-0.0000,-0.0107,0.2607,-0.0013,0.1790,0.2895,0.0963,29.6206,33.2370,0.0528,nan,nan,nan,nan
1.4205,0.0003,-0.0000,0.3055,0.0000,0.0000,-0.0107,0.2607,-0.0013,0.1790,0.2895,0.0823,29.6203,33.2351,0.0518,nan,nan,nan,nan
1.4487,0.0003,-0.0000,0.3055,0.0000,-0.0000,-0.0107,0.2607,-0.0014,0.1790,0.2895,0.0490,29.6187,33.2299,0.0531,nan,nan,nan,nan
1.4791,0.0003,-0.0000,0.3055,-0.0000,0.0000,-0.0107,0.2607,-0.0016,0.1789,0.2895,0.0097,29.6165,33.2277,0.0537,nan,nan,nan,nan
1.5020,0.0003,-0.0000,0.3055,-0.0000,0.0000,-0.0107,0.2607,-0.0017,0.1789,0.2896,-0.0082,29.6156,33.2248,0.0566,nan,nan,nan,nan
1.5249,0.0003,-0.0000,0.3055,-0.0000,-0.0000,-0.0107,0.2607,-0.0018,0.1789,0.2896,-0.0310,29.6139,33.2217,0.0573,nan,nan,nan,nan
1.5582,0.0003,-0.0000,0.3055,-0.0000,-0.0000,-0.0106,0.2607,-0.0019,0.1789,0.2896,-0.0486,29.6112,33.2208,0.0583,nan,nan,nan,nan
1.5908,0.0003,-0.0000,0.3055,-0.0000,-0.0000,-0.0107,0.2607,-0.0020,0.1789,0.2896,-0.0698,29.6088,33.2186,0.0579,nan,nan,nan,nan
1.6169,0.0003,-0.0000,0.3055,-0.0000,-0.0000,-0.0107,0.2607,-0.0020,0.1789,0.2896,-0.0864,29.6057,33.2197,0.0515,nan,nan,nan,nan
1.6461,0.0003,-0.0000,0.3055,-0.0000,0.0000,-0.0107,0.2607,-0.0021,0.1789,0.2896,-0.0978,29.6033,33.2199,0.0396,nan,nan,nan,nan
1.6736,0.0003,-0.0000,0.3055,-0.0000,-0.0000,-0.0107,0.2607,-0.0021,0.1788,0.2896,-0.1056,29.6014,33.2181,0.0324,nan,nan,nan,nan
1.7113,0.0003,-0.0000,0.3055,-0.0001,-0.0000,-0.0107,0.2607,-0.0022,0.1788,0.2896,-0.1126,29.6015,33.2151,0.0257,nan,nan,nan,nan
1.7360,0.0003,-0.0000,0.3055,-0.0001,-0.0000,-0.0107,0.2607,-0.0022,0.1788,0.2896,-0.1150,29.6021,33.2127,0.0235,nan,nan,nan,nan
1.7645,0.0003,-0.0000,0.3055,-0.0000,-0.0000,-0.0107,0.2607,-0.0022,0.1788,0.2896,-0.1162,29.6022,33.2109,0.0240,nan,nan,nan,nan
1.8014,0.0003,-0.0000,0.3055,-0.0000,-0.0000,-0.0107,0.2607,-0.0022,0.1788,0.2896,-0.1192,29.6032,33.2088,0.0222,nan,nan,nan,nan
1.8286,0.0003,-0.0000,0.3055,-0.0000,-0.0000,-0.0107,0.2607,-0.0022,0.1788,0.2896,-0.1235,29.6027,33.2098,0.0201,nan,nan,nan,nan
1.8507,0.0003,-0.0000,0.3055,-0.0000,0.0000,-0.0107,0.2607,-0.0022,0.1788,0.2896,-0.1264,29.6029,33.2098,0.0190,nan,nan,nan,nan
1.8796,0.0003,-0.0000,0.3055,-0.0000,0.0000,-0.0107,0.2607,-0.0023,0.1788,0.2896,-0.1323,29.6029,33.2106,0.0187,nan,nan,nan,nan
1.9160,0.0003,-0.0000,0.3055,-0.0000,-0.0000,-0.0107,0.2607,-0.0023,0.1788,0.2896,-0.1422,29.6044,33.2095,0.0234,nan,nan,nan,nan
1.9520,0.0003,-0.0000,0.3055,-0.0000,-0.0000,-0.0107,0.2607,-0.0024,0.1788,0.2896,-0.1564,29.6055,33.2078,0.0264,nan,nan,nan,nan
1.9782,0.0003,-0.0000,0.3055,-0.0000,-0.0000,-0.0107,0.2607,-0.0024,0.1788,0.2896,-0.1616,29.6052,33.2088,0.0253,nan,nan,nan,nan
2.0051,0.0003,-0.0000,0.3055,-0.0000,0.0000,-0.0107,0.2607,-0.0024,0.1788,0.2896,-0.1661,29.6046,33.2105,0.0261,nan,nan,nan,nan
2.0282,0.0003,-0.0000,0.3055,-0.0000,0.0000,-0.0107,0.2607,-0.0024,0.1788,0.2896,-0.1725,29.6021,33.2114,0.0288,nan,nan,nan,nan
2.0529,0.0003,-0.0000,0.3055,-0.0000,-0.0000,-0.0107,0.2607,-0.0024,0.1788,0.2896,-0.1719,29.5972,33.2127,0.0312,nan,nan,nan,nan
2.0787,0.0003,-0.0000,0.3055,0.0000,-0.0000,-0.0107,0.2607,-0.0024,0.1788,0.2896,-0.1680,29.5959,33.2137,0.0307,nan,nan,nan,nan
2.1161,0.0003,-0.0000,0.3055,0.0000,-0.0000,-0.0107,0.2607,-0.0024,0.1788,0.2896,-0.1607,29.5972,33.2168,0.0300,nan,nan,nan,nan
2.1426,0.0003,-0.0000,0.3055,0.0000,-0.0000,-0.0107,0.2607,-0.0023,0.1788,0.2896,-0.1520,29.5982,33.2188,0.0298,nan,nan,nan,nan
2.1640,0.0003,-0.0000,0.3055,-0.0000,-0.0000,-0.0107,0.2607,-0.0023,0.1788,0.2896,-0.1482,29.5980,33.2196,0.0297,nan,nan,nan,nan
2.1901,0.0003,-0.0000,0.3055,-0.0000,-0.0000,-0.0107,0.2607,-0.0022,0.1788,0.2896,-0.1291,29.5967,33.2243,0.0288,nan,nan,nan,nan
2.2131,0.0003,-0.0000,0.3055,-0.0000,-0.0000,-0.0107,0.2607,-0.0022,0.1789,0.2896,-0.1173,29.5971,33.2247,0.0283,nan,nan,nan,nan
2.2398,0.0003,-0.0000,0.3055,-0.0000,0.0000,-0.0107,0.2607,-0.0021,0.1789,0.2896,-0.0971,29.5974,33.2270,0.0286,nan,nan,nan,nan
2.2662,0.0003,-0.0000,0.3055,-0.0000,-0.0000,-0.0107,0.2607,-0.0020,0.1789,0.2896,-0.0747,29.5982,33.2277,0.0276,nan,nan,nan,nan
2.2919,0.0003,-0.0000,0.3055,-0.0000,-0.0000,-0.0107,0.2607,-0.0019,0.1789,0.2896,-0.0498,29.5996,33.2256,0.0314,nan,nan,nan,nan
2.3153,0.0003,-0.0000,0.3055,-0.0000,-0.0000,-0.0107,0.2607,-0.0018,0.1789,0.2896,-0.0340,29.6006,33.2254,0.0328,nan,nan,nan,nan
2.3494,0.0003,-0.0000,0.3055,-0.0000,0.0000,-0.0107,0.2607,-0.0017,0.1789,0.2896,-0.0130,29.6008,33.2249,0.0326,nan,nan,nan,nan
2.3773,0.0003,-0.0000,0.3055,-0.0000,-0.0000,-0.0107,0.2607,-0.0016,0.1789,0.2896,0.0040,29.5984,33.2251,0.0284,nan,nan,nan,nan
2.3985,0.0003,-0.0000,0.3055,-0.0000,-0.0000,-0.0107,0.2607,-0.0016,0.1788,0.2896,0.0057,29.5963,33.2237,0.0228,nan,nan,nan,nan
2.4226,0.0003,-0.0000,0.3055,-0.0000,-0.0000,-0.0107,0.2607,-0.0016,0.1788,0.2896,0.0018,29.5958,33.2211,0.0169,nan,nan,nan,nan
2.4521,0.0003,-0.0000,0.3055,-0.0000,-0.0000,-0.0107,0.2607,-0.0017,0.1788,0.2896,-0.0085,29.5951,33.2191,0.0107,nan,nan,nan,nan
2.4900,0.0003,-0.0000,0.3055,-0.0000,0.0000,-0.0107,0.2607,-0.0018,0.1788,0.2896,-0.0238,29.5923,33.2175,0.0039,nan,nan,nan,nan
2.5125,0.0003,-0.0000,0.3055,-0.0000,0.0000,-0.0107,0.2607,-0.0018,0.1788,0.2896,-0.0295,29.5905,33.2160,0.0025,nan,nan,nan,nan
2.5348,0.0003,-0.0000,0.3055,-0.0001,-0.0000,-0.0107,0.2607,-0.0018,0.1788,0.2896,-0.0341,29.5885,33.2121,0.0021,nan,nan,nan,nan
2.5681,0.0003,-0.0000,0.3055,-0.0000,0.0000,-0.0107,0.2607,-0.0018,0.1788,0.2896,-0.0329,29.5873,33.2087,0.0021,nan,nan,nan,nan
2.5888,0.0003,-0.0000,0.3055,-0.0000,0.0000,-0.0107,0.2607,-0.0018,0.1787,0.2896,-0.0286,29.5866,33.2078,0.0022,nan,nan,nan,nan
2.6134,0.0003,-0.0000,0.3055,-0.0000,-0.0000,-0.0107,0.2607,-0.0017,0.1787,0.2896,-0.0228,29.5853,33.2080,0.0019,nan,nan,nan,nan
2.6448,0.0003,-0.0000,0.3055,-0.0000,0.0000,-0.0107,0.2607,-0.0017,0.1787,0.2896,-0.0066,29.5814,33.2092,0.0072,nan,nan,nan,nan
2.6731,0.0003,-0.0000,0.3055,-0.0000,0.0000,-0.0107,0.2607,-0.0016,0.1787,0.2896,0.0015,29.5793,33.2106,0.0119,nan,nan,nan,nan
2.7021,0.0003,-0.0000,0.3055,-0.0000,-0.0000,-0.0107,0.2607,-0.0016,0.1787,0.2896,0.0066,29.5774,33.2108,0.0156,nan,nan,nan,nan
2.7349,0.0003,-0.0000,0.3055,-0.0000,0.0000,-0.0107,0.2607,-0.0016,0.1787,0.2896,0.0075,29.5749,33.2133,0.0162,nan,nan,nan,nan
2.7561,0.0003,-0.0000,0.3055,-0.0000,0.0000,-0.0107,0.2607,-0.0017,0.1787,0.2896,0.0006,29.5734,33.2154,0.0150,nan,nan,nan,nan
2.7771,0.0003,-0.0000,0.3055,-0.0000,-0.0000,-0.0107,0.2607,-0.0017,0.1787,0.2896,-0.0031,29.5733,33.2156,0.0150,nan,nan,nan,nan
2.8018,0.0003,-0.0000,0.3055,-0.0001,-0.0000,-0.0107,0.2607,-0.0017,0.1787,0.2896,-0.0209,29.5719,33.2161,0.0124,nan,nan,nan,nan
2.8231,0.0003,-0.0000,0.3055,-0.0001,-0.0000,-0.0107,0.2607,-0.0018,0.1787,0.2896,-0.0352,29.5715,33.2138,0.0123,nan,nan,nan,nan
2.8501,0.0003,-0.0000,0.3055,0.0000,-0.0000,-0.0107,0.2607,-0.0019,0.1787,0.2896,-0.0396,29.5716,33.2122,0.0124,nan,nan,nan,nan
2.8823,0.0003,-0.0000,0.3055,-0.0000,0.0000,-0.0107,0.2607,-0.0019,0.1787,0.2896,-0.0546,29.5704,33.2075,0.0153,nan,nan,nan,nan
2.9135,0.0003,-0.0000,0.3055,-0.0000,-0.0000,-0.0107,0.2607,-0.0020,0.1787,0.2897,-0.0687,29.5686,33.2052,0.0189,nan,nan,nan,nan
2.9356,0.0003,-0.0000,0.3055,-0.0000,-0.0000,-0.0107,0.2607,-0.0020,0.1787,0.2897,-0.0734,29.5676,33.2055,0.0206,nan,nan,nan,nan
2.9565,0.0003,-0.0000,0.3055,0.0000,-0.0000,-0.0107,0.2607,-0.0020,0.1787,0.2897,-0.0788,29.5671,33.2060,0.0231,nan,nan,nan,nan
2.9869,0.0003,-0.0000,0.3055,-0.0000,-0.0000,-0.0107,0.2607,-0.0020,0.1787,0.2897,-0.0830,29.5667,33.2065,0.0249,nan,nan,nan,nan
3.0160,0.0003,-0.0000,0.3055,-0.0000,-0.0000,-0.0107,0.2607,-0.0020,0.1787,0.2897,-0.0862,29.5670,33.2074,0.0233,nan,nan,nan,nan
3.0425,0.0003,-0.0000,0.3055,-0.0000,0.0000,-0.0107,0.2607,-0.0021,0.1787,0.2897,-0.0877,29.5667,33.2075,0.0225,nan,nan,nan,nan
3.0710,0.0003,-0.0000,0.3055,-0.0000,0.0000,-0.0107,0.2607,-0.0021,0.1787,0.2897,-0.0892,29.5662,33.2056,0.0224,nan,nan,nan,nan
3.1068,0.0003,-0.0000,0.3055,-0.0000,0.0000,-0.0107,0.2607,-0.0021,0.1786,0.2897,-0.0920,29.5670,33.1988,0.0228,nan,nan,nan,nan
3.1421,0.0003,-0.0000,0.3055,-0.0000,0.0000,-0.0107,0.2607,-0.0021,0.1786,0.2897,-0.0925,29.5674,33.1942,0.0222,nan,nan,nan,nan
3.1706,0.0003,-0.0000,0.3055,-0.0000,0.0000,-0.0107,0.2607,-0.0021,0.1786,0.2897,-0.0968,29.5681,33.1926,0.0227,nan,nan,nan,nan
3.1995,0.0003,-0.0000,0.3055,-0.0000,-0.0000,-0.0107,0.2607,-0.0021,0.1786,0.2897,-0.1010,29.5687,33.1908,0.0227,nan,nan,nan,nan
3.2314,0.0003,-0.0000,0.3055,-0.0000,0.0000,-0.0107,0.2607,-0.0021,0.1786,0.2897,-0.1073,29.5700,33.1887,0.0253,nan,nan,nan,nan
3.2552,0.0003,-0.0000,0.3055,-0.0000,0.0000,-0.0107,0.2607,-0.0022,0.1786,0.2897,-0.1118,29.5714,33.1892,0.0261,nan,nan,nan,nan
3.2789,0.0003,-0.0000,0.3055,-0.0000,0.0000,-0.0107,0.2607,-0.0022,0.1786,0.2897,-0.1136,29.5732,33.1891,0.0259,nan,nan,nan,nan
3.3110,0.0003,-0.0000,0.3055,-0.0000,-0.0000,-0.0107,0.2607,-0.0022,0.1786,0.2897,-0.1162,29.5749,33.1898,0.0211,nan,nan,nan,nan
3.3427,0.0003,-0.0000,0.3055,-0.0001,0.0000,-0.0107,0.2607,-0.0022,0.1787,0.2897,-0.1182,29.5778,33.1929,0.0129,nan,nan,nan,nan
3.3639,0.0003,-0.0000,0.3055,-0.0001,0.0000,-0.0107,0.2607,-0.0022,0.1787,0.2897,-0.1195,29.5809,33.1922,0.0070,nan,nan,nan,nan
3.3853,0.0003,-0.0000,0.3055,-0.0000,-0.0000,-0.0107,0.2607,-0.0022,0.1787,0.2897,-0.1204,29.5816,33.1926,0.0061,nan,nan,nan,nan
3.4135,0.0003,-0.0000,0.3055,-0.0000,0.0000,-0.0107,0.2607,-0.0022,0.1787,0.2897,-0.1267,29.5845,33.1914,0.0023,nan,nan,nan,nan
3.4362,0.0003,-0.0000,0.3055,-0.0000,0.0000,-0.0107,0.2607,-0.0023,0.1787,0.2897,-0.1345,29.5860,33.1901,0.0020,nan,nan,nan,nan
3.4610,0.0003,-0.0000,0.3055,-0.0000,-0.0000,-0.0107,0.2607,-0.0023,0.1787,0.2897,-0.1370,29.5862,33.1903,0.0024,nan,nan,nan,nan
3.4879,0.0003,-0.0000,0.3055,-0.0000,-0.0000,-0.0107,0.2607,-0.0023,0.1787,0.2897,-0.1388,29.5855,33.1932,0.0028,nan,nan,nan,nan
3.5232,0.0003,-0.0000,0.3055,-0.0000,0.0000,-0.0107,0.2607,-0.0022,0.1787,0.2897,-0.1299,29.5855,33.1937,0.0019,nan,nan,nan,nan
3.5481,0.0003,-0.0000,0.3055,-0.0001,0.0000,-0.0107,0.2607,-0.0022,0.1787,0.2897,-0.1163,29.5843,33.1944,-0.0009,nan,nan,nan,nan
3.5710,0.0003,-0.0000,0.3055,-0.0001,0.0000,-0.0107,0.2607,-0.0021,0.1787,0.2897,-0.1095,29.5839,33.1934,-0.0038,nan,nan,nan,nan
3.5977,0.0003,-0.0000,0.3055,-0.0000,-0.0000,-0.0107,0.2607,-0.0021,0.1787,0.2897,-0.1072,29.5834,33.1931,-0.0043,nan,nan,nan,nan
3.6344,0.0003,-0.0000,0.3055,-0.0000,0.0000,-0.0107,0.2607,-0.0021,0.1787,0.2897,-0.0976,29.5809,33.1925,-0.0050,nan,nan,nan,nan
3.6554,0.0003,-0.0000,0.3055,-0.0000,0.0000,-0.0107,0.2607,-0.0021,0.1787,0.2897,-0.0883,29.5795,33.1916,-0.0060,nan,nan,nan,nan
3.6824,0.0003,-0.0000,0.3055,0.0000,0.0000,-0.0107,0.2607,-0.0020,0.1787,0.2897,-0.0805,29.5793,33.1916,-0.0056,nan,nan,nan,nan
3.7088,0.0003,-0.0000,0.3055,-0.0000,0.0000,-0.0107,0.2607,-0.0020,0.1787,0.2897,-0.0658,29.5782,33.1935,-0.0051,nan,nan,nan,nan
3.7316,0.0003,-0.0000,0.3055,-0.0000,0.0000,-0.0107,0.2607,-0.0019,0.1787,0.2897,-0.0490,29.5768,33.1953,-0.0078,nan,nan,nan,nan
3.7538,0.0003,-0.0000,0.3055,0.0000,-0.0000,-0.0107,0.2607,-0.0018,0.1787,0.2897,-0.0432,29.5764,33.1958,-0.0093,nan,nan,nan,nan
3.7795,0.0003,-0.0000,0.3055,-0.0000,0.0000,-0.0107,0.2607,-0.0018,0.1787,0.2897,-0.0228,29.5739,33.1965,-0.0099,nan,nan,nan,nan
3.8117,0.0003,-0.0000,0.3055,-0.0000,-0.0000,-0.0107,0.2607,-0.0017,0.1786,0.2897,-0.0111,29.5709,33.1957,-0.0060,nan,nan,nan,nan
3.8345,0.0003,-0.0000,0.3055,-0.0000,-0.0000,-0.0107,0.2607,-0.0017,0.1786,0.2897,-0.0048,29.5687,33.1963,-0.0024,nan,nan,nan,nan
3.8561,0.0003,-0.0000,0.3055,-0.0000,0.0000,-0.0107,0.2607,-0.0017,0.1786,0.2897,-0.0021,29.5683,33.1955,-0.0023,nan,nan,nan,nan
3.8795,0.0003,-0.0000,0.3055,-0.0001,0.0000,-0.0107,0.2607,-0.0017,0.1786,0.2897,-0.0005,29.5671,33.1939,-0.0006,nan,nan,nan,nan
3.9061,0.0003,-0.0000,0.3055,-0.0001,0.0000,-0.0107,0.2607,-0.0017,0.1786,0.2897,-0.0003,29.5662,33.1918,-0.0001,nan,nan,nan,nan
3.9294,0.0003,-0.0000,0.3055,-0.0000,0.0000,-0.0107,0.2607,-0.0017,0.1786,0.2897,-0.0001,29.5664,33.1890,0.0005,nan,nan,nan,nan
3.9659,0.0003,-0.0000,0.3055,-0.0000,0.0000,-0.0107,0.2607,-0.0017,0.1786,0.2897,0.0008,29.5690,33.1813,-0.0007,nan,nan,nan,nan
3.9887,0.0003,-0.0000,0.3055,-0.0000,0.0000,-0.0107,0.2607,-0.0016,0.1786,0.2897,0.0009,29.5716,33.1768,-0.0013,nan,nan,nan,nan
4.0129,0.0003,-0.0000,0.3055,-0.0000,-0.0000,-0.0107,0.2607,-0.0017,0.1786,0.2897,0.0007,29.5723,33.1764,-0.0020,nan,nan,nan,nan
4.0454,0.0003,-0.0000,0.3055,-0.0000,0.0000,-0.0107,0.2607,-0.0016,0.1786,0.2897,0.0017,29.5772,33.1767,-0.0053,nan,nan,nan,nan
4.0685,0.0003,-0.0000,0.3055,-0.0000,0.0000,-0.0107,0.2607,-0.0016,0.1786,0.2897,0.0046,29.5803,33.1776,-0.0091,nan,nan,nan,nan
4.0961,0.0003,-0.0000,0.3055,-0.0000,-0.0000,-0.0107,0.2607,-0.0016,0.1786,0.2897,0.0079,29.5815,33.1780,-0.0100,nan,nan,nan,nan
4.1294,0.0003,-0.0000,0.3055,-0.0000,0.0000,-0.0107,0.2607,-0.0016,0.1786,0.2897,0.0145,29.5834,33.1780,-0.0087,nan,nan,nan,nan
4.1511,0.0003,-0.0000,0.3055,-0.0000,0.0000,-0.0107,0.2607,-0.0016,0.1787,0.2897,0.0215,29.5853,33.1795,-0.0085,nan,nan,nan,nan
4.1763,0.0003,-0.0000,0.3055,-0.0000,-0.0000,-0.0107,0.2607,-0.0015,0.1787,0.2897,0.0282,29.5866,33.1818,-0.0072,nan,nan,nan,nan
4.2074,0.0003,-0.0000,0.3055,-0.0000,-0.0000,-0.0107,0.2607,-0.0015,0.1787,0.2897,0.0409,29.5885,33.1855,-0.0024,nan,nan,nan,nan
4.2436,0.0003,-0.0000,0.3055,-0.0000,-0.0000,-0.0107,0.2607,-0.0014,0.1787,0.2897,0.0607,29.5904,33.1884,0.0047,nan,nan,nan,nan
4.2800,0.0003,-0.0000,0.3055,-0.0000,0.0000,-0.0107,0.2607,-0.0013,0.1787,0.2897,0.0837,29.5921,33.1898,0.0070,nan,nan,nan,nan
4.3045,0.0003,-0.0000,0.3055,-0.0000,0.0000,-0.0107,0.2607,-0.0012,0.1787,0.2897,0.0970,29.5922,33.1909,0.0091,nan,nan,nan,nan
4.3265,0.0003,-0.0000,0.3055,-0.0001,0.0000,-0.0107,0.2607,-0.0011,0.1787,0.2897,0.1191,29.5909,33.1908,0.0109,nan,nan,nan,nan
4.3576,0.0003,-0.0000,0.3055,-0.0000,0.0000,-0.0107,0.2607,-0.0010,0.1787,0.2897,0.1416,29.5888,33.1901,0.0131,nan,nan,nan,nan
4.3870,0.0003,-0.0000,0.3055,-0.0000,-0.0000,-0.0107,0.2607,-0.0009,0.1787,0.2897,0.1687,29.5864,33.1870,0.0200,nan,nan,nan,nan
4.4086,0.0003,-0.0000,0.3055,-0.0000,-0.0000,-0.0107,0.2607,-0.0008,0.1787,0.2897,0.1818,29.5851,33.1861,0.0216,nan,nan,nan,nan
4.4326,0.0003,-0.0000,0.3055,0.0000,-0.0000,-0.0107,0.2607,-0.0007,0.1787,0.2897,0.2008,29.5828,33.1851,0.0208,nan,nan,nan,nan
4.4574,0.0003,-0.0000,0.3055,-0.0000,0.0000,-0.0107,0.2607,-0.0007,0.1787,0.2897,0.2177,29.5820,33.1835,0.0175,nan,nan,nan,nan
4.4793,0.0003,-0.0000,0.3055,-0.0000,0.0000,-0.0107,0.2607,-0.0006,0.1787,0.2897,0.2292,29.5817,33.1824,0.0183,nan,nan,nan,nan
4.5061,0.0003,-0.0000,0.3055,-0.0000,0.0000,-0.0107,0.2607,-0.0006,0.1787,0.2897,0.2314,29.5816,33.1832,0.0194,nan,nan,nan,nan
4.5283,0.0003,-0.0000,0.3055,0.0000,-0.0000,-0.0107,0.2607,-0.0006,0.1787,0.2897,0.2327,29.5820,33.1852,0.0228,nan,nan,nan,nan
4.5544,0.0003,-0.0000,0.3055,0.0000,-0.0000,-0.0107,0.2607,-0.0006,0.1787,0.2897,0.2293,29.5830,33.1855,0.0214,nan,nan,nan,nan
4.5791,0.0003,-0.0000,0.3055,-0.0000,0.0000,-0.0107,0.2607,-0.0006,0.1787,0.2897,0.2282,29.5833,33.1853,0.0172,nan,nan,nan,nan
4.6108,0.0003,-0.0000,0.3055,-0.0000,0.0000,-0.0107,0.2607,-0.0006,0.1787,0.2897,0.2268,29.5838,33.1839,0.0143,nan,nan,nan,nan
4.6406,0.0003,-0.0000,0.3055,-0.0001,0.0000,-0.0107,0.2607,-0.0006,0.1787,0.2897,0.2258,29.5835,33.1828,0.0067,nan,nan,nan,nan
4.6639,0.0003,-0.0000,0.3055,-0.0001,0.0000,-0.0107,0.2607,-0.0006,0.1787,0.2897,0.2244,29.5834,33.1842,-0.0003,nan,nan,nan,nan
4.6845,0.0003,-0.0000,0.3055,-0.0000,0.0000,-0.0107,0.2607,-0.0006,0.1787,0.2897,0.2237,29.5833,33.1851,-0.0021,nan,nan,nan,nan
4.7080,0.0003,-0.0000,0.3055,-0.0000,0.0000,-0.0107,0.2607,-0.0007,0.1787,0.2897,0.2192,29.5829,33.1920,-0.0113,nan,nan,nan,nan
4.7381,0.0003,-0.0000,0.3055,-0.0000,0.0000,-0.0107,0.2607,-0.0007,0.1787,0.2897,0.2099,29.5857,33.1937,-0.0241,nan,nan,nan,nan
4.7639,0.0003,-0.0000,0.3055,-0.0000,0.0000,-0.0107,0.2607,-0.0007,0.1787,0.2897,0.2018,29.5855,33.1917,-0.0327,nan,nan,nan,nan
4.7865,0.0003,-0.0000,0.3055,-0.0000,0.0000,-0.0107,0.2607,-0.0008,0.1787,0.2897,0.1960,29.5841,33.1906,-0.0374,nan,nan,nan,nan
4.8191,0.0003,-0.0000,0.3055,-0.0000,-0.0000,-0.0107,0.2607,-0.0008,0.1787,0.2897,0.1869,29.5822,33.1875,-0.0370,nan,nan,nan,nan
4.8468,0.0003,-0.0000,0.3055,-0.0001,0.0000,-0.0107,0.2607,-0.0008,0.1786,0.2897,0.1784,29.5802,33.1823,-0.0328,nan,nan,nan,nan
4.8741,0.0003,-0.0000,0.3055,-0.0001,0.0000,-0.0107,0.2607,-0.0009,0.1786,0.2897,0.1761,29.5789,33.1819,-0.0323,nan,nan,nan,nan
4.8978,0.0003,-0.0000,0.3055,-0.0000,0.0000,-0.0107,0.2607,-0.0009,0.1786,0.2897,0.1738,29.5787,33.1810,-0.0341,nan,nan,nan,nan
4.9336,0.0003,-0.0000,0.3055,-0.0000,0.0000,-0.0107,0.2607,-0.0009,0.1786,0.2897,0.1703,29.5781,33.1812,-0.0358,nan,nan,nan,nan
4.9638,0.0003,-0.0000,0.3055,-0.0000,0.0000,-0.0107,0.2607,-0.0009,0.1786,0.2897,0.1682,29.5791,33.1819,-0.0384,nan,nan,nan,nan
4.9851,0.0003,-0.0000,0.3055,-0.0000,0.0000,-0.0107,0.2607,-0.0009,0.1786,0.2897,0.1689,29.5800,33.1826,-0.0418,nan,nan,nan,nan
5.0062,0.0003,-0.0000,0.3055,-0.0001,-0.0000,-0.0107,0.2607,-0.0009,0.1787,0.2897,0.1701,29.5818,33.1834,-0.0460,nan,nan,nan,nan
5.0342,0.0003,-0.0000,0.3055,-0.0000,-0.0000,-0.0107,0.2607,-0.0009,0.1787,0.2897,0.1747,29.5832,33.1909,-0.0543,nan,nan,nan,nan
5.0567,0.0003,-0.0000,0.3055,-0.0000,-0.0000,-0.0107,0.2607,-0.0009,0.1787,0.2897,0.1772,29.5837,33.1953,-0.0554,nan,nan,nan,nan
5.0888,0.0003,-0.0000,0.3055,-0.0000,-0.0000,-0.0107,0.2607,-0.0008,0.1787,0.2896,0.1802,29.5841,33.1993,-0.0554,nan,nan,nan,nan
5.1112,0.0003,-0.0000,0.3055,-0.0000,-0.0000,-0.0107,0.2607,-0.0008,0.1787,0.2896,0.1836,29.5844,33.2029,-0.0569,nan,nan,nan,nan
5.1374,0.0003,-0.0000,0.3055,-0.0000,-0.0000,-0.0107,0.2607,-0.0008,0.1787,0.2896,0.1857,29.5840,33.2053,-0.0586,nan,nan,nan,nan
5.1594,0.0003,-0.0000,0.3055,-0.0000,-0.0000,-0.0107,0.2607,-0.0008,0.1787,0.2896,0.1854,29.5826,33.2094,-0.0630,nan,nan,nan,nan
5.1794,0.0003,-0.0000,0.3055,-0.0000,0.0000,-0.0107,0.2607,-0.0008,0.1787,0.2896,0.1829,29.5808,33.2127,-0.0654,nan,nan,nan,nan
5.2095,0.0003,-0.0000,0.3055,-0.0000,-0.0000,-0.0107,0.2607,-0.0009,0.1787,0.2896,0.1750,29.5764,33.2176,-0.0709,nan,nan,nan,nan
5.2356,0.0003,-0.0000,0.3055,-0.0000,-0.0000,-0.0107,0.2607,-0.0009,0.1787,0.2896,0.1640,29.5739,33.2204,-0.0779,nan,nan,nan,nan
5.2567,0.0003,-0.0000,0.3055,-0.0000,0.0000,-0.0107,0.2607,-0.0009,0.1787,0.2896,0.1604,29.5733,33.2211,-0.0796,nan,nan,nan,nan
5.2848,0.0003,-0.0000,0.3055,-0.0000,0.0000,-0.0107,0.2607,-0.0010,0.1787,0.2896,0.1509,29.5734,33.2236,-0.0844,nan,nan,nan,nan
5.3137,0.0003,-0.0000,0.3055,-0.0000,-0.0000,-0.0107,0.2607,-0.0010,0.1788,0.2896,0.1499,29.5763,33.2254,-0.0865,nan,nan,nan,nan
5.3419,0.0003,-0.0000,0.3055,-0.0001,-0.0000,-0.0106,0.2607,-0.0010,0.1788,0.2896,0.1527,29.5796,33.2253,-0.0803,nan,nan,nan,nan
5.3654,0.0003,-0.0000,0.3055,-0.0001,-0.0000,-0.0106,0.2607,-0.0010,0.1788,0.2896,0.1536,29.5802,33.2252,-0.0777,nan,nan,nan,nan
5.3920,0.0003,-0.0000,0.3055,-0.0000,0.0000,-0.0107,0.2607,-0.0010,0.1788,0.2896,0.1533,29.5809,33.2239,-0.0752,nan,nan,nan,nan
5.4123,0.0003,-0.0000,0.3055,-0.0000,-0.0000,-0.0107,0.2607,-0.0010,0.1788,0.2896,0.1475,29.5819,33.2217,-0.0661,nan,nan,nan,nan
5.4408,0.0003,-0.0000,0.3055,-0.0000,-0.0000,-0.0107,0.2607,-0.0010,0.1788,0.2896,0.1419,29.5841,33.2218,-0.0602,nan,nan,nan,nan
5.4716,0.0003,-0.0000,0.3055,-0.0001,0.0000,-0.0107,0.2607,-0.0010,0.1788,0.2896,0.1349,29.5858,33.2227,-0.0598,nan,nan,nan,nan
5.5070,0.0003,-0.0000,0.3055,-0.0000,0.0000,-0.0107,0.2607,-0.0011,0.1788,0.2896,0.1313,29.5874,33.2235,-0.0547,nan,nan,nan,nan
5.5423,0.0003,-0.0000,0.3055,-0.0000,0.0000,-0.0107,0.2607,-0.0010,0.1788,0.2896,0.1378,29.5894,33.2207,-0.0441,nan,nan,nan,nan
5.5654,0.0003,-0.0000,0.3055,-0.0000,0.0000,-0.0107,0.2607,-0.0010,0.1788,0.2896,0.1441,29.5893,33.2189,-0.0408,nan,nan,nan,nan
5.5934,0.0003,-0.0000,0.3055,-0.0000,-0.0000,-0.0107,0.2607,-0.0010,0.1788,0.2896,0.1519,29.5897,33.2164,-0.0383,nan,nan,nan,nan
5.6264,0.0003,-0.0000,0.3055,-0.0000,0.0000,-0.0107,0.2607,-0.0009,0.1788,0.2896,0.1641,29.5898,33.2146,-0.0401,nan,nan,nan,nan
5.6523,0.0003,-0.0000,0.3055,-0.0000,0.0000,-0.0107,0.2607,-0.0009,0.1788,0.2896,0.1673,29.5900,33.2128,-0.0425,nan,nan,nan,nan
5.6782,0.0003,-0.0000,0.3055,-0.0000,0.0000,-0.0107,0.2607,-0.0009,0.1788,0.2896,0.1694,29.5894,33.2113,-0.0466,nan,nan,nan,nan
5.7044,0.0003,-0.0000,0.3055,-0.0000,-0.0000,-0.0107,0.2607,-0.0009,0.1788,0.2896,0.1714,29.5889,33.2085,-0.0491,nan,nan,nan,nan
5.7363,0.0003,-0.0000,0.3055,-0.0000,-0.0000,-0.0107,0.2607,-0.0009,0.1788,0.2896,0.1757,29.5878,33.2061,-0.0531,nan,nan,nan,nan
5.7629,0.0003,-0.0000,0.3055,-0.0000,-0.0000,-0.0107,0.2607,-0.0008,0.1787,0.2896,0.1807,29.5854,33.2071,-0.0553,nan,nan,nan,nan
5.7860,0.0003,-0.0000,0.3055,-0.0000,0.0000,-0.0107,0.2607,-0.0008,0.1787,0.2896,0.1817,29.5846,33.2070,-0.0556,nan,nan,nan,nan
5.8145,0.0003,-0.0000,0.3055,-0.0000,0.0000,-0.0107,0.2607,-0.0008,0.1787,0.2896,0.1830,29.5814,33.2038,-0.0541,nan,nan,nan,nan
5.8362,0.0003,-0.0000,0.3055,-0.0000,0.0000,-0.0107,0.2607,-0.0008,0.1787,0.2896,0.1808,29.5795,33.2018,-0.0547,nan,nan,nan,nan
5.8594,0.0003,-0.0000,0.3055,-0.0000,-0.0000,-0.0107,0.2607,-0.0009,0.1787,0.2896,0.1764,29.5783,33.2004,-0.0566,nan,nan,nan,nan
5.8857,0.0003,-0.0000,0.3055,-0.0000,-0.0000,-0.0107,0.2607,-0.0009,0.1787,0.2897,0.1667,29.5784,33.1959,-0.0579,nan,nan,nan,nan
5.9218,0.0003,-0.0000,0.3055,-0.0000,0.0000,-0.0107,0.2607,-0.0010,0.1787,0.2897,0.1454,29.5796,33.1902,-0.0564,nan,nan,nan,nan
5.9478,0.0003,-0.0000,0.3055,-0.0000,0.0000,-0.0107,0.2607,-0.0011,0.1787,0.2897,0.1224,29.5810,33.1891,-0.0555,nan,nan,nan,nan
5.9749,0.0003,-0.0000,0.3055,-0.0000,-0.0000,-0.0107,0.2607,-0.0012,0.1787,0.2897,0.1075,29.5821,33.1903,-0.0559,nan,nan,nan,nan
6.0003,0.0003,-0.0000,0.3055,-0.0000,0.0000,-0.0107,0.2607,-0.0013,0.1787,0.2897,0.0888,29.5850,33.1926,-0.0588,nan,nan,nan,nan
6.0231,0.0003,-0.0000,0.3055,-0.0000,0.0000,-0.0107,0.2607,-0.0013,0.1787,0.2896,0.0709,29.5881,33.1965,-0.0621,nan,nan,nan,nan
6.0462,0.0003,-0.0000,0.3055,-0.0000,-0.0000,-0.0107,0.2607,-0.0014,0.1787,0.2896,0.0652,29.5888,33.1977,-0.0631,nan,nan,nan,nan
6.0772,0.0003,-0.0000,0.3055,-0.0000,0.0000,-0.0107,0.2607,-0.0015,0.1787,0.2896,0.0419,29.5907,33.2008,-0.0652,nan,nan,nan,nan
6.1000,0.0003,-0.0000,0.3055,-0.0000,0.0000,-0.0107,0.2607,-0.0016,0.1788,0.2896,0.0228,29.5908,33.2026,-0.0651,nan,nan,nan,nan
6.1210,0.0003,-0.0000,0.3055,-0.0000,-0.0000,-0.0107,0.2607,-0.0016,0.1788,0.2896,0.0156,29.5907,33.2035,-0.0657,nan,nan,nan,nan
6.1474,0.0003,-0.0000,0.3055,-0.0000,0.0000,-0.0107,0.2607,-0.0017,0.1788,0.2896,-0.0167,29.5894,33.2084,-0.0687,nan,nan,nan,nan
6.1801,0.0003,-0.0000,0.3055,0.0000,-0.0000,-0.0107,0.2607,-0.0019,0.1788,0.2896,-0.0529,29.5868,33.2158,-0.0654,nan,nan,nan,nan
6.2065,0.0003,-0.0000,0.3055,0.0000,-0.0000,-0.0107,0.2607,-0.0020,0.1788,0.2896,-0.0780,29.5847,33.2233,-0.0629,nan,nan,nan,nan
6.2275,0.0003,-0.0000,0.3055,-0.0001,0.0000,-0.0107,0.2607,-0.0021,0.1788,0.2896,-0.1006,29.5844,33.2314,-0.0623,nan,nan,nan,nan
6.2503,0.0003,-0.0000,0.3055,-0.0000,0.0000,-0.0107,0.2607,-0.0022,0.1788,0.2896,-0.1141,29.5863,33.2342,-0.0608,nan,nan,nan,nan
6.2737,0.0003,-0.0000,0.3055,-0.0000,0.0000,-0.0107,0.2607,-0.0022,0.1789,0.2896,-0.1260,29.5888,33.2361,-0.0563,nan,nan,nan,nan
6.2963,0.0003,-0.0000,0.3055,-0.0000,0.0000,-0.0107,0.2607,-0.0023,0.1789,0.2895,-0.1384,29.5923,33.2378,-0.0510,nan,nan,nan,nan
6.3215,0.0003,-0.0000,0.3055,-0.0000,-0.0000,-0.0107,0.2607,-0.0024,0.1789,0.2895,-0.1662,29.5995,33.2397,-0.0349,nan,nan,nan,nan
6.3449,0.0003,-0.0000,0.3055,-0.0000,-0.0000,-0.0107,0.2607,-0.0025,0.1789,0.2895,-0.1804,29.6033,33.2396,-0.0276,nan,nan,nan,nan
6.3680,0.0003,-0.0000,0.3055,-0.0000,-0.0000,-0.0107,0.2607,-0.0026,0.1789,0.2895,-0.2000,29.6077,33.2379,-0.0220,nan,nan,nan,nan
6.7308,0.0003,-0.0000,0.3055,-0.0000,-0.0000,-0.0107,0.2607,-0.0026,0.1789,0.2895,-0.2114,29.6116,33.2350,-0.0230,nan,nan,nan,nan
6.7530,0.0003,-0.0000,0.3055,-0.0000,-0.0000,-0.0107,0.2607,-0.0024,0.1790,0.2895,-0.1565,29.6167,33.2370,-0.0515,nan,nan,nan,nan
6.7811,0.0003,-0.0000,0.3055,-0.0000,0.0000,-0.0107,0.2607,-0.0023,0.1790,0.2895,-0.1507,29.6166,33.2367,-0.0528,nan,nan,nan,nan
6.8118,0.0003,-0.0000,0.3055,-0.0001,-0.0000,-0.0107,0.2607,-0.0023,0.1790,0.2895,-0.1332,29.6160,33.2351,-0.0562,nan,nan,nan,nan
6.8343,0.0003,-0.0000,0.3055,-0.0001,-0.0000,-0.0107,0.2607,-0.0022,0.1789,0.2895,-0.1249,29.6157,33.2302,-0.0580,nan,nan,nan,nan
6.8623,0.0003,-0.0000,0.3055,-0.0000,0.0000,-0.0107,0.2607,-0.0022,0.1789,0.2895,-0.1213,29.6154,33.2260,-0.0599,nan,nan,nan,nan
6.8922,0.0003,-0.0000,0.3055,-0.0000,-0.0000,-0.0107,0.2607,-0.0022,0.1789,0.2896,-0.1163,29.6156,33.2198,-0.0620,nan,nan,nan,nan
6.9234,0.0003,-0.0000,0.3055,-0.0000,0.0000,-0.0107,0.2607,-0.0021,0.1789,0.2896,-0.1091,29.6143,33.2151,-0.0668,nan,nan,nan,nan
6.9485,0.0003,-0.0000,0.3055,-0.0000,0.0000,-0.0107,0.2607,-0.0021,0.1789,0.2896,-0.1009,29.6113,33.2145,-0.0708,nan,nan,nan,nan
6.9757,0.0003,-0.0000,0.3055,-0.0000,0.0000,-0.0107,0.2607,-0.0021,0.1789,0.2896,-0.0960,29.6104,33.2127,-0.0756,nan,nan,nan,nan
6.9958,0.0003,-0.0000,0.3055,-0.0000,-0.0000,-0.0107,0.2607,-0.0021,0.1789,0.2896,-0.0942,29.6104,33.2123,-0.0757,nan,nan,nan,nan
7.0230,0.0003,-0.0000,0.3055,-0.0000,0.0000,-0.0107,0.2607,-0.0021,0.1789,0.2896,-0.0909,29.6102,33.2113,-0.0707,nan,nan,nan,nan
7.0554,0.0003,-0.0000,0.3055,-0.0000,-0.0000,-0.0107,0.2607,-0.0021,0.1789,0.2896,-0.0976,29.6103,33.2078,-0.0629,nan,nan,nan,nan
7.0824,0.0003,-0.0000,0.3055,-0.0000,-0.0000,-0.0107,0.2607,-0.0021,0.1788,0.2896,-0.1060,29.6084,33.2074,-0.0571,nan,nan,nan,nan
7.1050,0.0003,-0.0000,0.3055,-0.0000,0.0000,-0.0107,0.2607,-0.0022,0.1788,0.2896,-0.1092,29.6077,33.2071,-0.0557,nan,nan,nan,nan
7.1330,0.0003,-0.0000,0.3055,-0.0000,0.0000,-0.0107,0.2607,-0.0022,0.1788,0.2896,-0.1168,29.6047,33.2040,-0.0512,nan,nan,nan,nan
7.1550,0.0003,-0.0000,0.3055,-0.0000,0.0000,-0.0107,0.2607,-0.0022,0.1788,0.2896,-0.1174,29.6033,33.1993,-0.0445,nan,nan,nan,nan
7.1803,0.0003,-0.0000,0.3055,-0.0000,-0.0000,-0.0107,0.2607,-0.0022,0.1788,0.2896,-0.1175,29.6020,33.1927,-0.0370,nan,nan,nan,nan
7.2055,0.0003,-0.0000,0.3055,-0.0000,-0.0000,-0.0107,0.2607,-0.0022,0.1788,0.2896,-0.1165,29.6016,33.1895,-0.0351,nan,nan,nan,nan
7.2374,0.0003,-0.0000,0.3055,-0.0000,-0.0000,-0.0107,0.2607,-0.0022,0.1787,0.2897,-0.1137,29.6008,33.1860,-0.0374,nan,nan,nan,nan
7.2660,0.0003,-0.0000,0.3055,-0.0000,0.0000,-0.0107,0.2607,-0.0021,0.1787,0.2897,-0.1061,29.5995,33.1799,-0.0439,nan,nan,nan,nan
7.2939,0.0003,-0.0000,0.3055,-0.0000,0.0000,-0.0107,0.2607,-0.0021,0.1787,0.2897,-0.1003,29.5979,33.1783,-0.0457,nan,nan,nan,nan
7.3197,0.0003,-0.0000,0.3055,-0.0000,0.0000,-0.0107,0.2607,-0.0021,0.1787,0.2897,-0.0895,29.5960,33.1761,-0.0479,nan,nan,nan,nan
7.3415,0.0003,-0.0000,0.3055,-0.0000,0.0000,-0.0107,0.2607,-0.0020,0.1787,0.2897,-0.0776,29.5948,33.1743,-0.0477,nan,nan,nan,nan
7.3644,0.0003,-0.0000,0.3055,-0.0000,0.0000,-0.0107,0.2607,-0.0019,0.1787,0.2897,-0.0631,29.5951,33.1735,-0.0484,nan,nan,nan,nan
7.3892,0.0003,-0.0000,0.3055,-0.0000,-0.0000,-0.0107,0.2607,-0.0019,0.1787,0.2897,-0.0583,29.5951,33.1733,-0.0483,nan,nan,nan,nan
7.4200,0.0003,-0.0000,0.3055,-0.0000,-0.0000,-0.0107,0.2607,-0.0018,0.1787,0.2897,-0.0408,29.5950,33.1707,-0.0487,nan,nan,nan,nan
7.4418,0.0003,-0.0000,0.3055,-0.0000,-0.0000,-0.0107,0.2608,-0.0018,0.1787,0.2897,-0.0353,29.5944,33.1672,-0.0498,nan,nan,nan,nan
7.4640,0.0003,-0.0000,0.3055,-0.0000,0.0000,-0.0107,0.2608,-0.0018,0.1786,0.2897,-0.0328,29.5934,33.1620,-0.0543,nan,nan,nan,nan
7.4938,0.0003,-0.0000,0.3055,-0.0000,0.0000,-0.0107,0.2608,-0.0018,0.1786,0.2897,-0.0376,29.5928,33.1561,-0.0606,nan,nan,nan,nan
7.5174,0.0003,-0.0000,0.3055,-0.0000,0.0000,-0.0107,0.2608,-0.0019,0.1786,0.2897,-0.0437,29.5933,33.1530,-0.0632,nan,nan,nan,nan
7.5407,0.0003,-0.0000,0.3055,-0.0000,0.0000,-0.0107,0.2608,-0.0019,0.1786,0.2897,-0.0543,29.5924,33.1540,-0.0652,nan,nan,nan,nan
7.5775,0.0003,-0.0000,0.3055,-0.0000,-0.0000,-0.0107,0.2608,-0.0019,0.1786,0.2897,-0.0643,29.5921,33.1553,-0.0722,nan,nan,nan,nan
7.6046,0.0003,-0.0000,0.3055,-0.0000,-0.0000,-0.0107,0.2608,-0.0020,0.1786,0.2897,-0.0725,29.5923,33.1561,-0.0800,nan,nan,nan,nan
7.6330,0.0003,-0.0000,0.3055,-0.0000,-0.0000,-0.0107,0.2608,-0.0020,0.1786,0.2897,-0.0749,29.5927,33.1562,-0.0809,nan,nan,nan,nan
7.6654,0.0003,-0.0000,0.3055,-0.0000,0.0000,-0.0107,0.2608,-0.0020,0.1786,0.2897,-0.0834,29.5929,33.1590,-0.0768,nan,nan,nan,nan
7.7009,0.0003,-0.0000,0.3055,-0.0000,-0.0000,-0.0107,0.2608,-0.0021,0.1786,0.2897,-0.0955,29.5953,33.1615,-0.0717,nan,nan,nan,nan
7.7363,0.0003,-0.0000,0.3055,-0.0000,0.0000,-0.0107,0.2608,-0.0021,0.1787,0.2897,-0.1047,29.5977,33.1643,-0.0652,nan,nan,nan,nan
7.7578,0.0003,-0.0000,0.3055,-0.0000,0.0000,-0.0107,0.2608,-0.0021,0.1787,0.2897,-0.1082,29.5983,33.1663,-0.0640,nan,nan,nan,nan
7.7790,0.0003,-0.0000,0.3055,-0.0000,-0.0000,-0.0107,0.2607,-0.0022,0.1787,0.2897,-0.1121,29.5976,33.1715,-0.0646,nan,nan,nan,nan
7.8128,0.0003,-0.0000,0.3055,-0.0000,0.0000,-0.0107,0.2607,-0.0022,0.1787,0.2897,-0.1135,29.5968,33.1748,-0.0665,nan,nan,nan,nan
7.8410,0.0003,-0.0000,0.3055,-0.0000,-0.0000,-0.0107,0.2607,-0.0022,0.1787,0.2897,-0.1129,29.5972,33.1758,-0.0691,nan,nan,nan,nan
7.8617,0.0003,-0.0000,0.3055,-0.0000,-0.0000,-0.0107,0.2607,-0.0022,0.1787,0.2897,-0.1132,29.5980,33.1748,-0.0707,nan,nan,nan,nan
7.8819,0.0003,-0.0000,0.3055,0.0000,-0.0000,-0.0107,0.2607,-0.0022,0.1787,0.2897,-0.1133,29.5982,33.1738,-0.0723,nan,nan,nan,nan
7.9070,0.0003,-0.0000,0.3055,-0.0000,-0.0000,-0.0107,0.2607,-0.0022,0.1787,0.2897,-0.1152,29.5981,33.1731,-0.0761,nan,nan,nan,nan
7.9293,0.0003,-0.0000,0.3055,-0.0000,-0.0000,-0.0107,0.2607,-0.0022,0.1787,0.2897,-0.1160,29.5978,33.1741,-0.0766,nan,nan,nan,nan
7.9512,0.0003,-0.0000,0.3055,-0.0000,-0.0000,-0.0107,0.2607,-0.0022,0.1787,0.2897,-0.1147,29.5991,33.1758,-0.0763,nan,nan,nan,nan
7.9815,0.0003,-0.0000,0.3055,-0.0000,0.0000,-0.0107,0.2607,-0.0022,0.1787,0.2897,-0.1112,29.6030,33.1765,-0.0759,nan,nan,nan,nan
8.0020,0.0003,-0.0000,0.3055,-0.0000,0.0000,-0.0107,0.2607,-0.0022,0.1787,0.2897,-0.1086,29.6060,33.1768,-0.0742,nan,nan,nan,nan
8.0236,0.0003,-0.0000,0.3055,0.0000,0.0000,-0.0107,0.2607,-0.0022,0.1787,0.2897,-0.1056,29.6100,33.1773,-0.0728,nan,nan,nan,nan
8.0546,0.0003,-0.0000,0.3055,-0.0000,-0.0000,-0.0107,0.2607,-0.0022,0.1787,0.2897,-0.1020,29.6136,33.1806,-0.0720,nan,nan,nan,nan
8.0846,0.0003,-0.0000,0.3055,-0.0000,0.0000,-0.0107,0.2607,-0.0022,0.1787,0.2897,-0.0932,29.6156,33.1862,-0.0758,nan,nan,nan,nan
8.1065,0.0003,-0.0000,0.3055,-0.0000,0.0000,-0.0107,0.2607,-0.0022,0.1787,0.2897,-0.0819,29.6171,33.1896,-0.0815,nan,nan,nan,nan
8.1333,0.0003,-0.0000,0.3055,-0.0000,0.0000,-0.0107,0.2607,-0.0020,0.1788,0.2896,-0.0773,29.6176,33.1905,-0.0837,nan,nan,nan,nan
8.1543,0.0003,-0.0000,0.3055,-0.0000,-0.0000,-0.0107,0.2607,-0.0019,0.1789,0.2896,-0.0595,29.6200,33.1923,-0.0885,nan,nan,nan,nan
8.1799,0.0003,-0.0000,0.3055,-0.0000,-0.0000,-0.0107,0.2607,-0.0019,0.1789,0.2896,-0.0454,29.6224,33.1920,-0.0861,nan,nan,nan,nan
8.2001,0.0003,-0.0000,0.3055,-0.0000,-0.0000,-0.0107,0.2608,-0.0018,0.1789,0.2896,-0.0356,29.6232,33.1918,-0.0865,nan,nan,nan,nan
8.2229,0.0003,-0.0000,0.3055,0.0000,0.0000,-0.0107,0.2607,-0.0017,0.1789,0.2896,-0.0198,29.6239,33.1936,-0.0813,nan,nan,nan,nan
8.2441,0.0003,-0.0000,0.3055,-0.0000,0.0000,-0.0107,0.2607,-0.0017,0.1789,0.2896,-0.0123,29.6246,33.1986,-0.0821,nan,nan,nan,nan
8.2704,0.0003,-0.0000,0.3055,-0.0000,-0.0000,-0.0107,0.2607,-0.0017,0.1789,0.2896,-0.0059,29.6278,33.2021,-0.0824,nan,nan,nan,nan
8.2918,0.0003,-0.0000,0.3055,-0.0000,-0.0000,-0.0107,0.2607,-0.0017,0.1789,0.2896,-0.0056,29.6280,33.2043,-0.0799,nan,nan,nan,nan
8.3123,0.0003,-0.0000,0.3055,-0.0000,0.0000,-0.0107,0.2607,-0.0017,0.1789,0.2896,-0.0060,29.6260,33.2061,-0.0789,nan,nan,nan,nan
8.3441,0.0003,-0.0000,0.3055,-0.0000,-0.0000,-0.0107,0.2607,-0.0017,0.1789,0.2896,-0.0080,29.6225,33.2077,-0.0790,nan,nan,nan,nan
8.3779,0.0003,-0.0000,0.3055,-0.0000,-0.0000,-0.0107,0.2607,-0.0017,0.1789,0.2896,-0.0113,29.6208,33.2077,-0.0746,nan,nan,nan,nan
8.3980,0.0003,-0.0000,0.3055,-0.0000,-0.0000,-0.0107,0.2607,-0.0017,0.1789,0.2896,-0.0124,29.6200,33.2094,-0.0739,nan,nan,nan,nan
8.4208,0.0003,-0.0000,0.3055,-0.0001,-0.0000,-0.0107,0.2607,-0.0017,0.1789,0.2896,-0.0131,29.6209,33.2119,-0.0745,nan,nan,nan,nan
8.4474,0.0003,-0.0000,0.3055,-0.0000,-0.0000,-0.0107,0.2607,-0.0017,0.1789,0.2896,-0.0138,29.6230,33.2137,-0.0768,nan,nan,nan,nan
8.4692,0.0003,-0.0000,0.3055,-0.0000,-0.0000,-0.0107,0.2607,-0.0017,0.1789,0.2896,-0.0140,29.6246,33.2150,-0.0796,nan,nan,nan,nan
8.4974,0.0003,-0.0000,0.3055,-0.0000,-0.0000,-0.0107,0.2607,-0.0017,0.1790,0.2896,-0.0135,29.6268,33.2148,-0.0805,nan,nan,nan,nan
8.5297,0.0003,-0.0000,0.3055,-0.0001,0.0000,-0.0107,0.2607,-0.0017,0.1790,0.2896,-0.0101,29.6306,33.2141,-0.0833,nan,nan,nan,nan
8.5597,0.0003,-0.0000,0.3055,0.0000,0.0000,-0.0107,0.2607,-0.0017,0.1790,0.2896,-0.0068,29.6348,33.2113,-0.0833,nan,nan,nan,nan
8.5951,0.0003,-0.0000,0.3055,-0.0000,-0.0000,-0.0107,0.2607,-0.0017,0.1790,0.2896,-0.0029,29.6371,33.2073,-0.0697,nan,nan,nan,nan
8.6202,0.0003,-0.0000,0.3055,-0.0000,-0.0000,-0.0107,0.2608,-0.0017,0.1790,0.2896,0.0008,29.6391,33.2023,-0.0554,nan,nan,nan,nan
8.6459,0.0003,-0.0000,0.3055,-0.0000,-0.0000,-0.0107,0.2608,-0.0016,0.1790,0.2896,0.0022,29.6400,33.2007,-0.0513,nan,nan,nan,nan
8.6735,0.0003,-0.0000,0.3055,0.0000,0.0000,-0.0107,0.2608,-0.0016,0.1790,0.2896,0.0076,29.6430,33.1937,-0.0389,nan,nan,nan,nan
8.6997,0.0003,-0.0000,0.3055,0.0000,0.0000,-0.0107,0.2608,-0.0016,0.1790,0.2896,0.0067,29.6447,33.1895,-0.0302,nan,nan,nan,nan
8.7221,0.0003,-0.0000,0.3055,0.0000,0.0000,-0.0107,0.2608,-0.0016,0.1790,0.2896,0.0054,29.6451,33.1887,-0.0274,nan,nan,nan,nan
8.7424,0.0003,-0.0000,0.3055,-0.0000,-0.0000,-0.0107,0.2608,-0.0017,0.1790,0.2896,-0.0049,29.6468,33.1885,-0.0128,nan,nan,nan,nan
8.7698,0.0003,-0.0000,0.3055,-0.0000,0.0000,-0.0107,0.2608,-0.0018,0.1789,0.2896,-0.0231,29.6479,33.1819,-0.0065,nan,nan,nan,nan
8.7957,0.0003,-0.0000,0.3055,-0.0000,0.0000,-0.0107,0.2608,-0.0019,0.1789,0.2896,-0.0438,29.6473,33.1739,-0.0044,nan,nan,nan,nan
8.8261,0.0003,-0.0000,0.3055,-0.0000,-0.0000,-0.0107,0.2608,-0.0019,0.1789,0.2896,-0.0633,29.6474,33.1719,-0.0049,nan,nan,nan,nan
8.8470,0.0003,-0.0000,0.3055,-0.0000,-0.0000,-0.0107,0.2608,-0.0020,0.1789,0.2896,-0.0764,29.6479,33.1724,0.0015,nan,nan,nan,nan
8.8689,0.0003,-0.0000,0.3055,-0.0000,0.0000,-0.0107,0.2608,-0.0020,0.1789,0.2896,-0.0809,29.6478,33.1725,0.0046,nan,nan,nan,nan
8.8986,0.0003,-0.0000,0.3055,-0.0000,-0.0000,-0.0107,0.2608,-0.0021,0.1789,0.2896,-0.0982,29.6474,33.1689,0.0193,nan,nan,nan,nan
8.9244,0.0003,-0.0000,0.3055,-0.0000,-0.0000,-0.0107,0.2608,-0.0022,0.1789,0.2896,-0.1074,29.6462,33.1672,0.0260,nan,nan,nan,nan
8.9523,0.0003,-0.0000,0.3055,-0.0001,-0.0000,-0.0106,0.2608,-0.0022,0.1789,0.2897,-0.1240,29.6461,33.1621,0.0352,nan,nan,nan,nan
8.9733,0.0003,-0.0000,0.3055,-0.0001,0.0000,-0.0107,0.2608,-0.0022,0.1789,0.2897,-0.1287,29.6465,33.1594,0.0378,nan,nan,nan,nan
9.0041,0.0003,-0.0000,0.3055,0.0000,-0.0000,-0.0107,0.2608,-0.0022,0.1789,0.2897,-0.1301,29.6455,33.1566,0.0400,nan,nan,nan,nan
9.0356,0.0003,-0.0000,0.3055,-0.0000,-0.0000,-0.0107,0.2608,-0.0022,0.1789,0.2897,-0.1255,29.6464,33.1555,0.0431,nan,nan,nan,nan
9.0686,0.0003,-0.0000,0.3055,-0.0000,-0.0000,-0.0108,0.2608,-0.0022,0.1789,0.2897,-0.1172,29.6458,33.1593,0.0444,nan,nan,nan,nan
9.0905,0.0003,-0.0000,0.3055,-0.0000,-0.0000,-0.0108,0.2608,-0.0022,0.1789,0.2897,-0.1146,29.6456,33.1610,0.0461,nan,nan,nan,nan
9.1146,0.0003,-0.0000,0.3055,-0.0000,0.0000,-0.0107,0.2608,-0.0022,0.1789,0.2897,-0.1146,29.6468,33.1606,0.0476,nan,nan,nan,nan
9.1349,0.0003,-0.0000,0.3055,-0.0001,0.0001,-0.0106,0.2608,-0.0022,0.1789,0.2896,-0.1160,29.6479,33.1621,0.0454,nan,nan,nan,nan
9.1710,0.0003,-0.0000,0.3055,0.0000,0.0011,-0.0107,0.2608,-0.0022,0.1789,0.2896,-0.1208,29.6483,33.1643,0.0373,nan,nan,nan,nan
9.1928,0.0003,-0.0000,0.3055,0.0000,0.0011,-0.0107,0.2608,-0.0022,0.1789,0.2896,-0.1243,29.6480,33.1672,0.0305,nan,nan,nan,nan
9.2172,0.0003,-0.0000,0.3055,-0.0000,0.0041,-0.0107,0.2608,-0.0022,0.1789,0.2896,-0.1269,29.6477,33.1764,0.0189,nan,nan,nan,nan
9.2439,0.0003,0.0000,0.3055,-0.0000,0.0104,-0.0108,0.2608,-0.0022,0.1789,0.2896,-0.1270,29.6497,33.1828,0.0052,nan,nan,nan,nan
9.2698,0.0004,0.0000,0.3055,-0.0000,0.0104,-0.0108,0.2608,-0.0022,0.1789,0.2896,-0.1266,29.6518,33.1848,-0.0016,nan,nan,nan,nan
9.2910,0.0004,-0.0000,0.3055,-0.0000,0.0206,-0.0107,0.2609,-0.0022,0.1790,0.2896,-0.1232,29.6547,33.1881,0.0016,nan,nan,nan,nan
9.3247,0.0005,-0.0000,0.3056,-0.0000,0.0356,-0.0109,0.2609,-0.0022,0.1789,0.2896,-0.1177,29.6579,33.1901,0.0069,nan,nan,nan,nan
9.3505,0.0006,0.0000,0.3056,-0.0000,0.0356,-0.0109,0.2609,-0.0022,0.1789,0.2895,-0.1101,29.6614,33.1893,0.0099,nan,nan,nan,nan
9.3739,0.0007,0.0000,0.3057,-0.0000,0.0561,-0.0108,0.2610,-0.0021,0.1789,0.2895,-0.1042,29.6632,33.1889,0.0095,nan,nan,nan,nan
9.3977,0.0009,0.0000,0.3057,0.0000,0.0828,-0.0109,0.2611,-0.0020,0.1789,0.2895,-0.0894,29.6662,33.1895,0.0063,nan,nan,nan,nan
9.4246,0.0010,0.0000,0.3058,0.0000,0.1163,-0.0110,0.2612,-0.0020,0.1788,0.2895,-0.0805,29.6688,33.1906,-0.0007,nan,nan,nan,nan
9.4475,0.0011,0.0000,0.3059,0.0000,0.1163,-0.0110,0.2613,-0.0020,0.1788,0.2895,-0.0766,29.6720,33.1911,-0.0024,nan,nan,nan,nan
9.4703,0.0013,0.0000,0.3059,0.0000,0.1570,-0.0109,0.2613,-0.0020,0.1788,0.2895,-0.0758,29.6734,33.1915,-0.0024,nan,nan,nan,nan
9.4948,0.0015,0.0000,0.3060,-0.0001,0.2053,-0.0110,0.2615,-0.0020,0.1787,0.2895,-0.0731,29.6797,33.1907,0.0002,nan,nan,nan,nan
9.5249,0.0017,0.0000,0.3061,-0.0001,0.2053,-0.0110,0.2616,-0.0020,0.1787,0.2895,-0.0696,29.6823,33.1926,0.0073,nan,nan,nan,nan
9.5490,0.0019,0.0000,0.3062,-0.0000,0.2617,-0.0110,0.2617,-0.0020,0.1786,0.2895,-0.0688,29.6829,33.1938,0.0099,nan,nan,nan,nan
9.5705,0.0022,0.0000,0.3063,-0.0001,0.3266,-0.0110,0.2618,-0.0020,0.1785,0.2894,-0.0657,29.6847,33.2002,0.0160,nan,nan,nan,nan
9.5993,0.0025,0.0000,0.3065,-0.0001,0.3266,-0.0110,0.2620,-0.0019,0.1785,0.2894,-0.0646,29.6853,33.2018,0.0164,nan,nan,nan,nan
9.6240,0.0026,0.0000,0.3065,-0.0000,0.4006,-0.0111,0.2621,-0.0019,0.1784,0.2894,-0.0602,29.6865,33.2059,0.0154,nan,nan,nan,nan
9.6444,0.0028,-0.0000,0.3066,-0.0000,0.4006,-0.0111,0.2622,-0.0019,0.1783,0.2894,-0.0551,29.6866,33.2091,0.0126,nan,nan,nan,nan
9.6720,0.0030,-0.0000,0.3068,-0.0000,0.4836,-0.0111,0.2623,-0.0019,0.1783,0.2894,-0.0485,29.6856,33.2133,0.0091,nan,nan,nan,nan
9.7005,0.0036,-0.0000,0.3070,-0.0000,0.5762,-0.0111,0.2626,-0.0018,0.1781,0.2894,-0.0339,29.6831,33.2219,0.0095,nan,nan,nan,nan
9.7230,0.0040,-0.0000,0.3072,-0.0000,0.5762,-0.0111,0.2629,-0.0018,0.1780,0.2894,-0.0218,29.6821,33.2284,0.0132,nan,nan,nan,nan
9.7447,0.0043,0.0000,0.3073,-0.0000,0.6789,-0.0111,0.2630,-0.0017,0.1779,0.2893,-0.0168,29.6819,33.2306,0.0136,nan,nan,nan,nan
9.7658,0.0048,0.0000,0.3076,-0.0000,0.7920,-0.0111,0.2633,-0.0016,0.1777,0.2893,0.0116,29.6836,33.2364,0.0148,nan,nan,nan,nan
9.8035,0.0055,0.0000,0.3079,-0.0000,0.9156,-0.0110,0.2637,-0.0014,0.1775,0.2893,0.0495,29.6876,33.2357,0.0147,nan,nan,nan,nan
9.8290,0.0062,0.0000,0.3082,-0.0000,1.0505,-0.0110,0.2642,-0.0012,0.1772,0.2893,0.0931,29.6891,33.2340,0.0140,nan,nan,nan,nan
9.8546,0.0068,-0.0000,0.3085,-0.0000,1.0505,-0.0110,0.2645,-0.0011,0.1770,0.2893,0.1294,29.6892,33.2324,0.0121,nan,nan,nan,nan
9.8806,0.0075,-0.0000,0.3088,-0.0000,1.1973,-0.0110,0.2649,-0.0009,0.1768,0.2893,0.1518,29.6894,33.2308,0.0119,nan,nan,nan,nan
9.9030,0.0082,-0.0000,0.3091,-0.0000,1.3560,-0.0109,0.2653,-0.0008,0.1765,0.2893,0.1888,29.6888,33.2265,0.0155,nan,nan,nan,nan
9.9241,0.0089,-0.0000,0.3094,-0.0000,1.5273,-0.0108,0.2657,-0.0007,0.1762,0.2893,0.2087,29.6895,33.2240,0.0166,nan,nan,nan,nan
9.9502,0.0099,-0.0000,0.3099,-0.0000,1.7123,-0.0108,0.2663,-0.0006,0.1759,0.2893,0.2237,29.6933,33.2200,0.0171,nan,nan,nan,nan
9.9778,0.0111,-0.0000,0.3104,-0.0000,1.9110,-0.0107,0.2669,-0.0006,0.1755,0.2893,0.2281,29.6980,33.2148,0.0200,nan,nan,nan,nan
10.0101,0.0123,-0.0000,0.3109,-0.0000,2.1239,-0.0109,0.2676,-0.0006,0.1750,0.2893,0.2271,29.7003,33.2084,0.0173,nan,nan,nan,nan
10.0346,0.0132,-0.0000,0.3113,-0.0000,2.1239,-0.0109,0.2682,-0.0006,0.1746,0.2893,0.2238,29.6998,33.2058,0.0117,nan,nan,nan,nan
10.0559,0.0142,-0.0000,0.3117,-0.0001,2.3524,-0.0108,0.2687,-0.0007,0.1743,0.2893,0.2194,29.7003,33.2041,0.0067,nan,nan,nan,nan
10.0805,0.0149,-0.0000,0.3120,-0.0001,2.5970,-0.0108,0.2691,-0.0007,0.1740,0.2892,0.2172,29.7002,33.2051,0.0056,nan,nan,nan,nan
10.1067,0.0160,-0.0000,0.3125,-0.0001,2.5970,-0.0108,0.2697,-0.0007,0.1736,0.2892,0.2172,29.7003,33.2053,0.0068,nan,nan,nan,nan
10.1283,0.0168,-0.0000,0.3128,-0.0000,2.8578,-0.0108,0.2702,-0.0007,0.1733,0.2892,0.2169,29.7009,33.2057,0.0065,nan,nan,nan,nan
10.1568,0.0180,-0.0000,0.3133,-0.0001,3.1365,-0.0108,0.2708,-0.0007,0.1729,0.2892,0.2142,29.7017,33.2092,0.0061,nan,nan,nan,nan
10.1872,0.0197,-0.0000,0.3140,0.0000,3.4340,-0.0109,0.2717,-0.0007,0.1723,0.2892,0.2095,29.7041,33.2129,0.0067,nan,nan,nan,nan
10.2185,0.0215,-0.0000,0.3147,-0.0000,3.7506,-0.0109,0.2727,-0.0007,0.1716,0.2891,0.2033,29.7038,33.2180,0.0027,nan,nan,nan,nan
10.2470,0.0234,-0.0000,0.3155,-0.0000,4.0875,-0.0108,0.2738,-0.0008,0.1709,0.2891,0.1969,29.7042,33.2263,-0.0027,nan,nan,nan,nan
10.2704,0.0249,-0.0000,0.3161,-0.0000,4.0875,-0.0108,0.2746,-0.0008,0.1704,0.2891,0.1947,29.7062,33.2322,-0.0040,nan,nan,nan,nan
10.2935,0.0260,-0.0000,0.3165,-0.0001,4.4467,-0.0109,0.2752,-0.0008,0.1700,0.2890,0.1941,29.7070,33.2336,-0.0031,nan,nan,nan,nan
10.3267,0.0277,-0.0000,0.3171,0.0000,4.8286,-0.0108,0.2761,-0.0008,0.1694,0.2890,0.1951,29.7101,33.2407,0.0018,nan,nan,nan,nan
10.3519,0.0300,-0.0000,0.3180,-0.0000,5.2339,-0.0108,0.2773,-0.0008,0.1685,0.2890,0.2002,29.7109,33.2503,0.0082,nan,nan,nan,nan
10.3740,0.0318,-0.0000,0.3186,-0.0000,5.2339,-0.0108,0.2783,-0.0007,0.1678,0.2889,0.2042,29.7121,33.2559,0.0121,nan,nan,nan,nan
10.3959,0.0331,-0.0000,0.3191,-0.0000,5.6653,-0.0108,0.2790,-0.0007,0.1673,0.2889,0.2115,29.7156,33.2650,0.0181,nan,nan,nan,nan
10.4222,0.0351,-0.0000,0.3198,-0.0000,6.1240,-0.0108,0.2800,-0.0007,0.1666,0.2889,0.2183,29.7200,33.2719,0.0234,nan,nan,nan,nan
10.4447,0.0372,-0.0000,0.3205,-0.0000,6.1240,-0.0108,0.2811,-0.0007,0.1658,0.2888,0.2223,29.7241,33.2762,0.0295,nan,nan,nan,nan
10.4654,0.0394,-0.0000,0.3213,-0.0000,6.6102,-0.0108,0.2822,-0.0006,0.1649,0.2888,0.2236,29.7264,33.2776,0.0295,nan,nan,nan,nan
10.4872,0.0417,-0.0000,0.3220,-0.0000,7.1266,-0.0109,0.2834,-0.0007,0.1640,0.2888,0.2175,29.7315,33.2792,0.0245,nan,nan,nan,nan
10.5195,0.0442,-0.0000,0.3228,0.0000,7.6758,-0.0108,0.2847,-0.0007,0.1631,0.2887,0.2070,29.7359,33.2812,0.0189,nan,nan,nan,nan
10.5411,0.0467,-0.0000,0.3236,0.0000,7.6758,-0.0108,0.2855,-0.0007,0.1624,0.2881,0.2018,29.7391,33.2826,0.0149,nan,nan,nan,nan
10.5659,0.0503,-0.0000,0.3247,0.0000,8.2585,-0.0109,0.2878,-0.0008,0.1607,0.2886,0.1979,29.7458,33.2868,0.0151,nan,nan,nan,nan
10.5886,0.0521,-0.0000,0.3253,-0.0000,8.8764,-0.0109,0.2887,-0.0008,0.1599,0.2886,0.1970,29.7503,33.2893,0.0154,nan,nan,nan,nan
10.6185,0.0551,-0.0000,0.3261,-0.0000,9.5334,-0.0108,0.2902,-0.0008,0.1588,0.2886,0.1963,29.7618,33.2916,0.0107,nan,nan,nan,nan
10.6437,0.0592,-0.0000,0.3272,-0.0000,10.2310,-0.0108,0.2922,-0.0008,0.1571,0.2885,0.1918,29.7732,33.2928,0.0069,nan,nan,nan,nan
10.6692,0.0636,-0.0000,0.3284,-0.0000,10.9704,-0.0108,0.2943,-0.0009,0.1553,0.2884,0.1768,29.7842,33.2970,0.0092,nan,nan,nan,nan
10.6999,0.0683,-0.0000,0.3296,-0.0001,11.7560,-0.0108,0.2965,-0.0010,0.1534,0.2884,0.1540,29.7984,33.3025,0.0166,nan,nan,nan,nan
10.7241,0.0720,-0.0000,0.3304,-0.0001,11.7560,-0.0108,0.2983,-0.0010,0.1518,0.2883,0.1405,29.8080,33.3064,0.0194,nan,nan,nan,nan
10.7504,0.0745,-0.0000,0.3310,-0.0001,12.5911,-0.0108,0.2995,-0.0011,0.1507,0.2883,0.1342,29.8138,33.3081,0.0179,nan,nan,nan,nan
10.7790,0.0786,-0.0000,0.3319,-0.0000,13.4766,-0.0107,0.3013,-0.0011,0.1490,0.2882,0.1265,29.8214,33.3096,0.0143,nan,nan,nan,nan
10.8056,0.0828,-0.0000,0.3327,-0.0000,13.4766,-0.0107,0.3032,-0.0011,0.1472,0.2882,0.1217,29.8267,33.3109,0.0137,nan,nan,nan,nan
10.8282,0.0857,-0.0000,0.3333,-0.0000,14.4164,-0.0107,0.3045,-0.0011,0.1459,0.2881,0.1183,29.8327,33.3111,0.0139,nan,nan,nan,nan
10.8545,0.0903,-0.0000,0.3341,-0.0000,15.4163,-0.0103,0.3066,-0.0011,0.1439,0.2881,0.1164,29.8461,33.3124,0.0117,nan,nan,nan,nan
10.8831,0.0967,-0.0000,0.3351,-0.0000,16.4754,-0.0028,0.3094,-0.0011,0.1410,0.2880,0.1181,29.8605,33.3133,0.0136,nan,nan,nan,nan
10.9112,0.1035,-0.0001,0.3361,-0.0000,17.5929,0.0213,0.3123,-0.0011,0.1379,0.2879,0.1114,29.8764,33.3148,0.0138,nan,nan,nan,nan
10.9428,0.1109,-0.0001,0.3372,-0.0001,18.7802,0.0489,0.3154,-0.0011,0.1347,0.2879,0.0991,29.8930,33.3151,0.0149,nan,nan,nan,nan
10.9655,0.1186,-0.0001,0.3383,0.0000,20.0398,0.0695,0.3186,-0.0011,0.1313,0.2878,0.0854,29.9033,33.3206,0.0124,nan,nan,nan,nan
10.9996,0.1269,-0.0001,0.3392,0.0000,21.3510,0.1255,0.3220,-0.0010,0.1278,0.2876,0.0576,29.9117,33.3336,0.0111,nan,nan,nan,nan
11.0224,0.1335,-0.0001,0.3398,0.0000,21.3510,0.1255,0.3247,-0.0010,0.1251,0.2875,0.0296,29.9214,33.3424,0.0119,nan,nan,nan,nan
11.0499,0.1405,-0.0002,0.3403,0.0000,22.7179,0.2165,0.3277,-0.0009,0.1222,0.2874,0.0088,29.9278,33.3481,0.0103,nan,nan,nan,nan
11.0706,0.1454,-0.0002,0.3406,0.0001,24.1234,0.3390,0.3297,-0.0008,0.1202,0.2874,-0.0252,29.9292,33.3564,0.0053,nan,nan,nan,nan
11.0919,0.1530,-0.0002,0.3409,0.0001,24.1234,0.3390,0.3332,-0.0007,0.1171,0.2873,-0.0475,29.9223,33.3601,0.0023,nan,nan,nan,nan
11.1141,0.1612,-0.0003,0.3411,0.0001,25.5218,0.4891,0.3370,-0.0005,0.1140,0.2872,-0.0804,29.9030,33.3621,0.0013,nan,nan,nan,nan
11.1400,0.1698,-0.0003,0.3412,0.0001,26.9017,0.6664,0.3413,-0.0003,0.1109,0.2872,-0.1215,29.8745,33.3614,0.0066,nan,nan,nan,nan
11.1694,0.1789,-0.0003,0.3412,0.0001,28.2726,0.8685,0.3460,-0.0000,0.1077,0.2871,-0.1501,29.8511,33.3649,0.0090,nan,nan,nan,nan
11.1958,0.1886,-0.0003,0.3410,0.0001,28.2726,0.8685,0.3513,0.0003,0.1045,0.2870,-0.1793,29.8204,33.3684,0.0107,nan,nan,nan,nan
11.2186,0.1954,-0.0003,0.3409,0.0002,29.6142,1.0924,0.3551,0.0004,0.1024,0.2870,-0.1985,29.7946,33.3698,0.0097,nan,nan,nan,nan
11.2410,0.2060,-0.0003,0.3406,0.0001,30.9124,1.3386,0.3614,0.0008,0.0993,0.2870,-0.2224,29.7537,33.3697,0.0085,nan,nan,nan,nan
11.2672,0.2211,-0.0003,0.3401,0.0002,32.1811,1.6041,0.3707,0.0012,0.0952,0.2870,-0.2461,29.7019,33.3696,0.0114,nan,nan,nan,nan
11.2938,0.2332,-0.0003,0.3396,0.0002,32.1811,1.6041,0.3784,0.0016,0.0921,0.2869,-0.2556,29.6768,33.3675,0.0141,nan,nan,nan,nan
11.3160,0.2416,-0.0003,0.3392,0.0002,33.4204,1.8845,0.3839,0.0019,0.0900,0.2869,-0.2629,29.6488,33.3649,0.0170,nan,nan,nan,nan
11.3408,0.2548,-0.0002,0.3386,0.0002,34.6166,2.1831,0.3928,0.0024,0.0870,0.2869,-0.2692,29.5815,33.3593,0.0249,nan,nan,nan,nan
11.3783,0.2734,-0.0000,0.3376,0.0002,35.7777,2.4975,0.4057,0.0031,0.0830,0.2870,-0.2688,29.5146,33.3483,0.0237,nan,nan,nan,nan
11.4010,0.2882,0.0001,0.3368,0.0002,35.7777,2.4975,0.4163,0.0036,0.0801,0.2870,-0.2667,29.4832,33.3414,0.0226,nan,nan,nan,nan
11.4227,0.2985,0.0003,0.3363,0.0002,36.9151,2.8188,0.4237,0.0040,0.0781,0.2870,-0.2601,29.4351,33.3307,0.0202,nan,nan,nan,nan
11.4484,0.3145,0.0005,0.3354,0.0002,38.0211,3.1527,0.4356,0.0046,0.0752,0.2870,-0.2503,29.3758,33.3242,0.0155,nan,nan,nan,nan
11.4729,0.3313,0.0008,0.3345,0.0002,38.0211,3.1527,0.4481,0.0053,0.0723,0.2871,-0.2448,29.3278,33.3205,0.0148,nan,nan,nan,nan
11.5009,0.3429,0.0010,0.3339,0.0002,39.0923,3.5041,0.4569,0.0057,0.0704,0.2872,-0.2384,29.2732,33.3164,0.0152,nan,nan,nan,nan
11.5324,0.3610,0.0014,0.3329,0.0002,40.1407,3.8637,0.4708,0.0065,0.0675,0.2873,-0.2201,29.1518,33.3048,0.0125,nan,nan,nan,nan
11.5682,0.3863,0.0020,0.3314,0.0002,41.1704,4.2280,0.4904,0.0075,0.0636,0.2874,-0.2004,29.0174,33.2932,0.0136,nan,nan,nan,nan
11.5895,0.4063,0.0025,0.3303,0.0002,41.1704,4.2280,0.5061,0.0083,0.0607,0.2876,-0.1950,28.9420,33.2879,0.0143,nan,nan,nan,nan
11.6169,0.4200,0.0029,0.3296,0.0002,42.1764,4.6049,0.5170,0.0088,0.0588,0.2877,-0.1916,28.8200,33.2773,0.0117,nan,nan,nan,nan
11.6455,0.4414,0.0036,0.3284,0.0002,43.1667,4.9892,0.5340,0.0097,0.0559,0.2879,-0.1888,28.6902,33.2647,0.0088,nan,nan,nan,nan
11.6689,0.4712,0.0047,0.3267,0.0002,44.1505,5.3711,0.5580,0.0109,0.0521,0.2881,-0.1799,28.5105,33.2520,0.0118,nan,nan,nan,nan
11.6940,0.5025,0.0060,0.3250,0.0002,45.1245,5.7594,0.5835,0.0122,0.0483,0.2884,-0.1672,28.3173,33.2411,0.0167,nan,nan,nan,nan
11.7261,0.5354,0.0074,0.3232,0.0002,46.0899,6.1569,0.6105,0.0137,0.0445,0.2887,-0.1499,28.1095,33.2268,0.0101,nan,nan,nan,nan
11.7521,0.5612,0.0086,0.3218,0.0002,46.0899,6.1569,0.6318,0.0150,0.0416,0.2890,-0.1381,28.0053,33.2181,0.0081,nan,nan,nan,nan
11.7762,0.5969,0.0104,0.3198,0.0002,47.0582,6.5499,0.6615,0.0167,0.0378,0.2893,-0.1089,27.7952,33.1988,0.0069,nan,nan,nan,nan
11.7974,0.6248,0.0120,0.3182,0.0002,48.0294,6.9396,0.6848,0.0182,0.0349,0.2896,-0.0836,27.6332,33.1840,0.0073,nan,nan,nan,nan
11.8184,0.6537,0.0136,0.3166,0.0002,49.0025,7.3364,0.7090,0.0197,0.0321,0.2899,-0.0433,27.4133,33.1640,0.0072,nan,nan,nan,nan
11.8554,0.6835,0.0154,0.3149,0.0003,49.9854,7.7303,0.7341,0.0214,0.0292,0.2902,-0.0113,27.2532,33.1435,0.0092,nan,nan,nan,nan
11.8815,0.7247,0.0181,0.3125,0.0002,50.9846,8.1128,0.7690,0.0237,0.0253,0.2906,0.0268,27.0509,33.1169,0.0127,nan,nan,nan,nan
11.9046,0.7568,0.0203,0.3107,0.0002,50.9846,8.1128,0.7963,0.0256,0.0225,0.2910,0.0483,26.9047,33.0972,0.0144,nan,nan,nan,nan
11.9322,0.7788,0.0219,0.3094,0.0002,51.9973,8.4959,0.8151,0.0269,0.0205,0.2912,0.0583,26.8094,33.0842,0.0153,nan,nan,nan,nan
11.9662,0.8125,0.0244,0.3074,0.0003,53.0273,8.8766,0.8440,0.0289,0.0176,0.2915,0.0709,26.6684,33.0654,0.0174,nan,nan,nan,nan
11.9890,0.8473,0.0271,0.3053,0.0003,53.0273,8.8766,0.8738,0.0311,0.0147,0.2918,0.0774,26.5749,33.0536,0.0203,nan,nan,nan,nan
12.0148,0.8711,0.0291,0.3038,0.0002,54.0816,9.2408,0.8942,0.0326,0.0127,0.2921,0.0825,26.4366,33.0315,0.0263,nan,nan,nan,nan
12.0470,0.9073,0.0322,0.3023,0.0061,55.2384,9.5995,0.9252,0.0351,0.0103,0.2925,0.1207,26.2380,33.1927,-0.0039,nan,nan,nan,nan
12.0713,0.9441,0.0357,0.3015,0.0061,55.2384,9.5995,0.9559,0.0380,0.0107,0.2911,0.2146,25.6772,34.2792,-0.1746,nan,nan,nan,nan
12.0948,0.9822,0.0394,0.3001,-0.0424,56.6991,9.8819,0.9880,0.0405,0.0103,0.2898,0.1980,24.8689,35.3387,-0.3593,nan,nan,nan,nan
12.1214,1.0081,0.0421,0.2992,-0.1439,57.8090,10.0668,1.0098,0.0423,0.0102,0.2889,0.2017,24.1568,36.1772,-0.5057,nan,nan,nan,nan
12.1447,1.0478,0.0464,0.2978,-0.1439,57.8090,10.0668,1.0439,0.0448,0.0100,0.2878,0.1145,22.9926,37.4679,-0.7106,nan,nan,nan,nan
12.1663,1.0749,0.0494,0.2968,-0.3308,58.6893,10.1416,1.0670,0.0469,0.0100,0.2870,0.1206,22.5500,37.9335,-0.7546,nan,nan,nan,nan
12.1923,1.1164,0.0539,0.2954,-0.5393,59.4075,10.2252,1.1022,0.0506,0.0098,0.2859,0.2999,20.5524,39.8284,-0.7728,nan,nan,nan,nan
12.2129,1.1589,0.0587,0.2940,-0.5393,59.4075,10.2252,1.1381,0.0543,0.0097,0.2851,0.4127,19.4160,40.7929,-0.7683,nan,nan,nan,nan
12.2335,1.1877,0.0621,0.2931,-0.8266,59.9856,10.2127,1.1625,0.0566,0.0097,0.2845,0.4922,18.2004,41.7499,-0.7871,nan,nan,nan,nan
12.2572,1.2318,0.0673,0.2917,-1.1740,60.4464,10.1131,1.2001,0.0605,0.0099,0.2837,0.6802,15.6259,43.7455,-0.8034,nan,nan,nan,nan
12.2902,1.2922,0.0747,0.2899,-1.5623,60.7712,9.9596,1.2518,0.0661,0.0100,0.2829,0.9074,12.9497,45.6607,-0.8183,nan,nan,nan,nan
12.3117,1.3385,0.0805,0.2886,-1.5623,60.7712,9.9596,1.2919,0.0705,0.0102,0.2825,1.0979,10.9234,46.9970,-0.8366,nan,nan,nan,nan
12.3358,1.3859,0.0866,0.2874,-2.0051,61.0095,9.7420,1.3329,0.0751,0.0103,0.2823,1.3035,8.9141,48.2109,-0.8617,nan,nan,nan,nan
12.3573,1.4180,0.0908,0.2867,-2.4756,61.2336,9.4903,1.3606,0.0783,0.0104,0.2824,1.4414,7.6148,48.9263,-0.8771,nan,nan,nan,nan
12.3841,1.4833,0.0994,0.2857,-2.6995,61.6826,9.5277,1.4172,0.0849,0.0106,0.2833,1.5595,5.4560,49.8958,-0.9675,nan,nan,nan,nan
12.4057,1.5334,0.1063,0.2860,-2.6995,61.6826,9.5277,1.4578,0.0896,0.0109,0.2858,1.6744,4.3509,49.9813,-1.0029,nan,nan,nan,nan
12.4337,1.5673,0.1110,0.2863,-3.0468,62.4470,9.4616,1.4848,0.0927,0.0111,0.2879,1.7936,3.2600,49.8487,-1.0553,nan,nan,nan,nan
12.4665,1.6191,0.1183,0.2866,-3.4545,63.2098,9.3145,1.5260,0.0974,0.0114,0.2913,2.0146,1.1255,49.2907,-1.1619,nan,nan,nan,nan
12.4963,1.6899,0.1286,0.2870,-3.8770,63.9095,9.1413,1.5820,0.1041,0.0117,0.2967,2.2812,-0.9508,48.3138,-1.1699,nan,nan,nan,nan
12.5186,1.7442,0.1366,0.2871,-3.8770,63.9095,9.1413,1.6244,0.1092,0.0120,0.3014,2.4708,-2.5245,47.2615,-1.2088,nan,nan,nan,nan
12.5387,1.7811,0.1422,0.2872,-4.3037,64.5337,8.9192,1.6532,0.1127,0.0120,0.3049,2.5950,-3.5179,46.3693,-1.2253,nan,nan,nan,nan
12.5701,1.8374,0.1508,0.2871,-4.7119,65.0406,8.6856,1.6965,0.1181,0.0121,0.3107,2.7874,-5.0237,44.7604,-1.2454,nan,nan,nan,nan
12.5916,1.8948,0.1598,0.2867,-4.7119,65.0406,8.6856,1.7405,0.1236,0.0122,0.3170,2.9832,-6.4886,42.8131,-1.2327,nan,nan,nan,nan
12.6178,1.9534,0.1691,0.2861,-5.1095,65.4373,8.4399,1.7853,0.1293,0.0122,0.3238,3.0868,-7.4345,41.3344,-1.2891,nan,nan,nan,nan
12.6438,1.9932,0.1755,0.2854,-5.4947,65.6384,8.1491,1.8158,0.1330,0.0122,0.3285,3.1651,-8.7507,38.8549,-1.4255,nan,nan,nan,nan
12.6665,2.0539,0.1854,0.2841,-5.4947,65.6384,8.1491,1.8614,0.1390,0.0124,0.3362,3.2680,-10.1100,35.9701,-1.6278,nan,nan,nan,nan
12.6897,2.0951,0.1919,0.2828,-5.6840,65.7350,7.9141,1.8893,0.1448,0.0131,0.3425,3.4787,-10.6577,34.7846,-1.6735,nan,nan,nan,nan
12.7210,2.1578,0.2021,0.2801,-5.1073,65.4520,8.2045,1.9324,0.1543,0.0137,0.3522,5.0620,-12.8396,29.1726,-1.6515,nan,nan,nan,nan
12.7432,2.2217,0.2126,0.2767,-5.1073,65.4520,8.2045,1.9795,0.1644,0.0132,0.3610,6.1833,-14.0586,24.8634,-1.5855,nan,nan,nan,nan
12.7637,2.2644,0.2195,0.2750,-4.4470,64.6982,8.5557,2.0129,0.1715,0.0132,0.3662,6.7880,-14.3114,22.1218,-1.5278,nan,nan,nan,nan
12.7998,2.3295,0.2302,0.2720,-2.3689,65.0465,10.6579,2.0655,0.1826,0.0136,0.3724,7.4479,-14.1020,18.3905,-1.4334,nan,nan,nan,nan
12.8266,2.3954,0.2411,0.2689,-2.3689,65.0465,10.6579,2.1214,0.1942,0.0136,0.3775,7.8662,-13.7174,15.1666,-1.3366,nan,nan,nan,nan
12.8492,2.4396,0.2485,0.2673,0.1585,65.4656,13.2637,2.1602,0.2019,0.0140,0.3800,7.9633,-13.4598,14.2424,-1.3045,nan,nan,nan,nan
12.8855,2.5067,0.2600,0.2645,1.2151,66.6806,14.2476,2.2210,0.2135,0.0143,0.3826,8.2200,-11.8955,11.3013,-1.1806,nan,nan,nan,nan
12.9095,2.5749,0.2717,0.2614,1.2151,66.6806,14.2476,2.2847,0.2256,0.0136,0.3844,8.2521,-11.1244,10.2218,-1.1303,nan,nan,nan,nan
12.9346,2.6210,0.2798,0.2592,1.6835,67.8453,14.5447,2.3277,0.2336,0.0133,0.3855,8.1845,-10.2002,8.9806,-1.1266,nan,nan,nan,nan
12.9714,2.6911,0.2923,0.2555,1.5855,68.9777,14.1514,2.3932,0.2453,0.0132,0.3868,7.9845,-9.7046,8.0790,-1.2164,nan,nan,nan,nan
13.0092,2.7864,0.3094,0.2500,0.6881,70.0687,12.8622,2.4833,0.2612,0.0126,0.3880,7.5877,-9.3662,7.5042,-1.3404,nan,nan,nan,nan
13.0428,2.8834,0.3269,0.2442,-0.3190,71.3685,11.4966,2.5760,0.2774,0.0120,0.3883,6.9989,-9.0989,7.5511,-1.4577,nan,nan,nan,nan
13.0773,2.9818,0.3446,0.2373,-0.4946,72.9328,11.0950,2.6702,0.2937,0.0114,0.3882,6.1873,-8.7456,7.8640,-1.5696,nan,nan,nan,nan
13.0978,3.0536,0.3574,0.2367,-0.4946,72.9328,11.0950,2.7414,0.3059,0.0122,0.3880,5.7252,-8.6044,8.0577,-1.6300,nan,nan,nan,nan
13.1217,3.1003,0.3658,0.2386,-0.0089,75.3307,11.4987,2.7895,0.3141,0.0150,0.3863,5.1605,-7.0586,8.5353,-1.6861,nan,nan,nan,nan
13.1543,3.1703,0.3783,0.2410,-0.0113,78.7094,11.4425,2.8630,0.3266,0.0181,0.3831,4.0797,-3.1968,9.8258,-1.6913,nan,nan,nan,nan
13.1820,3.2402,0.3909,0.2430,-0.0113,78.7094,11.4425,2.9378,0.3392,0.0202,0.3792,3.5726,-1.1102,10.6131,-1.6626,nan,nan,nan,nan
13.2054,3.2868,0.3993,0.2441,-0.0146,82.2088,11.3795,2.9883,0.3476,0.0212,0.3761,3.0928,1.0530,11.4962,-1.6210,nan,nan,nan,nan
13.2385,3.3565,0.4119,0.2453,-0.0225,85.9016,11.3098,3.0649,0.3602,0.0222,0.3708,2.2184,5.6353,13.5508,-1.5153,nan,nan,nan,nan
13.2596,3.4260,0.4244,0.2458,-0.0225,85.9016,11.3098,3.1423,0.3729,0.0228,0.3645,1.6344,9.3166,15.3353,-1.4273,nan,nan,nan,nan
13.2868,3.4935,0.4366,0.2495,-0.6538,89.8972,10.6193,3.2206,0.3856,0.0253,0.3568,1.1060,13.8419,17.3362,-1.3493,nan,nan,nan,nan
13.3086,3.5384,0.4448,0.2515,179.9793,85.1825,-168.7493,3.2733,0.3941,0.0275,0.3508,0.7839,17.0990,18.7516,-1.3060,nan,nan,nan,nan
13.3349,3.6057,0.4570,0.2535,179.9793,85.1825,-168.7493,3.3526,0.4069,0.0305,0.3410,0.3402,21.9074,20.9702,-1.2505,nan,nan,nan,nan
13.3568,3.6506,0.4651,0.2543,179.9987,80.2581,-168.7471,3.4056,0.4155,0.0326,0.3342,0.2010,23.4706,21.7410,-1.2342,nan,nan,nan,nan
13.3913,3.7180,0.4773,0.2545,179.9955,75.2470,-168.7784,3.4849,0.4283,0.0358,0.3234,-0.3194,29.5030,24.9885,-1.1779,nan,nan,nan,nan
13.4227,3.8078,0.4936,0.2529,179.9967,70.1221,-168.8126,3.5899,0.4455,0.0401,0.3084,-0.7891,35.0904,28.4809,-1.1301,nan,nan,nan,nan
13.4499,3.8752,0.5058,0.2504,179.9967,70.1221,-168.8126,3.6678,0.4584,0.0434,0.2969,-1.0095,37.6620,30.3084,-1.1049,nan,nan,nan,nan
13.4720,3.9202,0.5139,0.2482,-179.9786,64.9271,-168.8093,3.7192,0.4668,0.0456,0.2892,-1.2070,40.0872,32.1818,-1.0778,nan,nan,nan,nan
13.5035,3.9879,0.5261,0.2436,-179.8075,59.5128,-168.2820,3.7954,0.4791,0.0489,0.2778,-1.3782,44.5127,35.9952,-1.0239,nan,nan,nan,nan
13.5322,4.0785,0.5423,0.2350,-179.8731,54.1077,-167.8705,3.8950,0.4954,0.0521,0.2633,-1.5293,48.0947,39.8448,-0.9740,nan,nan,nan,nan
13.5572,4.1695,0.5587,0.2240,179.9862,48.6377,-167.5381,3.9896,0.5111,0.0559,0.2509,-1.7043,49.9430,43.9546,-0.9325,nan,nan,nan,nan
13.5886,4.2608,0.5753,0.2108,179.9945,42.9926,-167.1852,4.0774,0.5254,0.0621,0.2413,-1.8799,49.3905,48.4078,-0.9103,nan,nan,nan,nan
13.6107,4.3298,0.5879,0.1994,179.9945,42.9926,-167.1852,4.1394,0.5353,0.0650,0.2388,-1.9798,49.0959,49.9638,-0.8979,nan,nan,nan,nan
13.6335,4.3758,0.5963,0.1910,-179.9562,37.1781,-166.7815,4.1785,0.5412,0.0660,0.2400,-1.9864,49.0914,49.8928,-0.8953,nan,nan,nan,nan
13.6652,4.4450,0.6090,0.1770,-179.9326,31.3467,-166.3100,4.2368,0.5501,0.0672,0.2426,-1.9784,48.9729,49.2182,-0.8906,nan,nan,nan,nan
13.6872,4.5139,0.6216,0.1616,-179.9326,31.3467,-166.3100,4.2952,0.5592,0.0685,0.2457,-1.9491,48.8195,48.4583,-0.8851,nan,nan,nan,nan
13.7138,4.5797,0.6338,0.1512,179.9992,25.2752,-165.9552,4.3541,0.5686,0.0723,0.2478,-1.9429,48.7706,47.8918,-0.8791,nan,nan,nan,nan
13.7346,4.6211,0.6414,0.1485,179.8092,16.8897,-165.8134,4.3916,0.5749,0.0857,0.2471,-2.0258,49.9324,47.5472,-0.8763,nan,nan,nan,nan
13.7575,4.6828,0.6528,0.1426,179.8092,16.8897,-165.8134,4.4471,0.5844,0.1091,0.2477,-2.0925,49.6665,47.6921,-0.8721,nan,nan,nan,nan
13.7798,4.7237,0.6603,0.1375,179.4463,7.5024,-165.8616,4.4851,0.5912,0.1249,0.2488,-2.1685,48.9370,47.7190,-0.8660,nan,nan,nan,nan
13.8105,4.7802,0.6710,0.1366,179.2776,-1.3705,-166.0086,4.5432,0.6018,0.1487,0.2472,-2.2695,48.0832,47.6543,-0.8582,nan,nan,nan,nan
13.8452,4.8491,0.6844,0.1444,-179.6601,-7.7315,-166.2844,4.6174,0.6157,0.1802,0.2443,-2.8203,48.1041,48.5399,-0.8469,nan,nan,nan,nan
13.8660,4.9001,0.6942,0.1492,-179.6601,-7.7315,-166.2844,4.6732,0.6265,0.2030,0.2428,-3.0929,48.0112,48.8922,-0.8458,nan,nan,nan,nan
13.8895,4.9338,0.7007,0.1518,-178.5983,-13.8925,-166.7458,4.7104,0.6340,0.2180,0.2423,-3.3481,47.8437,49.1260,-0.8461,nan,nan,nan,nan
13.9225,4.9832,0.7101,0.1564,-177.5796,-19.8759,-167.3018,4.7664,0.6455,0.2400,0.2411,-3.7595,47.3174,49.2351,-0.8464,nan,nan,nan,nan
13.9489,5.0311,0.7193,0.1622,-177.5796,-19.8759,-167.3018,4.8204,0.6536,0.2599,0.2414,-3.3321,46.8033,49.3810,-0.8522,nan,nan,nan,nan
13.9729,5.0783,0.7283,0.1678,-179.1950,-23.9749,-165.5004,4.8564,0.6591,0.2727,0.2549,-2.6049,45.9170,49.3852,-0.8530,nan,nan,nan,nan
13.9971,5.1090,0.7341,0.1722,179.9996,-27.2162,-164.3656,4.9086,0.6680,0.2910,0.2422,-2.3551,44.8309,49.4171,-0.8469,nan,nan,nan,nan
14.0203,5.1547,0.7428,0.1781,179.9996,-27.2162,-164.3656,4.9597,0.6771,0.3083,0.2436,-2.3109,43.6091,49.3602,-0.8461,nan,nan,nan,nan
14.0407,5.1850,0.7486,0.1816,179.9998,-29.5785,-163.8696,4.9937,0.6830,0.3193,0.2447,-2.3084,43.1794,49.3205,-0.8464,nan,nan,nan,nan
14.0706,5.2302,0.7573,0.1861,-180.0000,-31.5903,-163.3400,5.0444,0.6919,0.3349,0.2468,-2.2998,41.3905,49.0333,-0.8401,nan,nan,nan,nan
14.0944,5.2749,0.7658,0.1900,-180.0000,-31.5903,-163.3400,5.0949,0.7008,0.3494,0.2492,-2.2881,39.9910,48.6945,-0.8322,nan,nan,nan,nan
14.1148,5.3045,0.7715,0.1921,-179.9998,-33.2539,-162.7706,5.1283,0.7067,0.3585,0.2509,-2.2726,39.0435,48.4126,-0.8264,nan,nan,nan,nan
14.1461,5.3486,0.7799,0.1949,-179.9995,-34.5750,-162.1615,5.1780,0.7155,0.3712,0.2537,-2.2369,37.6137,47.9143,-0.8185,nan,nan,nan,nan
14.1776,5.4068,0.7909,0.1976,-179.9992,-35.5608,-161.5101,5.2434,0.7272,0.3865,0.2578,-2.1678,35.7143,47.1262,-0.8077,nan,nan,nan,nan
14.2064,5.4643,0.8019,0.1993,-179.9991,-36.2218,-160.8102,5.3077,0.7387,0.3997,0.2621,-2.0758,33.8649,46.2228,-0.8025,nan,nan,nan,nan
14.2329,5.5070,0.8100,0.1999,-179.9991,-36.2218,-160.8102,5.3551,0.7472,0.4083,0.2654,-2.0245,32.9702,45.7395,-0.7999,nan,nan,nan,nan
14.2588,5.5352,0.8154,0.2001,-179.9988,-36.5689,-160.0577,5.3862,0.7527,0.4134,0.2676,-1.9446,31.6760,44.9830,-0.7943,nan,nan,nan,nan
14.2844,5.5772,0.8233,0.2000,-179.9986,-36.6140,-159.2491,5.4321,0.7608,0.4201,0.2709,-1.8609,30.4548,44.2029,-0.7874,nan,nan,nan,nan
14.3220,5.6326,0.8339,0.1990,-179.9984,-36.3675,-158.3806,5.4918,0.7711,0.4271,0.2753,-1.7481,28.9545,43.1385,-0.7744,nan,nan,nan,nan
14.3436,5.6738,0.8417,0.1978,-179.9984,-36.3675,-158.3806,5.5354,0.7784,0.4309,0.2784,-1.6648,27.9324,42.3303,-0.7700,nan,nan,nan,nan
14.3678,5.7009,0.8468,0.1967,-179.9982,-35.8364,-157.4480,5.5638,0.7831,0.4329,0.2804,-1.6082,27.3046,41.7907,-0.7672,nan,nan,nan,nan
14.3882,5.7414,0.8545,0.1946,-179.9980,-35.0270,-156.4462,5.6055,0.7896,0.4347,0.2834,-1.5217,26.4441,40.9791,-0.7563,nan,nan,nan,nan
14.4134,5.7949,0.8647,0.1911,-179.9978,-33.9417,-155.3729,5.6593,0.7977,0.4354,0.2873,-1.3997,25.4461,39.8973,-0.7349,nan,nan,nan,nan
14.4483,5.8477,0.8747,0.1866,-179.9976,-32.5812,-154.2236,5.7112,0.8048,0.4339,0.2909,-1.2599,24.6097,38.8200,-0.7115,nan,nan,nan,nan
14.4790,5.8998,0.8846,0.1811,-179.9974,-30.9446,-152.9882,5.7610,0.8109,0.4301,0.2944,-1.0935,23.9132,37.7598,-0.6888,nan,nan,nan,nan
14.5110,5.9514,0.8944,0.1745,-179.9972,-29.0310,-151.6578,5.8090,0.8158,0.4239,0.2978,-0.8918,23.3349,36.7236,-0.6698,nan,nan,nan,nan
14.5335,5.9898,0.9016,0.1688,-179.9972,-29.0310,-151.6578,5.8439,0.8188,0.4177,0.3002,-0.7731,23.0850,36.2139,-0.6670,nan,nan,nan,nan
14.5560,6.0151,0.9064,0.1647,-179.9970,-26.8404,-150.2267,5.8666,0.8204,0.4127,0.3016,-0.5672,22.7479,35.4718,-0.6641,nan,nan,nan,nan
14.5851,6.0528,0.9135,0.1579,-179.9968,-24.3270,-148.6777,5.8998,0.8221,0.4040,0.3038,-0.3262,22.4387,34.7742,-0.6555,nan,nan,nan,nan
14.6121,6.0885,0.9202,0.1539,-179.9968,-24.3270,-148.6777,5.9318,0.8229,0.3943,0.3030,-0.0719,22.2458,34.2705,-0.6452,nan,nan,nan,nan
14.6396,6.1110,0.9244,0.1534,-179.9779,-21.7997,-147.0061,5.9513,0.8224,0.3891,0.3024,-0.0109,22.4475,34.4880,-0.6374,nan,nan,nan,nan
14.6744,6.1442,0.9305,0.1525,-179.9549,-19.6925,-145.2488,5.9804,0.8213,0.3802,0.3010,0.1125,22.8823,34.9192,-0.6274,nan,nan,nan,nan
14.6971,6.1767,0.9365,0.1515,-179.9549,-19.6925,-145.2488,6.0092,0.8196,0.3704,0.2993,0.2170,23.2567,35.2456,-0.6216,nan,nan,nan,nan
14.7249,6.1979,0.9403,0.1508,179.9727,-17.6579,-143.4339,6.0283,0.8184,0.3633,0.2981,0.3152,23.6955,35.5848,-0.6133,nan,nan,nan,nan
14.7611,6.2293,0.9460,0.1496,179.9946,-15.6249,-141.6056,6.0568,0.8162,0.3520,0.2960,0.4656,24.7442,36.2556,-0.5989,nan,nan,nan,nan
14.7825,6.2600,0.9515,0.1482,179.9946,-15.6249,-141.6056,6.0850,0.8136,0.3398,0.2938,0.5795,25.6690,36.7365,-0.5927,nan,nan,nan,nan
14.8045,6.2801,0.9551,0.1473,-180.0000,-13.5530,-139.7253,6.1038,0.8118,0.3312,0.2923,0.6559,26.3420,37.0377,-0.5893,nan,nan,nan,nan
14.8376,6.3097,0.9603,0.1457,179.9999,-11.3899,-137.7886,6.1320,0.8087,0.3176,0.2900,0.7702,27.4148,37.4527,-0.5805,nan,nan,nan,nan
14.8637,6.3386,0.9652,0.1438,179.9999,-11.3899,-137.7886,6.1601,0.8054,0.3031,0.2877,0.8887,28.5294,37.8245,-0.5721,nan,nan,nan,nan
14.8906,6.3575,0.9684,0.1424,-179.9999,-9.0808,-135.7961,6.1789,0.8031,0.2930,0.2862,0.9621,29.2773,38.0468,-0.5677,nan,nan,nan,nan
14.9222,6.3853,0.9729,0.1401,-179.9994,-6.5714,-133.8183,6.2070,0.7996,0.2772,0.2840,1.0508,30.3816,38.3407,-0.5625,nan,nan,nan,nan
14.9509,6.4215,0.9786,0.1364,-179.9987,-3.8177,-131.8704,6.2445,0.7948,0.2549,0.2813,1.1286,31.7721,38.6660,-0.5524,nan,nan,nan,nan
14.9763,6.4479,0.9825,0.1332,-179.9987,-3.8177,-131.8704,6.2727,0.7913,0.2373,0.2794,1.1517,32.4155,38.7966,-0.5451,nan,nan,nan,nan
14.9985,6.4645,0.9848,0.1324,-179.9981,-0.7829,-129.9486,6.2916,0.7889,0.2251,0.2772,1.1634,33.3052,38.9590,-0.5314,nan,nan,nan,nan
15.0329,6.4877,0.9881,0.1335,179.8630,0.7858,-128.0246,6.3208,0.7871,0.2103,0.2723,0.9253,35.7454,39.5746,-0.5189,nan,nan,nan,nan
15.0606,6.5103,0.9912,0.1342,179.8630,0.7858,-128.0246,6.3505,0.7861,0.1957,0.2671,0.7239,37.4681,39.9685,-0.5113,nan,nan,nan,nan
15.0877,6.5249,0.9931,0.1345,179.6518,1.4702,-126.0814,6.3705,0.7859,0.1863,0.2636,0.3602,40.1096,40.5371,-0.5024,nan,nan,nan,nan
15.1127,6.5463,0.9960,0.1347,179.3790,1.7753,-124.1056,6.4007,0.7861,0.1730,0.2583,-0.0772,42.7454,41.0963,-0.4975,nan,nan,nan,nan
15.1332,6.5671,0.9987,0.1347,179.3790,1.7753,-124.1056,6.4310,0.7871,0.1607,0.2529,-0.4135,44.4761,41.4741,-0.4961,nan,nan,nan,nan
15.1549,6.5805,1.0005,0.1346,179.0103,1.7073,-122.0817,6.4512,0.7880,0.1532,0.2494,-0.9869,47.0058,42.0502,-0.4983,nan,nan,nan,nan
15.1909,6.6001,1.0030,0.1341,178.5098,1.2692,-119.9927,6.4812,0.7899,0.1429,0.2442,-1.6414,49.4187,42.6408,-0.5001,nan,nan,nan,nan
15.2172,6.6184,1.0054,0.1336,178.5098,1.2692,-119.9927,6.5106,0.7914,0.1392,0.2397,-2.1445,49.9862,43.4365,-0.5053,nan,nan,nan,nan
15.2447,6.6303,1.0070,0.1332,177.7712,0.6240,-117.8140,6.5298,0.7923,0.1383,0.2371,-2.9607,49.9276,44.9626,-0.5116,nan,nan,nan,nan
15.2797,6.6470,1.0091,0.1334,176.8274,-0.1219,-115.5235,6.5581,0.7938,0.1371,0.2330,-3.8429,49.8855,46.4150,-0.5159,nan,nan,nan,nan
15.3018,6.6631,1.0110,0.1336,176.8274,-0.1219,-115.5235,6.5855,0.7949,0.1352,0.2296,-4.4619,49.8313,47.2824,-0.5173,nan,nan,nan,nan
15.3227,6.6736,1.0121,0.1335,175.7748,-0.1970,-113.1079,6.6033,0.7955,0.1336,0.2277,-5.3689,49.6928,48.3711,-0.5191,nan,nan,nan,nan
15.3545,6.6886,1.0138,0.1336,174.6196,0.0022,-110.6016,6.6295,0.7963,0.1312,0.2254,-6.2467,49.5888,49.1939,-0.5196,nan,nan,nan,nan
15.3830,6.7076,1.0158,0.1337,173.2276,0.0027,-107.9795,6.6632,0.7972,0.1288,0.2232,-7.3934,49.6178,49.9137,-0.5167,nan,nan,nan,nan
15.4097,6.7211,1.0173,0.1338,173.2276,0.0027,-107.9795,6.6876,0.7972,0.1275,0.2227,-7.9328,49.6608,49.9836,-0.5116,nan,nan,nan,nan
15.4336,6.7297,1.0182,0.1338,171.6075,0.0035,-105.2413,6.7035,0.7971,0.1269,0.2227,-8.4414,49.6839,49.9211,-0.5041,nan,nan,nan,nan
15.4655,6.7422,1.0194,0.1338,169.7312,0.0043,-102.3854,6.7268,0.7971,0.1260,0.2230,-9.3549,49.6623,49.6641,-0.4910,nan,nan,nan,nan
15.4883,6.7539,1.0206,0.1336,169.7312,0.0043,-102.3854,6.7495,0.7972,0.1251,0.2236,-9.9372,49.6280,49.3620,-0.4848,nan,nan,nan,nan
15.5118,6.7651,1.0218,0.1333,167.5732,0.0050,-99.4056,6.7716,0.7975,0.1241,0.2245,-10.4256,49.5900,48.9579,-0.4806,nan,nan,nan,nan
15.5406,6.7757,1.0230,0.1328,165.1023,0.0057,-96.3032,6.7932,0.7981,0.1229,0.2258,-10.8177,49.5393,48.4537,-0.4773,nan,nan,nan,nan
15.5662,6.7854,1.0233,0.1339,162.8590,0.0016,-93.5209,6.8134,0.7988,0.1221,0.2265,-11.4446,49.5840,47.9130,-0.4673,nan,nan,nan,nan
15.6039,6.7976,1.0227,0.1353,162.3347,0.0009,-92.0006,6.8379,0.7991,0.1223,0.2276,-13.0168,49.6692,47.3495,-0.4433,nan,nan,nan,nan
15.6319,6.8064,1.0221,0.1355,162.3347,0.0009,-92.0006,6.8554,0.7992,0.1224,0.2286,-14.1332,49.5794,46.9310,-0.4325,nan,nan,nan,nan
15.6535,6.8121,1.0217,0.1352,162.2174,0.0004,-90.6658,6.8666,0.7992,0.1223,0.2294,-14.4785,49.5335,46.7881,-0.4303,nan,nan,nan,nan
15.6904,6.8203,1.0209,0.1341,162.5001,-0.0002,-89.4570,6.8827,0.7990,0.1222,0.2307,-15.7126,49.2906,46.1943,-0.4191,nan,nan,nan,nan
15.7109,6.8280,1.0200,0.1326,162.5001,-0.0002,-89.4570,6.8978,0.7987,0.1219,0.2323,-16.4735,49.0581,45.7240,-0.4123,nan,nan,nan,nan
15.7317,6.8324,1.0196,0.1326,163.1043,-0.0004,-88.3293,6.9071,0.7988,0.1221,0.2334,-16.9747,48.9972,45.3581,-0.4086,nan,nan,nan,nan
15.7595,6.8385,1.0191,0.1325,163.0916,0.0004,-87.0922,6.9202,0.7990,0.1226,0.2350,-17.5977,48.9587,44.7469,-0.4055,nan,nan,nan,nan
15.7804,6.8440,1.0186,0.1325,163.0916,0.0004,-87.0922,6.9322,0.7992,0.1232,0.2366,-18.1255,48.9377,44.1149,-0.3990,nan,nan,nan,nan
15.8004,6.8457,1.0184,0.1325,163.0732,0.0002,-85.9265,6.9359,0.7992,0.1234,0.2372,-18.2789,48.9286,43.9050,-0.3968,nan,nan,nan,nan
15.8205,6.8489,1.0181,0.1325,163.0732,0.0002,-85.9265,6.9430,0.7993,0.1240,0.2383,-18.5523,48.9090,43.4871,-0.3913,nan,nan,nan,nan
15.8457,6.8519,1.0178,0.1325,163.0731,0.0002,-84.8483,6.9496,0.7994,0.1245,0.2394,-18.7804,48.8886,43.0765,-0.3875,nan,nan,nan,nan
15.8660,6.8546,1.0175,0.1325,163.0731,0.0002,-84.8483,6.9557,0.7994,0.1252,0.2404,-18.8797,48.8776,42.8746,-0.3857,nan,nan,nan,nan
15.8883,6.8571,1.0172,0.1325,163.0730,0.0002,-83.8677,6.9613,0.7995,0.1258,0.2414,-19.1205,48.8420,42.2924,-0.3812,nan,nan,nan,nan
15.9151,6.8603,1.0168,0.1325,163.0730,0.0002,-83.8677,6.9687,0.7995,0.1268,0.2429,-19.2785,48.8050,41.7562,-0.3803,nan,nan,nan,nan
15.9354,6.8612,1.0167,0.1325,163.0729,0.0002,-82.9881,6.9709,0.7995,0.1271,0.2433,-19.3146,48.7923,41.5878,-0.3794,nan,nan,nan,nan
15.9638,6.8637,1.0164,0.1325,163.0729,0.0002,-82.9881,6.9769,0.7995,0.1281,0.2446,-19.3727,48.7561,41.1122,-0.3782,nan,nan,nan,nan
15.9885,6.8651,1.0162,0.1325,163.0728,0.0001,-82.2169,6.9803,0.7995,0.1288,0.2455,-19.3758,48.7308,40.8189,-0.3779,nan,nan,nan,nan
16.0087,6.8662,1.0161,0.1325,163.0728,0.0001,-82.2169,6.9831,0.7994,0.1295,0.2462,-19.3551,48.7044,40.5454,-0.3781,nan,nan,nan,nan
16.0379,6.8671,1.0160,0.1325,163.0727,0.0001,-81.5828,6.9855,0.7993,0.1301,0.2469,-19.3374,48.6912,40.4161,-0.3783,nan,nan,nan,nan
16.0584,6.8678,1.0160,0.1325,163.0727,0.0001,-81.5828,6.9874,0.7992,0.1308,0.2476,-19.2545,48.6528,40.0600,-0.3790,nan,nan,nan,nan
16.0864,6.8682,1.0160,0.1325,163.0726,0.0001,-81.1058,6.9888,0.7990,0.1314,0.2482,-19.1804,48.6278,39.8474,-0.3769,nan,nan,nan,nan
16.1225,6.8685,1.0161,0.1325,163.0726,0.0000,-80.8248,6.9900,0.7987,0.1322,0.2490,-19.0507,48.5886,39.5745,-0.3720,nan,nan,nan,nan
16.1477,6.8685,1.0161,0.1325,163.0726,0.0000,-80.8248,6.9901,0.7982,0.1330,0.2496,-18.8940,48.5516,39.3741,-0.3697,nan,nan,nan,nan
16.1714,6.8685,1.0161,0.1325,163.0724,0.0001,-80.7666,6.9897,0.7977,0.1334,0.2498,-18.7407,48.5347,39.2947,-0.3690,nan,nan,nan,nan
16.1998,6.8685,1.0161,0.1325,163.0725,-0.0001,-80.7666,6.9885,0.7970,0.1340,0.2499,-18.3894,48.5157,39.2649,-0.3684,nan,nan,nan,nan
16.2258,6.8685,1.0161,0.1325,163.0725,-0.0001,-80.7666,6.9867,0.7961,0.1345,0.2498,-18.0759,48.5052,39.2947,-0.3672,nan,nan,nan,nan
16.2551,6.8685,1.0161,0.1325,163.0725,-0.0001,-80.7666,6.9851,0.7954,0.1348,0.2496,-17.4921,48.4942,39.3936,-0.3685,nan,nan,nan,nan
16.2755,6.8685,1.0161,0.1325,163.0725,-0.0001,-80.7666,6.9833,0.7947,0.1352,0.2494,-17.0355,48.4897,39.4869,-0.3682,nan,nan,nan,nan
16.2965,6.8685,1.0161,0.1325,163.0726,0.0000,-80.7667,6.9823,0.7944,0.1354,0.2493,-16.7894,48.4878,39.5402,-0.3675,nan,nan,nan,nan
16.3221,6.8685,1.0161,0.1325,163.0726,0.0000,-80.7667,6.9790,0.7932,0.1360,0.2488,-16.2631,48.4845,39.6585,-0.3671,nan,nan,nan,nan
16.3437,6.8685,1.0161,0.1325,163.0727,0.0000,-80.7667,6.9767,0.7924,0.1364,0.2485,-15.3983,48.4795,39.8616,-0.3670,nan,nan,nan,nan
16.3697,6.8685,1.0161,0.1325,163.0727,0.0001,-80.7668,6.9728,0.7912,0.1371,0.2480,-14.4533,48.4768,40.0872,-0.3647,nan,nan,nan,nan
16.3998,6.8685,1.0161,0.1325,163.0727,0.0001,-80.7668,6.9686,0.7900,0.1379,0.2474,-13.4368,48.4770,40.3250,-0.3647,nan,nan,nan,nan
16.4214,6.8685,1.0161,0.1325,163.0727,0.0000,-80.7667,6.9672,0.7896,0.1381,0.2472,-13.0841,48.4773,40.4050,-0.3643,nan,nan,nan,nan
16.4500,6.8685,1.0161,0.1325,163.0727,0.0000,-80.7667,6.9627,0.7883,0.1389,0.2466,-12.3612,48.4785,40.5632,-0.3635,nan,nan,nan,nan
16.4745,6.8685,1.0161,0.1325,163.0727,0.0000,-80.7667,6.9597,0.7875,0.1395,0.2463,-11.2450,48.4816,40.7904,-0.3616,nan,nan,nan,nan
16.4952,6.8685,1.0161,0.1325,163.0727,0.0000,-80.7667,6.9566,0.7867,0.1401,0.2459,-10.4846,48.4827,40.9359,-0.3585,nan,nan,nan,nan
16.5191,6.8685,1.0161,0.1325,163.0728,-0.0000,-80.7667,6.9535,0.7859,0.1408,0.2456,-9.7165,48.4828,41.0769,-0.3537,nan,nan,nan,nan
16.5480,6.8685,1.0161,0.1325,163.0727,0.0000,-80.7666,6.9488,0.7848,0.1418,0.2451,-8.5571,48.4832,41.2825,-0.3471,nan,nan,nan,nan
16.5754,6.8685,1.0161,0.1325,163.0727,0.0000,-80.7666,6.9425,0.7834,0.1431,0.2444,-7.0152,48.4871,41.5451,-0.3411,nan,nan,nan,nan
16.6039,6.8685,1.0161,0.1325,163.0727,0.0000,-80.7666,6.9378,0.7825,0.1441,0.2439,-5.8721,48.4919,41.7308,-0.3395,nan,nan,nan,nan
16.6336,6.8685,1.0161,0.1325,163.0727,-0.0000,-80.7665,6.9348,0.7820,0.1447,0.2436,-5.4963,48.4936,41.7908,-0.3390,nan,nan,nan,nan
16.6538,6.8685,1.0161,0.1325,163.0727,-0.0000,-80.7665,6.9318,0.7815,0.1453,0.2434,-4.7582,48.4970,41.9080,-0.3385,nan,nan,nan,nan
16.6842,6.8685,1.0161,0.1325,163.0729,0.0000,-80.7665,6.9289,0.7810,0.1459,0.2431,-3.6949,48.5031,42.0736,-0.3418,nan,nan,nan,nan
16.7201,6.8685,1.0161,0.1325,163.0733,0.0001,-80.7666,6.9248,0.7805,0.1468,0.2427,-2.6939,48.5067,42.2302,-0.3482,nan,nan,nan,nan
16.7463,6.8685,1.0161,0.1325,163.0733,0.0001,-80.7666,6.9210,0.7800,0.1476,0.2423,-2.0649,48.5087,42.3287,-0.3516,nan,nan,nan,nan
16.7740,6.8685,1.0161,0.1325,163.0726,-0.0000,-80.7666,6.9186,0.7798,0.1481,0.2421,-1.4699,48.5114,42.4204,-0.3525,nan,nan,nan,nan
16.8113,6.8685,1.0161,0.1325,163.0730,-0.0000,-80.7666,6.9154,0.7795,0.1488,0.2418,-0.3826,48.5168,42.5840,-0.3497,nan,nan,nan,nan
16.8316,6.8685,1.0161,0.1325,163.0730,-0.0000,-80.7666,6.9124,0.7792,0.1495,0.2415,0.3408,48.5200,42.6894,-0.3483,nan,nan,nan,nan
16.8577,6.8685,1.0161,0.1325,163.0731,-0.0000,-80.7666,6.9098,0.7790,0.1501,0.2413,0.7764,48.5221,42.7519,-0.3448,nan,nan,nan,nan
16.8870,6.8685,1.0161,0.1325,163.0801,0.0000,-80.7668,6.9082,0.7789,0.1504,0.2412,1.3548,48.5255,42.8318,-0.3389,nan,nan,nan,nan
16.9089,6.8684,1.0161,0.1326,163.0801,0.0000,-80.7668,6.9062,0.7788,0.1508,0.2410,1.6904,48.5278,42.8755,-0.3339,nan,nan,nan,nan
16.9326,6.8684,1.0161,0.1326,163.0908,-0.0000,-80.7666,6.9051,0.7787,0.1511,0.2409,2.1174,48.5312,42.9279,-0.3269,nan,nan,nan,nan
16.9587,6.8684,1.0161,0.1326,163.1116,-0.0000,-80.7667,6.9037,0.7786,0.1514,0.2408,2.4557,48.5344,42.9657,-0.3199,nan,nan,nan,nan
16.9890,6.8683,1.0161,0.1326,163.1380,-0.0001,-80.7667,6.9023,0.7786,0.1517,0.2407,2.7713,48.5373,42.9988,-0.3148,nan,nan,nan,nan
17.0124,6.8682,1.0161,0.1326,163.1380,-0.0001,-80.7667,6.9017,0.7785,0.1519,0.2407,2.9106,48.5385,43.0106,-0.3076,nan,nan,nan,nan
17.0391,6.8682,1.0161,0.1326,163.1726,-0.0000,-80.7666,6.9014,0.7785,0.1519,0.2407,2.9617,48.5382,43.0166,-0.3014,nan,nan,nan,nan
17.0625,6.8681,1.0161,0.1326,163.2119,-0.0000,-80.7666,6.9013,0.7785,0.1519,0.2407,2.9774,48.5371,43.0239,-0.2913,nan,nan,nan,nan
17.0935,6.8680,1.0160,0.1326,163.2562,-0.0000,-80.7666,6.9015,0.7785,0.1518,0.2406,2.8971,48.5401,43.0298,-0.2843,nan,nan,nan,nan
17.1150,6.8679,1.0160,0.1326,163.2562,-0.0000,-80.7666,6.9019,0.7786,0.1517,0.2406,2.7704,48.5443,43.0355,-0.2783,nan,nan,nan,nan
17.1370,6.8679,1.0160,0.1326,163.3028,-0.0000,-80.7664,6.9023,0.7786,0.1515,0.2406,2.7155,48.5456,43.0376,-0.2770,nan,nan,nan,nan
17.1697,6.8678,1.0160,0.1326,163.3520,-0.0000,-80.7665,6.9030,0.7787,0.1512,0.2406,2.4335,48.5526,43.0478,-0.2707,nan,nan,nan,nan
17.1923,6.8677,1.0160,0.1327,163.3520,-0.0000,-80.7665,6.9040,0.7789,0.1509,0.2405,2.1606,48.5572,43.0567,-0.2698,nan,nan,nan,nan
17.2173,6.8676,1.0160,0.1327,163.4024,-0.0001,-80.7663,6.9047,0.7790,0.1506,0.2405,2.0597,48.5581,43.0593,-0.2689,nan,nan,nan,nan
17.2378,6.8675,1.0160,0.1327,163.4507,-0.0001,-80.7663,6.9060,0.7792,0.1502,0.2405,1.6141,48.5607,43.0709,-0.2627,nan,nan,nan,nan
17.2651,6.8674,1.0159,0.1327,163.4949,-0.0001,-80.7662,6.9078,0.7795,0.1496,0.2405,1.1117,48.5645,43.0821,-0.2491,nan,nan,nan,nan
17.2967,6.8674,1.0159,0.1327,163.5313,-0.0001,-80.7662,6.9098,0.7798,0.1489,0.2405,0.5644,48.5670,43.0947,-0.2339,nan,nan,nan,nan
17.3179,6.8673,1.0159,0.1327,163.5313,-0.0001,-80.7662,6.9114,0.7801,0.1484,0.2404,0.2798,48.5687,43.1014,-0.2269,nan,nan,nan,nan
17.3430,6.8673,1.0159,0.1327,163.5589,0.0000,-80.7661,6.9131,0.7804,0.1478,0.2404,-0.2996,48.5729,43.1152,-0.2199,nan,nan,nan,nan
17.3655,6.8673,1.0159,0.1327,163.5744,-0.0000,-80.7661,6.9142,0.7806,0.1475,0.2404,-0.5923,48.5766,43.1206,-0.2182,nan,nan,nan,nan
17.3893,6.8673,1.0159,0.1327,163.5744,-0.0000,-80.7661,6.9159,0.7810,0.1469,0.2404,-0.8842,48.5802,43.1265,-0.2171,nan,nan,nan,nan
17.4184,6.8673,1.0159,0.1327,163.5760,-0.0000,-80.7662,6.9176,0.7813,0.1464,0.2403,-1.4574,48.5861,43.1391,-0.2137,nan,nan,nan,nan
17.4412,6.8673,1.0159,0.1327,163.5573,0.0001,-80.7662,6.9187,0.7815,0.1460,0.2403,-1.7350,48.5879,43.1481,-0.2115,nan,nan,nan,nan
17.4625,6.8674,1.0159,0.1327,163.5573,0.0001,-80.7662,6.9203,0.7819,0.1455,0.2403,-2.1419,48.5894,43.1634,-0.2075,nan,nan,nan,nan
17.4906,6.8675,1.0159,0.1327,163.5208,0.0000,-80.7662,6.9214,0.7822,0.1451,0.2402,-2.4054,48.5906,43.1741,-0.2060,nan,nan,nan,nan
17.5141,6.8676,1.0160,0.1327,163.4619,0.0001,-80.7662,6.9230,0.7825,0.1446,0.2402,-2.7871,48.5929,43.1854,-0.2075,nan,nan,nan,nan
17.5440,6.8678,1.0160,0.1326,163.3780,0.0001,-80.7661,6.9250,0.7830,0.1440,0.2402,-3.2582,48.5974,43.1976,-0.2155,nan,nan,nan,nan
17.5746,6.8681,1.0160,0.1326,163.2670,0.0001,-80.7661,6.9269,0.7835,0.1433,0.2402,-3.6787,48.6027,43.2076,-0.2252,nan,nan,nan,nan
17.6012,6.8684,1.0161,0.1326,163.2670,0.0001,-80.7661,6.9282,0.7838,0.1429,0.2401,-3.8666,48.6054,43.2114,-0.2270,nan,nan,nan,nan
17.6295,6.8685,1.0161,0.1325,163.1258,0.0002,-80.7659,6.9291,0.7840,0.1427,0.2401,-4.0384,48.6080,43.2150,-0.2254,nan,nan,nan,nan
17.6579,6.8685,1.0161,0.1325,163.0725,0.0001,-80.7664,6.9301,0.7842,0.1423,0.2401,-4.3889,48.6116,43.2193,-0.2224,nan,nan,nan,nan
17.6803,6.8685,1.0161,0.1325,163.0725,0.0001,-80.7664,6.9311,0.7845,0.1420,0.2401,-4.6313,48.6140,43.2255,-0.2221,nan,nan,nan,nan
17.7081,6.8685,1.0161,0.1325,163.0725,0.0000,-80.7665,6.9316,0.7846,0.1418,0.2401,-4.7687,48.6155,43.2310,-0.2201,nan,nan,nan,nan
17.7363,6.8685,1.0161,0.1325,163.0725,0.0000,-80.7665,6.9322,0.7848,0.1416,0.2401,-4.9388,48.6171,43.2405,-0.2192,nan,nan,nan,nan
17.7649,6.8685,1.0161,0.1325,163.0725,0.0000,-80.7665,6.9328,0.7850,0.1414,0.2400,-5.1025,48.6163,43.2545,-0.2181,nan,nan,nan,nan
17.7879,6.8685,1.0161,0.1325,163.0725,0.0000,-80.7665,6.9331,0.7851,0.1412,0.2400,-5.1774,48.6154,43.2656,-0.2098,nan,nan,nan,nan
17.8105,6.8685,1.0161,0.1325,163.0725,0.0000,-80.7665,6.9332,0.7852,0.1412,0.2400,-5.2091,48.6145,43.2706,-0.2006,nan,nan,nan,nan
17.8383,6.8685,1.0161,0.1325,163.0725,0.0000,-80.7665,6.9333,0.7852,0.1412,0.2400,-5.2322,48.6131,43.2741,-0.1802,nan,nan,nan,nan
17.8684,6.8685,1.0161,0.1325,163.0725,0.0001,-80.7665,6.9333,0.7852,0.1412,0.2400,-5.2205,48.6120,43.2765,-0.1653,nan,nan,nan,nan
17.8935,6.8685,1.0161,0.1325,163.0725,-0.0000,-80.7665,6.9331,0.7852,0.1412,0.2400,-5.1776,48.6103,43.2848,-0.1503,nan,nan,nan,nan
17.9179,6.8685,1.0161,0.1325,163.0725,-0.0000,-80.7665,6.9329,0.7851,0.1413,0.2399,-5.1480,48.6113,43.2903,-0.1463,nan,nan,nan,nan
17.9400,6.8685,1.0161,0.1325,163.0725,0.0001,-80.7664,6.9328,0.7851,0.1413,0.2399,-5.0969,48.6149,43.2980,-0.1388,nan,nan,nan,nan
17.9718,6.8685,1.0161,0.1325,163.0725,0.0000,-80.7665,6.9325,0.7851,0.1413,0.2399,-5.0395,48.6191,43.3074,-0.1251,nan,nan,nan,nan
17.9945,6.8685,1.0161,0.1325,163.0725,0.0000,-80.7665,6.9323,0.7851,0.1413,0.2399,-4.9783,48.6224,43.3180,-0.1094,nan,nan,nan,nan
18.0225,6.8685,1.0161,0.1325,163.0725,-0.0000,-80.7665,6.9321,0.7850,0.1414,0.2398,-4.9350,48.6248,43.3252,-0.1006,nan,nan,nan,nan
18.0563,6.8685,1.0161,0.1325,163.0728,-0.0001,-80.7665,6.9318,0.7850,0.1414,0.2398,-4.8670,48.6277,43.3348,-0.0924,nan,nan,nan,nan
18.0858,6.8685,1.0161,0.1325,163.0725,0.0000,-80.7665,6.9314,0.7849,0.1415,0.2398,-4.7647,48.6301,43.3451,-0.0866,nan,nan,nan,nan
18.1125,6.8685,1.0161,0.1325,163.0725,0.0000,-80.7665,6.9311,0.7848,0.1416,0.2398,-4.6783,48.6315,43.3531,-0.0852,nan,nan,nan,nan
18.1339,6.8685,1.0161,0.1325,163.0725,-0.0001,-80.7664,6.9308,0.7848,0.1417,0.2398,-4.6470,48.6325,43.3553,-0.0855,nan,nan,nan,nan
18.1581,6.8685,1.0161,0.1325,163.0725,-0.0000,-80.7664,6.9304,0.7847,0.1418,0.2397,-4.5080,48.6342,43.3629,-0.0869,nan,nan,nan,nan
18.1881,6.8685,1.0161,0.1325,163.0725,0.0000,-80.7664,6.9298,0.7846,0.1419,0.2397,-4.3467,48.6361,43.3718,-0.0877,nan,nan,nan,nan
18.2103,6.8685,1.0161,0.1325,163.0725,0.0000,-80.7664,6.9293,0.7845,0.1421,0.2397,-4.2620,48.6379,43.3767,-0.0850,nan,nan,nan,nan
18.2381,6.8685,1.0161,0.1325,163.0725,-0.0000,-80.7664,6.9287,0.7844,0.1422,0.2397,-4.1333,48.6414,43.3871,-0.0812,nan,nan,nan,nan
18.2665,6.8685,1.0161,0.1325,163.0725,-0.0000,-80.7664,6.9284,0.7843,0.1423,0.2396,-4.0058,48.6457,43.3989,-0.0802,nan,nan,nan,nan
18.2950,6.8685,1.0161,0.1325,163.0725,-0.0000,-80.7664,6.9279,0.7842,0.1424,0.2396,-3.8798,48.6493,43.4095,-0.0813,nan,nan,nan,nan
18.3161,6.8685,1.0161,0.1325,163.0725,-0.0001,-80.7664,6.9276,0.7841,0.1425,0.2396,-3.7949,48.6503,43.4148,-0.0811,nan,nan,nan,nan
18.3386,6.8685,1.0161,0.1325,163.0725,-0.0001,-80.7665,6.9271,0.7840,0.1426,0.2396,-3.6682,48.6522,43.4203,-0.0751,nan,nan,nan,nan
18.3727,6.8685,1.0161,0.1325,163.0727,0.0000,-80.7665,6.9265,0.7839,0.1428,0.2396,-3.5110,48.6556,43.4228,-0.0636,nan,nan,nan,nan
18.3987,6.8685,1.0161,0.1325,163.0727,0.0000,-80.7665,6.9260,0.7838,0.1429,0.2395,-3.4047,48.6591,43.4235,-0.0498,nan,nan,nan,nan
18.4250,6.8685,1.0161,0.1325,163.0725,-0.0000,-80.7664,6.9258,0.7838,0.1429,0.2395,-3.3707,48.6606,43.4237,-0.0440,nan,nan,nan,nan
18.4590,6.8685,1.0161,0.1325,163.0725,-0.0000,-80.7664,6.9254,0.7837,0.1430,0.2395,-3.2433,48.6663,43.4236,-0.0271,nan,nan,nan,nan
18.4877,6.8685,1.0161,0.1325,163.0725,-0.0000,-80.7664,6.9250,0.7836,0.1431,0.2395,-3.1507,48.6711,43.4274,-0.0238,nan,nan,nan,nan
18.5103,6.8685,1.0161,0.1325,163.0725,-0.0001,-80.7665,6.9248,0.7836,0.1432,0.2395,-3.1209,48.6725,43.4285,-0.0245,nan,nan,nan,nan
18.5351,6.8685,1.0161,0.1325,163.0725,0.0000,-80.7665,6.9244,0.7835,0.1433,0.2395,-2.9843,48.6801,43.4382,-0.0289,nan,nan,nan,nan
18.5602,6.8685,1.0161,0.1325,163.0725,-0.0000,-80.7665,6.9241,0.7835,0.1433,0.2395,-2.9152,48.6857,43.4441,-0.0279,nan,nan,nan,nan
18.5876,6.8685,1.0161,0.1325,163.0725,-0.0000,-80.7665,6.9239,0.7834,0.1434,0.2394,-2.8608,48.6906,43.4496,-0.0288,nan,nan,nan,nan
18.6150,6.8685,1.0161,0.1325,163.0725,0.0001,-80.7665,6.9237,0.7834,0.1434,0.2394,-2.8297,48.6939,43.4519,-0.0315,nan,nan,nan,nan
18.6367,6.8685,1.0161,0.1325,163.0725,0.0001,-80.7665,6.9236,0.7834,0.1434,0.2394,-2.7932,48.6965,43.4571,-0.0347,nan,nan,nan,nan
18.6612,6.8685,1.0161,0.1325,163.0725,-0.0000,-80.7665,6.9234,0.7834,0.1434,0.2394,-2.7592,48.6971,43.4678,-0.0403,nan,nan,nan,nan
18.6852,6.8685,1.0161,0.1325,163.0725,-0.0000,-80.7665,6.9234,0.7834,0.1434,0.2394,-2.7486,48.6957,43.4734,-0.0403,nan,nan,nan,nan
18.7133,6.8685,1.0161,0.1325,163.0725,0.0001,-80.7665,6.9234,0.7834,0.1434,0.2393,-2.7421,48.6954,43.4773,-0.0391,nan,nan,nan,nan
18.7394,6.8685,1.0161,0.1325,163.0725,-0.0000,-80.7665,6.9234,0.7834,0.1434,0.2393,-2.7383,48.6974,43.4853,-0.0394,nan,nan,nan,nan
18.7594,6.8685,1.0161,0.1325,163.0725,-0.0000,-80.7665,6.9234,0.7834,0.1434,0.2393,-2.7442,48.7002,43.4912,-0.0458,nan,nan,nan,nan
18.7829,6.8685,1.0161,0.1325,163.0725,0.0001,-80.7665,6.9234,0.7834,0.1434,0.2393,-2.7506,48.7016,43.4957,-0.0493,nan,nan,nan,nan
18.8154,6.8685,1.0161,0.1325,163.0725,-0.0000,-80.7665,6.9234,0.7835,0.1433,0.2393,-2.7663,48.7038,43.4994,-0.0516,nan,nan,nan,nan
18.8370,6.8685,1.0161,0.1325,163.0725,-0.0000,-80.7665,6.9235,0.7835,0.1433,0.2393,-2.7793,48.7052,43.5007,-0.0538,nan,nan,nan,nan
18.8579,6.8685,1.0161,0.1325,163.0725,-0.0000,-80.7665,6.9236,0.7835,0.1433,0.2393,-2.7934,48.7061,43.5012,-0.0551,nan,nan,nan,nan
18.8923,6.8685,1.0161,0.1325,163.0725,0.0001,-80.7664,6.9236,0.7835,0.1432,0.2393,-2.8138,48.7068,43.5063,-0.0541,nan,nan,nan,nan
18.9300,6.8685,1.0161,0.1325,163.0725,-0.0000,-80.7665,6.9236,0.7836,0.1432,0.2392,-2.8189,48.7079,43.5169,-0.0542,nan,nan,nan,nan
18.9551,6.8685,1.0161,0.1325,163.0725,-0.0000,-80.7665,6.9236,0.7836,0.1432,0.2392,-2.8112,48.7093,43.5249,-0.0559,nan,nan,nan,nan
18.9765,6.8685,1.0161,0.1325,163.0725,0.0001,-80.7664,6.9235,0.7836,0.1432,0.2392,-2.8074,48.7100,43.5268,-0.0559,nan,nan,nan,nan
19.0098,6.8685,1.0161,0.1325,163.0725,0.0000,-80.7665,6.9235,0.7836,0.1432,0.2392,-2.7872,48.7124,43.5335,-0.0545,nan,nan,nan,nan
19.0369,6.8685,1.0161,0.1325,163.0725,0.0000,-80.7665,6.9234,0.7836,0.1432,0.2392,-2.7771,48.7118,43.5382,-0.0551,nan,nan,nan,nan
19.0574,6.8685,1.0161,0.1325,163.0725,0.0001,-80.7665,6.9234,0.7836,0.1432,0.2392,-2.7680,48.7116,43.5438,-0.0554,nan,nan,nan,nan
19.0854,6.8685,1.0161,0.1325,163.0725,-0.0000,-80.7665,6.9233,0.7836,0.1432,0.2391,-2.7588,48.7139,43.5529,-0.0531,nan,nan,nan,nan
19.1202,6.8685,1.0161,0.1325,163.0725,0.0000,-80.7664,6.9233,0.7836,0.1431,0.2391,-2.7641,48.7162,43.5622,-0.0503,nan,nan,nan,nan
19.1461,6.8685,1.0161,0.1325,163.0725,0.0000,-80.7664,6.9234,0.7836,0.1431,0.2391,-2.7703,48.7177,43.5664,-0.0494,nan,nan,nan,nan
19.1671,6.8685,1.0161,0.1325,163.0725,0.0000,-80.7665,6.9234,0.7837,0.1431,0.2391,-2.7841,48.7200,43.5755,-0.0472,nan,nan,nan,nan
19.1960,6.8685,1.0161,0.1325,163.0725,0.0000,-80.7665,6.9234,0.7837,0.1431,0.2391,-2.7924,48.7205,43.5812,-0.0449,nan,nan,nan,nan
19.2242,6.8685,1.0161,0.1325,163.0725,0.0000,-80.7665,6.9235,0.7837,0.1430,0.2390,-2.8163,48.7217,43.5932,-0.0309,nan,nan,nan,nan
19.2547,6.8685,1.0161,0.1325,163.0725,0.0000,-80.7665,6.9236,0.7838,0.1429,0.2390,-2.8551,48.7240,43.6015,-0.0109,nan,nan,nan,nan
19.2773,6.8685,1.0161,0.1325,163.0725,0.0000,-80.7665,6.9238,0.7838,0.1429,0.2390,-2.8814,48.7257,43.6048,-0.0066,nan,nan,nan,nan
19.2984,6.8685,1.0161,0.1325,163.0726,0.0000,-80.7665,6.9239,0.7839,0.1428,0.2390,-2.9222,48.7286,43.6113,-0.0041,nan,nan,nan,nan
19.3275,6.8685,1.0161,0.1325,163.0725,0.0000,-80.7665,6.9240,0.7839,0.1427,0.2390,-2.9646,48.7327,43.6177,0.0004,nan,nan,nan,nan
19.3587,6.8685,1.0161,0.1325,163.0725,0.0001,-80.7665,6.9242,0.7840,0.1426,0.2389,-3.0250,48.7377,43.6294,0.0036,nan,nan,nan,nan
19.3924,6.8685,1.0161,0.1325,163.0725,0.0001,-80.7665,6.9245,0.7841,0.1425,0.2389,-3.0907,48.7445,43.6383,0.0009,nan,nan,nan,nan
19.4129,6.8685,1.0161,0.1325,163.0725,0.0001,-80.7665,6.9246,0.7842,0.1424,0.2389,-3.1224,48.7477,43.6441,-0.0015,nan,nan,nan,nan
19.4392,6.8685,1.0161,0.1325,163.0725,-0.0000,-80.7665,6.9247,0.7842,0.1423,0.2388,-3.1629,48.7506,43.6519,-0.0065,nan,nan,nan,nan
19.4732,6.8685,1.0161,0.1325,163.0725,0.0000,-80.7665,6.9248,0.7842,0.1423,0.2388,-3.1976,48.7521,43.6586,-0.0090,nan,nan,nan,nan
19.4952,6.8685,1.0161,0.1325,163.0725,0.0000,-80.7665,6.9249,0.7843,0.1422,0.2388,-3.2231,48.7543,43.6639,-0.0079,nan,nan,nan,nan
19.5203,6.8685,1.0161,0.1325,163.0725,-0.0000,-80.7665,6.9250,0.7843,0.1422,0.2388,-3.2347,48.7571,43.6668,-0.0084,nan,nan,nan,nan
19.5452,6.8685,1.0161,0.1325,163.0725,0.0000,-80.7665,6.9250,0.7843,0.1422,0.2388,-3.2459,48.7613,43.6714,-0.0089,nan,nan,nan,nan
19.5792,6.8685,1.0161,0.1325,163.0725,-0.0000,-80.7665,6.9250,0.7843,0.1421,0.2388,-3.2508,48.7626,43.6797,-0.0121,nan,nan,nan,nan
19.6047,6.8685,1.0161,0.1325,163.0725,-0.0000,-80.7665,6.9250,0.7843,0.1421,0.2388,-3.2509,48.7617,43.6839,-0.0139,nan,nan,nan,nan
19.6257,6.8685,1.0161,0.1325,163.0725,0.0000,-80.7665,6.9250,0.7843,0.1421,0.2388,-3.2507,48.7615,43.6853,-0.0141,nan,nan,nan,nan
19.6517,6.8685,1.0161,0.1325,163.0725,0.0000,-80.7665,6.9250,0.7844,0.1421,0.2387,-3.2499,48.7615,43.6888,-0.0120,nan,nan,nan,nan
19.6763,6.8685,1.0161,0.1325,163.0725,-0.0000,-80.7664,6.9250,0.7844,0.1421,0.2387,-3.2500,48.7619,43.6892,-0.0113,nan,nan,nan,nan
19.7069,6.8685,1.0161,0.1325,163.0725,0.0000,-80.7665,6.9250,0.7844,0.1421,0.2387,-3.2547,48.7619,43.6910,-0.0138,nan,nan,nan,nan
19.7340,6.8685,1.0161,0.1325,163.0725,0.0000,-80.7665,6.9250,0.7844,0.1421,0.2387,-3.2584,48.7620,43.6927,-0.0129,nan,nan,nan,nan
19.7617,6.8685,1.0161,0.1325,163.0725,0.0000,-80.7664,6.9250,0.7844,0.1421,0.2387,-3.2626,48.7634,43.6932,-0.0112,nan,nan,nan,nan
19.7856,6.8685,1.0161,0.1325,163.0725,-0.0000,-80.7663,6.9251,0.7844,0.1421,0.2387,-3.2669,48.7661,43.6950,-0.0141,nan,nan,nan,nan
19.8120,6.8685,1.0161,0.1325,163.0725,-0.0000,-80.7663,6.9250,0.7844,0.1421,0.2387,-3.2635,48.7659,43.7007,-0.0206,nan,nan,nan,nan
19.8380,6.8685,1.0161,0.1325,163.0725,0.0000,-80.7665,6.9250,0.7844,0.1421,0.2387,-3.2583,48.7659,43.7071,-0.0286,nan,nan,nan,nan
19.8627,6.8685,1.0161,0.1325,163.0725,0.0000,-80.7665,6.9250,0.7844,0.1420,0.2387,-3.2491,48.7672,43.7149,-0.0419,nan,nan,nan,nan
19.8977,6.8685,1.0161,0.1325,163.0725,0.0001,-80.7664,6.9249,0.7844,0.1420,0.2386,-3.2344,48.7674,43.7245,-0.0460,nan,nan,nan,nan
19.9293,6.8685,1.0161,0.1325,163.0725,0.0000,-80.7664,6.9248,0.7844,0.1420,0.2386,-3.2209,48.7654,43.7351,-0.0372,nan,nan,nan,nan
19.9582,6.8685,1.0161,0.1325,163.0725,0.0000,-80.7664,6.9248,0.7844,0.1421,0.2386,-3.2138,48.7645,43.7387,-0.0309,nan,nan,nan,nan
19.9845,6.8685,1.0161,0.1325,163.0725,0.0000,-80.7664,6.9248,0.7844,0.1421,0.2386,-3.2032,48.7633,43.7458,-0.0242,nan,nan,nan,nan
20.0172,6.8685,1.0161,0.1325,163.0725,0.0000,-80.7664,6.9247,0.7844,0.1421,0.2386,-3.1914,48.7629,43.7515,-0.0180,nan,nan,nan,nan
20.0531,6.8685,1.0161,0.1325,163.0725,0.0000,-80.7665,6.9246,0.7844,0.1421,0.2386,-3.1737,48.7622,43.7593,-0.0152,nan,nan,nan,nan
20.0761,6.8685,1.0161,0.1325,163.0725,0.0000,-80.7665,6.9246,0.7844,0.1421,0.2385,-3.1563,48.7620,43.7662,-0.0137,nan,nan,nan,nan
20.1035,6.8685,1.0161,0.1325,163.0725,0.0000,-80.7665,6.9245,0.7844,0.1421,0.2385,-3.1431,48.7612,43.7711,-0.0123,nan,nan,nan,nan
20.1269,6.8685,1.0161,0.1325,163.0725,-0.0000,-80.7664,6.9244,0.7844,0.1421,0.2385,-3.1192,48.7592,43.7753,-0.0081,nan,nan,nan,nan
20.1535,6.8685,1.0161,0.1325,163.0725,-0.0000,-80.7664,6.9243,0.7844,0.1422,0.2385,-3.1005,48.7577,43.7768,-0.0053,nan,nan,nan,nan
20.1802,6.8685,1.0161,0.1325,163.0725,0.0000,-80.7665,6.9242,0.7844,0.1422,0.2385,-3.0676,48.7566,43.7791,-0.0047,nan,nan,nan,nan
20.2167,6.8685,1.0161,0.1325,163.0725,0.0001,-80.7665,6.9241,0.7844,0.1422,0.2385,-3.0310,48.7551,43.7809,-0.0071,nan,nan,nan,nan
20.2380,6.8685,1.0161,0.1325,163.0725,0.0001,-80.7665,6.9239,0.7843,0.1423,0.2385,-3.0060,48.7540,43.7823,-0.0079,nan,nan,nan,nan
20.2599,6.8685,1.0161,0.1325,163.0725,-0.0000,-80.7664,6.9238,0.7843,0.1423,0.2385,-2.9654,48.7515,43.7877,-0.0140,nan,nan,nan,nan
20.2832,6.8685,1.0161,0.1325,163.0725,-0.0000,-80.7664,6.9236,0.7843,0.1423,0.2385,-2.9237,48.7505,43.7931,-0.0199,nan,nan,nan,nan
20.3107,6.8685,1.0161,0.1325,163.0725,0.0000,-80.7664,6.9234,0.7843,0.1424,0.2385,-2.8748,48.7516,43.8004,-0.0297,nan,nan,nan,nan
20.3322,6.8685,1.0161,0.1325,163.0725,0.0000,-80.7664,6.9233,0.7843,0.1424,0.2385,-2.8542,48.7538,43.8036,-0.0330,nan,nan,nan,nan
20.3532,6.8685,1.0161,0.1325,163.0725,-0.0000,-80.7664,6.9232,0.7842,0.1424,0.2384,-2.8356,48.7567,43.8067,-0.0336,nan,nan,nan,nan
20.3804,6.8685,1.0161,0.1325,163.0725,-0.0000,-80.7665,6.9232,0.7842,0.1424,0.2384,-2.8078,48.7611,43.8127,-0.0340,nan,nan,nan,nan
20.4185,6.8685,1.0161,0.1325,163.0725,0.0001,-80.7665,6.9231,0.7842,0.1424,0.2384,-2.7888,48.7656,43.8183,-0.0379,nan,nan,nan,nan
20.4468,6.8685,1.0161,0.1325,163.0725,0.0001,-80.7665,6.9230,0.7842,0.1424,0.2384,-2.7754,48.7724,43.8199,-0.0426,nan,nan,nan,nan
20.4693,6.8685,1.0161,0.1325,163.0725,0.0001,-80.7665,6.9230,0.7842,0.1424,0.2384,-2.7699,48.7750,43.8206,-0.0453,nan,nan,nan,nan
20.4922,6.8685,1.0161,0.1325,163.0725,-0.0000,-80.7665,6.9230,0.7842,0.1424,0.2384,-2.7636,48.7783,43.8230,-0.0443,nan,nan,nan,nan
20.5203,6.8685,1.0161,0.1325,163.0725,0.0000,-80.7665,6.9229,0.7843,0.1423,0.2384,-2.7625,48.7823,43.8264,-0.0441,nan,nan,nan,nan
20.5430,6.8685,1.0161,0.1325,163.0725,0.0000,-80.7665,6.9229,0.7843,0.1423,0.2384,-2.7650,48.7836,43.8312,-0.0466,nan,nan,nan,nan
20.5679,6.8685,1.0161,0.1325,163.0725,0.0000,-80.7664,6.9230,0.7843,0.1423,0.2383,-2.7666,48.7838,43.8327,-0.0482,nan,nan,nan,nan
20.5987,6.8685,1.0161,0.1325,163.0725,0.0000,-80.7665,6.9230,0.7843,0.1423,0.2383,-2.7734,48.7859,43.8353,-0.0444,nan,nan,nan,nan
20.6276,6.8685,1.0161,0.1325,163.0725,0.0000,-80.7665,6.9230,0.7843,0.1423,0.2383,-2.7834,48.7875,43.8349,-0.0376,nan,nan,nan,nan
20.6503,6.8685,1.0161,0.1325,163.0725,0.0000,-80.7665,6.9230,0.7843,0.1423,0.2383,-2.7925,48.7898,43.8345,-0.0331,nan,nan,nan,nan
20.6714,6.8685,1.0161,0.1325,163.0725,0.0000,-80.7665,6.9231,0.7843,0.1423,0.2383,-2.7973,48.7910,43.8340,-0.0319,nan,nan,nan,nan
20.7067,6.8685,1.0161,0.1325,163.0725,0.0000,-80.7665,6.9231,0.7843,0.1422,0.2383,-2.8032,48.7929,43.8350,-0.0314,nan,nan,nan,nan
20.7283,6.8685,1.0161,0.1325,163.0725,0.0000,-80.7665,6.9231,0.7843,0.1422,0.2383,-2.8077,48.7943,43.8369,-0.0266,nan,nan,nan,nan
20.7535,6.8685,1.0161,0.1325,163.0725,-0.0000,-80.7664,6.9231,0.7843,0.1422,0.2383,-2.8089,48.7945,43.8382,-0.0249,nan,nan,nan,nan
20.7866,6.8685,1.0161,0.1325,163.0725,0.0000,-80.7665,6.9231,0.7844,0.1422,0.2383,-2.8139,48.7959,43.8449,-0.0197,nan,nan,nan,nan
20.8080,6.8685,1.0161,0.1325,163.0725,0.0000,-80.7665,6.9231,0.7844,0.1422,0.2383,-2.8176,48.7991,43.8499,-0.0215,nan,nan,nan,nan
20.8346,6.8685,1.0161,0.1325,163.0725,0.0000,-80.7665,6.9231,0.7844,0.1421,0.2383,-2.8211,48.8001,43.8541,-0.0216,nan,nan,nan,nan
20.8664,6.8685,1.0161,0.1325,163.0725,0.0001,-80.7665,6.9231,0.7844,0.1421,0.2383,-2.8285,48.7999,43.8641,-0.0264,nan,nan,nan,nan
20.8923,6.8685,1.0161,0.1325,163.0725,0.0001,-80.7665,6.9232,0.7844,0.1421,0.2382,-2.8408,48.7980,43.8735,-0.0332,nan,nan,nan,nan
20.9151,6.8685,1.0161,0.1325,163.0725,-0.0000,-80.7665,6.9232,0.7845,0.1421,0.2382,-2.8503,48.7967,43.8787,-0.0351,nan,nan,nan,nan
20.9396,6.8685,1.0161,0.1325,163.0725,-0.0000,-80.7664,6.9233,0.7845,0.1420,0.2382,-2.8683,48.7953,43.8866,-0.0379,nan,nan,nan,nan
20.9674,6.8685,1.0161,0.1325,163.0725,0.0001,-80.7665,6.9234,0.7845,0.1420,0.2382,-2.9010,48.7968,43.8957,-0.0430,nan,nan,nan,nan
20.9891,6.8685,1.0161,0.1325,163.0725,0.0001,-80.7665,6.9235,0.7846,0.1419,0.2382,-2.9204,48.7984,43.8996,-0.0439,nan,nan,nan,nan
21.0158,6.8685,1.0161,0.1325,163.0725,0.0001,-80.7665,6.9235,0.7846,0.1419,0.2381,-2.9509,48.8013,43.9066,-0.0430,nan,nan,nan,nan
21.0438,6.8685,1.0161,0.1325,163.0725,0.0001,-80.7665,6.9237,0.7847,0.1418,0.2381,-2.9824,48.8036,43.9142,-0.0417,nan,nan,nan,nan
21.0752,6.8685,1.0161,0.1325,163.0725,0.0001,-80.7665,6.9238,0.7847,0.1417,0.2381,-3.0209,48.8055,43.9223,-0.0408,nan,nan,nan,nan
21.0994,6.8685,1.0161,0.1325,163.0725,0.0001,-80.7665,6.9239,0.7847,0.1417,0.2381,-3.0442,48.8068,43.9280,-0.0428,nan,nan,nan,nan
21.1224,6.8685,1.0161,0.1325,163.0725,-0.0000,-80.7665,6.9239,0.7848,0.1417,0.2381,-3.0594,48.8073,43.9324,-0.0436,nan,nan,nan,nan
21.1539,6.8685,1.0161,0.1325,163.0725,0.0000,-80.7664,6.9240,0.7848,0.1416,0.2381,-3.0835,48.8084,43.9393,-0.0405,nan,nan,nan,nan
21.1748,6.8685,1.0161,0.1325,163.0725,0.0000,-80.7664,6.9241,0.7848,0.1416,0.2380,-3.1071,48.8094,43.9478,-0.0322,nan,nan,nan,nan
21.1953,6.8685,1.0161,0.1325,163.0725,0.0000,-80.7665,6.9241,0.7849,0.1415,0.2380,-3.1216,48.8112,43.9528,-0.0268,nan,nan,nan,nan
21.2165,6.8685,1.0161,0.1325,163.0725,0.0001,-80.7665,6.9242,0.7849,0.1415,0.2380,-3.1357,48.8153,43.9574,-0.0219,nan,nan,nan,nan
21.2456,6.8685,1.0161,0.1325,163.0725,-0.0000,-80.7665,6.9242,0.7849,0.1415,0.2380,-3.1396,48.8198,43.9586,-0.0160,nan,nan,nan,nan
21.2770,6.8685,1.0161,0.1325,163.0725,-0.0000,-80.7665,6.9241,0.7849,0.1415,0.2380,-3.1306,48.8229,43.9596,-0.0135,nan,nan,nan,nan
21.3050,6.8685,1.0161,0.1325,163.0725,-0.0000,-80.7665,6.9241,0.7849,0.1415,0.2380,-3.1250,48.8263,43.9637,-0.0164,nan,nan,nan,nan
21.3259,6.8685,1.0161,0.1325,163.0725,-0.0000,-80.7665,6.9241,0.7849,0.1414,0.2380,-3.1248,48.8287,43.9664,-0.0178,nan,nan,nan,nan
21.3528,6.8685,1.0161,0.1325,163.0725,0.0000,-80.7665,6.9241,0.7849,0.1414,0.2379,-3.1277,48.8310,43.9720,-0.0196,nan,nan,nan,nan
21.3787,6.8685,1.0161,0.1325,163.0725,0.0000,-80.7663,6.9241,0.7849,0.1414,0.2379,-3.1356,48.8316,43.9739,-0.0226,nan,nan,nan,nan
21.4146,6.8685,1.0161,0.1325,163.0725,0.0001,-80.7665,6.9242,0.7850,0.1414,0.2379,-3.1473,48.8290,43.9785,-0.0231,nan,nan,nan,nan
21.4509,6.8685,1.0161,0.1325,163.0725,0.0000,-80.7665,6.9242,0.7850,0.1414,0.2379,-3.1557,48.8254,43.9821,-0.0216,nan,nan,nan,nan
21.4833,6.8685,1.0161,0.1325,163.0725,0.0001,-80.7665,6.9242,0.7850,0.1414,0.2379,-3.1608,48.8224,43.9846,-0.0257,nan,nan,nan,nan
21.5110,6.8685,1.0161,0.1325,163.0725,0.0000,-80.7665,6.9243,0.7850,0.1414,0.2379,-3.1672,48.8203,43.9819,-0.0255,nan,nan,nan,nan
21.5366,6.8685,1.0161,0.1325,163.0725,0.0000,-80.7665,6.9243,0.7850,0.1414,0.2379,-3.1698,48.8191,43.9814,-0.0228,nan,nan,nan,nan
21.5574,6.8685,1.0161,0.1325,163.0725,-0.0000,-80.7665,6.9243,0.7850,0.1414,0.2379,-3.1711,48.8186,43.9813,-0.0201,nan,nan,nan,nan
21.5848,6.8685,1.0161,0.1325,163.0725,-0.0000,-80.7665,6.9243,0.7850,0.1414,0.2379,-3.1727,48.8186,43.9826,-0.0123,nan,nan,nan,nan
21.6136,6.8685,1.0161,0.1325,163.0725,0.0000,-80.7664,6.9243,0.7850,0.1414,0.2379,-3.1778,48.8199,43.9893,-0.0074,nan,nan,nan,nan
21.6341,6.8685,1.0161,0.1325,163.0725,0.0000,-80.7664,6.9243,0.7850,0.1413,0.2379,-3.1799,48.8214,43.9931,-0.0070,nan,nan,nan,nan
21.6553,6.8685,1.0161,0.1325,163.0725,0.0000,-80.7665,6.9243,0.7850,0.1413,0.2379,-3.1821,48.8248,43.9992,-0.0099,nan,nan,nan,nan
21.6801,6.8685,1.0161,0.1325,163.0725,-0.0000,-80.7664,6.9243,0.7851,0.1413,0.2379,-3.1815,48.8295,44.0033,-0.0111,nan,nan,nan,nan
21.7165,6.8685,1.0161,0.1325,163.0725,0.0000,-80.7664,6.9242,0.7851,0.1413,0.2378,-3.1740,48.8359,44.0082,-0.0103,nan,nan,nan,nan
21.7379,6.8685,1.0161,0.1325,163.0725,0.0000,-80.7664,6.9242,0.7851,0.1413,0.2378,-3.1695,48.8382,44.0126,-0.0075,nan,nan,nan,nan
21.7590,6.8685,1.0161,0.1325,163.0725,0.0000,-80.7665,6.9242,0.7851,0.1412,0.2378,-3.1623,48.8414,44.0180,-0.0033,nan,nan,nan,nan
21.7839,6.8685,1.0161,0.1325,163.0725,-0.0001,-80.7665,6.9241,0.7851,0.1412,0.2378,-3.1552,48.8442,44.0211,0.0057,nan,nan,nan,nan
21.8135,6.8685,1.0161,0.1325,163.0725,0.0000,-80.7665,6.9241,0.7851,0.1412,0.2378,-3.1550,48.8444,44.0223,0.0094,nan,nan,nan,nan
21.8452,6.8685,1.0161,0.1325,163.0725,-0.0000,-80.7664,6.9241,0.7851,0.1412,0.2378,-3.1566,48.8452,44.0266,0.0115,nan,nan,nan,nan
21.8808,6.8685,1.0161,0.1325,163.0725,-0.0000,-80.7664,6.9241,0.7851,0.1412,0.2378,-3.1564,48.8466,44.0315,0.0176,nan,nan,nan,nan
21.9035,6.8685,1.0161,0.1325,163.0725,-0.0000,-80.7664,6.9241,0.7851,0.1412,0.2378,-3.1539,48.8483,44.0341,0.0159,nan,nan,nan,nan
21.9264,6.8685,1.0161,0.1325,163.0725,-0.0000,-80.7664,6.9241,0.7851,0.1412,0.2378,-3.1464,48.8507,44.0349,0.0125,nan,nan,nan,nan
21.9536,6.8685,1.0161,0.1325,163.0725,-0.0000,-80.7665,6.9241,0.7851,0.1412,0.2378,-3.1410,48.8516,44.0365,0.0098,nan,nan,nan,nan
21.9825,6.8685,1.0161,0.1325,163.0725,0.0000,-80.7665,6.9240,0.7851,0.1412,0.2377,-3.1360,48.8536,44.0420,0.0020,nan,nan,nan,nan
22.0122,6.8685,1.0161,0.1325,163.0725,-0.0000,-80.7665,6.9240,0.7851,0.1411,0.2377,-3.1325,48.8604,44.0485,-0.0019,nan,nan,nan,nan
22.0392,6.8685,1.0161,0.1325,163.0725,-0.0000,-80.7665,6.9240,0.7852,0.1411,0.2377,-3.1333,48.8639,44.0530,-0.0023,nan,nan,nan,nan
22.0611,6.8685,1.0161,0.1325,163.0725,-0.0000,-80.7664,6.9240,0.7852,0.1411,0.2377,-3.1339,48.8647,44.0549,-0.0030,nan,nan,nan,nan
22.0856,6.8685,1.0161,0.1325,163.0725,-0.0000,-80.7665,6.9240,0.7852,0.1411,0.2377,-3.1369,48.8673,44.0596,-0.0124,nan,nan,nan,nan
22.1176,6.8685,1.0161,0.1325,163.0725,-0.0000,-80.7664,6.9240,0.7852,0.1411,0.2377,-3.1367,48.8676,44.0629,-0.0180,nan,nan,nan,nan
22.1434,6.8685,1.0161,0.1325,163.0725,-0.0000,-80.7664,6.9240,0.7852,0.1411,0.2377,-3.1394,48.8672,44.0612,-0.0172,nan,nan,nan,nan
22.1664,6.8685,1.0161,0.1325,163.0725,-0.0000,-80.7664,6.9240,0.7852,0.1411,0.2377,-3.1440,48.8672,44.0592,-0.0158,nan,nan,nan,nan
22.1911,6.8685,1.0161,0.1325,163.0725,0.0001,-80.7665,6.9240,0.7852,0.1411,0.2377,-3.1477,48.8676,44.0602,-0.0159,nan,nan,nan,nan
22.2169,6.8685,1.0161,0.1325,163.0725,0.0000,-80.7665,6.9241,0.7852,0.1411,0.2377,-3.1557,48.8695,44.0630,-0.0165,nan,nan,nan,nan
22.2443,6.8685,1.0161,0.1325,163.0725,0.0000,-80.7665,6.9241,0.7852,0.1410,0.2377,-3.1624,48.8712,44.0640,-0.0155,nan,nan,nan,nan
22.2704,6.8685,1.0161,0.1325,163.0725,-0.0000,-80.7664,6.9241,0.7852,0.1410,0.2376,-3.1665,48.8731,44.0649,-0.0139,nan,nan,nan,nan
22.2968,6.8685,1.0161,0.1325,163.0725,-0.0000,-80.7664,6.9241,0.7852,0.1410,0.2377,-3.1680,48.8754,44.0631,-0.0126,nan,nan,nan,nan
22.3249,6.8685,1.0161,0.1325,163.0725,0.0000,-80.7664,6.9241,0.7852,0.1410,0.2377,-3.1670,48.8762,44.0619,-0.0122,nan,nan,nan,nan
22.3612,6.8685,1.0161,0.1325,163.0725,-0.0001,-80.7664,6.9241,0.7852,0.1410,0.2376,-3.1619,48.8774,44.0634,-0.0182,nan,nan,nan,nan
22.3930,6.8685,1.0161,0.1325,163.0725,-0.0001,-80.7664,6.9241,0.7852,0.1410,0.2376,-3.1575,48.8777,44.0659,-0.0195,nan,nan,nan,nan
22.4203,6.8685,1.0161,0.1325,163.0725,-0.0001,-80.7664,6.9240,0.7852,0.1410,0.2376,-3.1553,48.8801,44.0655,-0.0186,nan,nan,nan,nan
22.4435,6.8685,1.0161,0.1325,163.0725,-0.0000,-80.7665,6.9240,0.7852,0.1410,0.2376,-3.1553,48.8811,44.0669,-0.0172,nan,nan,nan,nan
22.4760,6.8685,1.0161,0.1325,163.0725,-0.0000,-80.7665,6.9240,0.7852,0.1410,0.2376,-3.1560,48.8829,44.0687,-0.0162,nan,nan,nan,nan
22.4994,6.8685,1.0161,0.1325,163.0725,-0.0000,-80.7665,6.9240,0.7852,0.1410,0.2376,-3.1567,48.8831,44.0713,-0.0112,nan,nan,nan,nan
22.5205,6.8685,1.0161,0.1325,163.0726,0.0000,-80.7665,6.9240,0.7852,0.1410,0.2376,-3.1560,48.8835,44.0731,-0.0067,nan,nan,nan,nan
22.5487,6.8685,1.0161,0.1325,163.0725,-0.0000,-80.7664,6.9240,0.7852,0.1410,0.2376,-3.1549,48.8832,44.0757,0.0039,nan,nan,nan,nan
22.5752,6.8685,1.0161,0.1325,163.0725,-0.0000,-80.7664,6.9240,0.7852,0.1410,0.2376,-3.1524,48.8823,44.0789,0.0084,nan,nan,nan,nan
22.6023,6.8685,1.0161,0.1325,163.0725,-0.0000,-80.7664,6.9240,0.7853,0.1410,0.2376,-3.1495,48.8819,44.0825,0.0098,nan,nan,nan,nan
22.6240,6.8685,1.0161,0.1325,163.0725,-0.0000,-80.7664,6.9240,0.7853,0.1410,0.2376,-3.1455,48.8827,44.0883,0.0062,nan,nan,nan,nan
22.6505,6.8685,1.0161,0.1325,163.0725,-0.0000,-80.7664,6.9239,0.7853,0.1410,0.2376,-3.1396,48.8833,44.0916,0.0094,nan,nan,nan,nan
22.6757,6.8685,1.0161,0.1325,163.0725,-0.0001,-80.7664,6.9239,0.7853,0.1410,0.2376,-3.1306,48.8829,44.0971,0.0171,nan,nan,nan,nan
22.6971,6.8685,1.0161,0.1325,163.0725,0.0000,-80.7664,6.9239,0.7853,0.1410,0.2375,-3.1234,48.8840,44.1000,0.0220,nan,nan,nan,nan
22.7238,6.8685,1.0161,0.1325,163.0725,0.0000,-80.7664,6.9238,0.7853,0.1410,0.2375,-3.1120,48.8872,44.1030,0.0222,nan,nan,nan,nan
22.7492,6.8685,1.0161,0.1325,163.0725,0.0000,-80.7664,6.9238,0.7853,0.1410,0.2375,-3.1076,48.8882,44.1039,0.0210,nan,nan,nan,nan
22.7708,6.8685,1.0161,0.1325,163.0725,0.0000,-80.7664,6.9237,0.7853,0.1410,0.2375,-3.0910,48.8892,44.1079,0.0151,nan,nan,nan,nan
22.7919,6.8685,1.0161,0.1325,163.0725,0.0000,-80.7664,6.9237,0.7853,0.1410,0.2375,-3.0797,48.8872,44.1126,0.0107,nan,nan,nan,nan
22.8128,6.8685,1.0161,0.1325,163.0725,0.0001,-80.7665,6.9237,0.7853,0.1410,0.2375,-3.0759,48.8870,44.1146,0.0107,nan,nan,nan,nan
22.8404,6.8685,1.0161,0.1325,163.0725,-0.0000,-80.7665,6.9236,0.7853,0.1410,0.2375,-3.0656,48.8852,44.1266,0.0136,nan,nan,nan,nan
22.8733,6.8685,1.0161,0.1325,163.0725,-0.0000,-80.7665,6.9236,0.7853,0.1409,0.2374,-3.0623,48.8871,44.1388,0.0176,nan,nan,nan,nan
22.8985,6.8685,1.0161,0.1325,163.0725,0.0001,-80.7664,6.9236,0.7853,0.1409,0.2374,-3.0710,48.8893,44.1445,0.0247,nan,nan,nan,nan
22.9218,6.8685,1.0161,0.1325,163.0725,0.0000,-80.7665,6.9237,0.7853,0.1409,0.2374,-3.0852,48.8897,44.1479,0.0406,nan,nan,nan,nan
22.9457,6.8685,1.0161,0.1325,163.0725,-0.0000,-80.7665,6.9237,0.7854,0.1409,0.2374,-3.0859,48.8909,44.1502,0.0537,nan,nan,nan,nan
22.9826,6.8685,1.0161,0.1325,163.0725,0.0001,-80.7664,6.9236,0.7854,0.1409,0.2374,-3.0732,48.8919,44.1572,0.0599,nan,nan,nan,nan
23.0048,6.8685,1.0161,0.1325,163.0725,0.0001,-80.7664,6.9236,0.7854,0.1409,0.2374,-3.0657,48.8925,44.1610,0.0604,nan,nan,nan,nan
23.0312,6.8685,1.0161,0.1325,163.0725,0.0000,-80.7664,6.9235,0.7854,0.1409,0.2374,-3.0540,48.8922,44.1658,0.0606,nan,nan,nan,nan
23.0570,6.8685,1.0161,0.1325,163.0725,0.0000,-80.7665,6.9235,0.7854,0.1409,0.2374,-3.0417,48.8924,44.1703,0.0625,nan,nan,nan,nan
23.0883,6.8685,1.0161,0.1325,163.0725,0.0000,-80.7665,6.9234,0.7854,0.1409,0.2373,-3.0160,48.8938,44.1755,0.0621,nan,nan,nan,nan
23.1167,6.8685,1.0161,0.1325,163.0725,-0.0000,-80.7665,6.9232,0.7853,0.1409,0.2373,-2.9862,48.8947,44.1793,0.0625,nan,nan,nan,nan
23.1460,6.8685,1.0161,0.1325,163.0726,-0.0000,-80.7665,6.9231,0.7853,0.1410,0.2373,-2.9525,48.8927,44.1855,0.0630,nan,nan,nan,nan
23.1777,6.8685,1.0161,0.1325,163.0725,-0.0000,-80.7664,6.9230,0.7853,0.1410,0.2373,-2.9168,48.8911,44.1912,0.0576,nan,nan,nan,nan
23.2058,6.8685,1.0161,0.1325,163.0725,-0.0001,-80.7665,6.9229,0.7853,0.1410,0.2373,-2.8854,48.8904,44.1943,0.0488,nan,nan,nan,nan
23.2266,6.8685,1.0161,0.1325,163.0725,-0.0001,-80.7665,6.9228,0.7853,0.1411,0.2373,-2.8658,48.8886,44.1954,0.0465,nan,nan,nan,nan
23.2483,6.8685,1.0161,0.1325,163.0725,-0.0000,-80.7665,6.9227,0.7852,0.1411,0.2373,-2.8548,48.8880,44.1961,0.0457,nan,nan,nan,nan
23.2746,6.8685,1.0161,0.1325,163.0725,-0.0000,-80.7664,6.9227,0.7852,0.1411,0.2373,-2.8422,48.8874,44.1948,0.0443,nan,nan,nan,nan
23.2973,6.8685,1.0161,0.1325,163.0725,-0.0000,-80.7664,6.9227,0.7852,0.1411,0.2373,-2.8395,48.8861,44.1941,0.0429,nan,nan,nan,nan
23.3273,6.8685,1.0161,0.1325,163.0725,-0.0000,-80.7665,6.9227,0.7852,0.1411,0.2373,-2.8396,48.8838,44.1952,0.0394,nan,nan,nan,nan
23.3590,6.8685,1.0161,0.1325,163.0725,-0.0001,-80.7665,6.9227,0.7852,0.1411,0.2373,-2.8356,48.8843,44.1914,0.0355,nan,nan,nan,nan
23.3855,6.8685,1.0161,0.1325,163.0725,-0.0001,-80.7665,6.9226,0.7852,0.1411,0.2373,-2.8242,48.8851,44.1849,0.0303,nan,nan,nan,nan
23.4095,6.8685,1.0161,0.1325,163.0727,0.0001,-80.7665,6.9226,0.7852,0.1412,0.2374,-2.8090,48.8859,44.1763,0.0293,nan,nan,nan,nan
23.4410,6.8685,1.0161,0.1325,163.0725,0.0000,-80.7664,6.9225,0.7851,0.1412,0.2374,-2.7931,48.8845,44.1732,0.0243,nan,nan,nan,nan
23.4657,6.8685,1.0161,0.1325,163.0726,-0.0000,-80.7665,6.9225,0.7851,0.1412,0.2374,-2.7850,48.8843,44.1763,0.0219,nan,nan,nan,nan
23.4882,6.8685,1.0161,0.1325,163.0726,-0.0000,-80.7665,6.9225,0.7852,0.1412,0.2373,-2.7831,48.8855,44.1788,0.0193,nan,nan,nan,nan
23.5111,6.8685,1.0161,0.1325,163.0725,0.0000,-80.7664,6.9225,0.7852,0.1412,0.2373,-2.7833,48.8863,44.1811,0.0168,nan,nan,nan,nan
23.5364,6.8685,1.0161,0.1325,163.0725,-0.0000,-80.7664,6.9225,0.7852,0.1412,0.2373,-2.7841,48.8894,44.1802,0.0127,nan,nan,nan,nan
23.5733,6.8685,1.0161,0.1325,163.0725,-0.0000,-80.7664,6.9225,0.7852,0.1412,0.2373,-2.7840,48.8937,44.1782,0.0054,nan,nan,nan,nan
23.6030,6.8685,1.0161,0.1325,163.0725,-0.0000,-80.7665,6.9224,0.7852,0.1412,0.2373,-2.7774,48.8994,44.1736,-0.0014,nan,nan,nan,nan
23.6290,6.8685,1.0161,0.1325,163.0725,-0.0000,-80.7665,6.9224,0.7851,0.1412,0.2373,-2.7706,48.9015,44.1736,-0.0035,nan,nan,nan,nan
23.6494,6.8685,1.0161,0.1325,163.0725,0.0000,-80.7664,6.9224,0.7851,0.1412,0.2373,-2.7579,48.9040,44.1739,-0.0032,nan,nan,nan,nan
23.6727,6.8685,1.0161,0.1325,163.0725,0.0000,-80.7664,6.9223,0.7851,0.1412,0.2373,-2.7462,48.9070,44.1730,-0.0029,nan,nan,nan,nan
23.7005,6.8685,1.0161,0.1325,163.0725,-0.0000,-80.7664,6.9223,0.7851,0.1412,0.2373,-2.7343,48.9116,44.1690,-0.0044,nan,nan,nan,nan
23.7274,6.8685,1.0161,0.1325,163.0725,-0.0000,-80.7664,6.9223,0.7851,0.1412,0.2373,-2.7319,48.9144,44.1696,-0.0030,nan,nan,nan,nan
23.7492,6.8685,1.0161,0.1325,163.0725,-0.0000,-80.7664,6.9223,0.7851,0.1412,0.2373,-2.7325,48.9147,44.1707,-0.0011,nan,nan,nan,nan
23.7760,6.8685,1.0161,0.1325,163.0725,0.0000,-80.7665,6.9223,0.7851,0.1412,0.2373,-2.7378,48.9139,44.1757,0.0047,nan,nan,nan,nan
23.8024,6.8685,1.0161,0.1325,163.0725,0.0000,-80.7665,6.9223,0.7852,0.1411,0.2373,-2.7403,48.9134,44.1816,0.0074,nan,nan,nan,nan
23.8236,6.8685,1.0161,0.1325,163.0725,0.0000,-80.7665,6.9223,0.7852,0.1411,0.2373,-2.7405,48.9142,44.1872,0.0111,nan,nan,nan,nan
23.8453,6.8685,1.0161,0.1325,163.0725,-0.0000,-80.7665,6.9223,0.7852,0.1411,0.2373,-2.7386,48.9158,44.1895,0.0167,nan,nan,nan,nan
23.8745,6.8685,1.0161,0.1325,163.0725,-0.0000,-80.7665,6.9222,0.7852,0.1411,0.2373,-2.7366,48.9198,44.1922,0.0292,nan,nan,nan,nan
23.9030,6.8685,1.0161,0.1325,163.0725,0.0000,-80.7665,6.9223,0.7852,0.1411,0.2373,-2.7434,48.9224,44.1928,0.0385,nan,nan,nan,nan
23.9292,6.8685,1.0161,0.1325,163.0725,-0.0000,-80.7665,6.9223,0.7852,0.1411,0.2373,-2.7571,48.9251,44.1929,0.0423,nan,nan,nan,nan
23.9579,6.8685,1.0161,0.1325,163.0725,0.0000,-80.7665,6.9224,0.7852,0.1410,0.2372,-2.7715,48.9288,44.1964,0.0422,nan,nan,nan,nan
23.9841,6.8685,1.0161,0.1325,163.0725,-0.0000,-80.7665,6.9224,0.7852,0.1410,0.2372,-2.7866,48.9334,44.1963,0.0439,nan,nan,nan,nan
24.0043,6.8685,1.0161,0.1325,163.0725,-0.0000,-80.7665,6.9224,0.7852,0.1410,0.2372,-2.7936,48.9346,44.1958,0.0449,nan,nan,nan,nan
24.0245,6.8685,1.0161,0.1325,163.0725,0.0000,-80.7665,6.9225,0.7853,0.1410,0.2372,-2.8008,48.9350,44.1963,0.0464,nan,nan,nan,nan
24.0569,6.8685,1.0161,0.1325,163.0725,-0.0000,-80.7664,6.9225,0.7853,0.1409,0.2372,-2.8187,48.9367,44.1949,0.0505,nan,nan,nan,nan
24.0807,6.8685,1.0161,0.1325,163.0725,-0.0000,-80.7664,6.9226,0.7853,0.1409,0.2372,-2.8318,48.9378,44.1929,0.0546,nan,nan,nan,nan
24.1040,6.8685,1.0161,0.1325,163.0725,-0.0000,-80.7664,6.9226,0.7853,0.1409,0.2372,-2.8404,48.9385,44.1926,0.0554,nan,nan,nan,nan
24.1289,6.8685,1.0161,0.1325,163.0725,0.0000,-80.7665,6.9227,0.7853,0.1409,0.2372,-2.8522,48.9386,44.1940,0.0545,nan,nan,nan,nan
24.1539,6.8685,1.0161,0.1325,163.0725,0.0000,-80.7665,6.9227,0.7853,0.1409,0.2372,-2.8642,48.9392,44.1930,0.0546,nan,nan,nan,nan
24.1777,6.8685,1.0161,0.1325,163.0725,0.0000,-80.7665,6.9227,0.7853,0.1408,0.2372,-2.8737,48.9426,44.1906,0.0575,nan,nan,nan,nan
24.2144,6.8685,1.0161,0.1325,163.0725,0.0000,-80.7665,6.9228,0.7853,0.1408,0.2372,-2.8863,48.9455,44.1883,0.0596,nan,nan,nan,nan
24.2397,6.8685,1.0161,0.1325,163.0725,0.0000,-80.7665,6.9228,0.7853,0.1408,0.2372,-2.8963,48.9470,44.1888,0.0606,nan,nan,nan,nan
24.2608,6.8685,1.0161,0.1325,163.0725,0.0000,-80.7665,6.9228,0.7853,0.1408,0.2372,-2.8991,48.9483,44.1882,0.0618,nan,nan,nan,nan
24.2896,6.8685,1.0161,0.1325,163.0725,-0.0000,-80.7664,6.9228,0.7853,0.1408,0.2372,-2.9051,48.9512,44.1860,0.0664,nan,nan,nan,nan
24.3139,6.8685,1.0161,0.1325,163.0725,-0.0000,-80.7664,6.9228,0.7853,0.1408,0.2372,-2.9043,48.9512,44.1855,0.0658,nan,nan,nan,nan
24.3353,6.8685,1.0161,0.1325,163.0725,-0.0000,-80.7664,6.9228,0.7853,0.1408,0.2372,-2.9008,48.9504,44.1869,0.0676,nan,nan,nan,nan
24.3639,6.8685,1.0161,0.1325,163.0725,-0.0000,-80.7664,6.9228,0.7853,0.1408,0.2372,-2.8962,48.9490,44.1914,0.0679,nan,nan,nan,nan
24.3858,6.8685,1.0161,0.1325,163.0725,-0.0000,-80.7664,6.9228,0.7853,0.1408,0.2372,-2.8931,48.9475,44.1943,0.0652,nan,nan,nan,nan
24.7309,6.8685,1.0161,0.1325,163.0725,0.0000,-80.7664,6.9228,0.7853,0.1408,0.2372,-2.8786,48.9411,44.2061,0.0635,nan,nan,nan,nan
24.7520,6.8685,1.0161,0.1325,163.0725,0.0000,-80.7664,6.9225,0.7854,0.1408,0.2371,-2.8284,48.9435,44.2305,0.0588,nan,nan,nan,nan
24.7757,6.8685,1.0161,0.1325,163.0725,0.0000,-80.7665,6.9225,0.7854,0.1408,0.2371,-2.8171,48.9468,44.2339,0.0584,nan,nan,nan,nan
24.8042,6.8685,1.0161,0.1325,163.0725,0.0000,-80.7664,6.9224,0.7854,0.1408,0.2371,-2.8042,48.9488,44.2346,0.0587,nan,nan,nan,nan
24.8379,6.8685,1.0161,0.1325,163.0725,-0.0000,-80.7664,6.9223,0.7853,0.1408,0.2371,-2.7823,48.9492,44.2323,0.0568,nan,nan,nan,nan
24.8609,6.8685,1.0161,0.1325,163.0725,-0.0000,-80.7664,6.9222,0.7853,0.1409,0.2371,-2.7662,48.9490,44.2297,0.0534,nan,nan,nan,nan
24.8820,6.8685,1.0161,0.1325,163.0725,-0.0001,-80.7664,6.9222,0.7853,0.1409,0.2371,-2.7476,48.9480,44.2271,0.0513,nan,nan,nan,nan
24.9102,6.8685,1.0161,0.1325,163.0725,0.0000,-80.7664,6.9220,0.7853,0.1410,0.2371,-2.7058,48.9457,44.2257,0.0443,nan,nan,nan,nan
24.9399,6.8685,1.0161,0.1325,163.0725,-0.0000,-80.7664,6.9219,0.7852,0.1410,0.2372,-2.6688,48.9451,44.2215,0.0394,nan,nan,nan,nan
24.9692,6.8685,1.0161,0.1325,163.0725,0.0000,-80.7665,6.9218,0.7852,0.1411,0.2372,-2.6463,48.9468,44.2144,0.0352,nan,nan,nan,nan
24.9961,6.8685,1.0161,0.1325,163.0725,-0.0000,-80.7664,6.9218,0.7852,0.1411,0.2372,-2.6438,48.9490,44.2128,0.0342,nan,nan,nan,nan
25.0256,6.8685,1.0161,0.1325,163.0725,0.0000,-80.7665,6.9219,0.7852,0.1411,0.2372,-2.6537,48.9479,44.2098,0.0311,nan,nan,nan,nan
25.0627,6.8685,1.0161,0.1325,163.0725,0.0001,-80.7665,6.9219,0.7852,0.1410,0.2372,-2.6629,48.9446,44.2132,0.0282,nan,nan,nan,nan
25.0929,6.8685,1.0161,0.1325,163.0725,0.0000,-80.7665,6.9219,0.7852,0.1410,0.2372,-2.6683,48.9414,44.2158,0.0226,nan,nan,nan,nan
25.1146,6.8685,1.0161,0.1325,163.0725,0.0000,-80.7665,6.9219,0.7852,0.1410,0.2372,-2.6704,48.9399,44.2170,0.0149,nan,nan,nan,nan
25.1375,6.8685,1.0161,0.1325,163.0725,-0.0000,-80.7665,6.9219,0.7852,0.1410,0.2372,-2.6711,48.9396,44.2174,0.0128,nan,nan,nan,nan
25.1612,6.8685,1.0161,0.1325,163.0725,0.0000,-80.7665,6.9219,0.7852,0.1410,0.2372,-2.6744,48.9397,44.2224,0.0043,nan,nan,nan,nan
25.1847,6.8685,1.0161,0.1325,163.0725,0.0000,-80.7665,6.9220,0.7852,0.1410,0.2371,-2.6856,48.9415,44.2278,0.0027,nan,nan,nan,nan
25.2123,6.8685,1.0161,0.1325,163.0725,0.0000,-80.7665,6.9221,0.7853,0.1410,0.2371,-2.7083,48.9430,44.2296,0.0047,nan,nan,nan,nan
25.2485,6.8685,1.0161,0.1325,163.0725,0.0001,-80.7665,6.9222,0.7853,0.1409,0.2371,-2.7362,48.9432,44.2312,0.0074,nan,nan,nan,nan
25.2798,6.8685,1.0161,0.1325,163.0725,0.0000,-80.7665,6.9223,0.7853,0.1409,0.2371,-2.7616,48.9412,44.2357,0.0135,nan,nan,nan,nan
25.3145,6.8685,1.0161,0.1325,163.0725,0.0000,-80.7664,6.9223,0.7853,0.1409,0.2371,-2.7843,48.9398,44.2397,0.0178,nan,nan,nan,nan
25.3423,6.8685,1.0161,0.1325,163.0725,-0.0000,-80.7664,6.9224,0.7854,0.1408,0.2371,-2.8050,48.9403,44.2422,0.0203,nan,nan,nan,nan
25.3710,6.8685,1.0161,0.1325,163.0725,-0.0000,-80.7665,6.9225,0.7854,0.1408,0.2371,-2.8272,48.9408,44.2443,0.0251,nan,nan,nan,nan
25.4016,6.8685,1.0161,0.1325,163.0725,-0.0000,-80.7665,6.9226,0.7854,0.1408,0.2371,-2.8448,48.9423,44.2460,0.0301,nan,nan,nan,nan
25.4271,6.8685,1.0161,0.1325,163.0725,-0.0000,-80.7665,6.9226,0.7854,0.1408,0.2371,-2.8589,48.9434,44.2462,0.0311,nan,nan,nan,nan
25.4478,6.8685,1.0161,0.1325,163.0725,-0.0000,-80.7665,6.9227,0.7854,0.1407,0.2371,-2.8698,48.9424,44.2471,0.0313,nan,nan,nan,nan
25.4759,6.8685,1.0161,0.1325,163.0725,0.0000,-80.7664,6.9228,0.7855,0.1407,0.2371,-2.9077,48.9411,44.2462,0.0335,nan,nan,nan,nan
25.5048,6.8685,1.0161,0.1325,163.0725,-0.0000,-80.7665,6.9230,0.7855,0.1407,0.2371,-2.9453,48.9393,44.2439,0.0363,nan,nan,nan,nan
25.5323,6.8685,1.0161,0.1325,163.0725,0.0001,-80.7665,6.9230,0.7855,0.1407,0.2371,-2.9630,48.9379,44.2427,0.0392,nan,nan,nan,nan
25.5551,6.8685,1.0161,0.1325,163.0725,0.0001,-80.7665,6.9231,0.7855,0.1406,0.2371,-2.9856,48.9369,44.2419,0.0429,nan,nan,nan,nan
25.5786,6.8685,1.0161,0.1325,163.0725,0.0000,-80.7665,6.9232,0.7855,0.1406,0.2371,-2.9970,48.9369,44.2407,0.0465,nan,nan,nan,nan
25.5990,6.8685,1.0161,0.1325,163.0725,0.0000,-80.7665,6.9232,0.7855,0.1406,0.2371,-3.0054,48.9360,44.2402,0.0504,nan,nan,nan,nan
25.6227,6.8685,1.0161,0.1325,163.0725,0.0000,-80.7665,6.9232,0.7855,0.1406,0.2371,-3.0051,48.9336,44.2416,0.0508,nan,nan,nan,nan
25.6435,6.8685,1.0161,0.1325,163.0725,-0.0000,-80.7665,6.9232,0.7855,0.1406,0.2371,-3.0032,48.9327,44.2421,0.0499,nan,nan,nan,nan
25.6711,6.8685,1.0161,0.1325,163.0725,-0.0000,-80.7665,6.9232,0.7855,0.1406,0.2371,-2.9980,48.9319,44.2466,0.0488,nan,nan,nan,nan
25.6944,6.8685,1.0161,0.1325,163.0725,-0.0000,-80.7665,6.9231,0.7855,0.1406,0.2371,-2.9935,48.9318,44.2501,0.0504,nan,nan,nan,nan
25.7184,6.8685,1.0161,0.1325,163.0725,-0.0000,-80.7665,6.9231,0.7855,0.1406,0.2371,-2.9898,48.9297,44.2548,0.0501,nan,nan,nan,nan
25.7385,6.8685,1.0161,0.1325,163.0725,-0.0000,-80.7665,6.9231,0.7855,0.1406,0.2371,-2.9867,48.9291,44.2573,0.0489,nan,nan,nan,nan
25.7601,6.8685,1.0161,0.1325,163.0725,-0.0000,-80.7665,6.9231,0.7855,0.1406,0.2371,-2.9819,48.9289,44.2597,0.0493,nan,nan,nan,nan
25.7843,6.8685,1.0161,0.1325,163.0725,-0.0000,-80.7665,6.9231,0.7855,0.1406,0.2371,-2.9748,48.9284,44.2607,0.0466,nan,nan,nan,nan
25.8055,6.8685,1.0161,0.1325,163.0725,-0.0000,-80.7665,6.9231,0.7855,0.1407,0.2371,-2.9741,48.9270,44.2604,0.0476,nan,nan,nan,nan
25.8393,6.8685,1.0161,0.1325,163.0725,-0.0000,-80.7665,6.9231,0.7855,0.1407,0.2371,-2.9711,48.9224,44.2606,0.0501,nan,nan,nan,nan
25.8622,6.8685,1.0161,0.1325,163.0725,-0.0000,-80.7665,6.9230,0.7855,0.1407,0.2371,-2.9643,48.9205,44.2620,0.0488,nan,nan,nan,nan
25.8843,6.8685,1.0161,0.1325,163.0725,-0.0000,-80.7665,6.9230,0.7855,0.1407,0.2371,-2.9471,48.9179,44.2637,0.0480,nan,nan,nan,nan
25.9166,6.8685,1.0161,0.1325,163.0725,0.0000,-80.7665,6.9229,0.7855,0.1407,0.2371,-2.9239,48.9166,44.2650,0.0486,nan,nan,nan,nan
25.9407,6.8685,1.0161,0.1325,163.0725,-0.0000,-80.7664,6.9228,0.7855,0.1408,0.2371,-2.8888,48.9133,44.2642,0.0464,nan,nan,nan,nan
25.9614,6.8685,1.0161,0.1325,163.0725,-0.0000,-80.7664,6.9227,0.7854,0.1408,0.2371,-2.8696,48.9118,44.2631,0.0454,nan,nan,nan,nan
25.9850,6.8685,1.0161,0.1325,163.0727,-0.0001,-80.7665,6.9226,0.7854,0.1409,0.2371,-2.8407,48.9101,44.2602,0.0429,nan,nan,nan,nan
26.0051,6.8685,1.0161,0.1325,163.0725,-0.0000,-80.7665,6.9225,0.7854,0.1409,0.2371,-2.8153,48.9090,44.2604,0.0456,nan,nan,nan,nan
26.0284,6.8685,1.0161,0.1325,163.0725,-0.0000,-80.7665,6.9224,0.7854,0.1409,0.2371,-2.8014,48.9085,44.2604,0.0459,nan,nan,nan,nan
26.0505,6.8685,1.0161,0.1325,163.0725,-0.0000,-80.7665,6.9224,0.7854,0.1409,0.2371,-2.7835,48.9089,44.2620,0.0425,nan,nan,nan,nan
26.0798,6.8685,1.0161,0.1325,163.0725,0.0000,-80.7665,6.9223,0.7854,0.1409,0.2371,-2.7702,48.9098,44.2673,0.0376,nan,nan,nan,nan
26.1026,6.8685,1.0161,0.1325,163.0725,0.0000,-80.7665,6.9223,0.7854,0.1409,0.2371,-2.7613,48.9127,44.2692,0.0277,nan,nan,nan,nan
26.1257,6.8685,1.0161,0.1325,163.0725,-0.0001,-80.7664,6.9222,0.7854,0.1409,0.2371,-2.7571,48.9135,44.2696,0.0223,nan,nan,nan,nan
26.1488,6.8685,1.0161,0.1325,163.0725,-0.0000,-80.7664,6.9222,0.7854,0.1410,0.2371,-2.7511,48.9143,44.2675,0.0135,nan,nan,nan,nan
26.1697,6.8685,1.0161,0.1325,163.0725,-0.0000,-80.7664,6.9222,0.7853,0.1410,0.2371,-2.7478,48.9145,44.2651,0.0070,nan,nan,nan,nan
26.1929,6.8685,1.0161,0.1325,163.0725,-0.0000,-80.7664,6.9222,0.7853,0.1410,0.2371,-2.7407,48.9134,44.2632,0.0018,nan,nan,nan,nan
26.2140,6.8685,1.0161,0.1325,163.0725,-0.0000,-80.7664,6.9222,0.7853,0.1410,0.2371,-2.7352,48.9125,44.2612,0.0013,nan,nan,nan,nan
26.2418,6.8685,1.0161,0.1325,163.0725,0.0000,-80.7665,6.9222,0.7853,0.1410,0.2371,-2.7317,48.9107,44.2600,-0.0026,nan,nan,nan,nan
26.2661,6.8685,1.0161,0.1325,163.0725,0.0000,-80.7665,6.9222,0.7853,0.1410,0.2371,-2.7339,48.9102,44.2587,-0.0064,nan,nan,nan,nan
26.2888,6.8685,1.0161,0.1325,163.0725,0.0000,-80.7664,6.9222,0.7853,0.1410,0.2371,-2.7432,48.9091,44.2554,-0.0141,nan,nan,nan,nan
26.3167,6.8685,1.0161,0.1325,163.0725,-0.0000,-80.7665,6.9223,0.7853,0.1410,0.2371,-2.7573,48.9095,44.2513,-0.0215,nan,nan,nan,nan
26.3491,6.8685,1.0161,0.1325,163.0726,-0.0000,-80.7665,6.9224,0.7853,0.1410,0.2371,-2.7791,48.9113,44.2514,-0.0266,nan,nan,nan,nan
26.3752,6.8685,1.0161,0.1325,163.0726,-0.0000,-80.7665,6.9224,0.7854,0.1409,0.2371,-2.7976,48.9147,44.2550,-0.0330,nan,nan,nan,nan
26.4029,6.8685,1.0161,0.1325,163.0725,0.0000,-80.7665,6.9225,0.7854,0.1409,0.2371,-2.8107,48.9173,44.2559,-0.0407,nan,nan,nan,nan
26.4307,6.8685,1.0161,0.1325,163.0725,-0.0000,-80.7664,6.9225,0.7854,0.1409,0.2371,-2.8295,48.9203,44.2555,-0.0528,nan,nan,nan,nan
26.4532,6.8685,1.0161,0.1325,163.0725,-0.0000,-80.7664,6.9226,0.7854,0.1408,0.2371,-2.8415,48.9216,44.2581,-0.0569,nan,nan,nan,nan
26.4805,6.8685,1.0161,0.1325,163.0725,0.0000,-80.7664,6.9226,0.7854,0.1408,0.2371,-2.8596,48.9228,44.2642,-0.0579,nan,nan,nan,nan
26.5166,6.8685,1.0161,0.1325,163.0725,0.0000,-80.7665,6.9227,0.7855,0.1408,0.2371,-2.8797,48.9237,44.2703,-0.0611,nan,nan,nan,nan
26.5389,6.8685,1.0161,0.1325,163.0725,0.0000,-80.7665,6.9228,0.7855,0.1407,0.2371,-2.9009,48.9239,44.2742,-0.0663,nan,nan,nan,nan
26.5635,6.8685,1.0161,0.1325,163.0725,-0.0000,-80.7665,6.9228,0.7855,0.1407,0.2370,-2.9131,48.9245,44.2782,-0.0716,nan,nan,nan,nan
26.5932,6.8685,1.0161,0.1325,163.0725,0.0000,-80.7665,6.9229,0.7855,0.1407,0.2370,-2.9246,48.9255,44.2854,-0.0761,nan,nan,nan,nan
26.6142,6.8685,1.0161,0.1325,163.0725,0.0000,-80.7665,6.9229,0.7856,0.1406,0.2370,-2.9288,48.9264,44.2889,-0.0738,nan,nan,nan,nan
26.6360,6.8685,1.0161,0.1325,163.0725,0.0000,-80.7665,6.9229,0.7856,0.1406,0.2370,-2.9334,48.9265,44.2906,-0.0725,nan,nan,nan,nan
26.6571,6.8685,1.0161,0.1325,163.0725,0.0001,-80.7665,6.9229,0.7856,0.1406,0.2370,-2.9402,48.9256,44.2946,-0.0735,nan,nan,nan,nan
26.6776,6.8685,1.0161,0.1325,163.0725,0.0001,-80.7665,6.9229,0.7856,0.1406,0.2370,-2.9428,48.9257,44.2957,-0.0741,nan,nan,nan,nan
26.7000,6.8685,1.0161,0.1325,163.0725,-0.0000,-80.7665,6.9229,0.7856,0.1406,0.2370,-2.9429,48.9256,44.2981,-0.0767,nan,nan,nan,nan
26.7260,6.8685,1.0161,0.1325,163.0725,-0.0001,-80.7665,6.9229,0.7856,0.1406,0.2370,-2.9374,48.9253,44.2992,-0.0840,nan,nan,nan,nan
26.7516,6.8685,1.0161,0.1325,163.0725,-0.0001,-80.7665,6.9228,0.7856,0.1406,0.2370,-2.9271,48.9239,44.3029,-0.0940,nan,nan,nan,nan
26.7716,6.8685,1.0161,0.1325,163.0725,0.0001,-80.7665,6.9228,0.7856,0.1406,0.2370,-2.9192,48.9239,44.3061,-0.0996,nan,nan,nan,nan
26.8029,6.8685,1.0161,0.1325,163.0725,-0.0000,-80.7664,6.9228,0.7856,0.1406,0.2370,-2.9070,48.9247,44.3120,-0.1086,nan,nan,nan,nan
26.8327,6.8685,1.0161,0.1325,163.0725,0.0000,-80.7664,6.9227,0.7856,0.1406,0.2370,-2.8908,48.9253,44.3152,-0.1224,nan,nan,nan,nan
26.8560,6.8685,1.0161,0.1325,163.0725,0.0000,-80.7664,6.9226,0.7856,0.1407,0.2370,-2.8784,48.9254,44.3138,-0.1347,nan,nan,nan,nan
26.8805,6.8685,1.0161,0.1325,163.0725,0.0000,-80.7664,6.9226,0.7856,0.1407,0.2370,-2.8738,48.9256,44.3135,-0.1386,nan,nan,nan,nan
26.9068,6.8685,1.0161,0.1325,163.0725,0.0000,-80.7664,6.9225,0.7855,0.1407,0.2370,-2.8389,48.9275,44.3141,-0.1484,nan,nan,nan,nan
26.9363,6.8685,1.0161,0.1325,163.0725,-0.0000,-80.7665,6.9224,0.7855,0.1407,0.2370,-2.8147,48.9276,44.3133,-0.1474,nan,nan,nan,nan
26.9685,6.8685,1.0161,0.1325,163.0725,0.0000,-80.7664,6.9222,0.7855,0.1408,0.2370,-2.7759,48.9288,44.3127,-0.1450,nan,nan,nan,nan
26.9945,6.8685,1.0161,0.1325,163.0725,0.0000,-80.7664,6.9221,0.7855,0.1408,0.2370,-2.7465,48.9299,44.3132,-0.1385,nan,nan,nan,nan
27.0211,6.8685,1.0161,0.1325,163.0725,0.0000,-80.7664,6.9220,0.7854,0.1408,0.2369,-2.7295,48.9300,44.3140,-0.1347,nan,nan,nan,nan
27.0477,6.8685,1.0161,0.1325,163.0725,-0.0000,-80.7664,6.9220,0.7854,0.1409,0.2369,-2.7065,48.9288,44.3141,-0.1319,nan,nan,nan,nan
27.0829,6.8685,1.0161,0.1325,163.0725,-0.0001,-80.7664,6.9219,0.7854,0.1409,0.2369,-2.6878,48.9249,44.3168,-0.1249,nan,nan,nan,nan
27.1145,6.8685,1.0161,0.1325,163.0725,-0.0000,-80.7664,6.9219,0.7854,0.1409,0.2369,-2.6816,48.9218,44.3187,-0.1145,nan,nan,nan,nan
27.1387,6.8685,1.0161,0.1325,163.0725,-0.0000,-80.7664,6.9219,0.7854,0.1409,0.2370,-2.6795,48.9206,44.3178,-0.1049,nan,nan,nan,nan
27.1609,6.8685,1.0161,0.1325,163.0725,0.0000,-80.7664,6.9219,0.7854,0.1409,0.2370,-2.6796,48.9200,44.3175,-0.1013,nan,nan,nan,nan
27.1856,6.8685,1.0161,0.1325,163.0725,0.0000,-80.7665,6.9219,0.7854,0.1409,0.2370,-2.6827,48.9184,44.3140,-0.0897,nan,nan,nan,nan
27.2078,6.8685,1.0161,0.1325,163.0725,0.0000,-80.7665,6.9219,0.7854,0.1409,0.2370,-2.6891,48.9170,44.3095,-0.0843,nan,nan,nan,nan
27.2344,6.8685,1.0161,0.1325,163.0725,0.0001,-80.7665,6.9220,0.7854,0.1409,0.2370,-2.6926,48.9163,44.3072,-0.0829,nan,nan,nan,nan
27.2595,6.8685,1.0161,0.1325,163.0725,0.0000,-80.7665,6.9220,0.7854,0.1409,0.2370,-2.6989,48.9154,44.3050,-0.0830,nan,nan,nan,nan
27.2845,6.8685,1.0161,0.1325,163.0725,-0.0001,-80.7665,6.9220,0.7854,0.1409,0.2370,-2.7136,48.9143,44.3017,-0.0798,nan,nan,nan,nan
27.3055,6.8685,1.0161,0.1325,163.0725,-0.0001,-80.7665,6.9221,0.7854,0.1409,0.2370,-2.7226,48.9147,44.2998,-0.0784,nan,nan,nan,nan
27.3256,6.8685,1.0161,0.1325,163.0725,-0.0000,-80.7664,6.9222,0.7854,0.1409,0.2370,-2.7401,48.9150,44.2990,-0.0792,nan,nan,nan,nan
27.3478,6.8685,1.0161,0.1325,163.0725,0.0000,-80.7664,6.9223,0.7854,0.1409,0.2370,-2.7605,48.9169,44.2968,-0.0833,nan,nan,nan,nan
27.3784,6.8685,1.0161,0.1325,163.0725,0.0000,-80.7664,6.9223,0.7854,0.1408,0.2370,-2.7891,48.9213,44.2934,-0.0872,nan,nan,nan,nan
27.4008,6.8685,1.0161,0.1325,163.0725,0.0000,-80.7664,6.9224,0.7855,0.1408,0.2370,-2.8051,48.9237,44.2913,-0.0899,nan,nan,nan,nan
27.4225,6.8685,1.0161,0.1325,163.0725,0.0001,-80.7665,6.9225,0.7855,0.1408,0.2370,-2.8306,48.9270,44.2856,-0.0942,nan,nan,nan,nan
27.4525,6.8685,1.0161,0.1325,163.0728,0.0000,-80.7664,6.9226,0.7855,0.1407,0.2370,-2.8539,48.9297,44.2786,-0.0970,nan,nan,nan,nan
27.4850,6.8685,1.0161,0.1325,163.0725,0.0000,-80.7665,6.9227,0.7855,0.1407,0.2371,-2.8867,48.9344,44.2704,-0.1027,nan,nan,nan,nan
27.5071,6.8685,1.0161,0.1325,163.0725,0.0000,-80.7665,6.9228,0.7855,0.1407,0.2371,-2.9120,48.9382,44.2646,-0.1059,nan,nan,nan,nan
27.5311,6.8685,1.0161,0.1325,163.0725,0.0001,-80.7665,6.9229,0.7855,0.1406,0.2371,-2.9267,48.9414,44.2621,-0.1049,nan,nan,nan,nan
27.5512,6.8685,1.0161,0.1325,163.0725,-0.0000,-80.7665,6.9229,0.7855,0.1406,0.2371,-2.9446,48.9465,44.2596,-0.1022,nan,nan,nan,nan
27.5804,6.8685,1.0161,0.1325,163.0725,0.0000,-80.7664,6.9230,0.7855,0.1406,0.2371,-2.9578,48.9517,44.2580,-0.0974,nan,nan,nan,nan
27.6078,6.8685,1.0161,0.1325,163.0725,-0.0000,-80.7664,6.9230,0.7855,0.1406,0.2371,-2.9585,48.9557,44.2554,-0.0924,nan,nan,nan,nan
27.6328,6.8685,1.0161,0.1325,163.0725,-0.0000,-80.7664,6.9229,0.7855,0.1406,0.2371,-2.9501,48.9573,44.2552,-0.0846,nan,nan,nan,nan
27.6637,6.8685,1.0161,0.1325,163.0725,-0.0000,-80.7664,6.9229,0.7855,0.1406,0.2371,-2.9398,48.9609,44.2529,-0.0831,nan,nan,nan,nan
27.6850,6.8685,1.0161,0.1325,163.0725,-0.0000,-80.7664,6.9229,0.7855,0.1406,0.2371,-2.9349,48.9622,44.2518,-0.0840,nan,nan,nan,nan
27.7092,6.8685,1.0161,0.1325,163.0725,-0.0000,-80.7664,6.9229,0.7855,0.1406,0.2371,-2.9298,48.9624,44.2497,-0.0822,nan,nan,nan,nan
27.7361,6.8685,1.0161,0.1325,163.0725,0.0000,-80.7664,6.9229,0.7855,0.1406,0.2371,-2.9288,48.9614,44.2469,-0.0793,nan,nan,nan,nan
27.7679,6.8685,1.0161,0.1325,163.0725,-0.0000,-80.7665,6.9229,0.7855,0.1406,0.2371,-2.9315,48.9601,44.2442,-0.0749,nan,nan,nan,nan
27.8046,6.8685,1.0161,0.1325,163.0725,-0.0000,-80.7664,6.9229,0.7855,0.1406,0.2371,-2.9337,48.9607,44.2368,-0.0742,nan,nan,nan,nan
27.8298,6.8685,1.0161,0.1325,163.0725,-0.0000,-80.7664,6.9229,0.7855,0.1406,0.2371,-2.9327,48.9583,44.2321,-0.0765,nan,nan,nan,nan
27.8563,6.8685,1.0161,0.1325,163.0725,-0.0001,-80.7664,6.9229,0.7855,0.1407,0.2371,-2.9241,48.9541,44.2303,-0.0858,nan,nan,nan,nan
27.8779,6.8685,1.0161,0.1325,163.0725,-0.0001,-80.7664,6.9228,0.7854,0.1407,0.2371,-2.9188,48.9521,44.2294,-0.0967,nan,nan,nan,nan
27.9061,6.8685,1.0161,0.1325,163.0725,-0.0000,-80.7665,6.9228,0.7854,0.1407,0.2371,-2.9139,48.9501,44.2276,-0.1125,nan,nan,nan,nan
27.9305,6.8685,1.0161,0.1325,163.0725,-0.0000,-80.7665,6.9228,0.7854,0.1407,0.2371,-2.9020,48.9482,44.2269,-0.1499,nan,nan,nan,nan
27.9636,6.8685,1.0161,0.1325,163.0725,-0.0000,-80.7664,6.9228,0.7854,0.1407,0.2371,-2.8951,48.9474,44.2283,-0.1823,nan,nan,nan,nan
27.9906,6.8685,1.0161,0.1325,163.0725,-0.0000,-80.7664,6.9228,0.7854,0.1407,0.2371,-2.8962,48.9464,44.2299,-0.1899,nan,nan,nan,nan
28.0211,6.8685,1.0161,0.1325,163.0725,0.0000,-80.7664,6.9228,0.7854,0.1407,0.2371,-2.8990,48.9457,44.2315,-0.1914,nan,nan,nan,nan
28.0600,6.8685,1.0161,0.1325,163.0725,0.0001,-80.7665,6.9228,0.7854,0.1407,0.2371,-2.9068,48.9444,44.2344,-0.1918,nan,nan,nan,nan
28.0800,6.8685,1.0161,0.1325,163.0725,0.0001,-80.7665,6.9228,0.7854,0.1407,0.2371,-2.9132,48.9447,44.2354,-0.1918,nan,nan,nan,nan
28.1098,6.8685,1.0161,0.1325,163.0725,0.0001,-80.7664,6.9229,0.7855,0.1407,0.2371,-2.9198,48.9447,44.2359,-0.1909,nan,nan,nan,nan
28.1375,6.8685,1.0161,0.1325,163.0725,0.0001,-80.7664,6.9229,0.7855,0.1407,0.2371,-2.9263,48.9445,44.2362,-0.1876,nan,nan,nan,nan
28.1630,6.8685,1.0161,0.1325,163.0725,-0.0001,-80.7664,6.9229,0.7855,0.1407,0.2371,-2.9403,48.9445,44.2362,-0.1800,nan,nan,nan,nan
28.1895,6.8685,1.0161,0.1325,163.0725,0.0000,-80.7664,6.9230,0.7855,0.1406,0.2371,-2.9592,48.9441,44.2365,-0.1740,nan,nan,nan,nan
28.2097,6.8685,1.0161,0.1325,163.0725,0.0000,-80.7664,6.9231,0.7855,0.1406,0.2371,-2.9719,48.9440,44.2382,-0.1694,nan,nan,nan,nan
28.2375,6.8685,1.0161,0.1325,163.0725,-0.0000,-80.7665,6.9231,0.7855,0.1406,0.2371,-2.9817,48.9444,44.2396,-0.1652,nan,nan,nan,nan
28.2683,6.8685,1.0161,0.1325,163.0725,-0.0000,-80.7665,6.9231,0.7855,0.1406,0.2371,-2.9929,48.9455,44.2440,-0.1598,nan,nan,nan,nan
28.2996,6.8685,1.0161,0.1325,163.0725,-0.0001,-80.7664,6.9231,0.7855,0.1406,0.2371,-2.9911,48.9467,44.2485,-0.1565,nan,nan,nan,nan
28.3226,6.8685,1.0161,0.1325,163.0725,-0.0001,-80.7664,6.9231,0.7855,0.1406,0.2371,-2.9844,48.9464,44.2495,-0.1512,nan,nan,nan,nan
28.3501,6.8685,1.0161,0.1325,163.0725,-0.0000,-80.7664,6.9231,0.7855,0.1406,0.2371,-2.9819,48.9464,44.2501,-0.1500,nan,nan,nan,nan
28.3777,6.8685,1.0161,0.1325,163.0725,-0.0000,-80.7664,6.9231,0.7855,0.1406,0.2371,-2.9749,48.9453,44.2521,-0.1521,nan,nan,nan,nan
28.4055,6.8685,1.0161,0.1325,163.0725,-0.0000,-80.7664,6.9230,0.7855,0.1406,0.2371,-2.9629,48.9429,44.2529,-0.1579,nan,nan,nan,nan
28.4333,6.8685,1.0161,0.1325,163.0725,0.0000,-80.7664,6.9230,0.7855,0.1407,0.2371,-2.9464,48.9395,44.2488,-0.1610,nan,nan,nan,nan
28.4584,6.8685,1.0161,0.1325,163.0725,-0.0000,-80.7663,6.9229,0.7855,0.1407,0.2371,-2.9293,48.9355,44.2429,-0.1554,nan,nan,nan,nan
28.4880,6.8685,1.0161,0.1325,163.0725,-0.0000,-80.7664,6.9229,0.7854,0.1407,0.2371,-2.9160,48.9322,44.2393,-0.1518,nan,nan,nan,nan
28.5099,6.8685,1.0161,0.1325,163.0725,-0.0000,-80.7664,6.9229,0.7854,0.1408,0.2371,-2.9134,48.9307,44.2377,-0.1506,nan,nan,nan,nan
28.5374,6.8685,1.0161,0.1325,163.0725,0.0000,-80.7665,6.9229,0.7854,0.1408,0.2371,-2.9133,48.9288,44.2363,-0.1491,nan,nan,nan,nan
28.5703,6.8685,1.0161,0.1325,163.0725,0.0000,-80.7665,6.9229,0.7854,0.1408,0.2372,-2.9138,48.9242,44.2332,-0.1448,nan,nan,nan,nan
28.5953,6.8685,1.0161,0.1325,163.0725,0.0000,-80.7665,6.9229,0.7854,0.1408,0.2372,-2.9135,48.9205,44.2332,-0.1420,nan,nan,nan,nan
28.6238,6.8685,1.0161,0.1325,163.0725,-0.0000,-80.7665,6.9229,0.7854,0.1408,0.2372,-2.9140,48.9190,44.2333,-0.1410,nan,nan,nan,nan
28.6563,6.8685,1.0161,0.1325,163.0725,0.0000,-80.7665,6.9229,0.7854,0.1408,0.2372,-2.9136,48.9176,44.2352,-0.1434,nan,nan,nan,nan
28.6923,6.8685,1.0161,0.1325,163.0725,-0.0000,-80.7665,6.9229,0.7854,0.1408,0.2371,-2.9110,48.9173,44.2422,-0.1468,nan,nan,nan,nan
28.7161,6.8685,1.0161,0.1325,163.0726,0.0000,-80.7665,6.9229,0.7855,0.1408,0.2371,-2.9121,48.9197,44.2522,-0.1451,nan,nan,nan,nan
28.7380,6.8685,1.0161,0.1325,163.0726,0.0000,-80.7665,6.9229,0.7855,0.1407,0.2371,-2.9155,48.9205,44.2563,-0.1435,nan,nan,nan,nan
28.7623,6.8685,1.0161,0.1325,163.0725,0.0000,-80.7665,6.9229,0.7855,0.1407,0.2371,-2.9210,48.9230,44.2637,-0.1414,nan,nan,nan,nan
28.7899,6.8685,1.0161,0.1325,163.0725,-0.0000,-80.7665,6.9229,0.7855,0.1407,0.2371,-2.9210,48.9236,44.2680,-0.1406,nan,nan,nan,nan
28.8165,6.8685,1.0161,0.1325,163.0725,-0.0000,-80.7665,6.9228,0.7855,0.1407,0.2371,-2.9183,48.9242,44.2735,-0.1382,nan,nan,nan,nan
28.8414,6.8685,1.0161,0.1325,163.0725,-0.0000,-80.7665,6.9228,0.7855,0.1407,0.2370,-2.9133,48.9247,44.2768,-0.1353,nan,nan,nan,nan
28.8665,6.8685,1.0161,0.1325,163.0725,0.0000,-80.7664,6.9228,0.7855,0.1407,0.2370,-2.9003,48.9254,44.2808,-0.1297,nan,nan,nan,nan
28.8887,6.8685,1.0161,0.1325,163.0725,0.0000,-80.7664,6.9227,0.7855,0.1407,0.2370,-2.8882,48.9256,44.2808,-0.1263,nan,nan,nan,nan
28.9128,6.8685,1.0161,0.1325,163.0725,0.0000,-80.7664,6.9226,0.7855,0.1407,0.2370,-2.8672,48.9260,44.2805,-0.1182,nan,nan,nan,nan
28.9359,6.8685,1.0161,0.1325,163.0725,-0.0000,-80.7664,6.9225,0.7855,0.1408,0.2370,-2.8384,48.9270,44.2820,-0.1067,nan,nan,nan,nan
28.9587,6.8685,1.0161,0.1325,163.0725,-0.0000,-80.7665,6.9224,0.7855,0.1408,0.2370,-2.8198,48.9286,44.2834,-0.0970,nan,nan,nan,nan
28.9816,6.8685,1.0161,0.1325,163.0725,-0.0000,-80.7665,6.9224,0.7855,0.1408,0.2370,-2.8064,48.9295,44.2859,-0.0820,nan,nan,nan,nan
29.0070,6.8685,1.0161,0.1325,163.0725,-0.0000,-80.7664,6.9223,0.7855,0.1408,0.2370,-2.7946,48.9279,44.2931,-0.0690,nan,nan,nan,nan
29.0308,6.8685,1.0161,0.1325,163.0725,-0.0000,-80.7664,6.9223,0.7855,0.1408,0.2370,-2.7904,48.9261,44.2993,-0.0684,nan,nan,nan,nan
29.0520,6.8685,1.0161,0.1325,163.0725,0.0001,-80.7664,6.9223,0.7855,0.1408,0.2370,-2.7920,48.9263,44.3025,-0.0718,nan,nan,nan,nan
29.0860,6.8685,1.0161,0.1325,163.0725,-0.0000,-80.7664,6.9223,0.7855,0.1408,0.2370,-2.7991,48.9258,44.3082,-0.0779,nan,nan,nan,nan
29.1105,6.8685,1.0161,0.1325,163.0725,-0.0000,-80.7664,6.9224,0.7855,0.1407,0.2370,-2.8082,48.9261,44.3126,-0.0866,nan,nan,nan,nan
29.1311,6.8685,1.0161,0.1325,163.0725,0.0001,-80.7665,6.9224,0.7855,0.1407,0.2370,-2.8148,48.9263,44.3146,-0.0880,nan,nan,nan,nan
29.1658,6.8685,1.0161,0.1325,163.0725,0.0000,-80.7665,6.9224,0.7855,0.1407,0.2369,-2.8222,48.9265,44.3171,-0.0860,nan,nan,nan,nan
29.1877,6.8685,1.0161,0.1325,163.0725,0.0000,-80.7665,6.9224,0.7855,0.1407,0.2369,-2.8263,48.9259,44.3175,-0.0848,nan,nan,nan,nan
29.2152,6.8685,1.0161,0.1325,163.0725,-0.0000,-80.7665,6.9224,0.7855,0.1407,0.2369,-2.8268,48.9249,44.3182,-0.0853,nan,nan,nan,nan
29.2448,6.8685,1.0161,0.1325,163.0725,-0.0000,-80.7665,6.9224,0.7855,0.1407,0.2369,-2.8278,48.9237,44.3218,-0.0859,nan,nan,nan,nan
29.2713,6.8685,1.0161,0.1325,163.0725,-0.0000,-80.7665,6.9224,0.7856,0.1407,0.2369,-2.8282,48.9229,44.3260,-0.0808,nan,nan,nan,nan
29.2997,6.8685,1.0161,0.1325,163.0725,-0.0000,-80.7665,6.9224,0.7856,0.1407,0.2369,-2.8274,48.9234,44.3279,-0.0791,nan,nan,nan,nan
29.3294,6.8685,1.0161,0.1325,163.0725,0.0000,-80.7664,6.9224,0.7856,0.1407,0.2369,-2.8262,48.9254,44.3288,-0.0767,nan,nan,nan,nan
29.3497,6.8685,1.0161,0.1325,163.0725,0.0000,-80.7664,6.9224,0.7856,0.1407,0.2369,-2.8256,48.9271,44.3295,-0.0738,nan,nan,nan,nan
29.3718,6.8685,1.0161,0.1325,163.0725,-0.0001,-80.7664,6.9224,0.7856,0.1407,0.2369,-2.8252,48.9292,44.3317,-0.0647,nan,nan,nan,nan
29.3962,6.8685,1.0161,0.1325,163.0725,-0.0000,-80.7664,6.9224,0.7856,0.1407,0.2369,-2.8266,48.9323,44.3337,-0.0606,nan,nan,nan,nan
29.4217,6.8685,1.0161,0.1325,163.0725,-0.0000,-80.7664,6.9224,0.7856,0.1406,0.2369,-2.8248,48.9363,44.3373,-0.0673,nan,nan,nan,nan
29.4472,6.8685,1.0161,0.1325,163.0725,-0.0000,-80.7664,6.9224,0.7856,0.1406,0.2369,-2.8210,48.9375,44.3401,-0.0628,nan,nan,nan,nan
29.4680,6.8685,1.0161,0.1325,163.0725,-0.0000,-80.7664,6.9224,0.7856,0.1406,0.2369,-2.8196,48.9380,44.3405,-0.0608,nan,nan,nan,nan
29.4935,6.8685,1.0161,0.1325,163.0726,0.0000,-80.7664,6.9223,0.7856,0.1406,0.2369,-2.8142,48.9392,44.3401,-0.0541,nan,nan,nan,nan
29.5305,6.8685,1.0161,0.1325,163.0725,-0.0000,-80.7664,6.9223,0.7856,0.1406,0.2369,-2.8071,48.9374,44.3406,-0.0466,nan,nan,nan,nan
29.5568,6.8685,1.0161,0.1325,163.0725,-0.0000,-80.7664,6.9223,0.7856,0.1406,0.2369,-2.8051,48.9369,44.3424,-0.0465,nan,nan,nan,nan
29.5832,6.8685,1.0161,0.1325,163.0725,0.0000,-80.7665,6.9223,0.7856,0.1406,0.2369,-2.8083,48.9352,44.3455,-0.0480,nan,nan,nan,nan
29.6114,6.8685,1.0161,0.1325,163.0725,-0.0000,-80.7665,6.9224,0.7856,0.1406,0.2369,-2.8203,48.9320,44.3493,-0.0484,nan,nan,nan,nan
29.6328,6.8685,1.0161,0.1325,163.0725,-0.0000,-80.7665,6.9224,0.7856,0.1406,0.2369,-2.8311,48.9303,44.3518,-0.0477,nan,nan,nan,nan
29.6556,6.8685,1.0161,0.1325,163.0726,-0.0000,-80.7665,6.9225,0.7856,0.1406,0.2368,-2.8505,48.9286,44.3565,-0.0473,nan,nan,nan,nan
29.6758,6.8685,1.0161,0.1325,163.0725,-0.0001,-80.7665,6.9225,0.7857,0.1406,0.2368,-2.8603,48.9274,44.3578,-0.0483,nan,nan,nan,nan
29.6969,6.8685,1.0161,0.1325,163.0725,-0.0001,-80.7665,6.9226,0.7857,0.1406,0.2368,-2.8701,48.9264,44.3597,-0.0482,nan,nan,nan,nan
29.7182,6.8685,1.0161,0.1325,163.0725,-0.0000,-80.7665,6.9226,0.7857,0.1405,0.2368,-2.8866,48.9247,44.3632,-0.0472,nan,nan,nan,nan
29.7440,6.8685,1.0161,0.1325,163.0725,-0.0000,-80.7665,6.9227,0.7857,0.1405,0.2368,-2.9058,48.9250,44.3668,-0.0459,nan,nan,nan,nan
29.7743,6.8685,1.0161,0.1325,163.0725,-0.0000,-80.7664,6.9228,0.7857,0.1405,0.2368,-2.9267,48.9278,44.3701,-0.0492,nan,nan,nan,nan
29.7951,6.8685,1.0161,0.1325,163.0725,-0.0000,-80.7664,6.9228,0.7858,0.1405,0.2368,-2.9369,48.9297,44.3719,-0.0496,nan,nan,nan,nan
29.8216,6.8685,1.0161,0.1325,163.0725,0.0000,-80.7665,6.9228,0.7858,0.1405,0.2368,-2.9390,48.9300,44.3724,-0.0496,nan,nan,nan,nan
29.8520,6.8685,1.0161,0.1325,163.0726,-0.0001,-80.7665,6.9228,0.7858,0.1404,0.2368,-2.9428,48.9311,44.3748,-0.0472,nan,nan,nan,nan
29.8773,6.8685,1.0161,0.1325,163.0726,-0.0001,-80.7665,6.9228,0.7858,0.1404,0.2368,-2.9461,48.9314,44.3756,-0.0430,nan,nan,nan,nan
29.9025,6.8685,1.0161,0.1325,163.0725,0.0000,-80.7665,6.9228,0.7858,0.1404,0.2368,-2.9504,48.9315,44.3761,-0.0372,nan,nan,nan,nan
29.9339,6.8685,1.0161,0.1325,163.0725,-0.0000,-80.7665,6.9228,0.7858,0.1404,0.2368,-2.9497,48.9302,44.3774,-0.0324,nan,nan,nan,nan
29.9693,6.8685,1.0161,0.1325,163.0725,0.0000,-80.7664,6.9228,0.7858,0.1404,0.2368,-2.9386,48.9299,44.3801,-0.0248,nan,nan,nan,nan
29.9959,6.8685,1.0161,0.1325,163.0725,0.0000,-80.7664,6.9227,0.7858,0.1404,0.2368,-2.9207,48.9320,44.3831,-0.0196,nan,nan,nan,nan
30.0193,6.8685,1.0161,0.1325,163.0725,0.0000,-80.7664,6.9227,0.7858,0.1405,0.2368,-2.9078,48.9345,44.3809,-0.0141,nan,nan,nan,nan
30.0437,6.8685,1.0161,0.1325,163.0725,0.0000,-80.7664,6.9226,0.7857,0.1405,0.2368,-2.9000,48.9350,44.3800,-0.0126,nan,nan,nan,nan
30.0709,6.8685,1.0161,0.1325,163.0725,0.0000,-80.7664,6.9226,0.7857,0.1405,0.2368,-2.8870,48.9347,44.3810,-0.0113,nan,nan,nan,nan
30.1060,6.8685,1.0161,0.1325,163.0725,0.0000,-80.7665,6.9225,0.7857,0.1405,0.2368,-2.8706,48.9360,44.3787,-0.0023,nan,nan,nan,nan
30.1313,6.8685,1.0161,0.1325,163.0725,0.0000,-80.7664,6.9225,0.7857,0.1405,0.2368,-2.8573,48.9365,44.3777,0.0089,nan,nan,nan,nan
30.1523,6.8685,1.0161,0.1325,163.0725,0.0000,-80.7664,6.9224,0.7857,0.1405,0.2368,-2.8512,48.9362,44.3777,0.0171,nan,nan,nan,nan
30.1728,6.8685,1.0161,0.1325,163.0725,0.0001,-80.7664,6.9224,0.7857,0.1405,0.2368,-2.8452,48.9364,44.3804,0.0257,nan,nan,nan,nan
30.1964,6.8685,1.0161,0.1325,163.0725,-0.0000,-80.7664,6.9224,0.7857,0.1405,0.2368,-2.8357,48.9391,44.3869,0.0354,nan,nan,nan,nan
30.2193,6.8685,1.0161,0.1325,163.0725,-0.0000,-80.7664,6.9224,0.7857,0.1405,0.2367,-2.8337,48.9393,44.3916,0.0370,nan,nan,nan,nan
30.2455,6.8685,1.0161,0.1325,163.0725,0.0000,-80.7665,6.9224,0.7857,0.1405,0.2367,-2.8335,48.9384,44.3932,0.0366,nan,nan,nan,nan
30.2728,6.8685,1.0161,0.1325,163.0725,-0.0001,-80.7664,6.9223,0.7857,0.1405,0.2367,-2.8296,48.9379,44.3975,0.0378,nan,nan,nan,nan
30.2982,6.8685,1.0161,0.1325,163.0725,-0.0001,-80.7664,6.9223,0.7857,0.1405,0.2367,-2.8244,48.9382,44.3986,0.0405,nan,nan,nan,nan
30.3206,6.8685,1.0161,0.1325,163.0725,-0.0000,-80.7665,6.9223,0.7857,0.1405,0.2367,-2.8154,48.9389,44.3993,0.0487,nan,nan,nan,nan
30.3476,6.8685,1.0161,0.1325,163.0725,0.0001,-80.7665,6.9222,0.7857,0.1405,0.2367,-2.8053,48.9388,44.4005,0.0540,nan,nan,nan,nan
30.3686,6.8685,1.0161,0.1325,163.0725,0.0001,-80.7665,6.9222,0.7857,0.1405,0.2367,-2.7978,48.9392,44.4008,0.0564,nan,nan,nan,nan
30.3903,6.8685,1.0161,0.1325,163.0725,0.0000,-80.7664,6.9222,0.7857,0.1405,0.2367,-2.7865,48.9403,44.4002,0.0606,nan,nan,nan,nan
30.4147,6.8685,1.0161,0.1325,163.0725,0.0001,-80.7665,6.9221,0.7857,0.1405,0.2367,-2.7757,48.9412,44.4028,0.0671,nan,nan,nan,nan
30.4458,6.8685,1.0161,0.1325,163.0725,0.0000,-80.7665,6.9221,0.7857,0.1405,0.2367,-2.7641,48.9430,44.4073,0.0724,nan,nan,nan,nan
30.4665,6.8685,1.0161,0.1325,163.0725,0.0000,-80.7665,6.9220,0.7857,0.1405,0.2367,-2.7563,48.9455,44.4101,0.0748,nan,nan,nan,nan
30.4868,6.8685,1.0161,0.1325,163.0725,-0.0000,-80.7664,6.9220,0.7857,0.1405,0.2367,-2.7510,48.9462,44.4121,0.0784,nan,nan,nan,nan
30.5160,6.8685,1.0161,0.1325,163.0725,-0.0000,-80.7664,6.9220,0.7857,0.1405,0.2367,-2.7422,48.9468,44.4132,0.0825,nan,nan,nan,nan
30.5529,6.8685,1.0161,0.1325,163.0725,0.0000,-80.7664,6.9219,0.7857,0.1405,0.2367,-2.7284,48.9498,44.4154,0.0908,nan,nan,nan,nan
30.5757,6.8685,1.0161,0.1325,163.0725,0.0000,-80.7664,6.9219,0.7857,0.1406,0.2367,-2.7155,48.9520,44.4145,0.1011,nan,nan,nan,nan
30.5988,6.8685,1.0161,0.1325,163.0725,0.0000,-80.7664,6.9218,0.7857,0.1406,0.2367,-2.7074,48.9528,44.4135,0.1091,nan,nan,nan,nan
30.6279,6.8685,1.0161,0.1325,163.0725,-0.0000,-80.7665,6.9218,0.7857,0.1406,0.2367,-2.6991,48.9548,44.4119,0.1285,nan,nan,nan,nan
30.6503,6.8685,1.0161,0.1325,163.0725,-0.0000,-80.7665,6.9218,0.7857,0.1406,0.2367,-2.6953,48.9568,44.4113,0.1471,nan,nan,nan,nan
30.6737,6.8685,1.0161,0.1325,163.0725,-0.0000,-80.7665,6.9218,0.7857,0.1406,0.2367,-2.6947,48.9577,44.4109,0.1524,nan,nan,nan,nan
30.7032,6.8685,1.0161,0.1325,163.0725,-0.0000,-80.7665,6.9218,0.7857,0.1406,0.2367,-2.6914,48.9595,44.4079,0.1678,nan,nan,nan,nan
30.7263,6.8685,1.0161,0.1325,163.0725,-0.0000,-80.7665,6.9218,0.7857,0.1406,0.2367,-2.6883,48.9593,44.4089,0.1731,nan,nan,nan,nan
30.7505,6.8685,1.0161,0.1325,163.0725,-0.0000,-80.7664,6.9218,0.7857,0.1406,0.2367,-2.6859,48.9597,44.4094,0.1732,nan,nan,nan,nan
30.7815,6.8685,1.0161,0.1325,163.0725,-0.0000,-80.7664,6.9217,0.7857,0.1406,0.2367,-2.6831,48.9600,44.4090,0.1708,nan,nan,nan,nan
30.8055,6.8685,1.0161,0.1325,163.0725,-0.0000,-80.7664,6.9217,0.7856,0.1406,0.2367,-2.6825,48.9601,44.4069,0.1683,nan,nan,nan,nan
30.8325,6.8685,1.0161,0.1325,163.0725,0.0000,-80.7664,6.9217,0.7856,0.1406,0.2367,-2.6814,48.9584,44.4050,0.1625,nan,nan,nan,nan
30.8653,6.8685,1.0161,0.1325,163.0725,-0.0001,-80.7664,6.9217,0.7856,0.1406,0.2367,-2.6804,48.9569,44.4063,0.1575,nan,nan,nan,nan
30.8895,6.8685,1.0161,0.1325,163.0725,-0.0001,-80.7664,6.9217,0.7857,0.1406,0.2367,-2.6797,48.9565,44.4092,0.1550,nan,nan,nan,nan
30.9148,6.8685,1.0161,0.1325,163.0725,0.0000,-80.7664,6.9217,0.7857,0.1406,0.2367,-2.6766,48.9560,44.4143,0.1499,nan,nan,nan,nan
30.9416,6.8685,1.0161,0.1325,163.0725,-0.0000,-80.7664,6.9217,0.7857,0.1406,0.2367,-2.6750,48.9566,44.4157,0.1510,nan,nan,nan,nan
30.9700,6.8685,1.0161,0.1325,163.0725,-0.0000,-80.7664,6.9217,0.7857,0.1406,0.2367,-2.6732,48.9563,44.4156,0.1493,nan,nan,nan,nan
31.0007,6.8685,1.0161,0.1325,163.0725,-0.0000,-80.7664,6.9217,0.7857,0.1406,0.2367,-2.6758,48.9547,44.4156,0.1428,nan,nan,nan,nan
31.0257,6.8685,1.0161,0.1325,163.0725,-0.0000,-80.7664,6.9217,0.7857,0.1406,0.2367,-2.6768,48.9538,44.4162,0.1386,nan,nan,nan,nan
31.0490,6.8685,1.0161,0.1325,163.0725,-0.0000,-80.7665,6.9217,0.7857,0.1406,0.2367,-2.6770,48.9526,44.4182,0.1375,nan,nan,nan,nan
31.0824,6.8685,1.0161,0.1325,163.0731,-0.0000,-80.7664,6.9217,0.7857,0.1406,0.2366,-2.6712,48.9507,44.4244,0.1393,nan,nan,nan,nan
31.1089,6.8685,1.0161,0.1325,163.0731,-0.0000,-80.7664,6.9217,0.7857,0.1406,0.2366,-2.6665,48.9502,44.4277,0.1420,nan,nan,nan,nan
31.1372,6.8685,1.0161,0.1325,163.0725,-0.0000,-80.7664,6.9217,0.7857,0.1406,0.2366,-2.6623,48.9501,44.4321,0.1454,nan,nan,nan,nan
31.1638,6.8685,1.0161,0.1325,163.0725,0.0000,-80.7666,6.9217,0.7857,0.1406,0.2366,-2.6646,48.9500,44.4333,0.1471,nan,nan,nan,nan
31.1855,6.8685,1.0161,0.1325,163.0725,0.0000,-80.7666,6.9217,0.7857,0.1406,0.2366,-2.6709,48.9492,44.4327,0.1459,nan,nan,nan,nan
31.2120,6.8685,1.0161,0.1325,163.0725,-0.0000,-80.7665,6.9217,0.7857,0.1406,0.2366,-2.6798,48.9484,44.4313,0.1447,nan,nan,nan,nan
31.2433,6.8685,1.0161,0.1325,163.0725,0.0000,-80.7664,6.9218,0.7857,0.1406,0.2366,-2.7004,48.9497,44.4280,0.1436,nan,nan,nan,nan
31.2646,6.8685,1.0161,0.1325,163.0725,0.0000,-80.7664,6.9219,0.7857,0.1405,0.2366,-2.7129,48.9507,44.4282,0.1432,nan,nan,nan,nan
31.2911,6.8685,1.0161,0.1325,163.0725,0.0000,-80.7664,6.9220,0.7857,0.1405,0.2366,-2.7412,48.9525,44.4279,0.1437,nan,nan,nan,nan
31.3141,6.8685,1.0161,0.1325,163.0725,0.0000,-80.7665,6.9220,0.7857,0.1405,0.2366,-2.7539,48.9526,44.4278,0.1443,nan,nan,nan,nan
31.3380,6.8685,1.0161,0.1325,163.0725,0.0000,-80.7665,6.9221,0.7858,0.1405,0.2366,-2.7665,48.9527,44.4284,0.1440,nan,nan,nan,nan
31.3589,6.8685,1.0161,0.1325,163.0725,-0.0000,-80.7664,6.9221,0.7858,0.1404,0.2366,-2.7815,48.9546,44.4284,0.1468,nan,nan,nan,nan
31.3859,6.8685,1.0161,0.1325,163.0725,0.0000,-80.7665,6.9221,0.7858,0.1404,0.2366,-2.7895,48.9558,44.4273,0.1485,nan,nan,nan,nan
31.4102,6.8685,1.0161,0.1325,163.0725,-0.0000,-80.7664,6.9221,0.7858,0.1404,0.2366,-2.7879,48.9594,44.4286,0.1499,nan,nan,nan,nan
31.4357,6.8685,1.0161,0.1325,163.0725,-0.0000,-80.7664,6.9221,0.7858,0.1404,0.2366,-2.7783,48.9630,44.4282,0.1525,nan,nan,nan,nan
31.4579,6.8685,1.0161,0.1325,163.0725,0.0000,-80.7665,6.9221,0.7858,0.1404,0.2366,-2.7749,48.9642,44.4277,0.1534,nan,nan,nan,nan
31.4871,6.8685,1.0161,0.1325,163.0725,0.0000,-80.7664,6.9220,0.7858,0.1404,0.2366,-2.7633,48.9675,44.4285,0.1568,nan,nan,nan,nan
31.5221,6.8685,1.0161,0.1325,163.0725,-0.0001,-80.7665,6.9220,0.7858,0.1404,0.2366,-2.7568,48.9702,44.4293,0.1657,nan,nan,nan,nan
31.5440,6.8685,1.0161,0.1325,163.0725,-0.0001,-80.7665,6.9220,0.7858,0.1404,0.2366,-2.7529,48.9709,44.4296,0.1750,nan,nan,nan,nan
31.5719,6.8685,1.0161,0.1325,163.0725,-0.0001,-80.7664,6.9220,0.7858,0.1404,0.2366,-2.7504,48.9708,44.4302,0.1765,nan,nan,nan,nan
31.6039,6.8685,1.0161,0.1325,163.0725,-0.0001,-80.7665,6.9220,0.7858,0.1404,0.2366,-2.7480,48.9692,44.4321,0.1788,nan,nan,nan,nan
31.6276,6.8685,1.0161,0.1325,163.0725,-0.0001,-80.7665,6.9220,0.7858,0.1404,0.2366,-2.7470,48.9674,44.4346,0.1831,nan,nan,nan,nan
31.6523,6.8685,1.0161,0.1325,163.0725,-0.0000,-80.7665,6.9220,0.7858,0.1404,0.2366,-2.7473,48.9672,44.4357,0.1836,nan,nan,nan,nan
31.6832,6.8685,1.0161,0.1325,163.0725,0.0000,-80.7665,6.9220,0.7858,0.1404,0.2366,-2.7497,48.9680,44.4397,0.1838,nan,nan,nan,nan
31.7091,6.8685,1.0161,0.1325,163.0725,0.0000,-80.7665,6.9220,0.7858,0.1404,0.2366,-2.7529,48.9674,44.4417,0.1856,nan,nan,nan,nan
31.7350,6.8685,1.0161,0.1325,163.0725,0.0000,-80.7665,6.9220,0.7858,0.1404,0.2366,-2.7593,48.9673,44.4406,0.1833,nan,nan,nan,nan
31.7670,6.8685,1.0161,0.1325,163.0725,0.0000,-80.7665,6.9220,0.7858,0.1404,0.2366,-2.7637,48.9685,44.4376,0.1802,nan,nan,nan,nan
31.7884,6.8685,1.0161,0.1325,163.0725,0.0000,-80.7665,6.9220,0.7858,0.1404,0.2366,-2.7660,48.9708,44.4357,0.1756,nan,nan,nan,nan
31.8086,6.8685,1.0161,0.1325,163.0725,0.0000,-80.7665,6.9220,0.7858,0.1404,0.2366,-2.7656,48.9730,44.4337,0.1706,nan,nan,nan,nan
31.8431,6.8685,1.0161,0.1325,163.0725,0.0000,-80.7665,6.9220,0.7858,0.1404,0.2366,-2.7597,48.9756,44.4327,0.1637,nan,nan,nan,nan
31.8802,6.8685,1.0161,0.1325,163.0725,0.0000,-80.7665,6.9219,0.7858,0.1404,0.2366,-2.7474,48.9782,44.4301,0.1613,nan,nan,nan,nan
31.9089,6.8685,1.0161,0.1325,163.0725,0.0001,-80.7665,6.9219,0.7858,0.1404,0.2366,-2.7313,48.9777,44.4292,0.1589,nan,nan,nan,nan
31.9457,6.8685,1.0161,0.1325,163.0725,0.0001,-80.7665,6.9218,0.7857,0.1404,0.2366,-2.7155,48.9765,44.4294,0.1594,nan,nan,nan,nan
31.9753,6.8685,1.0161,0.1325,163.0725,0.0001,-80.7665,6.9218,0.7857,0.1404,0.2366,-2.7077,48.9760,44.4294,0.1585,nan,nan,nan,nan
32.0084,6.8685,1.0161,0.1325,163.0725,0.0000,-80.7665,6.9217,0.7857,0.1405,0.2366,-2.6952,48.9756,44.4288,0.1576,nan,nan,nan,nan
32.0298,6.8685,1.0161,0.1325,163.0725,0.0000,-80.7665,6.9217,0.7857,0.1405,0.2366,-2.6905,48.9759,44.4276,0.1575,nan,nan,nan,nan
32.0528,6.8685,1.0161,0.1325,163.0725,0.0000,-80.7664,6.9217,0.7857,0.1405,0.2366,-2.6748,48.9767,44.4245,0.1556,nan,nan,nan,nan
32.0858,6.8685,1.0161,0.1325,163.0725,0.0000,-80.7664,6.9216,0.7857,0.1405,0.2366,-2.6607,48.9762,44.4248,0.1515,nan,nan,nan,nan
32.1123,6.8685,1.0161,0.1325,163.0725,0.0000,-80.7664,6.9216,0.7857,0.1405,0.2366,-2.6495,48.9755,44.4275,0.1493,nan,nan,nan,nan
32.1352,6.8685,1.0161,0.1325,163.0725,0.0001,-80.7664,6.9215,0.7857,0.1405,0.2366,-2.6425,48.9744,44.4298,0.1475,nan,nan,nan,nan
32.1634,6.8685,1.0161,0.1325,163.0725,-0.0000,-80.7664,6.9215,0.7857,0.1405,0.2366,-2.6345,48.9726,44.4320,0.1446,nan,nan,nan,nan
32.1859,6.8685,1.0161,0.1325,163.0725,-0.0000,-80.7664,6.9215,0.7857,0.1405,0.2366,-2.6318,48.9716,44.4341,0.1423,nan,nan,nan,nan
32.2071,6.8685,1.0161,0.1325,163.0725,-0.0000,-80.7665,6.9215,0.7857,0.1405,0.2366,-2.6276,48.9697,44.4393,0.1329,nan,nan,nan,nan
32.2335,6.8685,1.0161,0.1325,163.0725,-0.0000,-80.7664,6.9215,0.7857,0.1405,0.2366,-2.6247,48.9692,44.4394,0.1269,nan,nan,nan,nan
32.2651,6.8685,1.0161,0.1325,163.0725,-0.0000,-80.7665,6.9214,0.7857,0.1405,0.2366,-2.6158,48.9695,44.4404,0.1115,nan,nan,nan,nan
32.2897,6.8685,1.0161,0.1325,163.0725,-0.0000,-80.7665,6.9214,0.7857,0.1406,0.2366,-2.6122,48.9685,44.4408,0.1064,nan,nan,nan,nan
32.3182,6.8685,1.0161,0.1325,163.0725,-0.0000,-80.7665,6.9214,0.7857,0.1406,0.2366,-2.6096,48.9668,44.4410,0.1060,nan,nan,nan,nan
32.3472,6.8685,1.0161,0.1325,163.0725,-0.0000,-80.7665,6.9214,0.7857,0.1406,0.2366,-2.6093,48.9643,44.4418,0.1119,nan,nan,nan,nan
32.3732,6.8685,1.0161,0.1325,163.0725,-0.0000,-80.7665,6.9214,0.7857,0.1406,0.2366,-2.6102,48.9639,44.4422,0.1120,nan,nan,nan,nan
32.3961,6.8685,1.0161,0.1325,163.0725,-0.0000,-80.7665,6.9214,0.7857,0.1406,0.2366,-2.6112,48.9650,44.4409,0.1117,nan,nan,nan,nan
32.4316,6.8685,1.0161,0.1325,163.0725,0.0001,-80.7665,6.9214,0.7857,0.1406,0.2366,-2.6129,48.9666,44.4367,0.1096,nan,nan,nan,nan
32.4550,6.8685,1.0161,0.1325,163.0725,0.0001,-80.7665,6.9215,0.7857,0.1406,0.2366,-2.6186,48.9684,44.4326,0.1061,nan,nan,nan,nan
32.4791,6.8685,1.0161,0.1325,163.0725,0.0000,-80.7665,6.9215,0.7857,0.1406,0.2366,-2.6249,48.9691,44.4298,0.1040,nan,nan,nan,nan
32.5109,6.8685,1.0161,0.1325,163.0725,0.0000,-80.7665,6.9216,0.7857,0.1405,0.2366,-2.6419,48.9682,44.4273,0.0992,nan,nan,nan,nan
32.5336,6.8685,1.0161,0.1325,163.0725,0.0000,-80.7665,6.9216,0.7857,0.1405,0.2366,-2.6554,48.9671,44.4272,0.0975,nan,nan,nan,nan
32.5570,6.8685,1.0161,0.1325,163.0725,0.0000,-80.7665,6.9217,0.7857,0.1405,0.2366,-2.6779,48.9666,44.4287,0.0966,nan,nan,nan,nan
32.5794,6.8685,1.0161,0.1325,163.0725,-0.0000,-80.7665,6.9218,0.7857,0.1405,0.2366,-2.6969,48.9666,44.4258,0.0935,nan,nan,nan,nan
32.6047,6.8685,1.0161,0.1325,163.0725,0.0000,-80.7665,6.9218,0.7857,0.1405,0.2366,-2.7060,48.9672,44.4203,0.0847,nan,nan,nan,nan
32.6262,6.8685,1.0161,0.1325,163.0725,0.0000,-80.7665,6.9218,0.7857,0.1405,0.2366,-2.7043,48.9666,44.4176,0.0807,nan,nan,nan,nan
32.6466,6.8685,1.0161,0.1325,163.0725,-0.0001,-80.7665,6.9218,0.7857,0.1405,0.2366,-2.6981,48.9662,44.4142,0.0760,nan,nan,nan,nan
32.6824,6.8685,1.0161,0.1325,163.0725,-0.0000,-80.7664,6.9218,0.7857,0.1405,0.2367,-2.6918,48.9659,44.4097,0.0747,nan,nan,nan,nan
32.7179,6.8685,1.0161,0.1325,163.0725,-0.0000,-80.7664,6.9218,0.7857,0.1406,0.2367,-2.6896,48.9645,44.4053,0.0732,nan,nan,nan,nan
32.7436,6.8685,1.0161,0.1325,163.0725,-0.0000,-80.7664,6.9218,0.7856,0.1406,0.2367,-2.6978,48.9632,44.3993,0.0743,nan,nan,nan,nan
32.7684,6.8685,1.0161,0.1325,163.0725,-0.0000,-80.7664,6.9219,0.7857,0.1406,0.2367,-2.7167,48.9615,44.3952,0.0745,nan,nan,nan,nan
32.7924,6.8685,1.0161,0.1325,163.0725,-0.0000,-80.7664,6.9220,0.7857,0.1405,0.2367,-2.7357,48.9606,44.3978,0.0729,nan,nan,nan,nan
32.8194,6.8685,1.0161,0.1325,163.0725,0.0000,-80.7664,6.9220,0.7857,0.1405,0.2367,-2.7505,48.9610,44.3995,0.0728,nan,nan,nan,nan
32.8552,6.8685,1.0161,0.1325,163.0725,0.0000,-80.7665,6.9221,0.7857,0.1404,0.2367,-2.7857,48.9633,44.4031,0.0748,nan,nan,nan,nan
32.8881,6.8685,1.0161,0.1325,163.0725,0.0001,-80.7665,6.9223,0.7858,0.1404,0.2367,-2.8233,48.9644,44.4076,0.0758,nan,nan,nan,nan
32.9104,6.8685,1.0161,0.1325,163.0725,0.0001,-80.7665,6.9224,0.7858,0.1404,0.2367,-2.8456,48.9650,44.4110,0.0776,nan,nan,nan,nan
32.9339,6.8685,1.0161,0.1325,163.0725,-0.0000,-80.7664,6.9224,0.7858,0.1403,0.2366,-2.8549,48.9655,44.4132,0.0799,nan,nan,nan,nan
32.9545,6.8685,1.0161,0.1325,163.0725,-0.0000,-80.7665,6.9224,0.7858,0.1403,0.2366,-2.8637,48.9650,44.4172,0.0852,nan,nan,nan,nan
32.9885,6.8685,1.0161,0.1325,163.0734,0.0000,-80.7665,6.9224,0.7858,0.1403,0.2366,-2.8685,48.9655,44.4189,0.0815,nan,nan,nan,nan
33.0203,6.8685,1.0161,0.1325,163.0725,0.0000,-80.7665,6.9225,0.7858,0.1403,0.2366,-2.8740,48.9628,44.4228,0.0766,nan,nan,nan,nan
33.0572,6.8685,1.0161,0.1325,163.0725,0.0001,-80.7664,6.9225,0.7859,0.1403,0.2366,-2.8838,48.9602,44.4239,0.0742,nan,nan,nan,nan
33.0785,6.8685,1.0161,0.1325,163.0725,0.0001,-80.7664,6.9225,0.7859,0.1403,0.2366,-2.8953,48.9595,44.4225,0.0718,nan,nan,nan,nan
33.1063,6.8685,1.0161,0.1325,163.0725,-0.0000,-80.7665,6.9226,0.7859,0.1403,0.2366,-2.9081,48.9597,44.4211,0.0658,nan,nan,nan,nan
33.1296,6.8685,1.0161,0.1325,163.0725,0.0000,-80.7664,6.9226,0.7859,0.1403,0.2366,-2.9183,48.9586,44.4216,0.0576,nan,nan,nan,nan
33.1519,6.8685,1.0161,0.1325,163.0725,0.0000,-80.7664,6.9226,0.7859,0.1403,0.2366,-2.9218,48.9566,44.4217,0.0512,nan,nan,nan,nan
33.1767,6.8685,1.0161,0.1325,163.0725,-0.0000,-80.7664,6.9226,0.7859,0.1403,0.2366,-2.9182,48.9552,44.4213,0.0519,nan,nan,nan,nan
33.2085,6.8685,1.0161,0.1325,163.0725,0.0000,-80.7664,6.9226,0.7859,0.1403,0.2366,-2.9062,48.9598,44.4213,0.0504,nan,nan,nan,nan
33.2357,6.8685,1.0161,0.1325,163.0725,0.0000,-80.7664,6.9225,0.7859,0.1403,0.2366,-2.8958,48.9629,44.4202,0.0478,nan,nan,nan,nan
33.2617,6.8685,1.0161,0.1325,163.0725,0.0000,-80.7664,6.9225,0.7859,0.1403,0.2366,-2.8930,48.9633,44.4201,0.0467,nan,nan,nan,nan
33.2896,6.8685,1.0161,0.1325,163.0725,-0.0000,-80.7665,6.9225,0.7859,0.1403,0.2366,-2.8847,48.9649,44.4224,0.0440,nan,nan,nan,nan
33.3215,6.8685,1.0161,0.1325,163.0725,-0.0001,-80.7664,6.9225,0.7859,0.1403,0.2366,-2.8783,48.9662,44.4217,0.0428,nan,nan,nan,nan
33.3464,6.8685,1.0161,0.1325,163.0725,-0.0001,-80.7664,6.9225,0.7858,0.1403,0.2366,-2.8777,48.9675,44.4187,0.0418,nan,nan,nan,nan
33.3736,6.8685,1.0161,0.1325,163.0725,-0.0000,-80.7664,6.9225,0.7858,0.1403,0.2366,-2.8785,48.9675,44.4182,0.0409,nan,nan,nan,nan
33.4108,6.8685,1.0161,0.1325,163.0725,-0.0000,-80.7664,6.9225,0.7858,0.1403,0.2366,-2.8845,48.9677,44.4129,0.0422,nan,nan,nan,nan
33.4456,6.8685,1.0161,0.1325,163.0725,-0.0000,-80.7665,6.9225,0.7858,0.1403,0.2367,-2.8886,48.9682,44.4079,0.0379,nan,nan,nan,nan
33.4687,6.8685,1.0161,0.1325,163.0725,-0.0000,-80.7665,6.9225,0.7858,0.1403,0.2367,-2.8892,48.9691,44.4052,0.0345,nan,nan,nan,nan
33.4950,6.8685,1.0161,0.1325,163.0725,-0.0000,-80.7664,6.9225,0.7858,0.1403,0.2367,-2.8854,48.9709,44.4017,0.0227,nan,nan,nan,nan
33.5264,6.8685,1.0161,0.1325,163.0725,-0.0000,-80.7665,6.9225,0.7858,0.1403,0.2367,-2.8777,48.9711,44.3993,0.0112,nan,nan,nan,nan
33.5479,6.8685,1.0161,0.1325,163.0725,-0.0000,-80.7665,6.9224,0.7858,0.1403,0.2367,-2.8720,48.9703,44.4000,0.0095,nan,nan,nan,nan
33.5686,6.8685,1.0161,0.1325,163.0725,-0.0000,-80.7664,6.9224,0.7858,0.1403,0.2367,-2.8635,48.9706,44.4010,0.0096,nan,nan,nan,nan
33.5930,6.8685,1.0161,0.1325,163.0725,-0.0000,-80.7664,6.9224,0.7858,0.1403,0.2367,-2.8570,48.9684,44.4054,0.0124,nan,nan,nan,nan
33.6191,6.8685,1.0161,0.1325,163.0725,-0.0000,-80.7664,6.9224,0.7858,0.1403,0.2367,-2.8536,48.9687,44.4087,0.0152,nan,nan,nan,nan
33.6459,6.8685,1.0161,0.1325,163.0725,-0.0000,-80.7664,6.9224,0.7858,0.1403,0.2366,-2.8507,48.9696,44.4113,0.0161,nan,nan,nan,nan
33.6727,6.8685,1.0161,0.1325,163.0725,-0.0000,-80.7665,6.9223,0.7858,0.1403,0.2366,-2.8466,48.9712,44.4134,0.0145,nan,nan,nan,nan
33.6995,6.8685,1.0161,0.1325,163.0725,-0.0000,-80.7664,6.9223,0.7858,0.1403,0.2366,-2.8410,48.9736,44.4171,0.0178,nan,nan,nan,nan
33.7260,6.8685,1.0161,0.1325,163.0725,-0.0000,-80.7664,6.9223,0.7858,0.1403,0.2366,-2.8412,48.9732,44.4198,0.0184,nan,nan,nan,nan
33.7535,6.8685,1.0161,0.1325,163.0725,0.0000,-80.7665,6.9223,0.7858,0.1403,0.2366,-2.8433,48.9741,44.4218,0.0202,nan,nan,nan,nan
33.7789,6.8685,1.0161,0.1325,163.0725,-0.0000,-80.7665,6.9223,0.7858,0.1403,0.2366,-2.8445,48.9750,44.4278,0.0233,nan,nan,nan,nan
33.8081,6.8685,1.0161,0.1325,163.0725,-0.0000,-80.7665,6.9223,0.7859,0.1403,0.2366,-2.8454,48.9749,44.4387,0.0263,nan,nan,nan,nan
33.8376,6.8685,1.0161,0.1325,163.0725,-0.0000,-80.7664,6.9223,0.7859,0.1402,0.2366,-2.8484,48.9740,44.4453,0.0257,nan,nan,nan,nan
33.8598,6.8685,1.0161,0.1325,163.0725,-0.0000,-80.7664,6.9223,0.7859,0.1402,0.2366,-2.8528,48.9713,44.4492,0.0210,nan,nan,nan,nan
33.8819,6.8685,1.0161,0.1325,163.0725,-0.0000,-80.7665,6.9223,0.7859,0.1402,0.2365,-2.8559,48.9704,44.4512,0.0175,nan,nan,nan,nan
33.9020,6.8685,1.0161,0.1325,163.0725,-0.0001,-80.7665,6.9223,0.7859,0.1402,0.2365,-2.8579,48.9699,44.4534,0.0144,nan,nan,nan,nan
33.9227,6.8685,1.0161,0.1325,163.0725,-0.0000,-80.7665,6.9224,0.7859,0.1402,0.2365,-2.8589,48.9695,44.4539,0.0118,nan,nan,nan,nan
33.9480,6.8685,1.0161,0.1325,163.0725,0.0000,-80.7665,6.9224,0.7859,0.1402,0.2365,-2.8588,48.9686,44.4527,0.0091,nan,nan,nan,nan
33.9716,6.8685,1.0161,0.1325,163.0725,-0.0000,-80.7665,6.9223,0.7859,0.1402,0.2366,-2.8574,48.9692,44.4522,0.0063,nan,nan,nan,nan
34.0037,6.8685,1.0161,0.1325,163.0725,-0.0001,-80.7664,6.9223,0.7859,0.1402,0.2366,-2.8531,48.9710,44.4497,0.0084,nan,nan,nan,nan
34.0307,6.8685,1.0161,0.1325,163.0725,0.0000,-80.7664,6.9223,0.7859,0.1402,0.2366,-2.8417,48.9758,44.4478,0.0129,nan,nan,nan,nan
34.0548,6.8685,1.0161,0.1325,163.0725,0.0000,-80.7664,6.9222,0.7859,0.1402,0.2365,-2.8280,48.9782,44.4479,0.0169,nan,nan,nan,nan
34.0779,6.8685,1.0161,0.1325,163.0725,0.0000,-80.7664,6.9222,0.7859,0.1403,0.2366,-2.8155,48.9796,44.4456,0.0187,nan,nan,nan,nan
34.0996,6.8685,1.0161,0.1325,163.0725,-0.0000,-80.7664,6.9221,0.7858,0.1403,0.2366,-2.7927,48.9797,44.4416,0.0179,nan,nan,nan,nan
34.1292,6.8685,1.0161,0.1325,163.0725,-0.0000,-80.7664,6.9220,0.7858,0.1403,0.2366,-2.7638,48.9776,44.4376,0.0082,nan,nan,nan,nan
34.1541,6.8685,1.0161,0.1325,163.0731,0.0000,-80.7664,6.9219,0.7858,0.1404,0.2366,-2.7438,48.9782,44.4351,-0.0049,nan,nan,nan,nan
34.1855,6.8685,1.0161,0.1325,163.0725,-0.0000,-80.7664,6.9219,0.7858,0.1404,0.2366,-2.7342,48.9816,44.4327,-0.0281,nan,nan,nan,nan
34.2121,6.8685,1.0161,0.1325,163.0725,-0.0000,-80.7664,6.9219,0.7858,0.1404,0.2366,-2.7285,48.9861,44.4288,-0.0574,nan,nan,nan,nan
34.2354,6.8685,1.0161,0.1325,163.0725,-0.0000,-80.7665,6.9218,0.7858,0.1404,0.2366,-2.7240,48.9890,44.4268,-0.0790,nan,nan,nan,nan
34.2619,6.8685,1.0161,0.1325,163.0725,-0.0000,-80.7665,6.9218,0.7858,0.1404,0.2366,-2.7184,48.9917,44.4247,-0.1085,nan,nan,nan,nan
34.2837,6.8685,1.0161,0.1325,163.0725,-0.0000,-80.7665,6.9218,0.7857,0.1404,0.2366,-2.7173,48.9924,44.4221,-0.1265,nan,nan,nan,nan
34.3078,6.8685,1.0161,0.1325,163.0725,0.0001,-80.7665,6.9218,0.7857,0.1404,0.2366,-2.7187,48.9933,44.4178,-0.1367,nan,nan,nan,nan
34.3287,6.8685,1.0161,0.1325,163.0725,0.0000,-80.7665,6.9218,0.7857,0.1404,0.2366,-2.7214,48.9932,44.4163,-0.1375,nan,nan,nan,nan
34.3499,6.8685,1.0161,0.1325,163.0725,0.0000,-80.7665,6.9219,0.7857,0.1404,0.2366,-2.7264,48.9922,44.4153,-0.1361,nan,nan,nan,nan
34.3709,6.8685,1.0161,0.1325,163.0725,0.0000,-80.7665,6.9219,0.7857,0.1404,0.2366,-2.7411,48.9899,44.4145,-0.1339,nan,nan,nan,nan
34.3935,6.8685,1.0161,0.1325,163.0725,-0.0001,-80.7665,6.9219,0.7858,0.1404,0.2366,-2.7502,48.9877,44.4146,-0.1315,nan,nan,nan,nan
34.4250,6.8685,1.0161,0.1325,163.0725,-0.0000,-80.7664,6.9220,0.7858,0.1404,0.2366,-2.7688,48.9818,44.4196,-0.1254,nan,nan,nan,nan
34.4484,6.8685,1.0161,0.1325,163.0725,-0.0000,-80.7664,6.9221,0.7858,0.1403,0.2366,-2.7789,48.9799,44.4229,-0.1214,nan,nan,nan,nan
34.4712,6.8685,1.0161,0.1325,163.0725,0.0000,-80.7665,6.9221,0.7858,0.1403,0.2366,-2.7957,48.9768,44.4279,-0.1124,nan,nan,nan,nan
34.5022,6.8685,1.0161,0.1325,163.0725,0.0000,-80.7664,6.9222,0.7858,0.1403,0.2366,-2.8144,48.9748,44.4307,-0.1033,nan,nan,nan,nan
34.5403,6.8685,1.0161,0.1325,163.0725,0.0000,-80.7665,6.9223,0.7859,0.1403,0.2366,-2.8436,48.9732,44.4352,-0.0935,nan,nan,nan,nan
34.5613,6.8685,1.0161,0.1325,163.0725,0.0000,-80.7665,6.9224,0.7859,0.1402,0.2366,-2.8583,48.9736,44.4374,-0.0894,nan,nan,nan,nan
34.5882,6.8685,1.0161,0.1325,163.0725,0.0000,-80.7665,6.9225,0.7859,0.1402,0.2366,-2.8871,48.9732,44.4396,-0.0829,nan,nan,nan,nan
34.6115,6.8685,1.0161,0.1325,163.0725,-0.0000,-80.7664,6.9225,0.7859,0.1402,0.2366,-2.9020,48.9733,44.4419,-0.0766,nan,nan,nan,nan
34.6433,6.8685,1.0161,0.1325,163.0725,0.0001,-80.7665,6.9226,0.7859,0.1402,0.2366,-2.9132,48.9733,44.4434,-0.0731,nan,nan,nan,nan
34.6763,6.8685,1.0161,0.1325,163.0725,0.0000,-80.7664,6.9226,0.7859,0.1402,0.2366,-2.9249,48.9708,44.4406,-0.0738,nan,nan,nan,nan
34.7068,6.8685,1.0161,0.1325,163.0725,-0.0000,-80.7664,6.9227,0.7859,0.1402,0.2366,-2.9330,48.9691,44.4317,-0.0732,nan,nan,nan,nan
34.7286,6.8685,1.0161,0.1325,163.0725,-0.0000,-80.7664,6.9227,0.7859,0.1402,0.2366,-2.9366,48.9681,44.4266,-0.0738,nan,nan,nan,nan
34.7510,6.8685,1.0161,0.1325,163.0725,0.0000,-80.7664,6.9227,0.7859,0.1402,0.2366,-2.9429,48.9651,44.4221,-0.0686,nan,nan,nan,nan
34.7734,6.8685,1.0161,0.1325,163.0725,0.0000,-80.7665,6.9227,0.7859,0.1402,0.2366,-2.9455,48.9634,44.4214,-0.0645,nan,nan,nan,nan
34.8001,6.8685,1.0161,0.1325,163.0725,0.0000,-80.7665,6.9228,0.7859,0.1402,0.2366,-2.9529,48.9582,44.4187,-0.0488,nan,nan,nan,nan
34.8261,6.8685,1.0161,0.1325,163.0725,0.0000,-80.7665,6.9228,0.7859,0.1402,0.2367,-2.9584,48.9558,44.4165,-0.0428,nan,nan,nan,nan
34.8519,6.8685,1.0161,0.1325,163.0725,-0.0000,-80.7665,6.9228,0.7859,0.1403,0.2367,-2.9669,48.9532,44.4129,-0.0416,nan,nan,nan,nan
34.8826,6.8685,1.0161,0.1325,163.0725,-0.0000,-80.7665,6.9229,0.7859,0.1402,0.2367,-2.9764,48.9511,44.4121,-0.0404,nan,nan,nan,nan
34.9042,6.8685,1.0161,0.1325,163.0725,-0.0000,-80.7665,6.9229,0.7859,0.1402,0.2367,-2.9873,48.9506,44.4106,-0.0384,nan,nan,nan,nan
34.9273,6.8685,1.0161,0.1325,163.0725,0.0000,-80.7665,6.9229,0.7859,0.1402,0.2367,-2.9953,48.9526,44.4085,-0.0382,nan,nan,nan,nan
34.9502,6.8685,1.0161,0.1325,163.0725,0.0000,-80.7665,6.9230,0.7859,0.1402,0.2367,-2.9981,48.9544,44.4068,-0.0390,nan,nan,nan,nan
34.9745,6.8685,1.0161,0.1325,163.0725,-0.0000,-80.7665,6.9230,0.7859,0.1402,0.2367,-2.9996,48.9590,44.4030,-0.0358,nan,nan,nan,nan
34.9992,6.8685,1.0161,0.1325,163.0725,-0.0000,-80.7665,6.9230,0.7859,0.1402,0.2367,-3.0007,48.9601,44.3999,-0.0340,nan,nan,nan,nan
35.0265,6.8685,1.0161,0.1325,163.0725,-0.0000,-80.7664,6.9230,0.7859,0.1402,0.2367,-3.0006,48.9595,44.3996,-0.0302,nan,nan,nan,nan
35.0516,6.8685,1.0161,0.1325,163.0725,-0.0000,-80.7664,6.9230,0.7859,0.1402,0.2367,-2.9999,48.9575,44.4022,-0.0254,nan,nan,nan,nan
35.0775,6.8685,1.0161,0.1325,163.0725,-0.0000,-80.7664,6.9230,0.7859,0.1402,0.2367,-3.0010,48.9566,44.4031,-0.0242,nan,nan,nan,nan
35.1057,6.8685,1.0161,0.1325,163.0725,0.0000,-80.7664,6.9230,0.7859,0.1402,0.2367,-3.0131,48.9534,44.4065,-0.0152,nan,nan,nan,nan
35.1359,6.8685,1.0161,0.1325,163.0725,-0.0000,-80.7664,6.9231,0.7859,0.1402,0.2367,-3.0313,48.9531,44.4065,-0.0070,nan,nan,nan,nan
35.1665,6.8685,1.0161,0.1325,163.0725,0.0000,-80.7664,6.9232,0.7860,0.1401,0.2367,-3.0549,48.9539,44.4102,-0.0052,nan,nan,nan,nan
35.1928,6.8685,1.0161,0.1325,163.0725,0.0000,-80.7666,6.9232,0.7860,0.1401,0.2367,-3.0739,48.9551,44.4145,0.0003,nan,nan,nan,nan
35.2202,6.8685,1.0161,0.1325,163.0725,-0.0000,-80.7665,6.9233,0.7860,0.1401,0.2367,-3.0810,48.9554,44.4168,0.0125,nan,nan,nan,nan
35.2487,6.8685,1.0161,0.1325,163.0725,-0.0000,-80.7665,6.9233,0.7860,0.1401,0.2367,-3.0807,48.9536,44.4185,0.0205,nan,nan,nan,nan
35.2718,6.8685,1.0161,0.1325,163.0725,-0.0000,-80.7665,6.9232,0.7860,0.1401,0.2367,-3.0773,48.9528,44.4178,0.0214,nan,nan,nan,nan
35.2961,6.8685,1.0161,0.1325,163.0725,0.0000,-80.7665,6.9232,0.7860,0.1401,0.2367,-3.0678,48.9510,44.4168,0.0247,nan,nan,nan,nan
35.3229,6.8685,1.0161,0.1325,163.0725,0.0000,-80.7664,6.9232,0.7860,0.1402,0.2367,-3.0525,48.9479,44.4148,0.0344,nan,nan,nan,nan
35.3510,6.8685,1.0161,0.1325,163.0725,-0.0000,-80.7664,6.9231,0.7860,0.1402,0.2367,-3.0416,48.9445,44.4144,0.0389,nan,nan,nan,nan
35.3790,6.8685,1.0161,0.1325,163.0725,-0.0000,-80.7664,6.9231,0.7859,0.1402,0.2367,-3.0269,48.9424,44.4121,0.0425,nan,nan,nan,nan
35.3995,6.8685,1.0161,0.1325,163.0725,-0.0000,-80.7664,6.9230,0.7859,0.1402,0.2367,-3.0173,48.9426,44.4081,0.0423,nan,nan,nan,nan
35.4280,6.8685,1.0161,0.1325,163.0725,-0.0000,-80.7664,6.9230,0.7859,0.1403,0.2367,-3.0085,48.9445,44.4026,0.0394,nan,nan,nan,nan
35.4484,6.8685,1.0161,0.1325,163.0725,0.0001,-80.7664,6.9230,0.7859,0.1403,0.2367,-3.0003,48.9452,44.4000,0.0371,nan,nan,nan,nan
35.4745,6.8685,1.0161,0.1325,163.0725,-0.0000,-80.7664,6.9229,0.7859,0.1403,0.2367,-2.9771,48.9479,44.3921,0.0360,nan,nan,nan,nan
35.5039,6.8685,1.0161,0.1325,163.0726,-0.0000,-80.7664,6.9228,0.7858,0.1403,0.2367,-2.9436,48.9527,44.3866,0.0306,nan,nan,nan,nan
35.5305,6.8685,1.0161,0.1325,163.0726,-0.0000,-80.7664,6.9227,0.7858,0.1404,0.2367,-2.9141,48.9575,44.3835,0.0234,nan,nan,nan,nan
35.5505,6.8685,1.0161,0.1325,163.0725,0.0000,-80.7665,6.9225,0.7858,0.1404,0.2367,-2.8847,48.9616,44.3837,0.0214,nan,nan,nan,nan
35.5734,6.8685,1.0161,0.1325,163.0725,-0.0000,-80.7664,6.9225,0.7858,0.1404,0.2367,-2.8692,48.9641,44.3838,0.0189,nan,nan,nan,nan
35.5960,6.8685,1.0161,0.1325,163.0725,-0.0000,-80.7664,6.9224,0.7857,0.1404,0.2367,-2.8522,48.9671,44.3823,0.0114,nan,nan,nan,nan
35.6184,6.8685,1.0161,0.1325,163.0725,0.0000,-80.7665,6.9224,0.7857,0.1404,0.2367,-2.8455,48.9680,44.3799,0.0055,nan,nan,nan,nan
35.6416,6.8685,1.0161,0.1325,163.0725,0.0000,-80.7665,6.9224,0.7857,0.1404,0.2367,-2.8415,48.9680,44.3781,0.0002,nan,nan,nan,nan
35.6678,6.8685,1.0161,0.1325,163.0725,0.0000,-80.7665,6.9224,0.7857,0.1404,0.2367,-2.8436,48.9673,44.3786,0.0034,nan,nan,nan,nan
35.6897,6.8685,1.0161,0.1325,163.0725,-0.0000,-80.7665,6.9224,0.7857,0.1404,0.2367,-2.8475,48.9670,44.3809,0.0053,nan,nan,nan,nan
35.7102,6.8685,1.0161,0.1325,163.0725,0.0000,-80.7665,6.9224,0.7857,0.1404,0.2367,-2.8514,48.9663,44.3852,0.0049,nan,nan,nan,nan
35.7396,6.8685,1.0161,0.1325,163.0725,0.0000,-80.7665,6.9224,0.7858,0.1404,0.2367,-2.8512,48.9663,44.3869,0.0050,nan,nan,nan,nan
35.7632,6.8685,1.0161,0.1325,163.0725,-0.0000,-80.7664,6.9224,0.7858,0.1404,0.2367,-2.8499,48.9653,44.3872,0.0061,nan,nan,nan,nan
35.7955,6.8685,1.0161,0.1325,163.0725,0.0000,-80.7664,6.9224,0.7857,0.1404,0.2367,-2.8469,48.9631,44.3877,0.0077,nan,nan,nan,nan
35.8276,6.8685,1.0161,0.1325,163.0725,0.0000,-80.7664,6.9224,0.7857,0.1404,0.2367,-2.8454,48.9605,44.3833,0.0098,nan,nan,nan,nan
35.8539,6.8685,1.0161,0.1325,163.0725,-0.0000,-80.7664,6.9224,0.7857,0.1404,0.2367,-2.8458,48.9594,44.3819,0.0145,nan,nan,nan,nan
35.8769,6.8685,1.0161,0.1325,163.0725,-0.0000,-80.7664,6.9224,0.7857,0.1404,0.2367,-2.8458,48.9596,44.3823,0.0163,nan,nan,nan,nan
35.9037,6.8685,1.0161,0.1325,163.0725,-0.0000,-80.7664,6.9224,0.7857,0.1404,0.2367,-2.8487,48.9601,44.3828,0.0191,nan,nan,nan,nan
35.9378,6.8685,1.0161,0.1325,163.0725,0.0000,-80.7664,6.9224,0.7857,0.1404,0.2367,-2.8582,48.9609,44.3819,0.0264,nan,nan,nan,nan
35.9623,6.8685,1.0161,0.1325,163.0725,-0.0000,-80.7665,6.9225,0.7857,0.1404,0.2367,-2.8762,48.9600,44.3783,0.0372,nan,nan,nan,nan
35.9935,6.8685,1.0161,0.1325,163.0725,-0.0000,-80.7665,6.9226,0.7858,0.1404,0.2368,-2.8956,48.9607,44.3755,0.0510,nan,nan,nan,nan
36.0153,6.8685,1.0161,0.1325,163.0725,-0.0000,-80.7665,6.9226,0.7858,0.1404,0.2368,-2.9081,48.9646,44.3734,0.0588,nan,nan,nan,nan
36.0356,6.8685,1.0161,0.1325,163.0725,0.0000,-80.7665,6.9227,0.7858,0.1403,0.2368,-2.9139,48.9666,44.3711,0.0649,nan,nan,nan,nan
36.0644,6.8685,1.0161,0.1325,163.0725,0.0001,-80.7665,6.9227,0.7858,0.1403,0.2368,-2.9211,48.9705,44.3657,0.0724,nan,nan,nan,nan
36.0862,6.8685,1.0161,0.1325,163.0725,0.0001,-80.7665,6.9227,0.7858,0.1403,0.2368,-2.9271,48.9724,44.3614,0.0720,nan,nan,nan,nan
36.1116,6.8685,1.0161,0.1325,163.0725,0.0001,-80.7665,6.9228,0.7858,0.1403,0.2368,-2.9357,48.9717,44.3578,0.0729,nan,nan,nan,nan
36.1443,6.8685,1.0161,0.1325,163.0725,-0.0000,-80.7664,6.9228,0.7858,0.1403,0.2368,-2.9469,48.9692,44.3573,0.0785,nan,nan,nan,nan
36.1663,6.8685,1.0161,0.1325,163.0725,-0.0000,-80.7664,6.9228,0.7858,0.1403,0.2368,-2.9614,48.9678,44.3606,0.0867,nan,nan,nan,nan
36.1884,6.8685,1.0161,0.1325,163.0725,-0.0000,-80.7664,6.9229,0.7858,0.1403,0.2368,-2.9779,48.9693,44.3628,0.0940,nan,nan,nan,nan
36.2088,6.8685,1.0161,0.1325,163.0725,0.0000,-80.7664,6.9229,0.7858,0.1402,0.2368,-2.9901,48.9706,44.3657,0.0993,nan,nan,nan,nan
36.2344,6.8685,1.0161,0.1325,163.0725,0.0000,-80.7664,6.9230,0.7859,0.1402,0.2367,-3.0051,48.9735,44.3699,0.1088,nan,nan,nan,nan
36.2615,6.8685,1.0161,0.1325,163.0725,0.0000,-80.7665,6.9230,0.7859,0.1402,0.2367,-3.0087,48.9745,44.3706,0.1105,nan,nan,nan,nan
36.2818,6.8685,1.0161,0.1325,163.0725,-0.0000,-80.7664,6.9230,0.7859,0.1402,0.2367,-3.0146,48.9759,44.3752,0.1126,nan,nan,nan,nan
36.3106,6.8685,1.0161,0.1325,163.0725,-0.0000,-80.7665,6.9230,0.7859,0.1402,0.2367,-3.0147,48.9775,44.3741,0.1091,nan,nan,nan,nan
36.3475,6.8685,1.0161,0.1325,163.0725,0.0000,-80.7665,6.9230,0.7859,0.1402,0.2367,-3.0128,48.9791,44.3727,0.1053,nan,nan,nan,nan
36.3727,6.8685,1.0161,0.1325,163.0725,0.0000,-80.7665,6.9230,0.7859,0.1402,0.2367,-3.0107,48.9805,44.3711,0.1021,nan,nan,nan,nan
36.3954,6.8685,1.0161,0.1325,163.0725,-0.0000,-80.7665,6.9230,0.7859,0.1402,0.2367,-3.0059,48.9831,44.3680,0.0966,nan,nan,nan,nan
36.4165,6.8685,1.0161,0.1325,163.0725,-0.0001,-80.7664,6.9230,0.7859,0.1402,0.2367,-3.0003,48.9845,44.3680,0.0895,nan,nan,nan,nan
36.4449,6.8685,1.0161,0.1325,163.0725,-0.0000,-80.7664,6.9229,0.7859,0.1402,0.2367,-2.9958,48.9862,44.3700,0.0843,nan,nan,nan,nan
36.4657,6.8685,1.0161,0.1325,163.0725,-0.0000,-80.7664,6.9229,0.7859,0.1402,0.2367,-2.9949,48.9870,44.3702,0.0836,nan,nan,nan,nan
36.4946,6.8685,1.0161,0.1325,163.0725,0.0000,-80.7664,6.9229,0.7859,0.1402,0.2367,-2.9950,48.9883,44.3701,0.0806,nan,nan,nan,nan
36.5160,6.8685,1.0161,0.1325,163.0725,0.0000,-80.7664,6.9229,0.7859,0.1402,0.2367,-2.9970,48.9873,44.3714,0.0789,nan,nan,nan,nan
36.5376,6.8685,1.0161,0.1325,163.0725,0.0000,-80.7665,6.9230,0.7859,0.1402,0.2367,-2.9979,48.9871,44.3708,0.0778,nan,nan,nan,nan
36.5691,6.8685,1.0161,0.1325,163.0725,0.0000,-80.7665,6.9230,0.7859,0.1402,0.2367,-3.0022,48.9866,44.3679,0.0750,nan,nan,nan,nan
36.5957,6.8685,1.0161,0.1325,163.0725,-0.0000,-80.7664,6.9230,0.7859,0.1402,0.2368,-3.0145,48.9868,44.3604,0.0689,nan,nan,nan,nan
36.6258,6.8685,1.0161,0.1325,163.0725,-0.0000,-80.7664,6.9231,0.7859,0.1402,0.2368,-3.0293,48.9872,44.3536,0.0739,nan,nan,nan,nan
36.6529,6.8685,1.0161,0.1325,163.0725,-0.0000,-80.7664,6.9231,0.7859,0.1402,0.2368,-3.0365,48.9873,44.3513,0.0765,nan,nan,nan,nan
36.6775,6.8685,1.0161,0.1325,163.0725,-0.0000,-80.7664,6.9232,0.7859,0.1401,0.2368,-3.0472,48.9872,44.3500,0.0825,nan,nan,nan,nan
36.6983,6.8685,1.0161,0.1325,163.0725,0.0000,-80.7665,6.9232,0.7859,0.1401,0.2368,-3.0570,48.9867,44.3505,0.0898,nan,nan,nan,nan
36.7236,6.8685,1.0161,0.1325,163.0732,0.0001,-80.7665,6.9232,0.7859,0.1401,0.2368,-3.0632,48.9856,44.3521,0.0908,nan,nan,nan,nan
36.7499,6.8685,1.0161,0.1325,163.0732,0.0001,-80.7665,6.9232,0.7859,0.1401,0.2368,-3.0664,48.9861,44.3519,0.0917,nan,nan,nan,nan
36.7723,6.8685,1.0161,0.1325,163.0729,0.0001,-80.7665,6.9232,0.7859,0.1401,0.2368,-3.0681,48.9863,44.3498,0.0914,nan,nan,nan,nan
36.7970,6.8685,1.0161,0.1325,163.0725,0.0000,-80.7664,6.9232,0.7859,0.1401,0.2368,-3.0654,48.9870,44.3497,0.0868,nan,nan,nan,nan
36.8200,6.8685,1.0161,0.1325,163.0725,-0.0000,-80.7664,6.9232,0.7859,0.1401,0.2368,-3.0645,48.9860,44.3538,0.0842,nan,nan,nan,nan
36.8556,6.8685,1.0161,0.1325,163.0725,-0.0000,-80.7665,6.9232,0.7859,0.1401,0.2368,-3.0608,48.9847,44.3616,0.0817,nan,nan,nan,nan
36.8808,6.8685,1.0161,0.1325,163.0725,-0.0000,-80.7665,6.9232,0.7859,0.1401,0.2367,-3.0533,48.9853,44.3689,0.0742,nan,nan,nan,nan
36.9015,6.8685,1.0161,0.1325,163.0725,0.0000,-80.7664,6.9231,0.7859,0.1401,0.2367,-3.0508,48.9859,44.3706,0.0711,nan,nan,nan,nan
36.9238,6.8685,1.0161,0.1325,163.0725,0.0000,-80.7664,6.9231,0.7859,0.1401,0.2367,-3.0389,48.9864,44.3748,0.0599,nan,nan,nan,nan
36.9464,6.8685,1.0161,0.1325,163.0725,0.0000,-80.7664,6.9231,0.7859,0.1401,0.2367,-3.0279,48.9853,44.3758,0.0551,nan,nan,nan,nan
36.9691,6.8685,1.0161,0.1325,163.0725,0.0000,-80.7665,6.9230,0.7859,0.1401,0.2367,-3.0243,48.9852,44.3751,0.0535,nan,nan,nan,nan
36.9923,6.8685,1.0161,0.1325,163.0725,-0.0000,-80.7664,6.9230,0.7859,0.1402,0.2367,-3.0102,48.9832,44.3728,0.0491,nan,nan,nan,nan
37.0201,6.8685,1.0161,0.1325,163.0725,0.0001,-80.7664,6.9229,0.7859,0.1402,0.2367,-2.9941,48.9810,44.3746,0.0406,nan,nan,nan,nan
37.0514,6.8685,1.0161,0.1325,163.0725,-0.0000,-80.7664,6.9228,0.7858,0.1402,0.2367,-2.9686,48.9809,44.3706,0.0299,nan,nan,nan,nan
37.0853,6.8685,1.0161,0.1325,163.0725,-0.0000,-80.7664,6.9227,0.7858,0.1403,0.2368,-2.9409,48.9789,44.3648,0.0331,nan,nan,nan,nan
37.1178,6.8685,1.0161,0.1325,163.0725,-0.0000,-80.7664,6.9226,0.7858,0.1403,0.2368,-2.9132,48.9770,44.3622,0.0370,nan,nan,nan,nan
37.1401,6.8685,1.0161,0.1325,163.0725,-0.0000,-80.7664,6.9226,0.7857,0.1404,0.2368,-2.8919,48.9765,44.3619,0.0425,nan,nan,nan,nan
37.1628,6.8685,1.0161,0.1325,163.0725,-0.0000,-80.7664,6.9225,0.7857,0.1404,0.2368,-2.8767,48.9762,44.3611,0.0450,nan,nan,nan,nan
37.1878,6.8685,1.0161,0.1325,163.0725,-0.0001,-80.7664,6.9224,0.7857,0.1404,0.2368,-2.8525,48.9753,44.3598,0.0437,nan,nan,nan,nan
37.2143,6.8685,1.0161,0.1325,163.0725,0.0000,-80.7664,6.9223,0.7857,0.1405,0.2368,-2.8224,48.9723,44.3600,0.0411,nan,nan,nan,nan
37.2411,6.8685,1.0161,0.1325,163.0725,0.0000,-80.7664,6.9222,0.7857,0.1405,0.2368,-2.8089,48.9715,44.3602,0.0410,nan,nan,nan,nan
37.2638,6.8685,1.0161,0.1325,163.0728,-0.0000,-80.7664,6.9222,0.7856,0.1405,0.2368,-2.7928,48.9703,44.3601,0.0428,nan,nan,nan,nan
37.2865,6.8685,1.0161,0.1325,163.0725,-0.0000,-80.7664,6.9222,0.7856,0.1405,0.2368,-2.7833,48.9690,44.3605,0.0475,nan,nan,nan,nan
37.3148,6.8685,1.0161,0.1325,163.0725,-0.0000,-80.7664,6.9222,0.7856,0.1405,0.2368,-2.7802,48.9682,44.3612,0.0506,nan,nan,nan,nan
37.3395,6.8685,1.0161,0.1325,163.0725,-0.0000,-80.7664,6.9222,0.7856,0.1405,0.2368,-2.7789,48.9680,44.3630,0.0518,nan,nan,nan,nan
37.3740,6.8685,1.0161,0.1325,163.0725,-0.0000,-80.7664,6.9221,0.7856,0.1405,0.2368,-2.7764,48.9682,44.3671,0.0541,nan,nan,nan,nan
37.4017,6.8685,1.0161,0.1325,163.0725,-0.0000,-80.7664,6.9221,0.7857,0.1405,0.2368,-2.7715,48.9693,44.3709,0.0594,nan,nan,nan,nan
37.4248,6.8685,1.0161,0.1325,163.0725,0.0000,-80.7664,6.9221,0.7857,0.1405,0.2367,-2.7751,48.9703,44.3746,0.0711,nan,nan,nan,nan
37.4563,6.8685,1.0161,0.1325,163.0725,0.0000,-80.7665,6.9221,0.7857,0.1405,0.2367,-2.7833,48.9672,44.3831,0.0788,nan,nan,nan,nan
37.4901,6.8685,1.0161,0.1325,163.0725,0.0000,-80.7665,6.9222,0.7857,0.1405,0.2367,-2.7893,48.9630,44.3900,0.0812,nan,nan,nan,nan
37.5166,6.8685,1.0161,0.1325,163.0725,0.0000,-80.7665,6.9222,0.7857,0.1405,0.2367,-2.7901,48.9607,44.3907,0.0827,nan,nan,nan,nan
37.5457,6.8685,1.0161,0.1325,163.0727,-0.0000,-80.7665,6.9222,0.7857,0.1405,0.2367,-2.7934,48.9558,44.3920,0.0890,nan,nan,nan,nan
37.5729,6.8685,1.0161,0.1325,163.0725,0.0000,-80.7664,6.9222,0.7857,0.1405,0.2367,-2.7958,48.9530,44.3944,0.0954,nan,nan,nan,nan
37.6016,6.8685,1.0161,0.1325,163.0725,0.0000,-80.7664,6.9222,0.7857,0.1405,0.2367,-2.8037,48.9493,44.3976,0.1075,nan,nan,nan,nan
37.6354,6.8685,1.0161,0.1325,163.0725,0.0000,-80.7664,6.9223,0.7857,0.1405,0.2367,-2.8124,48.9473,44.3984,0.1088,nan,nan,nan,nan
37.6575,6.8685,1.0161,0.1325,163.0725,0.0000,-80.7664,6.9223,0.7857,0.1405,0.2367,-2.8181,48.9460,44.3984,0.1058,nan,nan,nan,nan
37.6835,6.8685,1.0161,0.1325,163.0725,-0.0000,-80.7664,6.9223,0.7857,0.1405,0.2367,-2.8281,48.9448,44.3983,0.0981,nan,nan,nan,nan
37.7135,6.8685,1.0161,0.1325,163.0725,0.0001,-80.7665,6.9224,0.7857,0.1405,0.2367,-2.8376,48.9451,44.3963,0.0920,nan,nan,nan,nan
37.7409,6.8685,1.0161,0.1325,163.0725,0.0000,-80.7664,6.9224,0.7857,0.1405,0.2367,-2.8499,48.9461,44.3923,0.0924,nan,nan,nan,nan
37.7699,6.8685,1.0161,0.1325,163.0725,-0.0000,-80.7664,6.9225,0.7858,0.1404,0.2367,-2.8657,48.9464,44.3940,0.0921,nan,nan,nan,nan
37.7939,6.8685,1.0161,0.1325,163.0725,-0.0000,-80.7664,6.9225,0.7858,0.1404,0.2367,-2.8817,48.9425,44.3986,0.0912,nan,nan,nan,nan
37.8231,6.8685,1.0161,0.1325,163.0725,-0.0000,-80.7664,6.9226,0.7858,0.1404,0.2367,-2.8966,48.9385,44.4027,0.0935,nan,nan,nan,nan
37.8512,6.8685,1.0161,0.1325,163.0725,0.0001,-80.7664,6.9227,0.7858,0.1404,0.2367,-2.9097,48.9367,44.4039,0.0987,nan,nan,nan,nan
37.8801,6.8685,1.0161,0.1325,163.0725,-0.0000,-80.7664,6.9227,0.7858,0.1404,0.2367,-2.9183,48.9375,44.4034,0.1033,nan,nan,nan,nan
37.9073,6.8685,1.0161,0.1325,163.0725,0.0000,-80.7665,6.9227,0.7858,0.1404,0.2367,-2.9225,48.9383,44.4008,0.1100,nan,nan,nan,nan
37.9283,6.8685,1.0161,0.1325,163.0725,0.0000,-80.7665,6.9227,0.7858,0.1404,0.2367,-2.9245,48.9378,44.3963,0.1165,nan,nan,nan,nan
37.9549,6.8685,1.0161,0.1325,163.0725,0.0000,-80.7665,6.9227,0.7858,0.1404,0.2367,-2.9247,48.9372,44.3928,0.1163,nan,nan,nan,nan
37.9905,6.8685,1.0161,0.1325,163.0725,-0.0000,-80.7665,6.9227,0.7858,0.1404,0.2368,-2.9225,48.9372,44.3879,0.1184,nan,nan,nan,nan
38.0108,6.8685,1.0161,0.1325,163.0725,-0.0000,-80.7665,6.9227,0.7858,0.1404,0.2368,-2.9196,48.9370,44.3833,0.1177,nan,nan,nan,nan
38.0381,6.8685,1.0161,0.1325,163.0725,-0.0000,-80.7665,6.9227,0.7858,0.1404,0.2368,-2.9183,48.9369,44.3822,0.1173,nan,nan,nan,nan
38.0715,6.8685,1.0161,0.1325,163.0725,-0.0001,-80.7664,6.9227,0.7858,0.1405,0.2368,-2.9104,48.9375,44.3765,0.1151,nan,nan,nan,nan
38.0970,6.8685,1.0161,0.1325,163.0725,-0.0001,-80.7664,6.9226,0.7857,0.1405,0.2368,-2.9033,48.9383,44.3732,0.1131,nan,nan,nan,nan
38.1182,6.8685,1.0161,0.1325,163.0725,0.0000,-80.7664,6.9226,0.7857,0.1405,0.2368,-2.8952,48.9398,44.3695,0.1100,nan,nan,nan,nan
38.1494,6.8685,1.0161,0.1325,163.0725,-0.0000,-80.7664,6.9226,0.7857,0.1405,0.2368,-2.8761,48.9416,44.3633,0.1068,nan,nan,nan,nan
38.1730,6.8685,1.0161,0.1325,163.0725,-0.0000,-80.7664,6.9225,0.7857,0.1405,0.2368,-2.8669,48.9400,44.3618,0.1065,nan,nan,nan,nan
38.1954,6.8685,1.0161,0.1325,163.0726,-0.0001,-80.7664,6.9225,0.7857,0.1406,0.2368,-2.8584,48.9360,44.3613,0.1090,nan,nan,nan,nan
38.2192,6.8685,1.0161,0.1325,163.0725,-0.0000,-80.7665,6.9225,0.7857,0.1406,0.2368,-2.8549,48.9333,44.3591,0.1139,nan,nan,nan,nan
38.2403,6.8685,1.0161,0.1325,163.0725,-0.0000,-80.7665,6.9225,0.7857,0.1406,0.2368,-2.8544,48.9321,44.3563,0.1144,nan,nan,nan,nan
38.2629,6.8685,1.0161,0.1325,163.0725,0.0000,-80.7665,6.9225,0.7857,0.1406,0.2368,-2.8559,48.9296,44.3556,0.1118,nan,nan,nan,nan
38.2976,6.8685,1.0161,0.1325,163.0725,0.0001,-80.7665,6.9225,0.7857,0.1406,0.2368,-2.8604,48.9276,44.3552,0.1112,nan,nan,nan,nan
38.3207,6.8685,1.0161,0.1325,163.0725,-0.0000,-80.7665,6.9226,0.7857,0.1406,0.2369,-2.8719,48.9238,44.3547,0.1078,nan,nan,nan,nan
38.3417,6.8685,1.0161,0.1325,163.0725,-0.0000,-80.7665,6.9226,0.7857,0.1406,0.2369,-2.8790,48.9209,44.3544,0.1072,nan,nan,nan,nan
38.3656,6.8685,1.0161,0.1325,163.0725,-0.0000,-80.7665,6.9227,0.7857,0.1406,0.2369,-2.8881,48.9186,44.3529,0.1058,nan,nan,nan,nan
38.3983,6.8685,1.0161,0.1325,163.0725,-0.0000,-80.7664,6.9227,0.7857,0.1406,0.2369,-2.9055,48.9142,44.3512,0.1046,nan,nan,nan,nan
38.4236,6.8685,1.0161,0.1325,163.0725,-0.0000,-80.7664,6.9228,0.7857,0.1406,0.2369,-2.9177,48.9112,44.3494,0.1037,nan,nan,nan,nan
38.4485,6.8685,1.0161,0.1325,163.0725,-0.0001,-80.7664,6.9228,0.7857,0.1406,0.2369,-2.9280,48.9094,44.3461,0.1066,nan,nan,nan,nan
38.4733,6.8685,1.0161,0.1325,163.0725,0.0000,-80.7664,6.9228,0.7857,0.1406,0.2369,-2.9325,48.9075,44.3462,0.1107,nan,nan,nan,nan
38.4963,6.8685,1.0161,0.1325,163.0725,0.0000,-80.7664,6.9229,0.7857,0.1406,0.2369,-2.9377,48.9059,44.3466,0.1118,nan,nan,nan,nan
38.5188,6.8685,1.0161,0.1325,163.0725,0.0000,-80.7664,6.9229,0.7857,0.1406,0.2369,-2.9415,48.9036,44.3443,0.1093,nan,nan,nan,nan
38.5413,6.8685,1.0161,0.1325,163.0725,0.0000,-80.7664,6.9229,0.7857,0.1406,0.2369,-2.9422,48.9028,44.3407,0.1080,nan,nan,nan,nan
38.5630,6.8685,1.0161,0.1325,163.0725,0.0000,-80.7664,6.9229,0.7857,0.1406,0.2369,-2.9428,48.9018,44.3359,0.1061,nan,nan,nan,nan
38.5900,6.8685,1.0161,0.1325,163.0725,0.0000,-80.7665,6.9229,0.7856,0.1406,0.2369,-2.9448,48.9010,44.3340,0.1023,nan,nan,nan,nan
38.6194,6.8685,1.0161,0.1325,163.0725,0.0000,-80.7665,6.9229,0.7857,0.1406,0.2369,-2.9484,48.8994,44.3358,0.1011,nan,nan,nan,nan
38.6555,6.8685,1.0161,0.1325,163.0725,0.0001,-80.7665,6.9229,0.7857,0.1406,0.2369,-2.9544,48.8956,44.3412,0.0993,nan,nan,nan,nan
38.6819,6.8685,1.0161,0.1325,163.0725,0.0001,-80.7665,6.9230,0.7857,0.1406,0.2369,-2.9601,48.8935,44.3430,0.0982,nan,nan,nan,nan
38.7058,6.8685,1.0161,0.1325,163.0725,0.0001,-80.7665,6.9230,0.7857,0.1406,0.2369,-2.9657,48.8912,44.3439,0.0949,nan,nan,nan,nan
38.7415,6.8685,1.0161,0.1325,163.0725,-0.0000,-80.7665,6.9230,0.7857,0.1406,0.2369,-2.9706,48.8901,44.3448,0.0854,nan,nan,nan,nan
38.7753,6.8685,1.0161,0.1325,163.0725,-0.0000,-80.7665,6.9230,0.7857,0.1406,0.2369,-2.9682,48.8907,44.3475,0.0843,nan,nan,nan,nan
38.8088,6.8685,1.0161,0.1325,163.0725,-0.0000,-80.7664,6.9230,0.7857,0.1406,0.2369,-2.9631,48.8899,44.3504,0.0840,nan,nan,nan,nan
38.8319,6.8685,1.0161,0.1325,163.0725,-0.0000,-80.7664,6.9230,0.7857,0.1406,0.2369,-2.9616,48.8897,44.3522,0.0839,nan,nan,nan,nan
38.8535,6.8685,1.0161,0.1325,163.0725,-0.0000,-80.7664,6.9230,0.7857,0.1406,0.2369,-2.9621,48.8895,44.3532,0.0831,nan,nan,nan,nan
38.8810,6.8685,1.0161,0.1325,163.0725,0.0000,-80.7665,6.9230,0.7857,0.1406,0.2369,-2.9681,48.8890,44.3538,0.0807,nan,nan,nan,nan
38.9011,6.8685,1.0161,0.1325,163.0725,0.0000,-80.7665,6.9230,0.7857,0.1406,0.2369,-2.9717,48.8870,44.3544,0.0798,nan,nan,nan,nan
38.9237,6.8685,1.0161,0.1325,163.0725,0.0000,-80.7665,6.9230,0.7857,0.1406,0.2369,-2.9755,48.8841,44.3550,0.0829,nan,nan,nan,nan
38.9457,6.8685,1.0161,0.1325,163.0725,0.0001,-80.7664,6.9231,0.7857,0.1406,0.2369,-2.9809,48.8815,44.3550,0.0890,nan,nan,nan,nan
38.9825,6.8685,1.0161,0.1325,163.0725,0.0000,-80.7665,6.9231,0.7857,0.1406,0.2369,-2.9922,48.8788,44.3572,0.0920,nan,nan,nan,nan
39.0129,6.8685,1.0161,0.1325,163.0725,0.0000,-80.7665,6.9231,0.7857,0.1406,0.2369,-3.0028,48.8785,44.3609,0.0970,nan,nan,nan,nan
39.0394,6.8685,1.0161,0.1325,163.0725,-0.0000,-80.7665,6.9231,0.7857,0.1406,0.2369,-3.0064,48.8809,44.3627,0.1029,nan,nan,nan,nan
39.0618,6.8685,1.0161,0.1325,163.0725,-0.0000,-80.7665,6.9231,0.7858,0.1406,0.2369,-3.0063,48.8829,44.3649,0.1058,nan,nan,nan,nan
39.0860,6.8685,1.0161,0.1325,163.0725,-0.0000,-80.7665,6.9231,0.7858,0.1406,0.2369,-3.0047,48.8860,44.3662,0.1065,nan,nan,nan,nan
39.1126,6.8685,1.0161,0.1325,163.0725,-0.0001,-80.7664,6.9231,0.7858,0.1406,0.2369,-2.9994,48.8910,44.3647,0.1065,nan,nan,nan,nan
39.1334,6.8685,1.0161,0.1325,163.0725,-0.0001,-80.7664,6.9231,0.7857,0.1406,0.2369,-2.9972,48.8926,44.3621,0.1069,nan,nan,nan,nan
39.1564,6.8685,1.0161,0.1325,163.0725,-0.0000,-80.7664,6.9231,0.7857,0.1406,0.2369,-2.9938,48.8944,44.3605,0.1105,nan,nan,nan,nan
39.1891,6.8685,1.0161,0.1325,163.0725,0.0000,-80.7664,6.9231,0.7857,0.1406,0.2369,-2.9914,48.8957,44.3601,0.1163,nan,nan,nan,nan
39.2119,6.8685,1.0161,0.1325,163.0725,0.0000,-80.7664,6.9231,0.7857,0.1406,0.2369,-2.9875,48.8971,44.3594,0.1195,nan,nan,nan,nan
39.2383,6.8685,1.0161,0.1325,163.0725,-0.0000,-80.7664,6.9230,0.7857,0.1406,0.2369,-2.9812,48.8984,44.3589,0.1203,nan,nan,nan,nan
39.2659,6.8685,1.0161,0.1325,163.0725,-0.0000,-80.7664,6.9230,0.7857,0.1406,0.2369,-2.9653,48.9003,44.3589,0.1202,nan,nan,nan,nan
39.2879,6.8685,1.0161,0.1325,163.0725,-0.0000,-80.7664,6.9229,0.7857,0.1406,0.2369,-2.9413,48.9007,44.3632,0.1209,nan,nan,nan,nan
39.3085,6.8685,1.0161,0.1325,163.0725,0.0000,-80.7664,6.9228,0.7857,0.1406,0.2369,-2.9214,48.9012,44.3658,0.1211,nan,nan,nan,nan
39.3417,6.8685,1.0161,0.1325,163.0725,0.0000,-80.7664,6.9227,0.7857,0.1406,0.2369,-2.8914,48.9028,44.3684,0.1211,nan,nan,nan,nan
39.3720,6.8685,1.0161,0.1325,163.0725,-0.0000,-80.7664,6.9225,0.7857,0.1407,0.2368,-2.8578,48.9065,44.3686,0.1242,nan,nan,nan,nan
39.4030,6.8685,1.0161,0.1325,163.0725,-0.0000,-80.7664,6.9224,0.7856,0.1407,0.2369,-2.8322,48.9082,44.3664,0.1323,nan,nan,nan,nan
39.4269,6.8685,1.0161,0.1325,163.0725,-0.0000,-80.7664,6.9224,0.7856,0.1407,0.2369,-2.8209,48.9089,44.3631,0.1356,nan,nan,nan,nan
39.4548,6.8685,1.0161,0.1325,163.0725,-0.0000,-80.7664,6.9224,0.7856,0.1407,0.2369,-2.8140,48.9107,44.3627,0.1408,nan,nan,nan,nan
39.4763,6.8685,1.0161,0.1325,163.0725,-0.0000,-80.7664,6.9224,0.7856,0.1407,0.2369,-2.8130,48.9131,44.3617,0.1463,nan,nan,nan,nan
39.4979,6.8685,1.0161,0.1325,163.0725,-0.0000,-80.7664,6.9224,0.7856,0.1407,0.2369,-2.8138,48.9156,44.3611,0.1515,nan,nan,nan,nan
39.5184,6.8685,1.0161,0.1325,163.0725,0.0000,-80.7664,6.9224,0.7856,0.1407,0.2369,-2.8197,48.9184,44.3599,0.1536,nan,nan,nan,nan
39.5458,6.8685,1.0161,0.1325,163.0726,-0.0000,-80.7665,6.9224,0.7856,0.1407,0.2368,-2.8269,48.9197,44.3598,0.1517,nan,nan,nan,nan
39.5716,6.8685,1.0161,0.1325,163.0726,-0.0000,-80.7665,6.9224,0.7856,0.1406,0.2368,-2.8355,48.9190,44.3633,0.1490,nan,nan,nan,nan
39.5947,6.8685,1.0161,0.1325,163.0725,0.0000,-80.7665,6.9225,0.7857,0.1406,0.2368,-2.8450,48.9183,44.3679,0.1435,nan,nan,nan,nan
39.6153,6.8685,1.0161,0.1325,163.0734,-0.0000,-80.7665,6.9225,0.7857,0.1406,0.2368,-2.8492,48.9176,44.3730,0.1393,nan,nan,nan,nan
39.6359,6.8685,1.0161,0.1325,163.0725,-0.0000,-80.7665,6.9225,0.7857,0.1406,0.2368,-2.8506,48.9176,44.3769,0.1377,nan,nan,nan,nan
39.6580,6.8685,1.0161,0.1325,163.0725,-0.0000,-80.7665,6.9225,0.7857,0.1406,0.2368,-2.8524,48.9174,44.3814,0.1392,nan,nan,nan,nan
39.6848,6.8685,1.0161,0.1325,163.0725,-0.0000,-80.7665,6.9225,0.7857,0.1406,0.2368,-2.8546,48.9174,44.3855,0.1407,nan,nan,nan,nan
39.7112,6.8685,1.0161,0.1325,163.0725,0.0000,-80.7665,6.9225,0.7857,0.1406,0.2368,-2.8624,48.9181,44.3912,0.1457,nan,nan,nan,nan
39.7353,6.8685,1.0161,0.1325,163.0725,0.0000,-80.7665,6.9225,0.7857,0.1405,0.2368,-2.8696,48.9194,44.3943,0.1506,nan,nan,nan,nan
39.7617,6.8685,1.0161,0.1325,163.0725,0.0001,-80.7665,6.9226,0.7857,0.1405,0.2368,-2.8723,48.9196,44.3946,0.1520,nan,nan,nan,nan
39.7969,6.8685,1.0161,0.1325,163.0725,0.0000,-80.7665,6.9226,0.7858,0.1405,0.2368,-2.8817,48.9213,44.3966,0.1633,nan,nan,nan,nan
39.8231,6.8685,1.0161,0.1325,163.0725,0.0000,-80.7665,6.9226,0.7858,0.1405,0.2367,-2.8846,48.9219,44.4010,0.1756,nan,nan,nan,nan
39.8491,6.8685,1.0161,0.1325,163.0725,-0.0000,-80.7665,6.9226,0.7858,0.1405,0.2367,-2.8846,48.9223,44.4019,0.1788,nan,nan,nan,nan
39.8844,6.8685,1.0161,0.1325,163.0725,-0.0000,-80.7665,6.9226,0.7858,0.1405,0.2367,-2.8838,48.9238,44.4025,0.1841,nan,nan,nan,nan
39.9104,6.8685,1.0161,0.1325,163.0725,-0.0000,-80.7665,6.9225,0.7858,0.1405,0.2367,-2.8786,48.9250,44.4037,0.1880,nan,nan,nan,nan
39.9372,6.8685,1.0161,0.1325,163.0726,0.0000,-80.7665,6.9225,0.7858,0.1405,0.2367,-2.8755,48.9252,44.4045,0.1893,nan,nan,nan,nan
39.9580,6.8685,1.0161,0.1325,163.0725,0.0000,-80.7664,6.9225,0.7858,0.1405,0.2367,-2.8603,48.9273,44.4053,0.1910,nan,nan,nan,nan
39.9812,6.8685,1.0161,0.1325,163.0725,0.0000,-80.7664,6.9224,0.7858,0.1405,0.2367,-2.8523,48.9284,44.4056,0.1918,nan,nan,nan,nan
40.0060,6.8685,1.0161,0.1325,163.0725,0.0001,-80.7664,6.9224,0.7858,0.1405,0.2367,-2.8413,48.9303,44.4067,0.1919,nan,nan,nan,nan
40.0278,6.8685,1.0161,0.1325,163.0725,-0.0000,-80.7665,6.9224,0.7858,0.1405,0.2367,-2.8323,48.9325,44.4082,0.1900,nan,nan,nan,nan
40.0490,6.8685,1.0161,0.1325,163.0725,-0.0000,-80.7665,6.9223,0.7857,0.1405,0.2367,-2.8265,48.9331,44.4097,0.1887,nan,nan,nan,nan
40.0696,6.8685,1.0161,0.1325,163.0726,-0.0000,-80.7664,6.9223,0.7858,0.1405,0.2367,-2.8200,48.9340,44.4128,0.1919,nan,nan,nan,nan
40.0965,6.8685,1.0161,0.1325,163.0725,0.0000,-80.7664,6.9223,0.7858,0.1405,0.2367,-2.8179,48.9353,44.4168,0.1946,nan,nan,nan,nan
40.1241,6.8685,1.0161,0.1325,163.0725,0.0000,-80.7664,6.9223,0.7858,0.1405,0.2367,-2.8230,48.9362,44.4209,0.1888,nan,nan,nan,nan
40.1502,6.8685,1.0161,0.1325,163.0725,0.0000,-80.7664,6.9223,0.7858,0.1404,0.2367,-2.8297,48.9369,44.4248,0.1820,nan,nan,nan,nan
40.1726,6.8685,1.0161,0.1325,163.0725,0.0001,-80.7665,6.9224,0.7858,0.1404,0.2366,-2.8373,48.9376,44.4294,0.1778,nan,nan,nan,nan
40.2004,6.8685,1.0161,0.1325,163.0725,0.0000,-80.7664,6.9224,0.7858,0.1404,0.2366,-2.8511,48.9400,44.4344,0.1729,nan,nan,nan,nan
40.2256,6.8685,1.0161,0.1325,163.0725,-0.0000,-80.7665,6.9224,0.7858,0.1404,0.2366,-2.8534,48.9432,44.4366,0.1686,nan,nan,nan,nan
40.2483,6.8685,1.0161,0.1325,163.0725,-0.0000,-80.7665,6.9224,0.7859,0.1404,0.2366,-2.8481,48.9451,44.4424,0.1657,nan,nan,nan,nan
40.2718,6.8685,1.0161,0.1325,163.0725,0.0000,-80.7665,6.9223,0.7859,0.1404,0.2366,-2.8439,48.9469,44.4471,0.1647,nan,nan,nan,nan
40.3042,6.8685,1.0161,0.1325,163.0725,-0.0000,-80.7664,6.9223,0.7859,0.1403,0.2366,-2.8404,48.9500,44.4529,0.1635,nan,nan,nan,nan
40.3298,6.8685,1.0161,0.1325,163.0725,-0.0000,-80.7664,6.9223,0.7859,0.1403,0.2366,-2.8416,48.9520,44.4563,0.1608,nan,nan,nan,nan
40.3499,6.8685,1.0161,0.1325,163.0725,0.0001,-80.7665,6.9223,0.7859,0.1403,0.2366,-2.8475,48.9529,44.4597,0.1595,nan,nan,nan,nan
40.3805,6.8685,1.0161,0.1325,163.0725,-0.0000,-80.7665,6.9224,0.7859,0.1403,0.2365,-2.8675,48.9553,44.4626,0.1592,nan,nan,nan,nan
40.4028,6.8685,1.0161,0.1325,163.0725,-0.0000,-80.7665,6.9225,0.7859,0.1402,0.2365,-2.8887,48.9564,44.4622,0.1623,nan,nan,nan,nan
40.4304,6.8685,1.0161,0.1325,163.0725,0.0000,-80.7665,6.9225,0.7860,0.1402,0.2365,-2.9080,48.9570,44.4617,0.1652,nan,nan,nan,nan
40.4554,6.8685,1.0161,0.1325,163.0725,-0.0000,-80.7665,6.9227,0.7860,0.1402,0.2365,-2.9412,48.9560,44.4627,0.1701,nan,nan,nan,nan
40.4815,6.8685,1.0161,0.1325,163.0725,-0.0000,-80.7665,6.9228,0.7860,0.1401,0.2365,-2.9651,48.9553,44.4627,0.1755,nan,nan,nan,nan
40.5020,6.8685,1.0161,0.1325,163.0725,-0.0000,-80.7665,6.9229,0.7860,0.1401,0.2365,-2.9887,48.9552,44.4636,0.1823,nan,nan,nan,nan
40.5374,6.8685,1.0161,0.1325,163.0725,0.0000,-80.7665,6.9230,0.7861,0.1401,0.2365,-3.0309,48.9564,44.4664,0.1968,nan,nan,nan,nan
40.5600,6.8685,1.0161,0.1325,163.0725,0.0000,-80.7665,6.9231,0.7861,0.1400,0.2365,-3.0549,48.9578,44.4702,0.2041,nan,nan,nan,nan
40.5869,6.8685,1.0161,0.1325,163.0725,-0.0000,-80.7665,6.9231,0.7861,0.1400,0.2365,-3.0687,48.9588,44.4751,0.2062,nan,nan,nan,nan
40.6206,6.8685,1.0161,0.1325,163.0725,-0.0000,-80.7665,6.9232,0.7862,0.1399,0.2365,-3.0878,48.9599,44.4860,0.2055,nan,nan,nan,nan
40.6437,6.8685,1.0161,0.1325,163.0725,-0.0000,-80.7665,6.9233,0.7862,0.1399,0.2365,-3.1059,48.9619,44.4956,0.2019,nan,nan,nan,nan
40.6675,6.8685,1.0161,0.1325,163.0725,0.0000,-80.7665,6.9233,0.7862,0.1399,0.2364,-3.1169,48.9643,44.4974,0.1994,nan,nan,nan,nan
40.7050,6.8685,1.0161,0.1325,163.0725,-0.0000,-80.7665,6.9234,0.7862,0.1398,0.2364,-3.1345,48.9664,44.4989,0.1908,nan,nan,nan,nan
40.7257,6.8685,1.0161,0.1325,163.0725,-0.0000,-80.7665,6.9234,0.7863,0.1398,0.2364,-3.1432,48.9666,44.4999,0.1861,nan,nan,nan,nan
40.7486,6.8685,1.0161,0.1325,163.0725,0.0000,-80.7665,6.9234,0.7863,0.1398,0.2364,-3.1493,48.9672,44.4983,0.1832,nan,nan,nan,nan
40.7745,6.8685,1.0161,0.1325,163.0725,0.0000,-80.7665,6.9234,0.7863,0.1398,0.2365,-3.1533,48.9661,44.4942,0.1836,nan,nan,nan,nan
40.8139,6.8685,1.0161,0.1325,163.0725,-0.0000,-80.7664,6.9234,0.7862,0.1398,0.2365,-3.1495,48.9649,44.4899,0.1848,nan,nan,nan,nan
40.8399,6.8685,1.0161,0.1325,163.0725,-0.0000,-80.7664,6.9234,0.7862,0.1399,0.2365,-3.1376,48.9639,44.4881,0.1839,nan,nan,nan,nan
40.8632,6.8685,1.0161,0.1325,163.0725,0.0000,-80.7665,6.9234,0.7862,0.1399,0.2365,-3.1275,48.9621,44.4886,0.1831,nan,nan,nan,nan
40.8995,6.8685,1.0161,0.1325,163.0725,-0.0000,-80.7664,6.9233,0.7862,0.1399,0.2365,-3.1099,48.9599,44.4895,0.1794,nan,nan,nan,nan
40.9207,6.8685,1.0161,0.1325,163.0725,-0.0000,-80.7664,6.9232,0.7862,0.1399,0.2365,-3.0967,48.9595,44.4893,0.1759,nan,nan,nan,nan
40.9422,6.8685,1.0161,0.1325,163.0725,0.0001,-80.7665,6.9232,0.7862,0.1399,0.2365,-3.0870,48.9590,44.4898,0.1715,nan,nan,nan,nan
40.9701,6.8685,1.0161,0.1325,163.0725,0.0000,-80.7665,6.9232,0.7862,0.1400,0.2365,-3.0761,48.9575,44.4871,0.1672,nan,nan,nan,nan
41.0035,6.8685,1.0161,0.1325,163.0725,0.0000,-80.7665,6.9232,0.7862,0.1400,0.2365,-3.0774,48.9562,44.4838,0.1713,nan,nan,nan,nan
41.0322,6.8685,1.0161,0.1325,163.0725,0.0000,-80.7665,6.9232,0.7862,0.1400,0.2365,-3.0812,48.9533,44.4866,0.1740,nan,nan,nan,nan
41.0548,6.8685,1.0161,0.1325,163.0727,0.0000,-80.7665,6.9232,0.7862,0.1400,0.2365,-3.0839,48.9513,44.4890,0.1745,nan,nan,nan,nan
41.0884,6.8685,1.0161,0.1325,163.0725,-0.0000,-80.7665,6.9232,0.7862,0.1400,0.2365,-3.0857,48.9495,44.4907,0.1739,nan,nan,nan,nan
41.1177,6.8685,1.0161,0.1325,163.0725,0.0000,-80.7665,6.9232,0.7862,0.1400,0.2365,-3.0848,48.9494,44.4936,0.1707,nan,nan,nan,nan
41.1444,6.8685,1.0161,0.1325,163.0725,0.0000,-80.7665,6.9232,0.7862,0.1400,0.2365,-3.0853,48.9498,44.4948,0.1699,nan,nan,nan,nan
41.1684,6.8685,1.0161,0.1325,163.0725,-0.0000,-80.7665,6.9232,0.7862,0.1400,0.2365,-3.0828,48.9481,44.4977,0.1625,nan,nan,nan,nan
41.1927,6.8685,1.0161,0.1325,163.0725,-0.0000,-80.7664,6.9232,0.7862,0.1400,0.2365,-3.0796,48.9462,44.5001,0.1569,nan,nan,nan,nan
41.2186,6.8685,1.0161,0.1325,163.0725,-0.0000,-80.7664,6.9231,0.7862,0.1400,0.2365,-3.0697,48.9448,44.5019,0.1474,nan,nan,nan,nan
41.2396,6.8685,1.0161,0.1325,163.0725,0.0000,-80.7665,6.9231,0.7862,0.1400,0.2365,-3.0652,48.9446,44.5018,0.1445,nan,nan,nan,nan
41.2659,6.8685,1.0161,0.1325,163.0725,0.0000,-80.7665,6.9231,0.7862,0.1400,0.2365,-3.0552,48.9453,44.4998,0.1429,nan,nan,nan,nan
41.2901,6.8685,1.0161,0.1325,163.0725,0.0000,-80.7664,6.9230,0.7861,0.1400,0.2365,-3.0439,48.9459,44.4982,0.1418,nan,nan,nan,nan
41.3207,6.8685,1.0161,0.1325,163.0725,0.0000,-80.7664,6.9230,0.7861,0.1400,0.2365,-3.0221,48.9476,44.4961,0.1396,nan,nan,nan,nan
41.3417,6.8685,1.0161,0.1325,163.0725,0.0000,-80.7664,6.9229,0.7861,0.1401,0.2365,-3.0135,48.9479,44.4962,0.1383,nan,nan,nan,nan
41.3635,6.8685,1.0161,0.1325,163.0725,0.0000,-80.7665,6.9229,0.7861,0.1401,0.2365,-3.0066,48.9475,44.4957,0.1390,nan,nan,nan,nan
41.3873,6.8685,1.0161,0.1325,163.0725,0.0000,-80.7665,6.9229,0.7861,0.1401,0.2365,-2.9976,48.9463,44.4949,0.1381,nan,nan,nan,nan
41.4150,6.8685,1.0161,0.1325,163.0725,0.0000,-80.7665,6.9229,0.7861,0.1401,0.2365,-2.9938,48.9458,44.4950,0.1402,nan,nan,nan,nan
41.4446,6.8685,1.0161,0.1325,163.0725,0.0000,-80.7665,6.9228,0.7861,0.1401,0.2365,-2.9914,48.9449,44.4942,0.1430,nan,nan,nan,nan
41.4749,6.8685,1.0161,0.1325,163.0725,-0.0000,-80.7664,6.9228,0.7861,0.1401,0.2365,-2.9855,48.9441,44.4930,0.1474,nan,nan,nan,nan
41.4964,6.8685,1.0161,0.1325,163.0725,-0.0000,-80.7664,6.9228,0.7861,0.1401,0.2365,-2.9800,48.9432,44.4932,0.1496,nan,nan,nan,nan
41.5236,6.8685,1.0161,0.1325,163.0725,0.0001,-80.7664,6.9227,0.7861,0.1401,0.2365,-2.9624,48.9408,44.4937,0.1481,nan,nan,nan,nan
41.5468,6.8685,1.0161,0.1325,163.0725,0.0000,-80.7664,6.9227,0.7860,0.1402,0.2365,-2.9406,48.9377,44.4948,0.1494,nan,nan,nan,nan
41.5700,6.8685,1.0161,0.1325,163.0725,0.0001,-80.7664,6.9226,0.7860,0.1402,0.2365,-2.9310,48.9359,44.4938,0.1504,nan,nan,nan,nan
41.6006,6.8685,1.0161,0.1325,163.0725,0.0000,-80.7665,6.9226,0.7860,0.1402,0.2365,-2.9100,48.9326,44.4918,0.1509,nan,nan,nan,nan
41.6218,6.8685,1.0161,0.1325,163.0725,0.0000,-80.7665,6.9225,0.7860,0.1403,0.2365,-2.8972,48.9307,44.4911,0.1524,nan,nan,nan,nan
41.6496,6.8685,1.0161,0.1325,163.0725,-0.0000,-80.7665,6.9224,0.7860,0.1403,0.2365,-2.8769,48.9281,44.4880,0.1562,nan,nan,nan,nan
41.6763,6.8685,1.0161,0.1325,163.0725,0.0000,-80.7665,6.9224,0.7859,0.1403,0.2365,-2.8621,48.9282,44.4809,0.1615,nan,nan,nan,nan
41.7133,6.8685,1.0161,0.1325,163.0725,-0.0000,-80.7665,6.9224,0.7859,0.1403,0.2365,-2.8519,48.9305,44.4757,0.1666,nan,nan,nan,nan
41.7498,6.8685,1.0161,0.1325,163.0725,0.0000,-80.7665,6.9223,0.7859,0.1403,0.2365,-2.8500,48.9337,44.4750,0.1642,nan,nan,nan,nan
41.7794,6.8685,1.0161,0.1325,163.0725,0.0000,-80.7665,6.9223,0.7859,0.1403,0.2365,-2.8527,48.9374,44.4742,0.1581,nan,nan,nan,nan
41.8148,6.8685,1.0161,0.1325,163.0725,-0.0000,-80.7665,6.9224,0.7859,0.1403,0.2365,-2.8548,48.9396,44.4713,0.1554,nan,nan,nan,nan
41.8364,6.8685,1.0161,0.1325,163.0725,-0.0000,-80.7665,6.9224,0.7859,0.1403,0.2365,-2.8553,48.9405,44.4703,0.1567,nan,nan,nan,nan
41.8576,6.8685,1.0161,0.1325,163.0725,0.0001,-80.7665,6.9224,0.7859,0.1403,0.2365,-2.8565,48.9412,44.4711,0.1591,nan,nan,nan,nan
41.8891,6.8685,1.0161,0.1325,163.0725,-0.0000,-80.7664,6.9224,0.7859,0.1403,0.2365,-2.8560,48.9433,44.4760,0.1557,nan,nan,nan,nan
41.9104,6.8685,1.0161,0.1325,163.0725,-0.0000,-80.7664,6.9223,0.7859,0.1403,0.2365,-2.8498,48.9445,44.4825,0.1521,nan,nan,nan,nan
41.9333,6.8685,1.0161,0.1325,163.0725,0.0000,-80.7665,6.9223,0.7859,0.1403,0.2365,-2.8467,48.9442,44.4855,0.1523,nan,nan,nan,nan
41.9651,6.8685,1.0161,0.1325,163.0725,0.0000,-80.7665,6.9222,0.7860,0.1403,0.2365,-2.8324,48.9436,44.4959,0.1510,nan,nan,nan,nan
41.9915,6.8685,1.0161,0.1325,163.0725,0.0000,-80.7664,6.9222,0.7860,0.1403,0.2365,-2.8179,48.9450,44.5022,0.1467,nan,nan,nan,nan
42.0200,6.8685,1.0161,0.1325,163.0725,0.0000,-80.7664,6.9222,0.7860,0.1403,0.2365,-2.8124,48.9464,44.5048,0.1480,nan,nan,nan,nan
42.0419,6.8685,1.0161,0.1325,163.0725,-0.0000,-80.7665,6.9221,0.7860,0.1403,0.2364,-2.8111,48.9464,44.5059,0.1484,nan,nan,nan,nan
42.0796,6.8685,1.0161,0.1325,163.0725,-0.0000,-80.7664,6.9221,0.7860,0.1403,0.2364,-2.8053,48.9477,44.5092,0.1524,nan,nan,nan,nan
42.1038,6.8685,1.0161,0.1325,163.0725,-0.0000,-80.7664,6.9221,0.7860,0.1403,0.2364,-2.7978,48.9486,44.5106,0.1545,nan,nan,nan,nan
42.1247,6.8685,1.0161,0.1325,163.0725,-0.0000,-80.7664,6.9221,0.7860,0.1403,0.2364,-2.7956,48.9488,44.5108,0.1562,nan,nan,nan,nan
42.1475,6.8685,1.0161,0.1325,163.0725,-0.0000,-80.7664,6.9221,0.7860,0.1403,0.2364,-2.7900,48.9489,44.5128,0.1629,nan,nan,nan,nan
42.1712,6.8685,1.0161,0.1325,163.0725,-0.0000,-80.7665,6.9220,0.7860,0.1403,0.2364,-2.7866,48.9486,44.5136,0.1651,nan,nan,nan,nan
42.2064,6.8685,1.0161,0.1325,163.0725,-0.0000,-80.7665,6.9220,0.7860,0.1403,0.2364,-2.7835,48.9479,44.5180,0.1667,nan,nan,nan,nan
42.2346,6.8685,1.0161,0.1325,163.0725,-0.0000,-80.7664,6.9220,0.7860,0.1403,0.2364,-2.7841,48.9493,44.5257,0.1674,nan,nan,nan,nan
42.2707,6.8685,1.0161,0.1325,163.0725,0.0000,-80.7665,6.9220,0.7860,0.1402,0.2364,-2.7874,48.9498,44.5277,0.1605,nan,nan,nan,nan
42.2936,6.8685,1.0161,0.1325,163.0725,0.0000,-80.7665,6.9220,0.7860,0.1403,0.2364,-2.7879,48.9494,44.5267,0.1563,nan,nan,nan,nan
42.3185,6.8685,1.0161,0.1325,163.0725,0.0000,-80.7664,6.9220,0.7860,0.1403,0.2364,-2.7901,48.9475,44.5235,0.1567,nan,nan,nan,nan
42.3518,6.8685,1.0161,0.1325,163.0725,-0.0000,-80.7664,6.9221,0.7860,0.1403,0.2364,-2.7920,48.9443,44.5197,0.1540,nan,nan,nan,nan
42.3746,6.8685,1.0161,0.1325,163.0725,-0.0000,-80.7664,6.9221,0.7860,0.1403,0.2364,-2.7943,48.9394,44.5153,0.1465,nan,nan,nan,nan
42.3968,6.8685,1.0161,0.1325,163.0725,0.0000,-80.7664,6.9221,0.7860,0.1403,0.2364,-2.7953,48.9379,44.5136,0.1439,nan,nan,nan,nan
42.4232,6.8685,1.0161,0.1325,163.0725,0.0000,-80.7664,6.9221,0.7859,0.1403,0.2365,-2.8005,48.9335,44.5094,0.1399,nan,nan,nan,nan
42.4494,6.8685,1.0161,0.1325,163.0725,-0.0000,-80.7664,6.9222,0.7859,0.1403,0.2365,-2.8061,48.9315,44.5073,0.1391,nan,nan,nan,nan
42.4728,6.8685,1.0161,0.1325,163.0725,-0.0000,-80.7664,6.9222,0.7860,0.1403,0.2365,-2.8200,48.9276,44.5057,0.1385,nan,nan,nan,nan
42.4968,6.8685,1.0161,0.1325,163.0725,-0.0001,-80.7664,6.9223,0.7860,0.1403,0.2365,-2.8334,48.9238,44.5053,0.1390,nan,nan,nan,nan
42.5220,6.8685,1.0161,0.1325,163.0726,-0.0001,-80.7664,6.9223,0.7860,0.1403,0.2365,-2.8520,48.9198,44.5081,0.1354,nan,nan,nan,nan
42.5486,6.8685,1.0161,0.1325,163.0725,-0.0000,-80.7664,6.9224,0.7860,0.1403,0.2365,-2.8733,48.9192,44.5098,0.1294,nan,nan,nan,nan
42.5746,6.8685,1.0161,0.1325,163.0725,-0.0000,-80.7664,6.9225,0.7860,0.1403,0.2365,-2.8930,48.9186,44.5137,0.1238,nan,nan,nan,nan
42.5982,6.8685,1.0161,0.1325,163.0725,-0.0000,-80.7664,6.9226,0.7860,0.1402,0.2365,-2.9064,48.9181,44.5150,0.1199,nan,nan,nan,nan
42.6213,6.8685,1.0161,0.1325,163.0725,0.0000,-80.7665,6.9226,0.7861,0.1402,0.2365,-2.9251,48.9188,44.5145,0.1112,nan,nan,nan,nan
42.6465,6.8685,1.0161,0.1325,163.0725,0.0000,-80.7665,6.9227,0.7861,0.1402,0.2365,-2.9400,48.9192,44.5118,0.1058,nan,nan,nan,nan
42.6734,6.8685,1.0161,0.1325,163.0725,-0.0000,-80.7665,6.9227,0.7861,0.1402,0.2365,-2.9439,48.9193,44.5107,0.1050,nan,nan,nan,nan
42.7060,6.8685,1.0161,0.1325,163.0725,0.0001,-80.7665,6.9227,0.7861,0.1402,0.2365,-2.9574,48.9221,44.5040,0.1049,nan,nan,nan,nan
42.7285,6.8685,1.0161,0.1325,163.0725,0.0001,-80.7665,6.9228,0.7861,0.1402,0.2365,-2.9662,48.9239,44.4990,0.1067,nan,nan,nan,nan
42.7576,6.8685,1.0161,0.1325,163.0725,0.0000,-80.7665,6.9228,0.7861,0.1402,0.2365,-2.9694,48.9240,44.4980,0.1066,nan,nan,nan,nan
42.7816,6.8685,1.0161,0.1325,163.0725,0.0000,-80.7665,6.9228,0.7861,0.1402,0.2365,-2.9828,48.9245,44.4956,0.1080,nan,nan,nan,nan
42.8145,6.8685,1.0161,0.1325,163.0725,0.0001,-80.7665,6.9229,0.7861,0.1402,0.2365,-2.9939,48.9246,44.4954,0.1138,nan,nan,nan,nan
42.8419,6.8685,1.0161,0.1325,163.0725,0.0001,-80.7665,6.9229,0.7861,0.1402,0.2365,-2.9982,48.9248,44.4946,0.1173,nan,nan,nan,nan
42.8686,6.8685,1.0161,0.1325,163.0729,-0.0000,-80.7664,6.9229,0.7861,0.1402,0.2365,-3.0005,48.9232,44.4970,0.1216,nan,nan,nan,nan
42.8898,6.8685,1.0161,0.1325,163.0726,-0.0000,-80.7665,6.9229,0.7861,0.1402,0.2365,-3.0031,48.9193,44.5020,0.1311,nan,nan,nan,nan
42.9203,6.8685,1.0161,0.1325,163.0725,0.0000,-80.7664,6.9229,0.7861,0.1402,0.2365,-3.0063,48.9184,44.5017,0.1408,nan,nan,nan,nan
42.9447,6.8685,1.0161,0.1325,163.0725,0.0000,-80.7664,6.9229,0.7861,0.1402,0.2365,-3.0051,48.9202,44.5008,0.1425,nan,nan,nan,nan
42.9710,6.8685,1.0161,0.1325,163.0725,-0.0000,-80.7665,6.9229,0.7861,0.1402,0.2365,-3.0036,48.9216,44.5012,0.1420,nan,nan,nan,nan
43.0079,6.8685,1.0161,0.1325,163.0725,-0.0000,-80.7664,6.9229,0.7861,0.1401,0.2365,-2.9988,48.9234,44.5045,0.1424,nan,nan,nan,nan
43.0356,6.8685,1.0161,0.1325,163.0725,-0.0000,-80.7664,6.9229,0.7861,0.1401,0.2365,-2.9955,48.9245,44.5070,0.1490,nan,nan,nan,nan
43.0664,6.8685,1.0161,0.1325,163.0725,-0.0000,-80.7664,6.9229,0.7861,0.1401,0.2365,-2.9926,48.9234,44.5069,0.1516,nan,nan,nan,nan
43.0990,6.8685,1.0161,0.1325,163.0726,-0.0000,-80.7664,6.9228,0.7861,0.1401,0.2365,-2.9863,48.9224,44.5135,0.1524,nan,nan,nan,nan
43.1305,6.8685,1.0161,0.1325,163.0725,-0.0000,-80.7664,6.9228,0.7861,0.1401,0.2365,-2.9805,48.9244,44.5164,0.1546,nan,nan,nan,nan
43.1657,6.8685,1.0161,0.1325,163.0725,0.0000,-80.7664,6.9228,0.7861,0.1401,0.2364,-2.9730,48.9288,44.5180,0.1543,nan,nan,nan,nan
43.1927,6.8685,1.0161,0.1325,163.0725,0.0000,-80.7665,6.9227,0.7861,0.1401,0.2364,-2.9603,48.9335,44.5180,0.1519,nan,nan,nan,nan
43.2172,6.8685,1.0161,0.1325,163.0725,0.0000,-80.7665,6.9227,0.7861,0.1401,0.2364,-2.9518,48.9350,44.5195,0.1521,nan,nan,nan,nan
43.2404,6.8685,1.0161,0.1325,163.0725,-0.0000,-80.7665,6.9226,0.7861,0.1401,0.2364,-2.9326,48.9372,44.5228,0.1566,nan,nan,nan,nan
43.2770,6.8685,1.0161,0.1325,163.0725,0.0000,-80.7665,6.9225,0.7861,0.1402,0.2364,-2.9062,48.9379,44.5260,0.1628,nan,nan,nan,nan
43.3108,6.8685,1.0161,0.1325,163.0725,0.0000,-80.7665,6.9224,0.7861,0.1402,0.2364,-2.8684,48.9383,44.5299,0.1664,nan,nan,nan,nan
43.3392,6.8685,1.0161,0.1325,163.0725,-0.0000,-80.7664,6.9222,0.7860,0.1402,0.2364,-2.8385,48.9389,44.5334,0.1695,nan,nan,nan,nan
43.3625,6.8685,1.0161,0.1325,163.0725,-0.0000,-80.7664,6.9222,0.7860,0.1402,0.2364,-2.8253,48.9401,44.5358,0.1740,nan,nan,nan,nan
43.3842,6.8685,1.0161,0.1325,163.0725,0.0001,-80.7665,6.9221,0.7860,0.1402,0.2364,-2.8185,48.9416,44.5367,0.1740,nan,nan,nan,nan
43.4123,6.8685,1.0161,0.1325,163.0725,0.0000,-80.7665,6.9221,0.7860,0.1402,0.2364,-2.8124,48.9432,44.5412,0.1758,nan,nan,nan,nan
43.4448,6.8685,1.0161,0.1325,163.0725,-0.0000,-80.7665,6.9221,0.7861,0.1402,0.2364,-2.8127,48.9478,44.5439,0.1772,nan,nan,nan,nan
43.4677,6.8685,1.0161,0.1325,163.0725,-0.0000,-80.7665,6.9221,0.7861,0.1402,0.2363,-2.8196,48.9496,44.5444,0.1777,nan,nan,nan,nan
43.4946,6.8685,1.0161,0.1325,163.0725,0.0001,-80.7665,6.9222,0.7861,0.1402,0.2364,-2.8325,48.9482,44.5426,0.1760,nan,nan,nan,nan
43.5170,6.8685,1.0161,0.1325,163.0725,0.0000,-80.7665,6.9222,0.7861,0.1402,0.2364,-2.8448,48.9469,44.5402,0.1742,nan,nan,nan,nan
43.5477,6.8685,1.0161,0.1325,163.0725,0.0000,-80.7665,6.9224,0.7861,0.1401,0.2364,-2.8748,48.9448,44.5372,0.1660,nan,nan,nan,nan
43.5879,6.8685,1.0161,0.1325,163.0725,-0.0000,-80.7665,6.9225,0.7861,0.1401,0.2364,-2.9024,48.9445,44.5380,0.1590,nan,nan,nan,nan
43.6137,6.8685,1.0161,0.1325,163.0725,-0.0000,-80.7665,6.9225,0.7861,0.1401,0.2364,-2.9136,48.9461,44.5380,0.1560,nan,nan,nan,nan
43.6376,6.8685,1.0161,0.1325,163.0725,-0.0000,-80.7665,6.9226,0.7861,0.1401,0.2364,-2.9244,48.9486,44.5368,0.1522,nan,nan,nan,nan
43.6639,6.8685,1.0161,0.1325,163.0725,-0.0000,-80.7664,6.9226,0.7861,0.1400,0.2364,-2.9428,48.9513,44.5345,0.1415,nan,nan,nan,nan
43.6870,6.8685,1.0161,0.1325,163.0725,-0.0000,-80.7664,6.9226,0.7861,0.1400,0.2364,-2.9509,48.9494,44.5341,0.1383,nan,nan,nan,nan
43.7120,6.8685,1.0161,0.1325,163.0725,-0.0000,-80.7664,6.9226,0.7861,0.1400,0.2364,-2.9507,48.9486,44.5339,0.1360,nan,nan,nan,nan
43.7401,6.8685,1.0161,0.1325,163.0725,-0.0001,-80.7664,6.9226,0.7861,0.1401,0.2364,-2.9472,48.9480,44.5331,0.1335,nan,nan,nan,nan
43.7644,6.8685,1.0161,0.1325,163.0725,-0.0001,-80.7664,6.9226,0.7861,0.1401,0.2364,-2.9414,48.9483,44.5337,0.1332,nan,nan,nan,nan
43.7854,6.8685,1.0161,0.1325,163.0725,0.0001,-80.7664,6.9225,0.7861,0.1401,0.2364,-2.9300,48.9486,44.5368,0.1330,nan,nan,nan,nan
43.8135,6.8685,1.0161,0.1325,163.0725,0.0000,-80.7664,6.9225,0.7861,0.1401,0.2364,-2.9131,48.9490,44.5402,0.1321,nan,nan,nan,nan
43.8346,6.8685,1.0161,0.1325,163.0725,0.0000,-80.7664,6.9224,0.7861,0.1401,0.2364,-2.9025,48.9496,44.5415,0.1295,nan,nan,nan,nan
43.8624,6.8685,1.0161,0.1325,163.0725,-0.0000,-80.7664,6.9224,0.7861,0.1401,0.2364,-2.8921,48.9479,44.5427,0.1262,nan,nan,nan,nan
43.8849,6.8685,1.0161,0.1325,163.0725,-0.0000,-80.7664,6.9224,0.7861,0.1401,0.2364,-2.8860,48.9484,44.5417,0.1225,nan,nan,nan,nan
43.9096,6.8685,1.0161,0.1325,163.0725,0.0000,-80.7665,6.9223,0.7861,0.1401,0.2364,-2.8718,48.9482,44.5434,0.1191,nan,nan,nan,nan
43.9366,6.8685,1.0161,0.1325,163.0725,0.0000,-80.7664,6.9223,0.7861,0.1401,0.2363,-2.8563,48.9461,44.5475,0.1138,nan,nan,nan,nan
43.9731,6.8685,1.0161,0.1325,163.0725,0.0000,-80.7664,6.9222,0.7861,0.1402,0.2363,-2.8392,48.9437,44.5507,0.1094,nan,nan,nan,nan
43.9991,6.8685,1.0161,0.1325,163.0725,0.0000,-80.7664,6.9222,0.7861,0.1402,0.2363,-2.8243,48.9406,44.5522,0.1039,nan,nan,nan,nan
44.0202,6.8685,1.0161,0.1325,163.0725,0.0000,-80.7664,6.9221,0.7861,0.1402,0.2363,-2.8110,48.9394,44.5525,0.1014,nan,nan,nan,nan
44.0481,6.8685,1.0161,0.1325,163.0725,-0.0000,-80.7664,6.9220,0.7860,0.1402,0.2363,-2.7892,48.9379,44.5504,0.0985,nan,nan,nan,nan
44.0750,6.8685,1.0161,0.1325,163.0725,-0.0000,-80.7664,6.9219,0.7860,0.1403,0.2364,-2.7678,48.9356,44.5506,0.0961,nan,nan,nan,nan
44.0970,6.8685,1.0161,0.1325,163.0725,-0.0000,-80.7665,6.9219,0.7860,0.1403,0.2364,-2.7617,48.9348,44.5508,0.0943,nan,nan,nan,nan
44.1170,6.8685,1.0161,0.1325,163.0725,0.0000,-80.7664,6.9218,0.7860,0.1403,0.2364,-2.7382,48.9357,44.5458,0.0896,nan,nan,nan,nan
44.1465,6.8685,1.0161,0.1325,163.0725,-0.0000,-80.7664,6.9218,0.7860,0.1404,0.2364,-2.7179,48.9361,44.5411,0.0852,nan,nan,nan,nan
44.1747,6.8685,1.0161,0.1325,163.0725,-0.0000,-80.7665,6.9217,0.7859,0.1404,0.2364,-2.6912,48.9370,44.5378,0.0798,nan,nan,nan,nan
44.1991,6.8685,1.0161,0.1325,163.0727,0.0000,-80.7665,6.9216,0.7859,0.1404,0.2364,-2.6688,48.9370,44.5397,0.0799,nan,nan,nan,nan
44.2218,6.8685,1.0161,0.1325,163.0727,0.0000,-80.7665,6.9215,0.7859,0.1404,0.2364,-2.6612,48.9363,44.5415,0.0797,nan,nan,nan,nan
44.2438,6.8685,1.0161,0.1325,163.0725,0.0000,-80.7665,6.9215,0.7859,0.1404,0.2364,-2.6525,48.9355,44.5427,0.0772,nan,nan,nan,nan
44.2754,6.8685,1.0161,0.1325,163.0725,-0.0000,-80.7665,6.9215,0.7859,0.1404,0.2364,-2.6465,48.9360,44.5454,0.0737,nan,nan,nan,nan
44.3046,6.8685,1.0161,0.1325,163.0725,-0.0000,-80.7665,6.9215,0.7859,0.1404,0.2364,-2.6446,48.9388,44.5477,0.0712,nan,nan,nan,nan
44.3251,6.8685,1.0161,0.1325,163.0725,-0.0000,-80.7665,6.9215,0.7859,0.1404,0.2363,-2.6454,48.9405,44.5497,0.0704,nan,nan,nan,nan
44.3524,6.8685,1.0161,0.1325,163.0725,0.0000,-80.7665,6.9215,0.7859,0.1404,0.2363,-2.6504,48.9410,44.5520,0.0697,nan,nan,nan,nan
44.3827,6.8685,1.0161,0.1325,163.0725,0.0001,-80.7665,6.9215,0.7859,0.1404,0.2363,-2.6580,48.9408,44.5559,0.0684,nan,nan,nan,nan
44.4147,6.8685,1.0161,0.1325,163.0725,0.0001,-80.7665,6.9215,0.7860,0.1403,0.2363,-2.6696,48.9430,44.5616,0.0667,nan,nan,nan,nan
44.4351,6.8685,1.0161,0.1325,163.0725,0.0001,-80.7665,6.9216,0.7860,0.1403,0.2363,-2.6799,48.9447,44.5631,0.0618,nan,nan,nan,nan
44.4605,6.8685,1.0161,0.1325,163.0725,0.0000,-80.7665,6.9216,0.7860,0.1403,0.2363,-2.6871,48.9444,44.5635,0.0588,nan,nan,nan,nan
44.4870,6.8685,1.0161,0.1325,163.0725,-0.0001,-80.7665,6.9217,0.7860,0.1403,0.2363,-2.6990,48.9412,44.5624,0.0553,nan,nan,nan,nan
44.5086,6.8685,1.0161,0.1325,163.0725,-0.0001,-80.7665,6.9217,0.7860,0.1403,0.2363,-2.7107,48.9371,44.5608,0.0453,nan,nan,nan,nan
44.5296,6.8685,1.0161,0.1325,163.0725,-0.0000,-80.7664,6.9217,0.7860,0.1403,0.2363,-2.7151,48.9359,44.5601,0.0402,nan,nan,nan,nan
44.5596,6.8685,1.0161,0.1325,163.0725,0.0000,-80.7665,6.9218,0.7860,0.1403,0.2363,-2.7343,48.9325,44.5588,0.0224,nan,nan,nan,nan
44.5865,6.8685,1.0161,0.1325,163.0725,-0.0000,-80.7665,6.9219,0.7860,0.1403,0.2363,-2.7520,48.9295,44.5586,0.0117,nan,nan,nan,nan
44.6106,6.8685,1.0161,0.1325,163.0725,-0.0000,-80.7665,6.9219,0.7860,0.1403,0.2363,-2.7573,48.9288,44.5598,0.0065,nan,nan,nan,nan
44.6344,6.8685,1.0161,0.1325,163.0725,-0.0000,-80.7665,6.9219,0.7860,0.1403,0.2363,-2.7567,48.9291,44.5616,0.0050,nan,nan,nan,nan
44.6583,6.8685,1.0161,0.1325,163.0725,0.0000,-80.7665,6.9219,0.7860,0.1403,0.2363,-2.7483,48.9308,44.5636,0.0040,nan,nan,nan,nan
44.6815,6.8685,1.0161,0.1325,163.0725,0.0000,-80.7665,6.9218,0.7860,0.1403,0.2363,-2.7401,48.9333,44.5638,0.0047,nan,nan,nan,nan
44.7036,6.8685,1.0161,0.1325,163.0725,0.0000,-80.7664,6.9218,0.7860,0.1403,0.2363,-2.7263,48.9362,44.5640,0.0067,nan,nan,nan,nan
44.7287,6.8685,1.0161,0.1325,163.0725,0.0000,-80.7664,6.9217,0.7860,0.1403,0.2363,-2.7108,48.9370,44.5662,0.0113,nan,nan,nan,nan
44.7497,6.8685,1.0161,0.1325,163.0725,0.0000,-80.7664,6.9217,0.7860,0.1403,0.2363,-2.7029,48.9370,44.5674,0.0138,nan,nan,nan,nan
44.7718,6.8685,1.0161,0.1325,163.0725,0.0000,-80.7664,6.9216,0.7860,0.1403,0.2363,-2.6923,48.9375,44.5659,0.0170,nan,nan,nan,nan
44.8018,6.8685,1.0161,0.1325,163.0725,0.0000,-80.7664,6.9216,0.7860,0.1404,0.2363,-2.6812,48.9385,44.5601,0.0187,nan,nan,nan,nan
44.8256,6.8685,1.0161,0.1325,163.0725,0.0000,-80.7664,6.9216,0.7860,0.1404,0.2363,-2.6748,48.9391,44.5565,0.0182,nan,nan,nan,nan
44.8525,6.8685,1.0161,0.1325,163.0725,-0.0000,-80.7664,6.9216,0.7859,0.1404,0.2363,-2.6679,48.9389,44.5523,0.0183,nan,nan,nan,nan
44.8810,6.8685,1.0161,0.1325,163.0725,0.0000,-80.7664,6.9216,0.7859,0.1404,0.2364,-2.6641,48.9380,44.5492,0.0202,nan,nan,nan,nan
44.9073,6.8685,1.0161,0.1325,163.0725,0.0000,-80.7664,6.9216,0.7859,0.1404,0.2364,-2.6640,48.9367,44.5461,0.0183,nan,nan,nan,nan
44.9299,6.8685,1.0161,0.1325,163.0725,0.0000,-80.7665,6.9216,0.7859,0.1404,0.2364,-2.6644,48.9358,44.5443,0.0182,nan,nan,nan,nan
44.9552,6.8685,1.0161,0.1325,163.0725,0.0000,-80.7665,6.9215,0.7859,0.1404,0.2364,-2.6612,48.9364,44.5406,0.0161,nan,nan,nan,nan
44.9798,6.8685,1.0161,0.1325,163.0732,-0.0000,-80.7665,6.9215,0.7859,0.1404,0.2364,-2.6524,48.9376,44.5375,0.0161,nan,nan,nan,nan
45.0025,6.8685,1.0161,0.1325,163.0732,-0.0000,-80.7665,6.9215,0.7859,0.1405,0.2364,-2.6400,48.9399,44.5325,0.0167,nan,nan,nan,nan
45.0264,6.8685,1.0161,0.1325,163.0732,0.0000,-80.7665,6.9214,0.7859,0.1405,0.2364,-2.6318,48.9418,44.5289,0.0191,nan,nan,nan,nan
45.0533,6.8685,1.0161,0.1325,163.0725,-0.0000,-80.7665,6.9214,0.7858,0.1405,0.2364,-2.6147,48.9450,44.5234,0.0278,nan,nan,nan,nan
45.0779,6.8685,1.0161,0.1325,163.0725,-0.0000,-80.7665,6.9213,0.7858,0.1405,0.2364,-2.5990,48.9477,44.5194,0.0359,nan,nan,nan,nan
45.1037,6.8685,1.0161,0.1325,163.0725,0.0000,-80.7664,6.9212,0.7858,0.1405,0.2364,-2.5618,48.9530,44.5135,0.0495,nan,nan,nan,nan
45.1307,6.8685,1.0161,0.1325,163.0725,0.0001,-80.7664,6.9211,0.7858,0.1405,0.2364,-2.5414,48.9563,44.5116,0.0514,nan,nan,nan,nan
45.1530,6.8685,1.0161,0.1325,163.0725,0.0001,-80.7664,6.9210,0.7857,0.1406,0.2364,-2.5223,48.9599,44.5110,0.0542,nan,nan,nan,nan
45.1779,6.8685,1.0161,0.1325,163.0725,-0.0000,-80.7664,6.9209,0.7857,0.1406,0.2364,-2.5080,48.9622,44.5115,0.0557,nan,nan,nan,nan
45.2022,6.8685,1.0161,0.1325,163.0725,-0.0000,-80.7664,6.9209,0.7857,0.1406,0.2364,-2.4961,48.9643,44.5157,0.0609,nan,nan,nan,nan
45.2303,6.8685,1.0161,0.1325,163.0725,-0.0000,-80.7664,6.9209,0.7858,0.1405,0.2364,-2.4977,48.9649,44.5218,0.0648,nan,nan,nan,nan
45.2575,6.8685,1.0161,0.1325,163.0725,0.0000,-80.7665,6.9209,0.7858,0.1405,0.2364,-2.5085,48.9626,44.5278,0.0727,nan,nan,nan,nan
45.2883,6.8685,1.0161,0.1325,163.0725,-0.0000,-80.7665,6.9210,0.7858,0.1405,0.2364,-2.5277,48.9573,44.5368,0.0870,nan,nan,nan,nan
45.3250,6.8685,1.0161,0.1325,163.0725,0.0000,-80.7664,6.9211,0.7858,0.1405,0.2363,-2.5460,48.9525,44.5496,0.0872,nan,nan,nan,nan
45.3514,6.8685,1.0161,0.1325,163.0726,-0.0000,-80.7664,6.9211,0.7859,0.1405,0.2363,-2.5649,48.9504,44.5563,0.0768,nan,nan,nan,nan
45.3736,6.8685,1.0161,0.1325,163.0726,-0.0000,-80.7664,6.9212,0.7859,0.1404,0.2363,-2.5761,48.9506,44.5583,0.0701,nan,nan,nan,nan
45.3966,6.8685,1.0161,0.1325,163.0725,-0.0000,-80.7664,6.9212,0.7859,0.1404,0.2363,-2.5909,48.9516,44.5603,0.0646,nan,nan,nan,nan
45.4333,6.8685,1.0161,0.1325,163.0726,-0.0000,-80.7665,6.9213,0.7859,0.1404,0.2363,-2.6066,48.9532,44.5573,0.0596,nan,nan,nan,nan
45.4558,6.8685,1.0161,0.1325,163.0726,-0.0000,-80.7665,6.9214,0.7859,0.1404,0.2363,-2.6255,48.9538,44.5509,0.0532,nan,nan,nan,nan
45.4800,6.8685,1.0161,0.1325,163.0725,0.0001,-80.7665,6.9215,0.7859,0.1404,0.2363,-2.6388,48.9543,44.5470,0.0485,nan,nan,nan,nan
45.5010,6.8685,1.0161,0.1325,163.0725,0.0000,-80.7664,6.9215,0.7859,0.1403,0.2363,-2.6576,48.9552,44.5435,0.0413,nan,nan,nan,nan
45.5280,6.8685,1.0161,0.1325,163.0725,0.0000,-80.7664,6.9216,0.7860,0.1403,0.2363,-2.6768,48.9558,44.5458,0.0384,nan,nan,nan,nan
45.5550,6.8685,1.0161,0.1325,163.0725,0.0000,-80.7664,6.9216,0.7860,0.1403,0.2363,-2.6840,48.9571,44.5487,0.0350,nan,nan,nan,nan
45.5811,6.8685,1.0161,0.1325,163.0725,-0.0000,-80.7665,6.9216,0.7860,0.1403,0.2363,-2.6862,48.9569,44.5511,0.0337,nan,nan,nan,nan
45.6051,6.8685,1.0161,0.1325,163.0725,0.0000,-80.7665,6.9216,0.7860,0.1403,0.2363,-2.6868,48.9552,44.5521,0.0304,nan,nan,nan,nan
45.6294,6.8685,1.0161,0.1325,163.0725,-0.0001,-80.7664,6.9216,0.7860,0.1403,0.2363,-2.6851,48.9535,44.5524,0.0241,nan,nan,nan,nan
45.6510,6.8685,1.0161,0.1325,163.0725,-0.0001,-80.7664,6.9216,0.7860,0.1403,0.2363,-2.6848,48.9533,44.5529,0.0213,nan,nan,nan,nan
45.6746,6.8685,1.0161,0.1325,163.0725,-0.0000,-80.7665,6.9216,0.7860,0.1403,0.2363,-2.6887,48.9526,44.5542,0.0116,nan,nan,nan,nan
45.6951,6.8685,1.0161,0.1325,163.0725,0.0000,-80.7665,6.9216,0.7860,0.1403,0.2363,-2.6916,48.9522,44.5546,0.0056,nan,nan,nan,nan
45.7324,6.8685,1.0161,0.1325,163.0725,0.0000,-80.7665,6.9216,0.7860,0.1403,0.2363,-2.6970,48.9524,44.5551,-0.0011,nan,nan,nan,nan
45.7699,6.8685,1.0161,0.1325,163.0725,-0.0000,-80.7665,6.9217,0.7860,0.1403,0.2363,-2.7035,48.9526,44.5561,-0.0057,nan,nan,nan,nan
45.7920,6.8685,1.0161,0.1325,163.0725,-0.0000,-80.7665,6.9217,0.7860,0.1403,0.2363,-2.7038,48.9526,44.5572,-0.0052,nan,nan,nan,nan
45.8136,6.8685,1.0161,0.1325,163.0725,-0.0000,-80.7665,6.9217,0.7860,0.1403,0.2363,-2.7034,48.9527,44.5576,-0.0049,nan,nan,nan,nan
45.8403,6.8685,1.0161,0.1325,163.0727,-0.0000,-80.7665,6.9216,0.7860,0.1403,0.2363,-2.6947,48.9536,44.5608,-0.0047,nan,nan,nan,nan
45.8720,6.8685,1.0161,0.1325,163.0725,-0.0000,-80.7664,6.9216,0.7860,0.1403,0.2363,-2.6858,48.9535,44.5650,-0.0080,nan,nan,nan,nan
45.8925,6.8685,1.0161,0.1325,163.0725,-0.0000,-80.7664,6.9216,0.7860,0.1403,0.2363,-2.6790,48.9510,44.5687,-0.0106,nan,nan,nan,nan
45.9219,6.8685,1.0161,0.1325,163.0725,-0.0000,-80.7664,6.9216,0.7860,0.1403,0.2363,-2.6768,48.9500,44.5688,-0.0107,nan,nan,nan,nan
45.9549,6.8685,1.0161,0.1325,163.0725,0.0000,-80.7664,6.9215,0.7860,0.1403,0.2363,-2.6691,48.9461,44.5667,-0.0099,nan,nan,nan,nan
45.9778,6.8685,1.0161,0.1325,163.0725,0.0000,-80.7664,6.9215,0.7860,0.1403,0.2363,-2.6660,48.9443,44.5655,-0.0080,nan,nan,nan,nan
45.9984,6.8685,1.0161,0.1325,163.0725,0.0000,-80.7664,6.9215,0.7860,0.1403,0.2363,-2.6562,48.9431,44.5692,-0.0034,nan,nan,nan,nan
46.0218,6.8685,1.0161,0.1325,163.0725,0.0000,-80.7664,6.9215,0.7860,0.1403,0.2363,-2.6506,48.9425,44.5726,-0.0022,nan,nan,nan,nan
46.0536,6.8685,1.0161,0.1325,163.0725,-0.0000,-80.7664,6.9214,0.7860,0.1404,0.2363,-2.6378,48.9398,44.5760,-0.0037,nan,nan,nan,nan
46.0788,6.8685,1.0161,0.1325,163.0725,0.0001,-80.7664,6.9214,0.7860,0.1404,0.2363,-2.6212,48.9409,44.5735,-0.0094,nan,nan,nan,nan
46.1011,6.8685,1.0161,0.1325,163.0725,0.0001,-80.7664,6.9213,0.7859,0.1404,0.2363,-2.6109,48.9419,44.5737,-0.0138,nan,nan,nan,nan
46.1241,6.8685,1.0161,0.1325,163.0725,-0.0000,-80.7664,6.9212,0.7859,0.1404,0.2363,-2.5924,48.9418,44.5763,-0.0156,nan,nan,nan,nan
46.1548,6.8685,1.0161,0.1325,163.0725,0.0000,-80.7664,6.9212,0.7859,0.1404,0.2363,-2.5740,48.9426,44.5750,-0.0113,nan,nan,nan,nan
46.1817,6.8685,1.0161,0.1325,163.0725,0.0000,-80.7664,6.9211,0.7859,0.1405,0.2363,-2.5618,48.9437,44.5744,-0.0106,nan,nan,nan,nan
46.2040,6.8685,1.0161,0.1325,163.0725,0.0000,-80.7664,6.9211,0.7859,0.1405,0.2363,-2.5440,48.9452,44.5747,-0.0055,nan,nan,nan,nan
46.2329,6.8685,1.0161,0.1325,163.0725,0.0000,-80.7664,6.9210,0.7859,0.1405,0.2363,-2.5300,48.9467,44.5759,0.0038,nan,nan,nan,nan
46.2561,6.8685,1.0161,0.1325,163.0725,0.0000,-80.7664,6.9210,0.7859,0.1405,0.2363,-2.5237,48.9483,44.5772,0.0088,nan,nan,nan,nan
46.2784,6.8685,1.0161,0.1325,163.0725,-0.0000,-80.7665,6.9210,0.7859,0.1405,0.2363,-2.5214,48.9514,44.5776,0.0120,nan,nan,nan,nan
46.3162,6.8685,1.0161,0.1325,163.0725,0.0000,-80.7664,6.9210,0.7859,0.1404,0.2363,-2.5259,48.9538,44.5779,0.0136,nan,nan,nan,nan
46.3408,6.8685,1.0161,0.1325,163.0725,0.0000,-80.7664,6.9210,0.7859,0.1404,0.2363,-2.5298,48.9555,44.5763,0.0170,nan,nan,nan,nan
46.3683,6.8685,1.0161,0.1325,163.0725,0.0000,-80.7665,6.9210,0.7859,0.1404,0.2363,-2.5304,48.9558,44.5760,0.0177,nan,nan,nan,nan
46.3977,6.8685,1.0161,0.1325,163.0725,-0.0001,-80.7665,6.9210,0.7859,0.1404,0.2363,-2.5314,48.9550,44.5791,0.0170,nan,nan,nan,nan
46.4210,6.8685,1.0161,0.1325,163.0725,-0.0001,-80.7665,6.9210,0.7859,0.1404,0.2362,-2.5325,48.9543,44.5805,0.0147,nan,nan,nan,nan
46.4428,6.8685,1.0161,0.1325,163.0725,-0.0000,-80.7665,6.9210,0.7859,0.1404,0.2362,-2.5351,48.9539,44.5814,0.0123,nan,nan,nan,nan
46.4685,6.8685,1.0161,0.1325,163.0725,0.0000,-80.7664,6.9210,0.7859,0.1404,0.2363,-2.5388,48.9559,44.5789,0.0099,nan,nan,nan,nan
46.5017,6.8685,1.0161,0.1325,163.0725,-0.0000,-80.7664,6.9210,0.7859,0.1404,0.2363,-2.5442,48.9567,44.5729,0.0058,nan,nan,nan,nan
46.5345,6.8685,1.0161,0.1325,163.0725,-0.0000,-80.7665,6.9211,0.7859,0.1404,0.2363,-2.5544,48.9584,44.5682,0.0043,nan,nan,nan,nan
46.5598,6.8685,1.0161,0.1325,163.0725,-0.0000,-80.7665,6.9211,0.7859,0.1404,0.2363,-2.5697,48.9618,44.5613,0.0039,nan,nan,nan,nan
46.5815,6.8685,1.0161,0.1325,163.0725,0.0000,-80.7665,6.9212,0.7859,0.1404,0.2363,-2.5764,48.9628,44.5588,0.0045,nan,nan,nan,nan
46.6126,6.8685,1.0161,0.1325,163.0731,0.0001,-80.7665,6.9213,0.7859,0.1404,0.2363,-2.6082,48.9644,44.5545,0.0032,nan,nan,nan,nan
46.6373,6.8685,1.0161,0.1325,163.0731,0.0001,-80.7665,6.9214,0.7859,0.1403,0.2363,-2.6269,48.9639,44.5547,0.0016,nan,nan,nan,nan
46.6645,6.8685,1.0161,0.1325,163.0725,-0.0000,-80.7664,6.9215,0.7860,0.1403,0.2363,-2.6477,48.9639,44.5548,0.0004,nan,nan,nan,nan
46.6856,6.8685,1.0161,0.1325,163.0725,-0.0000,-80.7665,6.9216,0.7860,0.1403,0.2363,-2.6893,48.9647,44.5532,0.0032,nan,nan,nan,nan
46.7176,6.8685,1.0161,0.1325,163.0725,0.0000,-80.7664,6.9217,0.7860,0.1402,0.2363,-2.7264,48.9684,44.5516,0.0054,nan,nan,nan,nan
46.7397,6.8685,1.0161,0.1325,163.0725,0.0000,-80.7664,6.9218,0.7860,0.1402,0.2363,-2.7500,48.9722,44.5536,0.0069,nan,nan,nan,nan
46.7666,6.8685,1.0161,0.1325,163.0725,0.0000,-80.7664,6.9219,0.7861,0.1401,0.2363,-2.7633,48.9747,44.5542,0.0092,nan,nan,nan,nan
46.7898,6.8685,1.0161,0.1325,163.0725,0.0000,-80.7664,6.9219,0.7861,0.1401,0.2363,-2.7758,48.9765,44.5526,0.0134,nan,nan,nan,nan
46.8169,6.8685,1.0161,0.1325,163.0725,0.0000,-80.7664,6.9219,0.7861,0.1401,0.2363,-2.7811,48.9764,44.5518,0.0126,nan,nan,nan,nan
46.8445,6.8685,1.0161,0.1325,163.0725,0.0000,-80.7665,6.9219,0.7861,0.1401,0.2363,-2.7819,48.9765,44.5504,0.0129,nan,nan,nan,nan
46.8674,6.8685,1.0161,0.1325,163.0725,-0.0000,-80.7665,6.9219,0.7861,0.1401,0.2363,-2.7815,48.9774,44.5496,0.0135,nan,nan,nan,nan
46.8964,6.8685,1.0161,0.1325,163.0725,0.0001,-80.7665,6.9219,0.7861,0.1401,0.2363,-2.7860,48.9819,44.5490,0.0154,nan,nan,nan,nan
46.9227,6.8685,1.0161,0.1325,163.0726,-0.0001,-80.7665,6.9220,0.7861,0.1400,0.2363,-2.8013,48.9871,44.5475,0.0104,nan,nan,nan,nan
46.9447,6.8685,1.0161,0.1325,163.0726,-0.0001,-80.7665,6.9221,0.7861,0.1400,0.2363,-2.8113,48.9888,44.5455,0.0064,nan,nan,nan,nan
46.9690,6.8685,1.0161,0.1325,163.0725,-0.0000,-80.7665,6.9221,0.7861,0.1400,0.2363,-2.8265,48.9918,44.5422,0.0023,nan,nan,nan,nan
46.9940,6.8685,1.0161,0.1325,163.0725,0.0000,-80.7665,6.9222,0.7861,0.1400,0.2363,-2.8434,48.9952,44.5379,-0.0038,nan,nan,nan,nan
47.0189,6.8685,1.0161,0.1325,163.0725,-0.0000,-80.7665,6.9222,0.7861,0.1399,0.2363,-2.8667,49.0011,44.5334,-0.0073,nan,nan,nan,nan
47.0421,6.8685,1.0161,0.1325,163.0725,-0.0000,-80.7665,6.9223,0.7861,0.1399,0.2363,-2.8767,49.0040,44.5310,-0.0076,nan,nan,nan,nan
47.0706,6.8685,1.0161,0.1325,163.0725,-0.0000,-80.7664,6.9223,0.7861,0.1399,0.2363,-2.8937,49.0062,44.5276,-0.0090,nan,nan,nan,nan
47.0942,6.8685,1.0161,0.1325,163.0725,0.0000,-80.7664,6.9224,0.7862,0.1399,0.2363,-2.9133,49.0069,44.5252,-0.0079,nan,nan,nan,nan
47.1163,6.8685,1.0161,0.1325,163.0725,0.0000,-80.7664,6.9225,0.7862,0.1399,0.2363,-2.9339,49.0044,44.5237,-0.0078,nan,nan,nan,nan
47.1380,6.8685,1.0161,0.1325,163.0725,-0.0000,-80.7664,6.9226,0.7862,0.1399,0.2363,-2.9403,49.0041,44.5228,-0.0088,nan,nan,nan,nan
47.1707,6.8685,1.0161,0.1325,163.0725,-0.0000,-80.7664,6.9226,0.7862,0.1399,0.2363,-2.9625,49.0025,44.5187,-0.0111,nan,nan,nan,nan
47.2009,6.8685,1.0161,0.1325,163.0725,-0.0000,-80.7664,6.9227,0.7862,0.1398,0.2364,-2.9803,49.0011,44.5130,-0.0116,nan,nan,nan,nan
47.2325,6.8685,1.0161,0.1325,163.0725,-0.0000,-80.7665,6.9228,0.7862,0.1398,0.2364,-2.9984,48.9995,44.5105,-0.0213,nan,nan,nan,nan
47.2685,6.8685,1.0161,0.1325,163.0725,0.0000,-80.7665,6.9229,0.7862,0.1398,0.2364,-3.0194,48.9975,44.5058,-0.0233,nan,nan,nan,nan
47.2931,6.8685,1.0161,0.1325,163.0725,0.0000,-80.7665,6.9230,0.7862,0.1398,0.2364,-3.0326,48.9953,44.5040,-0.0244,nan,nan,nan,nan
47.3156,6.8685,1.0161,0.1325,163.0725,0.0000,-80.7664,6.9230,0.7862,0.1398,0.2364,-3.0546,48.9920,44.5016,-0.0277,nan,nan,nan,nan
47.3443,6.8685,1.0161,0.1325,163.0725,0.0000,-80.7665,6.9231,0.7862,0.1398,0.2364,-3.0773,48.9901,44.5003,-0.0310,nan,nan,nan,nan
47.3718,6.8685,1.0161,0.1325,163.0725,-0.0000,-80.7665,6.9232,0.7862,0.1398,0.2364,-3.0990,48.9873,44.5032,-0.0369,nan,nan,nan,nan
47.3987,6.8685,1.0161,0.1325,163.0725,-0.0000,-80.7665,6.9232,0.7862,0.1398,0.2364,-3.1067,48.9868,44.5015,-0.0428,nan,nan,nan,nan
47.4210,6.8685,1.0161,0.1325,163.0725,0.0000,-80.7664,6.9232,0.7862,0.1398,0.2364,-3.1077,48.9865,44.5008,-0.0446,nan,nan,nan,nan
47.4426,6.8685,1.0161,0.1325,163.0725,0.0000,-80.7664,6.9232,0.7862,0.1398,0.2364,-3.1068,48.9850,44.4968,-0.0535,nan,nan,nan,nan
47.4704,6.8685,1.0161,0.1325,163.0725,0.0000,-80.7664,6.9232,0.7862,0.1398,0.2364,-3.1017,48.9835,44.4945,-0.0620,nan,nan,nan,nan
47.4910,6.8685,1.0161,0.1325,163.0725,-0.0000,-80.7664,6.9232,0.7862,0.1398,0.2364,-3.0938,48.9831,44.4939,-0.0695,nan,nan,nan,nan
47.5118,6.8685,1.0161,0.1325,163.0725,-0.0000,-80.7664,6.9232,0.7862,0.1398,0.2364,-3.0908,48.9826,44.4930,-0.0728,nan,nan,nan,nan
47.5345,6.8685,1.0161,0.1325,163.0725,-0.0000,-80.7664,6.9232,0.7862,0.1398,0.2364,-3.0886,48.9827,44.4926,-0.0727,nan,nan,nan,nan
47.5547,6.8685,1.0161,0.1325,163.0725,0.0000,-80.7664,6.9232,0.7862,0.1398,0.2364,-3.0875,48.9815,44.4946,-0.0718,nan,nan,nan,nan
47.5811,6.8685,1.0161,0.1325,163.0725,0.0000,-80.7665,6.9232,0.7862,0.1398,0.2364,-3.0890,48.9794,44.4997,-0.0749,nan,nan,nan,nan
47.6072,6.8685,1.0161,0.1325,163.0725,0.0000,-80.7665,6.9232,0.7862,0.1398,0.2364,-3.0938,48.9770,44.5086,-0.0826,nan,nan,nan,nan
47.6284,6.8685,1.0161,0.1325,163.0725,0.0000,-80.7665,6.9232,0.7863,0.1398,0.2364,-3.0963,48.9755,44.5152,-0.0884,nan,nan,nan,nan
47.6596,6.8685,1.0161,0.1325,163.0725,0.0001,-80.7665,6.9232,0.7863,0.1398,0.2364,-3.0981,48.9738,44.5240,-0.0909,nan,nan,nan,nan
47.6834,6.8685,1.0161,0.1325,163.0725,0.0001,-80.7665,6.9232,0.7863,0.1398,0.2364,-3.0971,48.9708,44.5301,-0.0918,nan,nan,nan,nan
47.7113,6.8685,1.0161,0.1325,163.0725,-0.0000,-80.7665,6.9231,0.7863,0.1398,0.2363,-3.0914,48.9684,44.5351,-0.0901,nan,nan,nan,nan
47.7434,6.8685,1.0161,0.1325,163.0725,0.0000,-80.7665,6.9231,0.7863,0.1398,0.2363,-3.0792,48.9670,44.5433,-0.0903,nan,nan,nan,nan
47.7753,6.8685,1.0161,0.1325,163.0725,0.0000,-80.7665,6.9230,0.7863,0.1398,0.2363,-3.0620,48.9669,44.5481,-0.0895,nan,nan,nan,nan
47.7985,6.8685,1.0161,0.1325,163.0725,0.0000,-80.7665,6.9230,0.7863,0.1398,0.2363,-3.0501,48.9677,44.5502,-0.0868,nan,nan,nan,nan
47.8191,6.8685,1.0161,0.1325,163.0725,0.0000,-80.7664,6.9229,0.7863,0.1398,0.2363,-3.0392,48.9682,44.5538,-0.0851,nan,nan,nan,nan
47.8468,6.8685,1.0161,0.1325,163.0725,-0.0000,-80.7665,6.9229,0.7863,0.1398,0.2363,-3.0331,48.9691,44.5538,-0.0872,nan,nan,nan,nan
47.8705,6.8685,1.0161,0.1325,163.0725,-0.0000,-80.7665,6.9229,0.7863,0.1398,0.2363,-3.0266,48.9706,44.5536,-0.0937,nan,nan,nan,nan
47.8922,6.8685,1.0161,0.1325,163.0725,0.0000,-80.7665,6.9229,0.7863,0.1398,0.2363,-3.0253,48.9711,44.5538,-0.0948,nan,nan,nan,nan
47.9204,6.8685,1.0161,0.1325,163.0725,0.0000,-80.7665,6.9228,0.7863,0.1398,0.2363,-3.0201,48.9741,44.5583,-0.0935,nan,nan,nan,nan
47.9480,6.8685,1.0161,0.1325,163.0725,0.0000,-80.7665,6.9228,0.7863,0.1398,0.2363,-3.0156,48.9767,44.5623,-0.0951,nan,nan,nan,nan
47.9748,6.8685,1.0161,0.1325,163.0725,-0.0000,-80.7665,6.9228,0.7863,0.1398,0.2363,-3.0129,48.9781,44.5643,-0.0964,nan,nan,nan,nan
48.0071,6.8685,1.0161,0.1325,163.0726,-0.0000,-80.7665,6.9228,0.7863,0.1398,0.2363,-3.0079,48.9805,44.5661,-0.0975,nan,nan,nan,nan
48.0296,6.8685,1.0161,0.1325,163.0726,-0.0000,-80.7665,6.9228,0.7863,0.1398,0.2363,-3.0049,48.9821,44.5652,-0.0984,nan,nan,nan,nan
48.0577,6.8685,1.0161,0.1325,163.0725,-0.0000,-80.7663,6.9227,0.7863,0.1398,0.2363,-3.0009,48.9839,44.5637,-0.1005,nan,nan,nan,nan
48.0909,6.8685,1.0161,0.1325,163.0725,-0.0001,-80.7664,6.9227,0.7863,0.1398,0.2363,-2.9899,48.9871,44.5586,-0.1038,nan,nan,nan,nan
48.1170,6.8685,1.0161,0.1325,163.0725,-0.0001,-80.7664,6.9227,0.7863,0.1398,0.2363,-2.9827,48.9887,44.5563,-0.1070,nan,nan,nan,nan
48.1389,6.8685,1.0161,0.1325,163.0725,0.0001,-80.7664,6.9226,0.7863,0.1398,0.2363,-2.9697,48.9903,44.5541,-0.1089,nan,nan,nan,nan
48.1750,6.8685,1.0161,0.1325,163.0725,0.0000,-80.7664,6.9226,0.7862,0.1398,0.2363,-2.9587,48.9913,44.5541,-0.1086,nan,nan,nan,nan
48.2038,6.8685,1.0161,0.1325,163.0726,0.0000,-80.7665,6.9225,0.7862,0.1398,0.2363,-2.9455,48.9921,44.5553,-0.1112,nan,nan,nan,nan
48.2392,6.8685,1.0161,0.1325,163.0725,0.0000,-80.7665,6.9225,0.7862,0.1398,0.2363,-2.9369,48.9920,44.5559,-0.1134,nan,nan,nan,nan
48.2617,6.8685,1.0161,0.1325,163.0725,0.0000,-80.7665,6.9225,0.7862,0.1398,0.2363,-2.9337,48.9929,44.5558,-0.1107,nan,nan,nan,nan
48.2849,6.8685,1.0161,0.1325,163.0725,-0.0001,-80.7664,6.9225,0.7862,0.1398,0.2363,-2.9326,48.9940,44.5546,-0.1088,nan,nan,nan,nan
48.3137,6.8685,1.0161,0.1325,163.0725,-0.0000,-80.7664,6.9225,0.7862,0.1398,0.2363,-2.9335,48.9956,44.5526,-0.1050,nan,nan,nan,nan
48.3450,6.8685,1.0161,0.1325,163.0725,0.0001,-80.7665,6.9225,0.7862,0.1398,0.2363,-2.9406,48.9959,44.5487,-0.1022,nan,nan,nan,nan
48.3745,6.8685,1.0161,0.1325,163.0725,0.0001,-80.7665,6.9226,0.7862,0.1398,0.2363,-2.9504,48.9957,44.5473,-0.1030,nan,nan,nan,nan
48.3990,6.8685,1.0161,0.1325,163.0725,0.0000,-80.7665,6.9226,0.7862,0.1398,0.2363,-2.9572,48.9962,44.5477,-0.1067,nan,nan,nan,nan
48.4222,6.8685,1.0161,0.1325,163.0725,0.0000,-80.7665,6.9226,0.7862,0.1398,0.2363,-2.9650,48.9976,44.5487,-0.1141,nan,nan,nan,nan
48.4431,6.8685,1.0161,0.1325,163.0725,0.0000,-80.7665,6.9226,0.7863,0.1398,0.2363,-2.9737,48.9995,44.5487,-0.1193,nan,nan,nan,nan
48.4695,6.8685,1.0161,0.1325,163.0725,0.0000,-80.7664,6.9227,0.7863,0.1398,0.2363,-2.9768,49.0008,44.5479,-0.1199,nan,nan,nan,nan
48.4988,6.8685,1.0161,0.1325,163.0725,0.0000,-80.7664,6.9227,0.7863,0.1398,0.2363,-2.9892,49.0034,44.5462,-0.1185,nan,nan,nan,nan
48.5359,6.8685,1.0161,0.1325,163.0725,0.0000,-80.7665,6.9227,0.7863,0.1398,0.2363,-2.9961,49.0015,44.5479,-0.1186,nan,nan,nan,nan
48.5665,6.8685,1.0161,0.1325,163.0725,-0.0001,-80.7664,6.9227,0.7863,0.1398,0.2363,-2.9927,48.9994,44.5527,-0.1241,nan,nan,nan,nan
48.5937,6.8685,1.0161,0.1325,163.0725,-0.0001,-80.7664,6.9227,0.7863,0.1398,0.2363,-2.9865,48.9992,44.5541,-0.1268,nan,nan,nan,nan
48.6148,6.8685,1.0161,0.1325,163.0725,0.0000,-80.7665,6.9226,0.7863,0.1398,0.2363,-2.9706,48.9988,44.5532,-0.1321,nan,nan,nan,nan
48.6377,6.8685,1.0161,0.1325,163.0725,0.0000,-80.7664,6.9226,0.7862,0.1398,0.2363,-2.9585,48.9980,44.5523,-0.1342,nan,nan,nan,nan
48.6736,6.8685,1.0161,0.1325,163.0725,-0.0000,-80.7664,6.9225,0.7862,0.1399,0.2363,-2.9247,48.9963,44.5493,-0.1392,nan,nan,nan,nan
48.6963,6.8685,1.0161,0.1325,163.0725,-0.0000,-80.7664,6.9223,0.7862,0.1399,0.2363,-2.8906,48.9947,44.5479,-0.1467,nan,nan,nan,nan
48.7255,6.8685,1.0161,0.1325,163.0725,0.0000,-80.7665,6.9222,0.7861,0.1400,0.2363,-2.8658,48.9927,44.5460,-0.1533,nan,nan,nan,nan
48.7518,6.8685,1.0161,0.1325,163.0725,-0.0000,-80.7664,6.9221,0.7861,0.1400,0.2363,-2.8271,48.9896,44.5427,-0.1623,nan,nan,nan,nan
48.7723,6.8685,1.0161,0.1325,163.0725,-0.0000,-80.7664,6.9220,0.7861,0.1401,0.2363,-2.8019,48.9878,44.5416,-0.1687,nan,nan,nan,nan
48.7967,6.8685,1.0161,0.1325,163.0725,0.0000,-80.7664,6.9219,0.7860,0.1401,0.2363,-2.7678,48.9850,44.5409,-0.1737,nan,nan,nan,nan
48.8252,6.8685,1.0161,0.1325,163.0725,-0.0000,-80.7665,6.9218,0.7860,0.1402,0.2363,-2.7394,48.9824,44.5402,-0.1783,nan,nan,nan,nan
48.8590,6.8685,1.0161,0.1325,163.0725,-0.0000,-80.7664,6.9217,0.7860,0.1402,0.2363,-2.7088,48.9781,44.5387,-0.1858,nan,nan,nan,nan
48.8823,6.8685,1.0161,0.1325,163.0725,-0.0000,-80.7664,6.9216,0.7860,0.1402,0.2363,-2.6894,48.9752,44.5401,-0.1869,nan,nan,nan,nan
48.9037,6.8685,1.0161,0.1325,163.0725,0.0000,-80.7665,6.9216,0.7860,0.1403,0.2363,-2.6770,48.9715,44.5439,-0.1870,nan,nan,nan,nan
48.9262,6.8685,1.0161,0.1325,163.0725,0.0000,-80.7664,6.9215,0.7860,0.1403,0.2363,-2.6695,48.9700,44.5473,-0.1861,nan,nan,nan,nan
48.9523,6.8685,1.0161,0.1325,163.0725,0.0000,-80.7664,6.9215,0.7860,0.1403,0.2363,-2.6569,48.9712,44.5476,-0.1791,nan,nan,nan,nan
48.9786,6.8685,1.0161,0.1325,163.0725,0.0001,-80.7665,6.9214,0.7859,0.1403,0.2363,-2.6489,48.9708,44.5474,-0.1748,nan,nan,nan,nan
49.0038,6.8685,1.0161,0.1325,163.0725,-0.0000,-80.7665,6.9214,0.7859,0.1403,0.2363,-2.6392,48.9707,44.5467,-0.1696,nan,nan,nan,nan
49.0280,6.8685,1.0161,0.1325,163.0725,-0.0000,-80.7664,6.9214,0.7859,0.1403,0.2363,-2.6304,48.9720,44.5508,-0.1592,nan,nan,nan,nan
49.0629,6.8685,1.0161,0.1325,163.0725,-0.0000,-80.7664,6.9214,0.7859,0.1403,0.2363,-2.6284,48.9740,44.5508,-0.1474,nan,nan,nan,nan
49.0871,6.8685,1.0161,0.1325,163.0725,-0.0000,-80.7665,6.9214,0.7860,0.1403,0.2363,-2.6393,48.9729,44.5531,-0.1450,nan,nan,nan,nan
49.1158,6.8685,1.0161,0.1325,163.0725,0.0000,-80.7665,6.9215,0.7860,0.1403,0.2363,-2.6603,48.9670,44.5512,-0.1416,nan,nan,nan,nan
49.1360,6.8685,1.0161,0.1325,163.0725,0.0000,-80.7665,6.9216,0.7860,0.1403,0.2363,-2.6834,48.9637,44.5453,-0.1354,nan,nan,nan,nan
49.1604,6.8685,1.0161,0.1325,163.0725,-0.0000,-80.7665,6.9217,0.7860,0.1403,0.2363,-2.7002,48.9611,44.5430,-0.1289,nan,nan,nan,nan
49.1974,6.8685,1.0161,0.1325,163.0725,0.0001,-80.7664,6.9218,0.7860,0.1403,0.2363,-2.7228,48.9579,44.5407,-0.1200,nan,nan,nan,nan
49.2198,6.8685,1.0161,0.1325,163.0725,0.0001,-80.7664,6.9218,0.7860,0.1403,0.2364,-2.7465,48.9552,44.5376,-0.1131,nan,nan,nan,nan
49.2415,6.8685,1.0161,0.1325,163.0725,0.0001,-80.7664,6.9219,0.7860,0.1402,0.2364,-2.7549,48.9543,44.5365,-0.1127,nan,nan,nan,nan
49.2786,6.8685,1.0161,0.1325,163.0725,-0.0000,-80.7665,6.9220,0.7860,0.1402,0.2364,-2.7942,48.9504,44.5304,-0.1131,nan,nan,nan,nan
49.3029,6.8685,1.0161,0.1325,163.0725,-0.0000,-80.7665,6.9222,0.7860,0.1402,0.2364,-2.8197,48.9463,44.5275,-0.1136,nan,nan,nan,nan
49.3234,6.8685,1.0161,0.1325,163.0725,0.0000,-80.7665,6.9222,0.7860,0.1402,0.2364,-2.8264,48.9450,44.5272,-0.1139,nan,nan,nan,nan
49.3459,6.8685,1.0161,0.1325,163.0725,0.0000,-80.7665,6.9222,0.7860,0.1402,0.2364,-2.8360,48.9432,44.5265,-0.1143,nan,nan,nan,nan
49.3674,6.8685,1.0161,0.1325,163.0725,0.0000,-80.7665,6.9223,0.7860,0.1402,0.2364,-2.8419,48.9395,44.5244,-0.1154,nan,nan,nan,nan
49.3972,6.8685,1.0161,0.1325,163.0725,0.0000,-80.7665,6.9223,0.7860,0.1403,0.2364,-2.8411,48.9346,44.5209,-0.1147,nan,nan,nan,nan
49.4333,6.8685,1.0161,0.1325,163.0728,0.0001,-80.7664,6.9223,0.7860,0.1403,0.2365,-2.8384,48.9308,44.5130,-0.1164,nan,nan,nan,nan
49.4714,6.8685,1.0161,0.1325,163.0725,0.0000,-80.7664,6.9223,0.7860,0.1403,0.2365,-2.8396,48.9247,44.5110,-0.1173,nan,nan,nan,nan
49.4946,6.8685,1.0161,0.1325,163.0725,0.0000,-80.7664,6.9223,0.7860,0.1403,0.2365,-2.8407,48.9209,44.5085,-0.1217,nan,nan,nan,nan
49.5223,6.8685,1.0161,0.1325,163.0725,0.0000,-80.7664,6.9223,0.7860,0.1404,0.2365,-2.8408,48.9194,44.5076,-0.1240,nan,nan,nan,nan
49.5532,6.8685,1.0161,0.1325,163.0725,0.0000,-80.7664,6.9223,0.7860,0.1404,0.2365,-2.8456,48.9141,44.5035,-0.1313,nan,nan,nan,nan
49.5735,6.8685,1.0161,0.1325,163.0725,0.0000,-80.7664,6.9224,0.7860,0.1404,0.2365,-2.8522,48.9111,44.5026,-0.1334,nan,nan,nan,nan
49.5938,6.8685,1.0161,0.1325,163.0725,-0.0001,-80.7664,6.9224,0.7860,0.1404,0.2365,-2.8645,48.9083,44.4987,-0.1288,nan,nan,nan,nan
49.6191,6.8685,1.0161,0.1325,163.0725,-0.0001,-80.7665,6.9225,0.7860,0.1404,0.2365,-2.8801,48.9036,44.4930,-0.1232,nan,nan,nan,nan
49.6457,6.8685,1.0161,0.1325,163.0726,0.0001,-80.7664,6.9225,0.7859,0.1404,0.2366,-2.8880,48.9014,44.4886,-0.1220,nan,nan,nan,nan
49.6845,6.8685,1.0161,0.1325,163.0725,0.0000,-80.7665,6.9225,0.7859,0.1404,0.2366,-2.8935,48.8986,44.4842,-0.1143,nan,nan,nan,nan
49.7123,6.8685,1.0161,0.1325,163.0725,0.0000,-80.7665,6.9226,0.7859,0.1404,0.2366,-2.8944,48.8968,44.4821,-0.1066,nan,nan,nan,nan
49.7357,6.8685,1.0161,0.1325,163.0725,0.0000,-80.7665,6.9226,0.7859,0.1404,0.2366,-2.8942,48.8964,44.4789,-0.1031,nan,nan,nan,nan
49.7730,6.8685,1.0161,0.1325,163.0727,-0.0000,-80.7665,6.9226,0.7859,0.1404,0.2366,-2.8931,48.8963,44.4744,-0.0992,nan,nan,nan,nan
49.7993,6.8685,1.0161,0.1325,163.0727,-0.0000,-80.7665,6.9226,0.7859,0.1404,0.2366,-2.8955,48.8954,44.4734,-0.0992,nan,nan,nan,nan
49.8281,6.8685,1.0161,0.1325,163.0725,-0.0000,-80.7664,6.9226,0.7859,0.1404,0.2366,-2.8983,48.8960,44.4711,-0.1006,nan,nan,nan,nan
49.8601,6.8685,1.0161,0.1325,163.0725,-0.0000,-80.7664,6.9226,0.7859,0.1404,0.2366,-2.8986,48.8968,44.4656,-0.1038,nan,nan,nan,nan
49.8844,6.8685,1.0161,0.1325,163.0725,-0.0000,-80.7664,6.9226,0.7859,0.1405,0.2366,-2.8955,48.8965,44.4616,-0.1056,nan,nan,nan,nan
49.9055,6.8685,1.0161,0.1325,163.0725,-0.0000,-80.7664,6.9226,0.7859,0.1405,0.2366,-2.8917,48.8955,44.4576,-0.1064,nan,nan,nan,nan
49.9421,6.8685,1.0161,0.1325,163.0725,-0.0000,-80.7664,6.9226,0.7859,0.1405,0.2367,-2.8869,48.8939,44.4499,-0.1002,nan,nan,nan,nan
49.9636,6.8685,1.0161,0.1325,163.0725,-0.0000,-80.7664,6.9226,0.7858,0.1405,0.2367,-2.8858,48.8933,44.4441,-0.0960,nan,nan,nan,nan
49.9876,6.8685,1.0161,0.1325,163.0725,0.0000,-80.7665,6.9226,0.7858,0.1405,0.2367,-2.8914,48.8926,44.4408,-0.0953,nan,nan,nan,nan
50.0117,6.8685,1.0161,0.1325,163.0725,-0.0000,-80.7665,6.9227,0.7858,0.1405,0.2367,-2.9054,48.8950,44.4383,-0.0944,nan,nan,nan,nan
50.0328,6.8685,1.0161,0.1325,163.0725,0.0000,-80.7665,6.9227,0.7859,0.1404,0.2367,-2.9239,48.8996,44.4374,-0.0973,nan,nan,nan,nan
50.0540,6.8685,1.0161,0.1325,163.0725,0.0001,-80.7665,6.9228,0.7859,0.1404,0.2367,-2.9562,48.9069,44.4357,-0.0991,nan,nan,nan,nan
50.0841,6.8685,1.0161,0.1325,163.0725,0.0000,-80.7665,6.9230,0.7859,0.1403,0.2367,-2.9903,48.9140,44.4316,-0.0988,nan,nan,nan,nan
50.1057,6.8685,1.0161,0.1325,163.0725,0.0000,-80.7665,6.9230,0.7859,0.1403,0.2367,-3.0049,48.9162,44.4307,-0.0998,nan,nan,nan,nan
50.1336,6.8685,1.0161,0.1325,163.0725,-0.0000,-80.7665,6.9231,0.7859,0.1403,0.2367,-3.0174,48.9174,44.4296,-0.0996,nan,nan,nan,nan
50.1652,6.8685,1.0161,0.1325,163.0725,0.0000,-80.7664,6.9231,0.7859,0.1403,0.2367,-3.0320,48.9171,44.4277,-0.0972,nan,nan,nan,nan
50.2013,6.8685,1.0161,0.1325,163.0725,0.0000,-80.7665,6.9231,0.7859,0.1403,0.2367,-3.0313,48.9192,44.4274,-0.0982,nan,nan,nan,nan
50.2296,6.8685,1.0161,0.1325,163.0726,-0.0000,-80.7664,6.9231,0.7859,0.1403,0.2367,-3.0195,48.9240,44.4242,-0.1030,nan,nan,nan,nan
50.2559,6.8685,1.0161,0.1325,163.0726,-0.0000,-80.7664,6.9230,0.7859,0.1403,0.2367,-3.0104,48.9266,44.4243,-0.1057,nan,nan,nan,nan
50.2825,6.8685,1.0161,0.1325,163.0725,-0.0000,-80.7664,6.9230,0.7859,0.1403,0.2367,-2.9997,48.9278,44.4270,-0.1066,nan,nan,nan,nan
50.3105,6.8685,1.0161,0.1325,163.0726,0.0000,-80.7665,6.9229,0.7859,0.1403,0.2367,-2.9922,48.9279,44.4290,-0.1043,nan,nan,nan,nan
50.3369,6.8685,1.0161,0.1325,163.0726,0.0000,-80.7665,6.9229,0.7859,0.1403,0.2367,-2.9842,48.9269,44.4308,-0.1043,nan,nan,nan,nan
50.3644,6.8685,1.0161,0.1325,163.0725,-0.0000,-80.7664,6.9229,0.7859,0.1403,0.2367,-2.9819,48.9250,44.4319,-0.1078,nan,nan,nan,nan
50.3931,6.8685,1.0161,0.1325,163.0725,0.0000,-80.7665,6.9229,0.7859,0.1403,0.2367,-2.9809,48.9217,44.4326,-0.1128,nan,nan,nan,nan
50.4158,6.8685,1.0161,0.1325,163.0725,0.0000,-80.7665,6.9229,0.7859,0.1403,0.2367,-2.9788,48.9197,44.4310,-0.1163,nan,nan,nan,nan
50.4439,6.8685,1.0161,0.1325,163.0725,-0.0000,-80.7665,6.9229,0.7859,0.1403,0.2367,-2.9761,48.9190,44.4291,-0.1175,nan,nan,nan,nan
50.4794,6.8685,1.0161,0.1325,163.0725,0.0000,-80.7664,6.9229,0.7859,0.1404,0.2367,-2.9669,48.9182,44.4274,-0.1165,nan,nan,nan,nan
50.5064,6.8685,1.0161,0.1325,163.0725,0.0000,-80.7664,6.9228,0.7859,0.1404,0.2367,-2.9511,48.9178,44.4278,-0.1116,nan,nan,nan,nan
50.5306,6.8685,1.0161,0.1325,163.0725,-0.0000,-80.7664,6.9228,0.7859,0.1404,0.2367,-2.9385,48.9179,44.4297,-0.1081,nan,nan,nan,nan
50.5551,6.8685,1.0161,0.1325,163.0725,-0.0000,-80.7665,6.9227,0.7859,0.1404,0.2367,-2.9184,48.9172,44.4327,-0.1064,nan,nan,nan,nan
50.5867,6.8685,1.0161,0.1325,163.0725,-0.0000,-80.7665,6.9226,0.7858,0.1404,0.2367,-2.8904,48.9148,44.4362,-0.1030,nan,nan,nan,nan
50.6188,6.8685,1.0161,0.1325,163.0726,-0.0000,-80.7664,6.9224,0.7858,0.1405,0.2367,-2.8585,48.9133,44.4397,-0.0995,nan,nan,nan,nan
50.6415,6.8685,1.0161,0.1325,163.0726,-0.0000,-80.7664,6.9223,0.7858,0.1405,0.2367,-2.8405,48.9129,44.4416,-0.0975,nan,nan,nan,nan
50.6682,6.8685,1.0161,0.1325,163.0725,0.0000,-80.7665,6.9222,0.7858,0.1405,0.2366,-2.8077,48.9133,44.4444,-0.0940,nan,nan,nan,nan
50.7003,6.8685,1.0161,0.1325,163.0725,-0.0000,-80.7664,6.9221,0.7858,0.1406,0.2366,-2.7710,48.9135,44.4463,-0.0882,nan,nan,nan,nan
50.7298,6.8685,1.0161,0.1325,163.0725,0.0000,-80.7664,6.9219,0.7857,0.1406,0.2366,-2.7214,48.9144,44.4436,-0.0798,nan,nan,nan,nan
50.7619,6.8685,1.0161,0.1325,163.0725,-0.0000,-80.7664,6.9217,0.7857,0.1407,0.2367,-2.6699,48.9169,44.4404,-0.0761,nan,nan,nan,nan
50.7886,6.8685,1.0161,0.1325,163.0725,-0.0000,-80.7664,6.9216,0.7856,0.1407,0.2367,-2.6313,48.9188,44.4391,-0.0772,nan,nan,nan,nan
50.8140,6.8685,1.0161,0.1325,163.0725,0.0000,-80.7664,6.9215,0.7856,0.1408,0.2367,-2.6191,48.9189,44.4387,-0.0780,nan,nan,nan,nan
50.8362,6.8685,1.0161,0.1325,163.0725,-0.0000,-80.7664,6.9214,0.7856,0.1408,0.2367,-2.5778,48.9193,44.4385,-0.0744,nan,nan,nan,nan
50.8619,6.8685,1.0161,0.1325,163.0725,-0.0000,-80.7664,6.9213,0.7856,0.1408,0.2367,-2.5642,48.9189,44.4377,-0.0743,nan,nan,nan,nan
50.8876,6.8685,1.0161,0.1325,163.0725,0.0000,-80.7664,6.9213,0.7856,0.1408,0.2367,-2.5522,48.9174,44.4365,-0.0763,nan,nan,nan,nan
50.9155,6.8685,1.0161,0.1325,163.0725,-0.0000,-80.7664,6.9213,0.7856,0.1408,0.2367,-2.5508,48.9167,44.4365,-0.0739,nan,nan,nan,nan
50.9409,6.8685,1.0161,0.1325,163.0725,0.0000,-80.7665,6.9213,0.7856,0.1408,0.2367,-2.5513,48.9149,44.4384,-0.0696,nan,nan,nan,nan
50.9711,6.8685,1.0161,0.1325,163.0725,0.0000,-80.7665,6.9213,0.7856,0.1408,0.2367,-2.5539,48.9142,44.4393,-0.0637,nan,nan,nan,nan
50.9976,6.8685,1.0161,0.1325,163.0725,0.0000,-80.7665,6.9213,0.7856,0.1408,0.2367,-2.5544,48.9138,44.4397,-0.0589,nan,nan,nan,nan
51.0179,6.8685,1.0161,0.1325,163.0725,0.0000,-80.7665,6.9213,0.7856,0.1408,0.2367,-2.5547,48.9131,44.4404,-0.0520,nan,nan,nan,nan
51.0381,6.8685,1.0161,0.1325,163.0725,0.0000,-80.7665,6.9213,0.7856,0.1408,0.2367,-2.5598,48.9103,44.4438,-0.0351,nan,nan,nan,nan
51.0616,6.8685,1.0161,0.1325,163.0725,0.0000,-80.7665,6.9213,0.7856,0.1408,0.2366,-2.5635,48.9080,44.4467,-0.0225,nan,nan,nan,nan
51.0879,6.8685,1.0161,0.1325,163.0725,0.0000,-80.7665,6.9213,0.7856,0.1408,0.2366,-2.5704,48.9048,44.4506,-0.0004,nan,nan,nan,nan
51.1199,6.8685,1.0161,0.1325,163.0725,-0.0000,-80.7664,6.9214,0.7856,0.1408,0.2366,-2.5827,48.9031,44.4527,0.0228,nan,nan,nan,nan
51.1551,6.8685,1.0161,0.1325,163.0725,-0.0000,-80.7664,6.9215,0.7856,0.1408,0.2366,-2.5991,48.9030,44.4567,0.0364,nan,nan,nan,nan
51.1816,6.8685,1.0161,0.1325,163.0725,-0.0000,-80.7664,6.9215,0.7856,0.1408,0.2366,-2.6051,48.9043,44.4585,0.0390,nan,nan,nan,nan
51.2109,6.8685,1.0161,0.1325,163.0725,-0.0000,-80.7665,6.9215,0.7857,0.1408,0.2366,-2.6107,48.9058,44.4625,0.0434,nan,nan,nan,nan
51.2479,6.8685,1.0161,0.1325,163.0725,0.0000,-80.7665,6.9215,0.7857,0.1407,0.2366,-2.6135,48.9087,44.4655,0.0485,nan,nan,nan,nan
51.2697,6.8685,1.0161,0.1325,163.0725,0.0000,-80.7665,6.9215,0.7857,0.1407,0.2366,-2.6157,48.9097,44.4679,0.0529,nan,nan,nan,nan
51.2911,6.8685,1.0161,0.1325,163.0725,-0.0000,-80.7665,6.9215,0.7857,0.1407,0.2366,-2.6175,48.9117,44.4703,0.0602,nan,nan,nan,nan
51.3139,6.8685,1.0161,0.1325,163.0725,-0.0000,-80.7664,6.9215,0.7857,0.1407,0.2366,-2.6170,48.9138,44.4719,0.0686,nan,nan,nan,nan
51.3472,6.8685,1.0161,0.1325,163.0726,-0.0000,-80.7664,6.9215,0.7857,0.1407,0.2366,-2.6138,48.9168,44.4737,0.0778,nan,nan,nan,nan
51.3679,6.8685,1.0161,0.1325,163.0726,-0.0000,-80.7664,6.9214,0.7857,0.1407,0.2366,-2.6082,48.9195,44.4730,0.0827,nan,nan,nan,nan
51.3896,6.8685,1.0161,0.1325,163.0725,0.0000,-80.7664,6.9214,0.7857,0.1407,0.2366,-2.6048,48.9205,44.4727,0.0852,nan,nan,nan,nan
51.4202,6.8685,1.0161,0.1325,163.0725,0.0000,-80.7664,6.9214,0.7857,0.1407,0.2366,-2.5887,48.9215,44.4741,0.0967,nan,nan,nan,nan
51.4434,6.8685,1.0161,0.1325,163.0725,0.0000,-80.7664,6.9213,0.7857,0.1407,0.2366,-2.5747,48.9221,44.4740,0.1029,nan,nan,nan,nan
51.4716,6.8685,1.0161,0.1325,163.0725,0.0000,-80.7664,6.9213,0.7857,0.1407,0.2366,-2.5663,48.9232,44.4729,0.1041,nan,nan,nan,nan
51.5085,6.8685,1.0161,0.1325,163.0725,0.0000,-80.7664,6.9212,0.7857,0.1407,0.2366,-2.5534,48.9256,44.4713,0.1051,nan,nan,nan,nan
51.5365,6.8685,1.0161,0.1325,163.0725,-0.0000,-80.7664,6.9212,0.7856,0.1407,0.2366,-2.5381,48.9289,44.4699,0.1092,nan,nan,nan,nan
51.5646,6.8685,1.0161,0.1325,163.0725,-0.0000,-80.7664,6.9211,0.7856,0.1407,0.2366,-2.5320,48.9306,44.4697,0.1055,nan,nan,nan,nan
51.5867,6.8685,1.0161,0.1325,163.0725,-0.0000,-80.7664,6.9211,0.7856,0.1407,0.2366,-2.5307,48.9320,44.4700,0.1011,nan,nan,nan,nan
51.6110,6.8685,1.0161,0.1325,163.0725,0.0000,-80.7664,6.9211,0.7856,0.1407,0.2366,-2.5309,48.9335,44.4687,0.0927,nan,nan,nan,nan
51.6360,6.8685,1.0161,0.1325,163.0725,0.0000,-80.7664,6.9211,0.7856,0.1407,0.2366,-2.5323,48.9343,44.4665,0.0865,nan,nan,nan,nan
51.6582,6.8685,1.0161,0.1325,163.0725,-0.0000,-80.7664,6.9212,0.7856,0.1407,0.2366,-2.5336,48.9345,44.4653,0.0860,nan,nan,nan,nan
51.6815,6.8685,1.0161,0.1325,163.0726,-0.0000,-80.7664,6.9212,0.7856,0.1407,0.2366,-2.5479,48.9317,44.4607,0.0850,nan,nan,nan,nan
51.7130,6.8685,1.0161,0.1325,163.0725,-0.0000,-80.7664,6.9213,0.7856,0.1407,0.2366,-2.5691,48.9319,44.4589,0.0845,nan,nan,nan,nan
51.7484,6.8685,1.0161,0.1325,163.0725,-0.0000,-80.7664,6.9214,0.7857,0.1407,0.2366,-2.5880,48.9347,44.4569,0.0796,nan,nan,nan,nan
51.7857,6.8685,1.0161,0.1325,163.0725,-0.0000,-80.7664,6.9214,0.7857,0.1407,0.2366,-2.6031,48.9355,44.4561,0.0689,nan,nan,nan,nan
51.8084,6.8685,1.0161,0.1325,163.0725,-0.0000,-80.7664,6.9215,0.7857,0.1407,0.2366,-2.6164,48.9347,44.4543,0.0601,nan,nan,nan,nan
51.8374,6.8685,1.0161,0.1325,163.0725,-0.0000,-80.7664,6.9215,0.7857,0.1406,0.2366,-2.6277,48.9338,44.4529,0.0554,nan,nan,nan,nan
51.8577,6.8685,1.0161,0.1325,163.0725,-0.0000,-80.7664,6.9216,0.7857,0.1406,0.2366,-2.6407,48.9333,44.4518,0.0503,nan,nan,nan,nan
51.8843,6.8685,1.0161,0.1325,163.0725,0.0001,-80.7665,6.9216,0.7857,0.1406,0.2366,-2.6564,48.9340,44.4513,0.0456,nan,nan,nan,nan
51.9150,6.8685,1.0161,0.1325,163.0725,0.0000,-80.7664,6.9217,0.7857,0.1406,0.2366,-2.6820,48.9346,44.4519,0.0383,nan,nan,nan,nan
51.9356,6.8685,1.0161,0.1325,163.0725,0.0000,-80.7664,6.9218,0.7857,0.1406,0.2366,-2.7039,48.9320,44.4547,0.0314,nan,nan,nan,nan
51.9587,6.8685,1.0161,0.1325,163.0725,-0.0000,-80.7664,6.9219,0.7858,0.1405,0.2366,-2.7192,48.9297,44.4605,0.0191,nan,nan,nan,nan
51.9796,6.8685,1.0161,0.1325,163.0725,0.0000,-80.7664,6.9219,0.7858,0.1405,0.2366,-2.7246,48.9283,44.4636,0.0091,nan,nan,nan,nan
52.0164,6.8685,1.0161,0.1325,163.0725,-0.0001,-80.7664,6.9219,0.7858,0.1405,0.2366,-2.7222,48.9277,44.4641,-0.0036,nan,nan,nan,nan
52.0404,6.8685,1.0161,0.1325,163.0725,-0.0001,-80.7664,6.9219,0.7858,0.1406,0.2366,-2.7178,48.9267,44.4629,-0.0032,nan,nan,nan,nan
52.0675,6.8685,1.0161,0.1325,163.0725,0.0000,-80.7664,6.9219,0.7858,0.1406,0.2366,-2.7149,48.9257,44.4627,-0.0029,nan,nan,nan,nan
52.1021,6.8685,1.0161,0.1325,163.0725,0.0000,-80.7664,6.9218,0.7858,0.1406,0.2366,-2.7116,48.9237,44.4632,-0.0046,nan,nan,nan,nan
52.1400,6.8685,1.0161,0.1325,163.0725,-0.0000,-80.7665,6.9218,0.7858,0.1406,0.2366,-2.7055,48.9210,44.4649,-0.0036,nan,nan,nan,nan
52.1632,6.8685,1.0161,0.1325,163.0725,-0.0000,-80.7665,6.9218,0.7857,0.1406,0.2366,-2.6995,48.9193,44.4633,-0.0019,nan,nan,nan,nan
52.1854,6.8685,1.0161,0.1325,163.0726,-0.0000,-80.7665,6.9218,0.7857,0.1406,0.2366,-2.6973,48.9192,44.4628,-0.0010,nan,nan,nan,nan
52.2068,6.8685,1.0161,0.1325,163.0725,0.0000,-80.7664,6.9217,0.7857,0.1406,0.2366,-2.6841,48.9182,44.4628,0.0081,nan,nan,nan,nan
52.2378,6.8685,1.0161,0.1325,163.0725,-0.0000,-80.7665,6.9217,0.7857,0.1407,0.2366,-2.6651,48.9183,44.4592,0.0200,nan,nan,nan,nan
52.2656,6.8685,1.0161,0.1325,163.0725,-0.0000,-80.7665,6.9216,0.7857,0.1407,0.2366,-2.6532,48.9185,44.4591,0.0256,nan,nan,nan,nan
52.2884,6.8685,1.0161,0.1325,163.0725,0.0000,-80.7664,6.9216,0.7857,0.1407,0.2366,-2.6378,48.9177,44.4626,0.0309,nan,nan,nan,nan
52.3125,6.8685,1.0161,0.1325,163.0725,0.0000,-80.7664,6.9215,0.7857,0.1407,0.2366,-2.6222,48.9186,44.4691,0.0343,nan,nan,nan,nan
52.3339,6.8685,1.0161,0.1325,163.0725,0.0000,-80.7665,6.9215,0.7857,0.1407,0.2366,-2.6176,48.9230,44.4728,0.0361,nan,nan,nan,nan
52.3696,6.8685,1.0161,0.1325,163.0725,0.0000,-80.7665,6.9215,0.7857,0.1406,0.2366,-2.6212,48.9251,44.4761,0.0388,nan,nan,nan,nan
52.4029,6.8685,1.0161,0.1325,163.0725,0.0000,-80.7664,6.9215,0.7857,0.1406,0.2365,-2.6271,48.9277,44.4782,0.0431,nan,nan,nan,nan
52.4230,6.8685,1.0161,0.1325,163.0725,0.0000,-80.7664,6.9215,0.7857,0.1406,0.2365,-2.6353,48.9302,44.4746,0.0505,nan,nan,nan,nan
52.4451,6.8685,1.0161,0.1325,163.0725,0.0000,-80.7664,6.9216,0.7857,0.1406,0.2366,-2.6384,48.9305,44.4736,0.0536,nan,nan,nan,nan
52.4678,6.8685,1.0161,0.1325,163.0725,0.0000,-80.7664,6.9216,0.7857,0.1406,0.2366,-2.6518,48.9314,44.4716,0.0653,nan,nan,nan,nan
52.5039,6.8685,1.0161,0.1325,163.0725,-0.0000,-80.7665,6.9217,0.7858,0.1406,0.2366,-2.6692,48.9344,44.4694,0.0724,nan,nan,nan,nan
52.5293,6.8685,1.0161,0.1325,163.0725,-0.0000,-80.7665,6.9217,0.7858,0.1405,0.2366,-2.6797,48.9354,44.4690,0.0730,nan,nan,nan,nan
52.5513,6.8685,1.0161,0.1325,163.0725,0.0000,-80.7664,6.9218,0.7858,0.1405,0.2365,-2.7046,48.9363,44.4712,0.0729,nan,nan,nan,nan
52.5786,6.8685,1.0161,0.1325,163.0725,0.0000,-80.7664,6.9219,0.7858,0.1405,0.2365,-2.7239,48.9374,44.4716,0.0692,nan,nan,nan,nan
52.6146,6.8685,1.0161,0.1325,163.0725,-0.0000,-80.7664,6.9219,0.7858,0.1405,0.2365,-2.7423,48.9378,44.4743,0.0681,nan,nan,nan,nan
52.6476,6.8685,1.0161,0.1325,163.0725,-0.0001,-80.7665,6.9220,0.7859,0.1404,0.2365,-2.7603,48.9380,44.4777,0.0672,nan,nan,nan,nan
52.6760,6.8685,1.0161,0.1325,163.0725,-0.0000,-80.7664,6.9221,0.7859,0.1404,0.2365,-2.7764,48.9374,44.4805,0.0600,nan,nan,nan,nan
52.7121,6.8685,1.0161,0.1325,163.0725,-0.0000,-80.7664,6.9221,0.7859,0.1404,0.2365,-2.7909,48.9357,44.4799,0.0623,nan,nan,nan,nan
52.7386,6.8685,1.0161,0.1325,163.0725,-0.0000,-80.7665,6.9222,0.7859,0.1404,0.2365,-2.8098,48.9344,44.4767,0.0739,nan,nan,nan,nan
52.7609,6.8685,1.0161,0.1325,163.0725,-0.0000,-80.7665,6.9223,0.7859,0.1404,0.2365,-2.8204,48.9346,44.4752,0.0760,nan,nan,nan,nan
52.7846,6.8685,1.0161,0.1325,163.0725,0.0000,-80.7664,6.9223,0.7859,0.1404,0.2365,-2.8325,48.9353,44.4736,0.0768,nan,nan,nan,nan
52.8147,6.8685,1.0161,0.1325,163.0725,0.0000,-80.7664,6.9224,0.7859,0.1403,0.2365,-2.8587,48.9353,44.4731,0.0746,nan,nan,nan,nan
52.8457,6.8685,1.0161,0.1325,163.0725,-0.0000,-80.7664,6.9225,0.7859,0.1403,0.2365,-2.8808,48.9355,44.4737,0.0718,nan,nan,nan,nan
52.8715,6.8685,1.0161,0.1325,163.0725,0.0000,-80.7664,6.9226,0.7860,0.1403,0.2365,-2.9058,48.9351,44.4749,0.0662,nan,nan,nan,nan
52.8967,6.8685,1.0161,0.1325,163.0725,0.0000,-80.7664,6.9227,0.7860,0.1402,0.2365,-2.9337,48.9351,44.4778,0.0613,nan,nan,nan,nan
52.9204,6.8685,1.0161,0.1325,163.0726,0.0000,-80.7664,6.9227,0.7860,0.1402,0.2365,-2.9524,48.9352,44.4838,0.0581,nan,nan,nan,nan
52.9573,6.8685,1.0161,0.1325,163.0726,0.0000,-80.7665,6.9228,0.7861,0.1402,0.2365,-2.9655,48.9343,44.4911,0.0507,nan,nan,nan,nan
52.9807,6.8685,1.0161,0.1325,163.0726,0.0000,-80.7665,6.9228,0.7861,0.1401,0.2365,-2.9737,48.9345,44.4940,0.0453,nan,nan,nan,nan
53.0036,6.8685,1.0161,0.1325,163.0725,-0.0000,-80.7665,6.9228,0.7861,0.1401,0.2365,-2.9866,48.9355,44.4989,0.0337,nan,nan,nan,nan
53.0376,6.8685,1.0161,0.1325,163.0725,0.0001,-80.7664,6.9229,0.7861,0.1401,0.2365,-2.9983,48.9378,44.5014,0.0193,nan,nan,nan,nan
53.0653,6.8685,1.0161,0.1325,163.0725,0.0000,-80.7664,6.9229,0.7861,0.1401,0.2365,-3.0031,48.9409,44.5011,0.0017,nan,nan,nan,nan
53.1012,6.8685,1.0161,0.1325,163.0725,0.0000,-80.7664,6.9229,0.7861,0.1401,0.2365,-2.9937,48.9439,44.4966,-0.0116,nan,nan,nan,nan
53.1310,6.8685,1.0161,0.1325,163.0725,-0.0000,-80.7664,6.9228,0.7861,0.1401,0.2365,-2.9727,48.9498,44.4946,-0.0139,nan,nan,nan,nan
53.1603,6.8685,1.0161,0.1325,163.0725,-0.0000,-80.7665,6.9227,0.7861,0.1401,0.2365,-2.9446,48.9543,44.4961,-0.0150,nan,nan,nan,nan
53.1870,6.8685,1.0161,0.1325,163.0725,-0.0000,-80.7664,6.9225,0.7860,0.1401,0.2365,-2.9153,48.9564,44.4968,-0.0150,nan,nan,nan,nan
53.2196,6.8685,1.0161,0.1325,163.0725,-0.0000,-80.7664,6.9224,0.7860,0.1402,0.2365,-2.8850,48.9561,44.4974,-0.0119,nan,nan,nan,nan
53.2460,6.8685,1.0161,0.1325,163.0725,-0.0000,-80.7664,6.9223,0.7860,0.1402,0.2365,-2.8703,48.9569,44.4971,-0.0128,nan,nan,nan,nan
53.2705,6.8685,1.0161,0.1325,163.0725,0.0000,-80.7664,6.9223,0.7860,0.1402,0.2365,-2.8491,48.9585,44.4960,-0.0178,nan,nan,nan,nan
53.2906,6.8685,1.0161,0.1325,163.0725,0.0000,-80.7664,6.9222,0.7860,0.1402,0.2365,-2.8360,48.9594,44.4953,-0.0204,nan,nan,nan,nan
53.3127,6.8685,1.0161,0.1325,163.0725,-0.0000,-80.7665,6.9222,0.7860,0.1402,0.2365,-2.8298,48.9600,44.4949,-0.0221,nan,nan,nan,nan
53.3347,6.8685,1.0161,0.1325,163.0725,-0.0000,-80.7664,6.9221,0.7859,0.1403,0.2365,-2.8073,48.9599,44.4940,-0.0228,nan,nan,nan,nan
53.3550,6.8685,1.0161,0.1325,163.0725,-0.0000,-80.7664,6.9221,0.7859,0.1403,0.2365,-2.7953,48.9608,44.4930,-0.0268,nan,nan,nan,nan
53.3752,6.8685,1.0161,0.1325,163.0725,0.0000,-80.7664,6.9220,0.7859,0.1403,0.2365,-2.7853,48.9642,44.4922,-0.0322,nan,nan,nan,nan
53.3996,6.8685,1.0161,0.1325,163.0725,0.0000,-80.7664,6.9220,0.7859,0.1403,0.2365,-2.7763,48.9679,44.4913,-0.0347,nan,nan,nan,nan
53.4324,6.8685,1.0161,0.1325,163.0725,0.0000,-80.7664,6.9219,0.7859,0.1403,0.2364,-2.7641,48.9699,44.4920,-0.0361,nan,nan,nan,nan
53.4564,6.8685,1.0161,0.1325,163.0725,0.0000,-80.7664,6.9219,0.7859,0.1403,0.2364,-2.7491,48.9700,44.4930,-0.0317,nan,nan,nan,nan
53.4901,6.8685,1.0161,0.1325,163.0725,-0.0000,-80.7664,6.9218,0.7859,0.1403,0.2364,-2.7377,48.9706,44.4920,-0.0219,nan,nan,nan,nan
53.5196,6.8685,1.0161,0.1325,163.0725,-0.0000,-80.7665,6.9218,0.7859,0.1403,0.2364,-2.7304,48.9704,44.4920,-0.0167,nan,nan,nan,nan
53.5564,6.8685,1.0161,0.1325,163.0725,0.0000,-80.7665,6.9218,0.7859,0.1403,0.2364,-2.7310,48.9686,44.4936,-0.0181,nan,nan,nan,nan
53.5788,6.8685,1.0161,0.1325,163.0725,0.0000,-80.7665,6.9218,0.7859,0.1403,0.2364,-2.7376,48.9667,44.4966,-0.0175,nan,nan,nan,nan
53.6007,6.8685,1.0161,0.1325,163.0725,-0.0000,-80.7665,6.9219,0.7859,0.1403,0.2364,-2.7455,48.9651,44.4987,-0.0155,nan,nan,nan,nan
53.6367,6.8685,1.0161,0.1325,163.0725,0.0000,-80.7665,6.9219,0.7859,0.1403,0.2364,-2.7633,48.9629,44.5016,-0.0055,nan,nan,nan,nan
53.6595,6.8685,1.0161,0.1325,163.0725,0.0000,-80.7665,6.9220,0.7860,0.1402,0.2364,-2.7877,48.9624,44.5042,0.0020,nan,nan,nan,nan
53.6807,6.8685,1.0161,0.1325,163.0725,0.0000,-80.7665,6.9221,0.7860,0.1402,0.2364,-2.8139,48.9628,44.5039,0.0092,nan,nan,nan,nan
53.7007,6.8685,1.0161,0.1325,163.0725,0.0000,-80.7665,6.9222,0.7860,0.1402,0.2364,-2.8299,48.9630,44.5041,0.0145,nan,nan,nan,nan
53.7256,6.8685,1.0161,0.1325,163.0725,0.0000,-80.7665,6.9223,0.7860,0.1402,0.2364,-2.8583,48.9639,44.5069,0.0199,nan,nan,nan,nan
53.7612,6.8685,1.0161,0.1325,163.0725,-0.0000,-80.7665,6.9224,0.7861,0.1401,0.2364,-2.8797,48.9678,44.5118,0.0197,nan,nan,nan,nan
53.7875,6.8685,1.0161,0.1325,163.0725,-0.0000,-80.7665,6.9224,0.7861,0.1401,0.2364,-2.8887,48.9694,44.5155,0.0202,nan,nan,nan,nan
53.8111,6.8685,1.0161,0.1325,163.0725,-0.0000,-80.7665,6.9224,0.7861,0.1401,0.2364,-2.8908,48.9700,44.5180,0.0234,nan,nan,nan,nan
53.8353,6.8685,1.0161,0.1325,163.0725,-0.0000,-80.7665,6.9224,0.7861,0.1401,0.2364,-2.8854,48.9719,44.5215,0.0210,nan,nan,nan,nan
53.8602,6.8685,1.0161,0.1325,163.0725,-0.0001,-80.7665,6.9224,0.7861,0.1401,0.2364,-2.8839,48.9716,44.5249,0.0169,nan,nan,nan,nan
53.8812,6.8685,1.0161,0.1325,163.0725,-0.0000,-80.7664,6.9224,0.7861,0.1400,0.2364,-2.8826,48.9726,44.5279,0.0082,nan,nan,nan,nan
53.9047,6.8685,1.0161,0.1325,163.0725,-0.0000,-80.7664,6.9224,0.7861,0.1400,0.2363,-2.8825,48.9747,44.5307,0.0006,nan,nan,nan,nan
53.9267,6.8685,1.0161,0.1325,163.0725,-0.0000,-80.7664,6.9224,0.7861,0.1400,0.2363,-2.8841,48.9742,44.5331,-0.0024,nan,nan,nan,nan
53.9499,6.8685,1.0161,0.1325,163.0725,-0.0000,-80.7664,6.9224,0.7861,0.1400,0.2363,-2.8850,48.9743,44.5339,-0.0036,nan,nan,nan,nan
53.9794,6.8685,1.0161,0.1325,163.0725,-0.0000,-80.7664,6.9224,0.7861,0.1400,0.2363,-2.8948,48.9735,44.5348,-0.0099,nan,nan,nan,nan
54.0082,6.8685,1.0161,0.1325,163.0725,0.0000,-80.7664,6.9225,0.7861,0.1400,0.2363,-2.9172,48.9725,44.5335,-0.0134,nan,nan,nan,nan
54.0337,6.8685,1.0161,0.1325,163.0725,0.0000,-80.7665,6.9226,0.7862,0.1400,0.2363,-2.9504,48.9716,44.5311,-0.0131,nan,nan,nan,nan
54.0607,6.8685,1.0161,0.1325,163.0725,0.0000,-80.7665,6.9227,0.7862,0.1399,0.2364,-2.9794,48.9712,44.5287,-0.0117,nan,nan,nan,nan
54.0888,6.8685,1.0161,0.1325,163.0725,0.0000,-80.7665,6.9228,0.7862,0.1399,0.2364,-2.9975,48.9716,44.5281,-0.0074,nan,nan,nan,nan
54.1235,6.8685,1.0161,0.1325,163.0725,-0.0000,-80.7665,6.9229,0.7862,0.1399,0.2364,-3.0173,48.9740,44.5231,-0.0031,nan,nan,nan,nan
54.1588,6.8685,1.0161,0.1325,163.0725,0.0000,-80.7665,6.9229,0.7862,0.1399,0.2364,-3.0285,48.9761,44.5208,0.0002,nan,nan,nan,nan
54.1824,6.8685,1.0161,0.1325,163.0725,0.0000,-80.7665,6.9229,0.7862,0.1399,0.2364,-3.0304,48.9780,44.5205,-0.0047,nan,nan,nan,nan
54.2026,6.8685,1.0161,0.1325,163.0725,-0.0000,-80.7664,6.9229,0.7862,0.1399,0.2364,-3.0273,48.9807,44.5191,-0.0121,nan,nan,nan,nan
54.2261,6.8685,1.0161,0.1325,163.0725,-0.0000,-80.7664,6.9229,0.7862,0.1399,0.2364,-3.0228,48.9823,44.5170,-0.0173,nan,nan,nan,nan
54.2510,6.8685,1.0161,0.1325,163.0725,0.0000,-80.7664,6.9228,0.7862,0.1399,0.2364,-3.0090,48.9841,44.5113,-0.0287,nan,nan,nan,nan
54.2814,6.8685,1.0161,0.1325,163.0725,0.0000,-80.7664,6.9228,0.7862,0.1399,0.2364,-2.9945,48.9867,44.5098,-0.0372,nan,nan,nan,nan
54.3052,6.8685,1.0161,0.1325,163.0725,0.0000,-80.7664,6.9227,0.7862,0.1399,0.2364,-2.9880,48.9876,44.5095,-0.0425,nan,nan,nan,nan
54.3308,6.8685,1.0161,0.1325,163.0725,-0.0001,-80.7664,6.9227,0.7862,0.1399,0.2364,-2.9815,48.9889,44.5114,-0.0536,nan,nan,nan,nan
54.3670,6.8685,1.0161,0.1325,163.0725,-0.0000,-80.7665,6.9227,0.7862,0.1399,0.2364,-2.9786,48.9891,44.5130,-0.0643,nan,nan,nan,nan
54.3980,6.8685,1.0161,0.1325,163.0725,-0.0000,-80.7664,6.9227,0.7862,0.1399,0.2364,-2.9751,48.9903,44.5107,-0.0703,nan,nan,nan,nan
54.4250,6.8685,1.0161,0.1325,163.0725,-0.0000,-80.7664,6.9227,0.7862,0.1399,0.2364,-2.9736,48.9903,44.5083,-0.0702,nan,nan,nan,nan
54.4510,6.8685,1.0161,0.1325,163.0725,0.0000,-80.7664,6.9227,0.7862,0.1399,0.2364,-2.9741,48.9884,44.5082,-0.0684,nan,nan,nan,nan
54.4723,6.8685,1.0161,0.1325,163.0725,0.0000,-80.7664,6.9227,0.7862,0.1399,0.2364,-2.9756,48.9862,44.5099,-0.0651,nan,nan,nan,nan
54.4994,6.8685,1.0161,0.1325,163.0725,-0.0000,-80.7664,6.9227,0.7862,0.1399,0.2364,-2.9742,48.9825,44.5110,-0.0679,nan,nan,nan,nan
54.5234,6.8685,1.0161,0.1325,163.0725,-0.0000,-80.7664,6.9227,0.7861,0.1400,0.2364,-2.9704,48.9791,44.5095,-0.0723,nan,nan,nan,nan
54.5481,6.8685,1.0161,0.1325,163.0725,-0.0000,-80.7664,6.9227,0.7861,0.1400,0.2364,-2.9658,48.9771,44.5094,-0.0754,nan,nan,nan,nan
54.5784,6.8685,1.0161,0.1325,163.0725,-0.0000,-80.7664,6.9227,0.7861,0.1400,0.2364,-2.9575,48.9746,44.5127,-0.0786,nan,nan,nan,nan
54.5984,6.8685,1.0161,0.1325,163.0725,-0.0000,-80.7664,6.9226,0.7861,0.1400,0.2364,-2.9539,48.9718,44.5157,-0.0780,nan,nan,nan,nan
54.6272,6.8685,1.0161,0.1325,163.0725,0.0000,-80.7664,6.9226,0.7861,0.1400,0.2364,-2.9528,48.9705,44.5179,-0.0770,nan,nan,nan,nan
54.6596,6.8685,1.0161,0.1325,163.0725,0.0000,-80.7665,6.9226,0.7861,0.1400,0.2364,-2.9488,48.9674,44.5239,-0.0774,nan,nan,nan,nan
54.6858,6.8685,1.0161,0.1325,163.0725,0.0000,-80.7665,6.9226,0.7861,0.1400,0.2364,-2.9411,48.9668,44.5266,-0.0767,nan,nan,nan,nan
54.7081,6.8685,1.0161,0.1325,163.0725,0.0000,-80.7665,6.9225,0.7861,0.1400,0.2364,-2.9294,48.9665,44.5277,-0.0763,nan,nan,nan,nan
54.7415,6.8685,1.0161,0.1325,163.0725,0.0000,-80.7665,6.9225,0.7861,0.1400,0.2364,-2.9182,48.9658,44.5296,-0.0728,nan,nan,nan,nan
54.7659,6.8685,1.0161,0.1325,163.0725,0.0000,-80.7665,6.9225,0.7861,0.1400,0.2364,-2.9131,48.9670,44.5297,-0.0684,nan,nan,nan,nan
54.7911,6.8685,1.0161,0.1325,163.0726,-0.0000,-80.7664,6.9224,0.7861,0.1400,0.2364,-2.9044,48.9686,44.5306,-0.0569,nan,nan,nan,nan
54.8225,6.8685,1.0161,0.1325,163.0725,0.0000,-80.7664,6.9224,0.7861,0.1400,0.2363,-2.8937,48.9706,44.5323,-0.0408,nan,nan,nan,nan
54.8472,6.8685,1.0161,0.1325,163.0725,0.0000,-80.7664,6.9223,0.7861,0.1400,0.2363,-2.8728,48.9733,44.5357,-0.0254,nan,nan,nan,nan
54.8807,6.8685,1.0161,0.1325,163.0725,-0.0000,-80.7664,6.9222,0.7861,0.1401,0.2363,-2.8473,48.9718,44.5399,-0.0185,nan,nan,nan,nan
54.9099,6.8685,1.0161,0.1325,163.0725,-0.0000,-80.7664,6.9221,0.7861,0.1401,0.2363,-2.8342,48.9707,44.5415,-0.0165,nan,nan,nan,nan
54.9345,6.8685,1.0161,0.1325,163.0725,-0.0000,-80.7664,6.9221,0.7861,0.1401,0.2363,-2.8149,48.9709,44.5425,-0.0156,nan,nan,nan,nan
54.9685,6.8685,1.0161,0.1325,163.0725,-0.0000,-80.7664,6.9220,0.7861,0.1401,0.2363,-2.7969,48.9718,44.5430,-0.0164,nan,nan,nan,nan
54.9947,6.8685,1.0161,0.1325,163.0725,-0.0000,-80.7664,6.9220,0.7860,0.1401,0.2363,-2.7801,48.9721,44.5436,-0.0153,nan,nan,nan,nan
55.0212,6.8685,1.0161,0.1325,163.0725,0.0000,-80.7665,6.9219,0.7860,0.1402,0.2363,-2.7753,48.9714,44.5436,-0.0158,nan,nan,nan,nan
55.0573,6.8685,1.0161,0.1325,163.0725,0.0000,-80.7664,6.9219,0.7860,0.1402,0.2363,-2.7552,48.9692,44.5405,-0.0194,nan,nan,nan,nan
55.0848,6.8685,1.0161,0.1325,163.0725,0.0000,-80.7664,6.9218,0.7860,0.1402,0.2363,-2.7472,48.9678,44.5370,-0.0224,nan,nan,nan,nan
55.1118,6.8685,1.0161,0.1325,163.0725,-0.0000,-80.7664,6.9218,0.7860,0.1402,0.2364,-2.7390,48.9655,44.5314,-0.0273,nan,nan,nan,nan
55.1412,6.8685,1.0161,0.1325,163.0725,-0.0000,-80.7665,6.9218,0.7860,0.1403,0.2364,-2.7342,48.9638,44.5269,-0.0314,nan,nan,nan,nan
55.1628,6.8685,1.0161,0.1325,163.0725,-0.0000,-80.7665,6.9218,0.7859,0.1403,0.2364,-2.7289,48.9614,44.5217,-0.0311,nan,nan,nan,nan
55.1898,6.8685,1.0161,0.1325,163.0725,0.0000,-80.7664,6.9218,0.7859,0.1403,0.2364,-2.7278,48.9597,44.5207,-0.0312,nan,nan,nan,nan
55.2251,6.8685,1.0161,0.1325,163.0725,-0.0000,-80.7664,6.9218,0.7859,0.1403,0.2364,-2.7196,48.9558,44.5166,-0.0335,nan,nan,nan,nan
55.2504,6.8685,1.0161,0.1325,163.0725,-0.0001,-80.7664,6.9217,0.7859,0.1403,0.2364,-2.7099,48.9553,44.5157,-0.0275,nan,nan,nan,nan
55.2817,6.8685,1.0161,0.1325,163.0725,-0.0000,-80.7664,6.9217,0.7859,0.1404,0.2364,-2.6996,48.9549,44.5147,-0.0284,nan,nan,nan,nan
55.3189,6.8685,1.0161,0.1325,163.0725,-0.0000,-80.7665,6.9216,0.7859,0.1404,0.2364,-2.6867,48.9556,44.5122,-0.0373,nan,nan,nan,nan
55.3457,6.8685,1.0161,0.1325,163.0725,-0.0000,-80.7665,6.9216,0.7859,0.1404,0.2364,-2.6816,48.9557,44.5129,-0.0408,nan,nan,nan,nan
55.3687,6.8685,1.0161,0.1325,163.0726,-0.0000,-80.7664,6.9216,0.7859,0.1404,0.2364,-2.6758,48.9560,44.5162,-0.0438,nan,nan,nan,nan
55.3905,6.8685,1.0161,0.1325,163.0725,-0.0000,-80.7664,6.9216,0.7859,0.1404,0.2364,-2.6749,48.9558,44.5190,-0.0406,nan,nan,nan,nan
55.4149,6.8685,1.0161,0.1325,163.0725,-0.0000,-80.7664,6.9216,0.7859,0.1404,0.2364,-2.6756,48.9570,44.5188,-0.0394,nan,nan,nan,nan
55.4419,6.8685,1.0161,0.1325,163.0725,0.0000,-80.7665,6.9216,0.7859,0.1404,0.2364,-2.6770,48.9576,44.5178,-0.0392,nan,nan,nan,nan
55.4699,6.8685,1.0161,0.1325,163.0725,0.0000,-80.7665,6.9216,0.7859,0.1404,0.2364,-2.6857,48.9589,44.5153,-0.0403,nan,nan,nan,nan
55.4964,6.8685,1.0161,0.1325,163.0725,0.0000,-80.7665,6.9217,0.7859,0.1403,0.2364,-2.6965,48.9586,44.5173,-0.0406,nan,nan,nan,nan
55.5185,6.8685,1.0161,0.1325,163.0725,-0.0000,-80.7664,6.9217,0.7859,0.1403,0.2364,-2.7036,48.9583,44.5177,-0.0384,nan,nan,nan,nan
55.5536,6.8685,1.0161,0.1325,163.0725,0.0000,-80.7664,6.9217,0.7859,0.1403,0.2364,-2.7093,48.9599,44.5167,-0.0333,nan,nan,nan,nan
55.5887,6.8685,1.0161,0.1325,163.0725,-0.0000,-80.7664,6.9217,0.7859,0.1403,0.2364,-2.7090,48.9612,44.5133,-0.0285,nan,nan,nan,nan
55.6262,6.8685,1.0161,0.1325,163.0725,-0.0000,-80.7664,6.9217,0.7859,0.1403,0.2364,-2.7050,48.9621,44.5088,-0.0268,nan,nan,nan,nan
55.6538,6.8685,1.0161,0.1325,163.0725,-0.0000,-80.7664,6.9217,0.7859,0.1403,0.2364,-2.7033,48.9620,44.5087,-0.0312,nan,nan,nan,nan
55.6780,6.8685,1.0161,0.1325,163.0725,0.0000,-80.7664,6.9217,0.7859,0.1403,0.2364,-2.7015,48.9614,44.5095,-0.0359,nan,nan,nan,nan
55.7111,6.8685,1.0161,0.1325,163.0725,-0.0000,-80.7664,6.9217,0.7859,0.1404,0.2364,-2.6981,48.9593,44.5108,-0.0463,nan,nan,nan,nan
55.7457,6.8685,1.0161,0.1325,163.0725,0.0000,-80.7664,6.9217,0.7859,0.1404,0.2364,-2.6971,48.9569,44.5113,-0.0537,nan,nan,nan,nan
55.7675,6.8685,1.0161,0.1325,163.0725,0.0000,-80.7664,6.9217,0.7859,0.1404,0.2364,-2.6972,48.9549,44.5107,-0.0501,nan,nan,nan,nan
55.7901,6.8685,1.0161,0.1325,163.0725,0.0000,-80.7664,6.9217,0.7859,0.1404,0.2364,-2.6982,48.9541,44.5108,-0.0482,nan,nan,nan,nan
55.8265,6.8685,1.0161,0.1325,163.0725,0.0000,-80.7664,6.9217,0.7859,0.1404,0.2364,-2.7016,48.9505,44.5139,-0.0423,nan,nan,nan,nan
55.8563,6.8685,1.0161,0.1325,163.0725,-0.0000,-80.7665,6.9217,0.7859,0.1404,0.2364,-2.6980,48.9476,44.5191,-0.0397,nan,nan,nan,nan
55.8827,6.8685,1.0161,0.1325,163.0725,-0.0000,-80.7665,6.9217,0.7859,0.1404,0.2364,-2.6893,48.9456,44.5239,-0.0423,nan,nan,nan,nan
55.9099,6.8685,1.0161,0.1325,163.0725,-0.0000,-80.7664,6.9216,0.7859,0.1404,0.2364,-2.6862,48.9453,44.5251,-0.0432,nan,nan,nan,nan
55.9458,6.8685,1.0161,0.1325,163.0725,0.0000,-80.7665,6.9216,0.7859,0.1404,0.2364,-2.6741,48.9421,44.5311,-0.0446,nan,nan,nan,nan
55.9858,6.8685,1.0161,0.1325,163.0725,-0.0001,-80.7664,6.9216,0.7859,0.1404,0.2364,-2.6718,48.9396,44.5324,-0.0501,nan,nan,nan,nan
56.0147,6.8685,1.0161,0.1325,163.0725,0.0000,-80.7664,6.9216,0.7859,0.1404,0.2364,-2.6794,48.9378,44.5317,-0.0534,nan,nan,nan,nan
56.0526,6.8685,1.0161,0.1325,163.0725,-0.0000,-80.7664,6.9217,0.7859,0.1404,0.2364,-2.6899,48.9394,44.5232,-0.0594,nan,nan,nan,nan
56.0799,6.8685,1.0161,0.1325,163.0725,-0.0000,-80.7664,6.9217,0.7859,0.1404,0.2364,-2.6967,48.9404,44.5169,-0.0651,nan,nan,nan,nan
56.1080,6.8685,1.0161,0.1325,163.0725,0.0000,-80.7664,6.9217,0.7859,0.1404,0.2364,-2.6997,48.9418,44.5141,-0.0679,nan,nan,nan,nan
56.1293,6.8685,1.0161,0.1325,163.0725,0.0001,-80.7664,6.9217,0.7859,0.1404,0.2364,-2.7008,48.9420,44.5121,-0.0689,nan,nan,nan,nan
56.1616,6.8685,1.0161,0.1325,163.0725,0.0000,-80.7664,6.9217,0.7859,0.1404,0.2364,-2.6991,48.9423,44.5115,-0.0654,nan,nan,nan,nan
56.1937,6.8685,1.0161,0.1325,163.0725,-0.0000,-80.7664,6.9217,0.7859,0.1404,0.2364,-2.7003,48.9439,44.5114,-0.0618,nan,nan,nan,nan
56.2180,6.8685,1.0161,0.1325,163.0725,-0.0000,-80.7664,6.9217,0.7859,0.1404,0.2364,-2.7025,48.9437,44.5106,-0.0582,nan,nan,nan,nan
56.2453,6.8685,1.0161,0.1325,163.0725,0.0000,-80.7664,6.9217,0.7859,0.1404,0.2365,-2.7044,48.9437,44.5076,-0.0575,nan,nan,nan,nan
56.2661,6.8685,1.0161,0.1325,163.0725,0.0000,-80.7665,6.9218,0.7859,0.1404,0.2365,-2.7088,48.9437,44.5008,-0.0581,nan,nan,nan,nan
56.2898,6.8685,1.0161,0.1325,163.0725,0.0000,-80.7665,6.9218,0.7859,0.1404,0.2365,-2.7106,48.9445,44.5002,-0.0586,nan,nan,nan,nan
56.3168,6.8685,1.0161,0.1325,163.0725,0.0000,-80.7665,6.9218,0.7859,0.1404,0.2365,-2.7132,48.9450,44.5035,-0.0605,nan,nan,nan,nan
56.3470,6.8685,1.0161,0.1325,163.0725,-0.0000,-80.7665,6.9218,0.7859,0.1404,0.2365,-2.7128,48.9450,44.5056,-0.0607,nan,nan,nan,nan
56.3732,6.8685,1.0161,0.1325,163.0725,-0.0000,-80.7665,6.9217,0.7859,0.1404,0.2365,-2.7070,48.9451,44.5057,-0.0594,nan,nan,nan,nan
56.3941,6.8685,1.0161,0.1325,163.0725,0.0000,-80.7664,6.9217,0.7859,0.1404,0.2365,-2.6978,48.9449,44.5044,-0.0582,nan,nan,nan,nan
56.4306,6.8685,1.0161,0.1325,163.0725,-0.0000,-80.7664,6.9216,0.7858,0.1405,0.2365,-2.6752,48.9430,44.4979,-0.0554,nan,nan,nan,nan
56.4549,6.8685,1.0161,0.1325,163.0725,-0.0000,-80.7664,6.9216,0.7858,0.1405,0.2365,-2.6560,48.9419,44.4946,-0.0547,nan,nan,nan,nan
56.4757,6.8685,1.0161,0.1325,163.0725,-0.0000,-80.7664,6.9215,0.7858,0.1405,0.2365,-2.6429,48.9411,44.4950,-0.0542,nan,nan,nan,nan
56.5099,6.8685,1.0161,0.1325,163.0725,0.0000,-80.7664,6.9215,0.7858,0.1405,0.2365,-2.6252,48.9419,44.4955,-0.0528,nan,nan,nan,nan
56.5324,6.8685,1.0161,0.1325,163.0725,0.0000,-80.7664,6.9214,0.7858,0.1405,0.2365,-2.6178,48.9431,44.4958,-0.0531,nan,nan,nan,nan
56.5594,6.8685,1.0161,0.1325,163.0726,-0.0000,-80.7665,6.9214,0.7858,0.1405,0.2365,-2.6106,48.9467,44.4951,-0.0599,nan,nan,nan,nan
56.5802,6.8685,1.0161,0.1325,163.0725,0.0000,-80.7665,6.9214,0.7858,0.1405,0.2365,-2.6126,48.9482,44.4943,-0.0641,nan,nan,nan,nan
56.6050,6.8685,1.0161,0.1325,163.0725,0.0000,-80.7665,6.9214,0.7858,0.1405,0.2365,-2.6235,48.9508,44.4949,-0.0677,nan,nan,nan,nan
56.6256,6.8685,1.0161,0.1325,163.0725,0.0000,-80.7665,6.9215,0.7858,0.1405,0.2365,-2.6308,48.9513,44.4968,-0.0691,nan,nan,nan,nan
56.6537,6.8685,1.0161,0.1325,163.0725,0.0000,-80.7665,6.9215,0.7858,0.1405,0.2365,-2.6388,48.9514,44.4993,-0.0731,nan,nan,nan,nan
56.6897,6.8685,1.0161,0.1325,163.0725,-0.0000,-80.7664,6.9215,0.7858,0.1405,0.2365,-2.6548,48.9503,44.5025,-0.0788,nan,nan,nan,nan
56.7164,6.8685,1.0161,0.1325,163.0725,-0.0000,-80.7664,6.9216,0.7858,0.1404,0.2364,-2.6628,48.9488,44.5047,-0.0760,nan,nan,nan,nan
56.7442,6.8685,1.0161,0.1325,163.0725,0.0000,-80.7664,6.9216,0.7858,0.1404,0.2364,-2.6675,48.9465,44.5062,-0.0736,nan,nan,nan,nan
56.7686,6.8685,1.0161,0.1325,163.0725,0.0000,-80.7664,6.9216,0.7858,0.1405,0.2365,-2.6741,48.9423,44.5073,-0.0671,nan,nan,nan,nan
56.7899,6.8685,1.0161,0.1325,163.0725,-0.0000,-80.7664,6.9217,0.7858,0.1405,0.2365,-2.6854,48.9366,44.5056,-0.0542,nan,nan,nan,nan
56.8277,6.8685,1.0161,0.1325,163.0725,0.0000,-80.7664,6.9217,0.7858,0.1405,0.2365,-2.6928,48.9329,44.5019,-0.0459,nan,nan,nan,nan
56.8541,6.8685,1.0161,0.1325,163.0725,0.0000,-80.7664,6.9217,0.7858,0.1405,0.2365,-2.6948,48.9317,44.5010,-0.0457,nan,nan,nan,nan
56.8803,6.8685,1.0161,0.1325,163.0725,-0.0000,-80.7664,6.9217,0.7858,0.1405,0.2365,-2.6955,48.9317,44.5014,-0.0446,nan,nan,nan,nan
56.9184,6.8685,1.0161,0.1325,163.0725,-0.0000,-80.7664,6.9217,0.7858,0.1405,0.2365,-2.6943,48.9311,44.4980,-0.0445,nan,nan,nan,nan
56.9459,6.8685,1.0161,0.1325,163.0725,-0.0000,-80.7664,6.9217,0.7858,0.1405,0.2365,-2.6926,48.9293,44.4965,-0.0451,nan,nan,nan,nan
56.9745,6.8685,1.0161,0.1325,163.0725,-0.0000,-80.7664,6.9217,0.7858,0.1405,0.2365,-2.6892,48.9284,44.4935,-0.0506,nan,nan,nan,nan
57.0011,6.8685,1.0161,0.1325,163.0725,0.0000,-80.7665,6.9217,0.7858,0.1405,0.2365,-2.6896,48.9279,44.4919,-0.0607,nan,nan,nan,nan
57.0326,6.8685,1.0161,0.1325,163.0725,-0.0000,-80.7665,6.9218,0.7858,0.1405,0.2365,-2.6983,48.9261,44.4911,-0.0693,nan,nan,nan,nan
57.0628,6.8685,1.0161,0.1325,163.0725,-0.0000,-80.7665,6.9218,0.7858,0.1405,0.2365,-2.7163,48.9259,44.4903,-0.0727,nan,nan,nan,nan
57.0907,6.8685,1.0161,0.1325,163.0725,-0.0000,-80.7665,6.9219,0.7858,0.1405,0.2365,-2.7349,48.9252,44.4909,-0.0706,nan,nan,nan,nan
57.1185,6.8685,1.0161,0.1325,163.0725,0.0000,-80.7665,6.9220,0.7859,0.1405,0.2365,-2.7531,48.9253,44.4920,-0.0677,nan,nan,nan,nan
57.1436,6.8685,1.0161,0.1325,163.0725,-0.0001,-80.7665,6.9220,0.7859,0.1404,0.2365,-2.7637,48.9258,44.4935,-0.0669,nan,nan,nan,nan
57.1817,6.8685,1.0161,0.1325,163.0725,-0.0000,-80.7665,6.9221,0.7859,0.1404,0.2365,-2.7814,48.9261,44.4953,-0.0666,nan,nan,nan,nan
57.2126,6.8685,1.0161,0.1325,163.0725,-0.0001,-80.7664,6.9221,0.7859,0.1404,0.2365,-2.7971,48.9266,44.4942,-0.0666,nan,nan,nan,nan
57.2392,6.8685,1.0161,0.1325,163.0725,-0.0001,-80.7664,6.9222,0.7859,0.1404,0.2365,-2.8099,48.9277,44.4934,-0.0712,nan,nan,nan,nan
57.2642,6.8685,1.0161,0.1325,163.0725,0.0000,-80.7664,6.9222,0.7859,0.1404,0.2365,-2.8139,48.9277,44.4932,-0.0728,nan,nan,nan,nan
57.2969,6.8685,1.0161,0.1325,163.0725,-0.0000,-80.7664,6.9223,0.7859,0.1404,0.2365,-2.8311,48.9265,44.4898,-0.0819,nan,nan,nan,nan
57.3225,6.8685,1.0161,0.1325,163.0725,-0.0000,-80.7664,6.9223,0.7859,0.1404,0.2365,-2.8493,48.9243,44.4859,-0.0845,nan,nan,nan,nan
57.3433,6.8685,1.0161,0.1325,163.0727,0.0001,-80.7664,6.9224,0.7859,0.1403,0.2365,-2.8740,48.9217,44.4853,-0.0823,nan,nan,nan,nan
57.3679,6.8685,1.0161,0.1325,163.0725,0.0001,-80.7665,6.9225,0.7860,0.1403,0.2365,-2.9007,48.9181,44.4848,-0.0830,nan,nan,nan,nan
57.4017,6.8685,1.0161,0.1325,163.0725,0.0001,-80.7665,6.9226,0.7860,0.1403,0.2365,-2.9244,48.9130,44.4858,-0.0864,nan,nan,nan,nan
57.4291,6.8685,1.0161,0.1325,163.0725,0.0001,-80.7665,6.9227,0.7860,0.1403,0.2365,-2.9365,48.9112,44.4872,-0.0899,nan,nan,nan,nan
57.4550,6.8685,1.0161,0.1325,163.0725,-0.0000,-80.7665,6.9227,0.7860,0.1403,0.2365,-2.9495,48.9096,44.4875,-0.0954,nan,nan,nan,nan
57.4845,6.8685,1.0161,0.1325,163.0731,0.0000,-80.7664,6.9228,0.7860,0.1403,0.2366,-2.9591,48.9097,44.4864,-0.1014,nan,nan,nan,nan
57.5123,6.8685,1.0161,0.1325,163.0725,0.0000,-80.7664,6.9228,0.7860,0.1403,0.2366,-2.9645,48.9095,44.4803,-0.1020,nan,nan,nan,nan
57.5374,6.8685,1.0161,0.1325,163.0725,0.0000,-80.7664,6.9228,0.7860,0.1403,0.2366,-2.9659,48.9087,44.4724,-0.0991,nan,nan,nan,nan
57.5691,6.8685,1.0161,0.1325,163.0725,-0.0000,-80.7665,6.9228,0.7860,0.1403,0.2366,-2.9694,48.9102,44.4650,-0.0909,nan,nan,nan,nan
57.5937,6.8685,1.0161,0.1325,163.0725,-0.0000,-80.7665,6.9228,0.7860,0.1403,0.2366,-2.9690,48.9121,44.4621,-0.0895,nan,nan,nan,nan
57.6227,6.8685,1.0161,0.1325,163.0725,-0.0000,-80.7665,6.9228,0.7860,0.1403,0.2366,-2.9660,48.9155,44.4611,-0.0894,nan,nan,nan,nan
57.6550,6.8685,1.0161,0.1325,163.0725,-0.0001,-80.7664,6.9228,0.7860,0.1403,0.2366,-2.9612,48.9177,44.4643,-0.0865,nan,nan,nan,nan
57.6870,6.8685,1.0161,0.1325,163.0725,-0.0000,-80.7664,6.9228,0.7860,0.1403,0.2366,-2.9523,48.9218,44.4706,-0.0804,nan,nan,nan,nan
57.7146,6.8685,1.0161,0.1325,163.0725,-0.0000,-80.7664,6.9227,0.7860,0.1403,0.2366,-2.9436,48.9246,44.4742,-0.0761,nan,nan,nan,nan
57.7419,6.8685,1.0161,0.1325,163.0725,0.0001,-80.7664,6.9227,0.7860,0.1403,0.2366,-2.9396,48.9250,44.4752,-0.0759,nan,nan,nan,nan
57.7776,6.8685,1.0161,0.1325,163.0725,0.0000,-80.7664,6.9226,0.7860,0.1403,0.2366,-2.9209,48.9254,44.4766,-0.0793,nan,nan,nan,nan
57.8096,6.8685,1.0161,0.1325,163.0725,-0.0000,-80.7664,6.9225,0.7860,0.1403,0.2366,-2.8994,48.9246,44.4758,-0.0820,nan,nan,nan,nan
57.8317,6.8685,1.0161,0.1325,163.0725,-0.0000,-80.7664,6.9225,0.7859,0.1403,0.2366,-2.8800,48.9224,44.4783,-0.0855,nan,nan,nan,nan
57.8576,6.8685,1.0161,0.1325,163.0725,0.0000,-80.7664,6.9224,0.7859,0.1404,0.2365,-2.8737,48.9219,44.4793,-0.0859,nan,nan,nan,nan
57.8888,6.8685,1.0161,0.1325,163.0725,0.0000,-80.7664,6.9224,0.7859,0.1404,0.2366,-2.8555,48.9203,44.4804,-0.0843,nan,nan,nan,nan
57.9111,6.8685,1.0161,0.1325,163.0725,0.0000,-80.7664,6.9224,0.7859,0.1404,0.2365,-2.8496,48.9199,44.4816,-0.0865,nan,nan,nan,nan
57.9372,6.8685,1.0161,0.1325,163.0725,-0.0000,-80.7664,6.9224,0.7859,0.1404,0.2365,-2.8489,48.9195,44.4829,-0.0877,nan,nan,nan,nan
57.9638,6.8685,1.0161,0.1325,163.0725,-0.0000,-80.7665,6.9224,0.7859,0.1404,0.2365,-2.8490,48.9181,44.4829,-0.0872,nan,nan,nan,nan
57.9888,6.8685,1.0161,0.1325,163.0725,-0.0000,-80.7665,6.9224,0.7859,0.1404,0.2365,-2.8493,48.9152,44.4834,-0.0857,nan,nan,nan,nan
58.0089,6.8685,1.0161,0.1325,163.0725,-0.0000,-80.7665,6.9224,0.7859,0.1404,0.2365,-2.8489,48.9148,44.4836,-0.0835,nan,nan,nan,nan
58.0314,6.8685,1.0161,0.1325,163.0725,-0.0000,-80.7665,6.9224,0.7859,0.1404,0.2365,-2.8487,48.9137,44.4852,-0.0734,nan,nan,nan,nan
58.0531,6.8685,1.0161,0.1325,163.0725,0.0000,-80.7665,6.9224,0.7859,0.1404,0.2365,-2.8486,48.9131,44.4858,-0.0686,nan,nan,nan,nan
58.0810,6.8685,1.0161,0.1325,163.0725,0.0000,-80.7664,6.9224,0.7859,0.1404,0.2365,-2.8477,48.9092,44.4907,-0.0588,nan,nan,nan,nan
58.1177,6.8685,1.0161,0.1325,163.0725,-0.0001,-80.7664,6.9223,0.7859,0.1404,0.2365,-2.8434,48.9078,44.4932,-0.0556,nan,nan,nan,nan
58.1411,6.8685,1.0161,0.1325,163.0725,-0.0001,-80.7664,6.9223,0.7859,0.1404,0.2365,-2.8417,48.9082,44.4953,-0.0562,nan,nan,nan,nan
58.1655,6.8685,1.0161,0.1325,163.0725,-0.0000,-80.7664,6.9223,0.7859,0.1404,0.2365,-2.8414,48.9079,44.4984,-0.0585,nan,nan,nan,nan
58.2010,6.8685,1.0161,0.1325,163.0725,0.0000,-80.7665,6.9224,0.7860,0.1404,0.2365,-2.8488,48.9062,44.5040,-0.0656,nan,nan,nan,nan
58.2222,6.8685,1.0161,0.1325,163.0725,0.0000,-80.7665,6.9224,0.7860,0.1404,0.2365,-2.8551,48.9042,44.5061,-0.0666,nan,nan,nan,nan
58.2443,6.8685,1.0161,0.1325,163.0725,-0.0000,-80.7664,6.9224,0.7860,0.1404,0.2365,-2.8656,48.9021,44.5068,-0.0677,nan,nan,nan,nan
58.2800,6.8685,1.0161,0.1325,163.0725,0.0000,-80.7664,6.9225,0.7860,0.1404,0.2365,-2.8748,48.9010,44.5041,-0.0655,nan,nan,nan,nan
58.3049,6.8685,1.0161,0.1325,163.0725,0.0001,-80.7665,6.9225,0.7860,0.1404,0.2365,-2.8808,48.8999,44.5002,-0.0604,nan,nan,nan,nan
58.3372,6.8685,1.0161,0.1325,163.0725,-0.0000,-80.7665,6.9225,0.7860,0.1404,0.2365,-2.8799,48.9008,44.4981,-0.0534,nan,nan,nan,nan
58.3622,6.8685,1.0161,0.1325,163.0725,-0.0000,-80.7664,6.9225,0.7860,0.1404,0.2365,-2.8732,48.9007,44.4982,-0.0543,nan,nan,nan,nan
58.3831,6.8685,1.0161,0.1325,163.0725,-0.0000,-80.7664,6.9224,0.7859,0.1404,0.2365,-2.8636,48.9010,44.4976,-0.0630,nan,nan,nan,nan
58.4078,6.8685,1.0161,0.1325,163.0725,0.0000,-80.7664,6.9224,0.7859,0.1404,0.2365,-2.8571,48.9011,44.4977,-0.0722,nan,nan,nan,nan
58.4428,6.8685,1.0161,0.1325,163.0725,-0.0000,-80.7664,6.9224,0.7859,0.1404,0.2365,-2.8502,48.9009,44.4985,-0.0815,nan,nan,nan,nan
58.4732,6.8685,1.0161,0.1325,163.0725,0.0000,-80.7665,6.9223,0.7859,0.1404,0.2365,-2.8440,48.9032,44.4986,-0.0844,nan,nan,nan,nan
58.5023,6.8685,1.0161,0.1325,163.0725,-0.0000,-80.7664,6.9223,0.7859,0.1404,0.2365,-2.8357,48.9102,44.4969,-0.0841,nan,nan,nan,nan
58.5282,6.8685,1.0161,0.1325,163.0725,-0.0000,-80.7664,6.9223,0.7859,0.1404,0.2365,-2.8316,48.9166,44.4950,-0.0865,nan,nan,nan,nan
58.5598,6.8685,1.0161,0.1325,163.0725,0.0000,-80.7665,6.9223,0.7859,0.1404,0.2365,-2.8331,48.9206,44.4949,-0.0917,nan,nan,nan,nan
58.5924,6.8685,1.0161,0.1325,163.0725,-0.0000,-80.7665,6.9223,0.7859,0.1404,0.2365,-2.8358,48.9217,44.4939,-0.0942,nan,nan,nan,nan
58.6181,6.8685,1.0161,0.1325,163.0725,-0.0000,-80.7665,6.9223,0.7859,0.1404,0.2365,-2.8357,48.9215,44.4945,-0.0941,nan,nan,nan,nan
58.6457,6.8685,1.0161,0.1325,163.0725,-0.0000,-80.7665,6.9223,0.7859,0.1404,0.2365,-2.8348,48.9216,44.4952,-0.0924,nan,nan,nan,nan
58.6821,6.8685,1.0161,0.1325,163.0725,-0.0000,-80.7664,6.9223,0.7859,0.1404,0.2365,-2.8313,48.9207,44.4994,-0.0931,nan,nan,nan,nan
58.7089,6.8685,1.0161,0.1325,163.0725,-0.0000,-80.7664,6.9222,0.7859,0.1404,0.2365,-2.8278,48.9206,44.5019,-0.0935,nan,nan,nan,nan
58.7316,6.8685,1.0161,0.1325,163.0727,0.0000,-80.7664,6.9222,0.7859,0.1404,0.2365,-2.8224,48.9230,44.5027,-0.0935,nan,nan,nan,nan
58.7597,6.8685,1.0161,0.1325,163.0725,0.0000,-80.7665,6.9222,0.7859,0.1404,0.2365,-2.8197,48.9236,44.5010,-0.0943,nan,nan,nan,nan
58.7834,6.8685,1.0161,0.1325,163.0725,0.0000,-80.7665,6.9222,0.7859,0.1404,0.2365,-2.8216,48.9209,44.5001,-0.0943,nan,nan,nan,nan
58.8041,6.8685,1.0161,0.1325,163.0725,0.0000,-80.7665,6.9222,0.7859,0.1404,0.2365,-2.8257,48.9190,44.4986,-0.0899,nan,nan,nan,nan
58.8279,6.8685,1.0161,0.1325,163.0725,0.0000,-80.7664,6.9223,0.7859,0.1404,0.2365,-2.8333,48.9166,44.5007,-0.0808,nan,nan,nan,nan
58.8520,6.8685,1.0161,0.1325,163.0725,0.0000,-80.7665,6.9223,0.7860,0.1404,0.2365,-2.8390,48.9157,44.5048,-0.0730,nan,nan,nan,nan
58.8761,6.8685,1.0161,0.1325,163.0725,0.0000,-80.7665,6.9223,0.7860,0.1404,0.2365,-2.8436,48.9163,44.5062,-0.0684,nan,nan,nan,nan
58.9030,6.8685,1.0161,0.1325,163.0725,0.0000,-80.7665,6.9223,0.7860,0.1403,0.2365,-2.8463,48.9163,44.5077,-0.0639,nan,nan,nan,nan
58.9256,6.8685,1.0161,0.1325,163.0725,-0.0000,-80.7665,6.9223,0.7860,0.1403,0.2365,-2.8467,48.9156,44.5091,-0.0620,nan,nan,nan,nan
58.9459,6.8685,1.0161,0.1325,163.0725,0.0001,-80.7665,6.9223,0.7860,0.1403,0.2365,-2.8503,48.9151,44.5144,-0.0534,nan,nan,nan,nan
58.9720,6.8685,1.0161,0.1325,163.0725,0.0001,-80.7665,6.9224,0.7860,0.1403,0.2365,-2.8612,48.9160,44.5171,-0.0431,nan,nan,nan,nan
58.9985,6.8685,1.0161,0.1325,163.0725,0.0001,-80.7665,6.9224,0.7860,0.1403,0.2365,-2.8684,48.9174,44.5169,-0.0326,nan,nan,nan,nan
59.0264,6.8685,1.0161,0.1325,163.0725,0.0000,-80.7665,6.9224,0.7860,0.1403,0.2365,-2.8716,48.9182,44.5164,-0.0251,nan,nan,nan,nan
59.0511,6.8685,1.0161,0.1325,163.0725,-0.0000,-80.7665,6.9224,0.7860,0.1403,0.2365,-2.8736,48.9184,44.5166,-0.0158,nan,nan,nan,nan
59.0769,6.8685,1.0161,0.1325,163.0725,-0.0000,-80.7664,6.9224,0.7860,0.1403,0.2365,-2.8691,48.9204,44.5172,-0.0078,nan,nan,nan,nan
59.1008,6.8685,1.0161,0.1325,163.0725,-0.0000,-80.7664,6.9223,0.7860,0.1403,0.2365,-2.8538,48.9223,44.5175,-0.0012,nan,nan,nan,nan
59.1259,6.8685,1.0161,0.1325,163.0725,-0.0000,-80.7664,6.9223,0.7860,0.1403,0.2365,-2.8459,48.9233,44.5169,0.0004,nan,nan,nan,nan
59.1535,6.8685,1.0161,0.1325,163.0725,0.0001,-80.7664,6.9221,0.7860,0.1403,0.2365,-2.8077,48.9259,44.5130,0.0005,nan,nan,nan,nan
59.1788,6.8685,1.0161,0.1325,163.0725,-0.0000,-80.7664,6.9220,0.7859,0.1404,0.2365,-2.7597,48.9284,44.5113,-0.0096,nan,nan,nan,nan
59.2100,6.8685,1.0161,0.1325,163.0725,0.0000,-80.7664,6.9218,0.7859,0.1405,0.2365,-2.7084,48.9267,44.5119,-0.0149,nan,nan,nan,nan
59.2384,6.8685,1.0161,0.1325,163.0725,0.0000,-80.7664,6.9216,0.7858,0.1405,0.2365,-2.6601,48.9220,44.5170,-0.0171,nan,nan,nan,nan
59.2660,6.8685,1.0161,0.1325,163.0725,0.0000,-80.7664,6.9215,0.7858,0.1406,0.2365,-2.6398,48.9196,44.5194,-0.0199,nan,nan,nan,nan
59.2903,6.8685,1.0161,0.1325,163.0725,-0.0000,-80.7664,6.9214,0.7858,0.1406,0.2365,-2.6138,48.9156,44.5221,-0.0285,nan,nan,nan,nan
59.3285,6.8685,1.0161,0.1325,163.0725,-0.0000,-80.7664,6.9213,0.7858,0.1406,0.2364,-2.5915,48.9102,44.5266,-0.0382,nan,nan,nan,nan
59.3540,6.8685,1.0161,0.1325,163.0725,-0.0000,-80.7664,6.9213,0.7858,0.1407,0.2364,-2.5768,48.9061,44.5292,-0.0441,nan,nan,nan,nan
59.3834,6.8685,1.0161,0.1325,163.0725,-0.0000,-80.7664,6.9212,0.7858,0.1407,0.2364,-2.5553,48.9009,44.5322,-0.0481,nan,nan,nan,nan
59.4153,6.8685,1.0161,0.1325,163.0725,0.0000,-80.7665,6.9211,0.7858,0.1407,0.2364,-2.5395,48.8980,44.5346,-0.0513,nan,nan,nan,nan
59.4471,6.8685,1.0161,0.1325,163.0725,0.0000,-80.7665,6.9211,0.7857,0.1408,0.2364,-2.5265,48.8949,44.5373,-0.0573,nan,nan,nan,nan
59.4740,6.8685,1.0161,0.1325,163.0725,0.0000,-80.7665,6.9211,0.7857,0.1408,0.2364,-2.5243,48.8941,44.5395,-0.0614,nan,nan,nan,nan
59.4984,6.8685,1.0161,0.1325,163.0725,0.0000,-80.7664,6.9211,0.7858,0.1407,0.2364,-2.5277,48.8926,44.5419,-0.0715,nan,nan,nan,nan
59.5224,6.8685,1.0161,0.1325,163.0725,-0.0000,-80.7664,6.9211,0.7858,0.1407,0.2364,-2.5375,48.8913,44.5455,-0.0829,nan,nan,nan,nan
59.5516,6.8685,1.0161,0.1325,163.0725,0.0000,-80.7664,6.9212,0.7858,0.1407,0.2364,-2.5563,48.8900,44.5506,-0.0906,nan,nan,nan,nan
59.5794,6.8685,1.0161,0.1325,163.0725,-0.0000,-80.7664,6.9213,0.7858,0.1407,0.2364,-2.5749,48.8901,44.5501,-0.0923,nan,nan,nan,nan
59.6167,6.8685,1.0161,0.1325,163.0725,0.0000,-80.7665,6.9214,0.7858,0.1407,0.2364,-2.5951,48.8899,44.5459,-0.1001,nan,nan,nan,nan
59.6403,6.8685,1.0161,0.1325,163.0725,0.0000,-80.7665,6.9214,0.7858,0.1407,0.2364,-2.6034,48.8896,44.5437,-0.1054,nan,nan,nan,nan
59.6604,6.8685,1.0161,0.1325,163.0725,-0.0000,-80.7664,6.9214,0.7858,0.1407,0.2364,-2.6106,48.8896,44.5413,-0.1067,nan,nan,nan,nan
59.6919,6.8685,1.0161,0.1325,163.0730,0.0000,-80.7665,6.9215,0.7858,0.1407,0.2365,-2.6223,48.8899,44.5370,-0.1022,nan,nan,nan,nan
59.7283,6.8685,1.0161,0.1325,163.0725,0.0000,-80.7665,6.9215,0.7858,0.1407,0.2365,-2.6249,48.8895,44.5323,-0.0995,nan,nan,nan,nan
59.7511,6.8685,1.0161,0.1325,163.0725,0.0000,-80.7665,6.9215,0.7858,0.1407,0.2365,-2.6222,48.8897,44.5279,-0.1009,nan,nan,nan,nan
59.7778,6.8685,1.0161,0.1325,163.0725,0.0000,-80.7665,6.9215,0.7858,0.1407,0.2365,-2.6187,48.8908,44.5251,-0.1008,nan,nan,nan,nan
59.8011,6.8685,1.0161,0.1325,163.0725,-0.0000,-80.7665,6.9214,0.7858,0.1407,0.2365,-2.6112,48.8925,44.5208,-0.0994,nan,nan,nan,nan
59.8310,6.8685,1.0161,0.1325,163.0725,-0.0000,-80.7664,6.9214,0.7858,0.1407,0.2365,-2.6035,48.8944,44.5198,-0.0977,nan,nan,nan,nan
59.8596,6.8685,1.0161,0.1325,163.0725,-0.0000,-80.7664,6.9214,0.7858,0.1407,0.2365,-2.5990,48.8974,44.5203,-0.0973,nan,nan,nan,nan
59.8873,6.8685,1.0161,0.1325,163.0725,-0.0000,-80.7664,6.9214,0.7858,0.1407,0.2365,-2.5963,48.8990,44.5215,-0.0975,nan,nan,nan,nan
59.9091,6.8685,1.0161,0.1325,163.0725,-0.0000,-80.7664,6.9214,0.7858,0.1407,0.2365,-2.5941,48.9017,44.5229,-0.0967,nan,nan,nan,nan
59.9390,6.8685,1.0161,0.1325,163.0725,0.0000,-80.7665,6.9214,0.7858,0.1407,0.2365,-2.5955,48.9075,44.5178,-0.0987,nan,nan,nan,nan
59.9610,6.8685,1.0161,0.1325,163.0725,0.0000,-80.7665,6.9214,0.7858,0.1406,0.2365,-2.5972,48.9090,44.5177,-0.0992,nan,nan,nan,nan
59.9878,6.8685,1.0161,0.1325,163.0725,0.0000,-80.7665,6.9214,0.7858,0.1406,0.2365,-2.6036,48.9102,44.5180,-0.1000,nan,nan,nan,nan
60.0152,6.8685,1.0161,0.1325,163.0725,-0.0000,-80.7664,6.9214,0.7858,0.1406,0.2365,-2.6062,48.9113,44.5178,-0.0999,nan,nan,nan,nan
60.0527,6.8685,1.0161,0.1325,163.0725,-0.0000,-80.7665,6.9214,0.7858,0.1406,0.2365,-2.6051,48.9131,44.5163,-0.0983,nan,nan,nan,nan
60.0753,6.8685,1.0161,0.1325,163.0725,-0.0000,-80.7665,6.9214,0.7858,0.1406,0.2365,-2.6034,48.9132,44.5154,-0.0979,nan,nan,nan,nan
60.0966,6.8685,1.0161,0.1325,163.0725,-0.0000,-80.7664,6.9214,0.7858,0.1406,0.2365,-2.6019,48.9120,44.5144,-0.0986,nan,nan,nan,nan
60.1265,6.8685,1.0161,0.1325,163.0725,0.0000,-80.7665,6.9214,0.7858,0.1407,0.2365,-2.5999,48.9109,44.5122,-0.0997,nan,nan,nan,nan
60.1501,6.8685,1.0161,0.1325,163.0725,0.0000,-80.7665,6.9214,0.7858,0.1407,0.2365,-2.5976,48.9108,44.5108,-0.0967,nan,nan,nan,nan
60.1772,6.8685,1.0161,0.1325,163.0725,-0.0000,-80.7665,6.9214,0.7858,0.1407,0.2365,-2.5950,48.9115,44.5086,-0.0931,nan,nan,nan,nan
60.2084,6.8685,1.0161,0.1325,163.0725,0.0000,-80.7665,6.9214,0.7857,0.1407,0.2365,-2.5930,48.9131,44.5033,-0.0875,nan,nan,nan,nan
60.2341,6.8685,1.0161,0.1325,163.0725,0.0000,-80.7665,6.9214,0.7857,0.1407,0.2365,-2.5940,48.9124,44.5024,-0.0864,nan,nan,nan,nan
60.2576,6.8685,1.0161,0.1325,163.0725,0.0000,-80.7665,6.9214,0.7857,0.1407,0.2365,-2.5952,48.9125,44.4992,-0.0857,nan,nan,nan,nan
60.2930,6.8685,1.0161,0.1325,163.0725,0.0000,-80.7665,6.9214,0.7857,0.1407,0.2365,-2.6040,48.9147,44.4933,-0.0898,nan,nan,nan,nan
60.3250,6.8685,1.0161,0.1325,163.0725,-0.0000,-80.7665,6.9215,0.7857,0.1406,0.2365,-2.6220,48.9167,44.4899,-0.0909,nan,nan,nan,nan
60.3578,6.8685,1.0161,0.1325,163.0725,0.0000,-80.7665,6.9216,0.7857,0.1406,0.2365,-2.6426,48.9182,44.4842,-0.0863,nan,nan,nan,nan
60.3906,6.8685,1.0161,0.1325,163.0725,-0.0001,-80.7665,6.9216,0.7858,0.1406,0.2366,-2.6599,48.9204,44.4789,-0.0697,nan,nan,nan,nan
60.4256,6.8685,1.0161,0.1325,163.0725,0.0000,-80.7664,6.9217,0.7858,0.1406,0.2366,-2.6760,48.9243,44.4753,-0.0470,nan,nan,nan,nan
60.4477,6.8685,1.0161,0.1325,163.0725,0.0000,-80.7664,6.9217,0.7858,0.1406,0.2366,-2.6875,48.9271,44.4713,-0.0378,nan,nan,nan,nan
60.4755,6.8685,1.0161,0.1325,163.0725,0.0000,-80.7664,6.9218,0.7858,0.1406,0.2366,-2.6949,48.9289,44.4676,-0.0354,nan,nan,nan,nan
60.5118,6.8685,1.0161,0.1325,163.0725,0.0000,-80.7665,6.9218,0.7858,0.1405,0.2366,-2.7026,48.9325,44.4639,-0.0319,nan,nan,nan,nan
60.5384,6.8685,1.0161,0.1325,163.0725,0.0000,-80.7665,6.9218,0.7858,0.1405,0.2366,-2.7103,48.9350,44.4624,-0.0289,nan,nan,nan,nan
60.5641,6.8685,1.0161,0.1325,163.0725,0.0001,-80.7665,6.9218,0.7858,0.1405,0.2366,-2.7155,48.9357,44.4614,-0.0285,nan,nan,nan,nan
60.5910,6.8685,1.0161,0.1325,163.0725,0.0000,-80.7664,6.9219,0.7858,0.1405,0.2366,-2.7207,48.9364,44.4623,-0.0292,nan,nan,nan,nan
60.6260,6.8685,1.0161,0.1325,163.0725,-0.0000,-80.7664,6.9218,0.7858,0.1405,0.2366,-2.7179,48.9379,44.4622,-0.0266,nan,nan,nan,nan
60.6499,6.8685,1.0161,0.1325,163.0725,-0.0000,-80.7664,6.9218,0.7858,0.1405,0.2366,-2.7134,48.9382,44.4619,-0.0261,nan,nan,nan,nan
60.6787,6.8685,1.0161,0.1325,163.0725,0.0000,-80.7664,6.9218,0.7858,0.1405,0.2366,-2.7023,48.9389,44.4628,-0.0265,nan,nan,nan,nan
60.7159,6.8685,1.0161,0.1325,163.0725,0.0001,-80.7664,6.9217,0.7858,0.1405,0.2366,-2.6885,48.9400,44.4643,-0.0253,nan,nan,nan,nan
60.7504,6.8685,1.0161,0.1325,163.0725,-0.0000,-80.7664,6.9217,0.7858,0.1405,0.2366,-2.6684,48.9405,44.4669,-0.0261,nan,nan,nan,nan
60.7746,6.8685,1.0161,0.1325,163.0725,0.0000,-80.7664,6.9216,0.7857,0.1406,0.2365,-2.6486,48.9382,44.4696,-0.0250,nan,nan,nan,nan
60.7958,6.8685,1.0161,0.1325,163.0725,0.0000,-80.7664,6.9215,0.7857,0.1406,0.2365,-2.6355,48.9363,44.4724,-0.0247,nan,nan,nan,nan
60.8213,6.8685,1.0161,0.1325,163.0725,-0.0000,-80.7664,6.9215,0.7857,0.1406,0.2365,-2.6267,48.9353,44.4734,-0.0232,nan,nan,nan,nan
60.8465,6.8685,1.0161,0.1325,163.0725,-0.0000,-80.7664,6.9215,0.7857,0.1406,0.2365,-2.6251,48.9340,44.4747,-0.0224,nan,nan,nan,nan
60.8713,6.8685,1.0161,0.1325,163.0725,0.0000,-80.7665,6.9215,0.7857,0.1406,0.2365,-2.6278,48.9326,44.4722,-0.0205,nan,nan,nan,nan
60.8955,6.8685,1.0161,0.1325,163.0725,0.0000,-80.7665,6.9215,0.7857,0.1406,0.2366,-2.6275,48.9321,44.4682,-0.0215,nan,nan,nan,nan
60.9173,6.8685,1.0161,0.1325,163.0725,0.0000,-80.7664,6.9215,0.7857,0.1406,0.2366,-2.6273,48.9310,44.4685,-0.0225,nan,nan,nan,nan
60.9473,6.8685,1.0161,0.1325,163.0725,0.0000,-80.7665,6.9215,0.7857,0.1406,0.2366,-2.6279,48.9283,44.4677,-0.0248,nan,nan,nan,nan
60.9774,6.8685,1.0161,0.1325,163.0725,-0.0001,-80.7664,6.9215,0.7857,0.1406,0.2366,-2.6269,48.9266,44.4708,-0.0250,nan,nan,nan,nan
61.0151,6.8685,1.0161,0.1325,163.0725,-0.0000,-80.7664,6.9215,0.7857,0.1406,0.2365,-2.6274,48.9265,44.4765,-0.0269,nan,nan,nan,nan
61.0373,6.8685,1.0161,0.1325,163.0725,-0.0000,-80.7664,6.9215,0.7857,0.1406,0.2365,-2.6297,48.9276,44.4807,-0.0296,nan,nan,nan,nan
61.0581,6.8685,1.0161,0.1325,163.0725,0.0000,-80.7664,6.9215,0.7858,0.1406,0.2365,-2.6371,48.9290,44.4843,-0.0309,nan,nan,nan,nan
61.0807,6.8685,1.0161,0.1325,163.0725,0.0000,-80.7664,6.9216,0.7858,0.1406,0.2365,-2.6655,48.9293,44.4864,-0.0261,nan,nan,nan,nan
61.1148,6.8685,1.0161,0.1325,163.0725,0.0000,-80.7664,6.9218,0.7858,0.1405,0.2365,-2.7018,48.9279,44.4881,-0.0220,nan,nan,nan,nan
61.1438,6.8685,1.0161,0.1325,163.0725,0.0000,-80.7665,6.9220,0.7859,0.1404,0.2365,-2.7622,48.9248,44.4918,-0.0175,nan,nan,nan,nan
61.1737,6.8685,1.0161,0.1325,163.0725,0.0000,-80.7665,6.9222,0.7859,0.1404,0.2365,-2.8201,48.9204,44.4996,-0.0173,nan,nan,nan,nan
61.2013,6.8685,1.0161,0.1325,163.0725,0.0000,-80.7665,6.9224,0.7860,0.1403,0.2365,-2.8445,48.9186,44.5048,-0.0133,nan,nan,nan,nan
61.2268,6.8685,1.0161,0.1325,163.0725,0.0001,-80.7665,6.9224,0.7860,0.1403,0.2365,-2.8743,48.9160,44.5123,-0.0068,nan,nan,nan,nan
61.2592,6.8685,1.0161,0.1325,163.0725,-0.0000,-80.7664,6.9225,0.7860,0.1403,0.2365,-2.8955,48.9139,44.5161,-0.0046,nan,nan,nan,nan
61.2829,6.8685,1.0161,0.1325,163.0725,-0.0000,-80.7664,6.9226,0.7860,0.1403,0.2365,-2.9084,48.9118,44.5182,-0.0039,nan,nan,nan,nan
61.3111,6.8685,1.0161,0.1325,163.0725,0.0000,-80.7665,6.9226,0.7860,0.1403,0.2365,-2.9155,48.9112,44.5171,-0.0023,nan,nan,nan,nan
61.3402,6.8685,1.0161,0.1325,163.0725,0.0000,-80.7665,6.9226,0.7860,0.1403,0.2365,-2.9239,48.9103,44.5130,-0.0002,nan,nan,nan,nan
61.3674,6.8685,1.0161,0.1325,163.0725,0.0000,-80.7665,6.9226,0.7860,0.1403,0.2365,-2.9289,48.9109,44.5071,0.0069,nan,nan,nan,nan
61.3953,6.8685,1.0161,0.1325,163.0725,0.0000,-80.7665,6.9227,0.7860,0.1403,0.2365,-2.9325,48.9119,44.5041,0.0144,nan,nan,nan,nan
61.4301,6.8685,1.0161,0.1325,163.0726,0.0000,-80.7665,6.9227,0.7860,0.1403,0.2365,-2.9401,48.9144,44.5006,0.0323,nan,nan,nan,nan
61.4638,6.8685,1.0161,0.1325,163.0726,-0.0000,-80.7665,6.9227,0.7860,0.1402,0.2365,-2.9554,48.9195,44.4959,0.0514,nan,nan,nan,nan
61.4874,6.8685,1.0161,0.1325,163.0726,-0.0000,-80.7665,6.9228,0.7861,0.1402,0.2365,-2.9688,48.9219,44.4964,0.0486,nan,nan,nan,nan
61.5140,6.8685,1.0161,0.1325,163.0726,-0.0000,-80.7664,6.9228,0.7861,0.1402,0.2365,-2.9780,48.9231,44.4976,0.0473,nan,nan,nan,nan
61.5383,6.8685,1.0161,0.1325,163.0725,-0.0000,-80.7664,6.9229,0.7861,0.1402,0.2365,-2.9952,48.9259,44.4986,0.0481,nan,nan,nan,nan
61.5590,6.8685,1.0161,0.1325,163.0726,-0.0000,-80.7664,6.9229,0.7861,0.1401,0.2365,-3.0072,48.9265,44.4959,0.0487,nan,nan,nan,nan
61.5848,6.8685,1.0161,0.1325,163.0726,-0.0000,-80.7664,6.9230,0.7861,0.1401,0.2365,-3.0144,48.9253,44.4938,0.0481,nan,nan,nan,nan
61.6059,6.8685,1.0161,0.1325,163.0725,-0.0000,-80.7664,6.9230,0.7861,0.1401,0.2365,-3.0214,48.9233,44.4919,0.0497,nan,nan,nan,nan
61.6351,6.8685,1.0161,0.1325,163.0726,-0.0001,-80.7664,6.9231,0.7861,0.1401,0.2365,-3.0368,48.9206,44.4867,0.0507,nan,nan,nan,nan
61.6671,6.8685,1.0161,0.1325,163.0729,-0.0000,-80.7664,6.9231,0.7861,0.1401,0.2365,-3.0523,48.9184,44.4832,0.0534,nan,nan,nan,nan
61.6905,6.8685,1.0161,0.1325,163.0729,-0.0000,-80.7664,6.9232,0.7861,0.1401,0.2366,-3.0622,48.9163,44.4796,0.0593,nan,nan,nan,nan
61.7111,6.8685,1.0161,0.1325,163.0725,0.0000,-80.7664,6.9232,0.7861,0.1402,0.2366,-3.0687,48.9129,44.4756,0.0657,nan,nan,nan,nan
61.7341,6.8685,1.0161,0.1325,163.0725,0.0000,-80.7664,6.9232,0.7861,0.1402,0.2366,-3.0706,48.9102,44.4709,0.0732,nan,nan,nan,nan
61.7555,6.8685,1.0161,0.1325,163.0725,-0.0000,-80.7664,6.9232,0.7861,0.1402,0.2366,-3.0700,48.9059,44.4718,0.0865,nan,nan,nan,nan
61.7812,6.8685,1.0161,0.1325,163.0725,-0.0000,-80.7664,6.9232,0.7861,0.1402,0.2366,-3.0687,48.9054,44.4732,0.0931,nan,nan,nan,nan
61.8175,6.8685,1.0161,0.1325,163.0725,0.0000,-80.7664,6.9232,0.7861,0.1402,0.2366,-3.0683,48.9078,44.4732,0.0935,nan,nan,nan,nan
61.8406,6.8685,1.0161,0.1325,163.0725,0.0000,-80.7664,6.9232,0.7861,0.1402,0.2366,-3.0693,48.9090,44.4722,0.0925,nan,nan,nan,nan
61.8679,6.8685,1.0161,0.1325,163.0725,0.0000,-80.7664,6.9232,0.7861,0.1402,0.2366,-3.0690,48.9120,44.4648,0.0968,nan,nan,nan,nan
61.8894,6.8685,1.0161,0.1325,163.0725,0.0000,-80.7664,6.9232,0.7860,0.1402,0.2366,-3.0679,48.9128,44.4600,0.0996,nan,nan,nan,nan
61.9135,6.8685,1.0161,0.1325,163.0725,0.0000,-80.7664,6.9232,0.7860,0.1402,0.2366,-3.0700,48.9119,44.4520,0.1089,nan,nan,nan,nan
61.9376,6.8685,1.0161,0.1325,163.0725,0.0000,-80.7664,6.9233,0.7860,0.1402,0.2366,-3.0763,48.9103,44.4474,0.1095,nan,nan,nan,nan
61.9605,6.8685,1.0161,0.1325,163.0725,0.0000,-80.7664,6.9233,0.7860,0.1402,0.2367,-3.0775,48.9108,44.4437,0.1068,nan,nan,nan,nan
61.9859,6.8685,1.0161,0.1325,163.0725,0.0000,-80.7665,6.9233,0.7860,0.1402,0.2367,-3.0772,48.9110,44.4424,0.1054,nan,nan,nan,nan
62.0178,6.8685,1.0161,0.1325,163.0725,-0.0000,-80.7665,6.9233,0.7860,0.1402,0.2367,-3.0701,48.9107,44.4370,0.1009,nan,nan,nan,nan
62.0428,6.8685,1.0161,0.1325,163.0725,0.0000,-80.7665,6.9232,0.7860,0.1403,0.2367,-3.0529,48.9114,44.4288,0.0927,nan,nan,nan,nan
62.0644,6.8685,1.0161,0.1325,163.0725,0.0000,-80.7665,6.9232,0.7859,0.1403,0.2367,-3.0396,48.9123,44.4235,0.0939,nan,nan,nan,nan
62.0893,6.8685,1.0161,0.1325,163.0725,-0.0000,-80.7664,6.9231,0.7859,0.1403,0.2367,-3.0320,48.9128,44.4216,0.0953,nan,nan,nan,nan
62.1162,6.8685,1.0161,0.1325,163.0725,0.0000,-80.7664,6.9231,0.7859,0.1403,0.2367,-3.0220,48.9135,44.4201,0.0977,nan,nan,nan,nan
62.1378,6.8685,1.0161,0.1325,163.0725,0.0000,-80.7664,6.9231,0.7859,0.1403,0.2367,-3.0166,48.9134,44.4198,0.1000,nan,nan,nan,nan
62.1592,6.8685,1.0161,0.1325,163.0725,-0.0000,-80.7665,6.9231,0.7859,0.1403,0.2367,-3.0128,48.9141,44.4203,0.1046,nan,nan,nan,nan
62.1865,6.8685,1.0161,0.1325,163.0725,0.0000,-80.7665,6.9231,0.7859,0.1403,0.2367,-3.0123,48.9159,44.4215,0.1114,nan,nan,nan,nan
62.2153,6.8685,1.0161,0.1325,163.0727,-0.0000,-80.7665,6.9231,0.7859,0.1403,0.2367,-3.0153,48.9207,44.4207,0.1237,nan,nan,nan,nan
62.2413,6.8685,1.0161,0.1325,163.0725,-0.0000,-80.7664,6.9231,0.7859,0.1403,0.2367,-3.0166,48.9228,44.4234,0.1331,nan,nan,nan,nan
62.2763,6.8685,1.0161,0.1325,163.0725,-0.0000,-80.7664,6.9230,0.7859,0.1403,0.2367,-3.0127,48.9230,44.4235,0.1352,nan,nan,nan,nan
62.3012,6.8685,1.0161,0.1325,163.0725,-0.0000,-80.7664,6.9230,0.7859,0.1403,0.2367,-3.0098,48.9230,44.4257,0.1370,nan,nan,nan,nan
62.3228,6.8685,1.0161,0.1325,163.0725,0.0000,-80.7664,6.9230,0.7859,0.1403,0.2367,-3.0044,48.9246,44.4282,0.1384,nan,nan,nan,nan
62.3498,6.8685,1.0161,0.1325,163.0725,0.0000,-80.7664,6.9230,0.7859,0.1403,0.2367,-2.9940,48.9265,44.4297,0.1403,nan,nan,nan,nan
62.3762,6.8685,1.0161,0.1325,163.0725,0.0000,-80.7664,6.9229,0.7859,0.1403,0.2367,-2.9812,48.9270,44.4304,0.1354,nan,nan,nan,nan
62.3980,6.8685,1.0161,0.1325,163.0725,0.0000,-80.7664,6.9229,0.7859,0.1403,0.2367,-2.9735,48.9269,44.4330,0.1294,nan,nan,nan,nan
62.4228,6.8685,1.0161,0.1325,163.0725,-0.0000,-80.7664,6.9228,0.7859,0.1403,0.2366,-2.9632,48.9277,44.4367,0.1177,nan,nan,nan,nan
62.4443,6.8685,1.0161,0.1325,163.0725,-0.0000,-80.7664,6.9228,0.7859,0.1403,0.2366,-2.9614,48.9290,44.4363,0.1073,nan,nan,nan,nan
62.4696,6.8685,1.0161,0.1325,163.0725,0.0000,-80.7664,6.9228,0.7859,0.1403,0.2366,-2.9627,48.9291,44.4371,0.0938,nan,nan,nan,nan
62.5074,6.8685,1.0161,0.1325,163.0725,-0.0000,-80.7664,6.9228,0.7859,0.1403,0.2366,-2.9629,48.9280,44.4404,0.0734,nan,nan,nan,nan
62.5310,6.8685,1.0161,0.1325,163.0725,-0.0000,-80.7665,6.9228,0.7859,0.1403,0.2366,-2.9627,48.9262,44.4457,0.0602,nan,nan,nan,nan
62.5527,6.8685,1.0161,0.1325,163.0725,-0.0000,-80.7665,6.9228,0.7860,0.1403,0.2366,-2.9628,48.9267,44.4492,0.0551,nan,nan,nan,nan
62.5758,6.8685,1.0161,0.1325,163.0725,0.0000,-80.7665,6.9228,0.7860,0.1403,0.2366,-2.9636,48.9280,44.4560,0.0420,nan,nan,nan,nan
62.5960,6.8685,1.0161,0.1325,163.0725,-0.0000,-80.7665,6.9228,0.7860,0.1403,0.2366,-2.9657,48.9285,44.4589,0.0396,nan,nan,nan,nan
62.6216,6.8685,1.0161,0.1325,163.0725,-0.0000,-80.7665,6.9228,0.7860,0.1402,0.2366,-2.9676,48.9291,44.4629,0.0384,nan,nan,nan,nan
62.6472,6.8685,1.0161,0.1325,163.0725,-0.0000,-80.7665,6.9228,0.7860,0.1402,0.2366,-2.9672,48.9310,44.4637,0.0386,nan,nan,nan,nan
62.6673,6.8685,1.0161,0.1325,163.0725,-0.0000,-80.7665,6.9228,0.7860,0.1402,0.2366,-2.9604,48.9327,44.4653,0.0309,nan,nan,nan,nan
62.6913,6.8685,1.0161,0.1325,163.0725,0.0000,-80.7664,6.9228,0.7860,0.1402,0.2366,-2.9544,48.9327,44.4675,0.0239,nan,nan,nan,nan
62.7210,6.8685,1.0161,0.1325,163.0725,-0.0000,-80.7664,6.9227,0.7860,0.1403,0.2366,-2.9416,48.9311,44.4707,0.0174,nan,nan,nan,nan
62.7492,6.8685,1.0161,0.1325,163.0725,-0.0000,-80.7664,6.9227,0.7860,0.1403,0.2366,-2.9273,48.9271,44.4710,0.0159,nan,nan,nan,nan
62.7786,6.8685,1.0161,0.1325,163.0725,0.0000,-80.7664,6.9226,0.7859,0.1403,0.2366,-2.9094,48.9220,44.4671,0.0164,nan,nan,nan,nan
62.7989,6.8685,1.0161,0.1325,163.0725,0.0000,-80.7664,6.9225,0.7859,0.1404,0.2366,-2.8942,48.9190,44.4648,0.0126,nan,nan,nan,nan
62.8266,6.8685,1.0161,0.1325,163.0725,0.0000,-80.7664,6.9225,0.7859,0.1404,0.2366,-2.8798,48.9176,44.4649,0.0084,nan,nan,nan,nan
62.8521,6.8685,1.0161,0.1325,163.0725,-0.0000,-80.7664,6.9225,0.7859,0.1404,0.2366,-2.8713,48.9183,44.4657,0.0018,nan,nan,nan,nan
62.8779,6.8685,1.0161,0.1325,163.0725,-0.0000,-80.7664,6.9225,0.7859,0.1404,0.2366,-2.8714,48.9192,44.4681,-0.0019,nan,nan,nan,nan
62.9133,6.8685,1.0161,0.1325,163.0725,0.0000,-80.7664,6.9225,0.7859,0.1404,0.2366,-2.8805,48.9199,44.4677,0.0010,nan,nan,nan,nan
62.9348,6.8685,1.0161,0.1325,163.0725,0.0000,-80.7664,6.9225,0.7859,0.1404,0.2366,-2.8897,48.9194,44.4666,0.0027,nan,nan,nan,nan
62.9619,6.8685,1.0161,0.1325,163.0725,-0.0001,-80.7664,6.9226,0.7859,0.1404,0.2366,-2.8936,48.9192,44.4660,0.0010,nan,nan,nan,nan
62.9883,6.8685,1.0161,0.1325,163.0725,0.0000,-80.7664,6.9226,0.7859,0.1403,0.2366,-2.9088,48.9178,44.4676,-0.0083,nan,nan,nan,nan
63.0106,6.8685,1.0161,0.1325,163.0725,0.0000,-80.7664,6.9226,0.7859,0.1403,0.2366,-2.9193,48.9163,44.4702,-0.0113,nan,nan,nan,nan
63.0324,6.8685,1.0161,0.1325,163.0725,0.0001,-80.7664,6.9227,0.7860,0.1403,0.2366,-2.9255,48.9155,44.4718,-0.0166,nan,nan,nan,nan
63.0526,6.8685,1.0161,0.1325,163.0725,-0.0000,-80.7664,6.9227,0.7860,0.1403,0.2366,-2.9314,48.9156,44.4730,-0.0228,nan,nan,nan,nan
63.0847,6.8685,1.0161,0.1325,163.0725,0.0000,-80.7664,6.9227,0.7860,0.1403,0.2366,-2.9337,48.9165,44.4756,-0.0278,nan,nan,nan,nan
63.1181,6.8685,1.0161,0.1325,163.0725,0.0000,-80.7665,6.9227,0.7860,0.1403,0.2366,-2.9358,48.9157,44.4797,-0.0275,nan,nan,nan,nan
63.1495,6.8685,1.0161,0.1325,163.0725,-0.0000,-80.7665,6.9227,0.7860,0.1403,0.2366,-2.9369,48.9118,44.4814,-0.0308,nan,nan,nan,nan
63.1850,6.8685,1.0161,0.1325,163.0725,-0.0000,-80.7664,6.9227,0.7860,0.1403,0.2366,-2.9316,48.9079,44.4851,-0.0347,nan,nan,nan,nan
63.2159,6.8685,1.0161,0.1325,163.0725,-0.0000,-80.7664,6.9226,0.7860,0.1403,0.2365,-2.9211,48.9098,44.4900,-0.0371,nan,nan,nan,nan
63.2437,6.8685,1.0161,0.1325,163.0725,-0.0000,-80.7664,6.9226,0.7860,0.1403,0.2365,-2.9142,48.9137,44.4886,-0.0357,nan,nan,nan,nan
63.2664,6.8685,1.0161,0.1325,163.0725,-0.0000,-80.7664,6.9226,0.7860,0.1403,0.2365,-2.9090,48.9173,44.4873,-0.0326,nan,nan,nan,nan
63.2905,6.8685,1.0161,0.1325,163.0725,-0.0000,-80.7664,6.9226,0.7860,0.1403,0.2365,-2.9058,48.9206,44.4872,-0.0305,nan,nan,nan,nan
63.3209,6.8685,1.0161,0.1325,163.0725,-0.0001,-80.7664,6.9225,0.7860,0.1403,0.2365,-2.9008,48.9260,44.4864,-0.0299,nan,nan,nan,nan
63.3464,6.8685,1.0161,0.1325,163.0725,-0.0001,-80.7664,6.9225,0.7860,0.1403,0.2365,-2.8966,48.9315,44.4813,-0.0346,nan,nan,nan,nan
63.3699,6.8685,1.0161,0.1325,163.0726,-0.0001,-80.7665,6.9225,0.7860,0.1403,0.2365,-2.8948,48.9336,44.4781,-0.0367,nan,nan,nan,nan
63.3959,6.8685,1.0161,0.1325,163.0725,0.0000,-80.7664,6.9225,0.7860,0.1403,0.2365,-2.8971,48.9361,44.4722,-0.0372,nan,nan,nan,nan
63.4306,6.8685,1.0161,0.1325,163.0725,-0.0000,-80.7665,6.9225,0.7859,0.1403,0.2366,-2.9014,48.9347,44.4692,-0.0356,nan,nan,nan,nan
63.4553,6.8685,1.0161,0.1325,163.0725,-0.0001,-80.7665,6.9226,0.7859,0.1403,0.2366,-2.9101,48.9335,44.4642,-0.0324,nan,nan,nan,nan
63.4785,6.8685,1.0161,0.1325,163.0725,0.0000,-80.7664,6.9226,0.7859,0.1403,0.2366,-2.9244,48.9335,44.4597,-0.0249,nan,nan,nan,nan
63.5049,6.8685,1.0161,0.1325,163.0725,0.0000,-80.7664,6.9227,0.7859,0.1403,0.2366,-2.9367,48.9344,44.4529,-0.0144,nan,nan,nan,nan
63.5280,6.8685,1.0161,0.1325,163.0725,0.0000,-80.7664,6.9227,0.7859,0.1403,0.2366,-2.9401,48.9334,44.4526,-0.0080,nan,nan,nan,nan
63.5545,6.8685,1.0161,0.1325,163.0725,-0.0000,-80.7665,6.9227,0.7859,0.1403,0.2366,-2.9429,48.9315,44.4555,-0.0039,nan,nan,nan,nan
63.5805,6.8685,1.0161,0.1325,163.0725,0.0001,-80.7664,6.9227,0.7860,0.1403,0.2366,-2.9502,48.9300,44.4608,0.0004,nan,nan,nan,nan
63.6087,6.8685,1.0161,0.1325,163.0725,-0.0000,-80.7665,6.9228,0.7860,0.1402,0.2366,-2.9580,48.9316,44.4656,0.0034,nan,nan,nan,nan
63.6323,6.8685,1.0161,0.1325,163.0725,-0.0000,-80.7665,6.9228,0.7860,0.1402,0.2366,-2.9628,48.9303,44.4718,0.0054,nan,nan,nan,nan
63.6538,6.8685,1.0161,0.1325,163.0725,0.0001,-80.7665,6.9228,0.7860,0.1402,0.2365,-2.9672,48.9285,44.4761,0.0064,nan,nan,nan,nan
63.6804,6.8685,1.0161,0.1325,163.0725,0.0000,-80.7665,6.9228,0.7860,0.1402,0.2365,-2.9738,48.9263,44.4814,0.0066,nan,nan,nan,nan
63.7149,6.8685,1.0161,0.1325,163.0725,-0.0000,-80.7664,6.9228,0.7860,0.1402,0.2365,-2.9736,48.9267,44.4814,0.0077,nan,nan,nan,nan
63.7389,6.8685,1.0161,0.1325,163.0725,-0.0000,-80.7664,6.9228,0.7860,0.1402,0.2365,-2.9720,48.9279,44.4838,0.0078,nan,nan,nan,nan
63.7657,6.8685,1.0161,0.1325,163.0725,-0.0000,-80.7664,6.9228,0.7860,0.1402,0.2365,-2.9683,48.9283,44.4865,0.0076,nan,nan,nan,nan
63.7893,6.8685,1.0161,0.1325,163.0725,-0.0000,-80.7664,6.9227,0.7860,0.1402,0.2365,-2.9579,48.9288,44.4877,0.0064,nan,nan,nan,nan
63.8128,6.8685,1.0161,0.1325,163.0725,-0.0000,-80.7664,6.9227,0.7860,0.1402,0.2365,-2.9500,48.9289,44.4873,0.0061,nan,nan,nan,nan
63.8358,6.8685,1.0161,0.1325,163.0725,-0.0000,-80.7664,6.9227,0.7860,0.1402,0.2365,-2.9367,48.9270,44.4870,0.0073,nan,nan,nan,nan
63.8643,6.8685,1.0161,0.1325,163.0725,-0.0000,-80.7665,6.9226,0.7860,0.1403,0.2365,-2.9199,48.9236,44.4884,0.0203,nan,nan,nan,nan
63.8900,6.8685,1.0161,0.1325,163.0725,-0.0000,-80.7664,6.9226,0.7860,0.1403,0.2365,-2.9167,48.9230,44.4887,0.0236,nan,nan,nan,nan
63.9159,6.8685,1.0161,0.1325,163.0725,-0.0000,-80.7665,6.9226,0.7860,0.1403,0.2365,-2.9063,48.9205,44.4913,0.0365,nan,nan,nan,nan
63.9377,6.8685,1.0161,0.1325,163.0725,-0.0000,-80.7665,6.9226,0.7860,0.1403,0.2365,-2.9044,48.9200,44.4935,0.0411,nan,nan,nan,nan
63.9612,6.8685,1.0161,0.1325,163.0725,-0.0000,-80.7663,6.9226,0.7860,0.1403,0.2365,-2.9047,48.9205,44.4958,0.0411,nan,nan,nan,nan
63.9933,6.8685,1.0161,0.1325,163.0725,0.0000,-80.7665,6.9226,0.7860,0.1403,0.2365,-2.9072,48.9231,44.5005,0.0394,nan,nan,nan,nan
64.0161,6.8685,1.0161,0.1325,163.0725,0.0000,-80.7665,6.9225,0.7860,0.1403,0.2365,-2.9074,48.9238,44.5051,0.0378,nan,nan,nan,nan
64.0443,6.8685,1.0161,0.1325,163.0725,-0.0000,-80.7665,6.9225,0.7860,0.1402,0.2365,-2.9070,48.9250,44.5083,0.0350,nan,nan,nan,nan
64.0716,6.8685,1.0161,0.1325,163.0725,0.0000,-80.7664,6.9225,0.7860,0.1402,0.2365,-2.9031,48.9269,44.5141,0.0299,nan,nan,nan,nan
64.0980,6.8685,1.0161,0.1325,163.0725,0.0000,-80.7664,6.9225,0.7860,0.1402,0.2364,-2.8992,48.9284,44.5174,0.0273,nan,nan,nan,nan
64.1240,6.8685,1.0161,0.1325,163.0726,-0.0000,-80.7665,6.9225,0.7860,0.1402,0.2364,-2.8953,48.9295,44.5189,0.0261,nan,nan,nan,nan
64.1492,6.8685,1.0161,0.1325,163.0725,0.0000,-80.7664,6.9224,0.7861,0.1402,0.2364,-2.8870,48.9329,44.5223,0.0254,nan,nan,nan,nan
64.1857,6.8685,1.0161,0.1325,163.0725,0.0000,-80.7664,6.9224,0.7860,0.1402,0.2364,-2.8715,48.9380,44.5215,0.0251,nan,nan,nan,nan
64.2175,6.8685,1.0161,0.1325,163.0725,-0.0000,-80.7665,6.9223,0.7860,0.1402,0.2364,-2.8493,48.9421,44.5231,0.0203,nan,nan,nan,nan
64.2412,6.8685,1.0161,0.1325,163.0725,-0.0000,-80.7665,6.9222,0.7860,0.1402,0.2364,-2.8355,48.9434,44.5255,0.0191,nan,nan,nan,nan
64.2625,6.8685,1.0161,0.1325,163.0725,-0.0001,-80.7665,6.9221,0.7860,0.1402,0.2364,-2.8143,48.9441,44.5320,0.0162,nan,nan,nan,nan
64.2851,6.8685,1.0161,0.1325,163.0725,-0.0000,-80.7665,6.9220,0.7860,0.1402,0.2364,-2.7939,48.9463,44.5384,0.0163,nan,nan,nan,nan
64.3132,6.8685,1.0161,0.1325,163.0725,-0.0000,-80.7665,6.9219,0.7860,0.1402,0.2363,-2.7700,48.9505,44.5449,0.0200,nan,nan,nan,nan
64.3410,6.8685,1.0161,0.1325,163.0725,0.0000,-80.7664,6.9219,0.7860,0.1402,0.2363,-2.7555,48.9525,44.5528,0.0256,nan,nan,nan,nan
64.3636,6.8685,1.0161,0.1325,163.0725,0.0000,-80.7664,6.9218,0.7860,0.1402,0.2363,-2.7517,48.9534,44.5591,0.0283,nan,nan,nan,nan
64.3918,6.8685,1.0161,0.1325,163.0725,-0.0000,-80.7664,6.9218,0.7861,0.1402,0.2363,-2.7496,48.9548,44.5639,0.0308,nan,nan,nan,nan
64.4242,6.8685,1.0161,0.1325,163.0725,-0.0000,-80.7665,6.9218,0.7861,0.1402,0.2363,-2.7459,48.9577,44.5698,0.0332,nan,nan,nan,nan
64.4467,6.8685,1.0161,0.1325,163.0725,-0.0000,-80.7665,6.9218,0.7861,0.1402,0.2363,-2.7457,48.9609,44.5732,0.0342,nan,nan,nan,nan
64.4725,6.8685,1.0161,0.1325,163.0725,-0.0000,-80.7666,6.9218,0.7861,0.1402,0.2363,-2.7489,48.9616,44.5742,0.0359,nan,nan,nan,nan
64.4985,6.8685,1.0161,0.1325,163.0725,0.0000,-80.7664,6.9218,0.7861,0.1401,0.2362,-2.7570,48.9600,44.5780,0.0393,nan,nan,nan,nan
64.5351,6.8685,1.0161,0.1325,163.0725,0.0000,-80.7664,6.9219,0.7861,0.1401,0.2362,-2.7729,48.9578,44.5843,0.0430,nan,nan,nan,nan
64.5573,6.8685,1.0161,0.1325,163.0725,0.0000,-80.7664,6.9219,0.7861,0.1401,0.2362,-2.7814,48.9566,44.5875,0.0392,nan,nan,nan,nan
64.5830,6.8685,1.0161,0.1325,163.0725,-0.0000,-80.7664,6.9220,0.7862,0.1401,0.2362,-2.7974,48.9563,44.5909,0.0335,nan,nan,nan,nan
64.6097,6.8685,1.0161,0.1325,163.0726,0.0000,-80.7665,6.9220,0.7862,0.1401,0.2362,-2.8060,48.9564,44.5913,0.0328,nan,nan,nan,nan
64.6353,6.8685,1.0161,0.1325,163.0726,0.0000,-80.7665,6.9221,0.7862,0.1400,0.2362,-2.8175,48.9564,44.5958,0.0294,nan,nan,nan,nan
64.6616,6.8685,1.0161,0.1325,163.0725,0.0001,-80.7665,6.9221,0.7862,0.1400,0.2362,-2.8201,48.9569,44.5980,0.0283,nan,nan,nan,nan
64.6893,6.8685,1.0161,0.1325,163.0730,0.0000,-80.7665,6.9221,0.7862,0.1400,0.2362,-2.8272,48.9603,44.6063,0.0318,nan,nan,nan,nan
64.7229,6.8685,1.0161,0.1325,163.0725,0.0001,-80.7665,6.9221,0.7862,0.1400,0.2362,-2.8359,48.9629,44.6099,0.0349,nan,nan,nan,nan
64.7473,6.8685,1.0161,0.1325,163.0725,0.0001,-80.7665,6.9221,0.7862,0.1400,0.2362,-2.8435,48.9654,44.6103,0.0393,nan,nan,nan,nan
64.7776,6.8685,1.0161,0.1325,163.0725,0.0000,-80.7665,6.9221,0.7863,0.1399,0.2362,-2.8477,48.9692,44.6102,0.0401,nan,nan,nan,nan
64.8082,6.8685,1.0161,0.1325,163.0725,-0.0000,-80.7665,6.9222,0.7863,0.1399,0.2362,-2.8558,48.9699,44.6113,0.0341,nan,nan,nan,nan
64.8413,6.8685,1.0161,0.1325,163.0725,-0.0000,-80.7665,6.9222,0.7863,0.1399,0.2361,-2.8744,48.9695,44.6142,0.0280,nan,nan,nan,nan
64.8778,6.8685,1.0161,0.1325,163.0725,0.0000,-80.7665,6.9223,0.7863,0.1399,0.2361,-2.8958,48.9699,44.6157,0.0165,nan,nan,nan,nan
64.9128,6.8685,1.0161,0.1325,163.0725,-0.0000,-80.7665,6.9224,0.7863,0.1398,0.2361,-2.9122,48.9700,44.6152,-0.0006,nan,nan,nan,nan
64.9449,6.8685,1.0161,0.1325,163.0725,0.0000,-80.7664,6.9224,0.7863,0.1398,0.2361,-2.9220,48.9697,44.6134,-0.0108,nan,nan,nan,nan
64.9657,6.8685,1.0161,0.1325,163.0725,0.0000,-80.7664,6.9224,0.7863,0.1398,0.2362,-2.9239,48.9698,44.6112,-0.0093,nan,nan,nan,nan
64.9897,6.8685,1.0161,0.1325,163.0725,0.0000,-80.7665,6.9224,0.7863,0.1399,0.2362,-2.9262,48.9677,44.6076,-0.0095,nan,nan,nan,nan
65.0137,6.8685,1.0161,0.1325,163.0725,0.0000,-80.7665,6.9224,0.7863,0.1399,0.2362,-2.9255,48.9635,44.6028,-0.0207,nan,nan,nan,nan
65.0455,6.8685,1.0161,0.1325,163.0725,-0.0001,-80.7664,6.9224,0.7863,0.1399,0.2362,-2.9159,48.9574,44.5998,-0.0433,nan,nan,nan,nan
65.0660,6.8685,1.0161,0.1325,163.0725,-0.0001,-80.7664,6.9224,0.7863,0.1399,0.2362,-2.9089,48.9549,44.6012,-0.0537,nan,nan,nan,nan
65.0895,6.8685,1.0161,0.1325,163.0725,0.0001,-80.7664,6.9223,0.7863,0.1400,0.2362,-2.8974,48.9538,44.6047,-0.0599,nan,nan,nan,nan
65.1146,6.8685,1.0161,0.1325,163.0725,-0.0000,-80.7664,6.9222,0.7862,0.1400,0.2362,-2.8702,48.9568,44.6029,-0.0625,nan,nan,nan,nan
65.1401,6.8685,1.0161,0.1325,163.0725,-0.0000,-80.7664,6.9222,0.7862,0.1400,0.2362,-2.8571,48.9573,44.6004,-0.0619,nan,nan,nan,nan
65.1664,6.8685,1.0161,0.1325,163.0725,-0.0000,-80.7664,6.9221,0.7862,0.1400,0.2362,-2.8327,48.9564,44.5989,-0.0589,nan,nan,nan,nan
65.1941,6.8685,1.0161,0.1325,163.0725,0.0000,-80.7664,6.9220,0.7862,0.1400,0.2362,-2.8113,48.9562,44.6044,-0.0604,nan,nan,nan,nan
65.2156,6.8685,1.0161,0.1325,163.0725,0.0000,-80.7664,6.9220,0.7862,0.1400,0.2362,-2.8003,48.9572,44.6080,-0.0628,nan,nan,nan,nan
65.2416,6.8685,1.0161,0.1325,163.0725,0.0000,-80.7664,6.9220,0.7862,0.1400,0.2362,-2.7980,48.9577,44.6092,-0.0622,nan,nan,nan,nan
65.2691,6.8685,1.0161,0.1325,163.0725,0.0000,-80.7665,6.9219,0.7862,0.1400,0.2362,-2.7955,48.9595,44.6156,-0.0642,nan,nan,nan,nan
65.2946,6.8685,1.0161,0.1325,163.0725,0.0000,-80.7665,6.9219,0.7862,0.1400,0.2361,-2.7981,48.9621,44.6178,-0.0726,nan,nan,nan,nan
65.3168,6.8685,1.0161,0.1325,163.0725,0.0000,-80.7665,6.9220,0.7862,0.1400,0.2362,-2.8033,48.9632,44.6162,-0.0754,nan,nan,nan,nan
65.3417,6.8685,1.0161,0.1325,163.0725,0.0000,-80.7665,6.9220,0.7862,0.1400,0.2362,-2.8113,48.9628,44.6151,-0.0792,nan,nan,nan,nan
65.3750,6.8685,1.0161,0.1325,163.0725,-0.0000,-80.7665,6.9221,0.7862,0.1400,0.2362,-2.8278,48.9638,44.6105,-0.0855,nan,nan,nan,nan
65.3966,6.8685,1.0161,0.1325,163.0725,-0.0000,-80.7665,6.9221,0.7862,0.1400,0.2362,-2.8364,48.9645,44.6081,-0.0841,nan,nan,nan,nan
65.4201,6.8685,1.0161,0.1325,163.0725,-0.0000,-80.7665,6.9221,0.7862,0.1400,0.2362,-2.8485,48.9658,44.6048,-0.0829,nan,nan,nan,nan
65.4466,6.8685,1.0161,0.1325,163.0725,0.0000,-80.7665,6.9222,0.7862,0.1399,0.2362,-2.8639,48.9652,44.6050,-0.0841,nan,nan,nan,nan
65.4766,6.8685,1.0161,0.1325,163.0725,0.0000,-80.7665,6.9223,0.7863,0.1399,0.2362,-2.8878,48.9655,44.6041,-0.0900,nan,nan,nan,nan
65.5017,6.8685,1.0161,0.1325,163.0725,0.0000,-80.7665,6.9224,0.7863,0.1399,0.2362,-2.9022,48.9657,44.6034,-0.0938,nan,nan,nan,nan
65.5239,6.8685,1.0161,0.1325,163.0726,0.0000,-80.7664,6.9225,0.7863,0.1399,0.2362,-2.9285,48.9663,44.6011,-0.0957,nan,nan,nan,nan
65.5530,6.8685,1.0161,0.1325,163.0725,0.0000,-80.7664,6.9226,0.7863,0.1398,0.2362,-2.9584,48.9649,44.5994,-0.0940,nan,nan,nan,nan
65.5836,6.8685,1.0161,0.1325,163.0725,0.0001,-80.7665,6.9227,0.7863,0.1398,0.2362,-2.9964,48.9606,44.5969,-0.0949,nan,nan,nan,nan
65.6190,6.8685,1.0161,0.1325,163.0725,0.0000,-80.7665,6.9228,0.7864,0.1398,0.2362,-3.0228,48.9585,44.5961,-0.0987,nan,nan,nan,nan
65.6421,6.8685,1.0161,0.1325,163.0725,0.0000,-80.7665,6.9229,0.7864,0.1398,0.2362,-3.0299,48.9577,44.5955,-0.1003,nan,nan,nan,nan
65.6636,6.8685,1.0161,0.1325,163.0725,0.0000,-80.7664,6.9229,0.7864,0.1398,0.2362,-3.0351,48.9587,44.5926,-0.1047,nan,nan,nan,nan
65.6934,6.8685,1.0161,0.1325,163.0725,-0.0000,-80.7664,6.9229,0.7864,0.1398,0.2362,-3.0345,48.9599,44.5900,-0.1112,nan,nan,nan,nan
65.7182,6.8685,1.0161,0.1325,163.0725,-0.0000,-80.7664,6.9229,0.7863,0.1398,0.2362,-3.0316,48.9596,44.5883,-0.1204,nan,nan,nan,nan
65.7393,6.8685,1.0161,0.1325,163.0725,0.0001,-80.7665,6.9228,0.7863,0.1398,0.2362,-3.0196,48.9576,44.5883,-0.1361,nan,nan,nan,nan
65.7730,6.8685,1.0161,0.1325,163.0725,-0.0000,-80.7664,6.9228,0.7863,0.1399,0.2362,-3.0022,48.9561,44.5867,-0.1514,nan,nan,nan,nan
65.7968,6.8685,1.0161,0.1325,163.0725,-0.0001,-80.7664,6.9227,0.7863,0.1399,0.2363,-2.9680,48.9553,44.5799,-0.1603,nan,nan,nan,nan
65.8269,6.8685,1.0161,0.1325,163.0725,0.0000,-80.7664,6.9225,0.7862,0.1400,0.2363,-2.9257,48.9546,44.5766,-0.1579,nan,nan,nan,nan
65.8564,6.8685,1.0161,0.1325,163.0726,-0.0000,-80.7664,6.9223,0.7862,0.1400,0.2363,-2.8878,48.9536,44.5777,-0.1622,nan,nan,nan,nan
65.8867,6.8685,1.0161,0.1325,163.0725,-0.0000,-80.7665,6.9222,0.7862,0.1401,0.2363,-2.8594,48.9524,44.5754,-0.1718,nan,nan,nan,nan
65.9087,6.8685,1.0161,0.1325,163.0725,-0.0000,-80.7665,6.9222,0.7861,0.1401,0.2363,-2.8470,48.9504,44.5745,-0.1748,nan,nan,nan,nan
65.9330,6.8685,1.0161,0.1325,163.0725,0.0000,-80.7664,6.9221,0.7861,0.1401,0.2363,-2.8306,48.9470,44.5734,-0.1752,nan,nan,nan,nan
65.9581,6.8685,1.0161,0.1325,163.0725,0.0000,-80.7664,6.9221,0.7861,0.1402,0.2363,-2.8168,48.9434,44.5730,-0.1757,nan,nan,nan,nan
65.9867,6.8685,1.0161,0.1325,163.0725,-0.0000,-80.7664,6.9221,0.7861,0.1402,0.2363,-2.8040,48.9404,44.5713,-0.1738,nan,nan,nan,nan
66.0092,6.8685,1.0161,0.1325,163.0725,-0.0000,-80.7664,6.9220,0.7861,0.1402,0.2363,-2.7985,48.9392,44.5717,-0.1731,nan,nan,nan,nan
66.0344,6.8685,1.0161,0.1325,163.0725,0.0000,-80.7664,6.9220,0.7861,0.1402,0.2363,-2.7880,48.9374,44.5754,-0.1723,nan,nan,nan,nan
66.0579,6.8685,1.0161,0.1325,163.0725,0.0001,-80.7664,6.9219,0.7861,0.1402,0.2363,-2.7765,48.9380,44.5778,-0.1682,nan,nan,nan,nan
66.0820,6.8685,1.0161,0.1325,163.0725,-0.0000,-80.7664,6.9219,0.7861,0.1402,0.2363,-2.7552,48.9388,44.5769,-0.1611,nan,nan,nan,nan
66.1065,6.8685,1.0161,0.1325,163.0725,0.0000,-80.7664,6.9218,0.7860,0.1403,0.2363,-2.7361,48.9382,44.5738,-0.1566,nan,nan,nan,nan
66.1286,6.8685,1.0161,0.1325,163.0725,0.0000,-80.7664,6.9218,0.7860,0.1403,0.2363,-2.7286,48.9375,44.5729,-0.1535,nan,nan,nan,nan
66.1530,6.8685,1.0161,0.1325,163.0725,0.0000,-80.7664,6.9217,0.7860,0.1403,0.2363,-2.7203,48.9374,44.5722,-0.1512,nan,nan,nan,nan
66.1756,6.8685,1.0161,0.1325,163.0725,0.0001,-80.7665,6.9217,0.7860,0.1403,0.2363,-2.7034,48.9377,44.5711,-0.1526,nan,nan,nan,nan
66.2047,6.8685,1.0161,0.1325,163.0725,0.0000,-80.7664,6.9216,0.7860,0.1403,0.2363,-2.6869,48.9395,44.5666,-0.1523,nan,nan,nan,nan
66.2308,6.8685,1.0161,0.1325,163.0725,0.0000,-80.7664,6.9216,0.7860,0.1403,0.2363,-2.6725,48.9396,44.5683,-0.1504,nan,nan,nan,nan
66.2549,6.8685,1.0161,0.1325,163.0725,0.0000,-80.7664,6.9215,0.7860,0.1404,0.2363,-2.6618,48.9398,44.5701,-0.1490,nan,nan,nan,nan
66.2863,6.8685,1.0161,0.1325,163.0725,0.0000,-80.7664,6.9215,0.7860,0.1404,0.2363,-2.6479,48.9409,44.5727,-0.1495,nan,nan,nan,nan
66.3131,6.8685,1.0161,0.1325,163.0725,-0.0001,-80.7665,6.9214,0.7860,0.1404,0.2363,-2.6382,48.9434,44.5769,-0.1569,nan,nan,nan,nan
66.3410,6.8685,1.0161,0.1325,163.0726,-0.0000,-80.7664,6.9214,0.7860,0.1403,0.2363,-2.6360,48.9461,44.5785,-0.1688,nan,nan,nan,nan
66.3666,6.8685,1.0161,0.1325,163.0726,-0.0000,-80.7664,6.9214,0.7860,0.1403,0.2363,-2.6389,48.9472,44.5788,-0.1792,nan,nan,nan,nan
66.3951,6.8685,1.0161,0.1325,163.0725,0.0000,-80.7664,6.9214,0.7860,0.1403,0.2363,-2.6464,48.9466,44.5791,-0.1786,nan,nan,nan,nan
66.4167,6.8685,1.0161,0.1325,163.0725,0.0000,-80.7664,6.9215,0.7860,0.1403,0.2363,-2.6545,48.9482,44.5779,-0.1728,nan,nan,nan,nan
66.4400,6.8685,1.0161,0.1325,163.0725,-0.0000,-80.7664,6.9215,0.7860,0.1403,0.2363,-2.6676,48.9490,44.5793,-0.1614,nan,nan,nan,nan
66.4617,6.8685,1.0161,0.1325,163.0725,0.0001,-80.7664,6.9216,0.7860,0.1403,0.2363,-2.6793,48.9499,44.5824,-0.1535,nan,nan,nan,nan
66.4837,6.8685,1.0161,0.1325,163.0725,0.0001,-80.7664,6.9216,0.7860,0.1403,0.2362,-2.6807,48.9504,44.5845,-0.1513,nan,nan,nan,nan
66.5065,6.8685,1.0161,0.1325,163.0725,-0.0000,-80.7665,6.9216,0.7860,0.1403,0.2362,-2.6810,48.9501,44.5844,-0.1501,nan,nan,nan,nan
66.5329,6.8685,1.0161,0.1325,163.0725,0.0000,-80.7665,6.9216,0.7860,0.1403,0.2362,-2.6818,48.9491,44.5849,-0.1491,nan,nan,nan,nan
66.5617,6.8685,1.0161,0.1325,163.0725,-0.0000,-80.7665,6.9216,0.7860,0.1403,0.2363,-2.6840,48.9490,44.5817,-0.1494,nan,nan,nan,nan
66.5858,6.8685,1.0161,0.1325,163.0725,-0.0000,-80.7665,6.9216,0.7860,0.1403,0.2363,-2.6872,48.9493,44.5793,-0.1463,nan,nan,nan,nan
66.6102,6.8685,1.0161,0.1325,163.0725,0.0000,-80.7664,6.9216,0.7860,0.1403,0.2363,-2.6925,48.9496,44.5774,-0.1413,nan,nan,nan,nan
66.6487,6.8685,1.0161,0.1325,163.0725,-0.0000,-80.7664,6.9217,0.7860,0.1402,0.2363,-2.7091,48.9488,44.5757,-0.1258,nan,nan,nan,nan
66.6761,6.8685,1.0161,0.1325,163.0725,-0.0000,-80.7664,6.9217,0.7860,0.1402,0.2363,-2.7171,48.9485,44.5731,-0.1184,nan,nan,nan,nan
66.6993,6.8685,1.0161,0.1325,163.0725,-0.0001,-80.7664,6.9218,0.7860,0.1402,0.2363,-2.7295,48.9482,44.5679,-0.1069,nan,nan,nan,nan
66.7323,6.8685,1.0161,0.1325,163.0725,0.0000,-80.7664,6.9218,0.7860,0.1402,0.2363,-2.7438,48.9493,44.5605,-0.0975,nan,nan,nan,nan
66.7527,6.8685,1.0161,0.1325,163.0725,0.0000,-80.7664,6.9219,0.7860,0.1402,0.2363,-2.7585,48.9509,44.5531,-0.0951,nan,nan,nan,nan
66.7761,6.8685,1.0161,0.1325,163.0725,-0.0000,-80.7664,6.9219,0.7860,0.1402,0.2363,-2.7682,48.9512,44.5490,-0.0946,nan,nan,nan,nan
66.7992,6.8685,1.0161,0.1325,163.0725,-0.0000,-80.7664,6.9220,0.7860,0.1402,0.2363,-2.7898,48.9521,44.5425,-0.0924,nan,nan,nan,nan
66.8242,6.8685,1.0161,0.1325,163.0725,0.0001,-80.7664,6.9221,0.7860,0.1402,0.2364,-2.8123,48.9533,44.5405,-0.0943,nan,nan,nan,nan
66.8517,6.8685,1.0161,0.1325,163.0725,0.0000,-80.7664,6.9222,0.7861,0.1401,0.2364,-2.8451,48.9538,44.5401,-0.1015,nan,nan,nan,nan
66.8821,6.8685,1.0161,0.1325,163.0725,0.0001,-80.7664,6.9223,0.7861,0.1401,0.2364,-2.8767,48.9540,44.5405,-0.1046,nan,nan,nan,nan
66.9073,6.8685,1.0161,0.1325,163.0725,0.0001,-80.7664,6.9224,0.7861,0.1401,0.2364,-2.8965,48.9541,44.5414,-0.1059,nan,nan,nan,nan
66.9336,6.8685,1.0161,0.1325,163.0725,-0.0000,-80.7664,6.9225,0.7861,0.1401,0.2364,-2.9024,48.9545,44.5408,-0.1055,nan,nan,nan,nan
66.9627,6.8685,1.0161,0.1325,163.0725,0.0000,-80.7664,6.9225,0.7861,0.1401,0.2364,-2.9169,48.9538,44.5373,-0.1079,nan,nan,nan,nan
66.9924,6.8685,1.0161,0.1325,163.0725,-0.0000,-80.7664,6.9225,0.7861,0.1401,0.2364,-2.9147,48.9530,44.5317,-0.1091,nan,nan,nan,nan
67.0141,6.8685,1.0161,0.1325,163.0725,-0.0000,-80.7664,6.9225,0.7861,0.1401,0.2364,-2.9097,48.9518,44.5297,-0.1109,nan,nan,nan,nan
67.0360,6.8685,1.0161,0.1325,163.0725,-0.0000,-80.7664,6.9225,0.7861,0.1401,0.2364,-2.8998,48.9501,44.5266,-0.1135,nan,nan,nan,nan
67.0603,6.8685,1.0161,0.1325,163.0725,-0.0000,-80.7664,6.9224,0.7861,0.1401,0.2364,-2.8910,48.9483,44.5242,-0.1168,nan,nan,nan,nan
67.0930,6.8685,1.0161,0.1325,163.0725,-0.0000,-80.7664,6.9224,0.7861,0.1402,0.2364,-2.8848,48.9464,44.5207,-0.1166,nan,nan,nan,nan
67.1286,6.8685,1.0161,0.1325,163.0725,-0.0000,-80.7664,6.9224,0.7861,0.1402,0.2364,-2.8819,48.9449,44.5236,-0.1144,nan,nan,nan,nan
67.1494,6.8685,1.0161,0.1325,163.0725,-0.0000,-80.7664,6.9224,0.7861,0.1402,0.2364,-2.8786,48.9447,44.5243,-0.1152,nan,nan,nan,nan
67.1706,6.8685,1.0161,0.1325,163.0725,-0.0000,-80.7664,6.9224,0.7861,0.1402,0.2364,-2.8726,48.9442,44.5243,-0.1132,nan,nan,nan,nan
67.2007,6.8685,1.0161,0.1325,163.0725,-0.0000,-80.7665,6.9223,0.7861,0.1402,0.2364,-2.8662,48.9428,44.5254,-0.1144,nan,nan,nan,nan
67.2229,6.8685,1.0161,0.1325,163.0725,-0.0000,-80.7665,6.9223,0.7860,0.1402,0.2364,-2.8569,48.9425,44.5272,-0.1172,nan,nan,nan,nan
67.2432,6.8685,1.0161,0.1325,163.0725,0.0000,-80.7665,6.9223,0.7860,0.1402,0.2364,-2.8508,48.9421,44.5298,-0.1186,nan,nan,nan,nan
67.2791,6.8685,1.0161,0.1325,163.0725,-0.0000,-80.7664,6.9222,0.7860,0.1402,0.2364,-2.8442,48.9402,44.5345,-0.1210,nan,nan,nan,nan
67.3059,6.8685,1.0161,0.1325,163.0725,-0.0000,-80.7664,6.9222,0.7861,0.1402,0.2364,-2.8404,48.9400,44.5369,-0.1258,nan,nan,nan,nan
67.3297,6.8685,1.0161,0.1325,163.0725,-0.0000,-80.7664,6.9222,0.7861,0.1402,0.2364,-2.8335,48.9388,44.5412,-0.1327,nan,nan,nan,nan
67.3581,6.8685,1.0161,0.1325,163.0725,0.0000,-80.7664,6.9221,0.7861,0.1402,0.2364,-2.8245,48.9364,44.5454,-0.1401,nan,nan,nan,nan
67.3904,6.8685,1.0161,0.1325,163.0725,-0.0000,-80.7665,6.9221,0.7860,0.1402,0.2364,-2.8120,48.9350,44.5453,-0.1418,nan,nan,nan,nan
67.4140,6.8685,1.0161,0.1325,163.0725,-0.0000,-80.7665,6.9221,0.7860,0.1403,0.2364,-2.8046,48.9352,44.5434,-0.1390,nan,nan,nan,nan
67.4352,6.8685,1.0161,0.1325,163.0725,0.0000,-80.7664,6.9220,0.7860,0.1403,0.2364,-2.7903,48.9362,44.5397,-0.1341,nan,nan,nan,nan
67.4624,6.8685,1.0161,0.1325,163.0725,0.0000,-80.7664,6.9220,0.7860,0.1403,0.2364,-2.7765,48.9367,44.5368,-0.1278,nan,nan,nan,nan
67.4932,6.8685,1.0161,0.1325,163.0725,0.0000,-80.7664,6.9219,0.7860,0.1403,0.2364,-2.7632,48.9401,44.5353,-0.1185,nan,nan,nan,nan
67.5145,6.8685,1.0161,0.1325,163.0725,0.0000,-80.7664,6.9219,0.7860,0.1403,0.2364,-2.7547,48.9421,44.5364,-0.1092,nan,nan,nan,nan
67.5390,6.8685,1.0161,0.1325,163.0725,-0.0000,-80.7665,6.9219,0.7860,0.1403,0.2364,-2.7488,48.9444,44.5358,-0.1049,nan,nan,nan,nan
67.5627,6.8685,1.0161,0.1325,163.0725,0.0000,-80.7664,6.9219,0.7860,0.1403,0.2364,-2.7486,48.9449,44.5339,-0.1052,nan,nan,nan,nan
67.5929,6.8685,1.0161,0.1325,163.0725,0.0001,-80.7664,6.9219,0.7860,0.1403,0.2364,-2.7523,48.9460,44.5305,-0.1050,nan,nan,nan,nan
67.6257,6.8685,1.0161,0.1325,163.0725,0.0000,-80.7664,6.9219,0.7860,0.1403,0.2364,-2.7563,48.9486,44.5230,-0.1015,nan,nan,nan,nan
67.6491,6.8685,1.0161,0.1325,163.0725,-0.0000,-80.7664,6.9219,0.7859,0.1403,0.2364,-2.7516,48.9496,44.5160,-0.0968,nan,nan,nan,nan
67.6773,6.8685,1.0161,0.1325,163.0725,-0.0000,-80.7664,6.9219,0.7859,0.1403,0.2364,-2.7440,48.9515,44.5117,-0.0935,nan,nan,nan,nan
67.7069,6.8685,1.0161,0.1325,163.0725,-0.0000,-80.7664,6.9219,0.7859,0.1403,0.2364,-2.7414,48.9519,44.5101,-0.0919,nan,nan,nan,nan
67.7366,6.8685,1.0161,0.1325,163.0725,-0.0000,-80.7664,6.9219,0.7859,0.1403,0.2364,-2.7426,48.9501,44.5101,-0.0988,nan,nan,nan,nan
67.7646,6.8685,1.0161,0.1325,163.0729,0.0000,-80.7664,6.9219,0.7859,0.1403,0.2364,-2.7485,48.9473,44.5081,-0.1126,nan,nan,nan,nan
67.7938,6.8685,1.0161,0.1325,163.0725,0.0001,-80.7665,6.9219,0.7859,0.1404,0.2365,-2.7544,48.9468,44.5016,-0.1267,nan,nan,nan,nan
67.8214,6.8685,1.0161,0.1325,163.0725,-0.0000,-80.7665,6.9220,0.7859,0.1404,0.2365,-2.7606,48.9469,44.4950,-0.1336,nan,nan,nan,nan
67.8575,6.8685,1.0161,0.1325,163.0725,0.0000,-80.7664,6.9220,0.7859,0.1404,0.2365,-2.7725,48.9458,44.4906,-0.1369,nan,nan,nan,nan
67.8938,6.8685,1.0161,0.1325,163.0725,-0.0000,-80.7665,6.9221,0.7859,0.1403,0.2365,-2.7887,48.9451,44.4861,-0.1398,nan,nan,nan,nan
67.9263,6.8685,1.0161,0.1325,163.0725,0.0001,-80.7664,6.9222,0.7859,0.1403,0.2365,-2.8118,48.9459,44.4843,-0.1421,nan,nan,nan,nan
67.9515,6.8685,1.0161,0.1325,163.0725,0.0001,-80.7665,6.9223,0.7859,0.1403,0.2365,-2.8446,48.9459,44.4827,-0.1530,nan,nan,nan,nan
67.9766,6.8685,1.0161,0.1325,163.0725,-0.0000,-80.7665,6.9224,0.7860,0.1402,0.2365,-2.8845,48.9437,44.4864,-0.1581,nan,nan,nan,nan
68.0009,6.8685,1.0161,0.1325,163.0725,0.0000,-80.7665,6.9226,0.7860,0.1402,0.2365,-2.9300,48.9434,44.4913,-0.1567,nan,nan,nan,nan
68.0232,6.8685,1.0161,0.1325,163.0725,0.0000,-80.7665,6.9228,0.7861,0.1401,0.2365,-2.9689,48.9445,44.4911,-0.1598,nan,nan,nan,nan
68.0492,6.8685,1.0161,0.1325,163.0725,0.0000,-80.7665,6.9229,0.7861,0.1401,0.2365,-2.9834,48.9444,44.4903,-0.1614,nan,nan,nan,nan
68.0755,6.8685,1.0161,0.1325,163.0725,0.0000,-80.7665,6.9231,0.7861,0.1400,0.2365,-3.0515,48.9420,44.4889,-0.1644,nan,nan,nan,nan
68.0959,6.8685,1.0161,0.1325,163.0725,0.0000,-80.7665,6.9232,0.7862,0.1400,0.2365,-3.0844,48.9391,44.4923,-0.1611,nan,nan,nan,nan
68.1235,6.8685,1.0161,0.1325,163.0726,0.0000,-80.7665,6.9233,0.7862,0.1400,0.2365,-3.1163,48.9375,44.4932,-0.1556,nan,nan,nan,nan
68.1531,6.8685,1.0161,0.1325,163.0725,0.0000,-80.7664,6.9234,0.7862,0.1399,0.2365,-3.1314,48.9393,44.4934,-0.1581,nan,nan,nan,nan
68.1750,6.8685,1.0161,0.1325,163.0725,0.0000,-80.7664,6.9234,0.7862,0.1399,0.2365,-3.1363,48.9417,44.4944,-0.1615,nan,nan,nan,nan
68.1973,6.8685,1.0161,0.1325,163.0725,0.0000,-80.7665,6.9234,0.7862,0.1399,0.2365,-3.1372,48.9434,44.4946,-0.1635,nan,nan,nan,nan
68.2210,6.8685,1.0161,0.1325,163.0725,-0.0000,-80.7664,6.9234,0.7862,0.1399,0.2365,-3.1367,48.9448,44.4945,-0.1652,nan,nan,nan,nan
68.2437,6.8685,1.0161,0.1325,163.0725,-0.0000,-80.7665,6.9234,0.7862,0.1399,0.2365,-3.1311,48.9459,44.4955,-0.1633,nan,nan,nan,nan
68.2697,6.8685,1.0161,0.1325,163.0725,-0.0000,-80.7665,6.9233,0.7862,0.1399,0.2365,-3.1274,48.9461,44.4961,-0.1586,nan,nan,nan,nan
68.2898,6.8685,1.0161,0.1325,163.0725,0.0000,-80.7664,6.9233,0.7862,0.1399,0.2365,-3.1220,48.9473,44.4958,-0.1543,nan,nan,nan,nan
68.3200,6.8685,1.0161,0.1325,163.0731,-0.0000,-80.7664,6.9233,0.7862,0.1399,0.2365,-3.1075,48.9488,44.4961,-0.1486,nan,nan,nan,nan
68.3414,6.8685,1.0161,0.1325,163.0731,-0.0000,-80.7664,6.9232,0.7862,0.1399,0.2365,-3.1012,48.9497,44.4958,-0.1469,nan,nan,nan,nan
68.3640,6.8685,1.0161,0.1325,163.0725,-0.0000,-80.7664,6.9232,0.7862,0.1399,0.2365,-3.0916,48.9503,44.4950,-0.1401,nan,nan,nan,nan
68.3899,6.8685,1.0161,0.1325,163.0725,-0.0000,-80.7664,6.9232,0.7862,0.1400,0.2365,-3.0869,48.9509,44.4957,-0.1345,nan,nan,nan,nan
68.4192,6.8685,1.0161,0.1325,163.0725,-0.0000,-80.7664,6.9232,0.7862,0.1400,0.2365,-3.0760,48.9521,44.5007,-0.1319,nan,nan,nan,nan
68.4476,6.8685,1.0161,0.1325,163.0725,0.0001,-80.7665,6.9231,0.7862,0.1399,0.2364,-3.0621,48.9521,44.5089,-0.1363,nan,nan,nan,nan
68.4684,6.8685,1.0161,0.1325,163.0725,0.0001,-80.7665,6.9230,0.7862,0.1400,0.2364,-3.0519,48.9530,44.5104,-0.1408,nan,nan,nan,nan
68.4948,6.8685,1.0161,0.1325,163.0725,-0.0000,-80.7665,6.9229,0.7862,0.1400,0.2364,-3.0242,48.9529,44.5088,-0.1472,nan,nan,nan,nan
68.5201,6.8685,1.0161,0.1325,163.0725,-0.0000,-80.7664,6.9229,0.7861,0.1400,0.2364,-3.0096,48.9520,44.5080,-0.1511,nan,nan,nan,nan
68.5493,6.8685,1.0161,0.1325,163.0725,-0.0000,-80.7664,6.9228,0.7861,0.1401,0.2364,-2.9811,48.9499,44.5081,-0.1650,nan,nan,nan,nan
68.5852,6.8685,1.0161,0.1325,163.0725,0.0000,-80.7664,6.9227,0.7861,0.1401,0.2364,-2.9635,48.9483,44.5057,-0.1862,nan,nan,nan,nan
68.6128,6.8685,1.0161,0.1325,163.0725,0.0000,-80.7664,6.9227,0.7861,0.1401,0.2365,-2.9484,48.9459,44.5044,-0.2135,nan,nan,nan,nan
68.6330,6.8685,1.0161,0.1325,163.0725,0.0000,-80.7664,6.9226,0.7861,0.1401,0.2365,-2.9416,48.9444,44.5047,-0.2302,nan,nan,nan,nan
68.6538,6.8685,1.0161,0.1325,163.0725,-0.0001,-80.7665,6.9226,0.7861,0.1401,0.2365,-2.9359,48.9435,44.5040,-0.2450,nan,nan,nan,nan
68.6819,6.8685,1.0161,0.1325,163.0725,-0.0000,-80.7664,6.9226,0.7861,0.1402,0.2365,-2.9302,48.9402,44.5056,-0.2594,nan,nan,nan,nan
68.7032,6.8685,1.0161,0.1325,163.0725,-0.0000,-80.7664,6.9226,0.7861,0.1402,0.2365,-2.9268,48.9366,44.5106,-0.2594,nan,nan,nan,nan
68.7317,6.8685,1.0161,0.1325,163.0725,-0.0000,-80.7664,6.9226,0.7861,0.1402,0.2364,-2.9189,48.9331,44.5168,-0.2579,nan,nan,nan,nan
68.7587,6.8685,1.0161,0.1325,163.0725,-0.0001,-80.7664,6.9225,0.7861,0.1402,0.2364,-2.9129,48.9323,44.5164,-0.2592,nan,nan,nan,nan
68.7917,6.8685,1.0161,0.1325,163.0725,0.0000,-80.7664,6.9225,0.7860,0.1402,0.2365,-2.9011,48.9300,44.5131,-0.2649,nan,nan,nan,nan
68.8219,6.8685,1.0161,0.1325,163.0725,-0.0000,-80.7664,6.9224,0.7860,0.1403,0.2365,-2.8833,48.9255,44.5077,-0.2686,nan,nan,nan,nan
68.8492,6.8685,1.0161,0.1325,163.0725,0.0000,-80.7665,6.9224,0.7860,0.1403,0.2365,-2.8667,48.9228,44.5016,-0.2729,nan,nan,nan,nan
68.8803,6.8685,1.0161,0.1325,163.0725,-0.0000,-80.7664,6.9224,0.7860,0.1403,0.2365,-2.8582,48.9245,44.4945,-0.2683,nan,nan,nan,nan
68.9056,6.8685,1.0161,0.1325,163.0725,-0.0000,-80.7664,6.9224,0.7859,0.1403,0.2365,-2.8573,48.9255,44.4913,-0.2651,nan,nan,nan,nan
68.9295,6.8685,1.0161,0.1325,163.0725,0.0000,-80.7664,6.9224,0.7859,0.1403,0.2365,-2.8575,48.9265,44.4863,-0.2628,nan,nan,nan,nan
68.9576,6.8685,1.0161,0.1325,163.0725,-0.0000,-80.7664,6.9224,0.7859,0.1403,0.2365,-2.8587,48.9268,44.4832,-0.2618,nan,nan,nan,nan
68.9794,6.8685,1.0161,0.1325,163.0725,-0.0000,-80.7665,6.9224,0.7859,0.1403,0.2365,-2.8693,48.9242,44.4829,-0.2643,nan,nan,nan,nan
69.0104,6.8685,1.0161,0.1325,163.0725,-0.0000,-80.7665,6.9225,0.7860,0.1403,0.2365,-2.8909,48.9227,44.4854,-0.2626,nan,nan,nan,nan
69.0363,6.8685,1.0161,0.1325,163.0725,-0.0000,-80.7665,6.9226,0.7860,0.1403,0.2365,-2.9141,48.9231,44.4858,-0.2616,nan,nan,nan,nan
69.0579,6.8685,1.0161,0.1325,163.0725,0.0000,-80.7664,6.9227,0.7860,0.1403,0.2365,-2.9319,48.9236,44.4852,-0.2599,nan,nan,nan,nan
69.0787,6.8685,1.0161,0.1325,163.0725,0.0000,-80.7664,6.9228,0.7860,0.1402,0.2365,-2.9580,48.9227,44.4842,-0.2619,nan,nan,nan,nan
69.1102,6.8685,1.0161,0.1325,163.0725,-0.0000,-80.7664,6.9229,0.7860,0.1402,0.2365,-2.9818,48.9216,44.4826,-0.2610,nan,nan,nan,nan
69.1348,6.8685,1.0161,0.1325,163.0725,-0.0000,-80.7665,6.9229,0.7860,0.1402,0.2365,-2.9890,48.9215,44.4827,-0.2587,nan,nan,nan,nan
69.1617,6.8685,1.0161,0.1325,163.0725,-0.0000,-80.7665,6.9229,0.7860,0.1402,0.2365,-2.9873,48.9212,44.4829,-0.2592,nan,nan,nan,nan
69.1886,6.8685,1.0161,0.1325,163.0728,-0.0001,-80.7665,6.9228,0.7860,0.1402,0.2365,-2.9808,48.9207,44.4842,-0.2583,nan,nan,nan,nan
69.2238,6.8685,1.0161,0.1325,163.0725,-0.0001,-80.7664,6.9228,0.7860,0.1402,0.2365,-2.9722,48.9189,44.4861,-0.2576,nan,nan,nan,nan
69.2512,6.8685,1.0161,0.1325,163.0725,-0.0001,-80.7664,6.9228,0.7860,0.1402,0.2365,-2.9658,48.9180,44.4886,-0.2584,nan,nan,nan,nan
69.2816,6.8685,1.0161,0.1325,163.0725,0.0000,-80.7664,6.9228,0.7860,0.1402,0.2365,-2.9683,48.9190,44.4909,-0.2550,nan,nan,nan,nan
69.3086,6.8685,1.0161,0.1325,163.0725,0.0000,-80.7664,6.9228,0.7860,0.1402,0.2365,-2.9715,48.9192,44.4914,-0.2509,nan,nan,nan,nan
69.3356,6.8685,1.0161,0.1325,163.0725,0.0001,-80.7664,6.9228,0.7860,0.1402,0.2365,-2.9792,48.9187,44.4922,-0.2473,nan,nan,nan,nan
69.3629,6.8685,1.0161,0.1325,163.0725,0.0001,-80.7664,6.9229,0.7861,0.1402,0.2365,-2.9880,48.9177,44.4949,-0.2476,nan,nan,nan,nan
69.3972,6.8685,1.0161,0.1325,163.0725,0.0000,-80.7664,6.9229,0.7861,0.1402,0.2365,-3.0023,48.9190,44.4988,-0.2485,nan,nan,nan,nan
69.4184,6.8685,1.0161,0.1325,163.0725,0.0000,-80.7664,6.9230,0.7861,0.1401,0.2365,-3.0153,48.9209,44.5027,-0.2495,nan,nan,nan,nan
69.4397,6.8685,1.0161,0.1325,163.0725,0.0000,-80.7664,6.9230,0.7861,0.1401,0.2365,-3.0242,48.9231,44.5053,-0.2494,nan,nan,nan,nan
69.4688,6.8685,1.0161,0.1325,163.0725,0.0000,-80.7664,6.9230,0.7861,0.1401,0.2365,-3.0385,48.9269,44.5083,-0.2502,nan,nan,nan,nan
69.5052,6.8685,1.0161,0.1325,163.0725,0.0000,-80.7665,6.9231,0.7862,0.1400,0.2365,-3.0548,48.9290,44.5114,-0.2531,nan,nan,nan,nan
69.5271,6.8685,1.0161,0.1325,163.0725,0.0000,-80.7665,6.9231,0.7862,0.1400,0.2365,-3.0657,48.9302,44.5126,-0.2572,nan,nan,nan,nan
69.5550,6.8685,1.0161,0.1325,163.0725,0.0001,-80.7664,6.9231,0.7862,0.1400,0.2365,-3.0714,48.9316,44.5130,-0.2593,nan,nan,nan,nan
69.5857,6.8685,1.0161,0.1325,163.0725,0.0000,-80.7665,6.9232,0.7862,0.1400,0.2365,-3.0764,48.9344,44.5113,-0.2641,nan,nan,nan,nan
69.6081,6.8685,1.0161,0.1325,163.0725,0.0000,-80.7665,6.9232,0.7862,0.1400,0.2365,-3.0780,48.9365,44.5070,-0.2692,nan,nan,nan,nan
69.6315,6.8685,1.0161,0.1325,163.0725,0.0000,-80.7665,6.9232,0.7862,0.1400,0.2365,-3.0778,48.9369,44.5023,-0.2706,nan,nan,nan,nan
69.6555,6.8685,1.0161,0.1325,163.0725,0.0000,-80.7665,6.9232,0.7862,0.1400,0.2365,-3.0775,48.9364,44.4981,-0.2691,nan,nan,nan,nan
69.6917,6.8685,1.0161,0.1325,163.0726,-0.0001,-80.7665,6.9232,0.7862,0.1400,0.2365,-3.0741,48.9357,44.4954,-0.2650,nan,nan,nan,nan
69.7132,6.8685,1.0161,0.1325,163.0726,-0.0001,-80.7665,6.9231,0.7861,0.1400,0.2365,-3.0700,48.9352,44.4958,-0.2642,nan,nan,nan,nan
69.7349,6.8685,1.0161,0.1325,163.0725,0.0001,-80.7665,6.9231,0.7861,0.1400,0.2365,-3.0599,48.9357,44.4963,-0.2638,nan,nan,nan,nan
69.7644,6.8685,1.0161,0.1325,163.0725,-0.0000,-80.7665,6.9231,0.7861,0.1401,0.2365,-3.0487,48.9364,44.4945,-0.2587,nan,nan,nan,nan
69.7863,6.8685,1.0161,0.1325,163.0725,-0.0000,-80.7665,6.9230,0.7861,0.1401,0.2365,-3.0402,48.9371,44.4922,-0.2505,nan,nan,nan,nan
69.8142,6.8685,1.0161,0.1325,163.0725,-0.0000,-80.7665,6.9230,0.7861,0.1401,0.2365,-3.0379,48.9374,44.4915,-0.2481,nan,nan,nan,nan
69.8447,6.8685,1.0161,0.1325,163.0726,-0.0000,-80.7664,6.9230,0.7861,0.1401,0.2365,-3.0276,48.9403,44.4880,-0.2461,nan,nan,nan,nan
69.8817,6.8685,1.0161,0.1325,163.0725,0.0000,-80.7664,6.9229,0.7861,0.1401,0.2365,-3.0125,48.9443,44.4808,-0.2467,nan,nan,nan,nan
69.9079,6.8685,1.0161,0.1325,163.0725,0.0000,-80.7664,6.9229,0.7860,0.1401,0.2365,-2.9970,48.9461,44.4711,-0.2465,nan,nan,nan,nan
69.9336,6.8685,1.0161,0.1325,163.0725,0.0000,-80.7664,6.9229,0.7860,0.1402,0.2366,-2.9913,48.9462,44.4677,-0.2469,nan,nan,nan,nan
69.9652,6.8685,1.0161,0.1325,163.0725,-0.0000,-80.7664,6.9228,0.7860,0.1402,0.2366,-2.9663,48.9456,44.4568,-0.2485,nan,nan,nan,nan
69.9869,6.8685,1.0161,0.1325,163.0725,-0.0000,-80.7664,6.9227,0.7860,0.1402,0.2366,-2.9441,48.9451,44.4528,-0.2517,nan,nan,nan,nan
70.0086,6.8685,1.0161,0.1325,163.0725,-0.0001,-80.7664,6.9227,0.7859,0.1403,0.2366,-2.9355,48.9454,44.4518,-0.2530,nan,nan,nan,nan
70.0320,6.8685,1.0161,0.1325,163.0725,-0.0000,-80.7664,6.9226,0.7859,0.1403,0.2366,-2.9022,48.9479,44.4452,-0.2519,nan,nan,nan,nan
70.0670,6.8685,1.0161,0.1325,163.0725,-0.0000,-80.7664,6.9225,0.7859,0.1403,0.2366,-2.8746,48.9503,44.4394,-0.2528,nan,nan,nan,nan
70.0884,6.8685,1.0161,0.1325,163.0725,-0.0000,-80.7664,6.9224,0.7859,0.1403,0.2366,-2.8621,48.9513,44.4371,-0.2549,nan,nan,nan,nan
70.1130,6.8685,1.0161,0.1325,163.0725,-0.0000,-80.7664,6.9224,0.7859,0.1403,0.2366,-2.8563,48.9516,44.4375,-0.2559,nan,nan,nan,nan
70.1348,6.8685,1.0161,0.1325,163.0725,0.0001,-80.7664,6.9223,0.7858,0.1403,0.2366,-2.8455,48.9518,44.4381,-0.2541,nan,nan,nan,nan
70.1644,6.8685,1.0161,0.1325,163.0725,-0.0000,-80.7664,6.9223,0.7858,0.1404,0.2366,-2.8343,48.9508,44.4391,-0.2515,nan,nan,nan,nan
70.1961,6.8685,1.0161,0.1325,163.0725,0.0000,-80.7664,6.9223,0.7858,0.1404,0.2366,-2.8318,48.9487,44.4382,-0.2528,nan,nan,nan,nan
70.2246,6.8685,1.0161,0.1325,163.0725,-0.0001,-80.7664,6.9224,0.7858,0.1404,0.2366,-2.8460,48.9430,44.4395,-0.2522,nan,nan,nan,nan
70.2595,6.8685,1.0161,0.1325,163.0725,-0.0001,-80.7664,6.9224,0.7859,0.1404,0.2366,-2.8651,48.9392,44.4460,-0.2462,nan,nan,nan,nan
70.2880,6.8685,1.0161,0.1325,163.0725,0.0000,-80.7664,6.9225,0.7859,0.1403,0.2366,-2.8802,48.9366,44.4529,-0.2394,nan,nan,nan,nan
70.3145,6.8685,1.0161,0.1325,163.0730,0.0000,-80.7664,6.9225,0.7859,0.1403,0.2366,-2.8882,48.9353,44.4573,-0.2312,nan,nan,nan,nan
70.3388,6.8685,1.0161,0.1325,163.0730,0.0000,-80.7664,6.9225,0.7859,0.1403,0.2366,-2.8908,48.9351,44.4597,-0.2288,nan,nan,nan,nan
70.3672,6.8685,1.0161,0.1325,163.0725,0.0000,-80.7665,6.9225,0.7859,0.1403,0.2366,-2.8931,48.9339,44.4627,-0.2306,nan,nan,nan,nan
70.3886,6.8685,1.0161,0.1325,163.0725,-0.0000,-80.7665,6.9225,0.7859,0.1403,0.2366,-2.8950,48.9334,44.4636,-0.2315,nan,nan,nan,nan
70.4148,6.8685,1.0161,0.1325,163.0725,-0.0000,-80.7665,6.9225,0.7859,0.1403,0.2366,-2.8986,48.9321,44.4648,-0.2349,nan,nan,nan,nan
70.4421,6.8685,1.0161,0.1325,163.0725,0.0000,-80.7665,6.9226,0.7859,0.1403,0.2366,-2.9002,48.9313,44.4658,-0.2357,nan,nan,nan,nan
70.4665,6.8685,1.0161,0.1325,163.0725,0.0001,-80.7665,6.9226,0.7860,0.1403,0.2366,-2.9106,48.9272,44.4728,-0.2378,nan,nan,nan,nan
70.4958,6.8685,1.0161,0.1325,163.0725,0.0001,-80.7665,6.9226,0.7860,0.1403,0.2365,-2.9196,48.9253,44.4840,-0.2304,nan,nan,nan,nan
70.5179,6.8685,1.0161,0.1325,163.0725,0.0001,-80.7665,6.9226,0.7860,0.1403,0.2365,-2.9232,48.9255,44.4885,-0.2231,nan,nan,nan,nan
70.5388,6.8685,1.0161,0.1325,163.0725,0.0000,-80.7665,6.9226,0.7860,0.1402,0.2365,-2.9303,48.9263,44.4933,-0.2125,nan,nan,nan,nan
70.5672,6.8685,1.0161,0.1325,163.0725,0.0000,-80.7664,6.9227,0.7860,0.1402,0.2365,-2.9405,48.9266,44.4999,-0.2075,nan,nan,nan,nan
70.5927,6.8685,1.0161,0.1325,163.0725,0.0000,-80.7664,6.9227,0.7861,0.1402,0.2365,-2.9453,48.9271,44.5050,-0.2080,nan,nan,nan,nan
70.6159,6.8685,1.0161,0.1325,163.0725,0.0000,-80.7665,6.9227,0.7861,0.1402,0.2364,-2.9486,48.9290,44.5169,-0.2127,nan,nan,nan,nan
70.6376,6.8685,1.0161,0.1325,163.0725,0.0000,-80.7665,6.9226,0.7861,0.1401,0.2364,-2.9464,48.9313,44.5213,-0.2144,nan,nan,nan,nan
70.6702,6.8685,1.0161,0.1325,163.0725,-0.0000,-80.7665,6.9226,0.7861,0.1401,0.2364,-2.9357,48.9352,44.5253,-0.2125,nan,nan,nan,nan
70.6912,6.8685,1.0161,0.1325,163.0725,-0.0000,-80.7665,6.9226,0.7861,0.1401,0.2364,-2.9263,48.9364,44.5270,-0.2147,nan,nan,nan,nan
70.7129,6.8685,1.0161,0.1325,163.0725,-0.0000,-80.7664,6.9225,0.7861,0.1401,0.2364,-2.9232,48.9362,44.5273,-0.2147,nan,nan,nan,nan
70.7383,6.8685,1.0161,0.1325,163.0725,0.0001,-80.7664,6.9225,0.7861,0.1402,0.2364,-2.9106,48.9340,44.5303,-0.2123,nan,nan,nan,nan
70.7598,6.8685,1.0161,0.1325,163.0725,0.0001,-80.7664,6.9225,0.7861,0.1402,0.2364,-2.9018,48.9324,44.5317,-0.2105,nan,nan,nan,nan
70.7828,6.8685,1.0161,0.1325,163.0725,0.0001,-80.7665,6.9224,0.7861,0.1402,0.2364,-2.8843,48.9315,44.5322,-0.2072,nan,nan,nan,nan
70.8089,6.8685,1.0161,0.1325,163.0726,0.0001,-80.7665,6.9224,0.7861,0.1402,0.2364,-2.8756,48.9321,44.5325,-0.2047,nan,nan,nan,nan
70.8371,6.8685,1.0161,0.1325,163.0725,-0.0000,-80.7665,6.9223,0.7861,0.1402,0.2364,-2.8620,48.9327,44.5329,-0.2027,nan,nan,nan,nan
70.8657,6.8685,1.0161,0.1325,163.0725,0.0000,-80.7665,6.9223,0.7860,0.1402,0.2364,-2.8523,48.9326,44.5344,-0.2028,nan,nan,nan,nan
70.9000,6.8685,1.0161,0.1325,163.0725,-0.0001,-80.7664,6.9223,0.7860,0.1402,0.2364,-2.8506,48.9329,44.5355,-0.2001,nan,nan,nan,nan
70.9339,6.8685,1.0161,0.1325,163.0725,-0.0000,-80.7664,6.9223,0.7861,0.1402,0.2364,-2.8478,48.9349,44.5381,-0.1950,nan,nan,nan,nan
70.9567,6.8685,1.0161,0.1325,163.0725,-0.0000,-80.7664,6.9222,0.7861,0.1402,0.2364,-2.8435,48.9360,44.5412,-0.1926,nan,nan,nan,nan
70.9807,6.8685,1.0161,0.1325,163.0725,0.0000,-80.7664,6.9222,0.7861,0.1402,0.2364,-2.8370,48.9368,44.5457,-0.1915,nan,nan,nan,nan
71.0042,6.8685,1.0161,0.1325,163.0725,0.0000,-80.7665,6.9221,0.7861,0.1402,0.2363,-2.8226,48.9396,44.5547,-0.1862,nan,nan,nan,nan
71.0295,6.8685,1.0161,0.1325,163.0725,0.0000,-80.7665,6.9221,0.7861,0.1402,0.2363,-2.8160,48.9400,44.5598,-0.1837,nan,nan,nan,nan
71.0578,6.8685,1.0161,0.1325,163.0725,0.0001,-80.7665,6.9220,0.7861,0.1402,0.2363,-2.8010,48.9396,44.5681,-0.1815,nan,nan,nan,nan
71.0813,6.8685,1.0161,0.1325,163.0725,-0.0000,-80.7665,6.9220,0.7861,0.1402,0.2363,-2.7827,48.9394,44.5732,-0.1793,nan,nan,nan,nan
71.1037,6.8685,1.0161,0.1325,163.0725,0.0000,-80.7665,6.9219,0.7861,0.1402,0.2363,-2.7613,48.9395,44.5766,-0.1735,nan,nan,nan,nan
71.1325,6.8685,1.0161,0.1325,163.0725,-0.0000,-80.7665,6.9218,0.7861,0.1403,0.2363,-2.7278,48.9378,44.5798,-0.1687,nan,nan,nan,nan
71.1581,6.8685,1.0161,0.1325,163.0725,-0.0000,-80.7665,6.9217,0.7860,0.1403,0.2363,-2.7119,48.9359,44.5819,-0.1670,nan,nan,nan,nan
71.1853,6.8685,1.0161,0.1325,163.0725,-0.0000,-80.7664,6.9216,0.7860,0.1403,0.2363,-2.6975,48.9349,44.5845,-0.1639,nan,nan,nan,nan
71.2115,6.8685,1.0161,0.1325,163.0725,-0.0001,-80.7664,6.9215,0.7860,0.1403,0.2363,-2.6696,48.9370,44.5869,-0.1533,nan,nan,nan,nan
71.2376,6.8685,1.0161,0.1325,163.0725,-0.0001,-80.7664,6.9215,0.7860,0.1403,0.2363,-2.6564,48.9372,44.5864,-0.1456,nan,nan,nan,nan
71.2615,6.8685,1.0161,0.1325,163.0725,0.0000,-80.7664,6.9214,0.7860,0.1404,0.2363,-2.6456,48.9372,44.5859,-0.1381,nan,nan,nan,nan
71.2858,6.8685,1.0161,0.1325,163.0725,-0.0000,-80.7664,6.9214,0.7860,0.1404,0.2363,-2.6340,48.9375,44.5836,-0.1234,nan,nan,nan,nan
71.3189,6.8685,1.0161,0.1325,163.0725,0.0000,-80.7664,6.9214,0.7860,0.1404,0.2363,-2.6344,48.9370,44.5849,-0.1180,nan,nan,nan,nan
71.3499,6.8685,1.0161,0.1325,163.0725,-0.0000,-80.7665,6.9214,0.7860,0.1404,0.2363,-2.6369,48.9366,44.5823,-0.1159,nan,nan,nan,nan
71.3875,6.8685,1.0161,0.1325,163.0725,0.0001,-80.7665,6.9214,0.7860,0.1404,0.2363,-2.6402,48.9347,44.5775,-0.1143,nan,nan,nan,nan
71.4091,6.8685,1.0161,0.1325,163.0725,0.0001,-80.7665,6.9214,0.7860,0.1404,0.2363,-2.6413,48.9328,44.5740,-0.1130,nan,nan,nan,nan
71.4300,6.8685,1.0161,0.1325,163.0725,0.0000,-80.7665,6.9214,0.7860,0.1404,0.2363,-2.6423,48.9310,44.5712,-0.1083,nan,nan,nan,nan
71.4539,6.8685,1.0161,0.1325,163.0725,0.0000,-80.7665,6.9214,0.7859,0.1404,0.2363,-2.6396,48.9310,44.5678,-0.0944,nan,nan,nan,nan
71.4756,6.8685,1.0161,0.1325,163.0725,0.0000,-80.7665,6.9214,0.7859,0.1404,0.2363,-2.6350,48.9326,44.5641,-0.0921,nan,nan,nan,nan
71.5028,6.8685,1.0161,0.1325,163.0725,-0.0000,-80.7664,6.9214,0.7859,0.1404,0.2363,-2.6308,48.9338,44.5614,-0.0947,nan,nan,nan,nan
71.5273,6.8685,1.0161,0.1325,163.0725,0.0000,-80.7664,6.9214,0.7859,0.1404,0.2363,-2.6222,48.9362,44.5587,-0.0974,nan,nan,nan,nan
71.5497,6.8685,1.0161,0.1325,163.0725,0.0000,-80.7664,6.9214,0.7859,0.1404,0.2363,-2.6168,48.9381,44.5578,-0.0993,nan,nan,nan,nan
71.5757,6.8685,1.0161,0.1325,163.0725,-0.0000,-80.7664,6.9213,0.7859,0.1404,0.2363,-2.6136,48.9411,44.5580,-0.1007,nan,nan,nan,nan
71.5983,6.8685,1.0161,0.1325,163.0725,0.0000,-80.7664,6.9213,0.7859,0.1404,0.2363,-2.6159,48.9438,44.5587,-0.1020,nan,nan,nan,nan
71.6240,6.8685,1.0161,0.1325,163.0725,0.0000,-80.7664,6.9213,0.7859,0.1404,0.2363,-2.6178,48.9458,44.5600,-0.1038,nan,nan,nan,nan
71.6488,6.8685,1.0161,0.1325,163.0725,-0.0000,-80.7665,6.9213,0.7859,0.1404,0.2363,-2.6174,48.9475,44.5595,-0.1064,nan,nan,nan,nan
71.6732,6.8685,1.0161,0.1325,163.0725,-0.0000,-80.7665,6.9213,0.7859,0.1404,0.2363,-2.6157,48.9502,44.5561,-0.1107,nan,nan,nan,nan
71.6950,6.8685,1.0161,0.1325,163.0725,-0.0000,-80.7664,6.9213,0.7859,0.1404,0.2363,-2.6062,48.9507,44.5524,-0.1175,nan,nan,nan,nan
71.7180,6.8685,1.0161,0.1325,163.0725,-0.0000,-80.7664,6.9213,0.7859,0.1404,0.2363,-2.6000,48.9502,44.5515,-0.1199,nan,nan,nan,nan
71.7444,6.8685,1.0161,0.1325,163.0725,-0.0000,-80.7664,6.9213,0.7859,0.1404,0.2363,-2.5926,48.9489,44.5520,-0.1229,nan,nan,nan,nan
71.7750,6.8685,1.0161,0.1325,163.0725,0.0000,-80.7664,6.9212,0.7859,0.1404,0.2363,-2.5896,48.9489,44.5533,-0.1345,nan,nan,nan,nan
71.8110,6.8685,1.0161,0.1325,163.0725,0.0000,-80.7665,6.9212,0.7859,0.1404,0.2363,-2.5895,48.9486,44.5518,-0.1521,nan,nan,nan,nan
71.8368,6.8685,1.0161,0.1325,163.0725,0.0000,-80.7665,6.9213,0.7859,0.1405,0.2363,-2.5898,48.9465,44.5510,-0.1577,nan,nan,nan,nan
71.8585,6.8685,1.0161,0.1325,163.0725,0.0000,-80.7665,6.9213,0.7859,0.1405,0.2363,-2.5913,48.9424,44.5498,-0.1620,nan,nan,nan,nan
71.8807,6.8685,1.0161,0.1325,163.0725,-0.0000,-80.7665,6.9213,0.7859,0.1405,0.2364,-2.5932,48.9399,44.5485,-0.1657,nan,nan,nan,nan
71.9097,6.8685,1.0161,0.1325,163.0725,0.0000,-80.7665,6.9213,0.7859,0.1405,0.2364,-2.5965,48.9408,44.5431,-0.1651,nan,nan,nan,nan
71.9304,6.8685,1.0161,0.1325,163.0725,0.0000,-80.7665,6.9213,0.7859,0.1405,0.2364,-2.5999,48.9435,44.5388,-0.1638,nan,nan,nan,nan
71.9518,6.8685,1.0161,0.1325,163.0725,0.0001,-80.7665,6.9213,0.7859,0.1405,0.2364,-2.6029,48.9455,44.5366,-0.1638,nan,nan,nan,nan
71.9832,6.8685,1.0161,0.1325,163.0725,0.0000,-80.7665,6.9213,0.7859,0.1404,0.2364,-2.6107,48.9489,44.5346,-0.1654,nan,nan,nan,nan
72.0071,6.8685,1.0161,0.1325,163.0725,0.0000,-80.7665,6.9214,0.7859,0.1404,0.2364,-2.6229,48.9532,44.5352,-0.1663,nan,nan,nan,nan
72.0276,6.8685,1.0161,0.1325,163.0725,0.0000,-80.7665,6.9214,0.7859,0.1404,0.2364,-2.6298,48.9556,44.5367,-0.1652,nan,nan,nan,nan
72.0546,6.8685,1.0161,0.1325,163.0725,0.0000,-80.7665,6.9214,0.7859,0.1404,0.2363,-2.6370,48.9585,44.5406,-0.1678,nan,nan,nan,nan
72.0805,6.8685,1.0161,0.1325,163.0725,0.0000,-80.7665,6.9214,0.7859,0.1403,0.2363,-2.6405,48.9613,44.5433,-0.1618,nan,nan,nan,nan
72.1040,6.8685,1.0161,0.1325,163.0725,-0.0000,-80.7665,6.9214,0.7859,0.1403,0.2363,-2.6413,48.9628,44.5461,-0.1581,nan,nan,nan,nan
72.1344,6.8685,1.0161,0.1325,163.0725,0.0000,-80.7664,6.9214,0.7859,0.1403,0.2363,-2.6420,48.9653,44.5491,-0.1527,nan,nan,nan,nan
72.1627,6.8685,1.0161,0.1325,163.0725,-0.0000,-80.7664,6.9214,0.7859,0.1403,0.2363,-2.6417,48.9682,44.5490,-0.1545,nan,nan,nan,nan
72.1835,6.8685,1.0161,0.1325,163.0725,-0.0000,-80.7664,6.9214,0.7859,0.1403,0.2363,-2.6392,48.9699,44.5487,-0.1537,nan,nan,nan,nan
72.2056,6.8685,1.0161,0.1325,163.0725,-0.0000,-80.7665,6.9214,0.7859,0.1403,0.2363,-2.6380,48.9702,44.5490,-0.1531,nan,nan,nan,nan
72.2367,6.8685,1.0161,0.1325,163.0725,0.0000,-80.7665,6.9214,0.7859,0.1403,0.2363,-2.6390,48.9715,44.5499,-0.1487,nan,nan,nan,nan
72.2724,6.8685,1.0161,0.1325,163.0725,-0.0001,-80.7665,6.9214,0.7859,0.1403,0.2363,-2.6483,48.9702,44.5484,-0.1475,nan,nan,nan,nan
72.2952,6.8685,1.0161,0.1325,163.0725,-0.0001,-80.7665,6.9215,0.7859,0.1403,0.2363,-2.6602,48.9661,44.5439,-0.1442,nan,nan,nan,nan
72.3173,6.8685,1.0161,0.1325,163.0725,-0.0000,-80.7665,6.9215,0.7859,0.1403,0.2363,-2.6640,48.9650,44.5418,-0.1432,nan,nan,nan,nan
72.3522,6.8685,1.0161,0.1325,163.0725,-0.0001,-80.7664,6.9216,0.7859,0.1403,0.2364,-2.6784,48.9606,44.5319,-0.1428,nan,nan,nan,nan
72.3766,6.8685,1.0161,0.1325,163.0725,-0.0001,-80.7664,6.9216,0.7859,0.1403,0.2364,-2.6841,48.9583,44.5284,-0.1425,nan,nan,nan,nan
72.3977,6.8685,1.0161,0.1325,163.0725,0.0000,-80.7664,6.9216,0.7859,0.1404,0.2364,-2.6869,48.9562,44.5250,-0.1398,nan,nan,nan,nan
72.4195,6.8685,1.0161,0.1325,163.0725,0.0000,-80.7664,6.9217,0.7859,0.1404,0.2364,-2.6915,48.9541,44.5191,-0.1254,nan,nan,nan,nan
72.4473,6.8685,1.0161,0.1325,163.0725,0.0001,-80.7664,6.9217,0.7859,0.1404,0.2364,-2.7003,48.9541,44.5130,-0.1161,nan,nan,nan,nan
72.4683,6.8685,1.0161,0.1325,163.0725,0.0001,-80.7664,6.9217,0.7859,0.1404,0.2364,-2.7013,48.9546,44.5109,-0.1123,nan,nan,nan,nan
72.4905,6.8685,1.0161,0.1325,163.0725,-0.0000,-80.7665,6.9217,0.7859,0.1404,0.2364,-2.7012,48.9551,44.5106,-0.1066,nan,nan,nan,nan
72.5248,6.8685,1.0161,0.1325,163.0725,-0.0000,-80.7665,6.9217,0.7859,0.1404,0.2364,-2.7022,48.9565,44.5106,-0.1001,nan,nan,nan,nan
72.5472,6.8685,1.0161,0.1325,163.0725,-0.0000,-80.7665,6.9217,0.7859,0.1403,0.2364,-2.7067,48.9590,44.5103,-0.0940,nan,nan,nan,nan
72.5696,6.8685,1.0161,0.1325,163.0725,0.0000,-80.7665,6.9217,0.7859,0.1403,0.2364,-2.7083,48.9596,44.5102,-0.0914,nan,nan,nan,nan
72.6032,6.8685,1.0161,0.1325,163.0725,0.0000,-80.7665,6.9217,0.7859,0.1403,0.2364,-2.7130,48.9604,44.5070,-0.0778,nan,nan,nan,nan
72.6251,6.8685,1.0161,0.1325,163.0725,0.0000,-80.7665,6.9218,0.7859,0.1403,0.2364,-2.7141,48.9610,44.5037,-0.0740,nan,nan,nan,nan
72.6457,6.8685,1.0161,0.1325,163.0725,0.0000,-80.7664,6.9218,0.7859,0.1403,0.2364,-2.7149,48.9612,44.5013,-0.0728,nan,nan,nan,nan
72.6738,6.8685,1.0161,0.1325,163.0725,-0.0000,-80.7665,6.9218,0.7859,0.1403,0.2364,-2.7174,48.9635,44.4952,-0.0736,nan,nan,nan,nan
72.7106,6.8685,1.0161,0.1325,163.0725,0.0000,-80.7664,6.9218,0.7859,0.1403,0.2365,-2.7256,48.9661,44.4915,-0.0751,nan,nan,nan,nan
72.7327,6.8685,1.0161,0.1325,163.0725,0.0000,-80.7664,6.9218,0.7859,0.1403,0.2364,-2.7299,48.9680,44.4916,-0.0745,nan,nan,nan,nan
72.7549,6.8685,1.0161,0.1325,163.0725,0.0000,-80.7665,6.9218,0.7859,0.1403,0.2364,-2.7369,48.9706,44.4930,-0.0753,nan,nan,nan,nan
72.7900,6.8685,1.0161,0.1325,163.0725,0.0000,-80.7665,6.9219,0.7859,0.1403,0.2364,-2.7441,48.9720,44.4940,-0.0781,nan,nan,nan,nan
72.8125,6.8685,1.0161,0.1325,163.0725,0.0000,-80.7665,6.9219,0.7859,0.1403,0.2364,-2.7503,48.9725,44.4921,-0.0755,nan,nan,nan,nan
72.8365,6.8685,1.0161,0.1325,163.0725,0.0000,-80.7665,6.9219,0.7859,0.1403,0.2364,-2.7520,48.9722,44.4912,-0.0741,nan,nan,nan,nan
72.8619,6.8685,1.0161,0.1325,163.0725,0.0000,-80.7665,6.9220,0.7859,0.1403,0.2365,-2.7607,48.9710,44.4860,-0.0633,nan,nan,nan,nan
72.8893,6.8685,1.0161,0.1325,163.0725,-0.0000,-80.7665,6.9220,0.7859,0.1403,0.2365,-2.7722,48.9652,44.4829,-0.0542,nan,nan,nan,nan
72.9274,6.8685,1.0161,0.1325,163.0725,0.0000,-80.7664,6.9221,0.7859,0.1403,0.2365,-2.7888,48.9582,44.4869,-0.0510,nan,nan,nan,nan
72.9559,6.8685,1.0161,0.1325,163.0725,-0.0000,-80.7664,6.9221,0.7859,0.1403,0.2365,-2.8048,48.9537,44.4931,-0.0527,nan,nan,nan,nan
72.9810,6.8685,1.0161,0.1325,163.0726,-0.0000,-80.7664,6.9222,0.7860,0.1403,0.2365,-2.8195,48.9517,44.4972,-0.0542,nan,nan,nan,nan
73.0170,6.8685,1.0161,0.1325,163.0725,-0.0000,-80.7665,6.9222,0.7860,0.1402,0.2365,-2.8351,48.9473,44.5035,-0.0559,nan,nan,nan,nan
73.0430,6.8685,1.0161,0.1325,163.0725,-0.0000,-80.7665,6.9223,0.7860,0.1402,0.2364,-2.8428,48.9434,44.5077,-0.0579,nan,nan,nan,nan
73.0679,6.8685,1.0161,0.1325,163.0725,-0.0000,-80.7664,6.9223,0.7860,0.1402,0.2364,-2.8441,48.9407,44.5107,-0.0564,nan,nan,nan,nan
73.1022,6.8685,1.0161,0.1325,163.0725,-0.0000,-80.7665,6.9223,0.7860,0.1403,0.2364,-2.8423,48.9365,44.5134,-0.0500,nan,nan,nan,nan
73.1373,6.8685,1.0161,0.1325,163.0726,-0.0000,-80.7665,6.9222,0.7860,0.1403,0.2364,-2.8310,48.9338,44.5163,-0.0408,nan,nan,nan,nan
73.1586,6.8685,1.0161,0.1325,163.0726,-0.0000,-80.7665,6.9222,0.7860,0.1403,0.2364,-2.8206,48.9304,44.5197,-0.0349,nan,nan,nan,nan
73.1832,6.8685,1.0161,0.1325,163.0725,-0.0000,-80.7665,6.9222,0.7860,0.1403,0.2364,-2.8143,48.9275,44.5227,-0.0338,nan,nan,nan,nan
73.2092,6.8685,1.0161,0.1325,163.0725,-0.0000,-80.7665,6.9221,0.7860,0.1403,0.2364,-2.8053,48.9251,44.5258,-0.0330,nan,nan,nan,nan
73.2314,6.8685,1.0161,0.1325,163.0725,-0.0000,-80.7665,6.9221,0.7860,0.1403,0.2364,-2.7955,48.9245,44.5289,-0.0322,nan,nan,nan,nan
73.2581,6.8685,1.0161,0.1325,163.0725,0.0001,-80.7665,6.9221,0.7860,0.1403,0.2364,-2.7919,48.9244,44.5299,-0.0325,nan,nan,nan,nan
73.2944,6.8685,1.0161,0.1325,163.0725,0.0000,-80.7665,6.9220,0.7860,0.1404,0.2364,-2.7750,48.9229,44.5329,-0.0346,nan,nan,nan,nan
73.3251,6.8685,1.0161,0.1325,163.0725,0.0000,-80.7665,6.9219,0.7860,0.1404,0.2364,-2.7561,48.9210,44.5373,-0.0383,nan,nan,nan,nan
73.3587,6.8685,1.0161,0.1325,163.0725,-0.0000,-80.7665,6.9219,0.7860,0.1404,0.2364,-2.7428,48.9215,44.5398,-0.0369,nan,nan,nan,nan
73.3922,6.8685,1.0161,0.1325,163.0725,0.0000,-80.7665,6.9219,0.7860,0.1404,0.2364,-2.7381,48.9227,44.5409,-0.0328,nan,nan,nan,nan
73.4183,6.8685,1.0161,0.1325,163.0725,0.0000,-80.7665,6.9219,0.7860,0.1404,0.2364,-2.7400,48.9233,44.5410,-0.0325,nan,nan,nan,nan
73.4448,6.8685,1.0161,0.1325,163.0725,0.0001,-80.7665,6.9219,0.7860,0.1404,0.2364,-2.7444,48.9230,44.5416,-0.0335,nan,nan,nan,nan
73.4746,6.8685,1.0161,0.1325,163.0725,-0.0000,-80.7665,6.9219,0.7860,0.1404,0.2364,-2.7598,48.9207,44.5424,-0.0329,nan,nan,nan,nan
73.4986,6.8685,1.0161,0.1325,163.0725,-0.0000,-80.7665,6.9220,0.7860,0.1403,0.2364,-2.7728,48.9210,44.5436,-0.0341,nan,nan,nan,nan
73.5216,6.8685,1.0161,0.1325,163.0725,-0.0000,-80.7665,6.9220,0.7860,0.1403,0.2364,-2.7817,48.9221,44.5437,-0.0370,nan,nan,nan,nan
73.5495,6.8685,1.0161,0.1325,163.0725,0.0000,-80.7664,6.9221,0.7860,0.1403,0.2364,-2.7938,48.9235,44.5460,-0.0408,nan,nan,nan,nan
73.5791,6.8685,1.0161,0.1325,163.0725,0.0000,-80.7665,6.9221,0.7860,0.1403,0.2364,-2.8078,48.9256,44.5483,-0.0469,nan,nan,nan,nan
73.6026,6.8685,1.0161,0.1325,163.0725,0.0000,-80.7665,6.9221,0.7860,0.1403,0.2364,-2.8160,48.9269,44.5477,-0.0505,nan,nan,nan,nan
73.6236,6.8685,1.0161,0.1325,163.0726,-0.0000,-80.7664,6.9221,0.7860,0.1403,0.2364,-2.8169,48.9262,44.5482,-0.0517,nan,nan,nan,nan
73.6557,6.8685,1.0161,0.1325,163.0725,0.0000,-80.7664,6.9221,0.7860,0.1403,0.2364,-2.8155,48.9249,44.5470,-0.0537,nan,nan,nan,nan
73.6920,6.8685,1.0161,0.1325,163.0725,0.0000,-80.7664,6.9221,0.7860,0.1403,0.2364,-2.8100,48.9247,44.5448,-0.0603,nan,nan,nan,nan
73.7179,6.8685,1.0161,0.1325,163.0725,0.0000,-80.7664,6.9221,0.7860,0.1403,0.2364,-2.8042,48.9257,44.5437,-0.0668,nan,nan,nan,nan
73.7415,6.8685,1.0161,0.1325,163.0725,-0.0000,-80.7664,6.9221,0.7860,0.1403,0.2364,-2.7986,48.9265,44.5442,-0.0749,nan,nan,nan,nan
73.7735,6.8685,1.0161,0.1325,163.0725,-0.0000,-80.7665,6.9221,0.7860,0.1403,0.2364,-2.7906,48.9278,44.5448,-0.0935,nan,nan,nan,nan
73.7948,6.8685,1.0161,0.1325,163.0725,-0.0000,-80.7665,6.9220,0.7860,0.1403,0.2364,-2.7879,48.9278,44.5469,-0.1016,nan,nan,nan,nan
73.8188,6.8685,1.0161,0.1325,163.0725,-0.0000,-80.7665,6.9220,0.7860,0.1403,0.2364,-2.7878,48.9287,44.5494,-0.1065,nan,nan,nan,nan
73.8422,6.8685,1.0161,0.1325,163.0725,-0.0000,-80.7664,6.9220,0.7860,0.1403,0.2364,-2.7872,48.9294,44.5511,-0.1095,nan,nan,nan,nan
73.8677,6.8685,1.0161,0.1325,163.0725,-0.0000,-80.7664,6.9220,0.7860,0.1403,0.2363,-2.7845,48.9297,44.5564,-0.1120,nan,nan,nan,nan
73.8901,6.8685,1.0161,0.1325,163.0725,-0.0000,-80.7665,6.9220,0.7860,0.1403,0.2363,-2.7831,48.9299,44.5586,-0.1125,nan,nan,nan,nan
73.9256,6.8685,1.0161,0.1325,163.0725,-0.0000,-80.7665,6.9220,0.7860,0.1403,0.2363,-2.7740,48.9315,44.5632,-0.1053,nan,nan,nan,nan
73.9477,6.8685,1.0161,0.1325,163.0725,-0.0000,-80.7665,6.9219,0.7860,0.1403,0.2363,-2.7667,48.9307,44.5670,-0.1008,nan,nan,nan,nan
73.9716,6.8685,1.0161,0.1325,163.0725,-0.0000,-80.7665,6.9219,0.7860,0.1403,0.2363,-2.7606,48.9294,44.5710,-0.0987,nan,nan,nan,nan
73.9966,6.8685,1.0161,0.1325,163.0725,-0.0000,-80.7664,6.9219,0.7861,0.1403,0.2363,-2.7565,48.9291,44.5729,-0.0993,nan,nan,nan,nan
74.0253,6.8685,1.0161,0.1325,163.0725,-0.0000,-80.7665,6.9219,0.7861,0.1403,0.2363,-2.7522,48.9274,44.5762,-0.1078,nan,nan,nan,nan
74.0577,6.8685,1.0161,0.1325,163.0725,-0.0000,-80.7665,6.9219,0.7860,0.1403,0.2363,-2.7471,48.9280,44.5735,-0.1149,nan,nan,nan,nan
74.0925,6.8685,1.0161,0.1325,163.0726,-0.0000,-80.7665,6.9218,0.7860,0.1403,0.2363,-2.7382,48.9284,44.5667,-0.1164,nan,nan,nan,nan
74.1180,6.8685,1.0161,0.1325,163.0726,-0.0000,-80.7665,6.9218,0.7860,0.1403,0.2363,-2.7329,48.9289,44.5625,-0.1168,nan,nan,nan,nan
74.1408,6.8685,1.0161,0.1325,163.0725,-0.0000,-80.7664,6.9218,0.7860,0.1403,0.2364,-2.7291,48.9300,44.5573,-0.1162,nan,nan,nan,nan
74.1744,6.8685,1.0161,0.1325,163.0729,0.0000,-80.7665,6.9218,0.7860,0.1403,0.2364,-2.7268,48.9315,44.5487,-0.1132,nan,nan,nan,nan
74.2081,6.8685,1.0161,0.1325,163.0725,-0.0000,-80.7665,6.9218,0.7860,0.1403,0.2364,-2.7385,48.9318,44.5431,-0.1160,nan,nan,nan,nan
74.2402,6.8685,1.0161,0.1325,163.0725,-0.0000,-80.7664,6.9219,0.7860,0.1403,0.2364,-2.7592,48.9337,44.5372,-0.1166,nan,nan,nan,nan
74.2616,6.8685,1.0161,0.1325,163.0725,-0.0000,-80.7664,6.9220,0.7860,0.1403,0.2364,-2.7722,48.9345,44.5372,-0.1147,nan,nan,nan,nan
74.2831,6.8685,1.0161,0.1325,163.0725,0.0001,-80.7665,6.9221,0.7860,0.1403,0.2364,-2.7946,48.9355,44.5387,-0.1117,nan,nan,nan,nan
74.3179,6.8685,1.0161,0.1325,163.0726,0.0001,-80.7664,6.9222,0.7860,0.1402,0.2364,-2.8181,48.9353,44.5407,-0.1089,nan,nan,nan,nan
74.3400,6.8685,1.0161,0.1325,163.0726,0.0001,-80.7664,6.9222,0.7861,0.1402,0.2364,-2.8353,48.9342,44.5427,-0.1060,nan,nan,nan,nan
74.3648,6.8685,1.0161,0.1325,163.0725,0.0001,-80.7665,6.9223,0.7861,0.1402,0.2364,-2.8599,48.9322,44.5457,-0.1068,nan,nan,nan,nan
74.3904,6.8685,1.0161,0.1325,163.0725,0.0000,-80.7665,6.9224,0.7861,0.1402,0.2364,-2.8808,48.9307,44.5487,-0.1073,nan,nan,nan,nan
74.4107,6.8685,1.0161,0.1325,163.0725,0.0000,-80.7665,6.9224,0.7861,0.1402,0.2364,-2.8904,48.9298,44.5523,-0.1066,nan,nan,nan,nan
74.4336,6.8685,1.0161,0.1325,163.0725,0.0001,-80.7664,6.9224,0.7861,0.1401,0.2364,-2.8973,48.9289,44.5555,-0.1032,nan,nan,nan,nan
74.4544,6.8685,1.0161,0.1325,163.0725,0.0001,-80.7664,6.9225,0.7861,0.1401,0.2363,-2.9005,48.9276,44.5601,-0.1023,nan,nan,nan,nan
74.4750,6.8685,1.0161,0.1325,163.0725,0.0000,-80.7665,6.9224,0.7861,0.1401,0.2363,-2.8979,48.9279,44.5631,-0.1042,nan,nan,nan,nan
74.5008,6.8685,1.0161,0.1325,163.0725,0.0001,-80.7665,6.9224,0.7861,0.1401,0.2363,-2.8911,48.9276,44.5647,-0.1066,nan,nan,nan,nan
74.5236,6.8685,1.0161,0.1325,163.0725,0.0001,-80.7665,6.9224,0.7861,0.1402,0.2363,-2.8790,48.9258,44.5669,-0.1066,nan,nan,nan,nan
74.5506,6.8685,1.0161,0.1325,163.0725,-0.0000,-80.7665,6.9223,0.7861,0.1402,0.2363,-2.8720,48.9248,44.5670,-0.1037,nan,nan,nan,nan
74.5851,6.8685,1.0161,0.1325,163.0725,-0.0000,-80.7665,6.9223,0.7861,0.1402,0.2363,-2.8647,48.9238,44.5680,-0.0997,nan,nan,nan,nan
74.6222,6.8685,1.0161,0.1325,163.0725,0.0000,-80.7664,6.9222,0.7861,0.1402,0.2363,-2.8493,48.9247,44.5727,-0.0950,nan,nan,nan,nan
74.6486,6.8685,1.0161,0.1325,163.0725,0.0000,-80.7664,6.9222,0.7861,0.1402,0.2363,-2.8355,48.9263,44.5765,-0.0942,nan,nan,nan,nan
74.6762,6.8685,1.0161,0.1325,163.0725,0.0000,-80.7664,6.9222,0.7861,0.1402,0.2363,-2.8298,48.9285,44.5763,-0.0942,nan,nan,nan,nan
74.7097,6.8685,1.0161,0.1325,163.0725,-0.0000,-80.7664,6.9222,0.7861,0.1402,0.2363,-2.8261,48.9297,44.5776,-0.0930,nan,nan,nan,nan
74.7356,6.8685,1.0161,0.1325,163.0725,-0.0000,-80.7664,6.9221,0.7861,0.1402,0.2363,-2.8255,48.9304,44.5811,-0.0936,nan,nan,nan,nan
74.7627,6.8685,1.0161,0.1325,163.0725,0.0000,-80.7664,6.9221,0.7861,0.1402,0.2363,-2.8279,48.9313,44.5833,-0.0966,nan,nan,nan,nan
74.7935,6.8685,1.0161,0.1325,163.0725,0.0000,-80.7665,6.9222,0.7862,0.1401,0.2363,-2.8370,48.9324,44.5860,-0.1010,nan,nan,nan,nan
74.8166,6.8685,1.0161,0.1325,163.0725,0.0000,-80.7665,6.9222,0.7862,0.1401,0.2363,-2.8444,48.9319,44.5882,-0.1033,nan,nan,nan,nan
74.8379,6.8685,1.0161,0.1325,163.0725,0.0001,-80.7665,6.9222,0.7862,0.1401,0.2363,-2.8527,48.9308,44.5905,-0.1090,nan,nan,nan,nan
74.8658,6.8685,1.0161,0.1325,163.0725,0.0000,-80.7664,6.9223,0.7862,0.1401,0.2363,-2.8582,48.9280,44.5935,-0.1153,nan,nan,nan,nan
74.9009,6.8685,1.0161,0.1325,163.0725,-0.0000,-80.7664,6.9223,0.7862,0.1401,0.2362,-2.8614,48.9236,44.5994,-0.1198,nan,nan,nan,nan
74.9269,6.8685,1.0161,0.1325,163.0725,-0.0000,-80.7664,6.9223,0.7862,0.1401,0.2363,-2.8579,48.9225,44.5985,-0.1208,nan,nan,nan,nan
74.9536,6.8685,1.0161,0.1325,163.0726,-0.0001,-80.7665,6.9222,0.7862,0.1401,0.2363,-2.8558,48.9225,44.5976,-0.1212,nan,nan,nan,nan
74.9896,6.8685,1.0161,0.1325,163.0725,0.0001,-80.7664,6.9222,0.7862,0.1402,0.2363,-2.8406,48.9237,44.5925,-0.1236,nan,nan,nan,nan
75.0155,6.8685,1.0161,0.1325,163.0725,0.0001,-80.7664,6.9221,0.7861,0.1402,0.2363,-2.8235,48.9239,44.5909,-0.1253,nan,nan,nan,nan
75.0418,6.8685,1.0161,0.1325,163.0725,-0.0000,-80.7664,6.9221,0.7861,0.1402,0.2363,-2.8169,48.9239,44.5906,-0.1257,nan,nan,nan,nan
75.0760,6.8685,1.0161,0.1325,163.0725,-0.0000,-80.7664,6.9220,0.7861,0.1402,0.2363,-2.7928,48.9228,44.5873,-0.1232,nan,nan,nan,nan
75.1013,6.8685,1.0161,0.1325,163.0725,-0.0000,-80.7664,6.9220,0.7861,0.1403,0.2363,-2.7832,48.9216,44.5849,-0.1184,nan,nan,nan,nan
75.1222,6.8685,1.0161,0.1325,163.0725,0.0000,-80.7664,6.9219,0.7861,0.1403,0.2363,-2.7733,48.9202,44.5824,-0.1152,nan,nan,nan,nan
75.1477,6.8685,1.0161,0.1325,163.0725,0.0000,-80.7664,6.9219,0.7861,0.1403,0.2363,-2.7549,48.9181,44.5803,-0.1061,nan,nan,nan,nan
75.1790,6.8685,1.0161,0.1325,163.0725,-0.0000,-80.7664,6.9218,0.7860,0.1403,0.2363,-2.7393,48.9192,44.5770,-0.0881,nan,nan,nan,nan
75.2149,6.8685,1.0161,0.1325,163.0725,0.0000,-80.7664,6.9218,0.7860,0.1403,0.2363,-2.7285,48.9212,44.5739,-0.0728,nan,nan,nan,nan
75.2388,6.8685,1.0161,0.1325,163.0725,0.0000,-80.7664,6.9218,0.7860,0.1403,0.2363,-2.7207,48.9221,44.5757,-0.0717,nan,nan,nan,nan
75.2640,6.8685,1.0161,0.1325,163.0725,0.0000,-80.7664,6.9217,0.7860,0.1403,0.2363,-2.7139,48.9233,44.5756,-0.0713,nan,nan,nan,nan
75.2990,6.8685,1.0161,0.1325,163.0725,0.0000,-80.7665,6.9217,0.7860,0.1404,0.2363,-2.7017,48.9242,44.5751,-0.0673,nan,nan,nan,nan
75.3247,6.8685,1.0161,0.1325,163.0725,0.0000,-80.7665,6.9216,0.7860,0.1404,0.2363,-2.6941,48.9250,44.5739,-0.0647,nan,nan,nan,nan
75.3502,6.8685,1.0161,0.1325,163.0725,-0.0000,-80.7665,6.9216,0.7860,0.1404,0.2363,-2.6876,48.9253,44.5733,-0.0654,nan,nan,nan,nan
75.3762,6.8685,1.0161,0.1325,163.0725,-0.0000,-80.7664,6.9216,0.7860,0.1404,0.2363,-2.6776,48.9264,44.5727,-0.0701,nan,nan,nan,nan
75.4027,6.8685,1.0161,0.1325,163.0725,-0.0000,-80.7664,6.9216,0.7860,0.1404,0.2363,-2.6734,48.9272,44.5729,-0.0756,nan,nan,nan,nan
75.4294,6.8685,1.0161,0.1325,163.0725,-0.0000,-80.7665,6.9216,0.7860,0.1404,0.2363,-2.6725,48.9276,44.5723,-0.0768,nan,nan,nan,nan
75.4564,6.8685,1.0161,0.1325,163.0725,0.0000,-80.7665,6.9216,0.7860,0.1404,0.2363,-2.6745,48.9288,44.5686,-0.0761,nan,nan,nan,nan
75.4800,6.8685,1.0161,0.1325,163.0725,0.0000,-80.7665,6.9216,0.7860,0.1404,0.2363,-2.6779,48.9317,44.5629,-0.0732,nan,nan,nan,nan
75.5068,6.8685,1.0161,0.1325,163.0725,0.0000,-80.7665,6.9216,0.7860,0.1404,0.2363,-2.6820,48.9334,44.5575,-0.0692,nan,nan,nan,nan
75.5381,6.8685,1.0161,0.1325,163.0725,-0.0000,-80.7664,6.9217,0.7859,0.1404,0.2364,-2.6906,48.9366,44.5486,-0.0630,nan,nan,nan,nan
75.5705,6.8685,1.0161,0.1325,163.0725,0.0000,-80.7664,6.9217,0.7859,0.1404,0.2364,-2.7032,48.9378,44.5411,-0.0610,nan,nan,nan,nan
75.5968,6.8685,1.0161,0.1325,163.0725,0.0000,-80.7664,6.9218,0.7859,0.1404,0.2364,-2.7103,48.9387,44.5367,-0.0622,nan,nan,nan,nan
75.6239,6.8685,1.0161,0.1325,163.0725,-0.0000,-80.7664,6.9218,0.7859,0.1404,0.2364,-2.7232,48.9394,44.5305,-0.0632,nan,nan,nan,nan
75.6587,6.8685,1.0161,0.1325,163.0725,-0.0000,-80.7664,6.9218,0.7859,0.1403,0.2364,-2.7384,48.9384,44.5297,-0.0674,nan,nan,nan,nan
75.6845,6.8685,1.0161,0.1325,163.0725,-0.0000,-80.7664,6.9219,0.7860,0.1403,0.2364,-2.7577,48.9387,44.5312,-0.0719,nan,nan,nan,nan
75.7100,6.8685,1.0161,0.1325,163.0725,0.0001,-80.7664,6.9220,0.7860,0.1403,0.2364,-2.7653,48.9384,44.5326,-0.0728,nan,nan,nan,nan
75.7440,6.8685,1.0161,0.1325,163.0725,0.0000,-80.7664,6.9221,0.7860,0.1403,0.2364,-2.7991,48.9383,44.5375,-0.0730,nan,nan,nan,nan
75.7699,6.8685,1.0161,0.1325,163.0725,0.0000,-80.7664,6.9222,0.7860,0.1402,0.2364,-2.8180,48.9392,44.5368,-0.0733,nan,nan,nan,nan
75.7971,6.8685,1.0161,0.1325,163.0725,0.0000,-80.7665,6.9223,0.7861,0.1402,0.2364,-2.8383,48.9409,44.5338,-0.0737,nan,nan,nan,nan
75.8326,6.8685,1.0161,0.1325,163.0725,0.0000,-80.7665,6.9224,0.7861,0.1402,0.2364,-2.8828,48.9414,44.5321,-0.0762,nan,nan,nan,nan
75.8548,6.8685,1.0161,0.1325,163.0725,0.0000,-80.7665,6.9225,0.7861,0.1401,0.2364,-2.9167,48.9400,44.5348,-0.0798,nan,nan,nan,nan
75.8817,6.8685,1.0161,0.1325,163.0725,0.0000,-80.7665,6.9226,0.7861,0.1401,0.2364,-2.9281,48.9390,44.5360,-0.0821,nan,nan,nan,nan
75.9116,6.8685,1.0161,0.1325,163.0725,0.0000,-80.7665,6.9227,0.7862,0.1401,0.2364,-2.9677,48.9356,44.5389,-0.0919,nan,nan,nan,nan
75.9435,6.8685,1.0161,0.1325,163.0725,0.0000,-80.7665,6.9229,0.7862,0.1400,0.2364,-3.0014,48.9355,44.5387,-0.0919,nan,nan,nan,nan
75.9672,6.8685,1.0161,0.1325,163.0725,0.0000,-80.7665,6.9229,0.7862,0.1400,0.2364,-3.0205,48.9369,44.5407,-0.0921,nan,nan,nan,nan
75.9944,6.8685,1.0161,0.1325,163.0725,0.0000,-80.7665,6.9229,0.7862,0.1400,0.2364,-3.0277,48.9378,44.5434,-0.0896,nan,nan,nan,nan
76.0194,6.8685,1.0161,0.1325,163.0725,-0.0000,-80.7665,6.9229,0.7862,0.1400,0.2364,-3.0313,48.9403,44.5483,-0.0836,nan,nan,nan,nan
76.0531,6.8685,1.0161,0.1325,163.0725,0.0000,-80.7665,6.9229,0.7862,0.1399,0.2363,-3.0243,48.9438,44.5508,-0.0644,nan,nan,nan,nan
76.0893,6.8685,1.0161,0.1325,163.0725,0.0000,-80.7665,6.9229,0.7862,0.1400,0.2363,-3.0085,48.9421,44.5551,-0.0434,nan,nan,nan,nan
76.1101,6.8685,1.0161,0.1325,163.0725,0.0000,-80.7665,6.9228,0.7862,0.1400,0.2363,-3.0011,48.9412,44.5585,-0.0362,nan,nan,nan,nan
76.1349,6.8685,1.0161,0.1325,163.0725,0.0000,-80.7665,6.9228,0.7862,0.1400,0.2363,-2.9856,48.9407,44.5644,-0.0238,nan,nan,nan,nan
76.1575,6.8685,1.0161,0.1325,163.0725,0.0001,-80.7665,6.9227,0.7862,0.1400,0.2363,-2.9779,48.9412,44.5667,-0.0177,nan,nan,nan,nan
76.1834,6.8685,1.0161,0.1325,163.0725,0.0001,-80.7665,6.9227,0.7862,0.1400,0.2363,-2.9688,48.9434,44.5682,-0.0072,nan,nan,nan,nan
76.2038,6.8685,1.0161,0.1325,163.0729,-0.0000,-80.7665,6.9227,0.7862,0.1400,0.2363,-2.9634,48.9452,44.5682,0.0001,nan,nan,nan,nan
76.2279,6.8685,1.0161,0.1325,163.0726,-0.0001,-80.7665,6.9226,0.7862,0.1400,0.2363,-2.9586,48.9466,44.5711,0.0096,nan,nan,nan,nan
76.2537,6.8685,1.0161,0.1325,163.0726,-0.0001,-80.7665,6.9226,0.7862,0.1400,0.2363,-2.9564,48.9463,44.5732,0.0151,nan,nan,nan,nan
76.2779,6.8685,1.0161,0.1325,163.0725,-0.0000,-80.7664,6.9226,0.7862,0.1400,0.2363,-2.9530,48.9458,44.5742,0.0202,nan,nan,nan,nan
76.3100,6.8685,1.0161,0.1325,163.0725,0.0000,-80.7664,6.9225,0.7862,0.1400,0.2363,-2.9355,48.9454,44.5786,0.0273,nan,nan,nan,nan
76.3448,6.8685,1.0161,0.1325,163.0725,-0.0000,-80.7665,6.9224,0.7862,0.1400,0.2363,-2.9094,48.9466,44.5800,0.0362,nan,nan,nan,nan
76.3705,6.8685,1.0161,0.1325,163.0725,-0.0000,-80.7665,6.9223,0.7862,0.1400,0.2363,-2.8848,48.9452,44.5838,0.0376,nan,nan,nan,nan
76.3966,6.8685,1.0161,0.1325,163.0725,0.0000,-80.7665,6.9223,0.7862,0.1401,0.2362,-2.8764,48.9441,44.5859,0.0378,nan,nan,nan,nan
76.4319,6.8685,1.0161,0.1325,163.0725,-0.0000,-80.7664,6.9222,0.7862,0.1401,0.2362,-2.8428,48.9413,44.5926,0.0370,nan,nan,nan,nan
76.4555,6.8685,1.0161,0.1325,163.0725,-0.0000,-80.7664,6.9221,0.7862,0.1401,0.2362,-2.8228,48.9399,44.5950,0.0361,nan,nan,nan,nan
76.4794,6.8685,1.0161,0.1325,163.0725,-0.0000,-80.7665,6.9220,0.7862,0.1401,0.2362,-2.8057,48.9375,44.5966,0.0349,nan,nan,nan,nan
76.5021,6.8685,1.0161,0.1325,163.0725,-0.0000,-80.7664,6.9220,0.7861,0.1402,0.2362,-2.8023,48.9367,44.5961,0.0340,nan,nan,nan,nan
76.5326,6.8685,1.0161,0.1325,163.0725,-0.0000,-80.7664,6.9220,0.7861,0.1402,0.2363,-2.7931,48.9332,44.5903,0.0244,nan,nan,nan,nan
76.5544,6.8685,1.0161,0.1325,163.0725,-0.0000,-80.7664,6.9220,0.7861,0.1402,0.2363,-2.7878,48.9318,44.5875,0.0204,nan,nan,nan,nan
76.5805,6.8685,1.0161,0.1325,163.0725,-0.0000,-80.7664,6.9220,0.7861,0.1402,0.2363,-2.7856,48.9314,44.5874,0.0195,nan,nan,nan,nan
76.6125,6.8685,1.0161,0.1325,163.0725,-0.0000,-80.7664,6.9219,0.7861,0.1402,0.2363,-2.7723,48.9309,44.5823,0.0182,nan,nan,nan,nan
76.6476,6.8685,1.0161,0.1325,163.0725,0.0000,-80.7664,6.9219,0.7861,0.1403,0.2363,-2.7575,48.9307,44.5778,0.0090,nan,nan,nan,nan
76.6692,6.8685,1.0161,0.1325,163.0725,0.0000,-80.7664,6.9218,0.7860,0.1403,0.2363,-2.7491,48.9303,44.5761,0.0047,nan,nan,nan,nan
76.6959,6.8685,1.0161,0.1325,163.0725,0.0000,-80.7664,6.9218,0.7860,0.1403,0.2363,-2.7365,48.9319,44.5732,0.0015,nan,nan,nan,nan
76.7318,6.8685,1.0161,0.1325,163.0725,0.0000,-80.7664,6.9218,0.7860,0.1403,0.2363,-2.7270,48.9346,44.5731,-0.0012,nan,nan,nan,nan
76.7617,6.8685,1.0161,0.1325,163.0725,-0.0000,-80.7665,6.9217,0.7860,0.1403,0.2363,-2.7191,48.9373,44.5698,-0.0009,nan,nan,nan,nan
76.7880,6.8685,1.0161,0.1325,163.0725,0.0000,-80.7664,6.9217,0.7860,0.1403,0.2363,-2.7199,48.9405,44.5635,0.0014,nan,nan,nan,nan
76.8109,6.8685,1.0161,0.1325,163.0725,-0.0000,-80.7664,6.9218,0.7860,0.1403,0.2363,-2.7333,48.9404,44.5619,0.0042,nan,nan,nan,nan
76.8401,6.8685,1.0161,0.1325,163.0725,0.0000,-80.7664,6.9218,0.7860,0.1403,0.2363,-2.7446,48.9367,44.5650,0.0053,nan,nan,nan,nan
76.8659,6.8685,1.0161,0.1325,163.0725,0.0000,-80.7664,6.9219,0.7860,0.1403,0.2363,-2.7509,48.9358,44.5660,0.0055,nan,nan,nan,nan
76.8888,6.8685,1.0161,0.1325,163.0725,0.0000,-80.7664,6.9219,0.7860,0.1403,0.2363,-2.7615,48.9345,44.5656,0.0030,nan,nan,nan,nan
76.9195,6.8685,1.0161,0.1325,163.0725,-0.0000,-80.7664,6.9220,0.7860,0.1403,0.2363,-2.7733,48.9348,44.5638,-0.0011,nan,nan,nan,nan
76.9410,6.8685,1.0161,0.1325,163.0725,-0.0000,-80.7664,6.9220,0.7861,0.1402,0.2363,-2.7820,48.9361,44.5618,-0.0021,nan,nan,nan,nan
76.9661,6.8685,1.0161,0.1325,163.0725,0.0000,-80.7664,6.9220,0.7861,0.1402,0.2363,-2.7928,48.9371,44.5604,-0.0001,nan,nan,nan,nan
76.9905,6.8685,1.0161,0.1325,163.0725,-0.0000,-80.7664,6.9221,0.7861,0.1402,0.2363,-2.8163,48.9389,44.5622,0.0065,nan,nan,nan,nan
77.0169,6.8685,1.0161,0.1325,163.0725,0.0001,-80.7665,6.9222,0.7861,0.1401,0.2363,-2.8473,48.9396,44.5647,0.0097,nan,nan,nan,nan
77.0390,6.8685,1.0161,0.1325,163.0725,0.0001,-80.7665,6.9223,0.7861,0.1401,0.2363,-2.8762,48.9409,44.5658,0.0133,nan,nan,nan,nan
77.0625,6.8685,1.0161,0.1325,163.0725,-0.0000,-80.7665,6.9224,0.7862,0.1401,0.2363,-2.8979,48.9426,44.5648,0.0143,nan,nan,nan,nan
77.0947,6.8685,1.0161,0.1325,163.0725,-0.0001,-80.7664,6.9225,0.7862,0.1400,0.2363,-2.9304,48.9436,44.5612,0.0130,nan,nan,nan,nan
77.1298,6.8685,1.0161,0.1325,163.0725,0.0000,-80.7665,6.9227,0.7862,0.1400,0.2363,-2.9670,48.9449,44.5551,0.0148,nan,nan,nan,nan
77.1562,6.8685,1.0161,0.1325,163.0725,0.0000,-80.7665,6.9228,0.7862,0.1400,0.2363,-2.9854,48.9460,44.5507,0.0161,nan,nan,nan,nan
77.1779,6.8685,1.0161,0.1325,163.0725,0.0000,-80.7665,6.9228,0.7862,0.1400,0.2363,-2.9900,48.9462,44.5486,0.0159,nan,nan,nan,nan
77.2018,6.8685,1.0161,0.1325,163.0725,0.0000,-80.7664,6.9228,0.7862,0.1400,0.2364,-3.0035,48.9461,44.5413,0.0131,nan,nan,nan,nan
77.2254,6.8685,1.0161,0.1325,163.0725,-0.0000,-80.7665,6.9229,0.7862,0.1400,0.2364,-3.0080,48.9476,44.5391,0.0128,nan,nan,nan,nan
77.2468,6.8685,1.0161,0.1325,163.0725,-0.0000,-80.7665,6.9229,0.7862,0.1400,0.2364,-3.0096,48.9504,44.5368,0.0122,nan,nan,nan,nan
77.2733,6.8685,1.0161,0.1325,163.0725,0.0000,-80.7665,6.9229,0.7862,0.1400,0.2364,-3.0107,48.9513,44.5361,0.0112,nan,nan,nan,nan
77.3046,6.8685,1.0161,0.1325,163.0725,0.0000,-80.7665,6.9229,0.7862,0.1399,0.2364,-3.0179,48.9544,44.5349,0.0013,nan,nan,nan,nan
77.3319,6.8685,1.0161,0.1325,163.0725,-0.0000,-80.7664,6.9229,0.7862,0.1399,0.2364,-3.0207,48.9566,44.5382,-0.0171,nan,nan,nan,nan
77.3533,6.8685,1.0161,0.1325,163.0725,-0.0000,-80.7664,6.9229,0.7862,0.1399,0.2363,-3.0205,48.9583,44.5391,-0.0253,nan,nan,nan,nan
77.3788,6.8685,1.0161,0.1325,163.0725,-0.0000,-80.7664,6.9229,0.7862,0.1399,0.2363,-3.0179,48.9620,44.5406,-0.0301,nan,nan,nan,nan
77.3994,6.8685,1.0161,0.1325,163.0725,0.0000,-80.7664,6.9229,0.7862,0.1399,0.2363,-3.0147,48.9632,44.5418,-0.0302,nan,nan,nan,nan
77.4252,6.8685,1.0161,0.1325,163.0725,0.0000,-80.7664,6.9228,0.7862,0.1399,0.2363,-3.0114,48.9642,44.5425,-0.0314,nan,nan,nan,nan
77.4471,6.8685,1.0161,0.1325,163.0725,-0.0000,-80.7665,6.9228,0.7862,0.1399,0.2363,-3.0057,48.9650,44.5458,-0.0331,nan,nan,nan,nan
77.4770,6.8685,1.0161,0.1325,163.0726,-0.0000,-80.7665,6.9228,0.7862,0.1399,0.2363,-2.9959,48.9664,44.5501,-0.0311,nan,nan,nan,nan
77.4980,6.8685,1.0161,0.1325,163.0726,-0.0000,-80.7665,6.9227,0.7862,0.1399,0.2363,-2.9873,48.9672,44.5522,-0.0278,nan,nan,nan,nan
77.5180,6.8685,1.0161,0.1325,163.0725,0.0000,-80.7664,6.9227,0.7862,0.1399,0.2363,-2.9784,48.9677,44.5539,-0.0211,nan,nan,nan,nan
77.5457,6.8685,1.0161,0.1325,163.0725,0.0001,-80.7664,6.9226,0.7862,0.1399,0.2363,-2.9596,48.9649,44.5578,-0.0095,nan,nan,nan,nan
77.5724,6.8685,1.0161,0.1325,163.0725,0.0001,-80.7664,6.9226,0.7862,0.1399,0.2363,-2.9483,48.9629,44.5608,-0.0062,nan,nan,nan,nan
77.5931,6.8685,1.0161,0.1325,163.0725,0.0000,-80.7665,6.9226,0.7862,0.1399,0.2363,-2.9460,48.9628,44.5622,-0.0058,nan,nan,nan,nan
77.6141,6.8685,1.0161,0.1325,163.0725,-0.0000,-80.7664,6.9226,0.7862,0.1399,0.2363,-2.9431,48.9638,44.5679,-0.0094,nan,nan,nan,nan
77.6386,6.8685,1.0161,0.1325,163.0725,-0.0000,-80.7664,6.9226,0.7862,0.1399,0.2363,-2.9442,48.9648,44.5717,-0.0138,nan,nan,nan,nan
77.6645,6.8685,1.0161,0.1325,163.0725,0.0000,-80.7664,6.9226,0.7863,0.1399,0.2362,-2.9446,48.9652,44.5736,-0.0151,nan,nan,nan,nan
77.6963,6.8685,1.0161,0.1325,163.0725,-0.0000,-80.7664,6.9225,0.7863,0.1399,0.2362,-2.9442,48.9668,44.5824,-0.0163,nan,nan,nan,nan
77.7169,6.8685,1.0161,0.1325,163.0725,-0.0000,-80.7664,6.9225,0.7863,0.1399,0.2362,-2.9424,48.9684,44.5851,-0.0158,nan,nan,nan,nan
77.7384,6.8685,1.0161,0.1325,163.0725,-0.0000,-80.7664,6.9225,0.7863,0.1399,0.2362,-2.9394,48.9715,44.5882,-0.0155,nan,nan,nan,nan
77.7627,6.8685,1.0161,0.1325,163.0725,-0.0000,-80.7665,6.9225,0.7863,0.1398,0.2362,-2.9358,48.9741,44.5936,-0.0166,nan,nan,nan,nan
77.7883,6.8685,1.0161,0.1325,163.0725,-0.0000,-80.7665,6.9224,0.7863,0.1398,0.2362,-2.9297,48.9750,44.5979,-0.0194,nan,nan,nan,nan
77.8138,6.8685,1.0161,0.1325,163.0725,0.0000,-80.7664,6.9224,0.7863,0.1398,0.2362,-2.9190,48.9749,44.6020,-0.0186,nan,nan,nan,nan
77.8424,6.8685,1.0161,0.1325,163.0725,0.0000,-80.7664,6.9224,0.7863,0.1399,0.2362,-2.9049,48.9717,44.6072,-0.0230,nan,nan,nan,nan
77.8697,6.8685,1.0161,0.1325,163.0725,0.0000,-80.7664,6.9223,0.7863,0.1399,0.2362,-2.8925,48.9708,44.6105,-0.0292,nan,nan,nan,nan
77.9003,6.8685,1.0161,0.1325,163.0725,0.0000,-80.7664,6.9222,0.7863,0.1399,0.2361,-2.8747,48.9706,44.6140,-0.0407,nan,nan,nan,nan
77.9260,6.8685,1.0161,0.1325,163.0725,0.0000,-80.7664,6.9222,0.7863,0.1399,0.2361,-2.8672,48.9702,44.6149,-0.0450,nan,nan,nan,nan
77.9529,6.8685,1.0161,0.1325,163.0725,-0.0000,-80.7664,6.9222,0.7863,0.1399,0.2361,-2.8581,48.9693,44.6158,-0.0503,nan,nan,nan,nan
77.9819,6.8685,1.0161,0.1325,163.0725,-0.0000,-80.7664,6.9221,0.7863,0.1399,0.2361,-2.8501,48.9709,44.6133,-0.0523,nan,nan,nan,nan
78.0106,6.8685,1.0161,0.1325,163.0725,0.0001,-80.7664,6.9221,0.7862,0.1399,0.2361,-2.8355,48.9716,44.6120,-0.0568,nan,nan,nan,nan
78.0319,6.8685,1.0161,0.1325,163.0725,0.0001,-80.7664,6.9220,0.7862,0.1400,0.2362,-2.8267,48.9721,44.6102,-0.0607,nan,nan,nan,nan
78.0577,6.8685,1.0161,0.1325,163.0725,0.0000,-80.7664,6.9220,0.7862,0.1400,0.2362,-2.8120,48.9712,44.6068,-0.0635,nan,nan,nan,nan
78.0784,6.8685,1.0161,0.1325,163.0725,-0.0000,-80.7664,6.9219,0.7862,0.1400,0.2362,-2.7940,48.9701,44.6013,-0.0605,nan,nan,nan,nan
78.1043,6.8685,1.0161,0.1325,163.0725,0.0000,-80.7664,6.9219,0.7861,0.1401,0.2362,-2.7730,48.9674,44.5915,-0.0572,nan,nan,nan,nan
78.1340,6.8685,1.0161,0.1325,163.0725,0.0000,-80.7664,6.9218,0.7861,0.1401,0.2362,-2.7540,48.9660,44.5817,-0.0541,nan,nan,nan,nan
78.1674,6.8685,1.0161,0.1325,163.0725,-0.0000,-80.7664,6.9218,0.7861,0.1402,0.2363,-2.7377,48.9661,44.5736,-0.0532,nan,nan,nan,nan
78.1978,6.8685,1.0161,0.1325,163.0725,-0.0000,-80.7664,6.9217,0.7861,0.1402,0.2363,-2.7254,48.9655,44.5679,-0.0554,nan,nan,nan,nan
78.2229,6.8685,1.0161,0.1325,163.0728,0.0000,-80.7664,6.9217,0.7860,0.1402,0.2363,-2.7212,48.9639,44.5674,-0.0563,nan,nan,nan,nan
78.2446,6.8685,1.0161,0.1325,163.0728,0.0000,-80.7664,6.9217,0.7860,0.1402,0.2363,-2.7252,48.9634,44.5663,-0.0552,nan,nan,nan,nan
78.2662,6.8685,1.0161,0.1325,163.0725,0.0000,-80.7664,6.9218,0.7861,0.1402,0.2363,-2.7315,48.9628,44.5662,-0.0531,nan,nan,nan,nan
78.2925,6.8685,1.0161,0.1325,163.0725,-0.0000,-80.7665,6.9218,0.7861,0.1402,0.2363,-2.7477,48.9594,44.5657,-0.0457,nan,nan,nan,nan
78.3244,6.8685,1.0161,0.1325,163.0725,0.0000,-80.7664,6.9219,0.7861,0.1402,0.2363,-2.7723,48.9557,44.5632,-0.0424,nan,nan,nan,nan
78.3459,6.8685,1.0161,0.1325,163.0725,0.0000,-80.7664,6.9220,0.7861,0.1402,0.2363,-2.7865,48.9551,44.5628,-0.0421,nan,nan,nan,nan
78.3672,6.8685,1.0161,0.1325,163.0725,0.0000,-80.7664,6.9220,0.7861,0.1401,0.2363,-2.8046,48.9550,44.5624,-0.0430,nan,nan,nan,nan
78.3965,6.8685,1.0161,0.1325,163.0725,-0.0000,-80.7665,6.9221,0.7861,0.1401,0.2363,-2.8189,48.9545,44.5629,-0.0433,nan,nan,nan,nan
78.4265,6.8685,1.0161,0.1325,163.0725,0.0000,-80.7664,6.9222,0.7861,0.1401,0.2363,-2.8327,48.9543,44.5632,-0.0346,nan,nan,nan,nan
78.4517,6.8685,1.0161,0.1325,163.0725,0.0000,-80.7664,6.9222,0.7861,0.1401,0.2363,-2.8444,48.9551,44.5673,-0.0212,nan,nan,nan,nan
78.4747,6.8685,1.0161,0.1325,163.0725,0.0000,-80.7664,6.9222,0.7861,0.1401,0.2363,-2.8489,48.9565,44.5688,-0.0058,nan,nan,nan,nan
78.4986,6.8685,1.0161,0.1325,163.0725,-0.0000,-80.7665,6.9222,0.7861,0.1401,0.2363,-2.8496,48.9579,44.5681,0.0035,nan,nan,nan,nan
78.5218,6.8685,1.0161,0.1325,163.0725,-0.0000,-80.7665,6.9222,0.7861,0.1401,0.2363,-2.8462,48.9598,44.5670,0.0178,nan,nan,nan,nan
78.5440,6.8685,1.0161,0.1325,163.0725,-0.0000,-80.7665,6.9222,0.7861,0.1401,0.2363,-2.8427,48.9627,44.5669,0.0311,nan,nan,nan,nan
78.5700,6.8685,1.0161,0.1325,163.0725,-0.0000,-80.7665,6.9222,0.7861,0.1400,0.2363,-2.8424,48.9630,44.5674,0.0340,nan,nan,nan,nan
78.6000,6.8685,1.0161,0.1325,163.0725,-0.0000,-80.7665,6.9222,0.7861,0.1400,0.2363,-2.8424,48.9654,44.5675,0.0466,nan,nan,nan,nan
78.6228,6.8685,1.0161,0.1325,163.0725,-0.0000,-80.7665,6.9222,0.7861,0.1400,0.2363,-2.8444,48.9670,44.5658,0.0529,nan,nan,nan,nan
78.6497,6.8685,1.0161,0.1325,163.0725,-0.0000,-80.7664,6.9222,0.7861,0.1400,0.2363,-2.8453,48.9667,44.5658,0.0540,nan,nan,nan,nan
78.6778,6.8685,1.0161,0.1325,163.0735,-0.0000,-80.7664,6.9222,0.7861,0.1400,0.2363,-2.8513,48.9642,44.5639,0.0567,nan,nan,nan,nan
78.7039,6.8685,1.0161,0.1325,163.0735,-0.0000,-80.7664,6.9222,0.7861,0.1400,0.2363,-2.8559,48.9617,44.5629,0.0601,nan,nan,nan,nan
78.7287,6.8685,1.0161,0.1325,163.0725,0.0000,-80.7664,6.9222,0.7861,0.1401,0.2363,-2.8566,48.9612,44.5631,0.0612,nan,nan,nan,nan
78.7493,6.8685,1.0161,0.1325,163.0725,-0.0000,-80.7665,6.9222,0.7862,0.1400,0.2363,-2.8597,48.9601,44.5653,0.0605,nan,nan,nan,nan
78.7781,6.8685,1.0161,0.1325,163.0725,-0.0000,-80.7664,6.9222,0.7862,0.1400,0.2363,-2.8581,48.9597,44.5751,0.0602,nan,nan,nan,nan
78.8002,6.8685,1.0161,0.1325,163.0725,-0.0000,-80.7664,6.9222,0.7862,0.1400,0.2362,-2.8559,48.9602,44.5824,0.0608,nan,nan,nan,nan
78.8269,6.8685,1.0161,0.1325,163.0725,-0.0000,-80.7664,6.9222,0.7862,0.1400,0.2362,-2.8527,48.9598,44.5860,0.0605,nan,nan,nan,nan
78.8559,6.8685,1.0161,0.1325,163.0725,-0.0000,-80.7664,6.9222,0.7862,0.1400,0.2362,-2.8469,48.9578,44.5879,0.0587,nan,nan,nan,nan
78.8843,6.8685,1.0161,0.1325,163.0725,-0.0000,-80.7664,6.9222,0.7862,0.1400,0.2362,-2.8412,48.9546,44.5882,0.0600,nan,nan,nan,nan
78.9131,6.8685,1.0161,0.1325,163.0725,-0.0000,-80.7664,6.9221,0.7862,0.1401,0.2362,-2.8343,48.9518,44.5898,0.0611,nan,nan,nan,nan
78.9358,6.8685,1.0161,0.1325,163.0725,-0.0000,-80.7664,6.9221,0.7862,0.1401,0.2362,-2.8293,48.9497,44.5914,0.0626,nan,nan,nan,nan
78.9634,6.8685,1.0161,0.1325,163.0725,-0.0000,-80.7665,6.9221,0.7862,0.1401,0.2362,-2.8253,48.9487,44.5929,0.0658,nan,nan,nan,nan
78.9967,6.8685,1.0161,0.1325,163.0725,-0.0000,-80.7665,6.9221,0.7862,0.1401,0.2362,-2.8203,48.9482,44.5965,0.0674,nan,nan,nan,nan
79.0248,6.8685,1.0161,0.1325,163.0725,0.0000,-80.7665,6.9221,0.7862,0.1401,0.2362,-2.8167,48.9487,44.6016,0.0709,nan,nan,nan,nan
79.0592,6.8685,1.0161,0.1325,163.0726,-0.0000,-80.7665,6.9221,0.7862,0.1401,0.2362,-2.8175,48.9491,44.6055,0.0812,nan,nan,nan,nan
79.0895,6.8685,1.0161,0.1325,163.0725,0.0000,-80.7665,6.9221,0.7862,0.1401,0.2362,-2.8190,48.9484,44.6049,0.0861,nan,nan,nan,nan
79.1150,6.8685,1.0161,0.1325,163.0725,0.0000,-80.7665,6.9221,0.7862,0.1401,0.2362,-2.8184,48.9486,44.6041,0.0841,nan,nan,nan,nan
79.1365,6.8685,1.0161,0.1325,163.0725,0.0000,-80.7664,6.9221,0.7862,0.1401,0.2362,-2.8191,48.9484,44.6033,0.0801,nan,nan,nan,nan
79.1722,6.8685,1.0161,0.1325,163.0725,0.0000,-80.7664,6.9221,0.7862,0.1401,0.2362,-2.8189,48.9469,44.6026,0.0740,nan,nan,nan,nan
79.1957,6.8685,1.0161,0.1325,163.0725,0.0000,-80.7664,6.9221,0.7862,0.1401,0.2362,-2.8170,48.9448,44.6031,0.0717,nan,nan,nan,nan
79.2177,6.8685,1.0161,0.1325,163.0725,-0.0000,-80.7665,6.9221,0.7862,0.1401,0.2362,-2.8158,48.9433,44.6035,0.0709,nan,nan,nan,nan
79.2511,6.8685,1.0161,0.1325,163.0725,-0.0000,-80.7665,6.9220,0.7862,0.1401,0.2362,-2.8076,48.9384,44.6080,0.0715,nan,nan,nan,nan
79.2762,6.8685,1.0161,0.1325,163.0725,-0.0000,-80.7664,6.9220,0.7862,0.1401,0.2362,-2.7983,48.9359,44.6103,0.0758,nan,nan,nan,nan
79.3000,6.8685,1.0161,0.1325,163.0725,-0.0000,-80.7664,6.9220,0.7862,0.1401,0.2362,-2.7891,48.9351,44.6126,0.0741,nan,nan,nan,nan
79.3362,6.8685,1.0161,0.1325,163.0725,0.0000,-80.7664,6.9219,0.7862,0.1401,0.2362,-2.7740,48.9338,44.6170,0.0764,nan,nan,nan,nan
79.3580,6.8685,1.0161,0.1325,163.0725,0.0000,-80.7664,6.9218,0.7862,0.1402,0.2362,-2.7625,48.9319,44.6211,0.0786,nan,nan,nan,nan
79.3801,6.8685,1.0161,0.1325,163.0725,-0.0000,-80.7664,6.9218,0.7862,0.1402,0.2362,-2.7489,48.9312,44.6241,0.0815,nan,nan,nan,nan
79.4052,6.8685,1.0161,0.1325,163.0725,-0.0000,-80.7664,6.9217,0.7861,0.1402,0.2362,-2.7207,48.9316,44.6281,0.0814,nan,nan,nan,nan
79.4312,6.8685,1.0161,0.1325,163.0725,-0.0000,-80.7664,6.9216,0.7861,0.1402,0.2362,-2.7012,48.9323,44.6298,0.0787,nan,nan,nan,nan
79.4576,6.8685,1.0161,0.1325,163.0725,0.0000,-80.7665,6.9216,0.7861,0.1402,0.2362,-2.6952,48.9318,44.6309,0.0779,nan,nan,nan,nan
79.4800,6.8685,1.0161,0.1325,163.0725,-0.0000,-80.7664,6.9215,0.7861,0.1403,0.2362,-2.6703,48.9291,44.6347,0.0809,nan,nan,nan,nan
79.5092,6.8685,1.0161,0.1325,163.0725,0.0000,-80.7664,6.9214,0.7861,0.1403,0.2362,-2.6527,48.9258,44.6344,0.0774,nan,nan,nan,nan
79.5348,6.8685,1.0161,0.1325,163.0725,0.0000,-80.7664,6.9214,0.7861,0.1403,0.2362,-2.6461,48.9243,44.6343,0.0748,nan,nan,nan,nan
79.5621,6.8685,1.0161,0.1325,163.0725,-0.0000,-80.7664,6.9214,0.7861,0.1403,0.2362,-2.6446,48.9239,44.6348,0.0761,nan,nan,nan,nan
79.5976,6.8685,1.0161,0.1325,163.0725,-0.0000,-80.7664,6.9214,0.7861,0.1403,0.2362,-2.6405,48.9240,44.6331,0.0861,nan,nan,nan,nan
79.6236,6.8685,1.0161,0.1325,163.0725,-0.0000,-80.7664,6.9214,0.7861,0.1403,0.2362,-2.6364,48.9247,44.6296,0.0900,nan,nan,nan,nan
79.6499,6.8685,1.0161,0.1325,163.0725,-0.0000,-80.7665,6.9214,0.7861,0.1403,0.2362,-2.6350,48.9245,44.6287,0.0890,nan,nan,nan,nan
79.6767,6.8685,1.0161,0.1325,163.0725,-0.0000,-80.7665,6.9214,0.7861,0.1403,0.2362,-2.6318,48.9245,44.6243,0.0841,nan,nan,nan,nan
79.6981,6.8685,1.0161,0.1325,163.0725,-0.0000,-80.7665,6.9214,0.7861,0.1403,0.2362,-2.6307,48.9252,44.6227,0.0804,nan,nan,nan,nan
79.7224,6.8685,1.0161,0.1325,163.0725,-0.0000,-80.7665,6.9213,0.7861,0.1403,0.2362,-2.6287,48.9276,44.6216,0.0730,nan,nan,nan,nan
79.7497,6.8685,1.0161,0.1325,163.0725,-0.0000,-80.7665,6.9213,0.7861,0.1403,0.2362,-2.6270,48.9290,44.6213,0.0689,nan,nan,nan,nan
79.7843,6.8685,1.0161,0.1325,163.0725,0.0000,-80.7664,6.9213,0.7861,0.1403,0.2362,-2.6294,48.9271,44.6231,0.0696,nan,nan,nan,nan
79.8172,6.8685,1.0161,0.1325,163.0725,-0.0000,-80.7665,6.9214,0.7861,0.1403,0.2362,-2.6389,48.9261,44.6221,0.0685,nan,nan,nan,nan
79.8497,6.8685,1.0161,0.1325,163.0725,-0.0000,-80.7664,6.9215,0.7861,0.1403,0.2362,-2.6577,48.9280,44.6247,0.0664,nan,nan,nan,nan
79.8797,6.8685,1.0161,0.1325,163.0725,-0.0000,-80.7664,6.9215,0.7861,0.1403,0.2362,-2.6766,48.9327,44.6208,0.0573,nan,nan,nan,nan
79.9086,6.8685,1.0161,0.1325,163.0725,-0.0000,-80.7664,6.9216,0.7861,0.1402,0.2362,-2.6938,48.9351,44.6150,0.0440,nan,nan,nan,nan
79.9296,6.8685,1.0161,0.1325,163.0725,-0.0000,-80.7664,6.9216,0.7861,0.1402,0.2362,-2.7013,48.9357,44.6134,0.0385,nan,nan,nan,nan
79.9505,6.8685,1.0161,0.1325,163.0727,0.0000,-80.7664,6.9217,0.7861,0.1402,0.2362,-2.7101,48.9362,44.6080,0.0334,nan,nan,nan,nan
79.9732,6.8685,1.0161,0.1325,163.0725,0.0000,-80.7665,6.9217,0.7861,0.1402,0.2362,-2.7126,48.9367,44.6064,0.0304,nan,nan,nan,nan
79.9964,6.8685,1.0161,0.1325,163.0725,0.0000,-80.7665,6.9217,0.7861,0.1402,0.2362,-2.7147,48.9379,44.6042,0.0292,nan,nan,nan,nan
80.0171,6.8685,1.0161,0.1325,163.0725,0.0000,-80.7665,6.9217,0.7861,0.1402,0.2362,-2.7163,48.9395,44.6012,0.0299,nan,nan,nan,nan
80.0465,6.8685,1.0161,0.1325,163.0725,0.0000,-80.7665,6.9217,0.7861,0.1402,0.2362,-2.7219,48.9401,44.6000,0.0304,nan,nan,nan,nan
80.0755,6.8685,1.0161,0.1325,163.0728,0.0000,-80.7664,6.9217,0.7861,0.1402,0.2362,-2.7292,48.9379,44.6036,0.0326,nan,nan,nan,nan
80.1071,6.8685,1.0161,0.1325,163.0725,-0.0001,-80.7664,6.9217,0.7861,0.1402,0.2362,-2.7278,48.9343,44.6049,0.0331,nan,nan,nan,nan
80.1330,6.8685,1.0161,0.1325,163.0725,-0.0001,-80.7664,6.9217,0.7861,0.1402,0.2362,-2.7221,48.9324,44.6041,0.0326,nan,nan,nan,nan
80.1594,6.8685,1.0161,0.1325,163.0725,0.0000,-80.7664,6.9217,0.7861,0.1403,0.2362,-2.7078,48.9293,44.6029,0.0319,nan,nan,nan,nan
80.1864,6.8685,1.0161,0.1325,163.0725,-0.0000,-80.7664,6.9216,0.7861,0.1403,0.2362,-2.6918,48.9264,44.6009,0.0320,nan,nan,nan,nan
80.2160,6.8685,1.0161,0.1325,163.0725,-0.0000,-80.7664,6.9215,0.7860,0.1403,0.2362,-2.6708,48.9262,44.5994,0.0269,nan,nan,nan,nan
80.2458,6.8685,1.0161,0.1325,163.0725,0.0000,-80.7664,6.9215,0.7860,0.1404,0.2362,-2.6507,48.9271,44.5993,0.0259,nan,nan,nan,nan
80.2759,6.8685,1.0161,0.1325,163.0725,-0.0000,-80.7664,6.9214,0.7860,0.1404,0.2362,-2.6400,48.9293,44.5981,0.0304,nan,nan,nan,nan
80.3011,6.8685,1.0161,0.1325,163.0725,-0.0000,-80.7664,6.9214,0.7860,0.1404,0.2362,-2.6389,48.9302,44.5976,0.0312,nan,nan,nan,nan
80.3259,6.8685,1.0161,0.1325,163.0725,0.0000,-80.7665,6.9214,0.7860,0.1404,0.2362,-2.6425,48.9319,44.5951,0.0350,nan,nan,nan,nan
80.3515,6.8685,1.0161,0.1325,163.0725,0.0000,-80.7665,6.9215,0.7860,0.1403,0.2362,-2.6503,48.9342,44.5928,0.0392,nan,nan,nan,nan
80.3759,6.8685,1.0161,0.1325,163.0725,0.0000,-80.7665,6.9215,0.7860,0.1403,0.2363,-2.6530,48.9357,44.5894,0.0372,nan,nan,nan,nan
80.4046,6.8685,1.0161,0.1325,163.0725,0.0000,-80.7665,6.9215,0.7860,0.1403,0.2363,-2.6596,48.9391,44.5781,0.0286,nan,nan,nan,nan
80.4257,6.8685,1.0161,0.1325,163.0725,0.0000,-80.7665,6.9215,0.7860,0.1403,0.2363,-2.6640,48.9403,44.5729,0.0227,nan,nan,nan,nan
80.4457,6.8685,1.0161,0.1325,163.0725,0.0001,-80.7665,6.9216,0.7860,0.1403,0.2363,-2.6709,48.9406,44.5671,0.0157,nan,nan,nan,nan
80.4696,6.8685,1.0161,0.1325,163.0725,-0.0000,-80.7664,6.9217,0.7860,0.1403,0.2363,-2.6881,48.9390,44.5635,0.0081,nan,nan,nan,nan
80.4935,6.8685,1.0161,0.1325,163.0725,0.0000,-80.7664,6.9217,0.7860,0.1403,0.2363,-2.7092,48.9378,44.5637,0.0011,nan,nan,nan,nan
80.5284,6.8685,1.0161,0.1325,163.0725,-0.0000,-80.7664,6.9218,0.7860,0.1403,0.2363,-2.7453,48.9383,44.5577,-0.0007,nan,nan,nan,nan
80.5489,6.8685,1.0161,0.1325,163.0725,-0.0000,-80.7664,6.9220,0.7860,0.1403,0.2363,-2.7643,48.9380,44.5558,-0.0011,nan,nan,nan,nan
80.5697,6.8685,1.0161,0.1325,163.0725,-0.0000,-80.7665,6.9220,0.7860,0.1402,0.2363,-2.7841,48.9384,44.5533,-0.0006,nan,nan,nan,nan
80.6024,6.8685,1.0161,0.1325,163.0725,-0.0000,-80.7665,6.9222,0.7861,0.1402,0.2363,-2.8280,48.9396,44.5506,0.0006,nan,nan,nan,nan
80.6371,6.8685,1.0161,0.1325,163.0725,0.0000,-80.7665,6.9224,0.7861,0.1401,0.2364,-2.8764,48.9414,44.5481,0.0023,nan,nan,nan,nan
80.6593,6.8685,1.0161,0.1325,163.0725,0.0000,-80.7665,6.9225,0.7861,0.1401,0.2364,-2.9161,48.9443,44.5431,0.0053,nan,nan,nan,nan
80.6802,6.8685,1.0161,0.1325,163.0725,0.0000,-80.7665,6.9226,0.7862,0.1401,0.2364,-2.9295,48.9451,44.5419,0.0061,nan,nan,nan,nan
80.7046,6.8685,1.0161,0.1325,163.0725,-0.0000,-80.7664,6.9228,0.7862,0.1400,0.2364,-2.9807,48.9457,44.5371,0.0113,nan,nan,nan,nan
80.7256,6.8685,1.0161,0.1325,163.0725,-0.0000,-80.7664,6.9229,0.7862,0.1400,0.2364,-3.0024,48.9461,44.5366,0.0129,nan,nan,nan,nan
80.7463,6.8685,1.0161,0.1325,163.0725,0.0001,-80.7664,6.9229,0.7862,0.1399,0.2364,-3.0305,48.9481,44.5373,0.0154,nan,nan,nan,nan
80.7738,6.8685,1.0161,0.1325,163.0725,0.0000,-80.7665,6.9230,0.7863,0.1399,0.2364,-3.0566,48.9493,44.5391,0.0169,nan,nan,nan,nan
80.8030,6.8685,1.0161,0.1325,163.0725,-0.0000,-80.7665,6.9231,0.7863,0.1399,0.2363,-3.0838,48.9488,44.5445,0.0118,nan,nan,nan,nan
80.8362,6.8685,1.0161,0.1325,163.0725,0.0001,-80.7665,6.9232,0.7863,0.1399,0.2363,-3.0939,48.9477,44.5471,-0.0019,nan,nan,nan,nan
80.8666,6.8685,1.0161,0.1325,163.0725,0.0000,-80.7664,6.9231,0.7863,0.1399,0.2363,-3.0863,48.9481,44.5473,-0.0088,nan,nan,nan,nan
80.8956,6.8685,1.0161,0.1325,163.0725,-0.0000,-80.7664,6.9231,0.7863,0.1399,0.2363,-3.0649,48.9480,44.5472,-0.0119,nan,nan,nan,nan
80.9167,6.8685,1.0161,0.1325,163.0725,-0.0000,-80.7664,6.9230,0.7863,0.1399,0.2363,-3.0496,48.9472,44.5479,-0.0126,nan,nan,nan,nan
80.9451,6.8685,1.0161,0.1325,163.0725,-0.0001,-80.7664,6.9229,0.7862,0.1399,0.2363,-3.0240,48.9457,44.5506,-0.0129,nan,nan,nan,nan
80.9671,6.8685,1.0161,0.1325,163.0725,0.0001,-80.7664,6.9228,0.7862,0.1400,0.2363,-2.9945,48.9459,44.5529,-0.0168,nan,nan,nan,nan
80.9886,6.8685,1.0161,0.1325,163.0725,0.0001,-80.7664,6.9227,0.7862,0.1400,0.2363,-2.9718,48.9465,44.5542,-0.0181,nan,nan,nan,nan
81.0097,6.8685,1.0161,0.1325,163.0725,0.0000,-80.7664,6.9226,0.7862,0.1400,0.2363,-2.9480,48.9467,44.5546,-0.0195,nan,nan,nan,nan
81.0379,6.8685,1.0161,0.1325,163.0725,0.0000,-80.7664,6.9224,0.7861,0.1401,0.2363,-2.9002,48.9470,44.5539,-0.0243,nan,nan,nan,nan
81.0634,6.8685,1.0161,0.1325,163.0725,0.0000,-80.7664,6.9223,0.7861,0.1401,0.2363,-2.8654,48.9454,44.5529,-0.0274,nan,nan,nan,nan
81.0856,6.8685,1.0161,0.1325,163.0725,0.0000,-80.7664,6.9222,0.7861,0.1402,0.2363,-2.8429,48.9451,44.5514,-0.0300,nan,nan,nan,nan
81.1130,6.8685,1.0161,0.1325,163.0725,-0.0001,-80.7664,6.9221,0.7861,0.1402,0.2363,-2.8134,48.9446,44.5511,-0.0354,nan,nan,nan,nan
81.1388,6.8685,1.0161,0.1325,163.0725,-0.0001,-80.7664,6.9220,0.7860,0.1402,0.2363,-2.7909,48.9439,44.5520,-0.0388,nan,nan,nan,nan
81.1600,6.8685,1.0161,0.1325,163.0725,-0.0000,-80.7664,6.9220,0.7860,0.1402,0.2363,-2.7842,48.9443,44.5514,-0.0400,nan,nan,nan,nan
81.1828,6.8685,1.0161,0.1325,163.0725,0.0000,-80.7664,6.9219,0.7860,0.1402,0.2363,-2.7643,48.9474,44.5494,-0.0421,nan,nan,nan,nan
81.2093,6.8685,1.0161,0.1325,163.0726,0.0000,-80.7664,6.9219,0.7860,0.1402,0.2363,-2.7544,48.9501,44.5496,-0.0402,nan,nan,nan,nan
81.2400,6.8685,1.0161,0.1325,163.0725,-0.0001,-80.7665,6.9219,0.7860,0.1402,0.2363,-2.7526,48.9514,44.5545,-0.0384,nan,nan,nan,nan
81.2642,6.8685,1.0161,0.1325,163.0725,-0.0001,-80.7665,6.9219,0.7860,0.1402,0.2363,-2.7549,48.9519,44.5565,-0.0411,nan,nan,nan,nan
81.2852,6.8685,1.0161,0.1325,163.0725,0.0001,-80.7665,6.9219,0.7860,0.1402,0.2363,-2.7608,48.9519,44.5586,-0.0462,nan,nan,nan,nan
81.3155,6.8685,1.0161,0.1325,163.0725,0.0001,-80.7665,6.9219,0.7861,0.1402,0.2363,-2.7722,48.9521,44.5577,-0.0531,nan,nan,nan,nan
81.3450,6.8685,1.0161,0.1325,163.0725,0.0000,-80.7664,6.9220,0.7860,0.1402,0.2363,-2.7769,48.9510,44.5551,-0.0588,nan,nan,nan,nan
81.3689,6.8685,1.0161,0.1325,163.0725,-0.0000,-80.7665,6.9220,0.7860,0.1402,0.2363,-2.7772,48.9488,44.5553,-0.0682,nan,nan,nan,nan
81.4001,6.8685,1.0161,0.1325,163.0725,-0.0001,-80.7665,6.9219,0.7860,0.1402,0.2363,-2.7725,48.9497,44.5527,-0.0829,nan,nan,nan,nan
81.4210,6.8685,1.0161,0.1325,163.0725,-0.0001,-80.7665,6.9219,0.7860,0.1402,0.2363,-2.7681,48.9505,44.5515,-0.0903,nan,nan,nan,nan
81.4471,6.8685,1.0161,0.1325,163.0725,-0.0000,-80.7664,6.9219,0.7860,0.1402,0.2363,-2.7611,48.9507,44.5495,-0.1029,nan,nan,nan,nan
81.4715,6.8685,1.0161,0.1325,163.0725,0.0000,-80.7665,6.9219,0.7860,0.1402,0.2363,-2.7572,48.9496,44.5463,-0.1203,nan,nan,nan,nan
81.4960,6.8685,1.0161,0.1325,163.0725,0.0000,-80.7665,6.9219,0.7860,0.1403,0.2364,-2.7552,48.9480,44.5374,-0.1441,nan,nan,nan,nan
81.5195,6.8685,1.0161,0.1325,163.0725,-0.0000,-80.7664,6.9219,0.7860,0.1403,0.2364,-2.7531,48.9481,44.5267,-0.1625,nan,nan,nan,nan
81.5554,6.8685,1.0161,0.1325,163.0725,0.0000,-80.7665,6.9219,0.7859,0.1403,0.2364,-2.7496,48.9477,44.5117,-0.1736,nan,nan,nan,nan
81.5897,6.8685,1.0161,0.1325,163.0725,0.0000,-80.7665,6.9219,0.7859,0.1404,0.2365,-2.7470,48.9482,44.5028,-0.1705,nan,nan,nan,nan
81.6120,6.8685,1.0161,0.1325,163.0725,0.0000,-80.7665,6.9219,0.7859,0.1404,0.2365,-2.7463,48.9479,44.5018,-0.1743,nan,nan,nan,nan
81.6354,6.8685,1.0161,0.1325,163.0725,0.0000,-80.7665,6.9219,0.7859,0.1404,0.2365,-2.7454,48.9489,44.5024,-0.1782,nan,nan,nan,nan
81.6703,6.8685,1.0161,0.1325,163.0725,-0.0001,-80.7665,6.9219,0.7859,0.1403,0.2364,-2.7415,48.9514,44.5048,-0.1826,nan,nan,nan,nan
81.6975,6.8685,1.0161,0.1325,163.0725,-0.0000,-80.7665,6.9219,0.7859,0.1403,0.2364,-2.7372,48.9539,44.5034,-0.1800,nan,nan,nan,nan
81.7254,6.8685,1.0161,0.1325,163.0725,0.0001,-80.7665,6.9219,0.7859,0.1404,0.2365,-2.7375,48.9541,44.4973,-0.1805,nan,nan,nan,nan
81.7498,6.8685,1.0161,0.1325,163.0725,0.0000,-80.7665,6.9219,0.7859,0.1404,0.2365,-2.7411,48.9520,44.4932,-0.1802,nan,nan,nan,nan
81.7854,6.8685,1.0161,0.1325,163.0725,-0.0000,-80.7665,6.9219,0.7859,0.1404,0.2365,-2.7405,48.9505,44.4920,-0.1742,nan,nan,nan,nan
81.8157,6.8685,1.0161,0.1325,163.0725,-0.0000,-80.7665,6.9219,0.7859,0.1404,0.2365,-2.7366,48.9482,44.4930,-0.1619,nan,nan,nan,nan
81.8373,6.8685,1.0161,0.1325,163.0725,-0.0000,-80.7665,6.9218,0.7859,0.1404,0.2365,-2.7327,48.9464,44.4955,-0.1577,nan,nan,nan,nan
81.8599,6.8685,1.0161,0.1325,163.0725,0.0000,-80.7664,6.9218,0.7859,0.1404,0.2365,-2.7254,48.9446,44.5001,-0.1522,nan,nan,nan,nan
81.8837,6.8685,1.0161,0.1325,163.0725,0.0000,-80.7664,6.9218,0.7859,0.1404,0.2365,-2.7155,48.9440,44.5048,-0.1508,nan,nan,nan,nan
81.9048,6.8685,1.0161,0.1325,163.0725,0.0000,-80.7664,6.9217,0.7859,0.1404,0.2365,-2.7081,48.9432,44.5061,-0.1515,nan,nan,nan,nan
81.9284,6.8685,1.0161,0.1325,163.0725,-0.0000,-80.7665,6.9217,0.7859,0.1404,0.2364,-2.7006,48.9429,44.5067,-0.1528,nan,nan,nan,nan
81.9599,6.8685,1.0161,0.1325,163.0725,-0.0000,-80.7664,6.9217,0.7859,0.1404,0.2364,-2.6883,48.9425,44.5109,-0.1497,nan,nan,nan,nan
81.9919,6.8685,1.0161,0.1325,163.0725,-0.0000,-80.7664,6.9216,0.7859,0.1404,0.2364,-2.6800,48.9412,44.5113,-0.1439,nan,nan,nan,nan
82.0254,6.8685,1.0161,0.1325,163.0725,0.0000,-80.7665,6.9216,0.7859,0.1405,0.2364,-2.6778,48.9392,44.5091,-0.1412,nan,nan,nan,nan
82.0589,6.8685,1.0161,0.1325,163.0725,0.0000,-80.7665,6.9217,0.7858,0.1405,0.2365,-2.6807,48.9387,44.5034,-0.1399,nan,nan,nan,nan
82.0883,6.8685,1.0161,0.1325,163.0735,0.0000,-80.7665,6.9217,0.7858,0.1405,0.2365,-2.6864,48.9392,44.5012,-0.1339,nan,nan,nan,nan
82.1105,6.8685,1.0161,0.1325,163.0735,0.0000,-80.7665,6.9217,0.7858,0.1405,0.2365,-2.6927,48.9391,44.4996,-0.1267,nan,nan,nan,nan
82.1353,6.8685,1.0161,0.1325,163.0725,0.0000,-80.7665,6.9217,0.7858,0.1405,0.2365,-2.6965,48.9385,44.4974,-0.1183,nan,nan,nan,nan
82.1679,6.8685,1.0161,0.1325,163.0725,-0.0000,-80.7664,6.9218,0.7858,0.1405,0.2365,-2.7044,48.9382,44.4917,-0.1072,nan,nan,nan,nan
82.1956,6.8685,1.0161,0.1325,163.0725,0.0000,-80.7665,6.9218,0.7858,0.1405,0.2365,-2.7163,48.9399,44.4821,-0.1028,nan,nan,nan,nan
82.2183,6.8685,1.0161,0.1325,163.0725,0.0000,-80.7665,6.9219,0.7858,0.1405,0.2365,-2.7269,48.9423,44.4737,-0.1028,nan,nan,nan,nan
82.2433,6.8685,1.0161,0.1325,163.0725,-0.0000,-80.7665,6.9219,0.7858,0.1405,0.2365,-2.7359,48.9430,44.4695,-0.1025,nan,nan,nan,nan
82.2722,6.8685,1.0161,0.1325,163.0725,-0.0000,-80.7664,6.9220,0.7858,0.1404,0.2365,-2.7515,48.9441,44.4666,-0.1039,nan,nan,nan,nan
82.3037,6.8685,1.0161,0.1325,163.0725,0.0000,-80.7664,6.9220,0.7858,0.1404,0.2365,-2.7657,48.9441,44.4668,-0.1046,nan,nan,nan,nan
82.3269,6.8685,1.0161,0.1325,163.0725,-0.0000,-80.7664,6.9220,0.7858,0.1404,0.2365,-2.7703,48.9449,44.4704,-0.1045,nan,nan,nan,nan
82.3501,6.8685,1.0161,0.1325,163.0725,0.0000,-80.7665,6.9220,0.7859,0.1404,0.2365,-2.7719,48.9444,44.4734,-0.1069,nan,nan,nan,nan
82.3782,6.8685,1.0161,0.1325,163.0725,-0.0000,-80.7665,6.9220,0.7859,0.1404,0.2365,-2.7694,48.9409,44.4795,-0.1095,nan,nan,nan,nan
82.4011,6.8685,1.0161,0.1325,163.0725,-0.0000,-80.7665,6.9220,0.7859,0.1404,0.2365,-2.7660,48.9387,44.4812,-0.1100,nan,nan,nan,nan
82.4216,6.8685,1.0161,0.1325,163.0725,-0.0000,-80.7664,6.9220,0.7859,0.1404,0.2365,-2.7636,48.9359,44.4846,-0.1120,nan,nan,nan,nan
82.4468,6.8685,1.0161,0.1325,163.0725,-0.0000,-80.7664,6.9220,0.7859,0.1404,0.2365,-2.7625,48.9312,44.4892,-0.1086,nan,nan,nan,nan
82.4702,6.8685,1.0161,0.1325,163.0725,-0.0000,-80.7664,6.9220,0.7859,0.1404,0.2365,-2.7637,48.9297,44.4894,-0.1066,nan,nan,nan,nan
82.4915,6.8685,1.0161,0.1325,163.0725,-0.0000,-80.7664,6.9220,0.7859,0.1404,0.2365,-2.7630,48.9294,44.4898,-0.1034,nan,nan,nan,nan
82.5218,6.8685,1.0161,0.1325,163.0726,-0.0001,-80.7664,6.9220,0.7859,0.1404,0.2365,-2.7612,48.9294,44.4884,-0.1046,nan,nan,nan,nan
82.5577,6.8685,1.0161,0.1325,163.0725,-0.0000,-80.7664,6.9220,0.7859,0.1404,0.2365,-2.7551,48.9295,44.4853,-0.1108,nan,nan,nan,nan
82.5778,6.8685,1.0161,0.1325,163.0725,-0.0000,-80.7664,6.9220,0.7858,0.1405,0.2365,-2.7510,48.9299,44.4817,-0.1108,nan,nan,nan,nan
82.6005,6.8685,1.0161,0.1325,163.0725,-0.0001,-80.7664,6.9219,0.7858,0.1405,0.2365,-2.7447,48.9302,44.4801,-0.1091,nan,nan,nan,nan
82.6262,6.8685,1.0161,0.1325,163.0725,-0.0000,-80.7664,6.9219,0.7858,0.1405,0.2365,-2.7414,48.9315,44.4817,-0.1060,nan,nan,nan,nan
82.6469,6.8685,1.0161,0.1325,163.0725,-0.0000,-80.7664,6.9219,0.7858,0.1405,0.2365,-2.7434,48.9339,44.4812,-0.1046,nan,nan,nan,nan
82.6681,6.8685,1.0161,0.1325,163.0725,0.0000,-80.7664,6.9219,0.7858,0.1404,0.2365,-2.7468,48.9349,44.4799,-0.1039,nan,nan,nan,nan
82.6972,6.8685,1.0161,0.1325,163.0725,0.0000,-80.7664,6.9220,0.7858,0.1404,0.2365,-2.7526,48.9341,44.4777,-0.1020,nan,nan,nan,nan
82.7340,6.8685,1.0161,0.1325,163.0726,-0.0000,-80.7664,6.9220,0.7858,0.1405,0.2365,-2.7647,48.9308,44.4749,-0.1011,nan,nan,nan,nan
82.7556,6.8685,1.0161,0.1325,163.0726,-0.0000,-80.7664,6.9221,0.7858,0.1405,0.2366,-2.7710,48.9291,44.4724,-0.1013,nan,nan,nan,nan
82.7757,6.8685,1.0161,0.1325,163.0725,0.0000,-80.7664,6.9221,0.7858,0.1405,0.2366,-2.7793,48.9262,44.4694,-0.1004,nan,nan,nan,nan
82.7998,6.8685,1.0161,0.1325,163.0725,0.0000,-80.7664,6.9221,0.7858,0.1405,0.2366,-2.7847,48.9266,44.4679,-0.1008,nan,nan,nan,nan
82.8207,6.8685,1.0161,0.1325,163.0725,0.0000,-80.7664,6.9222,0.7858,0.1405,0.2366,-2.7922,48.9280,44.4643,-0.1009,nan,nan,nan,nan
82.8450,6.8685,1.0161,0.1325,163.0725,-0.0001,-80.7664,6.9222,0.7858,0.1404,0.2366,-2.8097,48.9298,44.4577,-0.0996,nan,nan,nan,nan
82.8690,6.8685,1.0161,0.1325,163.0725,0.0000,-80.7665,6.9223,0.7858,0.1404,0.2366,-2.8250,48.9301,44.4555,-0.0976,nan,nan,nan,nan
82.8937,6.8685,1.0161,0.1325,163.0725,-0.0001,-80.7664,6.9223,0.7859,0.1404,0.2366,-2.8384,48.9307,44.4537,-0.0969,nan,nan,nan,nan
82.9185,6.8685,1.0161,0.1325,163.0725,-0.0000,-80.7664,6.9224,0.7859,0.1404,0.2366,-2.8549,48.9307,44.4512,-0.0969,nan,nan,nan,nan
82.9443,6.8685,1.0161,0.1325,163.0725,-0.0000,-80.7664,6.9225,0.7859,0.1404,0.2366,-2.8706,48.9281,44.4508,-0.0957,nan,nan,nan,nan
82.9691,6.8685,1.0161,0.1325,163.0725,0.0000,-80.7664,6.9225,0.7859,0.1404,0.2366,-2.8766,48.9267,44.4514,-0.0946,nan,nan,nan,nan
82.9974,6.8685,1.0161,0.1325,163.0725,0.0000,-80.7664,6.9226,0.7859,0.1404,0.2366,-2.8999,48.9225,44.4530,-0.0937,nan,nan,nan,nan
83.0217,6.8685,1.0161,0.1325,163.0725,0.0000,-80.7664,6.9227,0.7859,0.1403,0.2366,-2.9248,48.9218,44.4555,-0.0970,nan,nan,nan,nan
83.0499,6.8685,1.0161,0.1325,163.0725,-0.0000,-80.7665,6.9227,0.7860,0.1403,0.2366,-2.9451,48.9251,44.4597,-0.0986,nan,nan,nan,nan
83.0724,6.8685,1.0161,0.1325,163.0725,-0.0000,-80.7665,6.9228,0.7860,0.1403,0.2366,-2.9601,48.9276,44.4646,-0.1026,nan,nan,nan,nan
83.0953,6.8685,1.0161,0.1325,163.0725,-0.0000,-80.7665,6.9228,0.7860,0.1402,0.2366,-2.9704,48.9288,44.4687,-0.1043,nan,nan,nan,nan
83.1229,6.8685,1.0161,0.1325,163.0725,-0.0000,-80.7665,6.9229,0.7860,0.1402,0.2365,-2.9858,48.9297,44.4764,-0.1034,nan,nan,nan,nan
83.1434,6.8685,1.0161,0.1325,163.0725,-0.0000,-80.7665,6.9229,0.7861,0.1402,0.2365,-2.9972,48.9288,44.4837,-0.1018,nan,nan,nan,nan
83.1655,6.8685,1.0161,0.1325,163.0725,-0.0000,-80.7665,6.9229,0.7861,0.1402,0.2365,-2.9993,48.9281,44.4876,-0.1021,nan,nan,nan,nan
83.1885,6.8685,1.0161,0.1325,163.0725,-0.0000,-80.7665,6.9229,0.7861,0.1402,0.2365,-2.9985,48.9252,44.4924,-0.1003,nan,nan,nan,nan
83.2088,6.8685,1.0161,0.1325,163.0725,-0.0000,-80.7665,6.9229,0.7861,0.1402,0.2365,-2.9963,48.9225,44.4974,-0.0962,nan,nan,nan,nan
83.2377,6.8685,1.0161,0.1325,163.0725,-0.0000,-80.7664,6.9229,0.7861,0.1402,0.2365,-2.9934,48.9207,44.4995,-0.0973,nan,nan,nan,nan
83.2701,6.8685,1.0161,0.1325,163.0725,-0.0000,-80.7665,6.9229,0.7861,0.1402,0.2365,-2.9909,48.9187,44.5019,-0.0941,nan,nan,nan,nan
83.3051,6.8685,1.0161,0.1325,163.0725,0.0000,-80.7664,6.9229,0.7861,0.1402,0.2365,-2.9918,48.9161,44.5068,-0.0909,nan,nan,nan,nan
83.3258,6.8685,1.0161,0.1325,163.0725,0.0000,-80.7664,6.9229,0.7861,0.1402,0.2365,-2.9947,48.9151,44.5076,-0.0907,nan,nan,nan,nan
83.3513,6.8685,1.0161,0.1325,163.0725,0.0000,-80.7665,6.9229,0.7861,0.1402,0.2365,-3.0034,48.9126,44.5114,-0.0896,nan,nan,nan,nan
83.3748,6.8685,1.0161,0.1325,163.0725,0.0000,-80.7664,6.9229,0.7861,0.1402,0.2365,-3.0085,48.9112,44.5127,-0.0872,nan,nan,nan,nan
83.3991,6.8685,1.0161,0.1325,163.0725,0.0000,-80.7665,6.9229,0.7861,0.1402,0.2365,-3.0089,48.9076,44.5130,-0.0844,nan,nan,nan,nan
83.4236,6.8685,1.0161,0.1325,163.0725,0.0000,-80.7665,6.9229,0.7861,0.1402,0.2365,-3.0076,48.9046,44.5154,-0.0839,nan,nan,nan,nan
83.4440,6.8685,1.0161,0.1325,163.0725,-0.0000,-80.7665,6.9229,0.7861,0.1402,0.2365,-3.0063,48.9034,44.5184,-0.0854,nan,nan,nan,nan
83.4669,6.8685,1.0161,0.1325,163.0725,0.0000,-80.7665,6.9229,0.7861,0.1402,0.2365,-3.0044,48.9026,44.5215,-0.0872,nan,nan,nan,nan
83.4929,6.8685,1.0161,0.1325,163.0729,0.0000,-80.7665,6.9229,0.7861,0.1402,0.2365,-3.0105,48.8995,44.5240,-0.0847,nan,nan,nan,nan
83.5241,6.8685,1.0161,0.1325,163.0725,0.0000,-80.7665,6.9230,0.7861,0.1402,0.2365,-3.0154,48.8946,44.5292,-0.0796,nan,nan,nan,nan
83.5591,6.8685,1.0161,0.1325,163.0725,0.0000,-80.7665,6.9230,0.7861,0.1402,0.2365,-3.0168,48.8895,44.5318,-0.0781,nan,nan,nan,nan
83.5809,6.8685,1.0161,0.1325,163.0725,0.0000,-80.7665,6.9230,0.7861,0.1402,0.2365,-3.0151,48.8885,44.5328,-0.0783,nan,nan,nan,nan
83.6026,6.8685,1.0161,0.1325,163.0725,-0.0000,-80.7665,6.9230,0.7861,0.1402,0.2365,-3.0098,48.8885,44.5336,-0.0786,nan,nan,nan,nan
83.6271,6.8685,1.0161,0.1325,163.0725,0.0000,-80.7665,6.9229,0.7861,0.1402,0.2365,-3.0023,48.8876,44.5364,-0.0790,nan,nan,nan,nan
83.6499,6.8685,1.0161,0.1325,163.0726,-0.0000,-80.7665,6.9229,0.7861,0.1402,0.2365,-2.9975,48.8870,44.5365,-0.0801,nan,nan,nan,nan
83.6760,6.8685,1.0161,0.1325,163.0726,-0.0000,-80.7665,6.9229,0.7861,0.1402,0.2365,-2.9927,48.8862,44.5359,-0.0823,nan,nan,nan,nan
83.7002,6.8685,1.0161,0.1325,163.0725,-0.0000,-80.7665,6.9229,0.7861,0.1402,0.2365,-2.9910,48.8860,44.5362,-0.0833,nan,nan,nan,nan
83.7284,6.8685,1.0161,0.1325,163.0725,0.0000,-80.7665,6.9229,0.7861,0.1402,0.2364,-2.9868,48.8837,44.5428,-0.0854,nan,nan,nan,nan
83.7532,6.8685,1.0161,0.1325,163.0725,0.0001,-80.7664,6.9228,0.7861,0.1402,0.2364,-2.9759,48.8845,44.5501,-0.0833,nan,nan,nan,nan
83.7825,6.8685,1.0161,0.1325,163.0725,0.0001,-80.7664,6.9227,0.7861,0.1402,0.2364,-2.9567,48.8870,44.5500,-0.0814,nan,nan,nan,nan
83.8040,6.8685,1.0161,0.1325,163.0725,0.0001,-80.7664,6.9227,0.7861,0.1403,0.2364,-2.9397,48.8873,44.5494,-0.0833,nan,nan,nan,nan
83.8261,6.8685,1.0161,0.1325,163.0725,0.0000,-80.7664,6.9226,0.7861,0.1403,0.2364,-2.9344,48.8869,44.5498,-0.0833,nan,nan,nan,nan
83.8547,6.8685,1.0161,0.1325,163.0725,0.0000,-80.7665,6.9226,0.7861,0.1403,0.2364,-2.9145,48.8844,44.5513,-0.0818,nan,nan,nan,nan
83.8781,6.8685,1.0161,0.1325,163.0725,0.0000,-80.7665,6.9225,0.7861,0.1403,0.2364,-2.9050,48.8840,44.5526,-0.0803,nan,nan,nan,nan
83.9040,6.8685,1.0161,0.1325,163.0725,0.0001,-80.7664,6.9225,0.7861,0.1403,0.2364,-2.8950,48.8846,44.5539,-0.0787,nan,nan,nan,nan
83.9309,6.8685,1.0161,0.1325,163.0725,0.0000,-80.7664,6.9224,0.7861,0.1403,0.2364,-2.8779,48.8877,44.5547,-0.0745,nan,nan,nan,nan
83.9512,6.8685,1.0161,0.1325,163.0725,0.0000,-80.7664,6.9224,0.7861,0.1403,0.2364,-2.8648,48.8903,44.5542,-0.0717,nan,nan,nan,nan
83.9720,6.8685,1.0161,0.1325,163.0725,0.0000,-80.7664,6.9223,0.7861,0.1403,0.2364,-2.8496,48.8929,44.5548,-0.0683,nan,nan,nan,nan
83.9951,6.8685,1.0161,0.1325,163.0725,0.0000,-80.7665,6.9223,0.7860,0.1403,0.2364,-2.8405,48.8945,44.5563,-0.0666,nan,nan,nan,nan
84.0252,6.8685,1.0161,0.1325,163.0725,0.0000,-80.7665,6.9222,0.7860,0.1403,0.2364,-2.8257,48.8988,44.5575,-0.0650,nan,nan,nan,nan
84.0466,6.8685,1.0161,0.1325,163.0725,0.0000,-80.7665,6.9222,0.7860,0.1403,0.2364,-2.8192,48.9025,44.5579,-0.0651,nan,nan,nan,nan
84.0681,6.8685,1.0161,0.1325,163.0725,-0.0001,-80.7665,6.9222,0.7860,0.1403,0.2364,-2.8176,48.9049,44.5579,-0.0637,nan,nan,nan,nan
84.0934,6.8685,1.0161,0.1325,163.0725,-0.0000,-80.7664,6.9222,0.7860,0.1403,0.2364,-2.8182,48.9083,44.5567,-0.0613,nan,nan,nan,nan
84.1274,6.8685,1.0161,0.1325,163.0725,-0.0000,-80.7665,6.9222,0.7860,0.1403,0.2364,-2.8251,48.9092,44.5505,-0.0505,nan,nan,nan,nan
84.1557,6.8685,1.0161,0.1325,163.0725,-0.0000,-80.7664,6.9223,0.7860,0.1403,0.2364,-2.8409,48.9094,44.5444,-0.0385,nan,nan,nan,nan
84.1790,6.8685,1.0161,0.1325,163.0725,0.0000,-80.7664,6.9224,0.7861,0.1403,0.2364,-2.8630,48.9104,44.5434,-0.0189,nan,nan,nan,nan
84.2140,6.8685,1.0161,0.1325,163.0725,-0.0000,-80.7664,6.9224,0.7861,0.1402,0.2364,-2.8881,48.9129,44.5424,-0.0023,nan,nan,nan,nan
84.2489,6.8685,1.0161,0.1325,163.0725,-0.0000,-80.7664,6.9225,0.7861,0.1402,0.2364,-2.9110,48.9147,44.5420,0.0034,nan,nan,nan,nan
84.2775,6.8685,1.0161,0.1325,163.0726,-0.0001,-80.7664,6.9226,0.7861,0.1402,0.2364,-2.9299,48.9145,44.5430,0.0034,nan,nan,nan,nan
84.3004,6.8685,1.0161,0.1325,163.0726,-0.0001,-80.7664,6.9226,0.7861,0.1402,0.2364,-2.9359,48.9144,44.5432,0.0048,nan,nan,nan,nan
84.3246,6.8685,1.0161,0.1325,163.0725,0.0000,-80.7664,6.9227,0.7861,0.1402,0.2364,-2.9436,48.9170,44.5437,0.0104,nan,nan,nan,nan
84.3513,6.8685,1.0161,0.1325,163.0725,0.0000,-80.7664,6.9227,0.7861,0.1401,0.2364,-2.9467,48.9193,44.5436,0.0064,nan,nan,nan,nan
84.3776,6.8685,1.0161,0.1325,163.0725,0.0000,-80.7665,6.9227,0.7861,0.1401,0.2364,-2.9468,48.9212,44.5428,0.0016,nan,nan,nan,nan
84.3981,6.8685,1.0161,0.1325,163.0725,0.0000,-80.7665,6.9226,0.7861,0.1401,0.2364,-2.9450,48.9229,44.5439,-0.0005,nan,nan,nan,nan
84.4199,6.8685,1.0161,0.1325,163.0725,-0.0000,-80.7664,6.9226,0.7861,0.1401,0.2364,-2.9395,48.9253,44.5430,0.0013,nan,nan,nan,nan
84.4468,6.8685,1.0161,0.1325,163.0725,-0.0000,-80.7664,6.9226,0.7861,0.1401,0.2364,-2.9344,48.9261,44.5436,0.0037,nan,nan,nan,nan
84.4711,6.8685,1.0161,0.1325,163.0725,-0.0000,-80.7664,6.9226,0.7861,0.1401,0.2364,-2.9319,48.9266,44.5411,0.0031,nan,nan,nan,nan
84.4973,6.8685,1.0161,0.1325,163.0725,-0.0000,-80.7665,6.9226,0.7861,0.1401,0.2364,-2.9314,48.9262,44.5410,0.0032,nan,nan,nan,nan
84.5313,6.8685,1.0161,0.1325,163.0725,-0.0000,-80.7665,6.9226,0.7861,0.1401,0.2364,-2.9266,48.9256,44.5412,0.0024,nan,nan,nan,nan
84.5532,6.8685,1.0161,0.1325,163.0725,-0.0000,-80.7665,6.9225,0.7861,0.1402,0.2364,-2.9200,48.9266,44.5404,0.0018,nan,nan,nan,nan
84.5818,6.8685,1.0161,0.1325,163.0725,0.0000,-80.7665,6.9225,0.7861,0.1402,0.2364,-2.9037,48.9297,44.5365,-0.0061,nan,nan,nan,nan
84.6084,6.8685,1.0161,0.1325,163.0725,0.0001,-80.7664,6.9224,0.7861,0.1402,0.2364,-2.8930,48.9297,44.5372,-0.0080,nan,nan,nan,nan
84.6366,6.8685,1.0161,0.1325,163.0725,-0.0000,-80.7664,6.9224,0.7861,0.1402,0.2364,-2.8832,48.9308,44.5375,-0.0077,nan,nan,nan,nan
84.6595,6.8685,1.0161,0.1325,163.0725,-0.0000,-80.7664,6.9224,0.7861,0.1402,0.2364,-2.8733,48.9313,44.5386,-0.0124,nan,nan,nan,nan
84.6840,6.8685,1.0161,0.1325,163.0726,-0.0000,-80.7664,6.9223,0.7861,0.1402,0.2364,-2.8672,48.9319,44.5382,-0.0118,nan,nan,nan,nan
84.7162,6.8685,1.0161,0.1325,163.0725,0.0000,-80.7665,6.9223,0.7861,0.1402,0.2364,-2.8595,48.9332,44.5396,-0.0082,nan,nan,nan,nan
84.7509,6.8685,1.0161,0.1325,163.0725,-0.0000,-80.7664,6.9223,0.7861,0.1402,0.2364,-2.8541,48.9349,44.5395,-0.0035,nan,nan,nan,nan
84.7740,6.8685,1.0161,0.1325,163.0725,-0.0000,-80.7664,6.9223,0.7861,0.1402,0.2364,-2.8542,48.9359,44.5393,-0.0031,nan,nan,nan,nan
84.7966,6.8685,1.0161,0.1325,163.0725,0.0001,-80.7665,6.9223,0.7861,0.1402,0.2364,-2.8569,48.9361,44.5377,-0.0018,nan,nan,nan,nan
84.8212,6.8685,1.0161,0.1325,163.0725,0.0000,-80.7665,6.9223,0.7861,0.1402,0.2364,-2.8648,48.9363,44.5328,0.0027,nan,nan,nan,nan
84.8467,6.8685,1.0161,0.1325,163.0725,0.0000,-80.7665,6.9224,0.7861,0.1402,0.2364,-2.8742,48.9353,44.5318,0.0041,nan,nan,nan,nan
84.8682,6.8685,1.0161,0.1325,163.0725,0.0000,-80.7664,6.9224,0.7861,0.1402,0.2364,-2.8824,48.9344,44.5324,0.0021,nan,nan,nan,nan
84.8911,6.8685,1.0161,0.1325,163.0726,0.0000,-80.7664,6.9224,0.7861,0.1402,0.2364,-2.8871,48.9346,44.5343,0.0019,nan,nan,nan,nan
84.9130,6.8685,1.0161,0.1325,163.0726,0.0000,-80.7664,6.9224,0.7861,0.1402,0.2364,-2.8906,48.9354,44.5362,-0.0003,nan,nan,nan,nan
84.9342,6.8685,1.0161,0.1325,163.0725,0.0000,-80.7664,6.9224,0.7861,0.1401,0.2364,-2.8943,48.9366,44.5385,-0.0022,nan,nan,nan,nan
84.9648,6.8685,1.0161,0.1325,163.0725,-0.0000,-80.7665,6.9225,0.7861,0.1401,0.2364,-2.8998,48.9415,44.5416,-0.0060,nan,nan,nan,nan
84.9905,6.8685,1.0161,0.1325,163.0725,-0.0000,-80.7665,6.9224,0.7861,0.1401,0.2364,-2.8992,48.9446,44.5438,-0.0063,nan,nan,nan,nan
85.0144,6.8685,1.0161,0.1325,163.0725,-0.0000,-80.7665,6.9224,0.7861,0.1401,0.2364,-2.8967,48.9469,44.5441,-0.0083,nan,nan,nan,nan
85.0407,6.8685,1.0161,0.1325,163.0725,0.0000,-80.7664,6.9224,0.7861,0.1401,0.2364,-2.8874,48.9508,44.5428,-0.0133,nan,nan,nan,nan
85.0629,6.8685,1.0161,0.1325,163.0725,0.0000,-80.7664,6.9223,0.7861,0.1401,0.2364,-2.8742,48.9539,44.5409,-0.0207,nan,nan,nan,nan
85.0848,6.8685,1.0161,0.1325,163.0725,-0.0000,-80.7664,6.9223,0.7861,0.1401,0.2363,-2.8697,48.9543,44.5412,-0.0234,nan,nan,nan,nan
85.1162,6.8685,1.0161,0.1325,163.0725,0.0000,-80.7664,6.9223,0.7861,0.1401,0.2363,-2.8530,48.9562,44.5423,-0.0291,nan,nan,nan,nan
85.1445,6.8685,1.0161,0.1325,163.0725,0.0000,-80.7665,6.9222,0.7861,0.1401,0.2363,-2.8427,48.9589,44.5423,-0.0324,nan,nan,nan,nan
85.1661,6.8685,1.0161,0.1325,163.0725,0.0000,-80.7665,6.9222,0.7861,0.1401,0.2363,-2.8389,48.9599,44.5424,-0.0367,nan,nan,nan,nan
85.1905,6.8685,1.0161,0.1325,163.0725,-0.0000,-80.7665,6.9222,0.7861,0.1401,0.2363,-2.8311,48.9616,44.5414,-0.0454,nan,nan,nan,nan
85.2254,6.8685,1.0161,0.1325,163.0725,0.0000,-80.7665,6.9221,0.7861,0.1401,0.2363,-2.8224,48.9630,44.5436,-0.0527,nan,nan,nan,nan
85.2586,6.8685,1.0161,0.1325,163.0725,0.0000,-80.7664,6.9221,0.7861,0.1401,0.2363,-2.8119,48.9656,44.5492,-0.0609,nan,nan,nan,nan
85.2877,6.8685,1.0161,0.1325,163.0725,-0.0000,-80.7664,6.9220,0.7861,0.1401,0.2363,-2.8031,48.9678,44.5558,-0.0731,nan,nan,nan,nan
85.3105,6.8685,1.0161,0.1325,163.0725,-0.0000,-80.7664,6.9220,0.7861,0.1401,0.2363,-2.7982,48.9682,44.5593,-0.0784,nan,nan,nan,nan
85.3347,6.8685,1.0161,0.1325,163.0725,0.0000,-80.7665,6.9220,0.7861,0.1401,0.2363,-2.7900,48.9680,44.5604,-0.0806,nan,nan,nan,nan
85.3562,6.8685,1.0161,0.1325,163.0725,-0.0000,-80.7664,6.9220,0.7861,0.1401,0.2363,-2.7852,48.9681,44.5602,-0.0827,nan,nan,nan,nan
85.3852,6.8685,1.0161,0.1325,163.0725,-0.0000,-80.7664,6.9219,0.7861,0.1401,0.2363,-2.7818,48.9680,44.5606,-0.0810,nan,nan,nan,nan
85.4154,6.8685,1.0161,0.1325,163.0725,0.0000,-80.7665,6.9220,0.7861,0.1401,0.2363,-2.7869,48.9676,44.5646,-0.0777,nan,nan,nan,nan
85.4376,6.8685,1.0161,0.1325,163.0725,0.0000,-80.7665,6.9220,0.7861,0.1401,0.2363,-2.7897,48.9682,44.5670,-0.0749,nan,nan,nan,nan
85.4601,6.8685,1.0161,0.1325,163.0725,0.0000,-80.7665,6.9220,0.7861,0.1401,0.2363,-2.7936,48.9686,44.5690,-0.0727,nan,nan,nan,nan
85.4826,6.8685,1.0161,0.1325,163.0725,0.0000,-80.7665,6.9220,0.7861,0.1401,0.2363,-2.8074,48.9703,44.5654,-0.0676,nan,nan,nan,nan
85.5100,6.8685,1.0161,0.1325,163.0725,-0.0000,-80.7665,6.9221,0.7861,0.1400,0.2363,-2.8184,48.9727,44.5615,-0.0667,nan,nan,nan,nan
85.5359,6.8685,1.0161,0.1325,163.0725,-0.0001,-80.7664,6.9221,0.7861,0.1400,0.2363,-2.8339,48.9751,44.5578,-0.0699,nan,nan,nan,nan
85.5568,6.8685,1.0161,0.1325,163.0725,-0.0001,-80.7664,6.9222,0.7861,0.1400,0.2363,-2.8425,48.9770,44.5553,-0.0727,nan,nan,nan,nan
85.5808,6.8685,1.0161,0.1325,163.0725,-0.0000,-80.7664,6.9222,0.7861,0.1400,0.2363,-2.8532,48.9792,44.5531,-0.0764,nan,nan,nan,nan
85.6047,6.8685,1.0161,0.1325,163.0725,0.0000,-80.7664,6.9222,0.7861,0.1400,0.2363,-2.8596,48.9813,44.5496,-0.0788,nan,nan,nan,nan
85.6257,6.8685,1.0161,0.1325,163.0726,-0.0000,-80.7664,6.9222,0.7861,0.1400,0.2363,-2.8605,48.9841,44.5452,-0.0802,nan,nan,nan,nan
85.6478,6.8685,1.0161,0.1325,163.0726,-0.0000,-80.7664,6.9222,0.7861,0.1400,0.2363,-2.8607,48.9861,44.5442,-0.0812,nan,nan,nan,nan
85.6699,6.8685,1.0161,0.1325,163.0725,0.0000,-80.7665,6.9222,0.7861,0.1400,0.2363,-2.8610,48.9870,44.5447,-0.0833,nan,nan,nan,nan
85.6962,6.8685,1.0161,0.1325,163.0726,-0.0001,-80.7664,6.9222,0.7861,0.1400,0.2363,-2.8579,48.9887,44.5483,-0.0822,nan,nan,nan,nan
85.7182,6.8685,1.0161,0.1325,163.0726,-0.0001,-80.7664,6.9222,0.7861,0.1400,0.2363,-2.8537,48.9890,44.5500,-0.0780,nan,nan,nan,nan
85.7437,6.8685,1.0161,0.1325,163.0725,0.0000,-80.7665,6.9222,0.7861,0.1400,0.2363,-2.8443,48.9886,44.5508,-0.0726,nan,nan,nan,nan
85.7678,6.8685,1.0161,0.1325,163.0725,0.0000,-80.7665,6.9221,0.7861,0.1400,0.2363,-2.8332,48.9884,44.5495,-0.0707,nan,nan,nan,nan
85.7928,6.8685,1.0161,0.1325,163.0725,0.0000,-80.7665,6.9221,0.7861,0.1400,0.2363,-2.8252,48.9888,44.5479,-0.0706,nan,nan,nan,nan
85.8151,6.8685,1.0161,0.1325,163.0725,0.0000,-80.7665,6.9220,0.7861,0.1400,0.2363,-2.8147,48.9892,44.5469,-0.0720,nan,nan,nan,nan
85.8461,6.8685,1.0161,0.1325,163.0725,-0.0000,-80.7664,6.9220,0.7861,0.1400,0.2363,-2.8035,48.9929,44.5446,-0.0720,nan,nan,nan,nan
85.8756,6.8685,1.0161,0.1325,163.0725,0.0000,-80.7665,6.9219,0.7861,0.1400,0.2363,-2.7811,48.9985,44.5455,-0.0704,nan,nan,nan,nan
85.8964,6.8685,1.0161,0.1325,163.0725,0.0000,-80.7665,6.9218,0.7861,0.1400,0.2363,-2.7669,49.0005,44.5482,-0.0701,nan,nan,nan,nan
85.9176,6.8685,1.0161,0.1325,163.0725,-0.0000,-80.7665,6.9218,0.7861,0.1400,0.2362,-2.7514,49.0029,44.5512,-0.0687,nan,nan,nan,nan
85.9422,6.8685,1.0161,0.1325,163.0725,-0.0000,-80.7665,6.9217,0.7861,0.1400,0.2362,-2.7253,49.0053,44.5595,-0.0613,nan,nan,nan,nan
85.9664,6.8685,1.0161,0.1325,163.0725,0.0000,-80.7665,6.9216,0.7861,0.1400,0.2362,-2.7092,49.0062,44.5666,-0.0548,nan,nan,nan,nan
85.9884,6.8685,1.0161,0.1325,163.0725,0.0000,-80.7665,6.9216,0.7861,0.1400,0.2362,-2.7046,49.0059,44.5737,-0.0513,nan,nan,nan,nan
86.0097,6.8685,1.0161,0.1325,163.0725,-0.0000,-80.7665,6.9216,0.7861,0.1400,0.2362,-2.7040,49.0056,44.5764,-0.0512,nan,nan,nan,nan
86.0376,6.8685,1.0161,0.1325,163.0725,-0.0000,-80.7665,6.9216,0.7861,0.1400,0.2362,-2.7068,49.0050,44.5865,-0.0546,nan,nan,nan,nan
86.0715,6.8685,1.0161,0.1325,163.0725,-0.0000,-80.7665,6.9216,0.7861,0.1400,0.2361,-2.7101,49.0057,44.5913,-0.0658,nan,nan,nan,nan
86.0939,6.8685,1.0161,0.1325,163.0725,-0.0000,-80.7665,6.9216,0.7861,0.1400,0.2361,-2.7111,49.0063,44.5937,-0.0686,nan,nan,nan,nan
86.1163,6.8685,1.0161,0.1325,163.0725,0.0000,-80.7665,6.9216,0.7862,0.1400,0.2361,-2.7146,49.0084,44.5978,-0.0665,nan,nan,nan,nan
86.1413,6.8685,1.0161,0.1325,163.0725,0.0000,-80.7665,6.9216,0.7862,0.1399,0.2361,-2.7196,49.0124,44.5978,-0.0676,nan,nan,nan,nan
86.1637,6.8685,1.0161,0.1325,163.0725,0.0000,-80.7665,6.9216,0.7862,0.1399,0.2361,-2.7261,49.0150,44.5963,-0.0730,nan,nan,nan,nan
86.1843,6.8685,1.0161,0.1325,163.0725,0.0001,-80.7665,6.9216,0.7862,0.1399,0.2361,-2.7291,49.0156,44.5956,-0.0747,nan,nan,nan,nan
86.2086,6.8685,1.0161,0.1325,163.0725,-0.0000,-80.7665,6.9217,0.7862,0.1399,0.2361,-2.7437,49.0159,44.5908,-0.0786,nan,nan,nan,nan
86.2307,6.8685,1.0161,0.1325,163.0725,-0.0000,-80.7665,6.9217,0.7862,0.1399,0.2361,-2.7538,49.0153,44.5867,-0.0816,nan,nan,nan,nan
86.2556,6.8685,1.0161,0.1325,163.0725,-0.0001,-80.7664,6.9218,0.7862,0.1399,0.2362,-2.7605,49.0151,44.5848,-0.0875,nan,nan,nan,nan
86.2843,6.8685,1.0161,0.1325,163.0725,0.0001,-80.7664,6.9218,0.7862,0.1399,0.2362,-2.7706,49.0148,44.5859,-0.0963,nan,nan,nan,nan
86.3104,6.8685,1.0161,0.1325,163.0725,0.0001,-80.7664,6.9218,0.7862,0.1399,0.2362,-2.7778,49.0145,44.5852,-0.0993,nan,nan,nan,nan
86.3319,6.8685,1.0161,0.1325,163.0725,0.0000,-80.7664,6.9218,0.7862,0.1399,0.2362,-2.7797,49.0141,44.5847,-0.1005,nan,nan,nan,nan
86.3589,6.8685,1.0161,0.1325,163.0725,-0.0000,-80.7664,6.9219,0.7862,0.1399,0.2362,-2.7836,49.0130,44.5831,-0.1049,nan,nan,nan,nan
86.3800,6.8685,1.0161,0.1325,163.0725,-0.0000,-80.7664,6.9219,0.7862,0.1399,0.2362,-2.7936,49.0120,44.5828,-0.1056,nan,nan,nan,nan
86.4008,6.8685,1.0161,0.1325,163.0725,-0.0001,-80.7664,6.9219,0.7862,0.1399,0.2362,-2.7974,49.0119,44.5821,-0.1050,nan,nan,nan,nan
86.4318,6.8685,1.0161,0.1325,163.0725,0.0000,-80.7664,6.9220,0.7862,0.1399,0.2362,-2.8093,49.0092,44.5784,-0.1030,nan,nan,nan,nan
86.4636,6.8685,1.0161,0.1325,163.0725,0.0000,-80.7664,6.9220,0.7862,0.1399,0.2362,-2.8119,49.0035,44.5772,-0.1064,nan,nan,nan,nan
86.4892,6.8685,1.0161,0.1325,163.0725,0.0001,-80.7665,6.9220,0.7862,0.1399,0.2362,-2.8103,48.9981,44.5728,-0.1094,nan,nan,nan,nan
86.5217,6.8685,1.0161,0.1325,163.0725,-0.0000,-80.7665,6.9220,0.7862,0.1400,0.2362,-2.8172,48.9922,44.5715,-0.1138,nan,nan,nan,nan
86.5452,6.8685,1.0161,0.1325,163.0725,-0.0000,-80.7665,6.9221,0.7862,0.1400,0.2362,-2.8260,48.9898,44.5717,-0.1149,nan,nan,nan,nan
86.5720,6.8685,1.0161,0.1325,163.0725,0.0000,-80.7664,6.9221,0.7862,0.1399,0.2362,-2.8430,48.9878,44.5720,-0.1178,nan,nan,nan,nan
86.6063,6.8685,1.0161,0.1325,163.0725,-0.0000,-80.7664,6.9222,0.7862,0.1399,0.2362,-2.8593,48.9877,44.5720,-0.1201,nan,nan,nan,nan
86.6424,6.8685,1.0161,0.1325,163.0725,0.0001,-80.7664,6.9223,0.7862,0.1399,0.2362,-2.8767,48.9876,44.5779,-0.1233,nan,nan,nan,nan
86.6716,6.8685,1.0161,0.1325,163.0725,-0.0000,-80.7664,6.9223,0.7862,0.1399,0.2362,-2.8853,48.9880,44.5787,-0.1223,nan,nan,nan,nan
86.6982,6.8685,1.0161,0.1325,163.0725,0.0000,-80.7665,6.9223,0.7862,0.1399,0.2362,-2.8894,48.9865,44.5821,-0.1195,nan,nan,nan,nan
86.7194,6.8685,1.0161,0.1325,163.0725,0.0000,-80.7665,6.9223,0.7862,0.1399,0.2362,-2.8887,48.9856,44.5852,-0.1209,nan,nan,nan,nan
86.7470,6.8685,1.0161,0.1325,163.0725,-0.0001,-80.7664,6.9223,0.7862,0.1399,0.2362,-2.8832,48.9862,44.5877,-0.1226,nan,nan,nan,nan
86.7705,6.8685,1.0161,0.1325,163.0725,-0.0000,-80.7664,6.9223,0.7862,0.1399,0.2362,-2.8801,48.9864,44.5886,-0.1214,nan,nan,nan,nan
86.7918,6.8685,1.0161,0.1325,163.0725,-0.0000,-80.7665,6.9223,0.7862,0.1399,0.2362,-2.8804,48.9839,44.5892,-0.1219,nan,nan,nan,nan
86.8124,6.8685,1.0161,0.1325,163.0725,-0.0000,-80.7665,6.9222,0.7862,0.1399,0.2362,-2.8784,48.9826,44.5889,-0.1254,nan,nan,nan,nan
86.8402,6.8685,1.0161,0.1325,163.0725,-0.0000,-80.7665,6.9222,0.7862,0.1399,0.2362,-2.8647,48.9805,44.5936,-0.1312,nan,nan,nan,nan
86.8663,6.8685,1.0161,0.1325,163.0725,-0.0001,-80.7665,6.9222,0.7862,0.1399,0.2362,-2.8623,48.9806,44.5949,-0.1307,nan,nan,nan,nan
86.8913,6.8685,1.0161,0.1325,163.0725,-0.0001,-80.7664,6.9222,0.7862,0.1399,0.2362,-2.8571,48.9807,44.5984,-0.1226,nan,nan,nan,nan
86.9149,6.8685,1.0161,0.1325,163.0725,-0.0000,-80.7664,6.9222,0.7862,0.1399,0.2362,-2.8579,48.9775,44.6010,-0.1155,nan,nan,nan,nan
86.9382,6.8685,1.0161,0.1325,163.0725,0.0000,-80.7664,6.9222,0.7863,0.1399,0.2362,-2.8627,48.9745,44.6019,-0.1078,nan,nan,nan,nan
86.9699,6.8685,1.0161,0.1325,163.0725,-0.0000,-80.7665,6.9223,0.7863,0.1399,0.2362,-2.8768,48.9708,44.6032,-0.1009,nan,nan,nan,nan
86.9909,6.8685,1.0161,0.1325,163.0725,-0.0000,-80.7665,6.9223,0.7863,0.1399,0.2362,-2.8929,48.9689,44.6005,-0.1018,nan,nan,nan,nan
87.0171,6.8685,1.0161,0.1325,163.0725,0.0000,-80.7665,6.9224,0.7863,0.1399,0.2362,-2.9056,48.9674,44.5991,-0.1020,nan,nan,nan,nan
87.0408,6.8685,1.0161,0.1325,163.0725,0.0000,-80.7665,6.9225,0.7863,0.1399,0.2362,-2.9274,48.9651,44.5977,-0.1043,nan,nan,nan,nan
87.0613,6.8685,1.0161,0.1325,163.0725,-0.0000,-80.7664,6.9226,0.7863,0.1399,0.2362,-2.9585,48.9632,44.5929,-0.1109,nan,nan,nan,nan
87.0864,6.8685,1.0161,0.1325,163.0725,0.0000,-80.7664,6.9227,0.7863,0.1398,0.2362,-2.9822,48.9630,44.5878,-0.1188,nan,nan,nan,nan
87.1101,6.8685,1.0161,0.1325,163.0725,0.0000,-80.7664,6.9227,0.7863,0.1399,0.2362,-2.9895,48.9604,44.5854,-0.1230,nan,nan,nan,nan
87.1447,6.8685,1.0161,0.1325,163.0725,0.0000,-80.7665,6.9227,0.7863,0.1399,0.2362,-2.9891,48.9554,44.5844,-0.1266,nan,nan,nan,nan
87.1716,6.8685,1.0161,0.1325,163.0725,0.0000,-80.7665,6.9227,0.7863,0.1399,0.2362,-2.9886,48.9515,44.5857,-0.1270,nan,nan,nan,nan
87.1919,6.8685,1.0161,0.1325,163.0725,0.0000,-80.7664,6.9227,0.7863,0.1399,0.2362,-2.9890,48.9498,44.5869,-0.1261,nan,nan,nan,nan
87.2163,6.8685,1.0161,0.1325,163.0725,0.0000,-80.7665,6.9228,0.7863,0.1399,0.2362,-2.9954,48.9464,44.5896,-0.1199,nan,nan,nan,nan
87.2369,6.8685,1.0161,0.1325,163.0725,0.0000,-80.7665,6.9228,0.7863,0.1399,0.2362,-3.0008,48.9455,44.5893,-0.1160,nan,nan,nan,nan
87.2580,6.8685,1.0161,0.1325,163.0725,0.0001,-80.7665,6.9228,0.7863,0.1399,0.2362,-3.0061,48.9440,44.5894,-0.1130,nan,nan,nan,nan
87.2832,6.8685,1.0161,0.1325,163.0725,-0.0000,-80.7665,6.9229,0.7863,0.1399,0.2362,-3.0187,48.9408,44.5902,-0.1087,nan,nan,nan,nan
87.3080,6.8685,1.0161,0.1325,163.0725,-0.0000,-80.7665,6.9229,0.7863,0.1399,0.2362,-3.0249,48.9396,44.5908,-0.1063,nan,nan,nan,nan
87.3322,6.8685,1.0161,0.1325,163.0725,-0.0000,-80.7665,6.9229,0.7863,0.1399,0.2363,-3.0323,48.9390,44.5904,-0.1040,nan,nan,nan,nan
87.3526,6.8685,1.0161,0.1325,163.0725,0.0000,-80.7665,6.9229,0.7863,0.1399,0.2363,-3.0349,48.9384,44.5885,-0.1049,nan,nan,nan,nan
87.3747,6.8685,1.0161,0.1325,163.0725,0.0000,-80.7665,6.9229,0.7863,0.1399,0.2363,-3.0346,48.9389,44.5863,-0.1065,nan,nan,nan,nan
87.4003,6.8685,1.0161,0.1325,163.0725,-0.0000,-80.7664,6.9229,0.7863,0.1399,0.2363,-3.0329,48.9407,44.5842,-0.1118,nan,nan,nan,nan
87.4287,6.8685,1.0161,0.1325,163.0725,-0.0001,-80.7664,6.9229,0.7863,0.1399,0.2363,-3.0312,48.9414,44.5857,-0.1156,nan,nan,nan,nan
87.4526,6.8685,1.0161,0.1325,163.0725,-0.0000,-80.7664,6.9229,0.7863,0.1399,0.2362,-3.0289,48.9445,44.5886,-0.1252,nan,nan,nan,nan
87.4786,6.8685,1.0161,0.1325,163.0725,-0.0000,-80.7664,6.9229,0.7863,0.1399,0.2362,-3.0255,48.9473,44.5900,-0.1347,nan,nan,nan,nan
87.5001,6.8685,1.0161,0.1325,163.0725,-0.0000,-80.7664,6.9228,0.7863,0.1398,0.2362,-3.0233,48.9482,44.5904,-0.1366,nan,nan,nan,nan
87.5225,6.8685,1.0161,0.1325,163.0725,0.0000,-80.7664,6.9228,0.7863,0.1398,0.2362,-3.0121,48.9515,44.5910,-0.1351,nan,nan,nan,nan
87.5464,6.8685,1.0161,0.1325,163.0725,-0.0000,-80.7665,6.9228,0.7863,0.1399,0.2362,-3.0021,48.9546,44.5900,-0.1292,nan,nan,nan,nan
87.5835,6.8685,1.0161,0.1325,163.0725,-0.0000,-80.7665,6.9227,0.7863,0.1398,0.2362,-2.9972,48.9580,44.5873,-0.1273,nan,nan,nan,nan
87.6060,6.8685,1.0161,0.1325,163.0725,-0.0000,-80.7665,6.9227,0.7863,0.1398,0.2362,-2.9946,48.9601,44.5857,-0.1261,nan,nan,nan,nan
87.6269,6.8685,1.0161,0.1325,163.0725,-0.0000,-80.7665,6.9227,0.7863,0.1398,0.2362,-2.9886,48.9632,44.5831,-0.1213,nan,nan,nan,nan
87.6507,6.8685,1.0161,0.1325,163.0727,-0.0000,-80.7664,6.9227,0.7863,0.1398,0.2362,-2.9839,48.9647,44.5830,-0.1215,nan,nan,nan,nan
87.6756,6.8685,1.0161,0.1325,163.0727,-0.0000,-80.7664,6.9226,0.7863,0.1398,0.2362,-2.9730,48.9674,44.5827,-0.1241,nan,nan,nan,nan
87.7012,6.8685,1.0161,0.1325,163.0725,0.0000,-80.7664,6.9226,0.7863,0.1399,0.2362,-2.9693,48.9683,44.5824,-0.1248,nan,nan,nan,nan
87.7330,6.8685,1.0161,0.1325,163.0725,-0.0000,-80.7664,6.9226,0.7863,0.1399,0.2362,-2.9542,48.9698,44.5823,-0.1281,nan,nan,nan,nan
87.7585,6.8685,1.0161,0.1325,163.0725,-0.0000,-80.7664,6.9225,0.7863,0.1399,0.2362,-2.9445,48.9692,44.5809,-0.1270,nan,nan,nan,nan
87.7802,6.8685,1.0161,0.1325,163.0725,-0.0000,-80.7664,6.9225,0.7863,0.1399,0.2362,-2.9414,48.9688,44.5800,-0.1268,nan,nan,nan,nan
87.8052,6.8685,1.0161,0.1325,163.0725,-0.0000,-80.7664,6.9224,0.7862,0.1399,0.2362,-2.9245,48.9675,44.5777,-0.1246,nan,nan,nan,nan
87.8344,6.8685,1.0161,0.1325,163.0725,-0.0001,-80.7664,6.9224,0.7862,0.1400,0.2362,-2.8957,48.9682,44.5760,-0.1283,nan,nan,nan,nan
87.8552,6.8685,1.0161,0.1325,163.0725,-0.0001,-80.7664,6.9223,0.7862,0.1400,0.2362,-2.8680,48.9690,44.5751,-0.1327,nan,nan,nan,nan
87.8762,6.8685,1.0161,0.1325,163.0725,0.0000,-80.7664,6.9221,0.7862,0.1400,0.2363,-2.8395,48.9700,44.5716,-0.1372,nan,nan,nan,nan
87.8993,6.8685,1.0161,0.1325,163.0725,-0.0001,-80.7664,6.9221,0.7861,0.1401,0.2363,-2.8133,48.9703,44.5678,-0.1370,nan,nan,nan,nan
87.9239,6.8685,1.0161,0.1325,163.0725,-0.0000,-80.7664,6.9220,0.7861,0.1401,0.2363,-2.7885,48.9709,44.5641,-0.1324,nan,nan,nan,nan
87.9486,6.8685,1.0161,0.1325,163.0725,-0.0000,-80.7664,6.9218,0.7861,0.1401,0.2363,-2.7585,48.9724,44.5639,-0.1324,nan,nan,nan,nan
87.9690,6.8685,1.0161,0.1325,163.0725,-0.0000,-80.7664,6.9218,0.7861,0.1402,0.2363,-2.7447,48.9727,44.5621,-0.1346,nan,nan,nan,nan
87.9930,6.8685,1.0161,0.1325,163.0725,-0.0000,-80.7665,6.9217,0.7860,0.1402,0.2363,-2.7206,48.9703,44.5612,-0.1375,nan,nan,nan,nan
88.0156,6.8685,1.0161,0.1325,163.0725,0.0001,-80.7665,6.9217,0.7860,0.1402,0.2363,-2.7081,48.9674,44.5640,-0.1394,nan,nan,nan,nan
88.0439,6.8685,1.0161,0.1325,163.0725,0.0000,-80.7664,6.9216,0.7860,0.1402,0.2363,-2.6951,48.9657,44.5676,-0.1392,nan,nan,nan,nan
88.0683,6.8685,1.0161,0.1325,163.0725,-0.0000,-80.7665,6.9215,0.7860,0.1402,0.2363,-2.6803,48.9659,44.5673,-0.1409,nan,nan,nan,nan
88.0937,6.8685,1.0161,0.1325,163.0725,0.0000,-80.7665,6.9215,0.7860,0.1402,0.2363,-2.6728,48.9675,44.5682,-0.1445,nan,nan,nan,nan
88.1139,6.8685,1.0161,0.1325,163.0725,0.0000,-80.7665,6.9215,0.7860,0.1402,0.2363,-2.6725,48.9688,44.5685,-0.1460,nan,nan,nan,nan
88.1365,6.8685,1.0161,0.1325,163.0725,-0.0000,-80.7664,6.9215,0.7860,0.1402,0.2363,-2.6736,48.9708,44.5686,-0.1501,nan,nan,nan,nan
88.1597,6.8685,1.0161,0.1325,163.0725,0.0000,-80.7665,6.9216,0.7860,0.1402,0.2362,-2.6854,48.9727,44.5706,-0.1568,nan,nan,nan,nan
88.1840,6.8685,1.0161,0.1325,163.0725,-0.0000,-80.7665,6.9216,0.7860,0.1402,0.2362,-2.6999,48.9721,44.5707,-0.1610,nan,nan,nan,nan
88.2179,6.8685,1.0161,0.1325,163.0725,0.0000,-80.7665,6.9216,0.7861,0.1402,0.2362,-2.7104,48.9705,44.5725,-0.1611,nan,nan,nan,nan
88.2487,6.8685,1.0161,0.1325,163.0725,0.0000,-80.7665,6.9217,0.7860,0.1402,0.2363,-2.7118,48.9699,44.5697,-0.1596,nan,nan,nan,nan
88.2817,6.8685,1.0161,0.1325,163.0725,0.0000,-80.7665,6.9217,0.7860,0.1402,0.2363,-2.7134,48.9681,44.5617,-0.1582,nan,nan,nan,nan
88.3129,6.8685,1.0161,0.1325,163.0725,-0.0000,-80.7664,6.9217,0.7860,0.1402,0.2363,-2.7154,48.9650,44.5504,-0.1530,nan,nan,nan,nan
88.3407,6.8685,1.0161,0.1325,163.0725,0.0000,-80.7664,6.9217,0.7860,0.1403,0.2364,-2.7206,48.9605,44.5366,-0.1442,nan,nan,nan,nan
88.3624,6.8685,1.0161,0.1325,163.0725,0.0000,-80.7664,6.9218,0.7860,0.1403,0.2364,-2.7227,48.9586,44.5274,-0.1409,nan,nan,nan,nan
88.3833,6.8685,1.0161,0.1325,163.0725,0.0000,-80.7664,6.9218,0.7859,0.1403,0.2364,-2.7236,48.9585,44.5226,-0.1396,nan,nan,nan,nan
88.4141,6.8685,1.0161,0.1325,163.0725,-0.0000,-80.7664,6.9218,0.7859,0.1403,0.2364,-2.7242,48.9582,44.5191,-0.1354,nan,nan,nan,nan
88.4369,6.8685,1.0161,0.1325,163.0725,-0.0000,-80.7664,6.9218,0.7859,0.1403,0.2364,-2.7257,48.9571,44.5191,-0.1320,nan,nan,nan,nan
88.4630,6.8685,1.0161,0.1325,163.0725,0.0000,-80.7665,6.9218,0.7859,0.1403,0.2364,-2.7358,48.9559,44.5229,-0.1222,nan,nan,nan,nan
88.4859,6.8685,1.0161,0.1325,163.0725,-0.0000,-80.7664,6.9219,0.7860,0.1403,0.2364,-2.7435,48.9558,44.5258,-0.1175,nan,nan,nan,nan
88.5082,6.8685,1.0161,0.1325,163.0725,-0.0000,-80.7664,6.9219,0.7860,0.1403,0.2364,-2.7561,48.9559,44.5304,-0.1124,nan,nan,nan,nan
88.5331,6.8685,1.0161,0.1325,163.0725,0.0000,-80.7665,6.9219,0.7860,0.1402,0.2364,-2.7601,48.9561,44.5324,-0.1121,nan,nan,nan,nan
88.5621,6.8685,1.0161,0.1325,163.0725,-0.0000,-80.7665,6.9220,0.7860,0.1402,0.2364,-2.7767,48.9584,44.5384,-0.1104,nan,nan,nan,nan
88.5876,6.8685,1.0161,0.1325,163.0725,-0.0000,-80.7664,6.9220,0.7860,0.1402,0.2363,-2.7963,48.9606,44.5412,-0.1121,nan,nan,nan,nan
88.6229,6.8685,1.0161,0.1325,163.0725,0.0000,-80.7665,6.9221,0.7861,0.1401,0.2363,-2.8113,48.9607,44.5428,-0.1138,nan,nan,nan,nan
88.6488,6.8685,1.0161,0.1325,163.0725,0.0000,-80.7665,6.9221,0.7861,0.1401,0.2363,-2.8168,48.9599,44.5438,-0.1130,nan,nan,nan,nan
88.6710,6.8685,1.0161,0.1325,163.0726,-0.0000,-80.7664,6.9221,0.7861,0.1401,0.2363,-2.8271,48.9597,44.5430,-0.1036,nan,nan,nan,nan
88.6984,6.8685,1.0161,0.1325,163.0725,0.0000,-80.7664,6.9222,0.7861,0.1401,0.2363,-2.8382,48.9604,44.5442,-0.0915,nan,nan,nan,nan
88.7231,6.8685,1.0161,0.1325,163.0725,0.0000,-80.7664,6.9222,0.7861,0.1401,0.2363,-2.8512,48.9621,44.5451,-0.0811,nan,nan,nan,nan
88.7468,6.8685,1.0161,0.1325,163.0725,-0.0000,-80.7664,6.9223,0.7861,0.1401,0.2363,-2.8605,48.9630,44.5440,-0.0784,nan,nan,nan,nan
88.7758,6.8685,1.0161,0.1325,163.0725,-0.0000,-80.7664,6.9223,0.7861,0.1401,0.2363,-2.8731,48.9625,44.5430,-0.0785,nan,nan,nan,nan
88.8034,6.8685,1.0161,0.1325,163.0725,0.0000,-80.7664,6.9224,0.7861,0.1401,0.2363,-2.8865,48.9598,44.5417,-0.0795,nan,nan,nan,nan
88.8251,6.8685,1.0161,0.1325,163.0725,0.0000,-80.7664,6.9224,0.7861,0.1401,0.2364,-2.8911,48.9591,44.5389,-0.0817,nan,nan,nan,nan
88.8513,6.8685,1.0161,0.1325,163.0725,0.0000,-80.7664,6.9224,0.7861,0.1401,0.2364,-2.8936,48.9567,44.5345,-0.0796,nan,nan,nan,nan
88.8794,6.8685,1.0161,0.1325,163.0725,0.0000,-80.7665,6.9224,0.7861,0.1401,0.2364,-2.8928,48.9553,44.5283,-0.0784,nan,nan,nan,nan
88.9144,6.8685,1.0161,0.1325,163.0725,-0.0000,-80.7664,6.9224,0.7861,0.1401,0.2364,-2.8893,48.9541,44.5212,-0.0782,nan,nan,nan,nan
88.9379,6.8685,1.0161,0.1325,163.0725,-0.0000,-80.7664,6.9224,0.7861,0.1401,0.2364,-2.8852,48.9545,44.5185,-0.0771,nan,nan,nan,nan
88.9597,6.8685,1.0161,0.1325,163.0725,-0.0000,-80.7664,6.9224,0.7861,0.1401,0.2364,-2.8771,48.9553,44.5183,-0.0768,nan,nan,nan,nan
88.9903,6.8685,1.0161,0.1325,163.0725,-0.0000,-80.7664,6.9223,0.7860,0.1401,0.2364,-2.8701,48.9563,44.5174,-0.0763,nan,nan,nan,nan
89.0129,6.8685,1.0161,0.1325,163.0725,-0.0000,-80.7664,6.9223,0.7860,0.1402,0.2364,-2.8618,48.9562,44.5180,-0.0717,nan,nan,nan,nan
89.0357,6.8685,1.0161,0.1325,163.0725,-0.0001,-80.7664,6.9223,0.7860,0.1402,0.2364,-2.8525,48.9565,44.5227,-0.0675,nan,nan,nan,nan
89.0668,6.8685,1.0161,0.1325,163.0725,-0.0001,-80.7664,6.9222,0.7861,0.1401,0.2364,-2.8461,48.9602,44.5257,-0.0587,nan,nan,nan,nan
89.0960,6.8685,1.0161,0.1325,163.0725,-0.0000,-80.7664,6.9222,0.7861,0.1401,0.2364,-2.8427,48.9660,44.5267,-0.0455,nan,nan,nan,nan
89.1233,6.8685,1.0161,0.1325,163.0725,0.0000,-80.7664,6.9222,0.7861,0.1401,0.2364,-2.8420,48.9705,44.5284,-0.0327,nan,nan,nan,nan
89.1536,6.8685,1.0161,0.1325,163.0725,-0.0000,-80.7664,6.9222,0.7861,0.1401,0.2364,-2.8386,48.9738,44.5273,-0.0284,nan,nan,nan,nan
89.1740,6.8685,1.0161,0.1325,163.0725,-0.0000,-80.7664,6.9222,0.7861,0.1401,0.2364,-2.8341,48.9750,44.5271,-0.0281,nan,nan,nan,nan
89.1945,6.8685,1.0161,0.1325,163.0725,-0.0001,-80.7664,6.9221,0.7861,0.1401,0.2363,-2.8272,48.9761,44.5296,-0.0248,nan,nan,nan,nan
89.2167,6.8685,1.0161,0.1325,163.0726,-0.0000,-80.7664,6.9221,0.7861,0.1401,0.2363,-2.8262,48.9767,44.5305,-0.0208,nan,nan,nan,nan
89.2464,6.8685,1.0161,0.1325,163.0725,-0.0000,-80.7664,6.9221,0.7861,0.1401,0.2363,-2.8257,48.9776,44.5314,-0.0104,nan,nan,nan,nan
89.2696,6.8685,1.0161,0.1325,163.0725,-0.0000,-80.7664,6.9221,0.7861,0.1401,0.2363,-2.8255,48.9788,44.5308,-0.0068,nan,nan,nan,nan
89.2910,6.8685,1.0161,0.1325,163.0725,0.0000,-80.7664,6.9221,0.7861,0.1401,0.2363,-2.8256,48.9810,44.5282,-0.0005,nan,nan,nan,nan
89.3195,6.8685,1.0161,0.1325,163.0725,0.0000,-80.7664,6.9221,0.7861,0.1401,0.2364,-2.8232,48.9821,44.5248,0.0073,nan,nan,nan,nan
89.3425,6.8685,1.0161,0.1325,163.0725,0.0000,-80.7664,6.9221,0.7860,0.1401,0.2364,-2.8208,48.9819,44.5223,0.0142,nan,nan,nan,nan
89.3685,6.8685,1.0161,0.1325,163.0725,-0.0000,-80.7665,6.9221,0.7860,0.1401,0.2364,-2.8194,48.9819,44.5202,0.0180,nan,nan,nan,nan
89.4016,6.8685,1.0161,0.1325,163.0725,0.0000,-80.7665,6.9221,0.7860,0.1401,0.2364,-2.8179,48.9813,44.5164,0.0198,nan,nan,nan,nan
89.4280,6.8685,1.0161,0.1325,163.0725,-0.0000,-80.7665,6.9221,0.7860,0.1401,0.2364,-2.8148,48.9774,44.5156,0.0223,nan,nan,nan,nan
89.4575,6.8685,1.0161,0.1325,163.0725,0.0000,-80.7665,6.9221,0.7860,0.1401,0.2364,-2.8133,48.9723,44.5182,0.0314,nan,nan,nan,nan
89.4840,6.8685,1.0161,0.1325,163.0725,0.0000,-80.7664,6.9221,0.7860,0.1402,0.2364,-2.8142,48.9689,44.5222,0.0394,nan,nan,nan,nan
89.5077,6.8685,1.0161,0.1325,163.0725,-0.0000,-80.7664,6.9221,0.7860,0.1401,0.2364,-2.8140,48.9671,44.5277,0.0404,nan,nan,nan,nan
89.5377,6.8685,1.0161,0.1325,163.0725,0.0000,-80.7665,6.9221,0.7860,0.1401,0.2364,-2.8097,48.9686,44.5314,0.0447,nan,nan,nan,nan
89.5582,6.8685,1.0161,0.1325,163.0725,0.0000,-80.7665,6.9221,0.7860,0.1401,0.2364,-2.8070,48.9695,44.5312,0.0478,nan,nan,nan,nan
89.5844,6.8685,1.0161,0.1325,163.0725,-0.0000,-80.7665,6.9220,0.7860,0.1402,0.2364,-2.8034,48.9700,44.5290,0.0497,nan,nan,nan,nan
89.6161,6.8685,1.0161,0.1325,163.0725,-0.0000,-80.7665,6.9220,0.7860,0.1402,0.2364,-2.7932,48.9684,44.5238,0.0538,nan,nan,nan,nan
89.6458,6.8685,1.0161,0.1325,163.0725,0.0000,-80.7664,6.9220,0.7860,0.1402,0.2364,-2.7802,48.9693,44.5206,0.0600,nan,nan,nan,nan
89.6792,6.8685,1.0161,0.1325,163.0725,-0.0000,-80.7665,6.9220,0.7860,0.1402,0.2364,-2.7742,48.9692,44.5230,0.0667,nan,nan,nan,nan
89.7034,6.8685,1.0161,0.1325,163.0725,-0.0000,-80.7665,6.9219,0.7860,0.1402,0.2364,-2.7698,48.9703,44.5309,0.0726,nan,nan,nan,nan
89.7297,6.8685,1.0161,0.1325,163.0725,-0.0000,-80.7665,6.9219,0.7860,0.1402,0.2363,-2.7705,48.9708,44.5352,0.0746,nan,nan,nan,nan
89.7501,6.8685,1.0161,0.1325,163.0725,0.0000,-80.7665,6.9219,0.7860,0.1402,0.2363,-2.7729,48.9708,44.5391,0.0741,nan,nan,nan,nan
89.7747,6.8685,1.0161,0.1325,163.0725,0.0000,-80.7665,6.9220,0.7861,0.1401,0.2363,-2.7898,48.9709,44.5497,0.0775,nan,nan,nan,nan
89.8015,6.8685,1.0161,0.1325,163.0725,0.0000,-80.7665,6.9220,0.7861,0.1401,0.2363,-2.8068,48.9702,44.5544,0.0763,nan,nan,nan,nan
89.8225,6.8685,1.0161,0.1325,163.0725,0.0000,-80.7665,6.9221,0.7861,0.1401,0.2363,-2.8240,48.9694,44.5532,0.0754,nan,nan,nan,nan
89.8441,6.8685,1.0161,0.1325,163.0725,-0.0000,-80.7665,6.9221,0.7861,0.1401,0.2363,-2.8338,48.9682,44.5531,0.0759,nan,nan,nan,nan
89.8653,6.8685,1.0161,0.1325,163.0725,-0.0000,-80.7664,6.9222,0.7861,0.1401,0.2363,-2.8457,48.9689,44.5525,0.0785,nan,nan,nan,nan
89.8884,6.8685,1.0161,0.1325,163.0725,-0.0000,-80.7664,6.9222,0.7861,0.1400,0.2363,-2.8579,48.9715,44.5488,0.0783,nan,nan,nan,nan
89.9098,6.8685,1.0161,0.1325,163.0725,-0.0000,-80.7664,6.9223,0.7861,0.1400,0.2363,-2.8620,48.9728,44.5478,0.0784,nan,nan,nan,nan
89.9412,6.8685,1.0161,0.1325,163.0725,0.0000,-80.7664,6.9223,0.7861,0.1400,0.2363,-2.8808,48.9771,44.5414,0.0765,nan,nan,nan,nan
89.9669,6.8685,1.0161,0.1325,163.0725,0.0000,-80.7664,6.9224,0.7861,0.1400,0.2363,-2.8946,48.9786,44.5342,0.0715,nan,nan,nan,nan
89.9893,6.8685,1.0161,0.1325,163.0725,-0.0000,-80.7664,6.9224,0.7861,0.1400,0.2363,-2.8992,48.9790,44.5314,0.0692,nan,nan,nan,nan
90.0241,6.8685,1.0161,0.1325,163.0725,0.0000,-80.7664,6.9225,0.7861,0.1400,0.2364,-2.9240,48.9812,44.5198,0.0555,nan,nan,nan,nan
90.0501,6.8685,1.0161,0.1325,163.0725,0.0000,-80.7664,6.9226,0.7861,0.1400,0.2364,-2.9400,48.9822,44.5152,0.0481,nan,nan,nan,nan
90.0776,6.8685,1.0161,0.1325,163.0725,-0.0000,-80.7664,6.9227,0.7861,0.1399,0.2364,-2.9583,48.9831,44.5121,0.0442,nan,nan,nan,nan
90.1064,6.8685,1.0161,0.1325,163.0725,-0.0000,-80.7665,6.9228,0.7862,0.1399,0.2364,-3.0006,48.9832,44.5073,0.0426,nan,nan,nan,nan
90.1410,6.8685,1.0161,0.1325,163.0725,0.0001,-80.7665,6.9230,0.7862,0.1399,0.2364,-3.0409,48.9843,44.5021,0.0385,nan,nan,nan,nan
90.1699,6.8685,1.0161,0.1325,163.0725,0.0000,-80.7665,6.9231,0.7862,0.1398,0.2364,-3.0711,48.9852,44.5008,0.0312,nan,nan,nan,nan
90.1958,6.8685,1.0161,0.1325,163.0725,-0.0000,-80.7664,6.9232,0.7862,0.1398,0.2364,-3.0909,48.9883,44.5020,0.0292,nan,nan,nan,nan
90.2336,6.8685,1.0161,0.1325,163.0725,0.0001,-80.7664,6.9232,0.7863,0.1398,0.2364,-3.1066,48.9913,44.5045,0.0291,nan,nan,nan,nan
90.2548,6.8685,1.0161,0.1325,163.0725,0.0001,-80.7664,6.9232,0.7863,0.1397,0.2364,-3.1125,48.9943,44.5045,0.0318,nan,nan,nan,nan
90.2751,6.8685,1.0161,0.1325,163.0725,-0.0000,-80.7664,6.9232,0.7863,0.1397,0.2364,-3.1137,48.9955,44.5038,0.0351,nan,nan,nan,nan
90.3025,6.8685,1.0161,0.1325,163.0725,-0.0001,-80.7664,6.9232,0.7863,0.1397,0.2364,-3.1113,48.9967,44.5026,0.0369,nan,nan,nan,nan
90.3278,6.8685,1.0161,0.1325,163.0726,0.0001,-80.7664,6.9232,0.7863,0.1397,0.2364,-3.1005,48.9984,44.5028,0.0358,nan,nan,nan,nan
90.3498,6.8685,1.0161,0.1325,163.0726,0.0001,-80.7664,6.9231,0.7862,0.1398,0.2364,-3.0890,48.9983,44.5039,0.0346,nan,nan,nan,nan
90.3765,6.8685,1.0161,0.1325,163.0725,-0.0000,-80.7664,6.9230,0.7862,0.1398,0.2364,-3.0635,48.9987,44.5051,0.0317,nan,nan,nan,nan
90.4006,6.8685,1.0161,0.1325,163.0725,-0.0000,-80.7665,6.9229,0.7862,0.1398,0.2364,-3.0331,48.9986,44.5076,0.0289,nan,nan,nan,nan
90.4370,6.8685,1.0161,0.1325,163.0725,0.0000,-80.7665,6.9227,0.7862,0.1399,0.2364,-2.9909,48.9970,44.5109,0.0268,nan,nan,nan,nan
90.4699,6.8685,1.0161,0.1325,163.0725,-0.0000,-80.7665,6.9226,0.7861,0.1399,0.2364,-2.9403,48.9990,44.5126,0.0305,nan,nan,nan,nan
90.4977,6.8685,1.0161,0.1325,163.0725,-0.0000,-80.7664,6.9223,0.7861,0.1399,0.2363,-2.8866,49.0035,44.5151,0.0317,nan,nan,nan,nan
90.5181,6.8685,1.0161,0.1325,163.0725,-0.0000,-80.7664,6.9222,0.7861,0.1400,0.2363,-2.8582,49.0050,44.5164,0.0301,nan,nan,nan,nan
90.5385,6.8685,1.0161,0.1325,163.0725,-0.0000,-80.7664,6.9221,0.7861,0.1400,0.2363,-2.8203,49.0071,44.5178,0.0279,nan,nan,nan,nan
90.5654,6.8685,1.0161,0.1325,163.0725,0.0000,-80.7664,6.9219,0.7860,0.1400,0.2363,-2.7875,49.0090,44.5172,0.0249,nan,nan,nan,nan
90.5862,6.8685,1.0161,0.1325,163.0725,0.0000,-80.7664,6.9219,0.7860,0.1401,0.2363,-2.7696,49.0101,44.5168,0.0230,nan,nan,nan,nan
90.6074,6.8685,1.0161,0.1325,163.0725,0.0000,-80.7664,6.9218,0.7860,0.1401,0.2363,-2.7513,49.0108,44.5160,0.0252,nan,nan,nan,nan
90.6347,6.8685,1.0161,0.1325,163.0725,-0.0000,-80.7664,6.9218,0.7860,0.1401,0.2363,-2.7412,49.0124,44.5160,0.0327,nan,nan,nan,nan
90.6595,6.8685,1.0161,0.1325,163.0725,-0.0000,-80.7664,6.9218,0.7860,0.1401,0.2363,-2.7401,49.0146,44.5131,0.0387,nan,nan,nan,nan
90.6815,6.8685,1.0161,0.1325,163.0725,0.0000,-80.7664,6.9218,0.7860,0.1401,0.2363,-2.7423,49.0151,44.5115,0.0405,nan,nan,nan,nan
90.7083,6.8685,1.0161,0.1325,163.0725,-0.0000,-80.7664,6.9219,0.7860,0.1401,0.2363,-2.7603,49.0141,44.5065,0.0462,nan,nan,nan,nan
90.7298,6.8685,1.0161,0.1325,163.0725,-0.0000,-80.7664,6.9219,0.7860,0.1401,0.2364,-2.7721,49.0130,44.5047,0.0482,nan,nan,nan,nan
90.7555,6.8685,1.0161,0.1325,163.0725,-0.0000,-80.7664,6.9220,0.7860,0.1401,0.2364,-2.7908,49.0119,44.5021,0.0542,nan,nan,nan,nan
90.7809,6.8685,1.0161,0.1325,163.0725,-0.0000,-80.7664,6.9220,0.7860,0.1400,0.2364,-2.7982,49.0119,44.5014,0.0562,nan,nan,nan,nan
90.8048,6.8685,1.0161,0.1325,163.0725,-0.0000,-80.7664,6.9221,0.7860,0.1400,0.2364,-2.8149,49.0107,44.5000,0.0565,nan,nan,nan,nan
90.8361,6.8685,1.0161,0.1325,163.0725,-0.0000,-80.7664,6.9221,0.7860,0.1400,0.2364,-2.8312,49.0086,44.4990,0.0592,nan,nan,nan,nan
90.8713,6.8685,1.0161,0.1325,163.0725,0.0000,-80.7664,6.9222,0.7860,0.1400,0.2364,-2.8386,49.0055,44.4989,0.0628,nan,nan,nan,nan
90.8997,6.8685,1.0161,0.1325,163.0725,0.0000,-80.7664,6.9222,0.7860,0.1400,0.2364,-2.8408,49.0040,44.4985,0.0575,nan,nan,nan,nan
90.9222,6.8685,1.0161,0.1325,163.0725,0.0000,-80.7664,6.9222,0.7860,0.1400,0.2364,-2.8410,49.0045,44.4986,0.0566,nan,nan,nan,nan
90.9443,6.8685,1.0161,0.1325,163.0725,0.0000,-80.7665,6.9222,0.7860,0.1400,0.2364,-2.8437,49.0083,44.4976,0.0548,nan,nan,nan,nan
90.9675,6.8685,1.0161,0.1325,163.0725,-0.0000,-80.7665,6.9222,0.7860,0.1400,0.2364,-2.8450,49.0094,44.4985,0.0557,nan,nan,nan,nan
90.9949,6.8685,1.0161,0.1325,163.0725,0.0000,-80.7665,6.9222,0.7860,0.1400,0.2364,-2.8462,49.0103,44.5006,0.0576,nan,nan,nan,nan
91.0236,6.8685,1.0161,0.1325,163.0725,-0.0000,-80.7664,6.9222,0.7861,0.1400,0.2364,-2.8468,49.0122,44.5026,0.0609,nan,nan,nan,nan
91.0485,6.8685,1.0161,0.1325,163.0725,-0.0000,-80.7664,6.9222,0.7861,0.1400,0.2364,-2.8466,49.0124,44.5054,0.0694,nan,nan,nan,nan
91.0723,6.8685,1.0161,0.1325,163.0725,-0.0000,-80.7664,6.9222,0.7861,0.1400,0.2363,-2.8473,49.0116,44.5101,0.0740,nan,nan,nan,nan
91.0984,6.8685,1.0161,0.1325,163.0725,-0.0000,-80.7664,6.9222,0.7861,0.1400,0.2363,-2.8460,49.0120,44.5129,0.0738,nan,nan,nan,nan
91.1224,6.8685,1.0161,0.1325,163.0725,-0.0000,-80.7664,6.9222,0.7861,0.1400,0.2363,-2.8447,49.0120,44.5152,0.0749,nan,nan,nan,nan
91.1504,6.8685,1.0161,0.1325,163.0725,-0.0000,-80.7664,6.9222,0.7861,0.1400,0.2363,-2.8439,49.0117,44.5209,0.0746,nan,nan,nan,nan
91.1786,6.8685,1.0161,0.1325,163.0725,0.0000,-80.7664,6.9222,0.7861,0.1399,0.2363,-2.8499,49.0126,44.5281,0.0776,nan,nan,nan,nan
91.2046,6.8685,1.0161,0.1325,163.0725,0.0000,-80.7664,6.9222,0.7861,0.1399,0.2363,-2.8628,49.0123,44.5330,0.0829,nan,nan,nan,nan
91.2280,6.8685,1.0161,0.1325,163.0725,0.0000,-80.7664,6.9223,0.7861,0.1399,0.2363,-2.8735,49.0119,44.5350,0.0856,nan,nan,nan,nan
91.2620,6.8685,1.0161,0.1325,163.0725,-0.0001,-80.7664,6.9223,0.7862,0.1399,0.2363,-2.8887,49.0104,44.5353,0.0851,nan,nan,nan,nan
91.2960,6.8685,1.0161,0.1325,163.0727,-0.0000,-80.7664,6.9224,0.7862,0.1399,0.2363,-2.9050,49.0067,44.5367,0.0836,nan,nan,nan,nan
91.3261,6.8685,1.0161,0.1325,163.0725,0.0000,-80.7665,6.9224,0.7862,0.1399,0.2363,-2.9176,49.0026,44.5427,0.0830,nan,nan,nan,nan
91.3514,6.8685,1.0161,0.1325,163.0725,0.0000,-80.7665,6.9225,0.7862,0.1399,0.2363,-2.9262,48.9989,44.5474,0.0813,nan,nan,nan,nan
91.3753,6.8685,1.0161,0.1325,163.0725,0.0000,-80.7665,6.9225,0.7862,0.1398,0.2363,-2.9295,48.9977,44.5490,0.0751,nan,nan,nan,nan
91.3988,6.8685,1.0161,0.1325,163.0725,-0.0000,-80.7665,6.9225,0.7862,0.1398,0.2363,-2.9314,48.9975,44.5510,0.0712,nan,nan,nan,nan
91.4291,6.8685,1.0161,0.1325,163.0725,0.0000,-80.7665,6.9225,0.7862,0.1398,0.2363,-2.9319,48.9972,44.5528,0.0623,nan,nan,nan,nan
91.4550,6.8685,1.0161,0.1325,163.0725,0.0000,-80.7665,6.9225,0.7862,0.1398,0.2363,-2.9322,48.9960,44.5543,0.0499,nan,nan,nan,nan
91.4818,6.8685,1.0161,0.1325,163.0725,-0.0000,-80.7665,6.9225,0.7862,0.1398,0.2363,-2.9317,48.9955,44.5546,0.0466,nan,nan,nan,nan
91.5083,6.8685,1.0161,0.1325,163.0725,0.0001,-80.7665,6.9225,0.7862,0.1398,0.2363,-2.9342,48.9942,44.5536,0.0418,nan,nan,nan,nan
91.5333,6.8685,1.0161,0.1325,163.0725,0.0001,-80.7665,6.9225,0.7862,0.1398,0.2363,-2.9367,48.9935,44.5534,0.0411,nan,nan,nan,nan
91.5545,6.8685,1.0161,0.1325,163.0725,-0.0000,-80.7664,6.9225,0.7862,0.1398,0.2363,-2.9393,48.9938,44.5526,0.0357,nan,nan,nan,nan
91.5794,6.8685,1.0161,0.1325,163.0725,-0.0000,-80.7664,6.9225,0.7862,0.1398,0.2363,-2.9387,48.9942,44.5523,0.0291,nan,nan,nan,nan
91.6049,6.8685,1.0161,0.1325,163.0725,-0.0000,-80.7664,6.9225,0.7862,0.1398,0.2363,-2.9383,48.9937,44.5530,0.0228,nan,nan,nan,nan
91.6306,6.8685,1.0161,0.1325,163.0725,0.0000,-80.7665,6.9225,0.7862,0.1398,0.2363,-2.9357,48.9933,44.5561,0.0142,nan,nan,nan,nan
91.6565,6.8685,1.0161,0.1325,163.0725,-0.0000,-80.7665,6.9225,0.7862,0.1398,0.2363,-2.9348,48.9933,44.5578,0.0098,nan,nan,nan,nan
91.6771,6.8685,1.0161,0.1325,163.0725,-0.0000,-80.7665,6.9225,0.7862,0.1398,0.2362,-2.9346,48.9923,44.5596,0.0066,nan,nan,nan,nan
91.6987,6.8685,1.0161,0.1325,163.0725,0.0000,-80.7665,6.9225,0.7862,0.1399,0.2363,-2.9387,48.9888,44.5592,0.0087,nan,nan,nan,nan
91.7234,6.8685,1.0161,0.1325,163.0725,-0.0000,-80.7665,6.9225,0.7862,0.1399,0.2363,-2.9425,48.9880,44.5581,0.0097,nan,nan,nan,nan
91.7591,6.8685,1.0161,0.1325,163.0725,0.0000,-80.7665,6.9225,0.7862,0.1398,0.2363,-2.9484,48.9889,44.5549,0.0086,nan,nan,nan,nan
91.7852,6.8685,1.0161,0.1325,163.0725,0.0000,-80.7665,6.9226,0.7862,0.1399,0.2363,-2.9495,48.9895,44.5526,0.0086,nan,nan,nan,nan
91.8137,6.8685,1.0161,0.1325,163.0725,0.0000,-80.7665,6.9226,0.7862,0.1399,0.2363,-2.9500,48.9894,44.5495,0.0080,nan,nan,nan,nan
91.8348,6.8685,1.0161,0.1325,163.0725,-0.0000,-80.7665,6.9226,0.7862,0.1399,0.2363,-2.9513,48.9892,44.5457,0.0047,nan,nan,nan,nan
91.8600,6.8685,1.0161,0.1325,163.0725,-0.0000,-80.7665,6.9226,0.7862,0.1399,0.2363,-2.9530,48.9898,44.5426,0.0038,nan,nan,nan,nan
91.8809,6.8685,1.0161,0.1325,163.0725,0.0000,-80.7664,6.9226,0.7862,0.1399,0.2363,-2.9573,48.9913,44.5395,0.0029,nan,nan,nan,nan
91.9172,6.8685,1.0161,0.1325,163.0725,-0.0000,-80.7665,6.9227,0.7862,0.1398,0.2363,-2.9721,48.9936,44.5322,0.0019,nan,nan,nan,nan
91.9433,6.8685,1.0161,0.1325,163.0725,-0.0000,-80.7665,6.9227,0.7862,0.1398,0.2363,-2.9887,48.9947,44.5267,-0.0063,nan,nan,nan,nan
91.9701,6.8685,1.0161,0.1325,163.0725,0.0001,-80.7665,6.9228,0.7862,0.1398,0.2363,-2.9954,48.9949,44.5244,-0.0102,nan,nan,nan,nan
92.0024,6.8685,1.0161,0.1325,163.0725,0.0000,-80.7665,6.9229,0.7862,0.1398,0.2363,-3.0276,48.9938,44.5208,-0.0230,nan,nan,nan,nan
92.0282,6.8685,1.0161,0.1325,163.0725,0.0000,-80.7665,6.9230,0.7862,0.1398,0.2363,-3.0521,48.9922,44.5201,-0.0316,nan,nan,nan,nan
92.0507,6.8685,1.0161,0.1325,163.0725,0.0000,-80.7665,6.9230,0.7863,0.1398,0.2364,-3.0659,48.9923,44.5175,-0.0363,nan,nan,nan,nan
92.0751,6.8685,1.0161,0.1325,163.0725,-0.0000,-80.7665,6.9231,0.7863,0.1398,0.2364,-3.0869,48.9921,44.5152,-0.0448,nan,nan,nan,nan
92.0993,6.8685,1.0161,0.1325,163.0725,0.0000,-80.7664,6.9232,0.7863,0.1397,0.2364,-3.0986,48.9914,44.5166,-0.0506,nan,nan,nan,nan
92.1247,6.8685,1.0161,0.1325,163.0726,0.0001,-80.7665,6.9232,0.7863,0.1397,0.2364,-3.1110,48.9936,44.5156,-0.0541,nan,nan,nan,nan
92.1447,6.8685,1.0161,0.1325,163.0726,0.0001,-80.7665,6.9232,0.7863,0.1397,0.2364,-3.1161,48.9948,44.5131,-0.0550,nan,nan,nan,nan
92.1656,6.8685,1.0161,0.1325,163.0725,0.0000,-80.7665,6.9232,0.7863,0.1397,0.2364,-3.1207,48.9976,44.5100,-0.0556,nan,nan,nan,nan
92.1944,6.8685,1.0161,0.1325,163.0725,0.0000,-80.7665,6.9233,0.7863,0.1397,0.2364,-3.1256,48.9995,44.5086,-0.0555,nan,nan,nan,nan
92.2201,6.8685,1.0161,0.1325,163.0725,-0.0000,-80.7665,6.9233,0.7863,0.1397,0.2364,-3.1269,49.0008,44.5095,-0.0522,nan,nan,nan,nan
92.2422,6.8685,1.0161,0.1325,163.0725,-0.0000,-80.7665,6.9233,0.7863,0.1397,0.2364,-3.1257,49.0030,44.5111,-0.0497,nan,nan,nan,nan
92.2679,6.8685,1.0161,0.1325,163.0725,-0.0000,-80.7665,6.9232,0.7863,0.1397,0.2363,-3.1170,49.0082,44.5159,-0.0482,nan,nan,nan,nan
92.2919,6.8685,1.0161,0.1325,163.0725,0.0000,-80.7665,6.9232,0.7863,0.1397,0.2363,-3.1056,49.0101,44.5176,-0.0501,nan,nan,nan,nan
92.3188,6.8685,1.0161,0.1325,163.0725,-0.0000,-80.7665,6.9231,0.7863,0.1397,0.2363,-3.0884,49.0106,44.5198,-0.0532,nan,nan,nan,nan
92.3398,6.8685,1.0161,0.1325,163.0725,-0.0000,-80.7665,6.9230,0.7863,0.1397,0.2363,-3.0752,49.0103,44.5209,-0.0548,nan,nan,nan,nan
92.3644,6.8685,1.0161,0.1325,163.0725,0.0000,-80.7665,6.9229,0.7863,0.1397,0.2363,-3.0561,49.0108,44.5226,-0.0540,nan,nan,nan,nan
92.3872,6.8685,1.0161,0.1325,163.0725,-0.0000,-80.7665,6.9229,0.7863,0.1397,0.2363,-3.0435,49.0125,44.5212,-0.0533,nan,nan,nan,nan
92.4200,6.8685,1.0161,0.1325,163.0725,-0.0001,-80.7664,6.9229,0.7863,0.1397,0.2363,-3.0322,49.0156,44.5186,-0.0618,nan,nan,nan,nan
92.4510,6.8685,1.0161,0.1325,163.0725,-0.0000,-80.7664,6.9229,0.7862,0.1397,0.2363,-3.0265,49.0187,44.5167,-0.0725,nan,nan,nan,nan
92.4825,6.8685,1.0161,0.1325,163.0725,0.0001,-80.7665,6.9228,0.7862,0.1397,0.2363,-3.0221,49.0185,44.5158,-0.0809,nan,nan,nan,nan
92.5052,6.8685,1.0161,0.1325,163.0725,0.0001,-80.7665,6.9228,0.7862,0.1397,0.2363,-3.0210,49.0190,44.5165,-0.0803,nan,nan,nan,nan
92.5282,6.8685,1.0161,0.1325,163.0725,-0.0000,-80.7664,6.9228,0.7862,0.1397,0.2363,-3.0204,49.0190,44.5163,-0.0780,nan,nan,nan,nan
92.5513,6.8685,1.0161,0.1325,163.0725,0.0000,-80.7664,6.9228,0.7862,0.1397,0.2363,-3.0198,49.0171,44.5169,-0.0772,nan,nan,nan,nan
92.5878,6.8685,1.0161,0.1325,163.0729,-0.0001,-80.7664,6.9228,0.7862,0.1397,0.2363,-3.0203,49.0139,44.5178,-0.0797,nan,nan,nan,nan
92.6097,6.8685,1.0161,0.1325,163.0729,-0.0001,-80.7664,6.9228,0.7862,0.1397,0.2363,-3.0192,49.0134,44.5182,-0.0807,nan,nan,nan,nan
92.6308,6.8685,1.0161,0.1325,163.0725,-0.0000,-80.7665,6.9228,0.7862,0.1397,0.2363,-3.0142,49.0131,44.5191,-0.0832,nan,nan,nan,nan
92.6630,6.8685,1.0161,0.1325,163.0725,0.0000,-80.7664,6.9228,0.7862,0.1398,0.2363,-3.0010,49.0140,44.5202,-0.0825,nan,nan,nan,nan
92.6921,6.8685,1.0161,0.1325,163.0725,-0.0000,-80.7664,6.9227,0.7862,0.1398,0.2363,-2.9768,49.0152,44.5216,-0.0871,nan,nan,nan,nan
92.7129,6.8685,1.0161,0.1325,163.0725,-0.0000,-80.7664,6.9226,0.7862,0.1398,0.2363,-2.9622,49.0158,44.5236,-0.0891,nan,nan,nan,nan
92.7344,6.8685,1.0161,0.1325,163.0725,-0.0000,-80.7664,6.9225,0.7862,0.1398,0.2363,-2.9389,49.0163,44.5253,-0.0885,nan,nan,nan,nan
92.7626,6.8685,1.0161,0.1325,163.0725,-0.0001,-80.7665,6.9224,0.7862,0.1398,0.2363,-2.9155,49.0175,44.5246,-0.0856,nan,nan,nan,nan
92.7929,6.8685,1.0161,0.1325,163.0725,-0.0000,-80.7665,6.9223,0.7861,0.1399,0.2363,-2.8813,49.0197,44.5212,-0.0799,nan,nan,nan,nan
92.8189,6.8685,1.0161,0.1325,163.0725,-0.0000,-80.7665,6.9222,0.7861,0.1399,0.2363,-2.8531,49.0216,44.5170,-0.0744,nan,nan,nan,nan
92.8390,6.8685,1.0161,0.1325,163.0725,0.0000,-80.7665,6.9221,0.7861,0.1399,0.2363,-2.8327,49.0231,44.5126,-0.0707,nan,nan,nan,nan
92.8597,6.8685,1.0161,0.1325,163.0725,-0.0000,-80.7664,6.9220,0.7860,0.1400,0.2363,-2.8019,49.0235,44.5062,-0.0655,nan,nan,nan,nan
92.8859,6.8685,1.0161,0.1325,163.0725,-0.0000,-80.7664,6.9219,0.7860,0.1400,0.2364,-2.7824,49.0240,44.5022,-0.0630,nan,nan,nan,nan
92.9114,6.8685,1.0161,0.1325,163.0725,-0.0000,-80.7664,6.9218,0.7860,0.1401,0.2364,-2.7550,49.0241,44.4979,-0.0608,nan,nan,nan,nan
92.9399,6.8685,1.0161,0.1325,163.0725,-0.0001,-80.7664,6.9217,0.7859,0.1401,0.2364,-2.7301,49.0253,44.4925,-0.0584,nan,nan,nan,nan
92.9659,6.8685,1.0161,0.1325,163.0725,-0.0001,-80.7664,6.9217,0.7859,0.1401,0.2364,-2.7167,49.0247,44.4895,-0.0581,nan,nan,nan,nan
92.9931,6.8685,1.0161,0.1325,163.0725,0.0000,-80.7664,6.9216,0.7859,0.1401,0.2364,-2.7064,49.0238,44.4877,-0.0575,nan,nan,nan,nan
93.0203,6.8685,1.0161,0.1325,163.0725,-0.0000,-80.7664,6.9216,0.7859,0.1401,0.2364,-2.7001,49.0226,44.4896,-0.0613,nan,nan,nan,nan
93.0419,6.8685,1.0161,0.1325,163.0725,-0.0000,-80.7664,6.9217,0.7859,0.1401,0.2364,-2.7022,49.0219,44.4907,-0.0651,nan,nan,nan,nan
93.0683,6.8685,1.0161,0.1325,163.0725,0.0000,-80.7664,6.9217,0.7859,0.1401,0.2364,-2.7080,49.0210,44.4905,-0.0672,nan,nan,nan,nan
93.0960,6.8685,1.0161,0.1325,163.0725,-0.0000,-80.7664,6.9217,0.7859,0.1401,0.2364,-2.7239,49.0193,44.4907,-0.0697,nan,nan,nan,nan
93.1260,6.8685,1.0161,0.1325,163.0725,0.0000,-80.7664,6.9218,0.7859,0.1401,0.2364,-2.7359,49.0180,44.4928,-0.0708,nan,nan,nan,nan
93.1473,6.8685,1.0161,0.1325,163.0725,0.0000,-80.7664,6.9218,0.7860,0.1401,0.2364,-2.7429,49.0152,44.4948,-0.0720,nan,nan,nan,nan
93.1742,6.8685,1.0161,0.1325,163.0725,0.0000,-80.7664,6.9218,0.7860,0.1401,0.2364,-2.7458,49.0140,44.4957,-0.0730,nan,nan,nan,nan
93.2092,6.8685,1.0161,0.1325,163.0725,-0.0000,-80.7664,6.9219,0.7860,0.1401,0.2364,-2.7598,49.0073,44.5011,-0.0764,nan,nan,nan,nan
93.2346,6.8685,1.0161,0.1325,163.0725,0.0000,-80.7664,6.9219,0.7860,0.1401,0.2364,-2.7722,49.0034,44.5003,-0.0704,nan,nan,nan,nan
93.2677,6.8685,1.0161,0.1325,163.0725,-0.0000,-80.7664,6.9219,0.7860,0.1401,0.2364,-2.7776,49.0032,44.4920,-0.0592,nan,nan,nan,nan
93.2947,6.8685,1.0161,0.1325,163.0725,-0.0000,-80.7664,6.9219,0.7859,0.1401,0.2364,-2.7697,49.0041,44.4854,-0.0404,nan,nan,nan,nan
93.3274,6.8685,1.0161,0.1325,163.0725,0.0000,-80.7664,6.9219,0.7859,0.1402,0.2364,-2.7544,49.0061,44.4792,-0.0311,nan,nan,nan,nan
93.3572,6.8685,1.0161,0.1325,163.0725,0.0000,-80.7664,6.9218,0.7859,0.1402,0.2364,-2.7358,49.0075,44.4728,-0.0331,nan,nan,nan,nan
93.3780,6.8685,1.0161,0.1325,163.0725,0.0000,-80.7664,6.9218,0.7859,0.1402,0.2364,-2.7263,49.0073,44.4713,-0.0361,nan,nan,nan,nan
93.4008,6.8685,1.0161,0.1325,163.0725,0.0000,-80.7664,6.9217,0.7859,0.1402,0.2365,-2.7089,49.0072,44.4698,-0.0386,nan,nan,nan,nan
93.4212,6.8685,1.0161,0.1325,163.0725,-0.0000,-80.7664,6.9216,0.7858,0.1403,0.2365,-2.6875,49.0070,44.4683,-0.0393,nan,nan,nan,nan
93.4549,6.8685,1.0161,0.1325,163.0725,-0.0001,-80.7664,6.9215,0.7858,0.1403,0.2365,-2.6594,49.0084,44.4652,-0.0433,nan,nan,nan,nan
93.4792,6.8685,1.0161,0.1325,163.0725,-0.0000,-80.7664,6.9214,0.7858,0.1403,0.2365,-2.6292,49.0086,44.4607,-0.0368,nan,nan,nan,nan
93.5134,6.8685,1.0161,0.1325,163.0725,-0.0001,-80.7664,6.9213,0.7857,0.1404,0.2365,-2.5944,49.0082,44.4541,-0.0252,nan,nan,nan,nan
93.5361,6.8685,1.0161,0.1325,163.0725,-0.0001,-80.7664,6.9212,0.7857,0.1404,0.2365,-2.5747,49.0072,44.4523,-0.0167,nan,nan,nan,nan
93.5639,6.8685,1.0161,0.1325,163.0725,0.0000,-80.7664,6.9210,0.7857,0.1405,0.2365,-2.5321,49.0059,44.4523,-0.0007,nan,nan,nan,nan
93.5839,6.8685,1.0161,0.1325,163.0725,-0.0000,-80.7664,6.9210,0.7857,0.1405,0.2365,-2.5079,49.0052,44.4542,0.0040,nan,nan,nan,nan
93.6051,6.8685,1.0161,0.1325,163.0725,-0.0000,-80.7664,6.9208,0.7856,0.1406,0.2365,-2.4823,49.0051,44.4537,0.0078,nan,nan,nan,nan
93.6283,6.8685,1.0161,0.1325,163.0725,-0.0000,-80.7664,6.9207,0.7856,0.1406,0.2365,-2.4431,49.0049,44.4524,0.0104,nan,nan,nan,nan
93.6581,6.8685,1.0161,0.1325,163.0725,0.0000,-80.7665,6.9206,0.7856,0.1406,0.2365,-2.4081,49.0051,44.4524,0.0092,nan,nan,nan,nan
93.6869,6.8685,1.0161,0.1325,163.0725,-0.0000,-80.7664,6.9205,0.7855,0.1407,0.2365,-2.3754,49.0062,44.4524,0.0076,nan,nan,nan,nan
93.7105,6.8685,1.0161,0.1325,163.0727,-0.0000,-80.7664,6.9204,0.7855,0.1407,0.2365,-2.3659,49.0097,44.4547,0.0044,nan,nan,nan,nan
93.7360,6.8685,1.0161,0.1325,163.0725,-0.0000,-80.7665,6.9204,0.7856,0.1406,0.2365,-2.3662,49.0138,44.4579,0.0071,nan,nan,nan,nan
93.7567,6.8685,1.0161,0.1325,163.0725,-0.0000,-80.7665,6.9204,0.7856,0.1406,0.2365,-2.3647,49.0157,44.4597,0.0105,nan,nan,nan,nan
93.7769,6.8685,1.0161,0.1325,163.0725,-0.0000,-80.7665,6.9204,0.7856,0.1406,0.2365,-2.3611,49.0167,44.4605,0.0147,nan,nan,nan,nan
93.8024,6.8685,1.0161,0.1325,163.0725,-0.0001,-80.7664,6.9204,0.7856,0.1406,0.2365,-2.3546,49.0153,44.4614,0.0175,nan,nan,nan,nan
93.8366,6.8685,1.0161,0.1325,163.0727,-0.0000,-80.7664,6.9203,0.7856,0.1406,0.2365,-2.3524,49.0157,44.4618,0.0160,nan,nan,nan,nan
93.8643,6.8685,1.0161,0.1325,163.0725,0.0000,-80.7665,6.9204,0.7855,0.1406,0.2365,-2.3538,49.0146,44.4584,0.0166,nan,nan,nan,nan
93.8872,6.8685,1.0161,0.1325,163.0725,0.0000,-80.7665,6.9204,0.7855,0.1407,0.2365,-2.3612,49.0108,44.4544,0.0198,nan,nan,nan,nan
93.9128,6.8685,1.0161,0.1325,163.0725,0.0000,-80.7664,6.9205,0.7856,0.1406,0.2365,-2.3824,49.0087,44.4556,0.0250,nan,nan,nan,nan
93.9338,6.8685,1.0161,0.1325,163.0725,0.0000,-80.7664,6.9205,0.7856,0.1406,0.2365,-2.3942,49.0092,44.4582,0.0253,nan,nan,nan,nan
93.9550,6.8685,1.0161,0.1325,163.0725,-0.0000,-80.7665,6.9206,0.7856,0.1406,0.2365,-2.4103,49.0100,44.4647,0.0239,nan,nan,nan,nan
93.9837,6.8685,1.0161,0.1325,163.0725,0.0000,-80.7664,6.9206,0.7856,0.1405,0.2364,-2.4274,49.0115,44.4708,0.0198,nan,nan,nan,nan
94.0057,6.8685,1.0161,0.1325,163.0725,0.0000,-80.7664,6.9207,0.7857,0.1405,0.2364,-2.4377,49.0127,44.4749,0.0161,nan,nan,nan,nan
94.0278,6.8685,1.0161,0.1325,163.0725,-0.0000,-80.7664,6.9207,0.7857,0.1405,0.2364,-2.4568,49.0141,44.4854,0.0090,nan,nan,nan,nan
94.0525,6.8685,1.0161,0.1325,163.0725,0.0000,-80.7664,6.9208,0.7857,0.1404,0.2364,-2.4695,49.0163,44.4877,0.0096,nan,nan,nan,nan
94.0874,6.8685,1.0161,0.1325,163.0725,-0.0000,-80.7664,6.9208,0.7857,0.1404,0.2364,-2.4845,49.0177,44.4887,0.0095,nan,nan,nan,nan
94.1199,6.8685,1.0161,0.1325,163.0725,-0.0000,-80.7664,6.9209,0.7857,0.1404,0.2364,-2.5023,49.0178,44.4880,0.0043,nan,nan,nan,nan
94.1554,6.8685,1.0161,0.1325,163.0725,0.0000,-80.7664,6.9209,0.7857,0.1404,0.2364,-2.5114,49.0155,44.4813,-0.0051,nan,nan,nan,nan
94.1854,6.8685,1.0161,0.1325,163.0725,-0.0000,-80.7665,6.9210,0.7857,0.1404,0.2364,-2.5215,49.0121,44.4767,-0.0046,nan,nan,nan,nan
94.2170,6.8685,1.0161,0.1325,163.0727,0.0000,-80.7664,6.9210,0.7857,0.1404,0.2364,-2.5289,49.0109,44.4726,-0.0005,nan,nan,nan,nan
94.2523,6.8685,1.0161,0.1325,163.0725,-0.0000,-80.7664,6.9210,0.7857,0.1404,0.2364,-2.5313,49.0087,44.4705,0.0067,nan,nan,nan,nan
94.2777,6.8685,1.0161,0.1325,163.0725,-0.0000,-80.7664,6.9210,0.7857,0.1404,0.2364,-2.5333,49.0055,44.4736,0.0179,nan,nan,nan,nan
94.2996,6.8685,1.0161,0.1325,163.0725,-0.0000,-80.7664,6.9210,0.7857,0.1404,0.2364,-2.5339,49.0044,44.4759,0.0267,nan,nan,nan,nan
94.3262,6.8685,1.0161,0.1325,163.0725,0.0000,-80.7665,6.9210,0.7857,0.1404,0.2364,-2.5349,49.0038,44.4759,0.0301,nan,nan,nan,nan
94.3567,6.8685,1.0161,0.1325,163.0725,0.0000,-80.7665,6.9211,0.7857,0.1404,0.2364,-2.5424,49.0005,44.4741,0.0379,nan,nan,nan,nan
94.3868,6.8685,1.0161,0.1325,163.0725,0.0000,-80.7665,6.9211,0.7857,0.1405,0.2365,-2.5464,48.9966,44.4698,0.0437,nan,nan,nan,nan
94.4084,6.8685,1.0161,0.1325,163.0725,0.0000,-80.7665,6.9211,0.7857,0.1405,0.2365,-2.5481,48.9936,44.4673,0.0462,nan,nan,nan,nan
94.4298,6.8685,1.0161,0.1325,163.0725,0.0000,-80.7665,6.9211,0.7857,0.1405,0.2365,-2.5486,48.9934,44.4662,0.0461,nan,nan,nan,nan
94.4581,6.8685,1.0161,0.1325,163.0725,-0.0000,-80.7664,6.9211,0.7857,0.1405,0.2365,-2.5526,48.9908,44.4665,0.0448,nan,nan,nan,nan
94.4801,6.8685,1.0161,0.1325,163.0725,-0.0000,-80.7664,6.9211,0.7857,0.1405,0.2365,-2.5555,48.9898,44.4663,0.0458,nan,nan,nan,nan
94.5038,6.8685,1.0161,0.1325,163.0725,0.0000,-80.7664,6.9212,0.7857,0.1405,0.2365,-2.5592,48.9895,44.4656,0.0468,nan,nan,nan,nan
94.5254,6.8685,1.0161,0.1325,163.0725,-0.0000,-80.7664,6.9212,0.7857,0.1405,0.2365,-2.5685,48.9881,44.4654,0.0483,nan,nan,nan,nan
94.5466,6.8685,1.0161,0.1325,163.0725,-0.0000,-80.7664,6.9212,0.7857,0.1405,0.2365,-2.5798,48.9868,44.4681,0.0502,nan,nan,nan,nan
94.5733,6.8685,1.0161,0.1325,163.0725,-0.0000,-80.7664,6.9213,0.7857,0.1405,0.2365,-2.5839,48.9865,44.4694,0.0500,nan,nan,nan,nan
94.6011,6.8685,1.0161,0.1325,163.0725,-0.0000,-80.7664,6.9213,0.7858,0.1404,0.2365,-2.6016,48.9851,44.4730,0.0467,nan,nan,nan,nan
94.6344,6.8685,1.0161,0.1325,163.0725,-0.0000,-80.7664,6.9214,0.7858,0.1404,0.2365,-2.6206,48.9834,44.4778,0.0431,nan,nan,nan,nan
94.6668,6.8685,1.0161,0.1325,163.0725,0.0000,-80.7665,6.9214,0.7858,0.1404,0.2365,-2.6329,48.9822,44.4816,0.0406,nan,nan,nan,nan
94.6897,6.8685,1.0161,0.1325,163.0725,0.0000,-80.7665,6.9214,0.7858,0.1404,0.2364,-2.6346,48.9824,44.4839,0.0422,nan,nan,nan,nan
94.7119,6.8685,1.0161,0.1325,163.0725,-0.0000,-80.7665,6.9214,0.7858,0.1404,0.2364,-2.6345,48.9838,44.4870,0.0417,nan,nan,nan,nan
94.7374,6.8685,1.0161,0.1325,163.0725,0.0000,-80.7664,6.9214,0.7858,0.1404,0.2364,-2.6309,48.9855,44.4872,0.0385,nan,nan,nan,nan
94.7629,6.8685,1.0161,0.1325,163.0725,0.0000,-80.7664,6.9214,0.7858,0.1404,0.2364,-2.6259,48.9865,44.4884,0.0331,nan,nan,nan,nan
94.7857,6.8685,1.0161,0.1325,163.0725,-0.0001,-80.7664,6.9214,0.7858,0.1404,0.2364,-2.6237,48.9867,44.4890,0.0299,nan,nan,nan,nan
94.8066,6.8685,1.0161,0.1325,163.0725,-0.0000,-80.7664,6.9214,0.7858,0.1404,0.2364,-2.6261,48.9884,44.4890,0.0203,nan,nan,nan,nan
94.8406,6.8685,1.0161,0.1325,163.0725,-0.0000,-80.7664,6.9214,0.7858,0.1404,0.2364,-2.6355,48.9891,44.4893,0.0089,nan,nan,nan,nan
94.8641,6.8685,1.0161,0.1325,163.0725,-0.0000,-80.7664,6.9215,0.7858,0.1403,0.2364,-2.6486,48.9882,44.4887,0.0015,nan,nan,nan,nan
94.8869,6.8685,1.0161,0.1325,163.0725,-0.0000,-80.7664,6.9215,0.7858,0.1403,0.2364,-2.6616,48.9864,44.4872,-0.0034,nan,nan,nan,nan
94.9091,6.8685,1.0161,0.1325,163.0725,-0.0000,-80.7664,6.9216,0.7858,0.1403,0.2364,-2.6694,48.9851,44.4864,-0.0051,nan,nan,nan,nan
94.9388,6.8685,1.0161,0.1325,163.0725,-0.0000,-80.7664,6.9216,0.7858,0.1403,0.2364,-2.6842,48.9856,44.4841,-0.0090,nan,nan,nan,nan
94.9622,6.8685,1.0161,0.1325,163.0725,-0.0000,-80.7664,6.9217,0.7859,0.1403,0.2364,-2.6920,48.9866,44.4845,-0.0139,nan,nan,nan,nan
94.9831,6.8685,1.0161,0.1325,163.0725,-0.0001,-80.7664,6.9217,0.7859,0.1403,0.2364,-2.7084,48.9888,44.4845,-0.0173,nan,nan,nan,nan
95.0138,6.8685,1.0161,0.1325,163.0725,0.0001,-80.7664,6.9218,0.7859,0.1402,0.2364,-2.7310,48.9913,44.4849,-0.0164,nan,nan,nan,nan
95.0439,6.8685,1.0161,0.1325,163.0725,-0.0000,-80.7664,6.9219,0.7859,0.1402,0.2364,-2.7684,48.9927,44.4855,-0.0152,nan,nan,nan,nan
95.0735,6.8685,1.0161,0.1325,163.0725,0.0000,-80.7665,6.9221,0.7860,0.1401,0.2364,-2.8154,48.9905,44.4849,-0.0130,nan,nan,nan,nan
95.1102,6.8685,1.0161,0.1325,163.0725,0.0001,-80.7665,6.9223,0.7860,0.1401,0.2364,-2.8712,48.9890,44.4863,-0.0119,nan,nan,nan,nan
95.1353,6.8685,1.0161,0.1325,163.0725,0.0001,-80.7665,6.9225,0.7861,0.1400,0.2364,-2.9166,48.9881,44.4877,-0.0134,nan,nan,nan,nan
95.1577,6.8685,1.0161,0.1325,163.0725,0.0000,-80.7665,6.9226,0.7861,0.1400,0.2364,-2.9314,48.9884,44.4874,-0.0138,nan,nan,nan,nan
95.1780,6.8685,1.0161,0.1325,163.0726,0.0000,-80.7665,6.9228,0.7861,0.1399,0.2364,-2.9877,48.9886,44.4883,-0.0152,nan,nan,nan,nan
95.2057,6.8685,1.0161,0.1325,163.0725,0.0000,-80.7665,6.9230,0.7862,0.1399,0.2364,-3.0372,48.9881,44.4887,-0.0171,nan,nan,nan,nan
95.2411,6.8685,1.0161,0.1325,163.0725,0.0000,-80.7665,6.9231,0.7862,0.1398,0.2364,-3.0775,48.9883,44.4841,-0.0199,nan,nan,nan,nan
95.2628,6.8685,1.0161,0.1325,163.0725,0.0000,-80.7665,6.9232,0.7862,0.1398,0.2365,-3.1020,48.9887,44.4800,-0.0240,nan,nan,nan,nan
95.2828,6.8685,1.0161,0.1325,163.0725,0.0001,-80.7665,6.9233,0.7862,0.1398,0.2365,-3.1160,48.9898,44.4768,-0.0271,nan,nan,nan,nan
95.3064,6.8685,1.0161,0.1325,163.0725,-0.0000,-80.7664,6.9233,0.7862,0.1398,0.2365,-3.1308,48.9911,44.4727,-0.0304,nan,nan,nan,nan
95.3328,6.8685,1.0161,0.1325,163.0725,-0.0000,-80.7664,6.9234,0.7862,0.1398,0.2365,-3.1386,48.9918,44.4683,-0.0282,nan,nan,nan,nan
95.3578,6.8685,1.0161,0.1325,163.0725,0.0000,-80.7664,6.9234,0.7862,0.1398,0.2365,-3.1390,48.9914,44.4673,-0.0271,nan,nan,nan,nan
95.3854,6.8685,1.0161,0.1325,163.0725,-0.0000,-80.7664,6.9234,0.7862,0.1398,0.2365,-3.1335,48.9884,44.4682,-0.0219,nan,nan,nan,nan
95.4107,6.8685,1.0161,0.1325,163.0725,-0.0000,-80.7664,6.9233,0.7862,0.1398,0.2365,-3.1242,48.9864,44.4702,-0.0219,nan,nan,nan,nan
95.4337,6.8685,1.0161,0.1325,163.0725,0.0000,-80.7664,6.9233,0.7862,0.1398,0.2365,-3.1165,48.9853,44.4728,-0.0233,nan,nan,nan,nan
95.4568,6.8685,1.0161,0.1325,163.0725,0.0001,-80.7664,6.9232,0.7862,0.1398,0.2365,-3.1052,48.9844,44.4769,-0.0244,nan,nan,nan,nan
95.4777,6.8685,1.0161,0.1325,163.0725,-0.0001,-80.7664,6.9232,0.7862,0.1399,0.2365,-3.0923,48.9852,44.4763,-0.0234,nan,nan,nan,nan
95.5013,6.8685,1.0161,0.1325,163.0725,-0.0001,-80.7664,6.9232,0.7862,0.1399,0.2365,-3.0897,48.9852,44.4760,-0.0259,nan,nan,nan,nan
95.5274,6.8685,1.0161,0.1325,163.0725,-0.0000,-80.7664,6.9232,0.7862,0.1399,0.2365,-3.0900,48.9844,44.4777,-0.0301,nan,nan,nan,nan
95.5596,6.8685,1.0161,0.1325,163.0725,-0.0000,-80.7664,6.9232,0.7862,0.1398,0.2365,-3.0913,48.9834,44.4813,-0.0335,nan,nan,nan,nan
95.5816,6.8685,1.0161,0.1325,163.0725,-0.0000,-80.7664,6.9232,0.7862,0.1398,0.2365,-3.0912,48.9831,44.4828,-0.0369,nan,nan,nan,nan
95.6076,6.8685,1.0161,0.1325,163.0725,-0.0000,-80.7665,6.9232,0.7862,0.1398,0.2364,-3.0902,48.9831,44.4886,-0.0396,nan,nan,nan,nan
95.6341,6.8685,1.0161,0.1325,163.0725,-0.0000,-80.7665,6.9232,0.7862,0.1398,0.2364,-3.0893,48.9834,44.4910,-0.0410,nan,nan,nan,nan
95.6639,6.8685,1.0161,0.1325,163.0725,-0.0000,-80.7665,6.9232,0.7862,0.1398,0.2364,-3.0857,48.9850,44.4937,-0.0421,nan,nan,nan,nan
95.6897,6.8685,1.0161,0.1325,163.0725,-0.0000,-80.7665,6.9231,0.7862,0.1398,0.2364,-3.0825,48.9860,44.4941,-0.0409,nan,nan,nan,nan
95.7150,6.8685,1.0161,0.1325,163.0725,-0.0000,-80.7665,6.9231,0.7862,0.1398,0.2364,-3.0678,48.9852,44.4926,-0.0426,nan,nan,nan,nan
95.7364,6.8685,1.0161,0.1325,163.0725,0.0000,-80.7665,6.9231,0.7862,0.1399,0.2364,-3.0584,48.9848,44.4914,-0.0428,nan,nan,nan,nan
95.7573,6.8685,1.0161,0.1325,163.0725,0.0000,-80.7665,6.9230,0.7862,0.1399,0.2364,-3.0466,48.9850,44.4912,-0.0423,nan,nan,nan,nan
95.7780,6.8685,1.0161,0.1325,163.0725,-0.0000,-80.7664,6.9229,0.7862,0.1399,0.2364,-3.0322,48.9848,44.4920,-0.0379,nan,nan,nan,nan
95.8123,6.8685,1.0161,0.1325,163.0725,-0.0000,-80.7664,6.9228,0.7861,0.1399,0.2364,-3.0031,48.9854,44.4901,-0.0265,nan,nan,nan,nan
95.8340,6.8685,1.0161,0.1325,163.0725,-0.0000,-80.7664,6.9228,0.7861,0.1400,0.2364,-2.9895,48.9853,44.4882,-0.0215,nan,nan,nan,nan
95.8596,6.8685,1.0161,0.1325,163.0725,-0.0000,-80.7664,6.9227,0.7861,0.1400,0.2364,-2.9732,48.9842,44.4853,-0.0121,nan,nan,nan,nan
95.8870,6.8685,1.0161,0.1325,163.0725,-0.0000,-80.7664,6.9227,0.7861,0.1400,0.2365,-2.9589,48.9830,44.4831,-0.0001,nan,nan,nan,nan
95.9158,6.8685,1.0161,0.1325,163.0725,0.0000,-80.7664,6.9226,0.7861,0.1400,0.2365,-2.9391,48.9824,44.4810,0.0084,nan,nan,nan,nan
95.9399,6.8685,1.0161,0.1325,163.0725,0.0000,-80.7664,6.9225,0.7860,0.1401,0.2365,-2.9210,48.9816,44.4807,0.0135,nan,nan,nan,nan
95.9658,6.8685,1.0161,0.1325,163.0725,-0.0000,-80.7664,6.9225,0.7860,0.1401,0.2365,-2.9142,48.9814,44.4798,0.0145,nan,nan,nan,nan
95.9878,6.8685,1.0161,0.1325,163.0725,-0.0000,-80.7664,6.9224,0.7860,0.1401,0.2365,-2.8858,48.9804,44.4752,0.0189,nan,nan,nan,nan
96.0137,6.8685,1.0161,0.1325,163.0725,-0.0000,-80.7664,6.9223,0.7860,0.1401,0.2365,-2.8723,48.9805,44.4724,0.0203,nan,nan,nan,nan
96.0398,6.8685,1.0161,0.1325,163.0725,-0.0000,-80.7665,6.9223,0.7860,0.1402,0.2365,-2.8508,48.9826,44.4683,0.0228,nan,nan,nan,nan
96.0698,6.8685,1.0161,0.1325,163.0725,-0.0000,-80.7665,6.9222,0.7859,0.1402,0.2365,-2.8275,48.9851,44.4641,0.0238,nan,nan,nan,nan
96.1051,6.8685,1.0161,0.1325,163.0725,0.0000,-80.7665,6.9221,0.7859,0.1402,0.2365,-2.7958,48.9878,44.4601,0.0252,nan,nan,nan,nan
96.1418,6.8685,1.0161,0.1325,163.0725,0.0000,-80.7664,6.9219,0.7859,0.1403,0.2365,-2.7625,48.9893,44.4602,0.0294,nan,nan,nan,nan
96.1675,6.8685,1.0161,0.1325,163.0725,0.0000,-80.7664,6.9218,0.7858,0.1403,0.2365,-2.7292,48.9917,44.4633,0.0303,nan,nan,nan,nan
96.1883,6.8685,1.0161,0.1325,163.0725,-0.0000,-80.7665,6.9217,0.7858,0.1403,0.2365,-2.7171,48.9926,44.4648,0.0311,nan,nan,nan,nan
96.2172,6.8685,1.0161,0.1325,163.0725,0.0000,-80.7664,6.9216,0.7858,0.1403,0.2365,-2.6699,48.9956,44.4710,0.0344,nan,nan,nan,nan
96.2406,6.8685,1.0161,0.1325,163.0725,0.0000,-80.7664,6.9215,0.7858,0.1403,0.2364,-2.6490,48.9964,44.4748,0.0375,nan,nan,nan,nan
96.2671,6.8685,1.0161,0.1325,163.0726,0.0000,-80.7664,6.9214,0.7858,0.1403,0.2364,-2.6257,48.9985,44.4782,0.0400,nan,nan,nan,nan
96.2923,6.8685,1.0161,0.1325,163.0725,0.0000,-80.7665,6.9213,0.7858,0.1404,0.2364,-2.6102,49.0020,44.4798,0.0411,nan,nan,nan,nan
96.3224,6.8685,1.0161,0.1325,163.0725,-0.0000,-80.7665,6.9213,0.7858,0.1403,0.2364,-2.6010,49.0066,44.4816,0.0369,nan,nan,nan,nan
96.3539,6.8685,1.0161,0.1325,163.0725,-0.0000,-80.7664,6.9213,0.7858,0.1403,0.2364,-2.6004,49.0103,44.4877,0.0285,nan,nan,nan,nan
96.3760,6.8685,1.0161,0.1325,163.0725,-0.0000,-80.7664,6.9213,0.7858,0.1403,0.2364,-2.6018,49.0120,44.4929,0.0232,nan,nan,nan,nan
96.3985,6.8685,1.0161,0.1325,163.0725,0.0000,-80.7666,6.9213,0.7858,0.1403,0.2364,-2.6042,49.0120,44.4953,0.0196,nan,nan,nan,nan
96.4311,6.8685,1.0161,0.1325,163.0725,0.0000,-80.7665,6.9213,0.7858,0.1403,0.2364,-2.6102,49.0114,44.4970,0.0176,nan,nan,nan,nan
96.4672,6.8685,1.0161,0.1325,163.0725,0.0001,-80.7665,6.9213,0.7858,0.1403,0.2364,-2.6199,49.0115,44.4949,0.0200,nan,nan,nan,nan
96.4990,6.8685,1.0161,0.1325,163.0725,-0.0000,-80.7665,6.9214,0.7858,0.1403,0.2364,-2.6249,49.0116,44.4946,0.0227,nan,nan,nan,nan
96.5202,6.8685,1.0161,0.1325,163.0725,-0.0000,-80.7665,6.9214,0.7859,0.1403,0.2364,-2.6318,49.0127,44.4951,0.0291,nan,nan,nan,nan
96.5469,6.8685,1.0161,0.1325,163.0725,0.0001,-80.7665,6.9214,0.7859,0.1402,0.2364,-2.6396,49.0135,44.4962,0.0350,nan,nan,nan,nan
96.5691,6.8685,1.0161,0.1325,163.0725,-0.0000,-80.7665,6.9215,0.7859,0.1402,0.2364,-2.6521,49.0149,44.4942,0.0421,nan,nan,nan,nan
96.6048,6.8685,1.0161,0.1325,163.0726,0.0000,-80.7664,6.9215,0.7859,0.1402,0.2364,-2.6677,49.0147,44.4951,0.0403,nan,nan,nan,nan
96.6310,6.8685,1.0161,0.1325,163.0725,-0.0000,-80.7665,6.9216,0.7859,0.1402,0.2364,-2.6846,49.0127,44.4979,0.0369,nan,nan,nan,nan
96.6532,6.8685,1.0161,0.1325,163.0725,-0.0000,-80.7665,6.9216,0.7859,0.1402,0.2364,-2.6939,49.0121,44.4985,0.0362,nan,nan,nan,nan
96.6734,6.8685,1.0161,0.1325,163.0725,-0.0000,-80.7665,6.9216,0.7859,0.1402,0.2364,-2.7043,49.0117,44.4987,0.0359,nan,nan,nan,nan
96.6954,6.8685,1.0161,0.1325,163.0725,0.0000,-80.7665,6.9218,0.7859,0.1401,0.2364,-2.7296,49.0112,44.4972,0.0281,nan,nan,nan,nan
96.7198,6.8685,1.0161,0.1325,163.0725,-0.0000,-80.7665,6.9218,0.7860,0.1401,0.2364,-2.7478,49.0088,44.4998,0.0172,nan,nan,nan,nan
96.7569,6.8685,1.0161,0.1325,163.0725,0.0000,-80.7664,6.9219,0.7860,0.1401,0.2364,-2.7581,49.0046,44.5007,0.0164,nan,nan,nan,nan
96.7829,6.8685,1.0161,0.1325,163.0725,0.0000,-80.7664,6.9219,0.7860,0.1401,0.2364,-2.7655,49.0008,44.4958,0.0136,nan,nan,nan,nan
96.8068,6.8685,1.0161,0.1325,163.0725,-0.0001,-80.7664,6.9219,0.7859,0.1402,0.2364,-2.7647,48.9980,44.4853,0.0087,nan,nan,nan,nan
96.8317,6.8685,1.0161,0.1325,163.0725,0.0001,-80.7665,6.9219,0.7859,0.1402,0.2364,-2.7515,48.9967,44.4810,0.0022,nan,nan,nan,nan
96.8536,6.8685,1.0161,0.1325,163.0725,0.0001,-80.7665,6.9218,0.7859,0.1402,0.2364,-2.7441,48.9958,44.4808,-0.0019,nan,nan,nan,nan
96.8753,6.8685,1.0161,0.1325,163.0725,0.0000,-80.7665,6.9218,0.7859,0.1402,0.2364,-2.7333,48.9939,44.4827,-0.0084,nan,nan,nan,nan
96.9024,6.8685,1.0161,0.1325,163.0725,-0.0000,-80.7665,6.9218,0.7859,0.1402,0.2364,-2.7250,48.9944,44.4838,-0.0126,nan,nan,nan,nan
96.9345,6.8685,1.0161,0.1325,163.0725,-0.0001,-80.7665,6.9218,0.7859,0.1402,0.2364,-2.7225,48.9964,44.4810,-0.0192,nan,nan,nan,nan
96.9570,6.8685,1.0161,0.1325,163.0725,-0.0001,-80.7665,6.9218,0.7859,0.1402,0.2364,-2.7215,48.9976,44.4805,-0.0209,nan,nan,nan,nan
96.9801,6.8685,1.0161,0.1325,163.0725,-0.0001,-80.7664,6.9217,0.7859,0.1402,0.2364,-2.7182,48.9980,44.4821,-0.0195,nan,nan,nan,nan
97.0152,6.8685,1.0161,0.1325,163.0728,-0.0000,-80.7665,6.9217,0.7859,0.1402,0.2364,-2.7161,48.9962,44.4861,-0.0131,nan,nan,nan,nan
97.0390,6.8685,1.0161,0.1325,163.0728,-0.0000,-80.7665,6.9217,0.7859,0.1402,0.2364,-2.7147,48.9947,44.4888,-0.0077,nan,nan,nan,nan
97.0653,6.8685,1.0161,0.1325,163.0725,-0.0000,-80.7665,6.9217,0.7859,0.1402,0.2364,-2.7135,48.9946,44.4883,-0.0068,nan,nan,nan,nan
97.0880,6.8685,1.0161,0.1325,163.0725,-0.0000,-80.7665,6.9217,0.7859,0.1403,0.2364,-2.7051,48.9930,44.4891,-0.0059,nan,nan,nan,nan
97.1138,6.8685,1.0161,0.1325,163.0725,-0.0000,-80.7665,6.9217,0.7859,0.1403,0.2364,-2.7018,48.9921,44.4896,-0.0071,nan,nan,nan,nan
97.1360,6.8685,1.0161,0.1325,163.0727,0.0001,-80.7664,6.9217,0.7859,0.1403,0.2364,-2.7003,48.9898,44.4898,-0.0103,nan,nan,nan,nan
97.1561,6.8685,1.0161,0.1325,163.0725,0.0000,-80.7665,6.9217,0.7859,0.1403,0.2364,-2.7020,48.9878,44.4890,-0.0103,nan,nan,nan,nan
97.1870,6.8685,1.0161,0.1325,163.0725,0.0000,-80.7665,6.9217,0.7859,0.1403,0.2364,-2.7067,48.9843,44.4860,-0.0072,nan,nan,nan,nan
97.2073,6.8685,1.0161,0.1325,163.0725,0.0000,-80.7665,6.9217,0.7859,0.1403,0.2365,-2.7057,48.9821,44.4817,-0.0034,nan,nan,nan,nan
97.2337,6.8685,1.0161,0.1325,163.0725,0.0000,-80.7665,6.9217,0.7858,0.1403,0.2365,-2.7041,48.9814,44.4799,-0.0033,nan,nan,nan,nan
97.2648,6.8685,1.0161,0.1325,163.0725,-0.0000,-80.7664,6.9217,0.7858,0.1404,0.2365,-2.6928,48.9782,44.4764,-0.0032,nan,nan,nan,nan
97.2924,6.8685,1.0161,0.1325,163.0725,-0.0000,-80.7664,6.9216,0.7858,0.1404,0.2365,-2.6791,48.9761,44.4719,0.0020,nan,nan,nan,nan
97.3157,6.8685,1.0161,0.1325,163.0725,-0.0000,-80.7664,6.9216,0.7858,0.1404,0.2365,-2.6682,48.9739,44.4685,0.0043,nan,nan,nan,nan
97.3402,6.8685,1.0161,0.1325,163.0725,-0.0000,-80.7664,6.9216,0.7858,0.1404,0.2365,-2.6624,48.9720,44.4681,0.0044,nan,nan,nan,nan
97.3657,6.8685,1.0161,0.1325,163.0725,-0.0000,-80.7664,6.9216,0.7858,0.1404,0.2365,-2.6590,48.9700,44.4684,0.0058,nan,nan,nan,nan
97.3964,6.8685,1.0161,0.1325,163.0725,-0.0000,-80.7664,6.9216,0.7858,0.1404,0.2365,-2.6601,48.9683,44.4690,0.0064,nan,nan,nan,nan
97.4259,6.8685,1.0161,0.1325,163.0725,-0.0001,-80.7665,6.9216,0.7858,0.1404,0.2365,-2.6567,48.9655,44.4743,0.0086,nan,nan,nan,nan
97.4493,6.8685,1.0161,0.1325,163.0725,-0.0001,-80.7665,6.9215,0.7858,0.1404,0.2365,-2.6516,48.9667,44.4766,0.0092,nan,nan,nan,nan
97.4755,6.8685,1.0161,0.1325,163.0725,-0.0000,-80.7664,6.9215,0.7858,0.1404,0.2365,-2.6436,48.9698,44.4798,0.0094,nan,nan,nan,nan
97.5030,6.8685,1.0161,0.1325,163.0725,-0.0000,-80.7664,6.9215,0.7858,0.1404,0.2365,-2.6356,48.9735,44.4805,0.0087,nan,nan,nan,nan
97.5270,6.8685,1.0161,0.1325,163.0725,-0.0000,-80.7664,6.9214,0.7858,0.1404,0.2365,-2.6267,48.9755,44.4798,0.0089,nan,nan,nan,nan
97.5531,6.8685,1.0161,0.1325,163.0725,-0.0000,-80.7665,6.9214,0.7858,0.1404,0.2365,-2.6236,48.9759,44.4788,0.0088,nan,nan,nan,nan
97.5772,6.8685,1.0161,0.1325,163.0725,-0.0000,-80.7664,6.9214,0.7858,0.1405,0.2365,-2.6146,48.9756,44.4773,0.0056,nan,nan,nan,nan
97.6140,6.8685,1.0161,0.1325,163.0725,-0.0000,-80.7664,6.9214,0.7858,0.1405,0.2365,-2.6092,48.9774,44.4768,0.0045,nan,nan,nan,nan
97.6403,6.8685,1.0161,0.1325,163.0725,-0.0000,-80.7664,6.9214,0.7858,0.1404,0.2365,-2.6088,48.9781,44.4799,0.0027,nan,nan,nan,nan
97.6618,6.8685,1.0161,0.1325,163.0725,-0.0000,-80.7664,6.9214,0.7858,0.1404,0.2365,-2.6088,48.9781,44.4819,0.0007,nan,nan,nan,nan
97.6899,6.8685,1.0161,0.1325,163.0725,-0.0000,-80.7664,6.9214,0.7858,0.1404,0.2364,-2.6120,48.9800,44.4889,-0.0039,nan,nan,nan,nan
97.7213,6.8685,1.0161,0.1325,163.0725,-0.0000,-80.7665,6.9213,0.7858,0.1404,0.2364,-2.6127,48.9815,44.4960,-0.0059,nan,nan,nan,nan
97.7433,6.8685,1.0161,0.1325,163.0725,-0.0000,-80.7665,6.9213,0.7858,0.1404,0.2364,-2.6081,48.9828,44.5013,-0.0061,nan,nan,nan,nan
97.7647,6.8685,1.0161,0.1325,163.0725,-0.0000,-80.7665,6.9213,0.7858,0.1404,0.2364,-2.6040,48.9834,44.5033,-0.0071,nan,nan,nan,nan
97.7857,6.8685,1.0161,0.1325,163.0725,0.0000,-80.7664,6.9213,0.7858,0.1404,0.2364,-2.5984,48.9849,44.5058,-0.0063,nan,nan,nan,nan
97.8173,6.8685,1.0161,0.1325,163.0729,-0.0000,-80.7664,6.9212,0.7858,0.1404,0.2364,-2.5908,48.9866,44.5081,-0.0052,nan,nan,nan,nan
97.8398,6.8685,1.0161,0.1325,163.0729,-0.0000,-80.7664,6.9212,0.7858,0.1404,0.2364,-2.5811,48.9882,44.5087,0.0002,nan,nan,nan,nan
97.8638,6.8685,1.0161,0.1325,163.0725,0.0000,-80.7664,6.9212,0.7858,0.1404,0.2364,-2.5747,48.9896,44.5075,0.0042,nan,nan,nan,nan
97.8938,6.8685,1.0161,0.1325,163.0725,0.0000,-80.7665,6.9211,0.7858,0.1404,0.2364,-2.5654,48.9912,44.5064,0.0094,nan,nan,nan,nan
97.9188,6.8685,1.0161,0.1325,163.0725,0.0000,-80.7665,6.9211,0.7858,0.1404,0.2364,-2.5572,48.9932,44.5073,0.0128,nan,nan,nan,nan
97.9434,6.8685,1.0161,0.1325,163.0725,0.0000,-80.7664,6.9211,0.7858,0.1404,0.2364,-2.5526,48.9957,44.5083,0.0150,nan,nan,nan,nan
97.9688,6.8685,1.0161,0.1325,163.0725,0.0000,-80.7664,6.9211,0.7858,0.1404,0.2364,-2.5519,48.9972,44.5084,0.0179,nan,nan,nan,nan
97.9922,6.8685,1.0161,0.1325,163.0725,0.0000,-80.7665,6.9211,0.7858,0.1404,0.2364,-2.5555,48.9988,44.5126,0.0206,nan,nan,nan,nan
98.0184,6.8685,1.0161,0.1325,163.0725,0.0000,-80.7665,6.9211,0.7858,0.1403,0.2363,-2.5643,48.9996,44.5150,0.0218,nan,nan,nan,nan
98.0430,6.8685,1.0161,0.1325,163.0725,-0.0000,-80.7665,6.9211,0.7858,0.1403,0.2363,-2.5726,49.0006,44.5153,0.0203,nan,nan,nan,nan
98.0724,6.8685,1.0161,0.1325,163.0725,0.0000,-80.7665,6.9212,0.7859,0.1403,0.2363,-2.5848,49.0040,44.5133,0.0206,nan,nan,nan,nan
98.1057,6.8685,1.0161,0.1325,163.0725,-0.0000,-80.7664,6.9212,0.7859,0.1403,0.2363,-2.5996,49.0072,44.5122,0.0149,nan,nan,nan,nan
98.1259,6.8685,1.0161,0.1325,163.0725,-0.0000,-80.7664,6.9213,0.7859,0.1403,0.2364,-2.6060,49.0075,44.5106,0.0132,nan,nan,nan,nan
98.1475,6.8685,1.0161,0.1325,163.0725,-0.0001,-80.7664,6.9213,0.7859,0.1403,0.2364,-2.6214,49.0068,44.5063,0.0096,nan,nan,nan,nan
98.1723,6.8685,1.0161,0.1325,163.0725,-0.0000,-80.7664,6.9214,0.7859,0.1403,0.2364,-2.6363,49.0049,44.5039,0.0060,nan,nan,nan,nan
98.1963,6.8685,1.0161,0.1325,163.0725,0.0000,-80.7664,6.9215,0.7859,0.1402,0.2364,-2.6545,49.0036,44.5010,0.0037,nan,nan,nan,nan
98.2210,6.8685,1.0161,0.1325,163.0725,0.0000,-80.7664,6.9216,0.7859,0.1402,0.2364,-2.6679,49.0034,44.4989,0.0030,nan,nan,nan,nan
98.2411,6.8685,1.0161,0.1325,163.0725,0.0000,-80.7664,6.9216,0.7859,0.1402,0.2364,-2.6826,49.0023,44.4984,0.0032,nan,nan,nan,nan
98.2683,6.8685,1.0161,0.1325,163.0725,0.0000,-80.7665,6.9217,0.7859,0.1402,0.2364,-2.7146,49.0003,44.4991,0.0078,nan,nan,nan,nan
98.2938,6.8685,1.0161,0.1325,163.0725,0.0000,-80.7665,6.9218,0.7859,0.1402,0.2364,-2.7301,48.9994,44.4993,0.0090,nan,nan,nan,nan
98.3157,6.8685,1.0161,0.1325,163.0725,0.0000,-80.7664,6.9219,0.7860,0.1402,0.2364,-2.7508,48.9979,44.4995,0.0125,nan,nan,nan,nan
98.3391,6.8685,1.0161,0.1325,163.0725,-0.0000,-80.7664,6.9219,0.7860,0.1402,0.2364,-2.7670,48.9959,44.4984,0.0161,nan,nan,nan,nan
98.3614,6.8685,1.0161,0.1325,163.0725,-0.0000,-80.7664,6.9220,0.7860,0.1402,0.2364,-2.7747,48.9936,44.4972,0.0133,nan,nan,nan,nan
98.3889,6.8685,1.0161,0.1325,163.0725,-0.0001,-80.7664,6.9220,0.7860,0.1402,0.2364,-2.7837,48.9890,44.4932,0.0072,nan,nan,nan,nan
98.4198,6.8685,1.0161,0.1325,163.0725,-0.0000,-80.7664,6.9220,0.7859,0.1402,0.2364,-2.7894,48.9850,44.4876,0.0061,nan,nan,nan,nan
98.4458,6.8685,1.0161,0.1325,163.0725,-0.0000,-80.7664,6.9220,0.7859,0.1402,0.2365,-2.7907,48.9835,44.4839,0.0058,nan,nan,nan,nan
98.4721,6.8685,1.0161,0.1325,163.0725,-0.0000,-80.7664,6.9220,0.7859,0.1402,0.2365,-2.7913,48.9820,44.4813,0.0068,nan,nan,nan,nan
98.4949,6.8685,1.0161,0.1325,163.0725,0.0000,-80.7664,6.9221,0.7859,0.1402,0.2365,-2.7967,48.9813,44.4770,0.0038,nan,nan,nan,nan
98.5251,6.8685,1.0161,0.1325,163.0725,0.0000,-80.7664,6.9221,0.7859,0.1402,0.2365,-2.8077,48.9819,44.4750,0.0030,nan,nan,nan,nan
98.5553,6.8685,1.0161,0.1325,163.0725,-0.0000,-80.7665,6.9222,0.7859,0.1402,0.2365,-2.8210,48.9833,44.4749,0.0062,nan,nan,nan,nan
98.5778,6.8685,1.0161,0.1325,163.0725,-0.0000,-80.7665,6.9222,0.7859,0.1402,0.2365,-2.8279,48.9825,44.4751,0.0077,nan,nan,nan,nan
98.5979,6.8685,1.0161,0.1325,163.0725,0.0000,-80.7664,6.9222,0.7860,0.1402,0.2365,-2.8342,48.9824,44.4760,0.0094,nan,nan,nan,nan
98.6262,6.8685,1.0161,0.1325,163.0725,0.0000,-80.7664,6.9223,0.7860,0.1402,0.2365,-2.8482,48.9796,44.4797,0.0094,nan,nan,nan,nan
98.6576,6.8685,1.0161,0.1325,163.0725,0.0000,-80.7664,6.9223,0.7860,0.1401,0.2365,-2.8615,48.9782,44.4814,0.0088,nan,nan,nan,nan
98.6804,6.8685,1.0161,0.1325,163.0725,0.0000,-80.7664,6.9223,0.7860,0.1401,0.2365,-2.8655,48.9773,44.4813,0.0070,nan,nan,nan,nan
98.7074,6.8685,1.0161,0.1325,163.0725,0.0000,-80.7665,6.9223,0.7860,0.1401,0.2365,-2.8654,48.9766,44.4805,0.0075,nan,nan,nan,nan
98.7368,6.8685,1.0161,0.1325,163.0725,0.0000,-80.7664,6.9223,0.7860,0.1401,0.2365,-2.8646,48.9750,44.4815,0.0080,nan,nan,nan,nan
98.7727,6.8685,1.0161,0.1325,163.0725,0.0001,-80.7665,6.9224,0.7860,0.1401,0.2365,-2.8728,48.9740,44.4837,0.0017,nan,nan,nan,nan
98.7987,6.8685,1.0161,0.1325,163.0725,0.0001,-80.7665,6.9224,0.7860,0.1401,0.2365,-2.8862,48.9759,44.4823,-0.0021,nan,nan,nan,nan
98.8226,6.8685,1.0161,0.1325,163.0725,-0.0000,-80.7665,6.9224,0.7860,0.1401,0.2365,-2.8963,48.9773,44.4826,-0.0045,nan,nan,nan,nan
98.8574,6.8685,1.0161,0.1325,163.0725,-0.0000,-80.7665,6.9225,0.7860,0.1401,0.2365,-2.9111,48.9821,44.4805,-0.0093,nan,nan,nan,nan
98.8778,6.8685,1.0161,0.1325,163.0725,-0.0000,-80.7665,6.9226,0.7860,0.1400,0.2365,-2.9198,48.9850,44.4792,-0.0096,nan,nan,nan,nan
98.8987,6.8685,1.0161,0.1325,163.0725,0.0000,-80.7665,6.9226,0.7860,0.1400,0.2365,-2.9307,48.9864,44.4774,-0.0110,nan,nan,nan,nan
98.9332,6.8685,1.0161,0.1325,163.0725,-0.0000,-80.7664,6.9226,0.7860,0.1400,0.2365,-2.9371,48.9873,44.4751,-0.0155,nan,nan,nan,nan
98.9556,6.8685,1.0161,0.1325,163.0725,-0.0000,-80.7664,6.9226,0.7860,0.1400,0.2365,-2.9412,48.9867,44.4733,-0.0199,nan,nan,nan,nan
98.9818,6.8685,1.0161,0.1325,163.0725,0.0000,-80.7665,6.9226,0.7860,0.1400,0.2365,-2.9421,48.9868,44.4728,-0.0201,nan,nan,nan,nan
99.0132,6.8685,1.0161,0.1325,163.0725,0.0000,-80.7665,6.9226,0.7860,0.1400,0.2365,-2.9438,48.9866,44.4699,-0.0172,nan,nan,nan,nan
99.0348,6.8685,1.0161,0.1325,163.0725,0.0000,-80.7665,6.9226,0.7860,0.1400,0.2365,-2.9410,48.9859,44.4663,-0.0184,nan,nan,nan,nan
99.0567,6.8685,1.0161,0.1325,163.0725,-0.0000,-80.7665,6.9226,0.7860,0.1401,0.2365,-2.9393,48.9856,44.4654,-0.0193,nan,nan,nan,nan
99.0797,6.8685,1.0161,0.1325,163.0725,-0.0001,-80.7665,6.9226,0.7860,0.1401,0.2365,-2.9285,48.9846,44.4624,-0.0234,nan,nan,nan,nan
99.1163,6.8685,1.0161,0.1325,163.0725,-0.0000,-80.7665,6.9226,0.7860,0.1401,0.2365,-2.9212,48.9840,44.4619,-0.0215,nan,nan,nan,nan
99.1377,6.8685,1.0161,0.1325,163.0725,-0.0000,-80.7665,6.9226,0.7860,0.1401,0.2365,-2.9206,48.9837,44.4638,-0.0200,nan,nan,nan,nan
99.1619,6.8685,1.0161,0.1325,163.0725,-0.0000,-80.7665,6.9226,0.7860,0.1401,0.2365,-2.9226,48.9827,44.4658,-0.0210,nan,nan,nan,nan
99.1889,6.8685,1.0161,0.1325,163.0725,0.0001,-80.7665,6.9226,0.7860,0.1401,0.2365,-2.9282,48.9822,44.4674,-0.0216,nan,nan,nan,nan
99.2234,6.8685,1.0161,0.1325,163.0725,-0.0000,-80.7665,6.9226,0.7860,0.1401,0.2365,-2.9463,48.9794,44.4699,-0.0231,nan,nan,nan,nan
99.2522,6.8685,1.0161,0.1325,163.0725,-0.0000,-80.7664,6.9227,0.7861,0.1400,0.2365,-2.9666,48.9802,44.4704,-0.0177,nan,nan,nan,nan
99.2747,6.8685,1.0161,0.1325,163.0725,-0.0000,-80.7664,6.9228,0.7861,0.1400,0.2365,-2.9802,48.9813,44.4701,-0.0110,nan,nan,nan,nan
99.3012,6.8685,1.0161,0.1325,163.0725,-0.0000,-80.7664,6.9228,0.7861,0.1400,0.2365,-2.9844,48.9818,44.4698,-0.0084,nan,nan,nan,nan
99.3354,6.8685,1.0161,0.1325,163.0729,0.0001,-80.7664,6.9229,0.7861,0.1400,0.2365,-3.0003,48.9854,44.4679,0.0059,nan,nan,nan,nan
99.3572,6.8685,1.0161,0.1325,163.0729,0.0001,-80.7664,6.9229,0.7861,0.1400,0.2365,-3.0060,48.9865,44.4665,0.0146,nan,nan,nan,nan
99.3837,6.8685,1.0161,0.1325,163.0725,-0.0000,-80.7665,6.9229,0.7861,0.1400,0.2365,-3.0133,48.9859,44.4657,0.0233,nan,nan,nan,nan
99.4058,6.8685,1.0161,0.1325,163.0725,0.0001,-80.7665,6.9229,0.7861,0.1400,0.2365,-3.0211,48.9856,44.4654,0.0278,nan,nan,nan,nan
99.4378,6.8685,1.0161,0.1325,163.0726,-0.0000,-80.7665,6.9230,0.7861,0.1399,0.2365,-3.0343,48.9859,44.4651,0.0380,nan,nan,nan,nan
99.4649,6.8685,1.0161,0.1325,163.0725,-0.0000,-80.7665,6.9230,0.7861,0.1399,0.2365,-3.0482,48.9836,44.4613,0.0442,nan,nan,nan,nan
99.4918,6.8685,1.0161,0.1325,163.0725,0.0000,-80.7665,6.9231,0.7861,0.1399,0.2365,-3.0624,48.9797,44.4600,0.0414,nan,nan,nan,nan
99.5149,6.8685,1.0161,0.1325,163.0725,0.0000,-80.7665,6.9232,0.7861,0.1399,0.2365,-3.0720,48.9774,44.4585,0.0410,nan,nan,nan,nan
99.5365,6.8685,1.0161,0.1325,163.0725,0.0000,-80.7664,6.9232,0.7861,0.1399,0.2365,-3.0747,48.9770,44.4581,0.0409,nan,nan,nan,nan
99.5637,6.8685,1.0161,0.1325,163.0725,0.0000,-80.7664,6.9232,0.7861,0.1399,0.2365,-3.0819,48.9737,44.4569,0.0427,nan,nan,nan,nan
99.5940,6.8685,1.0161,0.1325,163.0725,0.0001,-80.7664,6.9232,0.7861,0.1399,0.2365,-3.0901,48.9703,44.4572,0.0448,nan,nan,nan,nan
99.6212,6.8685,1.0161,0.1325,163.0725,-0.0000,-80.7664,6.9232,0.7861,0.1400,0.2366,-3.0913,48.9670,44.4531,0.0451,nan,nan,nan,nan
99.6522,6.8685,1.0161,0.1325,163.0725,-0.0000,-80.7665,6.9233,0.7861,0.1400,0.2366,-3.0899,48.9643,44.4451,0.0441,nan,nan,nan,nan
99.6729,6.8685,1.0161,0.1325,163.0725,-0.0000,-80.7665,6.9233,0.7861,0.1400,0.2366,-3.0886,48.9642,44.4389,0.0455,nan,nan,nan,nan
99.6949,6.8685,1.0161,0.1325,163.0725,-0.0000,-80.7665,6.9232,0.7860,0.1400,0.2366,-3.0831,48.9636,44.4287,0.0554,nan,nan,nan,nan
99.7187,6.8685,1.0161,0.1325,163.0725,-0.0001,-80.7664,6.9232,0.7860,0.1401,0.2366,-3.0746,48.9633,44.4247,0.0606,nan,nan,nan,nan
99.7542,6.8685,1.0161,0.1325,163.0725,0.0000,-80.7664,6.9232,0.7860,0.1401,0.2366,-3.0630,48.9633,44.4245,0.0583,nan,nan,nan,nan
99.7870,6.8685,1.0161,0.1325,163.0725,0.0000,-80.7665,6.9231,0.7860,0.1401,0.2366,-3.0472,48.9646,44.4225,0.0541,nan,nan,nan,nan
99.8123,6.8685,1.0161,0.1325,163.0725,0.0000,-80.7665,6.9231,0.7860,0.1401,0.2366,-3.0396,48.9649,44.4228,0.0516,nan,nan,nan,nan
99.8324,6.8685,1.0161,0.1325,163.0725,-0.0000,-80.7665,6.9230,0.7860,0.1401,0.2366,-3.0309,48.9653,44.4257,0.0514,nan,nan,nan,nan
99.8595,6.8685,1.0161,0.1325,163.0725,-0.0001,-80.7665,6.9230,0.7860,0.1401,0.2366,-3.0262,48.9651,44.4310,0.0574,nan,nan,nan,nan
99.8825,6.8685,1.0161,0.1325,163.0725,-0.0001,-80.7665,6.9230,0.7860,0.1401,0.2366,-3.0219,48.9653,44.4363,0.0604,nan,nan,nan,nan
99.9056,6.8685,1.0161,0.1325,163.0725,-0.0001,-80.7665,6.9229,0.7860,0.1401,0.2366,-3.0136,48.9679,44.4394,0.0623,nan,nan,nan,nan
99.9305,6.8685,1.0161,0.1325,163.0729,0.0000,-80.7664,6.9229,0.7860,0.1401,0.2366,-2.9964,48.9727,44.4439,0.0639,nan,nan,nan,nan
99.9542,6.8685,1.0161,0.1325,163.0725,0.0000,-80.7664,6.9228,0.7860,0.1401,0.2366,-2.9924,48.9738,44.4450,0.0627,nan,nan,nan,nan
99.9813,6.8685,1.0161,0.1325,163.0725,-0.0000,-80.7664,6.9228,0.7860,0.1401,0.2365,-2.9742,48.9758,44.4517,0.0603,nan,nan,nan,nan
100.0117,6.8685,1.0161,0.1325,163.0725,0.0001,-80.7664,6.9227,0.7860,0.1401,0.2365,-2.9566,48.9756,44.4584,0.0588,nan,nan,nan,nan
100.0469,6.8685,1.0161,0.1325,163.0725,0.0000,-80.7664,6.9227,0.7860,0.1401,0.2365,-2.9434,48.9753,44.4608,0.0580,nan,nan,nan,nan
100.0686,6.8685,1.0161,0.1325,163.0725,0.0000,-80.7664,6.9226,0.7860,0.1401,0.2365,-2.9354,48.9757,44.4610,0.0530,nan,nan,nan,nan
100.0902,6.8685,1.0161,0.1325,163.0725,0.0000,-80.7664,6.9226,0.7860,0.1401,0.2365,-2.9261,48.9759,44.4593,0.0454,nan,nan,nan,nan
100.1214,6.8685,1.0161,0.1325,163.0725,0.0000,-80.7664,6.9225,0.7860,0.1402,0.2365,-2.9063,48.9746,44.4537,0.0265,nan,nan,nan,nan
100.1592,6.8685,1.0161,0.1325,163.0725,-0.0000,-80.7664,6.9225,0.7859,0.1402,0.2366,-2.8899,48.9694,44.4459,0.0127,nan,nan,nan,nan
100.1813,6.8685,1.0161,0.1325,163.0725,-0.0000,-80.7664,6.9224,0.7859,0.1403,0.2366,-2.8820,48.9668,44.4420,0.0096,nan,nan,nan,nan
100.2027,6.8685,1.0161,0.1325,163.0725,-0.0000,-80.7664,6.9224,0.7859,0.1403,0.2366,-2.8704,48.9649,44.4351,0.0077,nan,nan,nan,nan
100.2252,6.8685,1.0161,0.1325,163.0725,-0.0000,-80.7664,6.9224,0.7859,0.1403,0.2366,-2.8618,48.9639,44.4276,0.0046,nan,nan,nan,nan
100.2476,6.8685,1.0161,0.1325,163.0725,-0.0000,-80.7664,6.9224,0.7858,0.1403,0.2366,-2.8554,48.9643,44.4201,0.0014,nan,nan,nan,nan
100.2747,6.8685,1.0161,0.1325,163.0725,-0.0000,-80.7664,6.9224,0.7858,0.1403,0.2366,-2.8526,48.9645,44.4169,-0.0006,nan,nan,nan,nan
100.3020,6.8685,1.0161,0.1325,163.0725,-0.0000,-80.7664,6.9224,0.7858,0.1403,0.2366,-2.8488,48.9651,44.4154,-0.0014,nan,nan,nan,nan
100.3242,6.8685,1.0161,0.1325,163.0725,-0.0000,-80.7664,6.9224,0.7858,0.1403,0.2367,-2.8460,48.9661,44.4144,-0.0001,nan,nan,nan,nan
100.3450,6.8685,1.0161,0.1325,163.0725,-0.0000,-80.7664,6.9223,0.7858,0.1403,0.2367,-2.8434,48.9671,44.4119,0.0018,nan,nan,nan,nan
100.3730,6.8685,1.0161,0.1325,163.0725,-0.0000,-80.7664,6.9223,0.7858,0.1404,0.2367,-2.8366,48.9684,44.4091,0.0048,nan,nan,nan,nan
100.4021,6.8685,1.0161,0.1325,163.0725,-0.0000,-80.7664,6.9223,0.7858,0.1404,0.2367,-2.8288,48.9684,44.4082,0.0050,nan,nan,nan,nan
100.4270,6.8685,1.0161,0.1325,163.0725,-0.0000,-80.7664,6.9223,0.7858,0.1404,0.2367,-2.8220,48.9685,44.4053,0.0109,nan,nan,nan,nan
100.4554,6.8685,1.0161,0.1325,163.0725,-0.0000,-80.7665,6.9222,0.7858,0.1404,0.2367,-2.8143,48.9696,44.4055,0.0160,nan,nan,nan,nan
100.4754,6.8685,1.0161,0.1325,163.0725,-0.0000,-80.7665,6.9222,0.7858,0.1404,0.2367,-2.8113,48.9709,44.4066,0.0196,nan,nan,nan,nan
100.4969,6.8685,1.0161,0.1325,163.0725,-0.0000,-80.7665,6.9222,0.7858,0.1404,0.2366,-2.8106,48.9724,44.4093,0.0215,nan,nan,nan,nan
100.5251,6.8685,1.0161,0.1325,163.0725,-0.0000,-80.7665,6.9222,0.7858,0.1404,0.2366,-2.8113,48.9722,44.4138,0.0243,nan,nan,nan,nan
100.5539,6.8685,1.0161,0.1325,163.0725,-0.0000,-80.7665,6.9222,0.7858,0.1403,0.2366,-2.8106,48.9723,44.4205,0.0263,nan,nan,nan,nan
100.5887,6.8685,1.0161,0.1325,163.0725,0.0000,-80.7665,6.9222,0.7858,0.1403,0.2366,-2.8024,48.9754,44.4248,0.0241,nan,nan,nan,nan
100.6149,6.8685,1.0161,0.1325,163.0725,0.0000,-80.7665,6.9221,0.7858,0.1403,0.2366,-2.7909,48.9785,44.4268,0.0234,nan,nan,nan,nan
100.6426,6.8685,1.0161,0.1325,163.0725,0.0000,-80.7664,6.9221,0.7858,0.1403,0.2366,-2.7821,48.9799,44.4289,0.0230,nan,nan,nan,nan
100.6787,6.8685,1.0161,0.1325,163.0725,0.0000,-80.7664,6.9220,0.7858,0.1403,0.2366,-2.7679,48.9805,44.4310,0.0237,nan,nan,nan,nan
100.7145,6.8685,1.0161,0.1325,163.0732,0.0000,-80.7664,6.9219,0.7858,0.1404,0.2366,-2.7486,48.9809,44.4310,0.0253,nan,nan,nan,nan
100.7408,6.8685,1.0161,0.1325,163.0732,0.0000,-80.7664,6.9219,0.7858,0.1404,0.2366,-2.7391,48.9797,44.4312,0.0250,nan,nan,nan,nan
100.7618,6.8685,1.0161,0.1325,163.0725,0.0000,-80.7664,6.9219,0.7858,0.1404,0.2366,-2.7306,48.9787,44.4310,0.0247,nan,nan,nan,nan
100.7939,6.8685,1.0161,0.1325,163.0725,0.0000,-80.7664,6.9218,0.7858,0.1404,0.2366,-2.7159,48.9767,44.4327,0.0196,nan,nan,nan,nan
100.8174,6.8685,1.0161,0.1325,163.0725,0.0000,-80.7664,6.9218,0.7857,0.1404,0.2366,-2.7071,48.9761,44.4333,0.0178,nan,nan,nan,nan
100.8423,6.8685,1.0161,0.1325,163.0730,0.0000,-80.7664,6.9217,0.7857,0.1404,0.2366,-2.6915,48.9757,44.4356,0.0149,nan,nan,nan,nan
100.8637,6.8685,1.0161,0.1325,163.0725,0.0000,-80.7664,6.9217,0.7857,0.1405,0.2366,-2.6756,48.9773,44.4364,0.0135,nan,nan,nan,nan
100.8878,6.8685,1.0161,0.1325,163.0725,0.0000,-80.7664,6.9216,0.7857,0.1405,0.2366,-2.6569,48.9800,44.4347,0.0131,nan,nan,nan,nan
100.9151,6.8685,1.0161,0.1325,163.0725,-0.0000,-80.7664,6.9215,0.7857,0.1405,0.2366,-2.6443,48.9812,44.4316,0.0106,nan,nan,nan,nan
100.9434,6.8685,1.0161,0.1325,163.0725,-0.0000,-80.7664,6.9215,0.7857,0.1405,0.2366,-2.6263,48.9823,44.4271,0.0046,nan,nan,nan,nan
100.9737,6.8685,1.0161,0.1325,163.0725,-0.0000,-80.7664,6.9214,0.7856,0.1405,0.2366,-2.5999,48.9835,44.4229,0.0008,nan,nan,nan,nan
101.0002,6.8685,1.0161,0.1325,163.0725,-0.0000,-80.7664,6.9213,0.7856,0.1406,0.2366,-2.5686,48.9841,44.4197,-0.0056,nan,nan,nan,nan
101.0225,6.8685,1.0161,0.1325,163.0725,-0.0000,-80.7664,6.9212,0.7856,0.1406,0.2366,-2.5418,48.9838,44.4184,-0.0125,nan,nan,nan,nan
101.0431,6.8685,1.0161,0.1325,163.0725,0.0000,-80.7664,6.9211,0.7856,0.1407,0.2366,-2.5219,48.9832,44.4186,-0.0164,nan,nan,nan,nan
101.0714,6.8685,1.0161,0.1325,163.0725,-0.0000,-80.7665,6.9210,0.7855,0.1407,0.2366,-2.4888,48.9829,44.4192,-0.0209,nan,nan,nan,nan
101.0993,6.8685,1.0161,0.1325,163.0725,-0.0000,-80.7664,6.9208,0.7855,0.1408,0.2366,-2.4387,48.9826,44.4167,-0.0268,nan,nan,nan,nan
101.1220,6.8685,1.0161,0.1325,163.0725,-0.0000,-80.7664,6.9206,0.7855,0.1408,0.2366,-2.4135,48.9817,44.4139,-0.0294,nan,nan,nan,nan
101.1434,6.8685,1.0161,0.1325,163.0725,-0.0000,-80.7664,6.9205,0.7854,0.1408,0.2366,-2.3770,48.9796,44.4135,-0.0316,nan,nan,nan,nan
101.1685,6.8685,1.0161,0.1325,163.0725,0.0000,-80.7664,6.9204,0.7854,0.1409,0.2366,-2.3414,48.9774,44.4152,-0.0302,nan,nan,nan,nan
101.2002,6.8685,1.0161,0.1325,163.0725,0.0000,-80.7664,6.9202,0.7854,0.1409,0.2366,-2.2995,48.9759,44.4203,-0.0314,nan,nan,nan,nan
101.2267,6.8685,1.0161,0.1325,163.0725,-0.0000,-80.7665,6.9201,0.7854,0.1410,0.2366,-2.2671,48.9774,44.4201,-0.0348,nan,nan,nan,nan
101.2573,6.8685,1.0161,0.1325,163.0725,0.0000,-80.7665,6.9200,0.7853,0.1410,0.2366,-2.2429,48.9797,44.4205,-0.0338,nan,nan,nan,nan
101.2904,6.8685,1.0161,0.1325,163.0725,-0.0000,-80.7665,6.9200,0.7853,0.1410,0.2366,-2.2334,48.9823,44.4195,-0.0260,nan,nan,nan,nan
101.3174,6.8685,1.0161,0.1325,163.0725,-0.0000,-80.7665,6.9200,0.7853,0.1410,0.2366,-2.2357,48.9826,44.4200,-0.0215,nan,nan,nan,nan
101.3407,6.8685,1.0161,0.1325,163.0725,-0.0000,-80.7664,6.9200,0.7853,0.1410,0.2366,-2.2428,48.9832,44.4199,-0.0165,nan,nan,nan,nan
101.3622,6.8685,1.0161,0.1325,163.0725,0.0001,-80.7665,6.9201,0.7854,0.1409,0.2366,-2.2706,48.9849,44.4169,-0.0057,nan,nan,nan,nan
101.3884,6.8685,1.0161,0.1325,163.0725,-0.0000,-80.7665,6.9203,0.7854,0.1409,0.2366,-2.3082,48.9859,44.4124,0.0011,nan,nan,nan,nan
101.4233,6.8685,1.0161,0.1325,163.0725,-0.0000,-80.7664,6.9204,0.7854,0.1409,0.2366,-2.3507,48.9861,44.4131,0.0074,nan,nan,nan,nan
101.4530,6.8685,1.0161,0.1325,163.0725,0.0001,-80.7664,6.9206,0.7855,0.1408,0.2366,-2.3880,48.9870,44.4169,0.0071,nan,nan,nan,nan
101.4760,6.8685,1.0161,0.1325,163.0725,0.0001,-80.7665,6.9207,0.7855,0.1408,0.2366,-2.4215,48.9873,44.4201,0.0074,nan,nan,nan,nan
101.5040,6.8685,1.0161,0.1325,163.0725,0.0000,-80.7664,6.9208,0.7855,0.1407,0.2366,-2.4476,48.9867,44.4224,0.0067,nan,nan,nan,nan
101.5291,6.8685,1.0161,0.1325,163.0725,0.0000,-80.7664,6.9208,0.7855,0.1407,0.2366,-2.4621,48.9841,44.4283,0.0005,nan,nan,nan,nan
101.5505,6.8685,1.0161,0.1325,163.0725,0.0000,-80.7664,6.9209,0.7856,0.1407,0.2366,-2.4739,48.9818,44.4324,-0.0096,nan,nan,nan,nan
101.5737,6.8685,1.0161,0.1325,163.0725,0.0000,-80.7665,6.9209,0.7856,0.1407,0.2366,-2.4778,48.9815,44.4331,-0.0147,nan,nan,nan,nan
101.6057,6.8685,1.0161,0.1325,163.0725,-0.0000,-80.7664,6.9210,0.7856,0.1407,0.2366,-2.4958,48.9810,44.4343,-0.0365,nan,nan,nan,nan
101.6311,6.8685,1.0161,0.1325,163.0725,-0.0000,-80.7664,6.9210,0.7856,0.1407,0.2366,-2.5080,48.9800,44.4336,-0.0422,nan,nan,nan,nan
101.6516,6.8685,1.0161,0.1325,163.0725,0.0000,-80.7664,6.9211,0.7856,0.1406,0.2366,-2.5167,48.9791,44.4333,-0.0444,nan,nan,nan,nan
101.6750,6.8685,1.0161,0.1325,163.0725,0.0000,-80.7664,6.9211,0.7856,0.1406,0.2366,-2.5214,48.9794,44.4326,-0.0451,nan,nan,nan,nan
101.7034,6.8685,1.0161,0.1325,163.0725,0.0000,-80.7664,6.9211,0.7856,0.1406,0.2366,-2.5322,48.9808,44.4329,-0.0530,nan,nan,nan,nan
101.7290,6.8685,1.0161,0.1325,163.0725,0.0000,-80.7664,6.9211,0.7856,0.1406,0.2366,-2.5423,48.9837,44.4336,-0.0541,nan,nan,nan,nan
101.7578,6.8685,1.0161,0.1325,163.0725,0.0000,-80.7664,6.9212,0.7856,0.1406,0.2366,-2.5564,48.9851,44.4347,-0.0546,nan,nan,nan,nan
101.7857,6.8685,1.0161,0.1325,163.0725,-0.0000,-80.7664,6.9213,0.7856,0.1405,0.2366,-2.5751,48.9884,44.4315,-0.0552,nan,nan,nan,nan
101.8057,6.8685,1.0161,0.1325,163.0725,-0.0000,-80.7664,6.9213,0.7856,0.1405,0.2366,-2.5858,48.9886,44.4286,-0.0541,nan,nan,nan,nan
101.8312,6.8685,1.0161,0.1325,163.0725,-0.0000,-80.7665,6.9214,0.7857,0.1405,0.2366,-2.6009,48.9876,44.4254,-0.0519,nan,nan,nan,nan
101.8584,6.8685,1.0161,0.1325,163.0726,-0.0001,-80.7664,6.9214,0.7857,0.1405,0.2366,-2.6144,48.9852,44.4264,-0.0475,nan,nan,nan,nan
101.8820,6.8685,1.0161,0.1325,163.0726,-0.0001,-80.7664,6.9215,0.7857,0.1405,0.2366,-2.6229,48.9842,44.4264,-0.0462,nan,nan,nan,nan
101.9021,6.8685,1.0161,0.1325,163.0725,0.0000,-80.7664,6.9215,0.7857,0.1405,0.2366,-2.6333,48.9839,44.4258,-0.0421,nan,nan,nan,nan
101.9228,6.8685,1.0161,0.1325,163.0725,0.0000,-80.7665,6.9215,0.7857,0.1405,0.2366,-2.6408,48.9842,44.4288,-0.0338,nan,nan,nan,nan
101.9465,6.8685,1.0161,0.1325,163.0725,0.0000,-80.7665,6.9215,0.7857,0.1405,0.2366,-2.6456,48.9849,44.4323,-0.0266,nan,nan,nan,nan
101.9709,6.8685,1.0161,0.1325,163.0725,0.0000,-80.7665,6.9215,0.7857,0.1405,0.2366,-2.6481,48.9856,44.4355,-0.0236,nan,nan,nan,nan
101.9922,6.8685,1.0161,0.1325,163.0725,-0.0000,-80.7665,6.9215,0.7857,0.1404,0.2366,-2.6506,48.9860,44.4397,-0.0213,nan,nan,nan,nan
102.0129,6.8685,1.0161,0.1325,163.0725,-0.0000,-80.7665,6.9216,0.7857,0.1404,0.2365,-2.6520,48.9860,44.4409,-0.0184,nan,nan,nan,nan
102.0401,6.8685,1.0161,0.1325,163.0725,0.0000,-80.7665,6.9216,0.7857,0.1404,0.2366,-2.6572,48.9849,44.4418,-0.0097,nan,nan,nan,nan
102.0630,6.8685,1.0161,0.1325,163.0725,0.0000,-80.7665,6.9216,0.7857,0.1404,0.2366,-2.6644,48.9838,44.4425,0.0026,nan,nan,nan,nan
102.0832,6.8685,1.0161,0.1325,163.0725,0.0000,-80.7665,6.9216,0.7857,0.1404,0.2366,-2.6728,48.9826,44.4424,0.0159,nan,nan,nan,nan
102.1119,6.8685,1.0161,0.1325,163.0725,0.0000,-80.7665,6.9217,0.7858,0.1404,0.2365,-2.6785,48.9797,44.4456,0.0219,nan,nan,nan,nan
102.1350,6.8685,1.0161,0.1325,163.0725,0.0000,-80.7665,6.9217,0.7858,0.1404,0.2365,-2.6813,48.9779,44.4473,0.0220,nan,nan,nan,nan
102.1584,6.8685,1.0161,0.1325,163.0725,0.0000,-80.7665,6.9217,0.7858,0.1404,0.2365,-2.6865,48.9773,44.4471,0.0203,nan,nan,nan,nan
102.1838,6.8685,1.0161,0.1325,163.0725,0.0000,-80.7664,6.9217,0.7858,0.1404,0.2365,-2.6934,48.9780,44.4469,0.0177,nan,nan,nan,nan
102.2061,6.8685,1.0161,0.1325,163.0725,0.0000,-80.7665,6.9217,0.7858,0.1404,0.2365,-2.6997,48.9795,44.4474,0.0152,nan,nan,nan,nan
102.2429,6.8685,1.0161,0.1325,163.0725,0.0001,-80.7665,6.9218,0.7858,0.1404,0.2365,-2.7110,48.9791,44.4483,0.0165,nan,nan,nan,nan
102.2803,6.8685,1.0161,0.1325,163.0726,-0.0000,-80.7665,6.9218,0.7858,0.1404,0.2365,-2.7259,48.9812,44.4474,0.0217,nan,nan,nan,nan
102.3068,6.8685,1.0161,0.1325,163.0726,-0.0000,-80.7665,6.9219,0.7858,0.1403,0.2365,-2.7368,48.9842,44.4456,0.0236,nan,nan,nan,nan
102.3281,6.8685,1.0161,0.1325,163.0725,0.0000,-80.7664,6.9219,0.7858,0.1403,0.2365,-2.7420,48.9862,44.4448,0.0256,nan,nan,nan,nan
102.3574,6.8685,1.0161,0.1325,163.0725,-0.0000,-80.7664,6.9219,0.7858,0.1403,0.2365,-2.7444,48.9891,44.4453,0.0274,nan,nan,nan,nan
102.3836,6.8685,1.0161,0.1325,163.0725,-0.0000,-80.7664,6.9219,0.7858,0.1403,0.2365,-2.7434,48.9917,44.4458,0.0289,nan,nan,nan,nan
102.4100,6.8685,1.0161,0.1325,163.0725,-0.0001,-80.7665,6.9219,0.7858,0.1403,0.2365,-2.7424,48.9924,44.4470,0.0297,nan,nan,nan,nan
102.4434,6.8685,1.0161,0.1325,163.0725,-0.0000,-80.7664,6.9218,0.7858,0.1403,0.2365,-2.7351,48.9954,44.4501,0.0274,nan,nan,nan,nan
102.4744,6.8685,1.0161,0.1325,163.0725,0.0000,-80.7664,6.9218,0.7858,0.1403,0.2365,-2.7280,48.9977,44.4551,0.0228,nan,nan,nan,nan
102.4999,6.8685,1.0161,0.1325,163.0725,0.0000,-80.7664,6.9218,0.7858,0.1403,0.2365,-2.7210,48.9971,44.4590,0.0171,nan,nan,nan,nan
102.5226,6.8685,1.0161,0.1325,163.0725,0.0000,-80.7664,6.9218,0.7858,0.1403,0.2365,-2.7139,48.9967,44.4596,0.0128,nan,nan,nan,nan
102.5461,6.8685,1.0161,0.1325,163.0725,0.0000,-80.7664,6.9217,0.7858,0.1403,0.2365,-2.7005,48.9972,44.4578,0.0075,nan,nan,nan,nan
102.5716,6.8685,1.0161,0.1325,163.0725,0.0000,-80.7664,6.9216,0.7858,0.1403,0.2365,-2.6831,48.9982,44.4591,-0.0002,nan,nan,nan,nan
102.6041,6.8685,1.0161,0.1325,163.0725,-0.0000,-80.7664,6.9216,0.7858,0.1403,0.2365,-2.6746,48.9994,44.4598,-0.0056,nan,nan,nan,nan
102.6386,6.8685,1.0161,0.1325,163.0725,-0.0000,-80.7664,6.9216,0.7858,0.1403,0.2365,-2.6774,49.0018,44.4574,-0.0063,nan,nan,nan,nan
102.6638,6.8685,1.0161,0.1325,163.0725,-0.0000,-80.7664,6.9216,0.7858,0.1403,0.2365,-2.6812,49.0014,44.4555,-0.0099,nan,nan,nan,nan
102.6855,6.8685,1.0161,0.1325,163.0725,0.0000,-80.7665,6.9217,0.7858,0.1403,0.2365,-2.6855,49.0010,44.4521,-0.0147,nan,nan,nan,nan
102.7129,6.8685,1.0161,0.1325,163.0725,0.0000,-80.7665,6.9217,0.7858,0.1403,0.2365,-2.6914,49.0016,44.4476,-0.0311,nan,nan,nan,nan
102.7460,6.8685,1.0161,0.1325,163.0725,0.0000,-80.7665,6.9217,0.7858,0.1403,0.2365,-2.6963,49.0011,44.4449,-0.0441,nan,nan,nan,nan
102.7678,6.8685,1.0161,0.1325,163.0725,0.0000,-80.7665,6.9217,0.7858,0.1403,0.2365,-2.6973,49.0014,44.4426,-0.0453,nan,nan,nan,nan
102.7919,6.8685,1.0161,0.1325,163.0725,0.0000,-80.7665,6.9217,0.7858,0.1403,0.2365,-2.7008,49.0014,44.4358,-0.0438,nan,nan,nan,nan
102.8144,6.8685,1.0161,0.1325,163.0725,0.0000,-80.7665,6.9217,0.7858,0.1403,0.2366,-2.7033,49.0005,44.4332,-0.0425,nan,nan,nan,nan
102.8464,6.8685,1.0161,0.1325,163.0725,0.0000,-80.7665,6.9218,0.7858,0.1403,0.2366,-2.7077,48.9975,44.4330,-0.0410,nan,nan,nan,nan
102.8683,6.8685,1.0161,0.1325,163.0725,0.0000,-80.7665,6.9218,0.7858,0.1404,0.2366,-2.7107,48.9946,44.4339,-0.0417,nan,nan,nan,nan
102.8944,6.8685,1.0161,0.1325,163.0725,-0.0000,-80.7665,6.9218,0.7858,0.1404,0.2366,-2.7106,48.9927,44.4344,-0.0433,nan,nan,nan,nan
102.9242,6.8685,1.0161,0.1325,163.0725,0.0000,-80.7665,6.9217,0.7858,0.1404,0.2366,-2.7049,48.9907,44.4373,-0.0493,nan,nan,nan,nan
102.9493,6.8685,1.0161,0.1325,163.0725,0.0000,-80.7665,6.9217,0.7858,0.1404,0.2365,-2.6986,48.9911,44.4386,-0.0518,nan,nan,nan,nan
102.9710,6.8685,1.0161,0.1325,163.0725,0.0000,-80.7664,6.9217,0.7858,0.1404,0.2365,-2.6897,48.9928,44.4405,-0.0535,nan,nan,nan,nan
102.9988,6.8685,1.0161,0.1325,163.0725,-0.0000,-80.7664,6.9216,0.7858,0.1404,0.2365,-2.6812,48.9932,44.4439,-0.0546,nan,nan,nan,nan
103.0226,6.8685,1.0161,0.1325,163.0725,-0.0000,-80.7664,6.9216,0.7858,0.1404,0.2365,-2.6773,48.9916,44.4502,-0.0530,nan,nan,nan,nan
103.0470,6.8685,1.0161,0.1325,163.0725,-0.0000,-80.7665,6.9216,0.7858,0.1404,0.2365,-2.6757,48.9917,44.4538,-0.0496,nan,nan,nan,nan
103.0764,6.8685,1.0161,0.1325,163.0725,0.0000,-80.7665,6.9216,0.7858,0.1404,0.2365,-2.6745,48.9936,44.4580,-0.0462,nan,nan,nan,nan
103.0986,6.8685,1.0161,0.1325,163.0725,0.0000,-80.7665,6.9216,0.7858,0.1403,0.2365,-2.6730,48.9949,44.4609,-0.0448,nan,nan,nan,nan
103.1226,6.8685,1.0161,0.1325,163.0725,0.0000,-80.7665,6.9216,0.7858,0.1403,0.2365,-2.6724,48.9965,44.4597,-0.0410,nan,nan,nan,nan
103.1443,6.8685,1.0161,0.1325,163.0725,-0.0000,-80.7665,6.9216,0.7858,0.1403,0.2365,-2.6689,48.9996,44.4580,-0.0310,nan,nan,nan,nan
103.1683,6.8685,1.0161,0.1325,163.0725,-0.0000,-80.7665,6.9215,0.7858,0.1403,0.2365,-2.6595,49.0019,44.4569,-0.0164,nan,nan,nan,nan
103.1904,6.8685,1.0161,0.1325,163.0725,0.0001,-80.7665,6.9215,0.7858,0.1403,0.2365,-2.6511,49.0026,44.4561,-0.0102,nan,nan,nan,nan
103.2212,6.8685,1.0161,0.1325,163.0725,0.0000,-80.7664,6.9215,0.7858,0.1404,0.2365,-2.6368,49.0030,44.4574,-0.0063,nan,nan,nan,nan
103.2501,6.8685,1.0161,0.1325,163.0725,0.0000,-80.7664,6.9214,0.7858,0.1404,0.2365,-2.6160,49.0031,44.4616,-0.0047,nan,nan,nan,nan
103.2795,6.8685,1.0161,0.1325,163.0725,0.0000,-80.7664,6.9213,0.7857,0.1404,0.2365,-2.5972,49.0028,44.4643,-0.0070,nan,nan,nan,nan
103.3027,6.8685,1.0161,0.1325,163.0725,0.0000,-80.7664,6.9212,0.7857,0.1404,0.2365,-2.5861,49.0014,44.4674,-0.0084,nan,nan,nan,nan
103.3242,6.8685,1.0161,0.1325,163.0725,-0.0000,-80.7664,6.9212,0.7857,0.1404,0.2365,-2.5802,48.9998,44.4713,-0.0110,nan,nan,nan,nan
103.3582,6.8685,1.0161,0.1325,163.0725,-0.0001,-80.7664,6.9212,0.7858,0.1404,0.2364,-2.5747,48.9974,44.4765,-0.0122,nan,nan,nan,nan
103.3797,6.8685,1.0161,0.1325,163.0725,-0.0001,-80.7664,6.9212,0.7858,0.1404,0.2364,-2.5758,48.9986,44.4782,-0.0128,nan,nan,nan,nan
103.4003,6.8685,1.0161,0.1325,163.0730,0.0000,-80.7664,6.9212,0.7858,0.1404,0.2364,-2.5772,48.9991,44.4782,-0.0132,nan,nan,nan,nan
103.4319,6.8685,1.0161,0.1325,163.0725,0.0000,-80.7664,6.9212,0.7858,0.1404,0.2364,-2.5871,48.9976,44.4785,-0.0174,nan,nan,nan,nan
103.4559,6.8685,1.0161,0.1325,163.0725,0.0000,-80.7664,6.9213,0.7858,0.1404,0.2364,-2.6015,48.9976,44.4776,-0.0201,nan,nan,nan,nan
103.4803,6.8685,1.0161,0.1325,163.0725,0.0000,-80.7664,6.9213,0.7858,0.1404,0.2364,-2.6072,48.9976,44.4775,-0.0206,nan,nan,nan,nan
103.5119,6.8685,1.0161,0.1325,163.0725,0.0000,-80.7664,6.9214,0.7858,0.1403,0.2364,-2.6331,48.9975,44.4818,-0.0254,nan,nan,nan,nan
103.5384,6.8685,1.0161,0.1325,163.0725,0.0000,-80.7664,6.9215,0.7858,0.1403,0.2364,-2.6519,48.9994,44.4861,-0.0302,nan,nan,nan,nan
103.5621,6.8685,1.0161,0.1325,163.0725,0.0000,-80.7664,6.9215,0.7859,0.1403,0.2364,-2.6591,49.0008,44.4859,-0.0334,nan,nan,nan,nan
103.5973,6.8685,1.0161,0.1325,163.0725,0.0001,-80.7664,6.9216,0.7859,0.1402,0.2364,-2.6912,49.0040,44.4841,-0.0449,nan,nan,nan,nan
103.6198,6.8685,1.0161,0.1325,163.0725,0.0001,-80.7664,6.9217,0.7859,0.1402,0.2364,-2.7158,49.0041,44.4833,-0.0510,nan,nan,nan,nan
103.6420,6.8685,1.0161,0.1325,163.0725,0.0000,-80.7664,6.9218,0.7859,0.1402,0.2364,-2.7232,49.0036,44.4837,-0.0533,nan,nan,nan,nan
103.6662,6.8685,1.0161,0.1325,163.0725,-0.0000,-80.7665,6.9219,0.7859,0.1402,0.2364,-2.7489,49.0021,44.4842,-0.0532,nan,nan,nan,nan
103.6901,6.8685,1.0161,0.1325,163.0725,-0.0000,-80.7665,6.9219,0.7859,0.1402,0.2364,-2.7590,49.0020,44.4835,-0.0514,nan,nan,nan,nan
103.7141,6.8685,1.0161,0.1325,163.0725,-0.0000,-80.7664,6.9219,0.7859,0.1402,0.2364,-2.7670,49.0021,44.4825,-0.0478,nan,nan,nan,nan
103.7449,6.8685,1.0161,0.1325,163.0725,-0.0000,-80.7664,6.9220,0.7859,0.1401,0.2364,-2.7809,49.0028,44.4808,-0.0384,nan,nan,nan,nan
103.7697,6.8685,1.0161,0.1325,163.0725,-0.0000,-80.7664,6.9220,0.7859,0.1401,0.2364,-2.7883,49.0034,44.4799,-0.0351,nan,nan,nan,nan
103.7972,6.8685,1.0161,0.1325,163.0725,-0.0000,-80.7664,6.9220,0.7860,0.1401,0.2364,-2.7956,49.0050,44.4783,-0.0355,nan,nan,nan,nan
103.8311,6.8685,1.0161,0.1325,163.0725,0.0000,-80.7664,6.9221,0.7860,0.1401,0.2364,-2.8046,49.0068,44.4772,-0.0392,nan,nan,nan,nan
103.8681,6.8685,1.0161,0.1325,163.0725,-0.0000,-80.7664,6.9221,0.7860,0.1401,0.2364,-2.8044,49.0097,44.4736,-0.0435,nan,nan,nan,nan
103.9020,6.8685,1.0161,0.1325,163.0726,-0.0000,-80.7664,6.9220,0.7859,0.1401,0.2364,-2.7976,49.0122,44.4713,-0.0514,nan,nan,nan,nan
103.9281,6.8685,1.0161,0.1325,163.0726,-0.0000,-80.7664,6.9220,0.7859,0.1401,0.2364,-2.7930,49.0135,44.4700,-0.0573,nan,nan,nan,nan
103.9556,6.8685,1.0161,0.1325,163.0725,-0.0000,-80.7664,6.9220,0.7859,0.1401,0.2364,-2.7906,49.0142,44.4705,-0.0597,nan,nan,nan,nan
103.9897,6.8685,1.0161,0.1325,163.0725,-0.0000,-80.7664,6.9220,0.7859,0.1401,0.2364,-2.7898,49.0165,44.4706,-0.0621,nan,nan,nan,nan
104.0162,6.8685,1.0161,0.1325,163.0725,-0.0000,-80.7664,6.9220,0.7859,0.1401,0.2364,-2.7954,49.0183,44.4706,-0.0623,nan,nan,nan,nan
104.0417,6.8685,1.0161,0.1325,163.0725,-0.0000,-80.7665,6.9220,0.7860,0.1401,0.2364,-2.7989,49.0184,44.4710,-0.0621,nan,nan,nan,nan
104.0761,6.8685,1.0161,0.1325,163.0725,-0.0000,-80.7664,6.9221,0.7860,0.1401,0.2364,-2.8174,49.0157,44.4735,-0.0607,nan,nan,nan,nan
104.1024,6.8685,1.0161,0.1325,163.0725,-0.0000,-80.7664,6.9222,0.7860,0.1401,0.2364,-2.8308,49.0134,44.4744,-0.0575,nan,nan,nan,nan
104.1298,6.8685,1.0161,0.1325,163.0725,-0.0000,-80.7664,6.9222,0.7860,0.1400,0.2364,-2.8354,49.0131,44.4740,-0.0565,nan,nan,nan,nan
104.1624,6.8685,1.0161,0.1325,163.0725,-0.0000,-80.7664,6.9223,0.7860,0.1400,0.2364,-2.8536,49.0101,44.4703,-0.0591,nan,nan,nan,nan
104.1868,6.8685,1.0161,0.1325,163.0725,-0.0000,-80.7664,6.9223,0.7860,0.1400,0.2364,-2.8632,49.0081,44.4721,-0.0623,nan,nan,nan,nan
104.2144,6.8685,1.0161,0.1325,163.0728,0.0000,-80.7664,6.9223,0.7860,0.1400,0.2364,-2.8677,49.0086,44.4740,-0.0625,nan,nan,nan,nan
104.2442,6.8685,1.0161,0.1325,163.0725,0.0001,-80.7665,6.9223,0.7860,0.1400,0.2364,-2.8742,49.0105,44.4756,-0.0619,nan,nan,nan,nan
104.2667,6.8685,1.0161,0.1325,163.0725,0.0001,-80.7665,6.9223,0.7860,0.1400,0.2364,-2.8794,49.0110,44.4745,-0.0622,nan,nan,nan,nan
104.2875,6.8685,1.0161,0.1325,163.0725,0.0001,-80.7665,6.9224,0.7860,0.1400,0.2364,-2.8823,49.0103,44.4749,-0.0615,nan,nan,nan,nan
104.3155,6.8685,1.0161,0.1325,163.0725,0.0000,-80.7665,6.9224,0.7860,0.1400,0.2364,-2.8831,49.0092,44.4758,-0.0588,nan,nan,nan,nan
104.3472,6.8685,1.0161,0.1325,163.0725,0.0001,-80.7665,6.9224,0.7860,0.1400,0.2364,-2.8881,49.0088,44.4743,-0.0547,nan,nan,nan,nan
104.3698,6.8685,1.0161,0.1325,163.0725,0.0001,-80.7665,6.9224,0.7860,0.1400,0.2364,-2.8915,49.0086,44.4740,-0.0533,nan,nan,nan,nan
104.3925,6.8685,1.0161,0.1325,163.0725,0.0000,-80.7664,6.9224,0.7860,0.1400,0.2364,-2.8987,49.0086,44.4736,-0.0593,nan,nan,nan,nan
104.4271,6.8685,1.0161,0.1325,163.0725,0.0000,-80.7665,6.9225,0.7860,0.1400,0.2364,-2.9069,49.0087,44.4727,-0.0677,nan,nan,nan,nan
104.4529,6.8685,1.0161,0.1325,163.0725,0.0000,-80.7665,6.9225,0.7860,0.1400,0.2364,-2.9111,49.0081,44.4724,-0.0700,nan,nan,nan,nan
104.4740,6.8685,1.0161,0.1325,163.0725,0.0000,-80.7664,6.9225,0.7860,0.1400,0.2365,-2.9156,49.0070,44.4712,-0.0708,nan,nan,nan,nan
104.5035,6.8685,1.0161,0.1325,163.0725,-0.0001,-80.7664,6.9225,0.7860,0.1400,0.2365,-2.9277,49.0067,44.4673,-0.0725,nan,nan,nan,nan
104.5238,6.8685,1.0161,0.1325,163.0725,-0.0001,-80.7664,6.9226,0.7860,0.1400,0.2365,-2.9372,49.0061,44.4651,-0.0734,nan,nan,nan,nan
104.5507,6.8685,1.0161,0.1325,163.0725,0.0000,-80.7665,6.9226,0.7860,0.1400,0.2365,-2.9426,49.0056,44.4648,-0.0750,nan,nan,nan,nan
104.5832,6.8685,1.0161,0.1325,163.0725,0.0000,-80.7665,6.9226,0.7861,0.1400,0.2365,-2.9528,49.0047,44.4671,-0.0743,nan,nan,nan,nan
104.6133,6.8685,1.0161,0.1325,163.0725,-0.0000,-80.7665,6.9227,0.7861,0.1399,0.2365,-2.9697,49.0047,44.4687,-0.0762,nan,nan,nan,nan
104.6348,6.8685,1.0161,0.1325,163.0725,-0.0000,-80.7665,6.9228,0.7861,0.1399,0.2365,-2.9826,49.0053,44.4697,-0.0777,nan,nan,nan,nan
104.6564,6.8685,1.0161,0.1325,163.0725,-0.0000,-80.7664,6.9228,0.7861,0.1399,0.2365,-2.9872,49.0054,44.4696,-0.0790,nan,nan,nan,nan
104.6857,6.8685,1.0161,0.1325,163.0725,-0.0000,-80.7664,6.9228,0.7861,0.1399,0.2365,-3.0042,49.0037,44.4716,-0.0839,nan,nan,nan,nan
104.7090,6.8685,1.0161,0.1325,163.0725,-0.0000,-80.7664,6.9229,0.7861,0.1399,0.2365,-3.0108,49.0027,44.4724,-0.0847,nan,nan,nan,nan
104.7366,6.8685,1.0161,0.1325,163.0725,0.0000,-80.7664,6.9229,0.7861,0.1399,0.2364,-3.0179,49.0014,44.4740,-0.0845,nan,nan,nan,nan
104.7608,6.8685,1.0161,0.1325,163.0725,0.0000,-80.7665,6.9229,0.7861,0.1399,0.2365,-3.0226,48.9990,44.4746,-0.0832,nan,nan,nan,nan
104.7884,6.8685,1.0161,0.1325,163.0725,0.0001,-80.7665,6.9229,0.7861,0.1399,0.2365,-3.0294,48.9940,44.4761,-0.0717,nan,nan,nan,nan
104.8159,6.8685,1.0161,0.1325,163.0725,0.0000,-80.7665,6.9230,0.7861,0.1399,0.2364,-3.0384,48.9914,44.4804,-0.0637,nan,nan,nan,nan
104.8423,6.8685,1.0161,0.1325,163.0725,0.0000,-80.7665,6.9230,0.7862,0.1399,0.2364,-3.0451,48.9924,44.4833,-0.0621,nan,nan,nan,nan
104.8649,6.8685,1.0161,0.1325,163.0725,0.0000,-80.7665,6.9230,0.7862,0.1399,0.2364,-3.0480,48.9925,44.4837,-0.0618,nan,nan,nan,nan
104.8994,6.8685,1.0161,0.1325,163.0725,0.0001,-80.7665,6.9230,0.7862,0.1398,0.2364,-3.0595,48.9928,44.4861,-0.0624,nan,nan,nan,nan
104.9358,6.8685,1.0161,0.1325,163.0725,0.0000,-80.7665,6.9231,0.7862,0.1398,0.2364,-3.0721,48.9917,44.4913,-0.0630,nan,nan,nan,nan
104.9619,6.8685,1.0161,0.1325,163.0725,0.0000,-80.7665,6.9231,0.7862,0.1398,0.2364,-3.0754,48.9908,44.4940,-0.0615,nan,nan,nan,nan
104.9847,6.8685,1.0161,0.1325,163.0725,0.0000,-80.7665,6.9231,0.7862,0.1398,0.2364,-3.0780,48.9896,44.4978,-0.0567,nan,nan,nan,nan
105.0088,6.8685,1.0161,0.1325,163.0725,-0.0000,-80.7665,6.9231,0.7862,0.1398,0.2364,-3.0807,48.9879,44.5024,-0.0470,nan,nan,nan,nan
105.0353,6.8685,1.0161,0.1325,163.0725,-0.0000,-80.7665,6.9231,0.7862,0.1398,0.2364,-3.0853,48.9864,44.5064,-0.0374,nan,nan,nan,nan
105.0592,6.8685,1.0161,0.1325,163.0725,0.0000,-80.7664,6.9232,0.7863,0.1398,0.2364,-3.0994,48.9836,44.5124,-0.0277,nan,nan,nan,nan
105.0803,6.8685,1.0161,0.1325,163.0725,0.0000,-80.7665,6.9232,0.7863,0.1398,0.2364,-3.1108,48.9831,44.5135,-0.0194,nan,nan,nan,nan
105.1068,6.8685,1.0161,0.1325,163.0725,0.0000,-80.7664,6.9232,0.7863,0.1398,0.2364,-3.1169,48.9836,44.5134,-0.0178,nan,nan,nan,nan
105.1391,6.8685,1.0161,0.1325,163.0725,-0.0000,-80.7665,6.9233,0.7863,0.1397,0.2364,-3.1189,48.9842,44.5159,-0.0173,nan,nan,nan,nan
105.1659,6.8685,1.0161,0.1325,163.0725,-0.0000,-80.7665,6.9232,0.7863,0.1397,0.2364,-3.1158,48.9851,44.5166,-0.0164,nan,nan,nan,nan
105.1870,6.8685,1.0161,0.1325,163.0725,0.0000,-80.7664,6.9232,0.7863,0.1398,0.2364,-3.1029,48.9845,44.5182,-0.0156,nan,nan,nan,nan
105.2149,6.8685,1.0161,0.1325,163.0725,-0.0000,-80.7664,6.9231,0.7863,0.1398,0.2364,-3.0840,48.9841,44.5185,-0.0159,nan,nan,nan,nan
105.2409,6.8685,1.0161,0.1325,163.0725,-0.0000,-80.7664,6.9230,0.7862,0.1398,0.2364,-3.0692,48.9840,44.5191,-0.0150,nan,nan,nan,nan
105.2681,6.8685,1.0161,0.1325,163.0725,0.0000,-80.7665,6.9229,0.7862,0.1398,0.2364,-3.0417,48.9845,44.5226,-0.0123,nan,nan,nan,nan
105.2895,6.8685,1.0161,0.1325,163.0725,0.0000,-80.7665,6.9229,0.7862,0.1398,0.2363,-3.0293,48.9841,44.5258,-0.0116,nan,nan,nan,nan
105.3167,6.8685,1.0161,0.1325,163.0725,0.0000,-80.7665,6.9228,0.7862,0.1398,0.2363,-3.0144,48.9833,44.5307,-0.0119,nan,nan,nan,nan
105.3427,6.8685,1.0161,0.1325,163.0725,0.0000,-80.7665,6.9228,0.7862,0.1398,0.2363,-3.0060,48.9832,44.5322,-0.0128,nan,nan,nan,nan
105.3796,6.8685,1.0161,0.1325,163.0725,0.0001,-80.7664,6.9228,0.7862,0.1399,0.2363,-2.9928,48.9827,44.5332,-0.0104,nan,nan,nan,nan
105.4066,6.8685,1.0161,0.1325,163.0725,0.0001,-80.7664,6.9227,0.7862,0.1399,0.2363,-2.9819,48.9814,44.5332,-0.0102,nan,nan,nan,nan
105.4339,6.8685,1.0161,0.1325,163.0725,-0.0000,-80.7664,6.9227,0.7862,0.1399,0.2363,-2.9792,48.9808,44.5341,-0.0100,nan,nan,nan,nan
105.4632,6.8685,1.0161,0.1325,163.0725,-0.0000,-80.7664,6.9227,0.7862,0.1399,0.2363,-2.9688,48.9808,44.5366,-0.0076,nan,nan,nan,nan
105.4850,6.8685,1.0161,0.1325,163.0725,-0.0000,-80.7664,6.9226,0.7862,0.1399,0.2363,-2.9652,48.9802,44.5380,-0.0066,nan,nan,nan,nan
105.5064,6.8685,1.0161,0.1325,163.0725,-0.0000,-80.7664,6.9226,0.7862,0.1399,0.2363,-2.9595,48.9784,44.5391,-0.0072,nan,nan,nan,nan
105.5425,6.8685,1.0161,0.1325,163.0725,-0.0001,-80.7664,6.9226,0.7862,0.1399,0.2363,-2.9538,48.9771,44.5372,-0.0075,nan,nan,nan,nan
105.5636,6.8685,1.0161,0.1325,163.0725,-0.0001,-80.7664,6.9226,0.7862,0.1399,0.2363,-2.9486,48.9772,44.5325,-0.0106,nan,nan,nan,nan
105.5853,6.8685,1.0161,0.1325,163.0725,-0.0000,-80.7665,6.9226,0.7862,0.1399,0.2363,-2.9480,48.9771,44.5312,-0.0119,nan,nan,nan,nan
105.6104,6.8685,1.0161,0.1325,163.0725,0.0000,-80.7665,6.9226,0.7862,0.1399,0.2364,-2.9466,48.9785,44.5260,-0.0122,nan,nan,nan,nan
105.6404,6.8685,1.0161,0.1325,163.0725,-0.0000,-80.7664,6.9226,0.7862,0.1399,0.2363,-2.9461,48.9804,44.5283,-0.0056,nan,nan,nan,nan
105.6625,6.8685,1.0161,0.1325,163.0725,-0.0000,-80.7664,6.9226,0.7862,0.1399,0.2363,-2.9459,48.9809,44.5310,-0.0003,nan,nan,nan,nan
105.6825,6.8685,1.0161,0.1325,163.0725,-0.0000,-80.7664,6.9226,0.7862,0.1399,0.2363,-2.9432,48.9809,44.5357,0.0002,nan,nan,nan,nan
105.7090,6.8685,1.0161,0.1325,163.0725,-0.0000,-80.7664,6.9225,0.7862,0.1399,0.2363,-2.9413,48.9809,44.5399,-0.0032,nan,nan,nan,nan
105.7331,6.8685,1.0161,0.1325,163.0725,0.0000,-80.7665,6.9225,0.7862,0.1399,0.2363,-2.9380,48.9819,44.5501,-0.0064,nan,nan,nan,nan
105.7561,6.8685,1.0161,0.1325,163.0725,0.0000,-80.7665,6.9225,0.7862,0.1399,0.2363,-2.9406,48.9832,44.5576,-0.0117,nan,nan,nan,nan
105.7839,6.8685,1.0161,0.1325,163.0725,0.0000,-80.7665,6.9225,0.7862,0.1399,0.2363,-2.9442,48.9836,44.5630,-0.0171,nan,nan,nan,nan
105.8151,6.8685,1.0161,0.1325,163.0725,-0.0000,-80.7665,6.9225,0.7863,0.1398,0.2362,-2.9471,48.9841,44.5683,-0.0330,nan,nan,nan,nan
105.8421,6.8685,1.0161,0.1325,163.0725,-0.0000,-80.7664,6.9225,0.7863,0.1398,0.2362,-2.9452,48.9810,44.5766,-0.0562,nan,nan,nan,nan
105.8802,6.8685,1.0161,0.1325,163.0725,-0.0000,-80.7665,6.9225,0.7863,0.1399,0.2362,-2.9390,48.9776,44.5799,-0.0674,nan,nan,nan,nan
105.9064,6.8685,1.0161,0.1325,163.0725,-0.0000,-80.7665,6.9225,0.7863,0.1399,0.2362,-2.9338,48.9763,44.5804,-0.0679,nan,nan,nan,nan
105.9323,6.8685,1.0161,0.1325,163.0725,-0.0000,-80.7665,6.9225,0.7863,0.1399,0.2362,-2.9316,48.9760,44.5804,-0.0669,nan,nan,nan,nan
105.9531,6.8685,1.0161,0.1325,163.0725,-0.0000,-80.7664,6.9225,0.7863,0.1399,0.2362,-2.9244,48.9767,44.5830,-0.0647,nan,nan,nan,nan
105.9777,6.8685,1.0161,0.1325,163.0725,-0.0000,-80.7664,6.9224,0.7863,0.1399,0.2362,-2.9221,48.9787,44.5828,-0.0649,nan,nan,nan,nan
106.0041,6.8685,1.0161,0.1325,163.0725,-0.0000,-80.7665,6.9224,0.7863,0.1399,0.2362,-2.9200,48.9806,44.5808,-0.0653,nan,nan,nan,nan
106.0298,6.8685,1.0161,0.1325,163.0725,-0.0000,-80.7664,6.9224,0.7862,0.1399,0.2362,-2.9095,48.9839,44.5743,-0.0694,nan,nan,nan,nan
106.0522,6.8685,1.0161,0.1325,163.0725,-0.0000,-80.7664,6.9223,0.7862,0.1399,0.2362,-2.8994,48.9843,44.5717,-0.0722,nan,nan,nan,nan
106.0780,6.8685,1.0161,0.1325,163.0725,-0.0000,-80.7664,6.9223,0.7862,0.1399,0.2362,-2.8969,48.9842,44.5710,-0.0736,nan,nan,nan,nan
106.1093,6.8685,1.0161,0.1325,163.0725,-0.0000,-80.7665,6.9223,0.7862,0.1399,0.2362,-2.8908,48.9818,44.5688,-0.0764,nan,nan,nan,nan
106.1301,6.8685,1.0161,0.1325,163.0725,-0.0000,-80.7665,6.9223,0.7862,0.1399,0.2362,-2.8885,48.9791,44.5693,-0.0764,nan,nan,nan,nan
106.1528,6.8685,1.0161,0.1325,163.0725,-0.0000,-80.7665,6.9223,0.7862,0.1399,0.2362,-2.8843,48.9775,44.5693,-0.0746,nan,nan,nan,nan
106.1779,6.8685,1.0161,0.1325,163.0725,0.0000,-80.7664,6.9223,0.7862,0.1400,0.2362,-2.8693,48.9780,44.5703,-0.0712,nan,nan,nan,nan
106.2136,6.8685,1.0161,0.1325,163.0725,0.0000,-80.7664,6.9222,0.7862,0.1400,0.2362,-2.8510,48.9805,44.5718,-0.0740,nan,nan,nan,nan
106.2397,6.8685,1.0161,0.1325,163.0725,0.0000,-80.7664,6.9221,0.7862,0.1400,0.2362,-2.8393,48.9827,44.5730,-0.0777,nan,nan,nan,nan
106.2644,6.8685,1.0161,0.1325,163.0725,0.0000,-80.7664,6.9221,0.7862,0.1400,0.2362,-2.8343,48.9835,44.5744,-0.0832,nan,nan,nan,nan
106.3000,6.8685,1.0161,0.1325,163.0725,-0.0000,-80.7665,6.9221,0.7862,0.1400,0.2362,-2.8317,48.9850,44.5745,-0.0894,nan,nan,nan,nan
106.3285,6.8685,1.0161,0.1325,163.0725,-0.0000,-80.7665,6.9221,0.7862,0.1400,0.2362,-2.8288,48.9837,44.5784,-0.0909,nan,nan,nan,nan
106.3512,6.8685,1.0161,0.1325,163.0725,-0.0000,-80.7665,6.9221,0.7862,0.1400,0.2362,-2.8269,48.9812,44.5803,-0.0878,nan,nan,nan,nan
106.3731,6.8685,1.0161,0.1325,163.0725,-0.0000,-80.7664,6.9221,0.7862,0.1400,0.2362,-2.8262,48.9805,44.5804,-0.0863,nan,nan,nan,nan
106.3988,6.8685,1.0161,0.1325,163.0725,-0.0000,-80.7664,6.9221,0.7862,0.1400,0.2362,-2.8233,48.9788,44.5776,-0.0797,nan,nan,nan,nan
106.4242,6.8685,1.0161,0.1325,163.0725,-0.0000,-80.7664,6.9221,0.7862,0.1400,0.2362,-2.8222,48.9773,44.5760,-0.0775,nan,nan,nan,nan
106.4479,6.8685,1.0161,0.1325,163.0725,-0.0000,-80.7664,6.9220,0.7862,0.1400,0.2362,-2.8171,48.9745,44.5767,-0.0764,nan,nan,nan,nan
106.4749,6.8685,1.0161,0.1325,163.0725,-0.0001,-80.7664,6.9220,0.7862,0.1400,0.2362,-2.8116,48.9727,44.5801,-0.0726,nan,nan,nan,nan
106.4954,6.8685,1.0161,0.1325,163.0725,-0.0000,-80.7664,6.9220,0.7862,0.1400,0.2362,-2.8070,48.9715,44.5833,-0.0630,nan,nan,nan,nan
106.5162,6.8685,1.0161,0.1325,163.0725,-0.0000,-80.7664,6.9220,0.7862,0.1400,0.2362,-2.8037,48.9708,44.5830,-0.0494,nan,nan,nan,nan
106.5404,6.8685,1.0161,0.1325,163.0725,-0.0000,-80.7665,6.9220,0.7861,0.1400,0.2362,-2.8026,48.9710,44.5790,-0.0349,nan,nan,nan,nan
106.5622,6.8685,1.0161,0.1325,163.0725,0.0000,-80.7665,6.9220,0.7861,0.1401,0.2362,-2.8046,48.9699,44.5763,-0.0292,nan,nan,nan,nan
106.5972,6.8685,1.0161,0.1325,163.0725,0.0000,-80.7665,6.9221,0.7861,0.1401,0.2363,-2.8147,48.9650,44.5722,-0.0226,nan,nan,nan,nan
106.6201,6.8685,1.0161,0.1325,163.0725,0.0000,-80.7665,6.9221,0.7861,0.1401,0.2363,-2.8223,48.9629,44.5692,-0.0210,nan,nan,nan,nan
106.6467,6.8685,1.0161,0.1325,163.0725,0.0000,-80.7664,6.9221,0.7861,0.1401,0.2363,-2.8267,48.9628,44.5671,-0.0208,nan,nan,nan,nan
106.6738,6.8685,1.0161,0.1325,163.0725,0.0000,-80.7664,6.9221,0.7861,0.1401,0.2363,-2.8308,48.9635,44.5634,-0.0221,nan,nan,nan,nan
106.7053,6.8685,1.0161,0.1325,163.0726,-0.0001,-80.7664,6.9221,0.7861,0.1401,0.2363,-2.8261,48.9634,44.5618,-0.0210,nan,nan,nan,nan
106.7314,6.8685,1.0161,0.1325,163.0726,-0.0001,-80.7664,6.9221,0.7861,0.1401,0.2363,-2.8172,48.9627,44.5603,-0.0145,nan,nan,nan,nan
106.7529,6.8685,1.0161,0.1325,163.0725,-0.0000,-80.7664,6.9221,0.7861,0.1401,0.2363,-2.8142,48.9622,44.5600,-0.0126,nan,nan,nan,nan
106.7817,6.8685,1.0161,0.1325,163.0725,0.0000,-80.7664,6.9220,0.7861,0.1401,0.2363,-2.8019,48.9611,44.5594,-0.0017,nan,nan,nan,nan
106.8058,6.8685,1.0161,0.1325,163.0725,-0.0000,-80.7665,6.9220,0.7861,0.1401,0.2363,-2.7903,48.9617,44.5575,0.0037,nan,nan,nan,nan
106.8316,6.8685,1.0161,0.1325,163.0725,-0.0000,-80.7665,6.9220,0.7861,0.1402,0.2363,-2.7857,48.9613,44.5539,-0.0011,nan,nan,nan,nan
106.8588,6.8685,1.0161,0.1325,163.0725,-0.0000,-80.7665,6.9220,0.7861,0.1402,0.2363,-2.7835,48.9605,44.5519,-0.0044,nan,nan,nan,nan
106.8877,6.8685,1.0161,0.1325,163.0726,-0.0001,-80.7664,6.9219,0.7860,0.1402,0.2363,-2.7738,48.9602,44.5499,-0.0074,nan,nan,nan,nan
106.9187,6.8685,1.0161,0.1325,163.0725,0.0000,-80.7664,6.9219,0.7860,0.1402,0.2363,-2.7613,48.9586,44.5507,-0.0047,nan,nan,nan,nan
106.9450,6.8685,1.0161,0.1325,163.0725,0.0000,-80.7664,6.9218,0.7860,0.1402,0.2363,-2.7525,48.9580,44.5498,0.0003,nan,nan,nan,nan
106.9677,6.8685,1.0161,0.1325,163.0725,0.0001,-80.7665,6.9218,0.7860,0.1402,0.2363,-2.7393,48.9560,44.5469,0.0087,nan,nan,nan,nan
106.9930,6.8685,1.0161,0.1325,163.0725,-0.0000,-80.7664,6.9218,0.7860,0.1403,0.2363,-2.7303,48.9547,44.5444,0.0108,nan,nan,nan,nan
107.0147,6.8685,1.0161,0.1325,163.0725,-0.0000,-80.7664,6.9218,0.7860,0.1403,0.2363,-2.7282,48.9552,44.5419,0.0095,nan,nan,nan,nan
107.0364,6.8685,1.0161,0.1325,163.0725,-0.0000,-80.7665,6.9218,0.7860,0.1403,0.2364,-2.7304,48.9550,44.5406,0.0100,nan,nan,nan,nan
107.0634,6.8685,1.0161,0.1325,163.0725,0.0000,-80.7665,6.9218,0.7860,0.1403,0.2364,-2.7429,48.9540,44.5352,0.0089,nan,nan,nan,nan
107.0990,6.8685,1.0161,0.1325,163.0725,0.0000,-80.7665,6.9219,0.7860,0.1403,0.2364,-2.7574,48.9525,44.5279,0.0030,nan,nan,nan,nan
107.1210,6.8685,1.0161,0.1325,163.0725,0.0000,-80.7665,6.9220,0.7860,0.1403,0.2364,-2.7685,48.9520,44.5246,-0.0009,nan,nan,nan,nan
107.1476,6.8685,1.0161,0.1325,163.0725,0.0000,-80.7664,6.9220,0.7860,0.1403,0.2364,-2.7853,48.9526,44.5223,-0.0080,nan,nan,nan,nan
107.1762,6.8685,1.0161,0.1325,163.0725,-0.0000,-80.7664,6.9221,0.7860,0.1402,0.2364,-2.8024,48.9516,44.5241,-0.0161,nan,nan,nan,nan
107.1983,6.8685,1.0161,0.1325,163.0725,-0.0000,-80.7664,6.9221,0.7860,0.1402,0.2364,-2.8189,48.9520,44.5254,-0.0232,nan,nan,nan,nan
107.2250,6.8685,1.0161,0.1325,163.0725,-0.0001,-80.7664,6.9222,0.7860,0.1402,0.2364,-2.8236,48.9526,44.5250,-0.0266,nan,nan,nan,nan
107.2606,6.8685,1.0161,0.1325,163.0725,0.0000,-80.7664,6.9222,0.7860,0.1402,0.2364,-2.8395,48.9557,44.5220,-0.0393,nan,nan,nan,nan
107.2842,6.8685,1.0161,0.1325,163.0725,0.0000,-80.7664,6.9222,0.7860,0.1402,0.2364,-2.8473,48.9582,44.5228,-0.0482,nan,nan,nan,nan
107.3113,6.8685,1.0161,0.1325,163.0725,0.0000,-80.7664,6.9222,0.7861,0.1401,0.2364,-2.8493,48.9592,44.5256,-0.0535,nan,nan,nan,nan
107.3398,6.8685,1.0161,0.1325,163.0725,-0.0001,-80.7664,6.9222,0.7861,0.1401,0.2364,-2.8482,48.9587,44.5303,-0.0569,nan,nan,nan,nan
107.3675,6.8685,1.0161,0.1325,163.0725,-0.0000,-80.7665,6.9222,0.7861,0.1402,0.2364,-2.8382,48.9565,44.5328,-0.0583,nan,nan,nan,nan
107.3951,6.8685,1.0161,0.1325,163.0725,0.0000,-80.7665,6.9222,0.7860,0.1402,0.2364,-2.8255,48.9531,44.5322,-0.0661,nan,nan,nan,nan
107.4258,6.8685,1.0161,0.1325,163.0725,-0.0000,-80.7665,6.9221,0.7860,0.1402,0.2364,-2.8119,48.9512,44.5323,-0.0819,nan,nan,nan,nan
107.4615,6.8685,1.0161,0.1325,163.0725,0.0000,-80.7664,6.9221,0.7860,0.1402,0.2364,-2.8008,48.9499,44.5354,-0.0960,nan,nan,nan,nan
107.4825,6.8685,1.0161,0.1325,163.0725,0.0000,-80.7664,6.9220,0.7860,0.1402,0.2364,-2.7881,48.9491,44.5387,-0.0994,nan,nan,nan,nan
107.5039,6.8685,1.0161,0.1325,163.0725,0.0000,-80.7664,6.9220,0.7860,0.1402,0.2364,-2.7735,48.9490,44.5414,-0.1023,nan,nan,nan,nan
107.5276,6.8685,1.0161,0.1325,163.0725,0.0000,-80.7664,6.9219,0.7860,0.1403,0.2364,-2.7598,48.9504,44.5406,-0.1019,nan,nan,nan,nan
107.5582,6.8685,1.0161,0.1325,163.0725,-0.0000,-80.7665,6.9218,0.7860,0.1403,0.2364,-2.7435,48.9521,44.5394,-0.1015,nan,nan,nan,nan
107.5792,6.8685,1.0161,0.1325,163.0725,-0.0000,-80.7665,6.9218,0.7860,0.1403,0.2364,-2.7248,48.9546,44.5391,-0.0973,nan,nan,nan,nan
107.6042,6.8685,1.0161,0.1325,163.0725,0.0000,-80.7665,6.9217,0.7860,0.1403,0.2364,-2.7122,48.9564,44.5388,-0.0955,nan,nan,nan,nan
107.6283,6.8685,1.0161,0.1325,163.0725,0.0000,-80.7665,6.9216,0.7859,0.1403,0.2364,-2.6945,48.9596,44.5354,-0.0942,nan,nan,nan,nan
107.6516,6.8685,1.0161,0.1325,163.0725,0.0000,-80.7664,6.9216,0.7859,0.1403,0.2364,-2.6762,48.9633,44.5328,-0.0924,nan,nan,nan,nan
107.6759,6.8685,1.0161,0.1325,163.0725,-0.0000,-80.7664,6.9215,0.7859,0.1403,0.2364,-2.6659,48.9664,44.5305,-0.0910,nan,nan,nan,nan
107.7117,6.8685,1.0161,0.1325,163.0725,0.0000,-80.7664,6.9215,0.7859,0.1403,0.2364,-2.6595,48.9669,44.5253,-0.0864,nan,nan,nan,nan
107.7480,6.8685,1.0161,0.1325,163.0725,0.0001,-80.7664,6.9215,0.7859,0.1403,0.2364,-2.6611,48.9674,44.5195,-0.0863,nan,nan,nan,nan
107.7737,6.8685,1.0161,0.1325,163.0725,0.0001,-80.7664,6.9216,0.7859,0.1403,0.2364,-2.6658,48.9670,44.5170,-0.0865,nan,nan,nan,nan
107.7942,6.8685,1.0161,0.1325,163.0728,0.0000,-80.7665,6.9216,0.7859,0.1403,0.2364,-2.6735,48.9684,44.5100,-0.0866,nan,nan,nan,nan
107.8151,6.8685,1.0161,0.1325,163.0726,0.0001,-80.7664,6.9216,0.7859,0.1403,0.2364,-2.6810,48.9713,44.5024,-0.0883,nan,nan,nan,nan
107.8410,6.8685,1.0161,0.1325,163.0725,-0.0000,-80.7665,6.9217,0.7859,0.1403,0.2364,-2.6938,48.9757,44.4961,-0.0919,nan,nan,nan,nan
107.8694,6.8685,1.0161,0.1325,163.0725,-0.0000,-80.7665,6.9217,0.7859,0.1403,0.2364,-2.7076,48.9792,44.4924,-0.0950,nan,nan,nan,nan
107.8953,6.8685,1.0161,0.1325,163.0725,-0.0000,-80.7665,6.9218,0.7859,0.1403,0.2364,-2.7191,48.9822,44.4929,-0.0948,nan,nan,nan,nan
107.9222,6.8685,1.0161,0.1325,163.0725,0.0000,-80.7664,6.9218,0.7859,0.1403,0.2364,-2.7225,48.9823,44.4936,-0.0948,nan,nan,nan,nan
107.9543,6.8685,1.0161,0.1325,163.0725,-0.0000,-80.7665,6.9218,0.7859,0.1402,0.2364,-2.7334,48.9826,44.4963,-0.0936,nan,nan,nan,nan
107.9780,6.8685,1.0161,0.1325,163.0725,-0.0000,-80.7665,6.9218,0.7859,0.1402,0.2364,-2.7359,48.9829,44.4969,-0.0918,nan,nan,nan,nan
108.0014,6.8685,1.0161,0.1325,163.0725,-0.0000,-80.7664,6.9218,0.7859,0.1402,0.2364,-2.7375,48.9846,44.4963,-0.0893,nan,nan,nan,nan
108.0250,6.8685,1.0161,0.1325,163.0729,-0.0000,-80.7665,6.9218,0.7859,0.1402,0.2364,-2.7410,48.9881,44.4961,-0.0898,nan,nan,nan,nan
108.0567,6.8685,1.0161,0.1325,163.0725,0.0001,-80.7665,6.9218,0.7859,0.1402,0.2364,-2.7470,48.9873,44.4998,-0.0935,nan,nan,nan,nan
108.0911,6.8685,1.0161,0.1325,163.0725,0.0001,-80.7664,6.9219,0.7860,0.1402,0.2364,-2.7569,48.9862,44.5073,-0.0976,nan,nan,nan,nan
108.1138,6.8685,1.0161,0.1325,163.0725,0.0001,-80.7664,6.9219,0.7860,0.1402,0.2364,-2.7627,48.9870,44.5116,-0.0993,nan,nan,nan,nan
108.1352,6.8685,1.0161,0.1325,163.0725,0.0001,-80.7665,6.9219,0.7860,0.1401,0.2364,-2.7716,48.9897,44.5184,-0.0982,nan,nan,nan,nan
108.1662,6.8685,1.0161,0.1325,163.0725,0.0000,-80.7664,6.9219,0.7860,0.1401,0.2363,-2.7807,48.9912,44.5234,-0.0946,nan,nan,nan,nan
108.1911,6.8685,1.0161,0.1325,163.0725,0.0000,-80.7665,6.9220,0.7860,0.1401,0.2363,-2.7850,48.9939,44.5228,-0.0877,nan,nan,nan,nan
108.2289,6.8685,1.0161,0.1325,163.0725,-0.0000,-80.7664,6.9220,0.7860,0.1401,0.2363,-2.7845,48.9952,44.5253,-0.0843,nan,nan,nan,nan
108.2499,6.8685,1.0161,0.1325,163.0725,-0.0000,-80.7664,6.9219,0.7860,0.1401,0.2363,-2.7837,48.9948,44.5276,-0.0840,nan,nan,nan,nan
108.2747,6.8685,1.0161,0.1325,163.0725,-0.0000,-80.7664,6.9219,0.7860,0.1401,0.2363,-2.7786,48.9932,44.5329,-0.0832,nan,nan,nan,nan
108.2995,6.8685,1.0161,0.1325,163.0731,-0.0000,-80.7664,6.9219,0.7860,0.1401,0.2363,-2.7735,48.9939,44.5338,-0.0809,nan,nan,nan,nan
108.3362,6.8685,1.0161,0.1325,163.0725,0.0000,-80.7664,6.9219,0.7860,0.1401,0.2363,-2.7654,48.9956,44.5351,-0.0807,nan,nan,nan,nan
108.3578,6.8685,1.0161,0.1325,163.0725,0.0000,-80.7664,6.9219,0.7860,0.1401,0.2363,-2.7628,48.9962,44.5348,-0.0805,nan,nan,nan,nan
108.3805,6.8685,1.0161,0.1325,163.0725,-0.0000,-80.7664,6.9219,0.7860,0.1401,0.2363,-2.7605,48.9958,44.5340,-0.0769,nan,nan,nan,nan
108.4048,6.8685,1.0161,0.1325,163.0725,-0.0000,-80.7665,6.9218,0.7860,0.1401,0.2363,-2.7585,48.9946,44.5322,-0.0682,nan,nan,nan,nan
108.4283,6.8685,1.0161,0.1325,163.0725,-0.0000,-80.7665,6.9218,0.7860,0.1401,0.2363,-2.7519,48.9946,44.5319,-0.0574,nan,nan,nan,nan
108.4505,6.8685,1.0161,0.1325,163.0725,-0.0000,-80.7664,6.9218,0.7860,0.1401,0.2363,-2.7467,48.9951,44.5336,-0.0524,nan,nan,nan,nan
108.4803,6.8685,1.0161,0.1325,163.0725,0.0000,-80.7664,6.9218,0.7860,0.1401,0.2363,-2.7363,48.9973,44.5371,-0.0487,nan,nan,nan,nan
108.5124,6.8685,1.0161,0.1325,163.0725,0.0000,-80.7664,6.9217,0.7860,0.1401,0.2363,-2.7194,48.9985,44.5416,-0.0432,nan,nan,nan,nan
108.5444,6.8685,1.0161,0.1325,163.0725,-0.0000,-80.7664,6.9216,0.7860,0.1401,0.2363,-2.6954,48.9993,44.5458,-0.0309,nan,nan,nan,nan
108.5748,6.8685,1.0161,0.1325,163.0725,-0.0000,-80.7664,6.9215,0.7860,0.1402,0.2363,-2.6663,49.0004,44.5467,-0.0085,nan,nan,nan,nan
108.5957,6.8685,1.0161,0.1325,163.0725,-0.0000,-80.7664,6.9214,0.7860,0.1402,0.2363,-2.6509,49.0005,44.5472,-0.0000,nan,nan,nan,nan
108.6160,6.8685,1.0161,0.1325,163.0725,-0.0000,-80.7664,6.9213,0.7860,0.1402,0.2363,-2.6285,49.0008,44.5465,0.0084,nan,nan,nan,nan
108.6392,6.8685,1.0161,0.1325,163.0725,-0.0000,-80.7664,6.9212,0.7859,0.1402,0.2363,-2.6093,49.0017,44.5473,0.0180,nan,nan,nan,nan
108.6611,6.8685,1.0161,0.1325,163.0725,-0.0000,-80.7664,6.9212,0.7859,0.1402,0.2363,-2.6000,49.0018,44.5501,0.0273,nan,nan,nan,nan
108.6837,6.8685,1.0161,0.1325,163.0725,0.0000,-80.7665,6.9212,0.7859,0.1402,0.2362,-2.5903,49.0018,44.5552,0.0385,nan,nan,nan,nan
108.7165,6.8685,1.0161,0.1325,163.0725,-0.0000,-80.7665,6.9211,0.7860,0.1402,0.2362,-2.5858,49.0017,44.5622,0.0388,nan,nan,nan,nan
108.7507,6.8685,1.0161,0.1325,163.0725,0.0000,-80.7665,6.9211,0.7860,0.1402,0.2362,-2.5881,49.0002,44.5669,0.0375,nan,nan,nan,nan
108.7728,6.8685,1.0161,0.1325,163.0725,0.0000,-80.7665,6.9212,0.7860,0.1402,0.2362,-2.5929,48.9996,44.5671,0.0397,nan,nan,nan,nan
108.7947,6.8685,1.0161,0.1325,163.0727,0.0000,-80.7665,6.9212,0.7860,0.1402,0.2362,-2.6034,48.9979,44.5710,0.0451,nan,nan,nan,nan
108.8222,6.8685,1.0161,0.1325,163.0725,0.0001,-80.7665,6.9212,0.7860,0.1402,0.2362,-2.6085,48.9968,44.5740,0.0494,nan,nan,nan,nan
108.8446,6.8685,1.0161,0.1325,163.0725,0.0001,-80.7665,6.9212,0.7860,0.1402,0.2362,-2.6129,48.9975,44.5751,0.0549,nan,nan,nan,nan
108.8671,6.8685,1.0161,0.1325,163.0725,0.0000,-80.7665,6.9213,0.7860,0.1402,0.2362,-2.6205,48.9989,44.5759,0.0619,nan,nan,nan,nan
108.8984,6.8685,1.0161,0.1325,163.0725,-0.0000,-80.7665,6.9213,0.7860,0.1402,0.2362,-2.6306,48.9989,44.5737,0.0684,nan,nan,nan,nan
108.9327,6.8685,1.0161,0.1325,163.0725,0.0000,-80.7665,6.9214,0.7860,0.1401,0.2362,-2.6431,48.9973,44.5735,0.0724,nan,nan,nan,nan
108.9587,6.8685,1.0161,0.1325,163.0725,0.0000,-80.7665,6.9214,0.7860,0.1401,0.2362,-2.6517,48.9977,44.5745,0.0718,nan,nan,nan,nan
108.9850,6.8685,1.0161,0.1325,163.0725,0.0001,-80.7665,6.9214,0.7860,0.1401,0.2362,-2.6540,48.9985,44.5745,0.0714,nan,nan,nan,nan
109.0192,6.8685,1.0161,0.1325,163.0725,0.0000,-80.7665,6.9214,0.7860,0.1401,0.2362,-2.6650,49.0009,44.5721,0.0712,nan,nan,nan,nan
109.0418,6.8685,1.0161,0.1325,163.0725,0.0000,-80.7665,6.9215,0.7860,0.1401,0.2362,-2.6702,49.0008,44.5708,0.0738,nan,nan,nan,nan
109.0658,6.8685,1.0161,0.1325,163.0725,0.0000,-80.7665,6.9215,0.7860,0.1401,0.2362,-2.6751,48.9996,44.5704,0.0752,nan,nan,nan,nan
109.0976,6.8685,1.0161,0.1325,163.0726,-0.0000,-80.7664,6.9215,0.7861,0.1401,0.2362,-2.6907,48.9988,44.5665,0.0732,nan,nan,nan,nan
109.1184,6.8685,1.0161,0.1325,163.0726,-0.0000,-80.7664,6.9216,0.7861,0.1401,0.2362,-2.7115,48.9991,44.5635,0.0739,nan,nan,nan,nan
109.1437,6.8685,1.0161,0.1325,163.0725,0.0000,-80.7664,6.9217,0.7861,0.1401,0.2362,-2.7288,49.0013,44.5603,0.0737,nan,nan,nan,nan
109.1753,6.8685,1.0161,0.1325,163.0725,0.0001,-80.7665,6.9218,0.7861,0.1400,0.2362,-2.7555,49.0034,44.5577,0.0731,nan,nan,nan,nan
109.2125,6.8685,1.0161,0.1325,163.0725,-0.0000,-80.7664,6.9219,0.7861,0.1400,0.2362,-2.7852,49.0026,44.5587,0.0751,nan,nan,nan,nan
109.2387,6.8685,1.0161,0.1325,163.0725,-0.0000,-80.7664,6.9220,0.7861,0.1400,0.2362,-2.7995,49.0018,44.5599,0.0730,nan,nan,nan,nan
109.2626,6.8685,1.0161,0.1325,163.0725,0.0000,-80.7664,6.9220,0.7861,0.1400,0.2362,-2.8052,49.0010,44.5596,0.0724,nan,nan,nan,nan
109.2985,6.8685,1.0161,0.1325,163.0725,-0.0000,-80.7664,6.9220,0.7861,0.1400,0.2362,-2.8082,48.9988,44.5614,0.0750,nan,nan,nan,nan
109.3246,6.8685,1.0161,0.1325,163.0725,-0.0000,-80.7664,6.9220,0.7861,0.1400,0.2362,-2.8078,48.9971,44.5625,0.0772,nan,nan,nan,nan
109.3514,6.8685,1.0161,0.1325,163.0725,0.0000,-80.7665,6.9220,0.7861,0.1400,0.2362,-2.8052,48.9955,44.5632,0.0792,nan,nan,nan,nan
109.3873,6.8685,1.0161,0.1325,163.0725,-0.0000,-80.7664,6.9220,0.7861,0.1400,0.2362,-2.7978,48.9955,44.5645,0.0811,nan,nan,nan,nan
109.4091,6.8685,1.0161,0.1325,163.0725,-0.0000,-80.7664,6.9219,0.7861,0.1400,0.2362,-2.7910,48.9964,44.5663,0.0848,nan,nan,nan,nan
109.4351,6.8685,1.0161,0.1325,163.0725,0.0001,-80.7665,6.9219,0.7861,0.1400,0.2362,-2.7774,48.9972,44.5702,0.0931,nan,nan,nan,nan
109.4709,6.8685,1.0161,0.1325,163.0725,-0.0000,-80.7664,6.9218,0.7861,0.1400,0.2362,-2.7578,48.9980,44.5706,0.1034,nan,nan,nan,nan
109.4951,6.8685,1.0161,0.1325,163.0725,-0.0000,-80.7664,6.9217,0.7861,0.1400,0.2362,-2.7372,48.9984,44.5691,0.1140,nan,nan,nan,nan
109.5195,6.8685,1.0161,0.1325,163.0725,-0.0000,-80.7664,6.9217,0.7861,0.1401,0.2362,-2.7255,48.9980,44.5679,0.1179,nan,nan,nan,nan
109.5533,6.8685,1.0161,0.1325,163.0725,-0.0000,-80.7664,6.9216,0.7861,0.1401,0.2362,-2.7164,48.9959,44.5659,0.1220,nan,nan,nan,nan
109.5801,6.8685,1.0161,0.1325,163.0725,0.0000,-80.7664,6.9217,0.7861,0.1401,0.2362,-2.7188,48.9938,44.5625,0.1221,nan,nan,nan,nan
109.6017,6.8685,1.0161,0.1325,163.0725,0.0000,-80.7664,6.9217,0.7861,0.1401,0.2362,-2.7242,48.9940,44.5600,0.1233,nan,nan,nan,nan
109.6290,6.8685,1.0161,0.1325,163.0725,-0.0000,-80.7665,6.9217,0.7861,0.1401,0.2363,-2.7314,48.9943,44.5566,0.1228,nan,nan,nan,nan
109.6615,6.8685,1.0161,0.1325,163.0725,-0.0000,-80.7664,6.9218,0.7861,0.1401,0.2363,-2.7499,48.9971,44.5509,0.1247,nan,nan,nan,nan
109.6837,6.8685,1.0161,0.1325,163.0725,-0.0000,-80.7664,6.9218,0.7861,0.1400,0.2363,-2.7639,48.9983,44.5504,0.1281,nan,nan,nan,nan
109.7045,6.8685,1.0161,0.1325,163.0725,-0.0000,-80.7664,6.9219,0.7861,0.1400,0.2363,-2.7680,48.9982,44.5510,0.1292,nan,nan,nan,nan
109.7351,6.8685,1.0161,0.1325,163.0725,0.0000,-80.7664,6.9219,0.7861,0.1400,0.2363,-2.7800,49.0003,44.5516,0.1299,nan,nan,nan,nan
109.7609,6.8685,1.0161,0.1325,163.0725,0.0000,-80.7664,6.9219,0.7861,0.1400,0.2363,-2.7823,49.0017,44.5512,0.1301,nan,nan,nan,nan
109.7876,6.8685,1.0161,0.1325,163.0725,-0.0000,-80.7665,6.9219,0.7861,0.1400,0.2363,-2.7815,49.0043,44.5520,0.1317,nan,nan,nan,nan
109.8244,6.8685,1.0161,0.1325,163.0725,0.0000,-80.7664,6.9219,0.7861,0.1400,0.2362,-2.7755,49.0090,44.5528,0.1324,nan,nan,nan,nan
109.8467,6.8685,1.0161,0.1325,163.0725,0.0000,-80.7664,6.9218,0.7861,0.1400,0.2362,-2.7674,49.0134,44.5553,0.1317,nan,nan,nan,nan
109.8740,6.8685,1.0161,0.1325,163.0725,0.0000,-80.7664,6.9218,0.7861,0.1400,0.2362,-2.7652,49.0142,44.5565,0.1319,nan,nan,nan,nan
109.9071,6.8685,1.0161,0.1325,163.0725,-0.0000,-80.7665,6.9218,0.7861,0.1400,0.2362,-2.7566,49.0154,44.5611,0.1352,nan,nan,nan,nan
109.9450,6.8685,1.0161,0.1325,163.0725,-0.0001,-80.7665,6.9218,0.7861,0.1400,0.2362,-2.7505,49.0139,44.5653,0.1415,nan,nan,nan,nan
109.9711,6.8685,1.0161,0.1325,163.0725,-0.0001,-80.7665,6.9218,0.7861,0.1400,0.2362,-2.7503,49.0128,44.5670,0.1465,nan,nan,nan,nan
109.9984,6.8685,1.0161,0.1325,163.0725,-0.0000,-80.7665,6.9218,0.7861,0.1400,0.2362,-2.7537,49.0114,44.5678,0.1480,nan,nan,nan,nan
110.0344,6.8685,1.0161,0.1325,163.0725,-0.0000,-80.7664,6.9218,0.7861,0.1400,0.2362,-2.7648,49.0081,44.5676,0.1477,nan,nan,nan,nan
110.0607,6.8685,1.0161,0.1325,163.0725,-0.0000,-80.7664,6.9219,0.7861,0.1400,0.2362,-2.7722,49.0069,44.5656,0.1484,nan,nan,nan,nan
110.0812,6.8685,1.0161,0.1325,163.0725,-0.0000,-80.7664,6.9219,0.7861,0.1400,0.2362,-2.7788,49.0067,44.5632,0.1484,nan,nan,nan,nan
110.1136,6.8685,1.0161,0.1325,163.0725,0.0000,-80.7665,6.9219,0.7861,0.1400,0.2362,-2.7884,49.0096,44.5577,0.1453,nan,nan,nan,nan
110.1341,6.8685,1.0161,0.1325,163.0725,0.0000,-80.7665,6.9219,0.7861,0.1399,0.2362,-2.7903,49.0124,44.5533,0.1451,nan,nan,nan,nan
110.1617,6.8685,1.0161,0.1325,163.0725,0.0000,-80.7665,6.9219,0.7861,0.1399,0.2362,-2.7912,49.0152,44.5485,0.1456,nan,nan,nan,nan
110.1899,6.8685,1.0161,0.1325,163.0726,-0.0000,-80.7665,6.9219,0.7861,0.1400,0.2363,-2.7895,49.0179,44.5411,0.1461,nan,nan,nan,nan
110.2126,6.8685,1.0161,0.1325,163.0726,-0.0000,-80.7665,6.9219,0.7861,0.1400,0.2363,-2.7860,49.0197,44.5392,0.1456,nan,nan,nan,nan
110.2357,6.8685,1.0161,0.1325,163.0725,0.0000,-80.7664,6.9219,0.7861,0.1400,0.2363,-2.7840,49.0214,44.5370,0.1469,nan,nan,nan,nan
110.2676,6.8685,1.0161,0.1325,163.0725,-0.0000,-80.7664,6.9219,0.7861,0.1400,0.2363,-2.7809,49.0227,44.5335,0.1488,nan,nan,nan,nan
110.2942,6.8685,1.0161,0.1325,163.0725,-0.0000,-80.7664,6.9219,0.7861,0.1400,0.2363,-2.7769,49.0228,44.5336,0.1507,nan,nan,nan,nan
110.3191,6.8685,1.0161,0.1325,163.0725,-0.0000,-80.7664,6.9218,0.7861,0.1400,0.2363,-2.7687,49.0228,44.5328,0.1527,nan,nan,nan,nan
110.3394,6.8685,1.0161,0.1325,163.0725,-0.0001,-80.7664,6.9218,0.7861,0.1400,0.2363,-2.7650,49.0219,44.5309,0.1522,nan,nan,nan,nan
110.3657,6.8685,1.0161,0.1325,163.0725,-0.0001,-80.7664,6.9218,0.7860,0.1400,0.2363,-2.7612,49.0208,44.5296,0.1502,nan,nan,nan,nan
110.3921,6.8685,1.0161,0.1325,163.0725,-0.0000,-80.7665,6.9218,0.7860,0.1400,0.2363,-2.7572,49.0197,44.5297,0.1470,nan,nan,nan,nan
110.4244,6.8685,1.0161,0.1325,163.0725,0.0000,-80.7666,6.9218,0.7860,0.1400,0.2363,-2.7548,49.0186,44.5293,0.1417,nan,nan,nan,nan
110.4452,6.8685,1.0161,0.1325,163.0725,0.0000,-80.7666,6.9218,0.7860,0.1400,0.2363,-2.7564,49.0181,44.5287,0.1402,nan,nan,nan,nan
110.4670,6.8685,1.0161,0.1325,163.0725,0.0000,-80.7665,6.9218,0.7860,0.1400,0.2363,-2.7644,49.0170,44.5260,0.1402,nan,nan,nan,nan
110.4914,6.8685,1.0161,0.1325,163.0725,0.0000,-80.7664,6.9219,0.7860,0.1400,0.2363,-2.7738,49.0178,44.5256,0.1362,nan,nan,nan,nan
110.5257,6.8685,1.0161,0.1325,163.0725,-0.0000,-80.7664,6.9219,0.7861,0.1400,0.2363,-2.7881,49.0194,44.5267,0.1271,nan,nan,nan,nan
110.5541,6.8685,1.0161,0.1325,163.0725,0.0000,-80.7664,6.9220,0.7861,0.1399,0.2363,-2.8133,49.0199,44.5268,0.1175,nan,nan,nan,nan
110.5858,6.8685,1.0161,0.1325,163.0725,-0.0001,-80.7664,6.9221,0.7861,0.1399,0.2363,-2.8335,49.0206,44.5245,0.1192,nan,nan,nan,nan
110.6171,6.8685,1.0161,0.1325,163.0725,0.0000,-80.7664,6.9222,0.7861,0.1399,0.2363,-2.8475,49.0241,44.5223,0.1201,nan,nan,nan,nan
110.6538,6.8685,1.0161,0.1325,163.0725,0.0000,-80.7664,6.9222,0.7861,0.1399,0.2363,-2.8573,49.0297,44.5167,0.1161,nan,nan,nan,nan
110.6755,6.8685,1.0161,0.1325,163.0725,0.0000,-80.7664,6.9222,0.7861,0.1399,0.2363,-2.8585,49.0318,44.5148,0.1118,nan,nan,nan,nan
110.6980,6.8685,1.0161,0.1325,163.0725,-0.0000,-80.7665,6.9222,0.7861,0.1399,0.2363,-2.8582,49.0311,44.5142,0.1111,nan,nan,nan,nan
110.7219,6.8685,1.0161,0.1325,163.0725,-0.0000,-80.7665,6.9222,0.7861,0.1399,0.2363,-2.8556,49.0281,44.5141,0.1041,nan,nan,nan,nan
110.7459,6.8685,1.0161,0.1325,163.0725,-0.0000,-80.7665,6.9222,0.7861,0.1399,0.2363,-2.8523,49.0265,44.5126,0.0973,nan,nan,nan,nan
110.7676,6.8685,1.0161,0.1325,163.0725,-0.0000,-80.7665,6.9222,0.7861,0.1399,0.2363,-2.8494,49.0223,44.5123,0.0917,nan,nan,nan,nan
110.8000,6.8685,1.0161,0.1325,163.0725,-0.0000,-80.7665,6.9222,0.7861,0.1399,0.2363,-2.8461,49.0174,44.5125,0.0869,nan,nan,nan,nan
110.8233,6.8685,1.0161,0.1325,163.0725,-0.0000,-80.7665,6.9222,0.7861,0.1400,0.2363,-2.8431,49.0110,44.5113,0.0808,nan,nan,nan,nan
110.8478,6.8685,1.0161,0.1325,163.0725,0.0000,-80.7665,6.9222,0.7861,0.1400,0.2363,-2.8425,49.0071,44.5105,0.0777,nan,nan,nan,nan
110.8787,6.8685,1.0161,0.1325,163.0725,0.0000,-80.7664,6.9222,0.7861,0.1400,0.2364,-2.8431,49.0039,44.5072,0.0768,nan,nan,nan,nan
110.9003,6.8685,1.0161,0.1325,163.0725,0.0000,-80.7664,6.9222,0.7860,0.1400,0.2364,-2.8441,49.0002,44.5054,0.0760,nan,nan,nan,nan
110.9269,6.8685,1.0161,0.1325,163.0725,0.0001,-80.7665,6.9222,0.7860,0.1400,0.2364,-2.8464,48.9981,44.5055,0.0767,nan,nan,nan,nan
110.9586,6.8685,1.0161,0.1325,163.0725,0.0000,-80.7665,6.9222,0.7860,0.1400,0.2364,-2.8502,48.9970,44.5025,0.0787,nan,nan,nan,nan
110.9846,6.8685,1.0161,0.1325,163.0725,0.0000,-80.7665,6.9222,0.7860,0.1401,0.2364,-2.8515,48.9962,44.5000,0.0824,nan,nan,nan,nan
111.0117,6.8685,1.0161,0.1325,163.0725,0.0001,-80.7665,6.9222,0.7860,0.1401,0.2364,-2.8516,48.9941,44.4956,0.0860,nan,nan,nan,nan
111.0390,6.8685,1.0161,0.1325,163.0725,-0.0000,-80.7664,6.9222,0.7860,0.1401,0.2364,-2.8480,48.9911,44.4921,0.0878,nan,nan,nan,nan
111.0684,6.8685,1.0161,0.1325,163.0725,-0.0000,-80.7665,6.9222,0.7860,0.1401,0.2364,-2.8407,48.9893,44.4891,0.0859,nan,nan,nan,nan
111.0902,6.8685,1.0161,0.1325,163.0725,-0.0000,-80.7665,6.9222,0.7860,0.1401,0.2364,-2.8378,48.9895,44.4882,0.0824,nan,nan,nan,nan
111.1145,6.8685,1.0161,0.1325,163.0725,-0.0000,-80.7664,6.9222,0.7860,0.1401,0.2364,-2.8328,48.9905,44.4872,0.0735,nan,nan,nan,nan
111.1470,6.8685,1.0161,0.1325,163.0725,0.0001,-80.7665,6.9222,0.7860,0.1401,0.2364,-2.8247,48.9907,44.4862,0.0677,nan,nan,nan,nan
111.1741,6.8685,1.0161,0.1325,163.0725,0.0000,-80.7665,6.9221,0.7860,0.1401,0.2364,-2.8062,48.9914,44.4856,0.0642,nan,nan,nan,nan
111.2108,6.8685,1.0161,0.1325,163.0725,0.0000,-80.7664,6.9220,0.7859,0.1402,0.2364,-2.7877,48.9906,44.4815,0.0581,nan,nan,nan,nan
111.2368,6.8685,1.0161,0.1325,163.0725,0.0000,-80.7664,6.9220,0.7859,0.1402,0.2364,-2.7801,48.9897,44.4808,0.0536,nan,nan,nan,nan
111.2592,6.8685,1.0161,0.1325,163.0725,0.0000,-80.7664,6.9219,0.7859,0.1402,0.2365,-2.7688,48.9868,44.4815,0.0518,nan,nan,nan,nan
111.2950,6.8685,1.0161,0.1325,163.0725,-0.0000,-80.7664,6.9219,0.7859,0.1402,0.2365,-2.7612,48.9833,44.4836,0.0518,nan,nan,nan,nan
111.3168,6.8685,1.0161,0.1325,163.0725,-0.0000,-80.7664,6.9219,0.7859,0.1403,0.2364,-2.7563,48.9812,44.4854,0.0509,nan,nan,nan,nan
111.3411,6.8685,1.0161,0.1325,163.0725,-0.0000,-80.7665,6.9219,0.7859,0.1403,0.2365,-2.7520,48.9793,44.4864,0.0501,nan,nan,nan,nan
111.3753,6.8685,1.0161,0.1325,163.0725,-0.0000,-80.7664,6.9219,0.7859,0.1403,0.2365,-2.7425,48.9773,44.4857,0.0502,nan,nan,nan,nan
111.3998,6.8685,1.0161,0.1325,163.0725,0.0000,-80.7664,6.9218,0.7859,0.1403,0.2365,-2.7302,48.9770,44.4852,0.0542,nan,nan,nan,nan
111.4210,6.8685,1.0161,0.1325,163.0725,0.0000,-80.7664,6.9218,0.7859,0.1403,0.2365,-2.7235,48.9774,44.4853,0.0550,nan,nan,nan,nan
111.4464,6.8685,1.0161,0.1325,163.0725,0.0000,-80.7664,6.9217,0.7859,0.1403,0.2364,-2.7098,48.9794,44.4883,0.0566,nan,nan,nan,nan
111.4730,6.8685,1.0161,0.1325,163.0725,0.0000,-80.7664,6.9217,0.7859,0.1403,0.2364,-2.7034,48.9796,44.4920,0.0586,nan,nan,nan,nan
111.4992,6.8685,1.0161,0.1325,163.0725,0.0000,-80.7664,6.9217,0.7859,0.1403,0.2364,-2.6928,48.9807,44.4977,0.0644,nan,nan,nan,nan
111.5233,6.8685,1.0161,0.1325,163.0725,0.0000,-80.7664,6.9216,0.7859,0.1403,0.2364,-2.6858,48.9814,44.5005,0.0684,nan,nan,nan,nan
111.5581,6.8685,1.0161,0.1325,163.0725,0.0001,-80.7665,6.9216,0.7859,0.1403,0.2364,-2.6755,48.9818,44.5045,0.0712,nan,nan,nan,nan
111.5938,6.8685,1.0161,0.1325,163.0725,0.0000,-80.7664,6.9215,0.7859,0.1403,0.2364,-2.6579,48.9833,44.5075,0.0690,nan,nan,nan,nan
111.6174,6.8685,1.0161,0.1325,163.0725,0.0000,-80.7664,6.9214,0.7859,0.1403,0.2364,-2.6479,48.9838,44.5067,0.0674,nan,nan,nan,nan
111.6378,6.8685,1.0161,0.1325,163.0725,0.0000,-80.7664,6.9214,0.7858,0.1404,0.2364,-2.6310,48.9844,44.5038,0.0678,nan,nan,nan,nan
111.6580,6.8685,1.0161,0.1325,163.0725,-0.0000,-80.7664,6.9213,0.7858,0.1404,0.2364,-2.6109,48.9844,44.5001,0.0722,nan,nan,nan,nan
111.6841,6.8685,1.0161,0.1325,163.0725,-0.0000,-80.7664,6.9212,0.7858,0.1404,0.2364,-2.5861,48.9837,44.4942,0.0735,nan,nan,nan,nan
111.7108,6.8685,1.0161,0.1325,163.0725,-0.0001,-80.7664,6.9212,0.7858,0.1405,0.2364,-2.5672,48.9826,44.4901,0.0743,nan,nan,nan,nan
111.7465,6.8685,1.0161,0.1325,163.0725,0.0001,-80.7664,6.9211,0.7857,0.1405,0.2364,-2.5359,48.9816,44.4863,0.0730,nan,nan,nan,nan
111.7722,6.8685,1.0161,0.1325,163.0725,0.0001,-80.7664,6.9210,0.7857,0.1405,0.2365,-2.5068,48.9817,44.4817,0.0742,nan,nan,nan,nan
111.7941,6.8685,1.0161,0.1325,163.0725,-0.0000,-80.7664,6.9209,0.7857,0.1406,0.2365,-2.4977,48.9820,44.4801,0.0742,nan,nan,nan,nan
111.8218,6.8685,1.0161,0.1325,163.0725,-0.0000,-80.7665,6.9208,0.7857,0.1406,0.2365,-2.4697,48.9834,44.4786,0.0709,nan,nan,nan,nan
111.8473,6.8685,1.0161,0.1325,163.0725,-0.0000,-80.7665,6.9208,0.7857,0.1406,0.2365,-2.4571,48.9846,44.4807,0.0676,nan,nan,nan,nan
111.8742,6.8685,1.0161,0.1325,163.0725,-0.0000,-80.7664,6.9208,0.7857,0.1406,0.2364,-2.4551,48.9845,44.4818,0.0669,nan,nan,nan,nan
111.9078,6.8685,1.0161,0.1325,163.0725,0.0000,-80.7664,6.9208,0.7857,0.1406,0.2364,-2.4568,48.9830,44.4868,0.0689,nan,nan,nan,nan
111.9340,6.8685,1.0161,0.1325,163.0725,0.0000,-80.7664,6.9208,0.7857,0.1406,0.2364,-2.4613,48.9819,44.4898,0.0704,nan,nan,nan,nan
111.9610,6.8685,1.0161,0.1325,163.0725,-0.0000,-80.7664,6.9208,0.7857,0.1406,0.2364,-2.4684,48.9809,44.4923,0.0725,nan,nan,nan,nan
111.9887,6.8685,1.0161,0.1325,163.0725,-0.0001,-80.7664,6.9209,0.7857,0.1406,0.2364,-2.4877,48.9805,44.4944,0.0781,nan,nan,nan,nan
112.0146,6.8685,1.0161,0.1325,163.0725,-0.0001,-80.7664,6.9209,0.7857,0.1405,0.2364,-2.5024,48.9786,44.4993,0.0849,nan,nan,nan,nan
112.0390,6.8685,1.0161,0.1325,163.0725,-0.0000,-80.7664,6.9210,0.7857,0.1405,0.2364,-2.5162,48.9770,44.5059,0.0897,nan,nan,nan,nan
112.0619,6.8685,1.0161,0.1325,163.0725,0.0000,-80.7664,6.9210,0.7858,0.1405,0.2364,-2.5240,48.9769,44.5105,0.0939,nan,nan,nan,nan
112.0840,6.8685,1.0161,0.1325,163.0725,0.0000,-80.7664,6.9210,0.7858,0.1405,0.2364,-2.5344,48.9774,44.5177,0.0971,nan,nan,nan,nan
112.1099,6.8685,1.0161,0.1325,163.0725,0.0001,-80.7664,6.9211,0.7858,0.1404,0.2364,-2.5379,48.9780,44.5191,0.0975,nan,nan,nan,nan
112.1378,6.8685,1.0161,0.1325,163.0725,0.0000,-80.7665,6.9211,0.7858,0.1404,0.2364,-2.5531,48.9784,44.5232,0.0944,nan,nan,nan,nan
112.1697,6.8685,1.0161,0.1325,163.0726,-0.0000,-80.7664,6.9212,0.7858,0.1404,0.2364,-2.5687,48.9780,44.5259,0.0991,nan,nan,nan,nan
112.2025,6.8685,1.0161,0.1325,163.0725,-0.0000,-80.7664,6.9212,0.7859,0.1404,0.2363,-2.5892,48.9790,44.5265,0.1079,nan,nan,nan,nan
112.2351,6.8685,1.0161,0.1325,163.0725,-0.0000,-80.7665,6.9213,0.7859,0.1403,0.2363,-2.6095,48.9793,44.5284,0.1173,nan,nan,nan,nan
112.2643,6.8685,1.0161,0.1325,163.0725,0.0000,-80.7665,6.9214,0.7859,0.1403,0.2363,-2.6245,48.9799,44.5322,0.1276,nan,nan,nan,nan
112.2883,6.8685,1.0161,0.1325,163.0725,0.0000,-80.7665,6.9214,0.7859,0.1403,0.2363,-2.6314,48.9817,44.5347,0.1320,nan,nan,nan,nan
112.3095,6.8685,1.0161,0.1325,163.0729,-0.0000,-80.7665,6.9214,0.7859,0.1403,0.2363,-2.6330,48.9823,44.5358,0.1325,nan,nan,nan,nan
112.3375,6.8685,1.0161,0.1325,163.0725,-0.0000,-80.7664,6.9214,0.7859,0.1403,0.2363,-2.6384,48.9846,44.5369,0.1335,nan,nan,nan,nan
112.3608,6.8685,1.0161,0.1325,163.0725,-0.0000,-80.7664,6.9214,0.7859,0.1403,0.2363,-2.6423,48.9849,44.5358,0.1347,nan,nan,nan,nan
112.3862,6.8685,1.0161,0.1325,163.0725,0.0000,-80.7664,6.9215,0.7859,0.1403,0.2363,-2.6479,48.9849,44.5339,0.1363,nan,nan,nan,nan
112.4171,6.8685,1.0161,0.1325,163.0725,0.0001,-80.7664,6.9215,0.7859,0.1403,0.2363,-2.6593,48.9840,44.5315,0.1448,nan,nan,nan,nan
112.4424,6.8685,1.0161,0.1325,163.0725,0.0001,-80.7664,6.9215,0.7859,0.1402,0.2363,-2.6684,48.9845,44.5311,0.1487,nan,nan,nan,nan
112.4652,6.8685,1.0161,0.1325,163.0725,-0.0000,-80.7664,6.9215,0.7859,0.1402,0.2363,-2.6720,48.9850,44.5303,0.1483,nan,nan,nan,nan
112.5008,6.8685,1.0161,0.1325,163.0725,0.0000,-80.7664,6.9216,0.7859,0.1402,0.2363,-2.6845,48.9853,44.5276,0.1417,nan,nan,nan,nan
112.5278,6.8685,1.0161,0.1325,163.0725,0.0000,-80.7664,6.9216,0.7860,0.1402,0.2363,-2.6881,48.9850,44.5286,0.1413,nan,nan,nan,nan
112.5531,6.8685,1.0161,0.1325,163.0725,0.0000,-80.7664,6.9216,0.7860,0.1402,0.2363,-2.6884,48.9848,44.5296,0.1408,nan,nan,nan,nan
112.5789,6.8685,1.0161,0.1325,163.0725,0.0000,-80.7664,6.9216,0.7860,0.1402,0.2363,-2.6875,48.9864,44.5333,0.1349,nan,nan,nan,nan
112.6049,6.8685,1.0161,0.1325,163.0725,0.0000,-80.7664,6.9216,0.7860,0.1402,0.2363,-2.6856,48.9882,44.5333,0.1283,nan,nan,nan,nan
112.6328,6.8685,1.0161,0.1325,163.0725,-0.0001,-80.7664,6.9215,0.7860,0.1402,0.2363,-2.6825,48.9903,44.5342,0.1224,nan,nan,nan,nan
112.6676,6.8685,1.0161,0.1325,163.0725,0.0000,-80.7664,6.9215,0.7860,0.1402,0.2363,-2.6719,48.9944,44.5394,0.1174,nan,nan,nan,nan
112.6910,6.8685,1.0161,0.1325,163.0725,0.0000,-80.7664,6.9215,0.7860,0.1402,0.2363,-2.6642,48.9994,44.5408,0.1148,nan,nan,nan,nan
112.7157,6.8685,1.0161,0.1325,163.0725,-0.0000,-80.7664,6.9214,0.7860,0.1402,0.2363,-2.6594,49.0022,44.5412,0.1154,nan,nan,nan,nan
112.7461,6.8685,1.0161,0.1325,163.0725,-0.0000,-80.7664,6.9214,0.7860,0.1402,0.2363,-2.6537,49.0059,44.5439,0.1178,nan,nan,nan,nan
112.7840,6.8685,1.0161,0.1325,163.0725,-0.0000,-80.7665,6.9214,0.7860,0.1401,0.2363,-2.6525,49.0103,44.5482,0.1241,nan,nan,nan,nan
112.8091,6.8685,1.0161,0.1325,163.0725,-0.0000,-80.7665,6.9214,0.7860,0.1401,0.2362,-2.6533,49.0126,44.5488,0.1258,nan,nan,nan,nan
112.8318,6.8685,1.0161,0.1325,163.0726,-0.0000,-80.7665,6.9214,0.7860,0.1401,0.2362,-2.6529,49.0161,44.5506,0.1302,nan,nan,nan,nan
112.8671,6.8685,1.0161,0.1325,163.0725,0.0000,-80.7665,6.9214,0.7860,0.1401,0.2362,-2.6526,49.0204,44.5520,0.1288,nan,nan,nan,nan
112.8880,6.8685,1.0161,0.1325,163.0725,0.0000,-80.7665,6.9214,0.7860,0.1401,0.2362,-2.6516,49.0240,44.5538,0.1228,nan,nan,nan,nan
112.9105,6.8685,1.0161,0.1325,163.0725,0.0000,-80.7665,6.9214,0.7860,0.1401,0.2362,-2.6513,49.0269,44.5560,0.1203,nan,nan,nan,nan
112.9408,6.8685,1.0161,0.1325,163.0725,-0.0000,-80.7665,6.9214,0.7860,0.1400,0.2362,-2.6545,49.0299,44.5590,0.1202,nan,nan,nan,nan
112.9734,6.8685,1.0161,0.1325,163.0725,-0.0000,-80.7665,6.9214,0.7861,0.1400,0.2362,-2.6693,49.0305,44.5629,0.1187,nan,nan,nan,nan
113.0037,6.8685,1.0161,0.1325,163.0726,0.0000,-80.7665,6.9215,0.7861,0.1400,0.2362,-2.6918,49.0306,44.5685,0.1134,nan,nan,nan,nan
113.0253,6.8685,1.0161,0.1325,163.0726,0.0000,-80.7665,6.9216,0.7861,0.1399,0.2362,-2.7068,49.0313,44.5718,0.1091,nan,nan,nan,nan
113.0475,6.8685,1.0161,0.1325,163.0725,0.0001,-80.7665,6.9216,0.7861,0.1399,0.2361,-2.7333,49.0326,44.5774,0.1050,nan,nan,nan,nan
113.0789,6.8685,1.0161,0.1325,163.0725,-0.0000,-80.7665,6.9218,0.7862,0.1398,0.2361,-2.7674,49.0332,44.5804,0.0959,nan,nan,nan,nan
113.1129,6.8685,1.0161,0.1325,163.0725,-0.0000,-80.7664,6.9220,0.7862,0.1398,0.2361,-2.8148,49.0350,44.5789,0.0863,nan,nan,nan,nan
113.1360,6.8685,1.0161,0.1325,163.0725,0.0000,-80.7664,6.9221,0.7863,0.1397,0.2361,-2.8562,49.0355,44.5812,0.0863,nan,nan,nan,nan
113.1704,6.8685,1.0161,0.1325,163.0725,0.0000,-80.7665,6.9222,0.7863,0.1397,0.2361,-2.8945,49.0385,44.5840,0.0901,nan,nan,nan,nan
113.2059,6.8685,1.0161,0.1325,163.0725,0.0001,-80.7665,6.9224,0.7863,0.1396,0.2361,-2.9318,49.0410,44.5875,0.0875,nan,nan,nan,nan
113.2310,6.8685,1.0161,0.1325,163.0725,0.0001,-80.7665,6.9225,0.7864,0.1396,0.2361,-2.9537,49.0435,44.5866,0.0823,nan,nan,nan,nan
113.2513,6.8685,1.0161,0.1325,163.0725,0.0000,-80.7665,6.9225,0.7864,0.1395,0.2361,-2.9725,49.0456,44.5830,0.0814,nan,nan,nan,nan
113.2741,6.8685,1.0161,0.1325,163.0725,0.0000,-80.7665,6.9226,0.7864,0.1395,0.2361,-2.9851,49.0459,44.5820,0.0824,nan,nan,nan,nan
113.2985,6.8685,1.0161,0.1325,163.0725,0.0000,-80.7665,6.9226,0.7864,0.1395,0.2361,-2.9984,49.0449,44.5826,0.0854,nan,nan,nan,nan
113.3218,6.8685,1.0161,0.1325,163.0725,0.0000,-80.7665,6.9226,0.7864,0.1395,0.2361,-3.0003,49.0443,44.5831,0.0855,nan,nan,nan,nan
113.3448,6.8685,1.0161,0.1325,163.0725,-0.0000,-80.7665,6.9226,0.7864,0.1395,0.2361,-3.0003,49.0411,44.5819,0.0845,nan,nan,nan,nan
113.3729,6.8685,1.0161,0.1325,163.0725,0.0000,-80.7665,6.9226,0.7864,0.1396,0.2361,-2.9873,49.0373,44.5764,0.0783,nan,nan,nan,nan
113.3990,6.8685,1.0161,0.1325,163.0725,0.0000,-80.7665,6.9226,0.7863,0.1396,0.2362,-2.9728,49.0343,44.5744,0.0703,nan,nan,nan,nan
113.4257,6.8685,1.0161,0.1325,163.0725,0.0001,-80.7664,6.9225,0.7863,0.1396,0.2362,-2.9682,49.0333,44.5748,0.0661,nan,nan,nan,nan
113.4581,6.8685,1.0161,0.1325,163.0725,0.0000,-80.7665,6.9225,0.7863,0.1396,0.2362,-2.9511,49.0313,44.5720,0.0410,nan,nan,nan,nan
113.4813,6.8685,1.0161,0.1325,163.0725,0.0000,-80.7665,6.9225,0.7863,0.1397,0.2362,-2.9442,49.0316,44.5693,0.0256,nan,nan,nan,nan
113.5053,6.8685,1.0161,0.1325,163.0726,-0.0000,-80.7664,6.9224,0.7863,0.1397,0.2362,-2.9384,49.0313,44.5644,0.0015,nan,nan,nan,nan
113.5270,6.8685,1.0161,0.1325,163.0725,0.0000,-80.7665,6.9224,0.7863,0.1397,0.2362,-2.9360,49.0305,44.5607,-0.0141,nan,nan,nan,nan
113.5556,6.8685,1.0161,0.1325,163.0725,0.0001,-80.7664,6.9225,0.7863,0.1397,0.2362,-2.9380,49.0293,44.5562,-0.0197,nan,nan,nan,nan
113.5869,6.8685,1.0161,0.1325,163.0725,-0.0000,-80.7664,6.9225,0.7863,0.1397,0.2362,-2.9503,49.0254,44.5559,-0.0194,nan,nan,nan,nan
113.6118,6.8685,1.0161,0.1325,163.0725,-0.0000,-80.7664,6.9225,0.7863,0.1397,0.2362,-2.9580,49.0199,44.5569,-0.0187,nan,nan,nan,nan
113.6379,6.8685,1.0161,0.1325,163.0725,0.0000,-80.7664,6.9226,0.7863,0.1397,0.2362,-2.9599,49.0171,44.5562,-0.0212,nan,nan,nan,nan
113.6632,6.8685,1.0161,0.1325,163.0725,0.0000,-80.7664,6.9226,0.7863,0.1397,0.2362,-2.9590,49.0137,44.5540,-0.0241,nan,nan,nan,nan
113.6887,6.8685,1.0161,0.1325,163.0725,0.0000,-80.7664,6.9226,0.7863,0.1398,0.2362,-2.9592,49.0121,44.5512,-0.0270,nan,nan,nan,nan
113.7150,6.8685,1.0161,0.1325,163.0725,0.0000,-80.7664,6.9226,0.7862,0.1398,0.2363,-2.9634,49.0101,44.5444,-0.0367,nan,nan,nan,nan
113.7361,6.8685,1.0161,0.1325,163.0725,0.0001,-80.7665,6.9226,0.7862,0.1398,0.2363,-2.9668,49.0101,44.5428,-0.0407,nan,nan,nan,nan
113.7577,6.8685,1.0161,0.1325,163.0725,0.0001,-80.7665,6.9226,0.7862,0.1398,0.2363,-2.9725,49.0101,44.5420,-0.0429,nan,nan,nan,nan
113.7841,6.8685,1.0161,0.1325,163.0725,0.0000,-80.7665,6.9227,0.7863,0.1398,0.2363,-2.9839,49.0108,44.5414,-0.0416,nan,nan,nan,nan
113.8193,6.8685,1.0161,0.1325,163.0725,-0.0000,-80.7664,6.9227,0.7863,0.1397,0.2363,-2.9978,49.0107,44.5410,-0.0414,nan,nan,nan,nan
113.8448,6.8685,1.0161,0.1325,163.0725,-0.0000,-80.7664,6.9228,0.7863,0.1397,0.2363,-3.0079,49.0113,44.5407,-0.0410,nan,nan,nan,nan
113.8659,6.8685,1.0161,0.1325,163.0725,0.0000,-80.7665,6.9228,0.7863,0.1397,0.2363,-3.0197,49.0119,44.5402,-0.0385,nan,nan,nan,nan
113.9003,6.8685,1.0161,0.1325,163.0726,0.0000,-80.7664,6.9229,0.7863,0.1397,0.2363,-3.0393,49.0137,44.5392,-0.0295,nan,nan,nan,nan
113.9226,6.8685,1.0161,0.1325,163.0726,0.0000,-80.7664,6.9229,0.7863,0.1397,0.2363,-3.0443,49.0140,44.5368,-0.0239,nan,nan,nan,nan
113.9427,6.8685,1.0161,0.1325,163.0725,0.0000,-80.7664,6.9229,0.7863,0.1397,0.2363,-3.0422,49.0136,44.5356,-0.0223,nan,nan,nan,nan
113.9643,6.8685,1.0161,0.1325,163.0725,0.0000,-80.7665,6.9229,0.7863,0.1397,0.2363,-3.0294,49.0140,44.5347,-0.0201,nan,nan,nan,nan
113.9858,6.8685,1.0161,0.1325,163.0725,0.0000,-80.7665,6.9228,0.7863,0.1397,0.2363,-3.0168,49.0142,44.5349,-0.0183,nan,nan,nan,nan
114.0126,6.8685,1.0161,0.1325,163.0725,-0.0000,-80.7665,6.9227,0.7862,0.1397,0.2363,-2.9914,49.0145,44.5363,-0.0178,nan,nan,nan,nan
114.0346,6.8685,1.0161,0.1325,163.0726,-0.0000,-80.7665,6.9226,0.7862,0.1398,0.2363,-2.9647,49.0157,44.5374,-0.0222,nan,nan,nan,nan
114.0647,6.8685,1.0161,0.1325,163.0728,-0.0001,-80.7664,6.9225,0.7862,0.1398,0.2363,-2.9291,49.0183,44.5338,-0.0200,nan,nan,nan,nan
114.0909,6.8685,1.0161,0.1325,163.0728,-0.0001,-80.7664,6.9224,0.7862,0.1398,0.2363,-2.9044,49.0203,44.5301,-0.0172,nan,nan,nan,nan
114.1129,6.8685,1.0161,0.1325,163.0725,-0.0000,-80.7664,6.9223,0.7862,0.1398,0.2363,-2.8976,49.0207,44.5290,-0.0171,nan,nan,nan,nan
114.1419,6.8685,1.0161,0.1325,163.0725,0.0000,-80.7664,6.9223,0.7861,0.1399,0.2363,-2.8792,49.0216,44.5274,-0.0214,nan,nan,nan,nan
114.1686,6.8685,1.0161,0.1325,163.0725,0.0000,-80.7665,6.9222,0.7861,0.1399,0.2363,-2.8640,49.0193,44.5297,-0.0233,nan,nan,nan,nan
114.1950,6.8685,1.0161,0.1325,163.0725,0.0000,-80.7665,6.9222,0.7861,0.1399,0.2363,-2.8521,49.0185,44.5311,-0.0273,nan,nan,nan,nan
114.2205,6.8685,1.0161,0.1325,163.0725,0.0000,-80.7664,6.9221,0.7861,0.1399,0.2363,-2.8478,49.0186,44.5308,-0.0292,nan,nan,nan,nan
114.2406,6.8685,1.0161,0.1325,163.0725,0.0000,-80.7664,6.9221,0.7861,0.1399,0.2363,-2.8295,49.0174,44.5268,-0.0346,nan,nan,nan,nan
114.2662,6.8685,1.0161,0.1325,163.0725,0.0000,-80.7664,6.9220,0.7861,0.1400,0.2363,-2.8196,49.0169,44.5217,-0.0360,nan,nan,nan,nan
114.2874,6.8685,1.0161,0.1325,163.0725,0.0000,-80.7665,6.9220,0.7861,0.1400,0.2363,-2.8069,49.0151,44.5152,-0.0378,nan,nan,nan,nan
114.3197,6.8685,1.0161,0.1325,163.0725,0.0000,-80.7665,6.9220,0.7860,0.1400,0.2363,-2.8010,49.0135,44.5113,-0.0385,nan,nan,nan,nan
114.3459,6.8685,1.0161,0.1325,163.0725,0.0000,-80.7665,6.9220,0.7860,0.1400,0.2363,-2.8014,49.0126,44.5103,-0.0365,nan,nan,nan,nan
114.3700,6.8685,1.0161,0.1325,163.0725,0.0000,-80.7664,6.9220,0.7860,0.1400,0.2363,-2.8046,49.0132,44.5084,-0.0335,nan,nan,nan,nan
114.4051,6.8685,1.0161,0.1325,163.0725,0.0000,-80.7664,6.9221,0.7860,0.1400,0.2364,-2.8158,49.0158,44.5021,-0.0244,nan,nan,nan,nan
114.4311,6.8685,1.0161,0.1325,163.0725,0.0000,-80.7664,6.9221,0.7860,0.1400,0.2364,-2.8243,49.0168,44.4963,-0.0195,nan,nan,nan,nan
114.4568,6.8685,1.0161,0.1325,163.0725,-0.0000,-80.7664,6.9221,0.7860,0.1400,0.2364,-2.8272,49.0163,44.4949,-0.0194,nan,nan,nan,nan
114.4873,6.8685,1.0161,0.1325,163.0725,0.0000,-80.7664,6.9222,0.7860,0.1400,0.2364,-2.8366,49.0155,44.4905,-0.0170,nan,nan,nan,nan
114.5098,6.8685,1.0161,0.1325,163.0725,0.0000,-80.7664,6.9222,0.7860,0.1400,0.2364,-2.8386,49.0150,44.4894,-0.0138,nan,nan,nan,nan
114.5366,6.8685,1.0161,0.1325,163.0725,0.0000,-80.7665,6.9222,0.7860,0.1400,0.2364,-2.8405,49.0141,44.4897,-0.0093,nan,nan,nan,nan
114.5581,6.8685,1.0161,0.1325,163.0725,0.0000,-80.7665,6.9222,0.7860,0.1400,0.2364,-2.8476,49.0113,44.4916,-0.0026,nan,nan,nan,nan
114.5799,6.8685,1.0161,0.1325,163.0725,0.0000,-80.7665,6.9222,0.7860,0.1400,0.2364,-2.8501,49.0105,44.4909,-0.0022,nan,nan,nan,nan
114.6019,6.8685,1.0161,0.1325,163.0725,0.0000,-80.7664,6.9222,0.7860,0.1400,0.2364,-2.8531,49.0096,44.4890,-0.0019,nan,nan,nan,nan
114.6298,6.8685,1.0161,0.1325,163.0725,0.0000,-80.7664,6.9223,0.7860,0.1400,0.2364,-2.8623,49.0087,44.4842,-0.0010,nan,nan,nan,nan
114.6563,6.8685,1.0161,0.1325,163.0725,0.0000,-80.7664,6.9223,0.7860,0.1400,0.2364,-2.8682,49.0077,44.4821,0.0085,nan,nan,nan,nan
114.6775,6.8685,1.0161,0.1325,163.0725,0.0000,-80.7665,6.9223,0.7860,0.1400,0.2364,-2.8696,49.0075,44.4812,0.0117,nan,nan,nan,nan
114.7104,6.8685,1.0161,0.1325,163.0725,-0.0000,-80.7665,6.9223,0.7860,0.1400,0.2364,-2.8698,49.0066,44.4812,0.0195,nan,nan,nan,nan
114.7364,6.8685,1.0161,0.1325,163.0725,-0.0000,-80.7665,6.9223,0.7860,0.1400,0.2364,-2.8716,49.0091,44.4811,0.0255,nan,nan,nan,nan
114.7635,6.8685,1.0161,0.1325,163.0725,0.0000,-80.7665,6.9223,0.7860,0.1400,0.2364,-2.8746,49.0107,44.4819,0.0278,nan,nan,nan,nan
114.7854,6.8685,1.0161,0.1325,163.0725,0.0001,-80.7665,6.9223,0.7860,0.1400,0.2364,-2.8823,49.0129,44.4846,0.0284,nan,nan,nan,nan
114.8091,6.8685,1.0161,0.1325,163.0725,0.0001,-80.7665,6.9224,0.7861,0.1400,0.2364,-2.8873,49.0133,44.4867,0.0271,nan,nan,nan,nan
114.8299,6.8685,1.0161,0.1325,163.0725,0.0000,-80.7665,6.9224,0.7861,0.1400,0.2364,-2.8917,49.0129,44.4892,0.0279,nan,nan,nan,nan
114.8528,6.8685,1.0161,0.1325,163.0725,0.0000,-80.7664,6.9224,0.7861,0.1399,0.2364,-2.9018,49.0101,44.4956,0.0299,nan,nan,nan,nan
114.8865,6.8685,1.0161,0.1325,163.0725,0.0000,-80.7665,6.9224,0.7861,0.1399,0.2364,-2.9123,49.0116,44.5024,0.0360,nan,nan,nan,nan
114.9094,6.8685,1.0161,0.1325,163.0725,0.0000,-80.7665,6.9225,0.7861,0.1399,0.2364,-2.9161,49.0134,44.5025,0.0399,nan,nan,nan,nan
114.9312,6.8685,1.0161,0.1325,163.0725,-0.0000,-80.7665,6.9225,0.7861,0.1399,0.2364,-2.9191,49.0152,44.5013,0.0509,nan,nan,nan,nan
114.9561,6.8685,1.0161,0.1325,163.0725,0.0000,-80.7665,6.9225,0.7861,0.1399,0.2364,-2.9221,49.0146,44.5018,0.0572,nan,nan,nan,nan
114.9779,6.8685,1.0161,0.1325,163.0725,0.0000,-80.7665,6.9225,0.7861,0.1399,0.2364,-2.9284,49.0146,44.5008,0.0611,nan,nan,nan,nan
115.0007,6.8685,1.0161,0.1325,163.0725,0.0000,-80.7665,6.9225,0.7861,0.1399,0.2364,-2.9359,49.0146,44.5012,0.0625,nan,nan,nan,nan
115.0311,6.8685,1.0161,0.1325,163.0725,0.0001,-80.7665,6.9226,0.7861,0.1398,0.2364,-2.9488,49.0145,44.5054,0.0644,nan,nan,nan,nan
115.0660,6.8685,1.0161,0.1325,163.0725,0.0000,-80.7665,6.9226,0.7862,0.1398,0.2363,-2.9551,49.0169,44.5060,0.0652,nan,nan,nan,nan
115.0891,6.8685,1.0161,0.1325,163.0725,0.0000,-80.7665,6.9226,0.7862,0.1398,0.2364,-2.9603,49.0178,44.5049,0.0653,nan,nan,nan,nan
115.1159,6.8685,1.0161,0.1325,163.0725,0.0000,-80.7665,6.9227,0.7862,0.1398,0.2364,-2.9731,49.0180,44.5021,0.0641,nan,nan,nan,nan
115.1434,6.8685,1.0161,0.1325,163.0725,-0.0000,-80.7664,6.9227,0.7862,0.1398,0.2364,-2.9887,49.0172,44.4999,0.0617,nan,nan,nan,nan
115.1645,6.8685,1.0161,0.1325,163.0725,-0.0000,-80.7664,6.9228,0.7862,0.1398,0.2364,-2.9976,49.0166,44.4997,0.0601,nan,nan,nan,nan
115.1878,6.8685,1.0161,0.1325,163.0725,0.0000,-80.7664,6.9228,0.7862,0.1398,0.2364,-3.0135,49.0167,44.4983,0.0533,nan,nan,nan,nan
115.2081,6.8685,1.0161,0.1325,163.0725,0.0000,-80.7665,6.9229,0.7862,0.1398,0.2364,-3.0215,49.0162,44.4978,0.0442,nan,nan,nan,nan
115.2429,6.8685,1.0161,0.1325,163.0725,-0.0000,-80.7665,6.9229,0.7862,0.1398,0.2364,-3.0225,49.0155,44.4970,0.0338,nan,nan,nan,nan
115.2651,6.8685,1.0161,0.1325,163.0725,-0.0000,-80.7665,6.9228,0.7862,0.1398,0.2364,-3.0194,49.0155,44.4964,0.0272,nan,nan,nan,nan
115.2851,6.8685,1.0161,0.1325,163.0725,-0.0000,-80.7664,6.9228,0.7862,0.1398,0.2364,-3.0112,49.0161,44.4962,0.0215,nan,nan,nan,nan
115.3129,6.8685,1.0161,0.1325,163.0725,0.0000,-80.7664,6.9228,0.7862,0.1398,0.2364,-3.0019,49.0185,44.4969,0.0204,nan,nan,nan,nan
115.3391,6.8685,1.0161,0.1325,163.0725,0.0000,-80.7664,6.9227,0.7862,0.1398,0.2364,-2.9907,49.0227,44.4974,0.0198,nan,nan,nan,nan
115.3662,6.8685,1.0161,0.1325,163.0725,0.0000,-80.7664,6.9227,0.7862,0.1398,0.2364,-2.9869,49.0235,44.4978,0.0187,nan,nan,nan,nan
115.4019,6.8685,1.0161,0.1325,163.0725,-0.0001,-80.7664,6.9227,0.7862,0.1398,0.2364,-2.9754,49.0251,44.5006,0.0133,nan,nan,nan,nan
115.4282,6.8685,1.0161,0.1325,163.0725,-0.0001,-80.7664,6.9227,0.7862,0.1398,0.2363,-2.9739,49.0264,44.5012,0.0110,nan,nan,nan,nan
115.4553,6.8685,1.0161,0.1325,163.0725,-0.0000,-80.7664,6.9227,0.7862,0.1398,0.2363,-2.9753,49.0276,44.5012,0.0106,nan,nan,nan,nan
115.4848,6.8685,1.0161,0.1325,163.0725,0.0000,-80.7665,6.9227,0.7862,0.1398,0.2363,-2.9783,49.0284,44.5007,0.0077,nan,nan,nan,nan
115.5109,6.8685,1.0161,0.1325,163.0725,0.0000,-80.7665,6.9227,0.7862,0.1398,0.2363,-2.9843,49.0269,44.5025,0.0083,nan,nan,nan,nan
115.5387,6.8685,1.0161,0.1325,163.0725,0.0000,-80.7664,6.9227,0.7862,0.1398,0.2363,-2.9895,49.0264,44.5037,0.0091,nan,nan,nan,nan
115.5614,6.8685,1.0161,0.1325,163.0725,0.0000,-80.7664,6.9227,0.7862,0.1397,0.2363,-2.9972,49.0271,44.5046,0.0072,nan,nan,nan,nan
115.5830,6.8685,1.0161,0.1325,163.0725,0.0000,-80.7664,6.9228,0.7862,0.1397,0.2363,-3.0027,49.0285,44.5052,0.0090,nan,nan,nan,nan
115.6036,6.8685,1.0161,0.1325,163.0725,0.0001,-80.7664,6.9228,0.7862,0.1397,0.2363,-3.0048,49.0281,44.5056,0.0098,nan,nan,nan,nan
115.6242,6.8685,1.0161,0.1325,163.0725,0.0000,-80.7665,6.9228,0.7862,0.1397,0.2363,-3.0053,49.0252,44.5055,0.0101,nan,nan,nan,nan
115.6527,6.8685,1.0161,0.1325,163.0725,0.0000,-80.7665,6.9228,0.7862,0.1398,0.2363,-3.0087,49.0180,44.5081,0.0137,nan,nan,nan,nan
115.6740,6.8685,1.0161,0.1325,163.0725,0.0000,-80.7665,6.9228,0.7862,0.1398,0.2363,-3.0133,49.0153,44.5102,0.0154,nan,nan,nan,nan
115.6960,6.8685,1.0161,0.1325,163.0725,-0.0000,-80.7665,6.9229,0.7862,0.1398,0.2363,-3.0299,49.0113,44.5102,0.0163,nan,nan,nan,nan
115.7229,6.8685,1.0161,0.1325,163.0725,-0.0000,-80.7665,6.9229,0.7862,0.1398,0.2364,-3.0396,49.0099,44.5088,0.0163,nan,nan,nan,nan
115.7585,6.8685,1.0161,0.1325,163.0725,0.0001,-80.7664,6.9230,0.7862,0.1397,0.2364,-3.0543,49.0078,44.5058,0.0188,nan,nan,nan,nan
115.7938,6.8685,1.0161,0.1325,163.0725,0.0000,-80.7665,6.9230,0.7862,0.1398,0.2364,-3.0580,49.0063,44.5046,0.0204,nan,nan,nan,nan
115.8243,6.8685,1.0161,0.1325,163.0725,-0.0000,-80.7665,6.9230,0.7862,0.1398,0.2364,-3.0533,49.0045,44.5021,0.0209,nan,nan,nan,nan
115.8455,6.8685,1.0161,0.1325,163.0725,-0.0000,-80.7665,6.9230,0.7862,0.1398,0.2364,-3.0471,49.0040,44.5011,0.0201,nan,nan,nan,nan
115.8664,6.8685,1.0161,0.1325,163.0725,0.0000,-80.7664,6.9229,0.7862,0.1398,0.2364,-3.0300,49.0049,44.5001,0.0260,nan,nan,nan,nan
115.8886,6.8685,1.0161,0.1325,163.0725,-0.0000,-80.7664,6.9229,0.7862,0.1398,0.2364,-3.0194,49.0063,44.4990,0.0300,nan,nan,nan,nan
115.9243,6.8685,1.0161,0.1325,163.0725,-0.0000,-80.7664,6.9228,0.7862,0.1398,0.2364,-2.9906,49.0073,44.4944,0.0406,nan,nan,nan,nan
115.9476,6.8685,1.0161,0.1325,163.0725,-0.0000,-80.7664,6.9227,0.7861,0.1399,0.2364,-2.9677,49.0069,44.4917,0.0447,nan,nan,nan,nan
115.9730,6.8685,1.0161,0.1325,163.0725,-0.0000,-80.7664,6.9226,0.7861,0.1399,0.2364,-2.9603,49.0065,44.4915,0.0459,nan,nan,nan,nan
116.0032,6.8685,1.0161,0.1325,163.0725,-0.0000,-80.7665,6.9225,0.7861,0.1399,0.2364,-2.9343,49.0033,44.4930,0.0488,nan,nan,nan,nan
116.0235,6.8685,1.0161,0.1325,163.0725,-0.0000,-80.7665,6.9225,0.7861,0.1400,0.2364,-2.9194,48.9998,44.4907,0.0503,nan,nan,nan,nan
116.0445,6.8685,1.0161,0.1325,163.0725,0.0000,-80.7664,6.9225,0.7861,0.1400,0.2364,-2.9096,48.9968,44.4893,0.0541,nan,nan,nan,nan
116.0778,6.8685,1.0161,0.1325,163.0725,-0.0000,-80.7664,6.9224,0.7860,0.1400,0.2364,-2.8917,48.9926,44.4879,0.0641,nan,nan,nan,nan
116.1013,6.8685,1.0161,0.1325,163.0725,-0.0000,-80.7664,6.9223,0.7860,0.1401,0.2364,-2.8789,48.9908,44.4881,0.0685,nan,nan,nan,nan
116.1282,6.8685,1.0161,0.1325,163.0725,-0.0000,-80.7664,6.9223,0.7860,0.1401,0.2364,-2.8585,48.9907,44.4890,0.0692,nan,nan,nan,nan
116.1632,6.8685,1.0161,0.1325,163.0725,0.0000,-80.7664,6.9222,0.7860,0.1401,0.2364,-2.8387,48.9922,44.4891,0.0694,nan,nan,nan,nan
116.1858,6.8685,1.0161,0.1325,163.0725,0.0000,-80.7664,6.9221,0.7860,0.1401,0.2364,-2.8246,48.9930,44.4895,0.0680,nan,nan,nan,nan
116.2098,6.8685,1.0161,0.1325,163.0725,-0.0000,-80.7664,6.9221,0.7860,0.1401,0.2364,-2.8096,48.9935,44.4882,0.0659,nan,nan,nan,nan
116.2328,6.8685,1.0161,0.1325,163.0725,-0.0000,-80.7665,6.9220,0.7859,0.1402,0.2364,-2.7796,48.9920,44.4853,0.0674,nan,nan,nan,nan
116.2648,6.8685,1.0161,0.1325,163.0725,0.0000,-80.7664,6.9219,0.7859,0.1402,0.2364,-2.7560,48.9896,44.4830,0.0724,nan,nan,nan,nan
116.2916,6.8685,1.0161,0.1325,163.0725,0.0000,-80.7664,6.9219,0.7859,0.1402,0.2365,-2.7453,48.9904,44.4785,0.0782,nan,nan,nan,nan
116.3182,6.8685,1.0161,0.1325,163.0725,-0.0000,-80.7664,6.9218,0.7859,0.1402,0.2365,-2.7430,48.9906,44.4777,0.0806,nan,nan,nan,nan
116.3392,6.8685,1.0161,0.1325,163.0725,0.0000,-80.7665,6.9218,0.7859,0.1403,0.2365,-2.7395,48.9899,44.4741,0.0863,nan,nan,nan,nan
116.3610,6.8685,1.0161,0.1325,163.0725,0.0000,-80.7665,6.9219,0.7859,0.1403,0.2365,-2.7423,48.9882,44.4725,0.0872,nan,nan,nan,nan
116.3880,6.8685,1.0161,0.1325,163.0725,0.0000,-80.7665,6.9219,0.7859,0.1403,0.2365,-2.7500,48.9846,44.4722,0.0851,nan,nan,nan,nan
116.4217,6.8685,1.0161,0.1325,163.0725,0.0000,-80.7665,6.9219,0.7859,0.1403,0.2365,-2.7555,48.9833,44.4715,0.0833,nan,nan,nan,nan
116.4520,6.8685,1.0161,0.1325,163.0725,-0.0000,-80.7665,6.9219,0.7859,0.1403,0.2365,-2.7553,48.9820,44.4728,0.0745,nan,nan,nan,nan
116.4745,6.8685,1.0161,0.1325,163.0725,-0.0000,-80.7665,6.9219,0.7859,0.1403,0.2365,-2.7487,48.9810,44.4743,0.0652,nan,nan,nan,nan
116.4973,6.8685,1.0161,0.1325,163.0726,-0.0000,-80.7665,6.9219,0.7859,0.1403,0.2365,-2.7453,48.9807,44.4742,0.0626,nan,nan,nan,nan
116.5275,6.8685,1.0161,0.1325,163.0725,0.0000,-80.7665,6.9218,0.7859,0.1403,0.2365,-2.7316,48.9770,44.4753,0.0591,nan,nan,nan,nan
116.5481,6.8685,1.0161,0.1325,163.0725,0.0000,-80.7665,6.9218,0.7859,0.1403,0.2365,-2.7258,48.9753,44.4779,0.0596,nan,nan,nan,nan
116.5697,6.8685,1.0161,0.1325,163.0725,-0.0000,-80.7665,6.9218,0.7859,0.1403,0.2365,-2.7256,48.9754,44.4787,0.0609,nan,nan,nan,nan
116.6018,6.8685,1.0161,0.1325,163.0725,0.0000,-80.7664,6.9218,0.7859,0.1403,0.2365,-2.7317,48.9768,44.4794,0.0653,nan,nan,nan,nan
116.6246,6.8685,1.0161,0.1325,163.0725,0.0000,-80.7664,6.9218,0.7859,0.1403,0.2365,-2.7363,48.9774,44.4771,0.0671,nan,nan,nan,nan
116.6501,6.8685,1.0161,0.1325,163.0725,0.0000,-80.7665,6.9219,0.7859,0.1403,0.2365,-2.7386,48.9769,44.4768,0.0679,nan,nan,nan,nan
116.6800,6.8685,1.0161,0.1325,163.0725,-0.0000,-80.7665,6.9219,0.7859,0.1403,0.2365,-2.7510,48.9738,44.4802,0.0681,nan,nan,nan,nan
116.7145,6.8685,1.0161,0.1325,163.0725,0.0000,-80.7664,6.9220,0.7859,0.1403,0.2365,-2.7670,48.9710,44.4861,0.0714,nan,nan,nan,nan
116.7489,6.8685,1.0161,0.1325,163.0725,0.0000,-80.7664,6.9220,0.7859,0.1403,0.2365,-2.7809,48.9680,44.4912,0.0765,nan,nan,nan,nan
116.7715,6.8685,1.0161,0.1325,163.0725,0.0000,-80.7664,6.9221,0.7859,0.1402,0.2364,-2.7913,48.9664,44.4957,0.0783,nan,nan,nan,nan
116.7990,6.8685,1.0161,0.1325,163.0725,0.0000,-80.7664,6.9221,0.7860,0.1402,0.2364,-2.7966,48.9653,44.4974,0.0790,nan,nan,nan,nan
116.8331,6.8685,1.0161,0.1325,163.0725,0.0000,-80.7664,6.9221,0.7860,0.1402,0.2364,-2.8008,48.9643,44.5008,0.0828,nan,nan,nan,nan
116.8582,6.8685,1.0161,0.1325,163.0725,0.0000,-80.7664,6.9221,0.7860,0.1402,0.2364,-2.8033,48.9630,44.5033,0.0847,nan,nan,nan,nan
116.8913,6.8685,1.0161,0.1325,163.0725,0.0000,-80.7664,6.9221,0.7860,0.1402,0.2364,-2.7997,48.9629,44.5078,0.0785,nan,nan,nan,nan
116.9155,6.8685,1.0161,0.1325,163.0725,0.0000,-80.7664,6.9220,0.7860,0.1402,0.2364,-2.7955,48.9647,44.5128,0.0704,nan,nan,nan,nan
116.9384,6.8685,1.0161,0.1325,163.0725,-0.0000,-80.7665,6.9220,0.7860,0.1402,0.2364,-2.7928,48.9674,44.5153,0.0641,nan,nan,nan,nan
116.9672,6.8685,1.0161,0.1325,163.0725,-0.0000,-80.7665,6.9220,0.7860,0.1402,0.2364,-2.7915,48.9723,44.5185,0.0511,nan,nan,nan,nan
116.9877,6.8685,1.0161,0.1325,163.0725,-0.0000,-80.7665,6.9220,0.7860,0.1402,0.2364,-2.7927,48.9766,44.5198,0.0414,nan,nan,nan,nan
117.0147,6.8685,1.0161,0.1325,163.0725,-0.0000,-80.7663,6.9220,0.7860,0.1401,0.2364,-2.7957,48.9790,44.5201,0.0395,nan,nan,nan,nan
117.0392,6.8685,1.0161,0.1325,163.0725,-0.0000,-80.7664,6.9220,0.7860,0.1401,0.2364,-2.7995,48.9808,44.5210,0.0374,nan,nan,nan,nan
117.0720,6.8685,1.0161,0.1325,163.0725,-0.0000,-80.7664,6.9220,0.7860,0.1401,0.2364,-2.8038,48.9825,44.5235,0.0292,nan,nan,nan,nan
117.0952,6.8685,1.0161,0.1325,163.0725,-0.0000,-80.7664,6.9221,0.7860,0.1401,0.2363,-2.8086,48.9827,44.5252,0.0243,nan,nan,nan,nan
117.1224,6.8685,1.0161,0.1325,163.0725,0.0000,-80.7664,6.9221,0.7860,0.1401,0.2363,-2.8105,48.9819,44.5281,0.0229,nan,nan,nan,nan
117.1566,6.8685,1.0161,0.1325,163.0725,0.0000,-80.7664,6.9221,0.7861,0.1401,0.2363,-2.8112,48.9820,44.5310,0.0223,nan,nan,nan,nan
117.1787,6.8685,1.0161,0.1325,163.0725,0.0000,-80.7664,6.9221,0.7861,0.1401,0.2363,-2.8093,48.9824,44.5339,0.0242,nan,nan,nan,nan
117.2018,6.8685,1.0161,0.1325,163.0725,-0.0000,-80.7664,6.9220,0.7861,0.1401,0.2363,-2.8073,48.9821,44.5358,0.0254,nan,nan,nan,nan
117.2362,6.8685,1.0161,0.1325,163.0725,-0.0000,-80.7664,6.9220,0.7861,0.1401,0.2363,-2.7977,48.9825,44.5423,0.0302,nan,nan,nan,nan
117.2595,6.8685,1.0161,0.1325,163.0725,-0.0000,-80.7664,6.9220,0.7861,0.1401,0.2363,-2.7931,48.9807,44.5433,0.0296,nan,nan,nan,nan
117.2870,6.8685,1.0161,0.1325,163.0725,-0.0000,-80.7664,6.9220,0.7861,0.1401,0.2363,-2.7912,48.9787,44.5435,0.0299,nan,nan,nan,nan
117.3227,6.8685,1.0161,0.1325,163.0725,-0.0000,-80.7664,6.9220,0.7861,0.1401,0.2363,-2.7896,48.9762,44.5435,0.0265,nan,nan,nan,nan
117.3483,6.8685,1.0161,0.1325,163.0725,-0.0000,-80.7664,6.9220,0.7861,0.1401,0.2363,-2.7893,48.9743,44.5446,0.0237,nan,nan,nan,nan
117.3689,6.8685,1.0161,0.1325,163.0725,-0.0000,-80.7664,6.9220,0.7861,0.1401,0.2363,-2.7893,48.9726,44.5464,0.0210,nan,nan,nan,nan
117.3943,6.8685,1.0161,0.1325,163.0725,0.0000,-80.7664,6.9220,0.7861,0.1401,0.2363,-2.7949,48.9692,44.5486,0.0129,nan,nan,nan,nan
117.4258,6.8685,1.0161,0.1325,163.0725,0.0000,-80.7664,6.9220,0.7861,0.1401,0.2363,-2.8028,48.9673,44.5498,0.0130,nan,nan,nan,nan
117.4517,6.8685,1.0161,0.1325,163.0725,0.0000,-80.7664,6.9221,0.7861,0.1401,0.2363,-2.8083,48.9644,44.5462,0.0165,nan,nan,nan,nan
117.4800,6.8685,1.0161,0.1325,163.0725,0.0000,-80.7664,6.9221,0.7861,0.1401,0.2363,-2.8144,48.9613,44.5409,0.0196,nan,nan,nan,nan
117.5052,6.8685,1.0161,0.1325,163.0725,0.0000,-80.7665,6.9221,0.7861,0.1402,0.2364,-2.8155,48.9600,44.5366,0.0226,nan,nan,nan,nan
117.5313,6.8685,1.0161,0.1325,163.0725,0.0000,-80.7665,6.9221,0.7860,0.1402,0.2364,-2.8134,48.9586,44.5303,0.0239,nan,nan,nan,nan
117.5584,6.8685,1.0161,0.1325,163.0725,-0.0000,-80.7665,6.9221,0.7860,0.1402,0.2364,-2.8090,48.9586,44.5260,0.0235,nan,nan,nan,nan
117.5910,6.8685,1.0161,0.1325,163.0725,-0.0000,-80.7664,6.9221,0.7860,0.1402,0.2364,-2.8010,48.9579,44.5194,0.0248,nan,nan,nan,nan
117.6133,6.8685,1.0161,0.1325,163.0725,-0.0000,-80.7664,6.9221,0.7860,0.1402,0.2364,-2.7968,48.9565,44.5145,0.0234,nan,nan,nan,nan
117.6377,6.8685,1.0161,0.1325,163.0725,-0.0000,-80.7664,6.9221,0.7860,0.1403,0.2364,-2.7952,48.9544,44.5088,0.0227,nan,nan,nan,nan
117.6719,6.8685,1.0161,0.1325,163.0725,0.0000,-80.7665,6.9221,0.7859,0.1403,0.2365,-2.7950,48.9521,44.5009,0.0230,nan,nan,nan,nan
117.6935,6.8685,1.0161,0.1325,163.0725,0.0000,-80.7665,6.9221,0.7859,0.1403,0.2365,-2.7927,48.9517,44.4980,0.0229,nan,nan,nan,nan
117.7167,6.8685,1.0161,0.1325,163.0725,-0.0000,-80.7664,6.9221,0.7859,0.1403,0.2365,-2.7864,48.9498,44.4931,0.0255,nan,nan,nan,nan
117.7438,6.8685,1.0161,0.1325,163.0725,0.0000,-80.7664,6.9221,0.7859,0.1403,0.2365,-2.7821,48.9492,44.4855,0.0305,nan,nan,nan,nan
117.7699,6.8685,1.0161,0.1325,163.0725,0.0000,-80.7664,6.9221,0.7859,0.1404,0.2365,-2.7818,48.9496,44.4794,0.0318,nan,nan,nan,nan
117.7938,6.8685,1.0161,0.1325,163.0725,0.0000,-80.7664,6.9221,0.7859,0.1404,0.2365,-2.7834,48.9496,44.4752,0.0307,nan,nan,nan,nan
117.8247,6.8685,1.0161,0.1325,163.0725,0.0000,-80.7664,6.9221,0.7859,0.1404,0.2365,-2.7911,48.9514,44.4710,0.0232,nan,nan,nan,nan
117.8470,6.8685,1.0161,0.1325,163.0725,0.0000,-80.7664,6.9221,0.7859,0.1403,0.2365,-2.7985,48.9522,44.4736,0.0132,nan,nan,nan,nan
117.8716,6.8685,1.0161,0.1325,163.0725,0.0000,-80.7665,6.9221,0.7859,0.1403,0.2365,-2.8029,48.9526,44.4756,0.0082,nan,nan,nan,nan
117.9060,6.8685,1.0161,0.1325,163.0725,0.0000,-80.7665,6.9222,0.7859,0.1403,0.2365,-2.8104,48.9541,44.4769,-0.0012,nan,nan,nan,nan
117.9320,6.8685,1.0161,0.1325,163.0725,0.0000,-80.7665,6.9222,0.7859,0.1403,0.2365,-2.8204,48.9544,44.4759,-0.0117,nan,nan,nan,nan
117.9586,6.8685,1.0161,0.1325,163.0725,0.0000,-80.7665,6.9222,0.7859,0.1403,0.2365,-2.8246,48.9540,44.4738,-0.0175,nan,nan,nan,nan
117.9870,6.8685,1.0161,0.1325,163.0725,0.0001,-80.7665,6.9223,0.7859,0.1403,0.2365,-2.8314,48.9531,44.4719,-0.0205,nan,nan,nan,nan
118.0127,6.8685,1.0161,0.1325,163.0725,0.0001,-80.7665,6.9223,0.7859,0.1403,0.2365,-2.8360,48.9539,44.4718,-0.0206,nan,nan,nan,nan
118.0365,6.8685,1.0161,0.1325,163.0725,0.0000,-80.7664,6.9223,0.7859,0.1403,0.2365,-2.8393,48.9541,44.4734,-0.0215,nan,nan,nan,nan
118.0642,6.8685,1.0161,0.1325,163.0725,0.0000,-80.7664,6.9223,0.7859,0.1403,0.2365,-2.8422,48.9560,44.4755,-0.0247,nan,nan,nan,nan
118.0904,6.8685,1.0161,0.1325,163.0725,0.0000,-80.7664,6.9223,0.7859,0.1403,0.2365,-2.8442,48.9573,44.4779,-0.0285,nan,nan,nan,nan
118.1156,6.8685,1.0161,0.1325,163.0725,-0.0000,-80.7665,6.9223,0.7859,0.1402,0.2365,-2.8446,48.9588,44.4797,-0.0305,nan,nan,nan,nan
118.1505,6.8685,1.0161,0.1325,163.0726,0.0000,-80.7665,6.9223,0.7860,0.1402,0.2365,-2.8422,48.9625,44.4814,-0.0330,nan,nan,nan,nan
118.1739,6.8685,1.0161,0.1325,163.0726,0.0000,-80.7665,6.9222,0.7860,0.1402,0.2365,-2.8386,48.9651,44.4832,-0.0340,nan,nan,nan,nan
118.2001,6.8685,1.0161,0.1325,163.0725,-0.0000,-80.7665,6.9222,0.7860,0.1402,0.2365,-2.8343,48.9669,44.4868,-0.0337,nan,nan,nan,nan
118.2316,6.8685,1.0161,0.1325,163.0725,0.0000,-80.7664,6.9222,0.7860,0.1402,0.2365,-2.8308,48.9707,44.4895,-0.0372,nan,nan,nan,nan
118.2530,6.8685,1.0161,0.1325,163.0725,0.0000,-80.7664,6.9222,0.7860,0.1402,0.2364,-2.8312,48.9718,44.4909,-0.0393,nan,nan,nan,nan
118.2732,6.8685,1.0161,0.1325,163.0731,-0.0000,-80.7665,6.9222,0.7860,0.1402,0.2364,-2.8326,48.9720,44.4932,-0.0412,nan,nan,nan,nan
118.3037,6.8685,1.0161,0.1325,163.0725,0.0000,-80.7665,6.9222,0.7860,0.1402,0.2364,-2.8319,48.9695,44.4995,-0.0477,nan,nan,nan,nan
118.3248,6.8685,1.0161,0.1325,163.0725,0.0000,-80.7665,6.9222,0.7860,0.1402,0.2364,-2.8308,48.9679,44.5026,-0.0505,nan,nan,nan,nan
118.3459,6.8685,1.0161,0.1325,163.0725,-0.0000,-80.7664,6.9222,0.7860,0.1402,0.2364,-2.8290,48.9671,44.5044,-0.0514,nan,nan,nan,nan
118.3691,6.8685,1.0161,0.1325,163.0725,-0.0000,-80.7664,6.9222,0.7860,0.1402,0.2364,-2.8261,48.9659,44.5072,-0.0521,nan,nan,nan,nan
118.3911,6.8685,1.0161,0.1325,163.0725,-0.0000,-80.7664,6.9222,0.7860,0.1402,0.2364,-2.8251,48.9659,44.5098,-0.0531,nan,nan,nan,nan
118.4178,6.8685,1.0161,0.1325,163.0725,-0.0001,-80.7664,6.9222,0.7860,0.1402,0.2364,-2.8253,48.9661,44.5109,-0.0552,nan,nan,nan,nan
118.4488,6.8685,1.0161,0.1325,163.0725,-0.0000,-80.7664,6.9222,0.7860,0.1401,0.2364,-2.8298,48.9684,44.5156,-0.0636,nan,nan,nan,nan
118.4782,6.8685,1.0161,0.1325,163.0725,-0.0000,-80.7665,6.9222,0.7860,0.1401,0.2364,-2.8361,48.9691,44.5233,-0.0725,nan,nan,nan,nan
118.5041,6.8685,1.0161,0.1325,163.0725,-0.0000,-80.7665,6.9222,0.7861,0.1401,0.2364,-2.8413,48.9691,44.5311,-0.0751,nan,nan,nan,nan
118.5305,6.8685,1.0161,0.1325,163.0725,0.0000,-80.7665,6.9222,0.7861,0.1401,0.2363,-2.8452,48.9690,44.5359,-0.0761,nan,nan,nan,nan
118.5641,6.8685,1.0161,0.1325,163.0725,0.0000,-80.7665,6.9222,0.7861,0.1401,0.2363,-2.8517,48.9701,44.5400,-0.0798,nan,nan,nan,nan
118.5892,6.8685,1.0161,0.1325,163.0725,0.0000,-80.7665,6.9222,0.7861,0.1401,0.2363,-2.8535,48.9709,44.5421,-0.0858,nan,nan,nan,nan
118.6099,6.8685,1.0161,0.1325,163.0725,-0.0000,-80.7665,6.9222,0.7861,0.1401,0.2363,-2.8557,48.9693,44.5463,-0.0958,nan,nan,nan,nan
118.6369,6.8685,1.0161,0.1325,163.0725,-0.0000,-80.7665,6.9222,0.7861,0.1401,0.2363,-2.8577,48.9688,44.5457,-0.1122,nan,nan,nan,nan
118.6691,6.8685,1.0161,0.1325,163.0725,-0.0000,-80.7664,6.9222,0.7861,0.1401,0.2363,-2.8565,48.9678,44.5449,-0.1379,nan,nan,nan,nan
118.6932,6.8685,1.0161,0.1325,163.0725,-0.0000,-80.7664,6.9222,0.7861,0.1401,0.2363,-2.8554,48.9678,44.5443,-0.1481,nan,nan,nan,nan
118.7195,6.8685,1.0161,0.1325,163.0725,-0.0000,-80.7664,6.9222,0.7861,0.1401,0.2363,-2.8490,48.9673,44.5407,-0.1591,nan,nan,nan,nan
118.7452,6.8685,1.0161,0.1325,163.0725,0.0000,-80.7664,6.9222,0.7861,0.1401,0.2363,-2.8457,48.9674,44.5377,-0.1624,nan,nan,nan,nan
118.7672,6.8685,1.0161,0.1325,163.0725,0.0000,-80.7664,6.9222,0.7861,0.1401,0.2364,-2.8468,48.9668,44.5332,-0.1659,nan,nan,nan,nan
118.7950,6.8685,1.0161,0.1325,163.0725,0.0001,-80.7664,6.9222,0.7861,0.1401,0.2364,-2.8509,48.9665,44.5290,-0.1689,nan,nan,nan,nan
118.8239,6.8685,1.0161,0.1325,163.0725,0.0000,-80.7665,6.9223,0.7861,0.1401,0.2364,-2.8561,48.9657,44.5213,-0.1722,nan,nan,nan,nan
118.8498,6.8685,1.0161,0.1325,163.0725,0.0000,-80.7665,6.9223,0.7860,0.1401,0.2364,-2.8567,48.9645,44.5170,-0.1733,nan,nan,nan,nan
118.8756,6.8685,1.0161,0.1325,163.0725,-0.0000,-80.7664,6.9223,0.7860,0.1402,0.2364,-2.8547,48.9613,44.5142,-0.1723,nan,nan,nan,nan
118.9051,6.8685,1.0161,0.1325,163.0726,-0.0001,-80.7664,6.9223,0.7860,0.1402,0.2364,-2.8501,48.9595,44.5112,-0.1722,nan,nan,nan,nan
118.9309,6.8685,1.0161,0.1325,163.0726,-0.0001,-80.7664,6.9222,0.7860,0.1402,0.2364,-2.8431,48.9597,44.5078,-0.1708,nan,nan,nan,nan
118.9584,6.8685,1.0161,0.1325,163.0726,-0.0001,-80.7664,6.9222,0.7860,0.1402,0.2364,-2.8383,48.9606,44.5054,-0.1680,nan,nan,nan,nan
118.9880,6.8685,1.0161,0.1325,163.0725,-0.0000,-80.7665,6.9222,0.7860,0.1402,0.2364,-2.8305,48.9619,44.5021,-0.1592,nan,nan,nan,nan
119.0142,6.8685,1.0161,0.1325,163.0725,-0.0000,-80.7665,6.9222,0.7860,0.1402,0.2364,-2.8242,48.9623,44.5011,-0.1514,nan,nan,nan,nan
119.0407,6.8685,1.0161,0.1325,163.0725,-0.0000,-80.7664,6.9221,0.7860,0.1402,0.2364,-2.8173,48.9623,44.5015,-0.1452,nan,nan,nan,nan
119.0764,6.8685,1.0161,0.1325,163.0725,-0.0000,-80.7664,6.9221,0.7860,0.1402,0.2364,-2.8025,48.9601,44.5045,-0.1326,nan,nan,nan,nan
119.1026,6.8685,1.0161,0.1325,163.0725,-0.0000,-80.7664,6.9221,0.7860,0.1402,0.2364,-2.7943,48.9597,44.5045,-0.1296,nan,nan,nan,nan
119.1258,6.8685,1.0161,0.1325,163.0725,0.0000,-80.7664,6.9221,0.7860,0.1402,0.2364,-2.7926,48.9598,44.5044,-0.1292,nan,nan,nan,nan
119.1489,6.8685,1.0161,0.1325,163.0725,-0.0000,-80.7664,6.9220,0.7860,0.1403,0.2364,-2.7896,48.9599,44.5047,-0.1299,nan,nan,nan,nan
119.1742,6.8685,1.0161,0.1325,163.0725,-0.0000,-80.7664,6.9220,0.7860,0.1403,0.2364,-2.7889,48.9599,44.5034,-0.1316,nan,nan,nan,nan
119.1975,6.8685,1.0161,0.1325,163.0725,0.0000,-80.7664,6.9220,0.7860,0.1403,0.2364,-2.7883,48.9585,44.5046,-0.1344,nan,nan,nan,nan
119.2244,6.8685,1.0161,0.1325,163.0725,0.0000,-80.7665,6.9220,0.7860,0.1403,0.2364,-2.7880,48.9573,44.5067,-0.1355,nan,nan,nan,nan
119.2590,6.8685,1.0161,0.1325,163.0725,-0.0000,-80.7664,6.9220,0.7860,0.1403,0.2364,-2.7880,48.9563,44.5078,-0.1418,nan,nan,nan,nan
119.2850,6.8685,1.0161,0.1325,163.0725,-0.0000,-80.7664,6.9220,0.7860,0.1403,0.2364,-2.7890,48.9563,44.5065,-0.1466,nan,nan,nan,nan
119.3120,6.8685,1.0161,0.1325,163.0725,-0.0000,-80.7665,6.9221,0.7860,0.1403,0.2364,-2.7907,48.9549,44.5041,-0.1500,nan,nan,nan,nan
119.3428,6.8685,1.0161,0.1325,163.0725,0.0000,-80.7665,6.9221,0.7859,0.1403,0.2365,-2.7932,48.9525,44.5004,-0.1554,nan,nan,nan,nan
119.3690,6.8685,1.0161,0.1325,163.0725,0.0000,-80.7665,6.9221,0.7859,0.1403,0.2365,-2.7977,48.9507,44.4971,-0.1611,nan,nan,nan,nan
119.3943,6.8685,1.0161,0.1325,163.0725,-0.0000,-80.7665,6.9221,0.7859,0.1403,0.2365,-2.8082,48.9478,44.4926,-0.1711,nan,nan,nan,nan
119.4251,6.8685,1.0161,0.1325,163.0725,-0.0000,-80.7664,6.9222,0.7859,0.1403,0.2365,-2.8210,48.9462,44.4907,-0.1830,nan,nan,nan,nan
119.4510,6.8685,1.0161,0.1325,163.0725,-0.0000,-80.7664,6.9222,0.7860,0.1403,0.2365,-2.8321,48.9461,44.4919,-0.1954,nan,nan,nan,nan
119.4779,6.8685,1.0161,0.1325,163.0725,-0.0000,-80.7664,6.9223,0.7860,0.1403,0.2365,-2.8355,48.9462,44.4916,-0.1978,nan,nan,nan,nan
119.5130,6.8685,1.0161,0.1325,163.0725,0.0000,-80.7664,6.9223,0.7860,0.1403,0.2365,-2.8440,48.9486,44.4908,-0.2010,nan,nan,nan,nan
119.5389,6.8685,1.0161,0.1325,163.0725,0.0000,-80.7664,6.9223,0.7860,0.1403,0.2365,-2.8444,48.9499,44.4919,-0.2055,nan,nan,nan,nan
119.5659,6.8685,1.0161,0.1325,163.0725,-0.0000,-80.7664,6.9223,0.7860,0.1403,0.2365,-2.8423,48.9493,44.4928,-0.2077,nan,nan,nan,nan
119.5904,6.8685,1.0161,0.1325,163.0725,-0.0000,-80.7664,6.9222,0.7860,0.1403,0.2365,-2.8362,48.9500,44.4933,-0.2081,nan,nan,nan,nan
119.6257,6.8685,1.0161,0.1325,163.0725,-0.0000,-80.7664,6.9222,0.7860,0.1403,0.2365,-2.8267,48.9503,44.4942,-0.2073,nan,nan,nan,nan
119.6511,6.8685,1.0161,0.1325,163.0725,-0.0000,-80.7664,6.9222,0.7859,0.1403,0.2365,-2.8201,48.9509,44.4907,-0.2062,nan,nan,nan,nan
119.6732,6.8685,1.0161,0.1325,163.0725,-0.0000,-80.7664,6.9222,0.7859,0.1403,0.2365,-2.8179,48.9512,44.4896,-0.2060,nan,nan,nan,nan
119.7088,6.8685,1.0161,0.1325,163.0725,-0.0000,-80.7664,6.9221,0.7859,0.1403,0.2365,-2.8060,48.9553,44.4845,-0.2030,nan,nan,nan,nan
119.7346,6.8685,1.0161,0.1325,163.0725,-0.0000,-80.7664,6.9221,0.7859,0.1403,0.2365,-2.7957,48.9578,44.4813,-0.2003,nan,nan,nan,nan
119.7569,6.8685,1.0161,0.1325,163.0725,0.0000,-80.7665,6.9221,0.7859,0.1403,0.2365,-2.7923,48.9581,44.4805,-0.1990,nan,nan,nan,nan
119.7906,6.8685,1.0161,0.1325,163.0726,0.0001,-80.7665,6.9220,0.7859,0.1403,0.2365,-2.7797,48.9599,44.4795,-0.1960,nan,nan,nan,nan
119.8132,6.8685,1.0161,0.1325,163.0726,0.0001,-80.7665,6.9220,0.7859,0.1403,0.2365,-2.7726,48.9599,44.4805,-0.1927,nan,nan,nan,nan
119.8395,6.8685,1.0161,0.1325,163.0725,0.0000,-80.7665,6.9220,0.7859,0.1403,0.2365,-2.7629,48.9593,44.4805,-0.1916,nan,nan,nan,nan
119.8735,6.8685,1.0161,0.1325,163.0725,-0.0001,-80.7664,6.9220,0.7859,0.1403,0.2365,-2.7585,48.9606,44.4793,-0.1915,nan,nan,nan,nan
119.9045,6.8685,1.0161,0.1325,163.0725,-0.0000,-80.7664,6.9220,0.7859,0.1403,0.2365,-2.7581,48.9598,44.4773,-0.1902,nan,nan,nan,nan
119.9262,6.8685,1.0161,0.1325,163.0725,-0.0000,-80.7664,6.9220,0.7859,0.1403,0.2365,-2.7598,48.9595,44.4766,-0.1862,nan,nan,nan,nan
119.9497,6.8685,1.0161,0.1325,163.0725,0.0000,-80.7665,6.9220,0.7859,0.1403,0.2365,-2.7604,48.9593,44.4775,-0.1810,nan,nan,nan,nan
119.9807,6.8685,1.0161,0.1325,163.0725,0.0000,-80.7665,6.9220,0.7859,0.1403,0.2365,-2.7642,48.9582,44.4809,-0.1754,nan,nan,nan,nan
120.0036,6.8685,1.0161,0.1325,163.0725,0.0000,-80.7665,6.9220,0.7859,0.1403,0.2365,-2.7672,48.9573,44.4840,-0.1727,nan,nan,nan,nan
120.0236,6.8685,1.0161,0.1325,163.0725,0.0000,-80.7665,6.9220,0.7859,0.1403,0.2365,-2.7727,48.9569,44.4859,-0.1716,nan,nan,nan,nan
120.0589,6.8685,1.0161,0.1325,163.0725,0.0000,-80.7665,6.9221,0.7859,0.1403,0.2365,-2.7896,48.9575,44.4884,-0.1701,nan,nan,nan,nan
120.0820,6.8685,1.0161,0.1325,163.0725,0.0000,-80.7665,6.9222,0.7859,0.1403,0.2365,-2.8057,48.9594,44.4883,-0.1687,nan,nan,nan,nan
120.1061,6.8685,1.0161,0.1325,163.0725,0.0000,-80.7665,6.9222,0.7860,0.1402,0.2365,-2.8243,48.9618,44.4880,-0.1651,nan,nan,nan,nan
120.1333,6.8685,1.0161,0.1325,163.0725,0.0000,-80.7665,6.9223,0.7860,0.1402,0.2365,-2.8627,48.9669,44.4815,-0.1577,nan,nan,nan,nan
120.1571,6.8685,1.0161,0.1325,163.0725,0.0000,-80.7665,6.9224,0.7860,0.1402,0.2365,-2.8809,48.9682,44.4774,-0.1550,nan,nan,nan,nan
120.1794,6.8685,1.0161,0.1325,163.0725,0.0001,-80.7665,6.9225,0.7860,0.1401,0.2365,-2.9045,48.9692,44.4743,-0.1509,nan,nan,nan,nan
120.2153,6.8685,1.0161,0.1325,163.0725,-0.0000,-80.7665,6.9226,0.7860,0.1401,0.2365,-2.9202,48.9698,44.4741,-0.1491,nan,nan,nan,nan
120.2354,6.8685,1.0161,0.1325,163.0725,-0.0000,-80.7665,6.9226,0.7860,0.1401,0.2365,-2.9287,48.9697,44.4750,-0.1466,nan,nan,nan,nan
120.2568,6.8685,1.0161,0.1325,163.0725,-0.0000,-80.7665,6.9226,0.7860,0.1401,0.2365,-2.9297,48.9697,44.4759,-0.1459,nan,nan,nan,nan
120.2820,6.8685,1.0161,0.1325,163.0725,-0.0000,-80.7665,6.9226,0.7860,0.1401,0.2365,-2.9300,48.9710,44.4795,-0.1394,nan,nan,nan,nan
120.3076,6.8685,1.0161,0.1325,163.0725,-0.0000,-80.7665,6.9226,0.7860,0.1401,0.2365,-2.9285,48.9721,44.4805,-0.1372,nan,nan,nan,nan
120.3280,6.8685,1.0161,0.1325,163.0725,-0.0000,-80.7665,6.9226,0.7860,0.1401,0.2365,-2.9276,48.9721,44.4819,-0.1334,nan,nan,nan,nan
120.3501,6.8685,1.0161,0.1325,163.0725,-0.0000,-80.7665,6.9226,0.7860,0.1401,0.2365,-2.9279,48.9717,44.4876,-0.1261,nan,nan,nan,nan
120.3714,6.8685,1.0161,0.1325,163.0725,-0.0000,-80.7665,6.9226,0.7861,0.1401,0.2365,-2.9340,48.9712,44.4907,-0.1199,nan,nan,nan,nan
120.3938,6.8685,1.0161,0.1325,163.0725,0.0000,-80.7664,6.9226,0.7861,0.1401,0.2364,-2.9378,48.9706,44.4920,-0.1185,nan,nan,nan,nan
120.4231,6.8685,1.0161,0.1325,163.0725,-0.0000,-80.7664,6.9227,0.7861,0.1400,0.2364,-2.9574,48.9697,44.4968,-0.1206,nan,nan,nan,nan
120.4439,6.8685,1.0161,0.1325,163.0725,-0.0000,-80.7664,6.9227,0.7861,0.1400,0.2364,-2.9673,48.9686,44.4997,-0.1245,nan,nan,nan,nan
120.4653,6.8685,1.0161,0.1325,163.0725,-0.0000,-80.7664,6.9228,0.7861,0.1400,0.2364,-2.9761,48.9671,44.5020,-0.1290,nan,nan,nan,nan
120.4967,6.8685,1.0161,0.1325,163.0725,0.0000,-80.7664,6.9228,0.7861,0.1400,0.2364,-2.9890,48.9637,44.5061,-0.1352,nan,nan,nan,nan
120.5230,6.8685,1.0161,0.1325,163.0725,0.0000,-80.7664,6.9228,0.7861,0.1400,0.2364,-2.9956,48.9618,44.5070,-0.1398,nan,nan,nan,nan
120.5514,6.8685,1.0161,0.1325,163.0725,0.0000,-80.7665,6.9228,0.7861,0.1400,0.2364,-2.9999,48.9606,44.5077,-0.1415,nan,nan,nan,nan
120.5835,6.8685,1.0161,0.1325,163.0725,0.0001,-80.7665,6.9229,0.7862,0.1400,0.2364,-3.0090,48.9609,44.5076,-0.1473,nan,nan,nan,nan
120.6061,6.8685,1.0161,0.1325,163.0725,0.0001,-80.7665,6.9229,0.7862,0.1400,0.2364,-3.0158,48.9622,44.5069,-0.1512,nan,nan,nan,nan
120.6289,6.8685,1.0161,0.1325,163.0725,0.0000,-80.7665,6.9229,0.7862,0.1399,0.2364,-3.0248,48.9654,44.5076,-0.1526,nan,nan,nan,nan
120.6558,6.8685,1.0161,0.1325,163.0725,0.0000,-80.7665,6.9230,0.7862,0.1399,0.2364,-3.0321,48.9684,44.5076,-0.1515,nan,nan,nan,nan
120.6768,6.8685,1.0161,0.1325,163.0725,0.0000,-80.7665,6.9230,0.7862,0.1399,0.2364,-3.0347,48.9707,44.5055,-0.1523,nan,nan,nan,nan
120.6989,6.8685,1.0161,0.1325,163.0725,-0.0000,-80.7665,6.9230,0.7862,0.1399,0.2364,-3.0356,48.9726,44.5019,-0.1506,nan,nan,nan,nan
120.7294,6.8685,1.0161,0.1325,163.0725,0.0001,-80.7664,6.9230,0.7862,0.1399,0.2364,-3.0399,48.9735,44.4993,-0.1444,nan,nan,nan,nan
120.7590,6.8685,1.0161,0.1325,163.0725,0.0000,-80.7665,6.9230,0.7862,0.1399,0.2364,-3.0503,48.9749,44.4952,-0.1328,nan,nan,nan,nan
120.7926,6.8685,1.0161,0.1325,163.0725,0.0000,-80.7664,6.9231,0.7862,0.1399,0.2364,-3.0565,48.9780,44.4899,-0.1168,nan,nan,nan,nan
120.8290,6.8685,1.0161,0.1325,163.0725,0.0000,-80.7665,6.9231,0.7862,0.1399,0.2365,-3.0596,48.9802,44.4822,-0.1108,nan,nan,nan,nan
120.8651,6.8685,1.0161,0.1325,163.0725,0.0000,-80.7664,6.9231,0.7862,0.1399,0.2365,-3.0606,48.9780,44.4805,-0.1153,nan,nan,nan,nan
120.8918,6.8685,1.0161,0.1325,163.0725,0.0000,-80.7664,6.9231,0.7862,0.1399,0.2365,-3.0589,48.9759,44.4824,-0.1201,nan,nan,nan,nan
120.9139,6.8685,1.0161,0.1325,163.0727,-0.0000,-80.7664,6.9231,0.7862,0.1399,0.2365,-3.0579,48.9755,44.4829,-0.1220,nan,nan,nan,nan
120.9466,6.8685,1.0161,0.1325,163.0725,-0.0000,-80.7665,6.9230,0.7861,0.1399,0.2365,-3.0495,48.9737,44.4842,-0.1259,nan,nan,nan,nan
120.9697,6.8685,1.0161,0.1325,163.0725,-0.0000,-80.7665,6.9230,0.7861,0.1399,0.2365,-3.0452,48.9728,44.4848,-0.1239,nan,nan,nan,nan
120.9938,6.8685,1.0161,0.1325,163.0725,-0.0000,-80.7664,6.9230,0.7861,0.1400,0.2365,-3.0414,48.9714,44.4852,-0.1210,nan,nan,nan,nan
121.0293,6.8685,1.0161,0.1325,163.0725,-0.0000,-80.7664,6.9230,0.7861,0.1400,0.2365,-3.0362,48.9681,44.4828,-0.1134,nan,nan,nan,nan
121.0552,6.8685,1.0161,0.1325,163.0725,-0.0000,-80.7664,6.9230,0.7861,0.1400,0.2365,-3.0305,48.9653,44.4794,-0.1031,nan,nan,nan,nan
121.0824,6.8685,1.0161,0.1325,163.0725,-0.0000,-80.7665,6.9230,0.7861,0.1400,0.2365,-3.0263,48.9625,44.4785,-0.0978,nan,nan,nan,nan
121.1154,6.8685,1.0161,0.1325,163.0725,-0.0000,-80.7664,6.9230,0.7861,0.1400,0.2365,-3.0213,48.9593,44.4754,-0.0934,nan,nan,nan,nan
121.1410,6.8685,1.0161,0.1325,163.0725,-0.0000,-80.7664,6.9229,0.7861,0.1401,0.2365,-3.0176,48.9572,44.4720,-0.0939,nan,nan,nan,nan
121.1621,6.8685,1.0161,0.1325,163.0725,-0.0000,-80.7664,6.9229,0.7861,0.1401,0.2365,-3.0121,48.9558,44.4698,-0.0929,nan,nan,nan,nan
121.1968,6.8685,1.0161,0.1325,163.0725,0.0000,-80.7664,6.9229,0.7860,0.1401,0.2365,-2.9979,48.9543,44.4688,-0.0874,nan,nan,nan,nan
121.2299,6.8685,1.0161,0.1325,163.0725,0.0000,-80.7664,6.9228,0.7860,0.1401,0.2365,-2.9819,48.9531,44.4655,-0.0872,nan,nan,nan,nan
121.2564,6.8685,1.0161,0.1325,163.0725,0.0000,-80.7664,6.9228,0.7860,0.1402,0.2366,-2.9690,48.9511,44.4624,-0.0874,nan,nan,nan,nan
121.2808,6.8685,1.0161,0.1325,163.0725,0.0001,-80.7664,6.9228,0.7860,0.1402,0.2366,-2.9587,48.9492,44.4605,-0.0840,nan,nan,nan,nan
121.3169,6.8685,1.0161,0.1325,163.0725,0.0000,-80.7664,6.9227,0.7860,0.1402,0.2366,-2.9405,48.9462,44.4592,-0.0831,nan,nan,nan,nan
121.3423,6.8685,1.0161,0.1325,163.0725,0.0000,-80.7664,6.9226,0.7859,0.1403,0.2366,-2.9168,48.9447,44.4594,-0.0862,nan,nan,nan,nan
121.3671,6.8685,1.0161,0.1325,163.0725,-0.0000,-80.7664,6.9225,0.7859,0.1403,0.2366,-2.8873,48.9436,44.4609,-0.0899,nan,nan,nan,nan
121.3955,6.8685,1.0161,0.1325,163.0725,0.0000,-80.7664,6.9224,0.7859,0.1403,0.2366,-2.8643,48.9433,44.4616,-0.0891,nan,nan,nan,nan
121.4189,6.8685,1.0161,0.1325,163.0725,0.0000,-80.7664,6.9223,0.7859,0.1404,0.2366,-2.8260,48.9434,44.4630,-0.0905,nan,nan,nan,nan
121.4438,6.8685,1.0161,0.1325,163.0725,-0.0000,-80.7664,6.9222,0.7859,0.1404,0.2366,-2.7996,48.9436,44.4641,-0.0923,nan,nan,nan,nan
121.4734,6.8685,1.0161,0.1325,163.0725,-0.0000,-80.7664,6.9220,0.7858,0.1404,0.2366,-2.7606,48.9459,44.4607,-0.0960,nan,nan,nan,nan
121.5018,6.8685,1.0161,0.1325,163.0725,-0.0000,-80.7665,6.9218,0.7858,0.1405,0.2366,-2.7165,48.9489,44.4522,-0.0988,nan,nan,nan,nan
121.5340,6.8685,1.0161,0.1325,163.0725,-0.0001,-80.7664,6.9217,0.7857,0.1405,0.2366,-2.6818,48.9483,44.4446,-0.0966,nan,nan,nan,nan
121.5698,6.8685,1.0161,0.1325,163.0725,0.0000,-80.7664,6.9216,0.7857,0.1406,0.2366,-2.6596,48.9458,44.4403,-0.0992,nan,nan,nan,nan
121.5928,6.8685,1.0161,0.1325,163.0725,0.0000,-80.7664,6.9216,0.7857,0.1406,0.2366,-2.6512,48.9459,44.4380,-0.1019,nan,nan,nan,nan
121.6221,6.8685,1.0161,0.1325,163.0726,0.0001,-80.7664,6.9216,0.7857,0.1406,0.2366,-2.6428,48.9466,44.4361,-0.1053,nan,nan,nan,nan
121.6597,6.8685,1.0161,0.1325,163.0725,0.0000,-80.7664,6.9215,0.7856,0.1406,0.2366,-2.6217,48.9471,44.4326,-0.1108,nan,nan,nan,nan
121.6845,6.8685,1.0161,0.1325,163.0725,0.0000,-80.7664,6.9214,0.7856,0.1407,0.2366,-2.6035,48.9468,44.4308,-0.1179,nan,nan,nan,nan
121.7099,6.8685,1.0161,0.1325,163.0725,-0.0000,-80.7664,6.9214,0.7856,0.1407,0.2366,-2.5971,48.9468,44.4302,-0.1197,nan,nan,nan,nan
121.7382,6.8685,1.0161,0.1325,163.0725,-0.0000,-80.7664,6.9213,0.7856,0.1407,0.2366,-2.5796,48.9460,44.4296,-0.1230,nan,nan,nan,nan
121.7649,6.8685,1.0161,0.1325,163.0725,-0.0000,-80.7664,6.9213,0.7856,0.1407,0.2366,-2.5736,48.9464,44.4302,-0.1219,nan,nan,nan,nan
121.7921,6.8685,1.0161,0.1325,163.0725,-0.0000,-80.7665,6.9213,0.7856,0.1407,0.2366,-2.5688,48.9468,44.4298,-0.1195,nan,nan,nan,nan
121.8218,6.8685,1.0161,0.1325,163.0725,0.0000,-80.7664,6.9213,0.7856,0.1407,0.2366,-2.5678,48.9464,44.4303,-0.1168,nan,nan,nan,nan
121.8529,6.8685,1.0161,0.1325,163.0725,0.0000,-80.7664,6.9213,0.7856,0.1407,0.2366,-2.5731,48.9463,44.4281,-0.1209,nan,nan,nan,nan
121.8825,6.8685,1.0161,0.1325,163.0725,-0.0000,-80.7664,6.9214,0.7856,0.1407,0.2367,-2.5884,48.9458,44.4236,-0.1247,nan,nan,nan,nan
121.9058,6.8685,1.0161,0.1325,163.0725,-0.0000,-80.7664,6.9215,0.7856,0.1407,0.2367,-2.5989,48.9457,44.4208,-0.1292,nan,nan,nan,nan
121.9319,6.8685,1.0161,0.1325,163.0725,-0.0000,-80.7664,6.9215,0.7856,0.1407,0.2367,-2.6149,48.9456,44.4183,-0.1373,nan,nan,nan,nan
121.9590,6.8685,1.0161,0.1325,163.0725,-0.0000,-80.7664,6.9215,0.7856,0.1407,0.2367,-2.6297,48.9462,44.4164,-0.1407,nan,nan,nan,nan
121.9854,6.8685,1.0161,0.1325,163.0725,-0.0000,-80.7664,6.9216,0.7856,0.1406,0.2367,-2.6393,48.9474,44.4158,-0.1429,nan,nan,nan,nan
122.0098,6.8685,1.0161,0.1325,163.0725,-0.0000,-80.7664,6.9216,0.7856,0.1406,0.2367,-2.6485,48.9485,44.4153,-0.1447,nan,nan,nan,nan
122.0414,6.8685,1.0161,0.1325,163.0725,0.0000,-80.7664,6.9217,0.7856,0.1406,0.2367,-2.6610,48.9508,44.4138,-0.1463,nan,nan,nan,nan
122.0659,6.8685,1.0161,0.1325,163.0725,0.0000,-80.7664,6.9217,0.7856,0.1406,0.2367,-2.6640,48.9512,44.4114,-0.1486,nan,nan,nan,nan
122.0928,6.8685,1.0161,0.1325,163.0725,0.0001,-80.7665,6.9217,0.7856,0.1406,0.2367,-2.6656,48.9521,44.4081,-0.1509,nan,nan,nan,nan
122.1226,6.8685,1.0161,0.1325,163.0726,0.0000,-80.7665,6.9217,0.7856,0.1406,0.2367,-2.6703,48.9528,44.4063,-0.1565,nan,nan,nan,nan
122.1483,6.8685,1.0161,0.1325,163.0726,0.0000,-80.7665,6.9217,0.7856,0.1406,0.2367,-2.6755,48.9538,44.4072,-0.1567,nan,nan,nan,nan
122.1707,6.8685,1.0161,0.1325,163.0725,-0.0000,-80.7665,6.9217,0.7856,0.1406,0.2367,-2.6776,48.9540,44.4106,-0.1546,nan,nan,nan,nan
122.2041,6.8685,1.0161,0.1325,163.0725,-0.0000,-80.7665,6.9217,0.7857,0.1406,0.2367,-2.6807,48.9550,44.4159,-0.1537,nan,nan,nan,nan
122.2328,6.8685,1.0161,0.1325,163.0725,0.0000,-80.7665,6.9217,0.7857,0.1406,0.2366,-2.6852,48.9568,44.4180,-0.1576,nan,nan,nan,nan
122.2556,6.8685,1.0161,0.1325,163.0725,0.0000,-80.7665,6.9218,0.7857,0.1406,0.2366,-2.6881,48.9568,44.4190,-0.1631,nan,nan,nan,nan
122.2821,6.8685,1.0161,0.1325,163.0725,0.0000,-80.7665,6.9218,0.7857,0.1406,0.2366,-2.6895,48.9564,44.4200,-0.1653,nan,nan,nan,nan
122.3152,6.8685,1.0161,0.1325,163.0725,0.0000,-80.7665,6.9218,0.7857,0.1405,0.2366,-2.6976,48.9555,44.4243,-0.1741,nan,nan,nan,nan
122.3405,6.8685,1.0161,0.1325,163.0725,0.0000,-80.7665,6.9218,0.7857,0.1405,0.2366,-2.7018,48.9549,44.4262,-0.1771,nan,nan,nan,nan
122.3620,6.8685,1.0161,0.1325,163.0725,0.0000,-80.7664,6.9218,0.7857,0.1405,0.2366,-2.7055,48.9557,44.4274,-0.1813,nan,nan,nan,nan
122.3924,6.8685,1.0161,0.1325,163.0725,0.0000,-80.7664,6.9219,0.7857,0.1405,0.2366,-2.7150,48.9553,44.4264,-0.1898,nan,nan,nan,nan
122.4175,6.8685,1.0161,0.1325,163.0725,0.0000,-80.7664,6.9219,0.7857,0.1405,0.2366,-2.7224,48.9546,44.4243,-0.1919,nan,nan,nan,nan
122.4394,6.8685,1.0161,0.1325,163.0726,-0.0000,-80.7664,6.9220,0.7857,0.1405,0.2366,-2.7402,48.9544,44.4202,-0.1998,nan,nan,nan,nan
122.4649,6.8685,1.0161,0.1325,163.0725,-0.0000,-80.7664,6.9220,0.7857,0.1405,0.2367,-2.7484,48.9539,44.4188,-0.2034,nan,nan,nan,nan
122.4904,6.8685,1.0161,0.1325,163.0725,-0.0000,-80.7664,6.9220,0.7857,0.1405,0.2367,-2.7551,48.9522,44.4189,-0.2093,nan,nan,nan,nan
122.5144,6.8685,1.0161,0.1325,163.0725,-0.0000,-80.7665,6.9220,0.7857,0.1405,0.2367,-2.7547,48.9517,44.4185,-0.2147,nan,nan,nan,nan
122.5398,6.8685,1.0161,0.1325,163.0725,-0.0000,-80.7665,6.9220,0.7857,0.1405,0.2367,-2.7539,48.9507,44.4169,-0.2174,nan,nan,nan,nan
122.5694,6.8685,1.0161,0.1325,163.0725,0.0000,-80.7665,6.9220,0.7857,0.1405,0.2367,-2.7521,48.9490,44.4150,-0.2206,nan,nan,nan,nan
122.5950,6.8685,1.0161,0.1325,163.0725,0.0001,-80.7664,6.9220,0.7857,0.1405,0.2367,-2.7538,48.9481,44.4131,-0.2195,nan,nan,nan,nan
122.6239,6.8685,1.0161,0.1325,163.0725,0.0000,-80.7665,6.9220,0.7857,0.1405,0.2367,-2.7569,48.9511,44.4061,-0.2218,nan,nan,nan,nan
122.6585,6.8685,1.0161,0.1325,163.0725,0.0001,-80.7665,6.9221,0.7857,0.1405,0.2367,-2.7648,48.9521,44.3995,-0.2224,nan,nan,nan,nan
122.6894,6.8685,1.0161,0.1325,163.0725,-0.0000,-80.7664,6.9221,0.7857,0.1405,0.2367,-2.7778,48.9511,44.3915,-0.2197,nan,nan,nan,nan
122.7108,6.8685,1.0161,0.1325,163.0725,-0.0000,-80.7664,6.9222,0.7857,0.1405,0.2367,-2.7874,48.9515,44.3860,-0.2195,nan,nan,nan,nan
122.7379,6.8685,1.0161,0.1325,163.0725,0.0000,-80.7665,6.9222,0.7857,0.1405,0.2367,-2.7897,48.9518,44.3844,-0.2201,nan,nan,nan,nan
122.7728,6.8685,1.0161,0.1325,163.0725,0.0000,-80.7665,6.9222,0.7857,0.1405,0.2368,-2.7953,48.9511,44.3762,-0.2248,nan,nan,nan,nan
122.7946,6.8685,1.0161,0.1325,163.0725,0.0000,-80.7665,6.9222,0.7857,0.1406,0.2368,-2.7958,48.9492,44.3706,-0.2313,nan,nan,nan,nan
122.8210,6.8685,1.0161,0.1325,163.0725,-0.0000,-80.7664,6.9222,0.7856,0.1406,0.2368,-2.7968,48.9488,44.3687,-0.2346,nan,nan,nan,nan
122.8452,6.8685,1.0161,0.1325,163.0725,0.0000,-80.7665,6.9223,0.7856,0.1406,0.2368,-2.8036,48.9460,44.3645,-0.2412,nan,nan,nan,nan
122.8824,6.8685,1.0161,0.1325,163.0725,-0.0000,-80.7664,6.9223,0.7856,0.1406,0.2368,-2.8153,48.9418,44.3614,-0.2347,nan,nan,nan,nan
122.9084,6.8685,1.0161,0.1325,163.0725,-0.0000,-80.7664,6.9224,0.7856,0.1406,0.2368,-2.8314,48.9379,44.3569,-0.2281,nan,nan,nan,nan
122.9400,6.8685,1.0161,0.1325,163.0725,0.0001,-80.7665,6.9225,0.7857,0.1406,0.2368,-2.8453,48.9332,44.3590,-0.2185,nan,nan,nan,nan
122.9660,6.8685,1.0161,0.1325,163.0725,0.0001,-80.7665,6.9225,0.7857,0.1406,0.2368,-2.8518,48.9321,44.3602,-0.2138,nan,nan,nan,nan
122.9922,6.8685,1.0161,0.1325,163.0725,0.0000,-80.7664,6.9225,0.7857,0.1406,0.2368,-2.8621,48.9313,44.3623,-0.2079,nan,nan,nan,nan
123.0276,6.8685,1.0161,0.1325,163.0725,-0.0000,-80.7665,6.9226,0.7857,0.1405,0.2368,-2.8740,48.9312,44.3647,-0.2046,nan,nan,nan,nan
123.0538,6.8685,1.0161,0.1325,163.0725,-0.0000,-80.7665,6.9226,0.7857,0.1405,0.2368,-2.8823,48.9310,44.3656,-0.1994,nan,nan,nan,nan
123.0792,6.8685,1.0161,0.1325,163.0725,0.0000,-80.7665,6.9226,0.7857,0.1405,0.2368,-2.8911,48.9318,44.3678,-0.1928,nan,nan,nan,nan
123.1113,6.8685,1.0161,0.1325,163.0725,-0.0000,-80.7665,6.9226,0.7857,0.1405,0.2368,-2.8914,48.9339,44.3724,-0.1914,nan,nan,nan,nan
123.1367,6.8685,1.0161,0.1325,163.0725,0.0001,-80.7665,6.9226,0.7857,0.1405,0.2368,-2.8793,48.9399,44.3767,-0.1928,nan,nan,nan,nan
123.1631,6.8685,1.0161,0.1325,163.0725,0.0001,-80.7665,6.9225,0.7857,0.1405,0.2368,-2.8646,48.9433,44.3779,-0.1956,nan,nan,nan,nan
123.1879,6.8685,1.0161,0.1325,163.0725,-0.0000,-80.7665,6.9225,0.7857,0.1405,0.2368,-2.8588,48.9437,44.3778,-0.1955,nan,nan,nan,nan
123.2199,6.8685,1.0161,0.1325,163.0725,-0.0000,-80.7665,6.9224,0.7857,0.1405,0.2368,-2.8371,48.9433,44.3779,-0.1890,nan,nan,nan,nan
123.2527,6.8685,1.0161,0.1325,163.0725,0.0000,-80.7665,6.9223,0.7857,0.1405,0.2368,-2.8241,48.9454,44.3759,-0.1783,nan,nan,nan,nan
123.2842,6.8685,1.0161,0.1325,163.0725,-0.0000,-80.7665,6.9223,0.7857,0.1405,0.2368,-2.8173,48.9510,44.3740,-0.1734,nan,nan,nan,nan
123.3108,6.8685,1.0161,0.1325,163.0725,-0.0000,-80.7665,6.9223,0.7857,0.1405,0.2368,-2.8156,48.9543,44.3743,-0.1712,nan,nan,nan,nan
123.3316,6.8685,1.0161,0.1325,163.0725,0.0000,-80.7665,6.9223,0.7857,0.1405,0.2368,-2.8148,48.9558,44.3751,-0.1705,nan,nan,nan,nan
123.3594,6.8685,1.0161,0.1325,163.0725,-0.0000,-80.7665,6.9223,0.7857,0.1405,0.2368,-2.8116,48.9581,44.3764,-0.1705,nan,nan,nan,nan
123.3833,6.8685,1.0161,0.1325,163.0725,0.0000,-80.7664,6.9222,0.7857,0.1405,0.2367,-2.8007,48.9610,44.3795,-0.1706,nan,nan,nan,nan
123.4075,6.8685,1.0161,0.1325,163.0725,0.0000,-80.7664,6.9222,0.7857,0.1405,0.2367,-2.7902,48.9634,44.3814,-0.1748,nan,nan,nan,nan
123.4409,6.8685,1.0161,0.1325,163.0725,0.0000,-80.7664,6.9221,0.7857,0.1405,0.2367,-2.7784,48.9656,44.3818,-0.1870,nan,nan,nan,nan
123.4718,6.8685,1.0161,0.1325,163.0725,-0.0000,-80.7664,6.9221,0.7857,0.1405,0.2367,-2.7684,48.9668,44.3798,-0.1975,nan,nan,nan,nan
123.5069,6.8685,1.0161,0.1325,163.0725,-0.0000,-80.7665,6.9221,0.7857,0.1405,0.2367,-2.7619,48.9657,44.3782,-0.1981,nan,nan,nan,nan
123.5326,6.8685,1.0161,0.1325,163.0725,-0.0000,-80.7665,6.9221,0.7857,0.1405,0.2367,-2.7588,48.9645,44.3781,-0.1992,nan,nan,nan,nan
123.5607,6.8685,1.0161,0.1325,163.0725,-0.0000,-80.7665,6.9220,0.7856,0.1405,0.2367,-2.7510,48.9640,44.3781,-0.1993,nan,nan,nan,nan
123.5812,6.8685,1.0161,0.1325,163.0725,0.0001,-80.7665,6.9220,0.7856,0.1405,0.2367,-2.7438,48.9637,44.3808,-0.2006,nan,nan,nan,nan
123.6120,6.8685,1.0161,0.1325,163.0725,0.0001,-80.7665,6.9219,0.7856,0.1406,0.2367,-2.7279,48.9638,44.3842,-0.2028,nan,nan,nan,nan
123.6334,6.8685,1.0161,0.1325,163.0725,0.0001,-80.7665,6.9219,0.7856,0.1406,0.2367,-2.7179,48.9643,44.3841,-0.2034,nan,nan,nan,nan
123.6539,6.8685,1.0161,0.1325,163.0725,-0.0000,-80.7664,6.9218,0.7856,0.1406,0.2367,-2.7060,48.9651,44.3839,-0.2021,nan,nan,nan,nan
123.6822,6.8685,1.0161,0.1325,163.0725,-0.0000,-80.7664,6.9217,0.7856,0.1406,0.2367,-2.6754,48.9641,44.3857,-0.1941,nan,nan,nan,nan
123.7052,6.8685,1.0161,0.1325,163.0725,-0.0000,-80.7664,6.9216,0.7856,0.1406,0.2367,-2.6583,48.9629,44.3859,-0.1886,nan,nan,nan,nan
123.7300,6.8685,1.0161,0.1325,163.0725,-0.0001,-80.7664,6.9216,0.7856,0.1407,0.2367,-2.6403,48.9609,44.3850,-0.1828,nan,nan,nan,nan
123.7643,6.8685,1.0161,0.1325,163.0725,-0.0001,-80.7664,6.9215,0.7855,0.1407,0.2367,-2.6068,48.9567,44.3812,-0.1778,nan,nan,nan,nan
123.7914,6.8685,1.0161,0.1325,163.0725,-0.0001,-80.7664,6.9214,0.7855,0.1408,0.2367,-2.5892,48.9538,44.3809,-0.1797,nan,nan,nan,nan
123.8171,6.8685,1.0161,0.1325,163.0725,0.0000,-80.7664,6.9214,0.7855,0.1408,0.2367,-2.5858,48.9532,44.3808,-0.1796,nan,nan,nan,nan
123.8407,6.8685,1.0161,0.1325,163.0725,-0.0000,-80.7664,6.9214,0.7855,0.1408,0.2367,-2.5792,48.9538,44.3825,-0.1804,nan,nan,nan,nan
123.8636,6.8685,1.0161,0.1325,163.0725,-0.0000,-80.7664,6.9214,0.7855,0.1408,0.2367,-2.5755,48.9557,44.3864,-0.1800,nan,nan,nan,nan
123.8893,6.8685,1.0161,0.1325,163.0725,-0.0000,-80.7665,6.9214,0.7855,0.1407,0.2367,-2.5761,48.9557,44.3901,-0.1798,nan,nan,nan,nan
123.9111,6.8685,1.0161,0.1325,163.0725,0.0001,-80.7664,6.9214,0.7855,0.1407,0.2367,-2.5834,48.9527,44.3948,-0.1785,nan,nan,nan,nan
123.9462,6.8685,1.0161,0.1325,163.0725,-0.0000,-80.7664,6.9214,0.7855,0.1407,0.2367,-2.5932,48.9503,44.3970,-0.1769,nan,nan,nan,nan
123.9825,6.8685,1.0161,0.1325,163.0725,-0.0000,-80.7664,6.9215,0.7856,0.1407,0.2367,-2.6083,48.9493,44.3972,-0.1775,nan,nan,nan,nan
124.0044,6.8685,1.0161,0.1325,163.0725,-0.0000,-80.7664,6.9215,0.7856,0.1407,0.2367,-2.6237,48.9498,44.3927,-0.1821,nan,nan,nan,nan
124.0322,6.8685,1.0161,0.1325,163.0725,0.0000,-80.7665,6.9216,0.7856,0.1407,0.2367,-2.6362,48.9501,44.3903,-0.1840,nan,nan,nan,nan
124.0585,6.8685,1.0161,0.1325,163.0725,0.0000,-80.7664,6.9217,0.7856,0.1407,0.2367,-2.6580,48.9504,44.3880,-0.1852,nan,nan,nan,nan
124.0804,6.8685,1.0161,0.1325,163.0725,0.0000,-80.7664,6.9218,0.7856,0.1407,0.2367,-2.6736,48.9500,44.3873,-0.1860,nan,nan,nan,nan
124.1011,6.8685,1.0161,0.1325,163.0726,0.0000,-80.7664,6.9218,0.7856,0.1406,0.2367,-2.6893,48.9492,44.3881,-0.1887,nan,nan,nan,nan
124.1320,6.8685,1.0161,0.1325,163.0725,-0.0000,-80.7664,6.9219,0.7856,0.1406,0.2367,-2.7128,48.9507,44.3855,-0.1972,nan,nan,nan,nan
124.1757,6.8685,1.0161,0.1325,163.0725,-0.0001,-80.7664,6.9220,0.7856,0.1406,0.2367,-2.7309,48.9513,44.3816,-0.2002,nan,nan,nan,nan
124.1990,6.8685,1.0161,0.1325,163.0725,-0.0001,-80.7664,6.9220,0.7856,0.1406,0.2368,-2.7396,48.9516,44.3792,-0.2008,nan,nan,nan,nan
124.2258,6.8685,1.0161,0.1325,163.0725,0.0000,-80.7665,6.9220,0.7856,0.1406,0.2368,-2.7486,48.9515,44.3766,-0.2008,nan,nan,nan,nan
124.2554,6.8685,1.0161,0.1325,163.0725,0.0000,-80.7664,6.9221,0.7856,0.1406,0.2368,-2.7678,48.9502,44.3709,-0.2030,nan,nan,nan,nan
124.2819,6.8685,1.0161,0.1325,163.0725,0.0000,-80.7664,6.9221,0.7856,0.1406,0.2368,-2.7768,48.9495,44.3693,-0.2027,nan,nan,nan,nan
124.3026,6.8685,1.0161,0.1325,163.0725,-0.0000,-80.7664,6.9221,0.7856,0.1406,0.2368,-2.7876,48.9491,44.3663,-0.2016,nan,nan,nan,nan
124.3358,6.8685,1.0161,0.1325,163.0725,-0.0000,-80.7664,6.9221,0.7856,0.1406,0.2368,-2.7980,48.9484,44.3649,-0.2013,nan,nan,nan,nan
124.3572,6.8685,1.0161,0.1325,163.0725,-0.0000,-80.7664,6.9221,0.7856,0.1406,0.2368,-2.8037,48.9483,44.3653,-0.2035,nan,nan,nan,nan
124.3813,6.8685,1.0161,0.1325,163.0725,0.0000,-80.7664,6.9221,0.7856,0.1406,0.2368,-2.8086,48.9488,44.3663,-0.2040,nan,nan,nan,nan
124.4126,6.8685,1.0161,0.1325,163.0725,-0.0000,-80.7664,6.9221,0.7856,0.1406,0.2368,-2.8111,48.9484,44.3715,-0.1974,nan,nan,nan,nan
124.4382,6.8685,1.0161,0.1325,163.0725,-0.0000,-80.7664,6.9221,0.7856,0.1406,0.2368,-2.8115,48.9486,44.3728,-0.1899,nan,nan,nan,nan
124.4643,6.8685,1.0161,0.1325,163.0725,-0.0000,-80.7664,6.9221,0.7856,0.1406,0.2368,-2.8054,48.9507,44.3733,-0.1755,nan,nan,nan,nan
124.4991,6.8685,1.0161,0.1325,163.0725,-0.0000,-80.7664,6.9221,0.7856,0.1406,0.2368,-2.7918,48.9539,44.3750,-0.1595,nan,nan,nan,nan
124.5249,6.8685,1.0161,0.1325,163.0725,-0.0000,-80.7664,6.9221,0.7856,0.1406,0.2368,-2.7812,48.9548,44.3758,-0.1497,nan,nan,nan,nan
124.5473,6.8685,1.0161,0.1325,163.0725,-0.0000,-80.7664,6.9221,0.7856,0.1406,0.2368,-2.7648,48.9561,44.3777,-0.1346,nan,nan,nan,nan
124.5739,6.8685,1.0161,0.1325,163.0725,-0.0000,-80.7664,6.9221,0.7856,0.1406,0.2368,-2.7484,48.9565,44.3822,-0.1181,nan,nan,nan,nan
124.6024,6.8685,1.0161,0.1325,163.0725,-0.0000,-80.7664,6.9221,0.7856,0.1406,0.2368,-2.7228,48.9589,44.3882,-0.1055,nan,nan,nan,nan
124.6277,6.8685,1.0161,0.1325,163.0725,-0.0000,-80.7664,6.9221,0.7856,0.1406,0.2368,-2.7189,48.9963,44.3874,-0.1033,nan,nan,nan,nan
124.6486,6.8685,1.0161,0.1325,163.0725,-0.0000,-80.7665,6.9221,0.7856,0.1406,0.2368,-2.7377,49.0716,44.3858,-0.1030,nan,nan,nan,nan
124.6771,6.8685,1.0161,0.1325,163.0725,-0.0000,-80.7664,6.9221,0.7856,0.1406,0.2368,-2.7960,49.2579,44.3826,-0.1005,nan,nan,nan,nan
124.6984,6.8685,1.0161,0.1325,163.0725,-0.0000,-80.7664,6.9221,0.7856,0.1406,0.2368,-2.8846,49.5257,44.3787,-0.0961,nan,nan,nan,nan
124.7245,6.8685,1.0161,0.1325,163.0725,-0.0001,-80.7665,6.9221,0.7856,0.1406,0.2368,-2.9591,49.7439,44.3756,-0.0929,nan,nan,nan,nan
124.7582,6.8685,1.0161,0.1325,163.0727,-0.0000,-80.7664,6.9221,0.7856,0.1406,0.2368,-3.0938,50.0000,44.4195,-0.0914,nan,nan,nan,nan
124.7808,6.8685,1.0161,0.1325,163.0727,-0.0000,-80.7664,6.9221,0.7856,0.1406,0.2368,-3.1980,50.0000,44.5191,-0.0895,nan,nan,nan,nan
124.8081,6.8685,1.0161,0.1325,163.0725,-0.0001,-80.7665,6.9221,0.7856,0.1406,0.2368,-3.3740,50.0000,44.6673,-0.0864,nan,nan,nan,nan
124.8430,6.8685,1.0161,0.1325,163.0725,-0.0000,-80.7665,6.9221,0.7856,0.1406,0.2368,-3.5676,50.0000,44.8012,-0.0836,nan,nan,nan,nan
124.8687,6.8685,1.0161,0.1325,163.0725,-0.0000,-80.7665,6.9221,0.7856,0.1406,0.2368,-3.7036,50.0000,44.8780,-0.0814,nan,nan,nan,nan
124.8897,6.8685,1.0161,0.1325,163.0725,-0.0001,-80.7664,6.9221,0.7856,0.1406,0.2368,-3.9184,50.0000,44.9767,-0.0772,nan,nan,nan,nan
