t,bx,by,bz,roll,pitch,yaw,cx,cy,cz,dist,q1,q2,q3,q4,m0,m1,m2,m3
0.0253,-0.0001,0.0002,0.3055,-0.0000,-0.0000,-0.1323,nan,nan,nan,nan,nan,nan,nan,nan,nan,nan,nan,nan
0.0502,-0.0001,0.0002,0.3055,-0.0000,-0.0000,-0.1323,0.2587,-0.0014,0.2108,0.2756,0.1287,34.4555,36.6142,0.0738,nan,nan,nan,nan
0.0789,-0.0001,0.0002,0.3055,-0.0000,0.0000,-0.1323,0.2587,-0.0014,0.2108,0.2756,0.1270,34.4601,36.6185,0.0759,nan,nan,nan,nan
0.1125,-0.0001,0.0002,0.3055,-0.0000,0.0000,-0.1323,0.2587,-0.0014,0.2108,0.2756,0.1258,34.4630,36.6206,0.0789,nan,nan,nan,nan
0.1386,-0.0001,0.0002,0.3055,-0.0000,-0.0000,-0.1323,0.2587,-0.0014,0.2108,0.2756,0.1204,34.4654,36.6236,0.0805,nan,nan,nan,nan
0.1686,-0.0001,0.0002,0.3055,-0.0000,-0.0000,-0.1323,0.2587,-0.0014,0.2108,0.2755,0.1152,34.4658,36.6255,0.0795,nan,nan,nan,nan
0.1905,-0.0001,0.0002,0.3055,-0.0000,-0.0000,-0.1323,0.2587,-0.0015,0.2108,0.2756,0.1130,34.4666,36.6238,0.0781,nan,nan,nan,nan
0.2118,-0.0001,0.0002,0.3055,-0.0001,-0.0000,-0.1323,0.2587,-0.0015,0.2108,0.2756,0.1118,34.4665,36.6227,0.0797,nan,nan,nan,nan
0.2387,-0.0001,0.0002,0.3055,-0.0000,-0.0000,-0.1323,0.2587,-0.0015,0.2108,0.2756,0.1115,34.4651,36.6218,0.0823,nan,nan,nan,nan
0.2630,-0.0001,0.0002,0.3055,-0.0000,-0.0000,-0.1323,0.2587,-0.0015,0.2108,0.2756,0.1102,34.4643,36.6231,0.0816,nan,nan,nan,nan
0.2862,-0.0001,0.0002,0.3055,-0.0001,0.0000,-0.1323,0.2587,-0.0015,0.2108,0.2756,0.1096,34.4642,36.6235,0.0815,nan,nan,nan,nan
0.3170,-0.0001,0.0002,0.3055,-0.0001,-0.0000,-0.1323,0.2587,-0.0015,0.2108,0.2756,0.1067,34.4655,36.6193,0.0841,nan,nan,nan,nan
0.3405,-0.0001,0.0002,0.3055,-0.0001,-0.0000,-0.1323,0.2587,-0.0015,0.2108,0.2756,0.1041,34.4660,36.6159,0.0867,nan,nan,nan,nan
0.3674,-0.0001,0.0002,0.3055,-0.0000,0.0000,-0.1323,0.2587,-0.0015,0.2108,0.2756,0.0985,34.4664,36.6101,0.0897,nan,nan,nan,nan
0.3947,-0.0001,0.0002,0.3055,-0.0000,0.0000,-0.1323,0.2587,-0.0015,0.2108,0.2756,0.0952,34.4657,36.6089,0.0892,nan,nan,nan,nan
0.4215,-0.0001,0.0002,0.3055,-0.0000,0.0000,-0.1323,0.2587,-0.0016,0.2108,0.2756,0.0897,34.4655,36.6080,0.0887,nan,nan,nan,nan
0.4445,-0.0001,0.0002,0.3055,-0.0000,0.0000,-0.1323,0.2587,-0.0016,0.2108,0.2756,0.0857,34.4675,36.6038,0.0893,nan,nan,nan,nan
0.4707,-0.0001,0.0002,0.3055,-0.0000,-0.0000,-0.1323,0.2587,-0.0016,0.2108,0.2756,0.0833,34.4679,36.6034,0.0911,nan,nan,nan,nan
0.4988,-0.0001,0.0002,0.3055,-0.0000,-0.0000,-0.1323,0.2587,-0.0016,0.2108,0.2756,0.0790,34.4689,36.6035,0.0922,nan,nan,nan,nan
0.5257,-0.0001,0.0002,0.3055,-0.0000,-0.0000,-0.1323,0.2587,-0.0016,0.2108,0.2756,0.0765,34.4704,36.6036,0.0910,nan,nan,nan,nan
0.5462,-0.0001,0.0002,0.3055,-0.0000,-0.0000,-0.1323,0.2587,-0.0016,0.2108,0.2756,0.0759,34.4735,36.5998,0.0884,nan,nan,nan,nan
0.5732,-0.0001,0.0002,0.3055,-0.0000,0.0000,-0.1323,0.2587,-0.0016,0.2108,0.2756,0.0794,34.4753,36.5966,0.0840,nan,nan,nan,nan
0.6038,-0.0001,0.0002,0.3055,-0.0000,0.0000,-0.1323,0.2587,-0.0016,0.2108,0.2756,0.0867,34.4792,36.5943,0.0782,nan,nan,nan,nan
0.6268,-0.0001,0.0002,0.3055,-0.0000,0.0000,-0.1323,0.2587,-0.0015,0.2108,0.2756,0.0952,34.4831,36.5961,0.0739,nan,nan,nan,nan
0.6475,-0.0001,0.0002,0.3055,-0.0000,0.0000,-0.1323,0.2587,-0.0015,0.2108,0.2756,0.1022,34.4856,36.5975,0.0737,nan,nan,nan,nan
0.6685,-0.0001,0.0002,0.3055,-0.0000,-0.0000,-0.1323,0.2587,-0.0015,0.2109,0.2756,0.1135,34.4902,36.5984,0.0768,nan,nan,nan,nan
0.6976,-0.0001,0.0002,0.3055,-0.0000,0.0000,-0.1323,0.2587,-0.0014,0.2109,0.2756,0.1265,34.4948,36.5971,0.0784,nan,nan,nan,nan
0.7247,-0.0001,0.0002,0.3055,-0.0000,-0.0000,-0.1323,0.2587,-0.0013,0.2109,0.2756,0.1390,34.4950,36.5914,0.0771,nan,nan,nan,nan
0.7618,-0.0001,0.0002,0.3055,-0.0000,-0.0000,-0.1323,0.2587,-0.0013,0.2109,0.2756,0.1446,34.4953,36.5859,0.0769,nan,nan,nan,nan
0.7828,-0.0001,0.0002,0.3055,-0.0000,-0.0000,-0.1323,0.2587,-0.0013,0.2109,0.2756,0.1436,34.4962,36.5835,0.0718,nan,nan,nan,nan
0.8037,-0.0001,0.0002,0.3055,-0.0000,-0.0000,-0.1323,0.2587,-0.0013,0.2108,0.2756,0.1405,34.4969,36.5822,0.0677,nan,nan,nan,nan
0.8338,-0.0001,0.0002,0.3055,-0.0000,0.0000,-0.1323,0.2587,-0.0014,0.2109,0.2756,0.1338,34.4979,36.5812,0.0624,nan,nan,nan,nan
0.8662,-0.0001,0.0002,0.3055,-0.0000,-0.0000,-0.1323,0.2587,-0.0014,0.2109,0.2756,0.1303,34.4998,36.5793,0.0563,nan,nan,nan,nan
0.8895,-0.0001,0.0002,0.3055,-0.0000,-0.0000,-0.1323,0.2587,-0.0014,0.2109,0.2756,0.1312,34.5008,36.5797,0.0536,nan,nan,nan,nan
0.9178,-0.0001,0.0002,0.3055,-0.0000,-0.0000,-0.1323,0.2587,-0.0014,0.2109,0.2756,0.1332,34.5020,36.5787,0.0510,nan,nan,nan,nan
0.9515,-0.0001,0.0002,0.3055,-0.0000,-0.0000,-0.1323,0.2588,-0.0014,0.2109,0.2756,0.1304,34.5042,36.5754,0.0418,nan,nan,nan,nan
0.9746,-0.0001,0.0002,0.3055,-0.0000,0.0000,-0.1323,0.2587,-0.0014,0.2109,0.2756,0.1186,34.5063,36.5772,0.0327,nan,nan,nan,nan
1.0040,-0.0001,0.0002,0.3055,-0.0000,-0.0000,-0.1323,0.2587,-0.0015,0.2109,0.2756,0.1014,34.5069,36.5793,0.0321,nan,nan,nan,nan
1.0302,-0.0001,0.0002,0.3055,0.0000,-0.0000,-0.1323,0.2588,-0.0016,0.2109,0.2756,0.0854,34.5053,36.5750,0.0361,nan,nan,nan,nan
1.0585,-0.0001,0.0002,0.3055,-0.0000,-0.0000,-0.1323,0.2588,-0.0016,0.2108,0.2756,0.0740,34.5016,36.5689,0.0327,nan,nan,nan,nan
1.0889,-0.0001,0.0002,0.3055,-0.0001,0.0000,-0.1323,0.2588,-0.0017,0.2108,0.2757,0.0658,34.4982,36.5621,0.0242,nan,nan,nan,nan
1.1170,-0.0001,0.0002,0.3055,-0.0001,-0.0000,-0.1322,0.2588,-0.0017,0.2108,0.2757,0.0496,34.4938,36.5549,0.0196,nan,nan,nan,nan
1.1480,-0.0001,0.0002,0.3055,0.0000,0.0000,-0.1323,0.2588,-0.0019,0.2107,0.2757,0.0239,34.4894,36.5493,0.0193,nan,nan,nan,nan
1.1781,-0.0001,0.0002,0.3055,-0.0000,-0.0000,-0.1323,0.2588,-0.0020,0.2107,0.2757,-0.0033,34.4842,36.5479,0.0170,nan,nan,nan,nan
1.2170,-0.0001,0.0002,0.3055,0.0000,-0.0000,-0.1323,0.2588,-0.0021,0.2107,0.2757,-0.0203,34.4816,36.5448,0.0135,nan,nan,nan,nan
1.2419,-0.0001,0.0002,0.3055,0.0000,-0.0000,-0.1323,0.2588,-0.0021,0.2107,0.2757,-0.0252,34.4806,36.5433,0.0124,nan,nan,nan,nan
1.2648,-0.0001,0.0002,0.3055,-0.0000,-0.0000,-0.1323,0.2588,-0.0021,0.2106,0.2757,-0.0282,34.4770,36.5411,0.0127,nan,nan,nan,nan
1.2961,-0.0001,0.0002,0.3055,-0.0000,0.0000,-0.1323,0.2588,-0.0021,0.2106,0.2757,-0.0283,34.4722,36.5402,0.0164,nan,nan,nan,nan
1.3163,-0.0001,0.0002,0.3055,-0.0000,0.0000,-0.1323,0.2588,-0.0021,0.2106,0.2758,-0.0276,34.4699,36.5380,0.0186,nan,nan,nan,nan
1.3366,-0.0001,0.0002,0.3055,-0.0000,0.0000,-0.1323,0.2588,-0.0021,0.2106,0.2758,-0.0235,34.4673,36.5334,0.0245,nan,nan,nan,nan
1.3580,-0.0001,0.0002,0.3055,-0.0000,-0.0000,-0.1323,0.2588,-0.0020,0.2106,0.2758,-0.0158,34.4656,36.5286,0.0261,nan,nan,nan,nan
1.3807,-0.0001,0.0002,0.3055,-0.0000,-0.0000,-0.1323,0.2588,-0.0020,0.2105,0.2758,-0.0051,34.4632,36.5248,0.0236,nan,nan,nan,nan
1.4070,-0.0001,0.0002,0.3055,-0.0000,0.0000,-0.1323,0.2588,-0.0020,0.2105,0.2758,0.0025,34.4618,36.5248,0.0227,nan,nan,nan,nan
1.4323,-0.0001,0.0002,0.3055,-0.0001,-0.0000,-0.1323,0.2588,-0.0019,0.2105,0.2758,0.0147,34.4608,36.5260,0.0249,nan,nan,nan,nan
1.4676,-0.0001,0.0002,0.3055,-0.0000,0.0000,-0.1323,0.2588,-0.0018,0.2105,0.2758,0.0376,34.4614,36.5282,0.0225,nan,nan,nan,nan
1.4928,-0.0001,0.0002,0.3055,-0.0000,0.0000,-0.1323,0.2588,-0.0016,0.2105,0.2758,0.0709,34.4624,36.5304,0.0170,nan,nan,nan,nan
1.5231,-0.0001,0.0002,0.3055,-0.0000,-0.0000,-0.1323,0.2588,-0.0015,0.2106,0.2758,0.1132,34.4621,36.5351,0.0163,nan,nan,nan,nan
1.5552,-0.0001,0.0002,0.3055,-0.0000,-0.0000,-0.1323,0.2588,-0.0013,0.2106,0.2758,0.1558,34.4646,36.5382,0.0176,nan,nan,nan,nan
1.5769,-0.0001,0.0002,0.3055,-0.0000,-0.0000,-0.1323,0.2588,-0.0011,0.2106,0.2757,0.1747,34.4671,36.5379,0.0190,nan,nan,nan,nan
1.6028,-0.0001,0.0002,0.3055,-0.0000,-0.0000,-0.1323,0.2588,-0.0011,0.2106,0.2757,0.2011,34.4705,36.5398,0.0217,nan,nan,nan,nan
1.6346,-0.0001,0.0002,0.3055,-0.0000,-0.0000,-0.1323,0.2588,-0.0010,0.2106,0.2757,0.2247,34.4742,36.5417,0.0193,nan,nan,nan,nan
1.6553,-0.0001,0.0002,0.3055,-0.0000,-0.0000,-0.1323,0.2588,-0.0009,0.2106,0.2757,0.2448,34.4759,36.5441,0.0066,nan,nan,nan,nan
1.6783,-0.0001,0.0002,0.3055,-0.0000,0.0000,-0.1323,0.2588,-0.0008,0.2107,0.2757,0.2555,34.4773,36.5452,-0.0070,nan,nan,nan,nan
1.7008,-0.0001,0.0002,0.3055,-0.0000,-0.0000,-0.1323,0.2588,-0.0008,0.2107,0.2757,0.2667,34.4778,36.5480,-0.0301,nan,nan,nan,nan
1.7359,-0.0001,0.0002,0.3055,-0.0000,-0.0000,-0.1323,0.2588,-0.0008,0.2107,0.2757,0.2706,34.4797,36.5524,-0.0481,nan,nan,nan,nan
1.7584,-0.0001,0.0002,0.3055,-0.0000,-0.0000,-0.1323,0.2588,-0.0008,0.2107,0.2757,0.2697,34.4808,36.5534,-0.0509,nan,nan,nan,nan
1.7840,-0.0001,0.0002,0.3055,-0.0000,-0.0000,-0.1323,0.2588,-0.0008,0.2107,0.2757,0.2661,34.4822,36.5522,-0.0497,nan,nan,nan,nan
1.8194,-0.0001,0.0002,0.3055,0.0000,0.0000,-0.1323,0.2588,-0.0008,0.2107,0.2757,0.2594,34.4837,36.5494,-0.0473,nan,nan,nan,nan
1.8458,-0.0001,0.0002,0.3055,-0.0000,-0.0000,-0.1323,0.2588,-0.0009,0.2107,0.2757,0.2413,34.4845,36.5491,-0.0445,nan,nan,nan,nan
1.8712,-0.0001,0.0002,0.3055,-0.0000,-0.0000,-0.1323,0.2588,-0.0010,0.2107,0.2757,0.2190,34.4861,36.5496,-0.0403,nan,nan,nan,nan
1.8921,-0.0001,0.0002,0.3055,-0.0000,0.0000,-0.1323,0.2588,-0.0011,0.2107,0.2757,0.1989,34.4870,36.5510,-0.0366,nan,nan,nan,nan
1.9216,-0.0001,0.0002,0.3055,-0.0000,0.0000,-0.1323,0.2588,-0.0012,0.2107,0.2757,0.1654,34.4893,36.5516,-0.0321,nan,nan,nan,nan
1.9508,-0.0001,0.0002,0.3055,-0.0000,0.0000,-0.1323,0.2588,-0.0014,0.2107,0.2757,0.1322,34.4928,36.5518,-0.0254,nan,nan,nan,nan
1.9759,-0.0001,0.0002,0.3055,-0.0001,-0.0000,-0.1323,0.2588,-0.0015,0.2108,0.2757,0.1117,34.4955,36.5507,-0.0211,nan,nan,nan,nan
2.0049,-0.0001,0.0002,0.3055,-0.0000,0.0000,-0.1323,0.2588,-0.0016,0.2108,0.2757,0.0813,34.4985,36.5492,-0.0193,nan,nan,nan,nan
2.0268,-0.0001,0.0002,0.3055,-0.0000,0.0000,-0.1323,0.2588,-0.0017,0.2108,0.2757,0.0518,34.4995,36.5491,-0.0178,nan,nan,nan,nan
2.0480,-0.0001,0.0002,0.3055,-0.0000,0.0000,-0.1323,0.2588,-0.0018,0.2108,0.2757,0.0414,34.5000,36.5495,-0.0172,nan,nan,nan,nan
2.0785,-0.0001,0.0002,0.3055,-0.0000,-0.0000,-0.1323,0.2588,-0.0020,0.2108,0.2757,-0.0042,34.5003,36.5525,-0.0147,nan,nan,nan,nan
2.0992,-0.0001,0.0002,0.3055,-0.0000,-0.0000,-0.1323,0.2588,-0.0021,0.2108,0.2757,-0.0392,34.4987,36.5516,-0.0131,nan,nan,nan,nan
2.1268,-0.0001,0.0002,0.3055,-0.0000,0.0000,-0.1323,0.2588,-0.0022,0.2108,0.2757,-0.0620,34.4977,36.5498,-0.0128,nan,nan,nan,nan
2.1629,-0.0001,0.0002,0.3055,-0.0000,-0.0000,-0.1323,0.2588,-0.0024,0.2107,0.2757,-0.0952,34.4961,36.5456,-0.0146,nan,nan,nan,nan
2.1902,-0.0001,0.0002,0.3055,-0.0000,-0.0000,-0.1323,0.2588,-0.0025,0.2107,0.2757,-0.1170,34.4950,36.5430,-0.0152,nan,nan,nan,nan
2.2188,-0.0001,0.0002,0.3055,-0.0000,-0.0000,-0.1323,0.2588,-0.0026,0.2107,0.2757,-0.1488,34.4944,36.5390,-0.0160,nan,nan,nan,nan
2.2557,-0.0001,0.0002,0.3055,-0.0000,0.0000,-0.1323,0.2588,-0.0028,0.2107,0.2757,-0.1792,34.4957,36.5342,-0.0124,nan,nan,nan,nan
2.2778,-0.0001,0.0002,0.3055,-0.0000,0.0000,-0.1323,0.2588,-0.0029,0.2107,0.2757,-0.1989,34.4969,36.5301,-0.0111,nan,nan,nan,nan
2.2988,-0.0001,0.0002,0.3055,-0.0000,0.0000,-0.1323,0.2588,-0.0030,0.2107,0.2757,-0.2233,34.4969,36.5259,-0.0102,nan,nan,nan,nan
2.3363,-0.0001,0.0002,0.3055,-0.0000,-0.0000,-0.1323,0.2588,-0.0030,0.2107,0.2757,-0.2398,34.4976,36.5231,-0.0054,nan,nan,nan,nan
2.3652,-0.0001,0.0002,0.3055,-0.0000,-0.0000,-0.1323,0.2588,-0.0031,0.2107,0.2757,-0.2513,34.4961,36.5222,0.0005,nan,nan,nan,nan
2.3941,-0.0001,0.0002,0.3055,-0.0000,-0.0000,-0.1323,0.2588,-0.0031,0.2107,0.2757,-0.2552,34.4950,36.5226,0.0018,nan,nan,nan,nan
2.4194,-0.0001,0.0002,0.3055,-0.0000,-0.0000,-0.1323,0.2588,-0.0032,0.2107,0.2757,-0.2711,34.4914,36.5268,0.0046,nan,nan,nan,nan
2.4481,-0.0001,0.0002,0.3055,-0.0000,-0.0000,-0.1323,0.2588,-0.0032,0.2107,0.2757,-0.2816,34.4916,36.5293,0.0071,nan,nan,nan,nan
2.4688,-0.0001,0.0002,0.3055,-0.0000,0.0000,-0.1323,0.2588,-0.0032,0.2107,0.2757,-0.2845,34.4918,36.5314,0.0084,nan,nan,nan,nan
2.4997,-0.0001,0.0002,0.3055,-0.0000,0.0000,-0.1323,0.2588,-0.0033,0.2107,0.2757,-0.2910,34.4949,36.5377,0.0135,nan,nan,nan,nan
2.5209,-0.0001,0.0002,0.3055,-0.0000,0.0000,-0.1323,0.2588,-0.0033,0.2107,0.2757,-0.2907,34.4963,36.5397,0.0177,nan,nan,nan,nan
2.5447,-0.0001,0.0002,0.3055,-0.0000,0.0000,-0.1323,0.2588,-0.0032,0.2107,0.2757,-0.2868,34.4964,36.5431,0.0208,nan,nan,nan,nan
2.5735,-0.0001,0.0002,0.3055,-0.0000,-0.0000,-0.1323,0.2588,-0.0032,0.2107,0.2757,-0.2801,34.4942,36.5472,0.0166,nan,nan,nan,nan
2.5962,-0.0001,0.0002,0.3055,-0.0000,-0.0000,-0.1323,0.2588,-0.0032,0.2107,0.2757,-0.2720,34.4924,36.5485,0.0092,nan,nan,nan,nan
2.6190,-0.0001,0.0002,0.3055,-0.0000,-0.0000,-0.1323,0.2588,-0.0032,0.2107,0.2757,-0.2685,34.4916,36.5468,0.0025,nan,nan,nan,nan
2.6444,-0.0001,0.0002,0.3055,0.0000,-0.0000,-0.1323,0.2588,-0.0031,0.2107,0.2757,-0.2641,34.4902,36.5435,-0.0046,nan,nan,nan,nan
2.6680,-0.0001,0.0002,0.3055,0.0000,-0.0000,-0.1323,0.2588,-0.0031,0.2107,0.2757,-0.2629,34.4907,36.5399,-0.0126,nan,nan,nan,nan
2.6953,-0.0001,0.0002,0.3055,-0.0000,0.0000,-0.1323,0.2588,-0.0031,0.2107,0.2757,-0.2613,34.4903,36.5386,-0.0163,nan,nan,nan,nan
2.7228,-0.0001,0.0002,0.3055,0.0000,-0.0000,-0.1323,0.2588,-0.0031,0.2107,0.2757,-0.2595,34.4874,36.5385,-0.0169,nan,nan,nan,nan
2.7499,-0.0001,0.0002,0.3055,0.0000,-0.0000,-0.1323,0.2588,-0.0031,0.2107,0.2757,-0.2592,34.4852,36.5393,-0.0168,nan,nan,nan,nan
2.7768,-0.0001,0.0002,0.3055,-0.0000,0.0000,-0.1323,0.2588,-0.0031,0.2107,0.2757,-0.2590,34.4832,36.5388,-0.0155,nan,nan,nan,nan
2.7980,-0.0001,0.0002,0.3055,-0.0001,0.0000,-0.1323,0.2588,-0.0031,0.2106,0.2757,-0.2554,34.4787,36.5364,-0.0181,nan,nan,nan,nan
2.8267,-0.0001,0.0002,0.3055,-0.0001,0.0000,-0.1323,0.2588,-0.0031,0.2106,0.2757,-0.2516,34.4764,36.5348,-0.0220,nan,nan,nan,nan
2.8561,-0.0001,0.0002,0.3055,-0.0000,-0.0000,-0.1323,0.2588,-0.0030,0.2106,0.2757,-0.2408,34.4744,36.5348,-0.0256,nan,nan,nan,nan
2.8853,-0.0001,0.0002,0.3055,-0.0000,-0.0000,-0.1323,0.2588,-0.0030,0.2106,0.2758,-0.2265,34.4735,36.5348,-0.0258,nan,nan,nan,nan
2.9129,-0.0001,0.0002,0.3055,0.0000,-0.0000,-0.1323,0.2588,-0.0029,0.2106,0.2758,-0.2063,34.4742,36.5330,-0.0242,nan,nan,nan,nan
2.9338,-0.0001,0.0002,0.3055,0.0000,-0.0000,-0.1323,0.2588,-0.0028,0.2106,0.2758,-0.1954,34.4758,36.5323,-0.0260,nan,nan,nan,nan
2.9573,-0.0001,0.0002,0.3055,-0.0000,-0.0000,-0.1323,0.2588,-0.0028,0.2106,0.2758,-0.1836,34.4770,36.5327,-0.0295,nan,nan,nan,nan
2.9830,-0.0001,0.0002,0.3055,-0.0000,-0.0000,-0.1323,0.2588,-0.0027,0.2106,0.2757,-0.1729,34.4782,36.5330,-0.0325,nan,nan,nan,nan
3.0207,-0.0001,0.0002,0.3055,-0.0000,0.0000,-0.1323,0.2588,-0.0027,0.2106,0.2757,-0.1649,34.4791,36.5329,-0.0365,nan,nan,nan,nan
3.0416,-0.0001,0.0002,0.3055,-0.0000,0.0000,-0.1323,0.2588,-0.0027,0.2106,0.2757,-0.1600,34.4801,36.5325,-0.0425,nan,nan,nan,nan
3.0647,-0.0001,0.0002,0.3055,-0.0001,0.0000,-0.1323,0.2588,-0.0027,0.2106,0.2758,-0.1565,34.4809,36.5309,-0.0499,nan,nan,nan,nan
3.0905,-0.0001,0.0002,0.3055,-0.0000,-0.0000,-0.1323,0.2588,-0.0026,0.2106,0.2758,-0.1509,34.4810,36.5270,-0.0658,nan,nan,nan,nan
3.1178,-0.0001,0.0002,0.3055,-0.0000,-0.0000,-0.1323,0.2588,-0.0026,0.2106,0.2758,-0.1453,34.4799,36.5240,-0.0740,nan,nan,nan,nan
3.1431,-0.0001,0.0002,0.3055,-0.0001,-0.0000,-0.1323,0.2588,-0.0026,0.2106,0.2758,-0.1400,34.4788,36.5252,-0.0744,nan,nan,nan,nan
3.1665,-0.0001,0.0002,0.3055,0.0000,-0.0000,-0.1323,0.2588,-0.0025,0.2106,0.2758,-0.1286,34.4787,36.5262,-0.0758,nan,nan,nan,nan
3.2060,-0.0001,0.0002,0.3055,-0.0000,-0.0000,-0.1323,0.2588,-0.0024,0.2106,0.2758,-0.1069,34.4782,36.5296,-0.0771,nan,nan,nan,nan
3.2271,-0.0001,0.0002,0.3055,-0.0000,-0.0000,-0.1323,0.2588,-0.0024,0.2106,0.2757,-0.0883,34.4757,36.5357,-0.0821,nan,nan,nan,nan
3.2497,-0.0001,0.0002,0.3055,-0.0000,-0.0000,-0.1323,0.2588,-0.0023,0.2106,0.2757,-0.0823,34.4752,36.5376,-0.0859,nan,nan,nan,nan
3.2795,-0.0001,0.0002,0.3055,-0.0001,-0.0000,-0.1323,0.2588,-0.0022,0.2106,0.2757,-0.0622,34.4737,36.5442,-0.1094,nan,nan,nan,nan
3.3104,-0.0001,0.0002,0.3055,-0.0000,0.0000,-0.1323,0.2588,-0.0021,0.2106,0.2757,-0.0413,34.4713,36.5481,-0.1323,nan,nan,nan,nan
3.3430,-0.0001,0.0002,0.3055,-0.0000,-0.0000,-0.1323,0.2588,-0.0020,0.2106,0.2757,-0.0165,34.4669,36.5539,-0.1314,nan,nan,nan,nan
3.3677,-0.0001,0.0002,0.3055,-0.0000,-0.0000,-0.1323,0.2588,-0.0019,0.2106,0.2757,0.0055,34.4635,36.5584,-0.1238,nan,nan,nan,nan
3.3922,-0.0001,0.0002,0.3055,-0.0000,0.0000,-0.1323,0.2588,-0.0018,0.2106,0.2757,0.0328,34.4590,36.5654,-0.1131,nan,nan,nan,nan
3.4159,-0.0001,0.0002,0.3055,-0.0001,0.0000,-0.1323,0.2587,-0.0017,0.2106,0.2757,0.0616,34.4563,36.5726,-0.1019,nan,nan,nan,nan
3.4486,-0.0001,0.0002,0.3055,-0.0000,0.0000,-0.1323,0.2587,-0.0016,0.2106,0.2757,0.0870,34.4534,36.5790,-0.0889,nan,nan,nan,nan
3.4724,-0.0001,0.0002,0.3055,-0.0000,0.0000,-0.1323,0.2587,-0.0015,0.2106,0.2757,0.1008,34.4518,36.5816,-0.0856,nan,nan,nan,nan
3.4973,-0.0001,0.0002,0.3055,-0.0000,-0.0000,-0.1323,0.2587,-0.0014,0.2106,0.2757,0.1170,34.4486,36.5845,-0.0837,nan,nan,nan,nan
3.5218,-0.0001,0.0002,0.3055,-0.0000,0.0000,-0.1323,0.2587,-0.0014,0.2106,0.2757,0.1261,34.4447,36.5878,-0.0837,nan,nan,nan,nan
3.5449,-0.0001,0.0002,0.3055,-0.0000,0.0000,-0.1323,0.2587,-0.0014,0.2106,0.2757,0.1330,34.4417,36.5883,-0.0880,nan,nan,nan,nan
3.5727,-0.0001,0.0002,0.3055,-0.0001,0.0000,-0.1323,0.2587,-0.0013,0.2106,0.2757,0.1409,34.4401,36.5833,-0.0898,nan,nan,nan,nan
3.6083,-0.0001,0.0002,0.3055,-0.0000,-0.0000,-0.1323,0.2587,-0.0013,0.2106,0.2757,0.1541,34.4376,36.5822,-0.0902,nan,nan,nan,nan
3.6325,-0.0001,0.0002,0.3055,-0.0000,-0.0000,-0.1323,0.2587,-0.0012,0.2106,0.2757,0.1693,34.4397,36.5829,-0.0865,nan,nan,nan,nan
3.6590,-0.0001,0.0002,0.3055,-0.0000,0.0000,-0.1323,0.2587,-0.0011,0.2106,0.2757,0.1845,34.4449,36.5798,-0.0860,nan,nan,nan,nan
3.6879,-0.0001,0.0002,0.3055,-0.0000,0.0000,-0.1323,0.2587,-0.0011,0.2106,0.2757,0.1909,34.4473,36.5776,-0.0843,nan,nan,nan,nan
3.7094,-0.0001,0.0002,0.3055,-0.0001,0.0000,-0.1323,0.2587,-0.0011,0.2106,0.2757,0.1944,34.4486,36.5759,-0.0830,nan,nan,nan,nan
3.7371,-0.0001,0.0002,0.3055,-0.0000,-0.0000,-0.1323,0.2587,-0.0011,0.2106,0.2757,0.1961,34.4495,36.5767,-0.0811,nan,nan,nan,nan
3.7719,-0.0001,0.0002,0.3055,-0.0000,-0.0000,-0.1323,0.2587,-0.0011,0.2106,0.2757,0.1891,34.4487,36.5827,-0.0775,nan,nan,nan,nan
3.8030,-0.0001,0.0002,0.3055,-0.0000,0.0000,-0.1323,0.2587,-0.0012,0.2106,0.2757,0.1755,34.4469,36.5885,-0.0771,nan,nan,nan,nan
3.8277,-0.0001,0.0002,0.3055,-0.0000,0.0000,-0.1323,0.2587,-0.0012,0.2106,0.2757,0.1632,34.4446,36.5935,-0.0785,nan,nan,nan,nan
3.8500,-0.0001,0.0002,0.3055,-0.0000,-0.0000,-0.1323,0.2587,-0.0013,0.2107,0.2756,0.1560,34.4438,36.5964,-0.0810,nan,nan,nan,nan
3.8727,-0.0001,0.0002,0.3055,-0.0000,0.0000,-0.1323,0.2587,-0.0013,0.2107,0.2756,0.1467,34.4437,36.5994,-0.0778,nan,nan,nan,nan
3.9059,-0.0001,0.0002,0.3055,-0.0001,0.0000,-0.1323,0.2587,-0.0013,0.2107,0.2756,0.1431,34.4445,36.6052,-0.0692,nan,nan,nan,nan
3.9333,-0.0001,0.0002,0.3055,-0.0001,0.0000,-0.1323,0.2587,-0.0013,0.2107,0.2756,0.1424,34.4455,36.6095,-0.0653,nan,nan,nan,nan
3.9601,-0.0001,0.0002,0.3055,-0.0000,-0.0000,-0.1323,0.2587,-0.0013,0.2107,0.2756,0.1439,34.4484,36.6150,-0.0625,nan,nan,nan,nan
3.9820,-0.0001,0.0002,0.3055,-0.0001,-0.0000,-0.1322,0.2587,-0.0013,0.2108,0.2756,0.1466,34.4519,36.6182,-0.0586,nan,nan,nan,nan
4.0040,-0.0001,0.0002,0.3055,-0.0001,-0.0000,-0.1322,0.2587,-0.0013,0.2108,0.2756,0.1484,34.4535,36.6225,-0.0572,nan,nan,nan,nan
4.0245,-0.0001,0.0002,0.3055,-0.0000,0.0000,-0.1323,0.2587,-0.0013,0.2108,0.2756,0.1488,34.4539,36.6241,-0.0565,nan,nan,nan,nan
4.0469,-0.0001,0.0002,0.3055,-0.0000,-0.0000,-0.1323,0.2587,-0.0013,0.2108,0.2756,0.1509,34.4545,36.6305,-0.0566,nan,nan,nan,nan
4.0705,-0.0001,0.0002,0.3055,-0.0000,-0.0000,-0.1323,0.2587,-0.0013,0.2108,0.2755,0.1512,34.4541,36.6340,-0.0575,nan,nan,nan,nan
4.0935,-0.0001,0.0002,0.3055,-0.0000,0.0000,-0.1323,0.2587,-0.0013,0.2108,0.2755,0.1518,34.4541,36.6368,-0.0589,nan,nan,nan,nan
4.1205,-0.0001,0.0002,0.3055,0.0000,0.0000,-0.1323,0.2586,-0.0013,0.2108,0.2755,0.1486,34.4554,36.6463,-0.0584,nan,nan,nan,nan
4.1407,-0.0001,0.0002,0.3055,0.0000,0.0000,-0.1323,0.2586,-0.0013,0.2109,0.2755,0.1405,34.4582,36.6541,-0.0610,nan,nan,nan,nan
4.1632,-0.0001,0.0002,0.3055,-0.0000,-0.0000,-0.1323,0.2586,-0.0014,0.2109,0.2755,0.1342,34.4605,36.6571,-0.0635,nan,nan,nan,nan
4.1904,-0.0001,0.0002,0.3055,-0.0000,-0.0000,-0.1323,0.2586,-0.0014,0.2109,0.2755,0.1246,34.4643,36.6585,-0.0650,nan,nan,nan,nan
4.2183,-0.0001,0.0002,0.3055,-0.0000,-0.0000,-0.1323,0.2586,-0.0015,0.2109,0.2755,0.1088,34.4676,36.6606,-0.0611,nan,nan,nan,nan
4.2527,-0.0001,0.0002,0.3055,-0.0001,0.0000,-0.1323,0.2586,-0.0016,0.2110,0.2755,0.0831,34.4701,36.6610,-0.0556,nan,nan,nan,nan
4.2814,-0.0001,0.0002,0.3055,-0.0000,-0.0000,-0.1323,0.2586,-0.0017,0.2110,0.2755,0.0476,34.4741,36.6608,-0.0386,nan,nan,nan,nan
4.3075,-0.0001,0.0002,0.3055,0.0000,0.0000,-0.1324,0.2586,-0.0019,0.2110,0.2755,0.0065,34.4763,36.6627,-0.0306,nan,nan,nan,nan
4.3347,-0.0001,0.0002,0.3055,0.0000,0.0000,-0.1324,0.2586,-0.0021,0.2110,0.2754,-0.0135,34.4774,36.6651,-0.0313,nan,nan,nan,nan
4.3565,-0.0001,0.0002,0.3055,-0.0000,-0.0000,-0.1323,0.2586,-0.0021,0.2110,0.2754,-0.0310,34.4778,36.6698,-0.0344,nan,nan,nan,nan
4.3772,-0.0001,0.0002,0.3055,-0.0000,0.0000,-0.1323,0.2586,-0.0022,0.2111,0.2754,-0.0554,34.4835,36.6764,-0.0390,nan,nan,nan,nan
4.4027,-0.0001,0.0002,0.3055,-0.0000,0.0000,-0.1323,0.2586,-0.0023,0.2111,0.2754,-0.0667,34.4879,36.6785,-0.0402,nan,nan,nan,nan
4.4231,-0.0001,0.0002,0.3055,-0.0000,-0.0000,-0.1323,0.2586,-0.0023,0.2111,0.2754,-0.0720,34.4908,36.6778,-0.0413,nan,nan,nan,nan
4.4480,-0.0001,0.0002,0.3055,-0.0001,0.0000,-0.1323,0.2586,-0.0023,0.2111,0.2754,-0.0723,34.4914,36.6778,-0.0404,nan,nan,nan,nan
4.4785,-0.0001,0.0002,0.3055,-0.0000,-0.0000,-0.1323,0.2586,-0.0022,0.2111,0.2754,-0.0603,34.4914,36.6765,-0.0374,nan,nan,nan,nan
4.5002,-0.0001,0.0002,0.3055,-0.0000,-0.0000,-0.1323,0.2586,-0.0022,0.2111,0.2754,-0.0426,34.4932,36.6737,-0.0347,nan,nan,nan,nan
4.5244,-0.0001,0.0002,0.3055,-0.0001,-0.0000,-0.1323,0.2586,-0.0021,0.2111,0.2754,-0.0292,34.4949,36.6727,-0.0357,nan,nan,nan,nan
4.5522,-0.0001,0.0002,0.3055,-0.0000,0.0000,-0.1323,0.2586,-0.0020,0.2111,0.2754,-0.0101,34.4973,36.6718,-0.0383,nan,nan,nan,nan
4.5828,-0.0001,0.0002,0.3055,-0.0000,-0.0000,-0.1323,0.2586,-0.0019,0.2111,0.2754,0.0058,34.4974,36.6718,-0.0379,nan,nan,nan,nan
4.6128,-0.0001,0.0002,0.3055,-0.0000,0.0000,-0.1323,0.2586,-0.0019,0.2111,0.2754,0.0177,34.4954,36.6743,-0.0374,nan,nan,nan,nan
4.6402,-0.0001,0.0002,0.3055,-0.0000,0.0000,-0.1323,0.2586,-0.0018,0.2111,0.2754,0.0280,34.4963,36.6764,-0.0436,nan,nan,nan,nan
4.6672,-0.0001,0.0002,0.3055,-0.0000,-0.0000,-0.1323,0.2586,-0.0018,0.2111,0.2754,0.0415,34.4983,36.6762,-0.0510,nan,nan,nan,nan
4.6879,-0.0001,0.0002,0.3055,-0.0000,-0.0000,-0.1323,0.2586,-0.0017,0.2111,0.2754,0.0533,34.4990,36.6771,-0.0523,nan,nan,nan,nan
4.7132,-0.0001,0.0002,0.3055,-0.0000,0.0000,-0.1323,0.2586,-0.0017,0.2111,0.2754,0.0622,34.4993,36.6785,-0.0506,nan,nan,nan,nan
4.7345,-0.0001,0.0002,0.3055,-0.0000,-0.0000,-0.1323,0.2586,-0.0016,0.2111,0.2754,0.0744,34.4981,36.6835,-0.0500,nan,nan,nan,nan
4.7605,-0.0001,0.0002,0.3055,-0.0000,-0.0000,-0.1323,0.2586,-0.0015,0.2112,0.2754,0.0915,34.4954,36.6902,-0.0496,nan,nan,nan,nan
4.7897,-0.0001,0.0002,0.3055,-0.0000,-0.0000,-0.1323,0.2586,-0.0015,0.2112,0.2753,0.1065,34.4940,36.6962,-0.0494,nan,nan,nan,nan
4.8119,-0.0001,0.0002,0.3055,-0.0000,-0.0000,-0.1323,0.2586,-0.0014,0.2112,0.2753,0.1147,34.4947,36.7012,-0.0501,nan,nan,nan,nan
4.8382,-0.0001,0.0002,0.3055,0.0000,-0.0000,-0.1323,0.2586,-0.0014,0.2112,0.2753,0.1173,34.4948,36.7034,-0.0506,nan,nan,nan,nan
4.8670,-0.0001,0.0002,0.3055,-0.0000,-0.0000,-0.1323,0.2586,-0.0014,0.2112,0.2753,0.1269,34.4946,36.7099,-0.0516,nan,nan,nan,nan
4.8926,-0.0001,0.0002,0.3055,-0.0000,-0.0000,-0.1323,0.2586,-0.0014,0.2112,0.2753,0.1367,34.4959,36.7111,-0.0527,nan,nan,nan,nan
4.9172,-0.0001,0.0002,0.3055,-0.0000,-0.0000,-0.1323,0.2586,-0.0013,0.2112,0.2753,0.1433,34.4974,36.7099,-0.0538,nan,nan,nan,nan
4.9425,-0.0001,0.0002,0.3055,-0.0000,-0.0000,-0.1323,0.2586,-0.0013,0.2112,0.2753,0.1565,34.4996,36.7069,-0.0535,nan,nan,nan,nan
4.9642,-0.0001,0.0002,0.3055,-0.0000,-0.0000,-0.1323,0.2586,-0.0012,0.2112,0.2753,0.1720,34.4999,36.7034,-0.0534,nan,nan,nan,nan
4.9854,-0.0001,0.0002,0.3055,-0.0000,-0.0000,-0.1323,0.2586,-0.0012,0.2112,0.2753,0.1765,34.4995,36.7028,-0.0536,nan,nan,nan,nan
5.0055,-0.0001,0.0002,0.3055,-0.0000,0.0000,-0.1323,0.2586,-0.0011,0.2112,0.2753,0.1906,34.4984,36.6992,-0.0562,nan,nan,nan,nan
5.0404,-0.0001,0.0002,0.3055,-0.0000,-0.0000,-0.1323,0.2586,-0.0011,0.2112,0.2753,0.1977,34.4968,36.6978,-0.0554,nan,nan,nan,nan
5.0636,-0.0001,0.0002,0.3055,-0.0000,-0.0000,-0.1323,0.2586,-0.0011,0.2112,0.2754,0.1982,34.4946,36.6953,-0.0472,nan,nan,nan,nan
5.0840,-0.0001,0.0002,0.3055,-0.0000,-0.0000,-0.1323,0.2586,-0.0011,0.2112,0.2754,0.1967,34.4935,36.6945,-0.0413,nan,nan,nan,nan
5.1108,-0.0001,0.0002,0.3055,-0.0000,-0.0000,-0.1323,0.2586,-0.0011,0.2111,0.2754,0.1960,34.4915,36.6947,-0.0310,nan,nan,nan,nan
5.1318,-0.0001,0.0002,0.3055,-0.0000,0.0000,-0.1323,0.2586,-0.0011,0.2112,0.2754,0.1983,34.4905,36.6979,-0.0280,nan,nan,nan,nan
5.1560,-0.0001,0.0002,0.3055,-0.0000,-0.0000,-0.1323,0.2586,-0.0011,0.2112,0.2753,0.1972,34.4894,36.7032,-0.0210,nan,nan,nan,nan
5.1833,-0.0001,0.0002,0.3055,-0.0000,-0.0000,-0.1323,0.2586,-0.0011,0.2112,0.2753,0.1899,34.4897,36.7066,-0.0169,nan,nan,nan,nan
5.2165,-0.0001,0.0002,0.3055,-0.0001,0.0000,-0.1323,0.2586,-0.0012,0.2112,0.2753,0.1785,34.4870,36.7062,-0.0129,nan,nan,nan,nan
5.2424,-0.0001,0.0002,0.3055,-0.0001,-0.0000,-0.1323,0.2586,-0.0012,0.2112,0.2753,0.1633,34.4842,36.7068,-0.0112,nan,nan,nan,nan
5.2787,-0.0001,0.0002,0.3055,-0.0000,-0.0000,-0.1323,0.2586,-0.0013,0.2111,0.2753,0.1515,34.4831,36.7068,-0.0149,nan,nan,nan,nan
5.3131,-0.0001,0.0002,0.3055,0.0000,0.0000,-0.1323,0.2586,-0.0013,0.2111,0.2753,0.1502,34.4816,36.7067,-0.0267,nan,nan,nan,nan
5.3389,-0.0001,0.0002,0.3055,0.0000,0.0000,-0.1323,0.2586,-0.0013,0.2111,0.2753,0.1540,34.4816,36.7081,-0.0309,nan,nan,nan,nan
5.3663,-0.0001,0.0002,0.3055,-0.0000,-0.0000,-0.1323,0.2586,-0.0013,0.2111,0.2753,0.1549,34.4815,36.7090,-0.0308,nan,nan,nan,nan
5.3877,-0.0001,0.0002,0.3055,-0.0001,-0.0000,-0.1323,0.2586,-0.0013,0.2112,0.2753,0.1516,34.4826,36.7115,-0.0305,nan,nan,nan,nan
5.4141,-0.0001,0.0002,0.3055,-0.0001,-0.0000,-0.1323,0.2586,-0.0013,0.2112,0.2753,0.1446,34.4837,36.7129,-0.0306,nan,nan,nan,nan
5.4354,-0.0001,0.0002,0.3055,-0.0000,0.0000,-0.1323,0.2586,-0.0014,0.2112,0.2753,0.1241,34.4846,36.7141,-0.0304,nan,nan,nan,nan
5.4590,-0.0001,0.0002,0.3055,-0.0000,-0.0000,-0.1323,0.2586,-0.0015,0.2112,0.2753,0.1139,34.4856,36.7144,-0.0284,nan,nan,nan,nan
5.4892,-0.0001,0.0002,0.3055,-0.0000,-0.0000,-0.1323,0.2586,-0.0015,0.2112,0.2753,0.0983,34.4879,36.7140,-0.0291,nan,nan,nan,nan
5.5092,-0.0001,0.0002,0.3055,-0.0000,-0.0000,-0.1323,0.2586,-0.0016,0.2112,0.2753,0.0930,34.4891,36.7140,-0.0292,nan,nan,nan,nan
5.5316,-0.0001,0.0002,0.3055,0.0000,0.0000,-0.1323,0.2586,-0.0016,0.2112,0.2753,0.0875,34.4894,36.7160,-0.0237,nan,nan,nan,nan
5.5524,-0.0001,0.0002,0.3055,-0.0000,0.0000,-0.1323,0.2585,-0.0016,0.2112,0.2753,0.0862,34.4900,36.7180,-0.0174,nan,nan,nan,nan
5.5751,-0.0001,0.0002,0.3055,0.0000,-0.0000,-0.1323,0.2586,-0.0016,0.2112,0.2753,0.0827,34.4942,36.7175,-0.0025,nan,nan,nan,nan
5.6048,-0.0001,0.0002,0.3055,-0.0000,-0.0000,-0.1323,0.2585,-0.0016,0.2112,0.2753,0.0795,34.4983,36.7185,0.0143,nan,nan,nan,nan
5.6385,-0.0001,0.0002,0.3055,-0.0000,-0.0000,-0.1323,0.2585,-0.0016,0.2113,0.2753,0.0764,34.5039,36.7212,0.0224,nan,nan,nan,nan
5.6652,-0.0001,0.0002,0.3055,-0.0000,-0.0000,-0.1323,0.2585,-0.0016,0.2113,0.2753,0.0778,34.5065,36.7226,0.0241,nan,nan,nan,nan
5.6865,-0.0001,0.0002,0.3055,0.0000,0.0000,-0.1323,0.2585,-0.0016,0.2113,0.2753,0.0814,34.5075,36.7240,0.0266,nan,nan,nan,nan
5.7229,-0.0001,0.0002,0.3055,-0.0000,-0.0000,-0.1323,0.2585,-0.0015,0.2113,0.2753,0.0941,34.5051,36.7272,0.0317,nan,nan,nan,nan
5.7515,-0.0001,0.0002,0.3055,-0.0000,-0.0000,-0.1323,0.2585,-0.0015,0.2113,0.2753,0.1095,34.4992,36.7317,0.0368,nan,nan,nan,nan
5.7767,-0.0001,0.0002,0.3055,-0.0000,-0.0000,-0.1323,0.2585,-0.0014,0.2113,0.2753,0.1213,34.4955,36.7326,0.0406,nan,nan,nan,nan
5.8004,-0.0001,0.0002,0.3055,-0.0000,-0.0000,-0.1323,0.2585,-0.0014,0.2113,0.2753,0.1280,34.4936,36.7346,0.0418,nan,nan,nan,nan
5.8212,-0.0001,0.0002,0.3055,0.0000,0.0000,-0.1323,0.2585,-0.0014,0.2113,0.2753,0.1325,34.4917,36.7381,0.0461,nan,nan,nan,nan
5.8492,-0.0001,0.0002,0.3055,0.0000,0.0000,-0.1323,0.2585,-0.0014,0.2113,0.2753,0.1309,34.4933,36.7391,0.0495,nan,nan,nan,nan
5.8773,-0.0001,0.0002,0.3055,-0.0000,-0.0000,-0.1323,0.2585,-0.0014,0.2113,0.2752,0.1295,34.4938,36.7400,0.0496,nan,nan,nan,nan
5.9078,-0.0001,0.0002,0.3055,-0.0001,0.0000,-0.1323,0.2585,-0.0014,0.2113,0.2752,0.1219,34.4956,36.7400,0.0498,nan,nan,nan,nan
5.9305,-0.0001,0.0002,0.3055,-0.0001,0.0000,-0.1323,0.2585,-0.0014,0.2113,0.2752,0.1176,34.4967,36.7390,0.0496,nan,nan,nan,nan
5.9537,-0.0001,0.0002,0.3055,-0.0000,0.0000,-0.1323,0.2585,-0.0015,0.2113,0.2753,0.1142,34.4971,36.7382,0.0514,nan,nan,nan,nan
5.9860,-0.0001,0.0002,0.3055,-0.0000,-0.0000,-0.1323,0.2585,-0.0015,0.2113,0.2753,0.1032,34.4956,36.7345,0.0558,nan,nan,nan,nan
6.0200,-0.0001,0.0002,0.3055,-0.0000,-0.0000,-0.1323,0.2585,-0.0016,0.2113,0.2753,0.0810,34.4949,36.7283,0.0554,nan,nan,nan,nan
6.0503,-0.0001,0.0002,0.3055,-0.0001,0.0000,-0.1323,0.2585,-0.0017,0.2112,0.2753,0.0512,34.4946,36.7241,0.0544,nan,nan,nan,nan
6.0742,-0.0001,0.0002,0.3055,-0.0001,0.0000,-0.1323,0.2585,-0.0019,0.2112,0.2753,0.0335,34.4941,36.7210,0.0551,nan,nan,nan,nan
6.0958,-0.0001,0.0002,0.3055,-0.0000,0.0000,-0.1323,0.2585,-0.0019,0.2112,0.2753,0.0032,34.4924,36.7184,0.0562,nan,nan,nan,nan
6.1201,-0.0001,0.0002,0.3055,-0.0000,-0.0000,-0.1323,0.2585,-0.0021,0.2112,0.2753,-0.0302,34.4909,36.7171,0.0563,nan,nan,nan,nan
6.1457,-0.0001,0.0002,0.3055,-0.0000,0.0000,-0.1323,0.2586,-0.0023,0.2112,0.2753,-0.0669,34.4890,36.7115,0.0596,nan,nan,nan,nan
6.1693,-0.0001,0.0002,0.3055,0.0000,0.0000,-0.1323,0.2586,-0.0024,0.2112,0.2753,-0.0923,34.4856,36.7104,0.0609,nan,nan,nan,nan
6.1980,-0.0001,0.0002,0.3055,-0.0001,0.0000,-0.1323,0.2586,-0.0025,0.2112,0.2753,-0.1126,34.4832,36.7084,0.0606,nan,nan,nan,nan
6.2233,-0.0001,0.0002,0.3055,-0.0001,0.0000,-0.1323,0.2586,-0.0025,0.2111,0.2753,-0.1241,34.4807,36.7096,0.0576,nan,nan,nan,nan
6.2506,-0.0001,0.0002,0.3055,-0.0000,-0.0000,-0.1323,0.2586,-0.0025,0.2111,0.2753,-0.1268,34.4800,36.7098,0.0542,nan,nan,nan,nan
6.2749,-0.0001,0.0002,0.3055,-0.0000,-0.0000,-0.1323,0.2586,-0.0026,0.2111,0.2753,-0.1350,34.4779,36.7095,0.0422,nan,nan,nan,nan
6.3031,-0.0001,0.0002,0.3055,-0.0000,-0.0000,-0.1323,0.2586,-0.0026,0.2111,0.2753,-0.1383,34.4763,36.7080,0.0369,nan,nan,nan,nan
6.3265,-0.0001,0.0002,0.3055,-0.0000,-0.0000,-0.1323,0.2586,-0.0026,0.2111,0.2754,-0.1412,34.4758,36.7067,0.0333,nan,nan,nan,nan
6.3521,-0.0001,0.0002,0.3055,-0.0000,0.0000,-0.1323,0.2586,-0.0026,0.2111,0.2754,-0.1444,34.4760,36.7046,0.0284,nan,nan,nan,nan
6.3825,-0.0001,0.0002,0.3055,0.0000,0.0000,-0.1323,0.2586,-0.0026,0.2111,0.2754,-0.1454,34.4765,36.7015,0.0264,nan,nan,nan,nan
6.4106,-0.0001,0.0002,0.3055,-0.0000,-0.0000,-0.1323,0.2586,-0.0026,0.2111,0.2754,-0.1480,34.4777,36.6986,0.0249,nan,nan,nan,nan
6.4306,-0.0001,0.0002,0.3055,-0.0000,-0.0000,-0.1323,0.2586,-0.0026,0.2111,0.2754,-0.1503,34.4774,36.6989,0.0237,nan,nan,nan,nan
6.4512,-0.0001,0.0002,0.3055,-0.0000,-0.0000,-0.1323,0.2586,-0.0027,0.2111,0.2754,-0.1544,34.4773,36.6998,0.0217,nan,nan,nan,nan
6.4793,-0.0001,0.0002,0.3055,-0.0000,0.0000,-0.1323,0.2586,-0.0027,0.2111,0.2754,-0.1603,34.4771,36.7007,0.0214,nan,nan,nan,nan
6.5008,-0.0001,0.0002,0.3055,-0.0000,0.0000,-0.1323,0.2586,-0.0027,0.2111,0.2754,-0.1670,34.4781,36.7002,0.0247,nan,nan,nan,nan
6.5301,-0.0001,0.0002,0.3055,-0.0000,0.0000,-0.1323,0.2586,-0.0028,0.2111,0.2754,-0.1740,34.4787,36.6991,0.0276,nan,nan,nan,nan
6.5580,-0.0001,0.0002,0.3055,-0.0000,0.0000,-0.1323,0.2586,-0.0028,0.2111,0.2754,-0.1850,34.4794,36.6977,0.0290,nan,nan,nan,nan
6.5892,-0.0001,0.0002,0.3055,-0.0001,0.0000,-0.1323,0.2586,-0.0028,0.2111,0.2754,-0.1940,34.4784,36.7005,0.0286,nan,nan,nan,nan
6.6227,-0.0001,0.0002,0.3055,-0.0001,0.0000,-0.1323,0.2586,-0.0029,0.2111,0.2754,-0.1991,34.4755,36.7007,0.0312,nan,nan,nan,nan
6.6480,-0.0001,0.0002,0.3055,-0.0001,0.0000,-0.1323,0.2586,-0.0028,0.2111,0.2754,-0.1973,34.4714,36.7018,0.0332,nan,nan,nan,nan
6.6734,-0.0001,0.0002,0.3055,-0.0000,0.0000,-0.1323,0.2586,-0.0028,0.2111,0.2754,-0.1951,34.4698,36.7027,0.0334,nan,nan,nan,nan
6.6981,-0.0001,0.0002,0.3055,-0.0000,0.0000,-0.1323,0.2586,-0.0028,0.2111,0.2754,-0.1909,34.4698,36.7034,0.0331,nan,nan,nan,nan
6.7261,-0.0001,0.0002,0.3055,-0.0000,-0.0000,-0.1323,0.2586,-0.0028,0.2111,0.2754,-0.1821,34.4715,36.7066,0.0324,nan,nan,nan,nan
6.7536,-0.0001,0.0002,0.3055,-0.0000,0.0000,-0.1323,0.2585,-0.0027,0.2111,0.2754,-0.1676,34.4724,36.7095,0.0321,nan,nan,nan,nan
6.7841,-0.0001,0.0002,0.3055,-0.0000,-0.0000,-0.1323,0.2585,-0.0026,0.2111,0.2753,-0.1453,34.4712,36.7141,0.0312,nan,nan,nan,nan
6.8081,-0.0001,0.0002,0.3055,-0.0000,-0.0000,-0.1323,0.2585,-0.0025,0.2111,0.2753,-0.1241,34.4716,36.7153,0.0308,nan,nan,nan,nan
6.8319,-0.0001,0.0002,0.3055,-0.0000,-0.0000,-0.1323,0.2585,-0.0024,0.2111,0.2753,-0.1081,34.4719,36.7168,0.0310,nan,nan,nan,nan
6.8647,-0.0001,0.0002,0.3055,-0.0000,-0.0000,-0.1323,0.2585,-0.0023,0.2111,0.2753,-0.0821,34.4728,36.7172,0.0300,nan,nan,nan,nan
6.8927,-0.0001,0.0002,0.3055,-0.0000,-0.0000,-0.1323,0.2585,-0.0022,0.2111,0.2753,-0.0536,34.4743,36.7153,0.0338,nan,nan,nan,nan
6.9194,-0.0001,0.0002,0.3055,-0.0000,-0.0000,-0.1323,0.2585,-0.0021,0.2111,0.2753,-0.0357,34.4753,36.7152,0.0352,nan,nan,nan,nan
6.9444,-0.0001,0.0002,0.3055,-0.0000,-0.0000,-0.1323,0.2585,-0.0020,0.2111,0.2753,-0.0125,34.4755,36.7146,0.0349,nan,nan,nan,nan
6.9763,-0.0001,0.0002,0.3055,-0.0000,-0.0000,-0.1323,0.2585,-0.0019,0.2111,0.2753,0.0048,34.4730,36.7147,0.0308,nan,nan,nan,nan
6.9990,-0.0001,0.0002,0.3055,-0.0000,-0.0000,-0.1323,0.2585,-0.0019,0.2111,0.2753,0.0047,34.4709,36.7132,0.0250,nan,nan,nan,nan
7.0193,-0.0001,0.0002,0.3055,-0.0000,-0.0000,-0.1323,0.2586,-0.0020,0.2111,0.2754,-0.0050,34.4700,36.7103,0.0165,nan,nan,nan,nan
7.0425,-0.0001,0.0002,0.3055,-0.0000,0.0000,-0.1323,0.2586,-0.0021,0.2111,0.2754,-0.0149,34.4697,36.7089,0.0130,nan,nan,nan,nan
7.0723,-0.0001,0.0002,0.3055,-0.0000,-0.0000,-0.1323,0.2586,-0.0021,0.2111,0.2754,-0.0348,34.4669,36.7070,0.0061,nan,nan,nan,nan
7.1004,-0.0001,0.0002,0.3055,-0.0000,-0.0000,-0.1323,0.2586,-0.0022,0.2111,0.2754,-0.0449,34.4642,36.7043,0.0042,nan,nan,nan,nan
7.1213,-0.0001,0.0002,0.3055,-0.0000,0.0000,-0.1323,0.2586,-0.0022,0.2110,0.2754,-0.0468,34.4635,36.7030,0.0040,nan,nan,nan,nan
7.1416,-0.0001,0.0002,0.3055,-0.0000,0.0000,-0.1323,0.2586,-0.0022,0.2110,0.2754,-0.0482,34.4628,36.6997,0.0047,nan,nan,nan,nan
7.1713,-0.0001,0.0002,0.3055,-0.0000,-0.0000,-0.1323,0.2586,-0.0022,0.2110,0.2754,-0.0464,34.4620,36.6983,0.0041,nan,nan,nan,nan
7.1971,-0.0001,0.0002,0.3055,-0.0000,-0.0000,-0.1323,0.2586,-0.0021,0.2110,0.2754,-0.0382,34.4608,36.6976,0.0039,nan,nan,nan,nan
7.2213,-0.0001,0.0002,0.3055,-0.0000,0.0000,-0.1323,0.2586,-0.0021,0.2110,0.2754,-0.0310,34.4592,36.6979,0.0046,nan,nan,nan,nan
7.2416,-0.0001,0.0002,0.3055,-0.0000,0.0000,-0.1323,0.2586,-0.0021,0.2110,0.2754,-0.0217,34.4571,36.6985,0.0073,nan,nan,nan,nan
7.2633,-0.0001,0.0002,0.3055,-0.0000,-0.0000,-0.1323,0.2586,-0.0020,0.2110,0.2754,-0.0115,34.4548,36.6998,0.0115,nan,nan,nan,nan
7.2873,-0.0001,0.0002,0.3055,-0.0000,0.0000,-0.1323,0.2586,-0.0020,0.2110,0.2754,-0.0023,34.4519,36.7007,0.0175,nan,nan,nan,nan
7.3080,-0.0001,0.0002,0.3055,-0.0000,0.0000,-0.1323,0.2586,-0.0020,0.2110,0.2754,-0.0005,34.4504,36.7020,0.0184,nan,nan,nan,nan
7.3394,-0.0001,0.0002,0.3055,-0.0000,0.0000,-0.1323,0.2586,-0.0020,0.2110,0.2754,-0.0028,34.4495,36.7035,0.0182,nan,nan,nan,nan
7.3621,-0.0001,0.0002,0.3055,-0.0000,0.0000,-0.1323,0.2586,-0.0020,0.2110,0.2754,-0.0077,34.4484,36.7050,0.0171,nan,nan,nan,nan
7.3858,-0.0001,0.0002,0.3055,-0.0000,-0.0000,-0.1323,0.2586,-0.0021,0.2110,0.2754,-0.0161,34.4479,36.7057,0.0172,nan,nan,nan,nan
7.4158,-0.0001,0.0002,0.3055,-0.0000,0.0000,-0.1323,0.2586,-0.0021,0.2110,0.2754,-0.0372,34.4461,36.7059,0.0145,nan,nan,nan,nan
7.4396,-0.0001,0.0002,0.3055,-0.0000,0.0000,-0.1323,0.2586,-0.0022,0.2110,0.2754,-0.0536,34.4455,36.7035,0.0144,nan,nan,nan,nan
7.4648,-0.0001,0.0002,0.3055,0.0000,0.0000,-0.1323,0.2586,-0.0022,0.2110,0.2754,-0.0586,34.4456,36.7019,0.0145,nan,nan,nan,nan
7.4876,-0.0001,0.0002,0.3055,-0.0000,-0.0000,-0.1323,0.2586,-0.0023,0.2109,0.2754,-0.0748,34.4444,36.6973,0.0176,nan,nan,nan,nan
7.5113,-0.0001,0.0002,0.3055,-0.0000,-0.0000,-0.1323,0.2586,-0.0024,0.2109,0.2754,-0.0865,34.4433,36.6953,0.0203,nan,nan,nan,nan
7.5370,-0.0001,0.0002,0.3055,-0.0000,0.0000,-0.1323,0.2586,-0.0024,0.2109,0.2754,-0.0919,34.4421,36.6958,0.0222,nan,nan,nan,nan
7.5727,-0.0001,0.0002,0.3055,-0.0000,0.0000,-0.1323,0.2586,-0.0024,0.2109,0.2754,-0.0971,34.4416,36.6963,0.0248,nan,nan,nan,nan
7.6014,-0.0001,0.0002,0.3055,-0.0000,-0.0000,-0.1323,0.2586,-0.0024,0.2109,0.2754,-0.1019,34.4411,36.6969,0.0273,nan,nan,nan,nan
7.6306,-0.0001,0.0002,0.3055,-0.0000,0.0000,-0.1323,0.2586,-0.0024,0.2109,0.2754,-0.1049,34.4414,36.6979,0.0254,nan,nan,nan,nan
7.6554,-0.0001,0.0002,0.3055,-0.0000,0.0000,-0.1323,0.2586,-0.0024,0.2109,0.2754,-0.1060,34.4406,36.6969,0.0247,nan,nan,nan,nan
7.6790,-0.0001,0.0002,0.3055,-0.0000,0.0000,-0.1323,0.2586,-0.0024,0.2109,0.2754,-0.1068,34.4403,36.6941,0.0247,nan,nan,nan,nan
7.7119,-0.0001,0.0002,0.3055,-0.0000,0.0000,-0.1323,0.2586,-0.0025,0.2109,0.2754,-0.1087,34.4414,36.6889,0.0249,nan,nan,nan,nan
7.7328,-0.0001,0.0002,0.3055,-0.0000,0.0000,-0.1323,0.2586,-0.0024,0.2109,0.2754,-0.1084,34.4415,36.6850,0.0242,nan,nan,nan,nan
7.7600,-0.0001,0.0002,0.3055,-0.0000,-0.0000,-0.1323,0.2586,-0.0025,0.2109,0.2755,-0.1100,34.4418,36.6831,0.0242,nan,nan,nan,nan
7.7911,-0.0001,0.0002,0.3055,-0.0000,0.0000,-0.1323,0.2586,-0.0025,0.2109,0.2755,-0.1158,34.4425,36.6813,0.0246,nan,nan,nan,nan
7.8202,-0.0001,0.0002,0.3055,-0.0000,0.0000,-0.1323,0.2586,-0.0025,0.2109,0.2755,-0.1228,34.4439,36.6789,0.0267,nan,nan,nan,nan
7.8414,-0.0001,0.0002,0.3055,0.0000,0.0000,-0.1324,0.2586,-0.0025,0.2109,0.2755,-0.1271,34.4445,36.6786,0.0281,nan,nan,nan,nan
7.8615,-0.0001,0.0002,0.3055,0.0000,0.0000,-0.1324,0.2586,-0.0025,0.2109,0.2755,-0.1298,34.4461,36.6791,0.0282,nan,nan,nan,nan
7.8909,-0.0001,0.0002,0.3055,-0.0000,-0.0000,-0.1323,0.2586,-0.0026,0.2109,0.2755,-0.1315,34.4479,36.6791,0.0280,nan,nan,nan,nan
7.9270,-0.0001,0.0002,0.3055,-0.0000,-0.0000,-0.1323,0.2586,-0.0026,0.2109,0.2754,-0.1338,34.4496,36.6796,0.0232,nan,nan,nan,nan
7.9500,-0.0001,0.0002,0.3055,-0.0000,-0.0000,-0.1323,0.2586,-0.0026,0.2109,0.2754,-0.1347,34.4507,36.6822,0.0189,nan,nan,nan,nan
7.9724,-0.0001,0.0002,0.3055,-0.0000,-0.0000,-0.1323,0.2586,-0.0026,0.2109,0.2754,-0.1356,34.4539,36.6827,0.0134,nan,nan,nan,nan
7.9980,-0.0001,0.0002,0.3055,-0.0000,0.0000,-0.1323,0.2586,-0.0026,0.2110,0.2754,-0.1374,34.4566,36.6826,0.0084,nan,nan,nan,nan
8.0225,-0.0001,0.0002,0.3055,-0.0000,0.0000,-0.1323,0.2586,-0.0026,0.2110,0.2754,-0.1402,34.4578,36.6823,0.0065,nan,nan,nan,nan
8.0515,-0.0001,0.0002,0.3055,-0.0000,0.0000,-0.1323,0.2586,-0.0026,0.2110,0.2754,-0.1471,34.4598,36.6809,0.0044,nan,nan,nan,nan
8.0748,-0.0001,0.0002,0.3055,-0.0000,0.0000,-0.1323,0.2586,-0.0026,0.2110,0.2754,-0.1531,34.4606,36.6799,0.0042,nan,nan,nan,nan
8.1012,-0.0001,0.0002,0.3055,-0.0000,0.0000,-0.1323,0.2586,-0.0027,0.2110,0.2754,-0.1558,34.4607,36.6801,0.0046,nan,nan,nan,nan
8.1273,-0.0001,0.0002,0.3055,-0.0000,0.0000,-0.1323,0.2586,-0.0027,0.2110,0.2754,-0.1583,34.4605,36.6813,0.0047,nan,nan,nan,nan
8.1623,-0.0001,0.0002,0.3055,-0.0000,0.0000,-0.1323,0.2586,-0.0027,0.2110,0.2754,-0.1567,34.4602,36.6830,0.0049,nan,nan,nan,nan
8.1869,-0.0001,0.0002,0.3055,-0.0000,0.0000,-0.1323,0.2586,-0.0026,0.2110,0.2754,-0.1492,34.4602,36.6833,0.0036,nan,nan,nan,nan
8.2122,-0.0001,0.0002,0.3055,-0.0000,0.0000,-0.1323,0.2586,-0.0026,0.2110,0.2754,-0.1416,34.4600,36.6837,0.0042,nan,nan,nan,nan
8.2467,-0.0001,0.0002,0.3055,-0.0000,-0.0000,-0.1323,0.2586,-0.0025,0.2110,0.2754,-0.1302,34.4588,36.6844,0.0012,nan,nan,nan,nan
8.2757,-0.0001,0.0002,0.3055,-0.0000,-0.0000,-0.1323,0.2586,-0.0025,0.2110,0.2754,-0.1233,34.4583,36.6834,-0.0017,nan,nan,nan,nan
8.3027,-0.0001,0.0002,0.3055,0.0000,0.0000,-0.1323,0.2586,-0.0025,0.2110,0.2754,-0.1189,34.4571,36.6829,-0.0022,nan,nan,nan,nan
8.3345,-0.0001,0.0002,0.3055,-0.0000,0.0000,-0.1323,0.2586,-0.0025,0.2110,0.2754,-0.1117,34.4553,36.6824,-0.0027,nan,nan,nan,nan
8.3564,-0.0001,0.0002,0.3055,-0.0000,0.0000,-0.1323,0.2586,-0.0024,0.2109,0.2754,-0.1023,34.4539,36.6814,-0.0038,nan,nan,nan,nan
8.3831,-0.0001,0.0002,0.3055,-0.0000,-0.0000,-0.1323,0.2586,-0.0024,0.2109,0.2754,-0.0890,34.4539,36.6816,-0.0027,nan,nan,nan,nan
8.4083,-0.0001,0.0002,0.3055,-0.0000,-0.0000,-0.1323,0.2586,-0.0023,0.2109,0.2754,-0.0783,34.4527,36.6836,-0.0029,nan,nan,nan,nan
8.4410,-0.0001,0.0002,0.3055,-0.0000,0.0000,-0.1323,0.2586,-0.0022,0.2109,0.2754,-0.0539,34.4509,36.6859,-0.0070,nan,nan,nan,nan
8.4652,-0.0001,0.0002,0.3055,-0.0000,0.0000,-0.1323,0.2586,-0.0021,0.2109,0.2754,-0.0324,34.4483,36.6863,-0.0077,nan,nan,nan,nan
8.4935,-0.0001,0.0002,0.3055,-0.0000,-0.0000,-0.1323,0.2586,-0.0021,0.2109,0.2754,-0.0213,34.4452,36.6854,-0.0040,nan,nan,nan,nan
8.5203,-0.0001,0.0002,0.3055,-0.0000,0.0000,-0.1323,0.2586,-0.0020,0.2109,0.2754,-0.0147,34.4429,36.6860,0.0002,nan,nan,nan,nan
8.5444,-0.0001,0.0002,0.3055,-0.0000,0.0000,-0.1323,0.2586,-0.0020,0.2109,0.2754,-0.0140,34.4413,36.6838,0.0015,nan,nan,nan,nan
8.5686,-0.0001,0.0002,0.3055,-0.0000,-0.0000,-0.1323,0.2586,-0.0020,0.2109,0.2755,-0.0152,34.4406,36.6788,0.0025,nan,nan,nan,nan
8.5961,-0.0001,0.0002,0.3055,-0.0000,-0.0000,-0.1323,0.2586,-0.0020,0.2109,0.2755,-0.0153,34.4432,36.6712,0.0014,nan,nan,nan,nan
8.6161,-0.0001,0.0002,0.3055,-0.0000,-0.0000,-0.1323,0.2586,-0.0020,0.2109,0.2755,-0.0159,34.4460,36.6668,0.0007,nan,nan,nan,nan
8.6427,-0.0001,0.0002,0.3055,-0.0001,-0.0000,-0.1323,0.2586,-0.0020,0.2109,0.2755,-0.0165,34.4495,36.6657,-0.0014,nan,nan,nan,nan
8.6664,-0.0001,0.0002,0.3055,-0.0000,0.0000,-0.1324,0.2586,-0.0020,0.2109,0.2755,-0.0159,34.4522,36.6668,-0.0034,nan,nan,nan,nan
8.6890,-0.0001,0.0002,0.3055,-0.0000,0.0000,-0.1324,0.2586,-0.0020,0.2109,0.2755,-0.0140,34.4544,36.6678,-0.0062,nan,nan,nan,nan
8.7125,-0.0001,0.0002,0.3055,-0.0000,0.0000,-0.1323,0.2586,-0.0020,0.2109,0.2755,-0.0071,34.4568,36.6681,-0.0078,nan,nan,nan,nan
8.7348,-0.0001,0.0002,0.3055,-0.0000,-0.0000,-0.1323,0.2586,-0.0020,0.2109,0.2755,0.0004,34.4592,36.6677,-0.0064,nan,nan,nan,nan
8.7662,-0.0001,0.0002,0.3055,0.0000,-0.0000,-0.1323,0.2586,-0.0019,0.2109,0.2755,0.0091,34.4607,36.6705,-0.0058,nan,nan,nan,nan
8.7880,-0.0001,0.0002,0.3055,0.0000,-0.0000,-0.1323,0.2586,-0.0019,0.2110,0.2754,0.0224,34.4630,36.6737,-0.0021,nan,nan,nan,nan
8.8129,-0.0001,0.0002,0.3055,-0.0000,0.0000,-0.1323,0.2586,-0.0018,0.2110,0.2754,0.0323,34.4640,36.6761,0.0016,nan,nan,nan,nan
8.8430,-0.0001,0.0002,0.3055,-0.0000,-0.0000,-0.1323,0.2586,-0.0017,0.2110,0.2754,0.0492,34.4653,36.6781,0.0068,nan,nan,nan,nan
8.8748,-0.0001,0.0002,0.3055,-0.0000,0.0000,-0.1323,0.2586,-0.0016,0.2110,0.2754,0.0742,34.4667,36.6794,0.0090,nan,nan,nan,nan
8.9011,-0.0001,0.0002,0.3055,-0.0000,0.0000,-0.1323,0.2586,-0.0015,0.2110,0.2754,0.0965,34.4661,36.6808,0.0117,nan,nan,nan,nan
8.9299,-0.0001,0.0002,0.3055,-0.0000,-0.0000,-0.1323,0.2586,-0.0015,0.2110,0.2754,0.1046,34.4656,36.6806,0.0121,nan,nan,nan,nan
8.9600,-0.0001,0.0002,0.3055,-0.0000,-0.0000,-0.1323,0.2586,-0.0013,0.2110,0.2754,0.1372,34.4629,36.6796,0.0150,nan,nan,nan,nan
8.9825,-0.0001,0.0002,0.3055,-0.0000,-0.0000,-0.1323,0.2586,-0.0013,0.2110,0.2754,0.1515,34.4613,36.6782,0.0184,nan,nan,nan,nan
9.0062,-0.0001,0.0002,0.3055,-0.0000,0.0000,-0.1323,0.2586,-0.0012,0.2109,0.2754,0.1788,34.4593,36.6756,0.0236,nan,nan,nan,nan
9.0283,-0.0001,0.0002,0.3055,-0.0000,0.0000,-0.1323,0.2586,-0.0011,0.2109,0.2754,0.1978,34.4571,36.6745,0.0228,nan,nan,nan,nan
9.0586,-0.0001,0.0002,0.3055,-0.0000,-0.0000,-0.1323,0.2586,-0.0010,0.2109,0.2755,0.2141,34.4563,36.6729,0.0194,nan,nan,nan,nan
9.0963,-0.0001,0.0002,0.3055,-0.0000,-0.0000,-0.1323,0.2586,-0.0010,0.2109,0.2755,0.2254,34.4563,36.6729,0.0214,nan,nan,nan,nan
9.1240,-0.0001,0.0002,0.3055,-0.0000,-0.0000,-0.1323,0.2586,-0.0010,0.2109,0.2754,0.2245,34.4569,36.6746,0.0245,nan,nan,nan,nan
9.1516,-0.0001,0.0002,0.3055,-0.0000,0.0000,-0.1323,0.2586,-0.0010,0.2109,0.2754,0.2207,34.4573,36.6754,0.0244,nan,nan,nan,nan
9.1801,-0.0001,0.0002,0.3055,-0.0000,0.0000,-0.1323,0.2586,-0.0010,0.2109,0.2754,0.2156,34.4582,36.6752,0.0210,nan,nan,nan,nan
9.2026,-0.0001,0.0002,0.3055,-0.0000,0.0000,-0.1323,0.2586,-0.0010,0.2109,0.2754,0.2140,34.4582,36.6751,0.0176,nan,nan,nan,nan
9.2251,-0.0001,0.0002,0.3055,-0.0000,0.0000,-0.1323,0.2586,-0.0010,0.2109,0.2754,0.2117,34.4583,36.6735,0.0156,nan,nan,nan,nan
9.2498,-0.0001,0.0002,0.3055,-0.0000,0.0000,-0.1323,0.2586,-0.0010,0.2109,0.2754,0.2109,34.4580,36.6729,0.0087,nan,nan,nan,nan
9.2857,-0.0001,0.0002,0.3055,-0.0000,-0.0000,-0.1323,0.2586,-0.0010,0.2109,0.2754,0.2084,34.4579,36.6753,-0.0002,nan,nan,nan,nan
9.3217,-0.0001,0.0002,0.3055,-0.0000,0.0000,-0.1323,0.2586,-0.0011,0.2110,0.2754,0.2032,34.4577,36.6824,-0.0094,nan,nan,nan,nan
9.3499,-0.0001,0.0002,0.3055,-0.0000,-0.0000,-0.1323,0.2586,-0.0011,0.2110,0.2754,0.1926,34.4604,36.6840,-0.0222,nan,nan,nan,nan
9.3708,-0.0001,0.0002,0.3055,-0.0000,-0.0000,-0.1323,0.2586,-0.0011,0.2110,0.2754,0.1836,34.4599,36.6816,-0.0309,nan,nan,nan,nan
9.3921,-0.0001,0.0002,0.3055,-0.0001,-0.0000,-0.1323,0.2586,-0.0012,0.2110,0.2754,0.1773,34.4583,36.6804,-0.0357,nan,nan,nan,nan
9.4204,-0.0001,0.0002,0.3055,-0.0000,-0.0000,-0.1323,0.2586,-0.0012,0.2109,0.2754,0.1672,34.4564,36.6772,-0.0353,nan,nan,nan,nan
9.4464,-0.0001,0.0002,0.3055,-0.0000,-0.0000,-0.1323,0.2586,-0.0012,0.2109,0.2755,0.1621,34.4558,36.6738,-0.0327,nan,nan,nan,nan
9.4699,-0.0001,0.0002,0.3055,-0.0000,-0.0000,-0.1323,0.2586,-0.0013,0.2109,0.2755,0.1586,34.4545,36.6720,-0.0312,nan,nan,nan,nan
9.5025,-0.0001,0.0002,0.3055,-0.0000,-0.0000,-0.1323,0.2586,-0.0013,0.2109,0.2755,0.1546,34.4531,36.6710,-0.0327,nan,nan,nan,nan
9.5264,-0.0001,0.0002,0.3055,-0.0000,-0.0000,-0.1323,0.2586,-0.0013,0.2109,0.2755,0.1527,34.4526,36.6710,-0.0344,nan,nan,nan,nan
9.5465,-0.0001,0.0002,0.3055,-0.0001,0.0000,-0.1323,0.2586,-0.0013,0.2109,0.2755,0.1517,34.4528,36.6712,-0.0344,nan,nan,nan,nan
9.5711,-0.0001,0.0002,0.3055,-0.0000,0.0000,-0.1323,0.2586,-0.0013,0.2109,0.2755,0.1505,34.4547,36.6724,-0.0388,nan,nan,nan,nan
9.5994,-0.0001,0.0002,0.3055,-0.0001,0.0000,-0.1323,0.2586,-0.0013,0.2109,0.2755,0.1528,34.4571,36.6737,-0.0445,nan,nan,nan,nan
9.6349,-0.0001,0.0002,0.3055,0.0000,-0.0000,-0.1323,0.2586,-0.0013,0.2110,0.2754,0.1583,34.4587,36.6814,-0.0528,nan,nan,nan,nan
9.6699,-0.0001,0.0002,0.3055,-0.0000,0.0000,-0.1323,0.2586,-0.0012,0.2110,0.2754,0.1642,34.4594,36.6899,-0.0539,nan,nan,nan,nan
9.6942,-0.0001,0.0002,0.3055,-0.0000,0.0000,-0.1323,0.2586,-0.0012,0.2110,0.2754,0.1698,34.4590,36.6961,-0.0568,nan,nan,nan,nan
9.7261,-0.0001,0.0002,0.3055,0.0000,0.0000,-0.1323,0.2586,-0.0012,0.2110,0.2754,0.1675,34.4567,36.7015,-0.0630,nan,nan,nan,nan
9.7499,-0.0001,0.0002,0.3055,0.0000,0.0000,-0.1323,0.2586,-0.0012,0.2110,0.2754,0.1632,34.4544,36.7045,-0.0651,nan,nan,nan,nan
9.7758,-0.0001,0.0002,0.3055,-0.0000,0.0000,-0.1323,0.2586,-0.0013,0.2110,0.2754,0.1521,34.4501,36.7086,-0.0715,nan,nan,nan,nan
9.8101,-0.0001,0.0002,0.3055,-0.0000,0.0001,-0.1323,0.2585,-0.0013,0.2110,0.2754,0.1392,34.4481,36.7113,-0.0779,nan,nan,nan,nan
9.8432,-0.0001,0.0002,0.3055,0.0000,0.0010,-0.1324,0.2585,-0.0014,0.2110,0.2754,0.1290,34.4486,36.7142,-0.0826,nan,nan,nan,nan
9.8700,-0.0001,0.0002,0.3055,-0.0000,0.0036,-0.1324,0.2586,-0.0014,0.2110,0.2754,0.1290,34.4518,36.7164,-0.0847,nan,nan,nan,nan
9.8945,-0.0001,0.0002,0.3055,-0.0000,0.0036,-0.1324,0.2586,-0.0014,0.2110,0.2753,0.1314,34.4536,36.7165,-0.0816,nan,nan,nan,nan
9.9153,-0.0000,0.0002,0.3055,-0.0000,0.0087,-0.1325,0.2586,-0.0014,0.2110,0.2753,0.1338,34.4551,36.7169,-0.0771,nan,nan,nan,nan
9.9517,-0.0000,0.0002,0.3055,-0.0001,0.0170,-0.1323,0.2586,-0.0014,0.2110,0.2753,0.1339,34.4562,36.7155,-0.0736,nan,nan,nan,nan
9.9739,0.0000,0.0002,0.3055,-0.0001,0.0170,-0.1323,0.2586,-0.0014,0.2110,0.2753,0.1312,34.4568,36.7143,-0.0708,nan,nan,nan,nan
9.9948,0.0001,0.0002,0.3056,-0.0000,0.0289,-0.1323,0.2587,-0.0014,0.2110,0.2753,0.1255,34.4580,36.7136,-0.0619,nan,nan,nan,nan
10.0216,0.0002,0.0002,0.3056,-0.0000,0.0451,-0.1324,0.2587,-0.0014,0.2110,0.2753,0.1211,34.4601,36.7145,-0.0586,nan,nan,nan,nan
10.0566,0.0003,0.0002,0.3056,0.0000,0.0660,-0.1323,0.2588,-0.0015,0.2110,0.2753,0.1138,34.4620,36.7159,-0.0584,nan,nan,nan,nan
10.0843,0.0004,0.0002,0.3057,0.0000,0.0660,-0.1323,0.2589,-0.0015,0.2109,0.2753,0.1105,34.4631,36.7175,-0.0551,nan,nan,nan,nan
10.1112,0.0005,0.0002,0.3057,-0.0001,0.0918,-0.1323,0.2589,-0.0015,0.2109,0.2753,0.1120,34.4645,36.7177,-0.0507,nan,nan,nan,nan
10.1470,0.0006,0.0002,0.3058,-0.0000,0.1230,-0.1323,0.2590,-0.0014,0.2109,0.2753,0.1196,34.4661,36.7153,-0.0425,nan,nan,nan,nan
10.1733,0.0008,0.0002,0.3059,-0.0000,0.1230,-0.1323,0.2591,-0.0014,0.2108,0.2753,0.1319,34.4664,36.7126,-0.0378,nan,nan,nan,nan
10.2012,0.0009,0.0002,0.3059,-0.0000,0.1599,-0.1324,0.2592,-0.0013,0.2108,0.2753,0.1366,34.4668,36.7117,-0.0369,nan,nan,nan,nan
10.2334,0.0011,0.0002,0.3060,-0.0000,0.2028,-0.1324,0.2593,-0.0013,0.2107,0.2753,0.1508,34.4672,36.7104,-0.0387,nan,nan,nan,nan
10.2568,0.0013,0.0002,0.3061,-0.0000,0.2028,-0.1324,0.2595,-0.0013,0.2106,0.2753,0.1550,34.4674,36.7088,-0.0424,nan,nan,nan,nan
10.2852,0.0015,0.0002,0.3062,-0.0001,0.2519,-0.1324,0.2596,-0.0013,0.2105,0.2753,0.1556,34.4671,36.7079,-0.0452,nan,nan,nan,nan
10.3071,0.0017,0.0002,0.3063,-0.0001,0.3075,-0.1324,0.2598,-0.0013,0.2104,0.2753,0.1577,34.4666,36.7049,-0.0481,nan,nan,nan,nan
10.3328,0.0020,0.0002,0.3065,-0.0001,0.3700,-0.1324,0.2600,-0.0012,0.2103,0.2753,0.1613,34.4660,36.7041,-0.0517,nan,nan,nan,nan
10.3599,0.0023,0.0002,0.3066,-0.0001,0.3700,-0.1324,0.2602,-0.0012,0.2102,0.2753,0.1664,34.4637,36.7058,-0.0539,nan,nan,nan,nan
10.3830,0.0025,0.0002,0.3067,0.0000,0.4395,-0.1324,0.2603,-0.0012,0.2102,0.2753,0.1681,34.4622,36.7054,-0.0545,nan,nan,nan,nan
10.4134,0.0028,0.0002,0.3068,-0.0001,0.5163,-0.1324,0.2605,-0.0012,0.2100,0.2753,0.1680,34.4599,36.7035,-0.0527,nan,nan,nan,nan
10.4369,0.0032,0.0002,0.3070,-0.0001,0.5163,-0.1324,0.2608,-0.0012,0.2099,0.2753,0.1649,34.4585,36.7023,-0.0533,nan,nan,nan,nan
10.4609,0.0034,0.0002,0.3071,-0.0001,0.6008,-0.1324,0.2609,-0.0013,0.2098,0.2753,0.1595,34.4577,36.7015,-0.0553,nan,nan,nan,nan
10.4978,0.0038,0.0002,0.3073,-0.0000,0.6931,-0.1323,0.2612,-0.0013,0.2097,0.2753,0.1481,34.4584,36.6974,-0.0566,nan,nan,nan,nan
10.5194,0.0042,0.0002,0.3075,-0.0000,0.6931,-0.1323,0.2615,-0.0014,0.2095,0.2753,0.1312,34.4590,36.6941,-0.0553,nan,nan,nan,nan
10.5421,0.0045,0.0002,0.3076,-0.0000,0.7934,-0.1324,0.2617,-0.0015,0.2094,0.2753,0.1237,34.4598,36.6926,-0.0549,nan,nan,nan,nan
10.5745,0.0050,0.0002,0.3078,-0.0000,0.9024,-0.1323,0.2620,-0.0016,0.2093,0.2753,0.0885,34.4625,36.6933,-0.0542,nan,nan,nan,nan
10.5976,0.0055,0.0002,0.3081,-0.0000,0.9024,-0.1323,0.2623,-0.0017,0.2091,0.2753,0.0729,34.4643,36.6952,-0.0550,nan,nan,nan,nan
10.6255,0.0058,0.0002,0.3082,0.0000,1.0205,-0.1323,0.2626,-0.0017,0.2090,0.2752,0.0596,34.4669,36.6972,-0.0574,nan,nan,nan,nan
10.6574,0.0064,0.0002,0.3085,-0.0000,1.1477,-0.1323,0.2629,-0.0018,0.2088,0.2752,0.0339,34.4711,36.7031,-0.0617,nan,nan,nan,nan
10.6796,0.0069,0.0002,0.3087,-0.0000,1.1477,-0.1323,0.2633,-0.0019,0.2087,0.2752,0.0157,34.4727,36.7059,-0.0636,nan,nan,nan,nan
10.7007,0.0073,0.0002,0.3089,-0.0000,1.2845,-0.1322,0.2636,-0.0020,0.2085,0.2752,0.0027,34.4735,36.7074,-0.0636,nan,nan,nan,nan
10.7265,0.0079,0.0002,0.3092,-0.0000,1.4316,-0.1323,0.2640,-0.0021,0.2083,0.2752,-0.0187,34.4739,36.7101,-0.0642,nan,nan,nan,nan
10.7492,0.0086,0.0002,0.3095,-0.0000,1.4316,-0.1323,0.2644,-0.0022,0.2081,0.2752,-0.0351,34.4738,36.7129,-0.0661,nan,nan,nan,nan
10.7695,0.0091,0.0002,0.3097,0.0000,1.5891,-0.1324,0.2647,-0.0023,0.2079,0.2752,-0.0533,34.4732,36.7158,-0.0672,nan,nan,nan,nan
10.8004,0.0098,0.0002,0.3100,0.0000,1.7577,-0.1325,0.2652,-0.0024,0.2077,0.2751,-0.0921,34.4712,36.7240,-0.0639,nan,nan,nan,nan
10.8280,0.0105,0.0002,0.3103,0.0000,1.7577,-0.1325,0.2657,-0.0025,0.2074,0.2751,-0.1183,34.4699,36.7323,-0.0614,nan,nan,nan,nan
10.8544,0.0111,0.0002,0.3105,0.0000,1.9382,-0.1325,0.2660,-0.0026,0.2073,0.2751,-0.1262,34.4699,36.7356,-0.0612,nan,nan,nan,nan
10.8801,0.0119,0.0002,0.3109,-0.0000,2.1319,-0.1324,0.2665,-0.0027,0.2070,0.2751,-0.1541,34.4727,36.7449,-0.0592,nan,nan,nan,nan
10.9008,0.0128,0.0002,0.3113,-0.0000,2.1319,-0.1324,0.2671,-0.0027,0.2067,0.2750,-0.1706,34.4775,36.7489,-0.0520,nan,nan,nan,nan
10.9242,0.0134,0.0002,0.3116,-0.0000,2.3420,-0.1325,0.2675,-0.0028,0.2065,0.2750,-0.1833,34.4817,36.7514,-0.0457,nan,nan,nan,nan
10.9574,0.0144,0.0002,0.3120,0.0000,2.5726,-0.1326,0.2682,-0.0029,0.2062,0.2750,-0.2034,34.4883,36.7544,-0.0332,nan,nan,nan,nan
10.9811,0.0155,0.0002,0.3124,0.0000,2.5726,-0.1326,0.2689,-0.0030,0.2058,0.2749,-0.2233,34.4947,36.7560,-0.0231,nan,nan,nan,nan
11.0030,0.0162,0.0002,0.3127,-0.0000,2.8265,-0.1326,0.2694,-0.0030,0.2055,0.2749,-0.2351,34.4982,36.7557,-0.0206,nan,nan,nan,nan
11.0352,0.0174,0.0002,0.3132,-0.0000,3.1060,-0.1325,0.2702,-0.0031,0.2051,0.2749,-0.2434,34.5030,36.7549,-0.0217,nan,nan,nan,nan
11.0578,0.0188,0.0002,0.3138,-0.0000,3.1060,-0.1325,0.2710,-0.0031,0.2046,0.2749,-0.2436,34.5051,36.7563,-0.0223,nan,nan,nan,nan
11.0858,0.0197,0.0002,0.3142,-0.0000,3.4141,-0.1324,0.2716,-0.0031,0.2043,0.2748,-0.2403,34.5063,36.7585,-0.0226,nan,nan,nan,nan
11.1234,0.0212,0.0002,0.3147,-0.0000,3.7537,-0.1326,0.2725,-0.0030,0.2038,0.2748,-0.2234,34.5096,36.7636,-0.0283,nan,nan,nan,nan
11.1506,0.0228,0.0002,0.3154,-0.0000,3.7537,-0.1326,0.2736,-0.0029,0.2032,0.2748,-0.2085,34.5121,36.7653,-0.0348,nan,nan,nan,nan
11.1750,0.0239,0.0002,0.3158,0.0000,4.1265,-0.1326,0.2743,-0.0028,0.2028,0.2747,-0.1824,34.5146,36.7680,-0.0467,nan,nan,nan,nan
11.2010,0.0257,0.0002,0.3165,-0.0000,4.5343,-0.1326,0.2754,-0.0027,0.2021,0.2747,-0.1589,34.5163,36.7710,-0.0517,nan,nan,nan,nan
11.2211,0.0276,0.0002,0.3172,-0.0000,4.5343,-0.1326,0.2766,-0.0026,0.2014,0.2747,-0.1468,34.5173,36.7731,-0.0540,nan,nan,nan,nan
11.2455,0.0296,0.0002,0.3180,-0.0000,4.9805,-0.1325,0.2779,-0.0026,0.2006,0.2746,-0.1332,34.5199,36.7735,-0.0553,nan,nan,nan,nan
11.2666,0.0318,0.0002,0.3188,-0.0001,5.4668,-0.1337,0.2792,-0.0026,0.1998,0.2746,-0.1236,34.5227,36.7698,-0.0584,nan,nan,nan,nan
11.2929,0.0341,0.0002,0.3196,-0.0000,5.9942,-0.1353,0.2807,-0.0026,0.1989,0.2746,-0.1187,34.5251,36.7673,-0.0606,nan,nan,nan,nan
11.3157,0.0366,0.0002,0.3204,-0.0000,5.9942,-0.1353,0.2822,-0.0025,0.1979,0.2745,-0.1138,34.5277,36.7664,-0.0649,nan,nan,nan,nan
11.3425,0.0383,0.0002,0.3210,-0.0000,6.5660,-0.1367,0.2833,-0.0025,0.1972,0.2745,-0.1121,34.5281,36.7676,-0.0655,nan,nan,nan,nan
11.3748,0.0410,0.0002,0.3219,-0.0006,7.1846,-0.1368,0.2849,-0.0025,0.1961,0.2744,-0.1051,34.5303,36.7725,-0.0694,nan,nan,nan,nan
11.4020,0.0439,0.0002,0.3229,-0.0006,7.1846,-0.1368,0.2867,-0.0025,0.1950,0.2744,-0.1033,34.5314,36.7742,-0.0728,nan,nan,nan,nan
11.4305,0.0460,0.0001,0.3235,-0.0032,7.8486,-0.1306,0.2879,-0.0025,0.1942,0.2744,-0.1018,34.5333,36.7759,-0.0742,nan,nan,nan,nan
11.4647,0.0492,0.0001,0.3245,-0.0087,8.5592,-0.1143,0.2898,-0.0024,0.1929,0.2743,-0.1049,34.5371,36.7808,-0.0692,nan,nan,nan,nan
11.4882,0.0526,0.0001,0.3255,-0.0087,8.5592,-0.1143,0.2919,-0.0024,0.1915,0.2742,-0.1165,34.5416,36.7824,-0.0635,nan,nan,nan,nan
11.5082,0.0550,0.0001,0.3262,-0.0179,9.3198,-0.0862,0.2933,-0.0024,0.1906,0.2742,-0.1271,34.5435,36.7846,-0.0591,nan,nan,nan,nan
11.5434,0.0587,0.0001,0.3272,-0.0329,10.1280,-0.0393,0.2955,-0.0024,0.1891,0.2741,-0.1478,34.5438,36.7892,-0.0548,nan,nan,nan,nan
11.5700,0.0627,0.0001,0.3283,-0.0329,10.1280,-0.0393,0.2979,-0.0023,0.1875,0.2741,-0.1615,34.5425,36.7916,-0.0527,nan,nan,nan,nan
11.5908,0.0655,0.0001,0.3290,-0.0560,10.9774,0.0304,0.2995,-0.0022,0.1864,0.2740,-0.1776,34.5415,36.7932,-0.0483,nan,nan,nan,nan
11.6160,0.0699,0.0001,0.3300,-0.0867,11.8719,0.1218,0.3021,-0.0020,0.1847,0.2740,-0.1901,34.5423,36.7927,-0.0405,nan,nan,nan,nan
11.6486,0.0761,0.0001,0.3314,-0.1285,12.7974,0.2315,0.3059,-0.0017,0.1823,0.2739,-0.2003,34.5397,36.7932,-0.0340,nan,nan,nan,nan
11.6697,0.0812,0.0000,0.3324,-0.1285,12.7974,0.2315,0.3090,-0.0014,0.1805,0.2738,-0.2023,34.5354,36.7956,-0.0333,nan,nan,nan,nan
11.6902,0.0847,0.0000,0.3331,-0.1860,13.7244,0.3566,0.3112,-0.0012,0.1793,0.2738,-0.2019,34.5291,36.7976,-0.0363,nan,nan,nan,nan
11.7125,0.0903,0.0000,0.3340,-0.2579,14.6497,0.4959,0.3148,-0.0009,0.1775,0.2737,-0.1935,34.5179,36.7984,-0.0427,nan,nan,nan,nan
11.7392,0.0983,-0.0000,0.3353,-0.3416,15.5722,0.6470,0.3201,-0.0004,0.1751,0.2736,-0.1769,34.5045,36.8032,-0.0460,nan,nan,nan,nan
11.7609,0.1047,-0.0000,0.3361,-0.3416,15.5722,0.6470,0.3245,-0.0000,0.1733,0.2735,-0.1664,34.4948,36.8060,-0.0471,nan,nan,nan,nan
11.7825,0.1092,-0.0000,0.3367,-0.4377,16.4653,0.8096,0.3276,0.0002,0.1721,0.2735,-0.1548,34.4838,36.8086,-0.0465,nan,nan,nan,nan
11.8115,0.1163,0.0000,0.3374,-0.5437,17.3185,0.9860,0.3327,0.0007,0.1704,0.2734,-0.1290,34.4625,36.8150,-0.0469,nan,nan,nan,nan
11.8348,0.1237,0.0001,0.3382,-0.5437,17.3185,0.9860,0.3382,0.0012,0.1688,0.2733,-0.1121,34.4470,36.8194,-0.0475,nan,nan,nan,nan
11.8549,0.1290,0.0001,0.3386,-0.6531,18.1354,1.1743,0.3421,0.0015,0.1677,0.2732,-0.1050,34.4353,36.8204,-0.0475,nan,nan,nan,nan
11.8909,0.1371,0.0002,0.3393,-0.7506,18.9120,1.3861,0.3484,0.0020,0.1661,0.2732,-0.1098,34.4147,36.8203,-0.0504,nan,nan,nan,nan
11.9122,0.1457,0.0003,0.3399,-0.7506,18.9120,1.3861,0.3551,0.0025,0.1646,0.2731,-0.1232,34.3981,36.8202,-0.0551,nan,nan,nan,nan
11.9337,0.1517,0.0004,0.3403,-0.8249,19.6399,1.6344,0.3599,0.0029,0.1636,0.2730,-0.1498,34.3749,36.8198,-0.0602,nan,nan,nan,nan
11.9633,0.1611,0.0006,0.3408,-0.8948,20.3038,1.8985,0.3675,0.0035,0.1623,0.2729,-0.1820,34.3523,36.8248,-0.0618,nan,nan,nan,nan
11.9868,0.1709,0.0008,0.3412,-0.8948,20.3038,1.8985,0.3757,0.0042,0.1610,0.2728,-0.2148,34.3288,36.8328,-0.0669,nan,nan,nan,nan
12.0092,0.1777,0.0009,0.3415,-0.9563,20.9022,2.1758,0.3815,0.0047,0.1602,0.2728,-0.2259,34.3205,36.8348,-0.0695,nan,nan,nan,nan
12.0311,0.1883,0.0012,0.3418,-1.0086,21.4218,2.4710,0.3907,0.0055,0.1591,0.2727,-0.2689,34.2849,36.8423,-0.0776,nan,nan,nan,nan
12.0568,0.2032,0.0016,0.3422,-1.0483,21.8625,2.7867,0.4039,0.0067,0.1578,0.2726,-0.3119,34.2487,36.8512,-0.0733,nan,nan,nan,nan
12.0828,0.2190,0.0021,0.3424,-1.0700,22.2280,3.1203,0.4182,0.0081,0.1567,0.2724,-0.3634,34.2155,36.8603,-0.0673,nan,nan,nan,nan
12.1060,0.2315,0.0026,0.3426,-1.0700,22.2280,3.1203,0.4297,0.0092,0.1560,0.2723,-0.3897,34.1978,36.8648,-0.0639,nan,nan,nan,nan
12.1276,0.2401,0.0029,0.3426,-1.0736,22.5117,3.4724,0.4377,0.0100,0.1555,0.2722,-0.4284,34.1697,36.8713,-0.0591,nan,nan,nan,nan
12.1571,0.2533,0.0034,0.3426,-1.0595,22.7096,3.8452,0.4503,0.0113,0.1550,0.2721,-0.4664,34.1397,36.8799,-0.0585,nan,nan,nan,nan
12.1881,0.2718,0.0043,0.3426,-1.0260,22.8235,4.2355,0.4681,0.0133,0.1544,0.2720,-0.5130,34.0986,36.8905,-0.0605,nan,nan,nan,nan
12.2106,0.2863,0.0049,0.3425,-1.0260,22.8235,4.2355,0.4822,0.0149,0.1542,0.2719,-0.5335,34.0783,36.8941,-0.0619,nan,nan,nan,nan
12.2389,0.2962,0.0054,0.3424,-0.9734,22.8515,4.6411,0.4919,0.0161,0.1540,0.2718,-0.5625,34.0490,36.8975,-0.0630,nan,nan,nan,nan
12.2590,0.3116,0.0062,0.3422,-0.9041,22.7923,5.0613,0.5071,0.0180,0.1539,0.2717,-0.5895,34.0190,36.8998,-0.0654,nan,nan,nan,nan
12.2835,0.3328,0.0074,0.3419,-0.8196,22.6438,5.4927,0.5284,0.0206,0.1540,0.2716,-0.6227,33.9775,36.9042,-0.0687,nan,nan,nan,nan
12.3158,0.3549,0.0087,0.3415,-0.7216,22.4000,5.9297,0.5509,0.0235,0.1543,0.2714,-0.6477,33.9355,36.9114,-0.0692,nan,nan,nan,nan
12.3443,0.3779,0.0101,0.3410,-0.6153,22.0655,6.3690,0.5746,0.0267,0.1549,0.2713,-0.6571,33.9002,36.9168,-0.0674,nan,nan,nan,nan
12.3771,0.4018,0.0116,0.3404,-0.5051,21.6403,6.8072,0.5994,0.0301,0.1557,0.2711,-0.6566,33.8655,36.9216,-0.0645,nan,nan,nan,nan
12.3985,0.4203,0.0128,0.3399,-0.5051,21.6403,6.8072,0.6188,0.0327,0.1565,0.2710,-0.6540,33.8463,36.9254,-0.0629,nan,nan,nan,nan
12.4208,0.4393,0.0141,0.3393,-0.3951,21.1120,7.2365,0.6388,0.0355,0.1575,0.2708,-0.6453,33.8171,36.9320,-0.0631,nan,nan,nan,nan
12.4461,0.4587,0.0155,0.3387,-0.2917,20.4798,7.6499,0.6595,0.0384,0.1586,0.2707,-0.6283,33.7872,36.9388,-0.0664,nan,nan,nan,nan
12.4715,0.4787,0.0170,0.3381,-0.2017,19.7558,8.0447,0.6808,0.0414,0.1599,0.2705,-0.5884,33.7513,36.9472,-0.0741,nan,nan,nan,nan
12.4933,0.4991,0.0185,0.3374,-0.2017,19.7558,8.0447,0.7026,0.0444,0.1613,0.2704,-0.5617,33.7322,36.9511,-0.0776,nan,nan,nan,nan
12.5155,0.5129,0.0196,0.3369,-0.1321,18.9285,8.4128,0.7176,0.0465,0.1624,0.2703,-0.5151,33.7032,36.9540,-0.0775,nan,nan,nan,nan
12.5453,0.5340,0.0212,0.3362,-0.0684,18.0106,8.7640,0.7404,0.0497,0.1642,0.2702,-0.4701,33.6785,36.9530,-0.0758,nan,nan,nan,nan
12.5680,0.5555,0.0229,0.3354,-0.0684,18.0106,8.7640,0.7637,0.0530,0.1661,0.2701,-0.4232,33.6552,36.9547,-0.0732,nan,nan,nan,nan
12.5948,0.5773,0.0247,0.3347,-0.0116,17.0252,9.1012,0.7875,0.0563,0.1682,0.2699,-0.3701,33.6340,36.9600,-0.0706,nan,nan,nan,nan
12.6233,0.5921,0.0260,0.3342,-0.0043,15.9742,9.3924,0.8036,0.0585,0.1697,0.2698,-0.3246,33.6195,36.9648,-0.0714,nan,nan,nan,nan
12.6533,0.6222,0.0285,0.3332,-0.0392,14.8393,9.6398,0.8364,0.0628,0.1730,0.2696,-0.2262,33.5892,36.9696,-0.0716,nan,nan,nan,nan
12.6774,0.6452,0.0305,0.3324,-0.0392,14.8393,9.6398,0.8616,0.0661,0.1757,0.2695,-0.1769,33.5749,36.9710,-0.0698,nan,nan,nan,nan
12.7058,0.6684,0.0326,0.3316,-0.1023,13.6281,9.8558,0.8871,0.0694,0.1785,0.2694,-0.1028,33.5553,36.9739,-0.0679,nan,nan,nan,nan
12.7302,0.6920,0.0347,0.3307,-0.1954,12.3646,10.0443,0.9129,0.0727,0.1815,0.2692,-0.0297,33.5370,36.9759,-0.0681,nan,nan,nan,nan
12.7650,0.7159,0.0369,0.3299,-0.3137,11.0389,10.2057,0.9391,0.0759,0.1847,0.2691,0.0649,33.5120,36.9755,-0.0638,nan,nan,nan,nan
12.7861,0.7400,0.0392,0.3291,-0.3137,11.0389,10.2057,0.9655,0.0791,0.1881,0.2690,0.1109,33.4998,36.9763,-0.0631,nan,nan,nan,nan
12.8088,0.7562,0.0407,0.3286,-0.4542,9.6569,10.3406,0.9833,0.0813,0.1905,0.2689,0.1782,33.4899,36.9770,-0.0638,nan,nan,nan,nan
12.8334,0.7806,0.0430,0.3279,-0.6205,8.2542,10.4529,1.0101,0.0845,0.1941,0.2688,0.2418,33.4862,36.9774,-0.0662,nan,nan,nan,nan
12.8562,0.8052,0.0454,0.3271,-0.6205,8.2542,10.4529,1.0370,0.0876,0.1979,0.2687,0.3011,33.4818,36.9770,-0.0698,nan,nan,nan,nan
12.8813,0.8217,0.0471,0.3267,-0.8101,6.8303,10.5443,1.0550,0.0897,0.2004,0.2686,0.3201,33.4798,36.9762,-0.0701,nan,nan,nan,nan
12.9025,0.8466,0.0496,0.3260,-1.0154,5.3744,10.6153,1.0821,0.0928,0.2044,0.2686,0.3913,33.4710,36.9704,-0.0730,nan,nan,nan,nan
12.9238,0.8715,0.0521,0.3254,-1.0154,5.3744,10.6153,1.1092,0.0959,0.2085,0.2685,0.4368,33.4721,36.9649,-0.0737,nan,nan,nan,nan
12.9449,0.8965,0.0547,0.3248,-1.2387,3.9192,10.6681,1.1363,0.0989,0.2127,0.2684,0.4635,33.4760,36.9603,-0.0713,nan,nan,nan,nan
12.9673,0.9132,0.0565,0.3245,-1.4829,2.4828,10.7046,1.1544,0.1008,0.2155,0.2684,0.4975,33.4791,36.9539,-0.0599,nan,nan,nan,nan
13.0025,0.9466,0.0601,0.3238,-1.7387,1.0479,10.7260,1.1905,0.1047,0.2212,0.2683,0.5306,33.4799,36.9409,-0.0417,nan,nan,nan,nan
13.0242,0.9716,0.0628,0.3234,-1.7387,1.0479,10.7260,1.2174,0.1075,0.2255,0.2683,0.5458,33.4841,36.9298,-0.0316,nan,nan,nan,nan
13.0514,0.9883,0.0647,0.3231,-2.0035,-0.3705,10.7334,1.2353,0.1094,0.2284,0.2683,0.5481,33.4907,36.9220,-0.0260,nan,nan,nan,nan
13.0854,1.0132,0.0675,0.3228,-2.2840,-1.7399,10.7283,1.2619,0.1121,0.2327,0.2683,0.5409,33.5033,36.9131,-0.0179,nan,nan,nan,nan
13.1175,1.0463,0.0714,0.3224,-2.5738,-3.0709,10.7108,1.2972,0.1156,0.2385,0.2683,0.5122,33.5150,36.9047,-0.0036,nan,nan,nan,nan
13.1415,1.0704,0.0743,0.3229,-2.5738,-3.0709,10.7108,1.3228,0.1183,0.2423,0.2686,0.4768,33.5357,36.8902,-0.0002,nan,nan,nan,nan
13.1679,1.0940,0.0773,0.3241,-2.7021,-3.9124,10.7668,1.3470,0.1210,0.2449,0.2687,0.2079,33.8191,36.7458,0.0074,nan,nan,nan,nan
13.1896,1.1175,0.0803,0.3253,-2.6120,-4.0706,10.9193,1.3709,0.1237,0.2472,0.2687,0.0545,33.9489,36.6850,0.0075,nan,nan,nan,nan
13.2109,1.1408,0.0834,0.3265,-2.5256,-4.1976,11.0440,1.3945,0.1263,0.2493,0.2686,-0.2471,34.1196,36.6263,0.0068,nan,nan,nan,nan
13.2368,1.1717,0.0875,0.3282,-2.4514,-4.3231,11.1395,1.4258,0.1298,0.2518,0.2686,-0.5198,34.1564,36.6346,0.0157,nan,nan,nan,nan
13.2599,1.1947,0.0906,0.3296,-2.4514,-4.3231,11.1395,1.4490,0.1325,0.2536,0.2687,-0.7016,34.1554,36.6304,0.0264,nan,nan,nan,nan
13.2825,1.2099,0.0928,0.3305,-2.3907,-4.4426,11.2052,1.4644,0.1343,0.2548,0.2687,-0.7575,34.1552,36.6275,0.0302,nan,nan,nan,nan
13.3064,1.2402,0.0970,0.3323,-2.3427,-4.5546,11.2415,1.4950,0.1379,0.2571,0.2688,-0.9561,34.1567,36.6145,0.0427,nan,nan,nan,nan
13.3322,1.2627,0.1002,0.3337,-2.3096,-4.6660,11.2476,1.5178,0.1407,0.2589,0.2689,-1.1040,34.1602,36.6015,0.0487,nan,nan,nan,nan
13.3600,1.2925,0.1045,0.3355,-2.2920,-4.7830,11.2230,1.5479,0.1446,0.2612,0.2690,-1.1914,34.1610,36.5907,0.0508,nan,nan,nan,nan
13.3938,1.3220,0.1089,0.3374,-2.2887,-4.9077,11.1688,1.5776,0.1486,0.2636,0.2690,-1.2223,34.1643,36.5818,0.0538,nan,nan,nan,nan
13.4150,1.3439,0.1122,0.3388,-2.2887,-4.9077,11.1688,1.5998,0.1517,0.2655,0.2691,-1.2128,34.1645,36.5786,0.0550,nan,nan,nan,nan
13.4362,1.3657,0.1155,0.3401,-2.2986,-5.0452,11.0872,1.6218,0.1548,0.2674,0.2691,-1.1897,34.1641,36.5748,0.0559,nan,nan,nan,nan
13.4604,1.3873,0.1188,0.3415,-2.3185,-5.2007,10.9835,1.6437,0.1578,0.2693,0.2692,-1.1705,34.1643,36.5706,0.0579,nan,nan,nan,nan
13.4815,1.4087,0.1222,0.3429,-2.3477,-5.3741,10.8590,1.6654,0.1609,0.2713,0.2693,-1.1203,34.1667,36.5628,0.0569,nan,nan,nan,nan
13.5133,1.4370,0.1268,0.3447,-2.3857,-5.5661,10.7153,1.6941,0.1650,0.2740,0.2693,-1.0640,34.1678,36.5574,0.0476,nan,nan,nan,nan
13.5380,1.4581,0.1302,0.3460,-2.3857,-5.5661,10.7153,1.7154,0.1681,0.2760,0.2694,-1.0344,34.1673,36.5562,0.0407,nan,nan,nan,nan
13.5643,1.4720,0.1325,0.3469,-2.4303,-5.7816,10.5541,1.7296,0.1702,0.2775,0.2694,-0.9849,34.1670,36.5590,0.0287,nan,nan,nan,nan
13.6002,1.4927,0.1360,0.3482,-2.4810,-6.0209,10.3758,1.7507,0.1732,0.2796,0.2694,-0.9303,34.1694,36.5587,0.0147,nan,nan,nan,nan
13.6306,1.5201,0.1407,0.3499,-2.5388,-6.2792,10.1810,1.7785,0.1773,0.2825,0.2695,-0.8517,34.1748,36.5536,0.0088,nan,nan,nan,nan
13.6668,1.5471,0.1455,0.3515,-2.6019,-6.5597,9.9711,1.8060,0.1815,0.2855,0.2696,-0.7658,34.1792,36.5472,0.0161,nan,nan,nan,nan
13.6945,1.5738,0.1503,0.3531,-2.6675,-6.8657,9.7484,1.8333,0.1856,0.2885,0.2697,-0.6748,34.1835,36.5364,0.0191,nan,nan,nan,nan
13.7236,1.6002,0.1552,0.3547,-2.7374,-7.1897,9.5131,1.8602,0.1897,0.2916,0.2698,-0.5791,34.1887,36.5272,0.0172,nan,nan,nan,nan
13.7495,1.6261,0.1601,0.3562,-2.8107,-7.5291,9.2672,1.8867,0.1938,0.2947,0.2699,-0.4890,34.1949,36.5189,0.0087,nan,nan,nan,nan
13.7783,1.6517,0.1652,0.3576,-2.8824,-7.8897,9.0150,1.9129,0.1979,0.2979,0.2699,-0.4186,34.2006,36.5098,0.0068,nan,nan,nan,nan
13.8090,1.6769,0.1702,0.3590,-2.9531,-8.2658,8.7569,1.9387,0.2020,0.3010,0.2700,-0.3647,34.2102,36.4989,0.0094,nan,nan,nan,nan
13.8468,1.7016,0.1754,0.3603,-3.0253,-8.6495,8.4920,1.9641,0.2060,0.3042,0.2701,-0.3231,34.2184,36.4917,0.0191,nan,nan,nan,nan
13.8685,1.7199,0.1793,0.3612,-3.0253,-8.6495,8.4920,1.9828,0.2090,0.3065,0.2702,-0.3037,34.2223,36.4886,0.0246,nan,nan,nan,nan
13.8940,1.7439,0.1846,0.3624,-3.0954,-9.0455,8.2226,2.0074,0.2130,0.3097,0.2703,-0.2918,34.2262,36.4852,0.0258,nan,nan,nan,nan
13.9155,1.7615,0.1886,0.3632,-3.1617,-9.4534,7.9501,2.0256,0.2160,0.3120,0.2704,-0.2819,34.2320,36.4800,0.0217,nan,nan,nan,nan
13.9400,1.7732,0.1913,0.3638,-3.2273,-9.8620,7.6720,2.0375,0.2181,0.3135,0.2704,-0.2771,34.2344,36.4787,0.0180,nan,nan,nan,nan
13.9668,1.7904,0.1954,0.3645,-3.2273,-9.8620,7.6720,2.0552,0.2211,0.3158,0.2705,-0.2722,34.2372,36.4773,0.0170,nan,nan,nan,nan
13.9902,1.8017,0.1982,0.3650,-3.2913,-10.2705,7.3894,2.0669,0.2232,0.3172,0.2706,-0.2711,34.2379,36.4763,0.0182,nan,nan,nan,nan
14.0222,1.8185,0.2024,0.3657,-3.3498,-10.6836,7.1045,2.0841,0.2263,0.3194,0.2707,-0.2680,34.2416,36.4731,0.0223,nan,nan,nan,nan
14.0455,1.8350,0.2066,0.3664,-3.3498,-10.6836,7.1045,2.1010,0.2294,0.3216,0.2708,-0.2629,34.2450,36.4709,0.0236,nan,nan,nan,nan
14.0705,1.8511,0.2108,0.3670,-3.4052,-11.0920,6.8152,2.1176,0.2327,0.3237,0.2709,-0.2502,34.2534,36.4641,0.0241,nan,nan,nan,nan
14.0961,1.8617,0.2137,0.3674,-3.4589,-11.4885,6.5214,2.1285,0.2348,0.3250,0.2709,-0.2362,34.2621,36.4546,0.0234,nan,nan,nan,nan
14.1276,1.8825,0.2195,0.3681,-3.5066,-11.8800,6.2268,2.1498,0.2392,0.3276,0.2711,-0.2192,34.2688,36.4404,0.0228,nan,nan,nan,nan
14.1543,1.8977,0.2239,0.3686,-3.5066,-11.8800,6.2268,2.1655,0.2426,0.3294,0.2712,-0.2109,34.2718,36.4328,0.0221,nan,nan,nan,nan
14.1787,1.9126,0.2283,0.3690,-3.5475,-12.2632,5.9324,2.1807,0.2460,0.3312,0.2713,-0.2050,34.2797,36.4169,0.0216,nan,nan,nan,nan
14.2051,1.9272,0.2328,0.3694,-3.5836,-12.6274,5.6388,2.1957,0.2494,0.3329,0.2715,-0.2107,34.2859,36.4039,0.0242,nan,nan,nan,nan
14.2432,1.9414,0.2374,0.3697,-3.6131,-12.9745,5.3467,2.2103,0.2528,0.3345,0.2716,-0.2235,34.2923,36.3920,0.0254,nan,nan,nan,nan
14.2714,1.9553,0.2420,0.3700,-3.6131,-12.9745,5.3467,2.2245,0.2563,0.3360,0.2717,-0.2426,34.2999,36.3791,0.0254,nan,nan,nan,nan
14.2926,1.9598,0.2436,0.3701,-3.6339,-13.3074,5.0576,2.2292,0.2574,0.3365,0.2718,-0.2505,34.3029,36.3746,0.0260,nan,nan,nan,nan
14.3194,1.9732,0.2483,0.3703,-3.6339,-13.3074,5.0576,2.2429,0.2609,0.3379,0.2719,-0.2764,34.3127,36.3608,0.0290,nan,nan,nan,nan
14.3462,1.9820,0.2514,0.3704,-3.6476,-13.6178,4.7702,2.2518,0.2633,0.3387,0.2720,-0.2853,34.3161,36.3558,0.0291,nan,nan,nan,nan
14.3778,1.9948,0.2562,0.3706,-3.6549,-13.9037,4.4837,2.2650,0.2670,0.3399,0.2721,-0.3238,34.3264,36.3356,0.0263,nan,nan,nan,nan
14.4048,2.0072,0.2611,0.3707,-3.6549,-13.9037,4.4837,2.2777,0.2706,0.3410,0.2723,-0.3558,34.3304,36.3222,0.0207,nan,nan,nan,nan
14.4294,2.0193,0.2660,0.3707,-3.6531,-14.1702,4.1999,2.2901,0.2744,0.3420,0.2724,-0.3786,34.3341,36.3132,0.0176,nan,nan,nan,nan
14.4510,2.0271,0.2693,0.3707,-3.6424,-14.4127,3.9189,2.2981,0.2769,0.3426,0.2725,-0.4123,34.3398,36.3035,0.0148,nan,nan,nan,nan
14.4747,2.0385,0.2743,0.3707,-3.6424,-14.4127,3.9189,2.3097,0.2808,0.3434,0.2727,-0.4403,34.3461,36.2929,0.0160,nan,nan,nan,nan
14.4989,2.0496,0.2794,0.3707,-3.6245,-14.6265,3.6381,2.3210,0.2848,0.3440,0.2728,-0.4676,34.3522,36.2838,0.0148,nan,nan,nan,nan
14.5206,2.0567,0.2828,0.3706,-3.5976,-14.8146,3.3602,2.3283,0.2875,0.3444,0.2729,-0.4871,34.3558,36.2788,0.0153,nan,nan,nan,nan
14.5413,2.0671,0.2880,0.3705,-3.5976,-14.8146,3.3602,2.3390,0.2915,0.3449,0.2731,-0.5165,34.3616,36.2707,0.0161,nan,nan,nan,nan
14.5646,2.0739,0.2915,0.3703,-3.5607,-14.9780,3.0861,2.3458,0.2943,0.3451,0.2732,-0.5362,34.3652,36.2643,0.0158,nan,nan,nan,nan
14.6007,2.0836,0.2968,0.3701,-3.5144,-15.1131,2.8151,2.3558,0.2985,0.3454,0.2733,-0.5661,34.3694,36.2570,0.0119,nan,nan,nan,nan
14.6389,2.0960,0.3040,0.3698,-3.4583,-15.2194,2.5472,2.3684,0.3043,0.3456,0.2735,-0.6044,34.3755,36.2503,0.0066,nan,nan,nan,nan
14.6611,2.1048,0.3094,0.3695,-3.4583,-15.2194,2.5472,2.3774,0.3087,0.3456,0.2736,-0.6206,34.3789,36.2466,0.0056,nan,nan,nan,nan
14.6844,2.1105,0.3131,0.3692,-3.3921,-15.2992,2.2823,2.3832,0.3118,0.3456,0.2737,-0.6414,34.3843,36.2391,0.0081,nan,nan,nan,nan
14.7168,2.1187,0.3186,0.3689,-3.3160,-15.3515,2.0202,2.3916,0.3164,0.3454,0.2739,-0.6554,34.3897,36.2329,0.0114,nan,nan,nan,nan
14.7485,2.1290,0.3261,0.3683,-3.2299,-15.3767,1.7611,2.4020,0.3227,0.3449,0.2741,-0.6637,34.3941,36.2263,0.0179,nan,nan,nan,nan
14.7802,2.1386,0.3337,0.3677,-3.1336,-15.3746,1.5055,2.4118,0.3292,0.3443,0.2743,-0.6625,34.4001,36.2220,0.0261,nan,nan,nan,nan
14.8052,2.1453,0.3395,0.3672,-3.1336,-15.3746,1.5055,2.4187,0.3342,0.3437,0.2744,-0.6601,34.4034,36.2194,0.0296,nan,nan,nan,nan
14.8283,2.1496,0.3434,0.3668,-3.0271,-15.3459,1.2549,2.4230,0.3376,0.3433,0.2745,-0.6591,34.4091,36.2128,0.0357,nan,nan,nan,nan
14.8628,2.1556,0.3492,0.3662,-2.9089,-15.2927,1.0107,2.4292,0.3427,0.3425,0.2746,-0.6604,34.4130,36.2040,0.0396,nan,nan,nan,nan
14.8906,2.1631,0.3572,0.3654,-2.7790,-15.2159,0.7736,2.4368,0.3496,0.3413,0.2749,-0.6704,34.4173,36.1893,0.0366,nan,nan,nan,nan
14.9179,2.1683,0.3632,0.3648,-2.7790,-15.2159,0.7736,2.4421,0.3549,0.3403,0.2750,-0.6813,34.4198,36.1815,0.0320,nan,nan,nan,nan
14.9421,2.1746,0.3713,0.3639,-2.6392,-15.1138,0.5450,2.4485,0.3621,0.3388,0.2752,-0.7019,34.4241,36.1678,0.0251,nan,nan,nan,nan
14.9625,2.1775,0.3754,0.3634,-2.4888,-14.9896,0.3217,2.4514,0.3658,0.3380,0.2753,-0.7066,34.4260,36.1608,0.0241,nan,nan,nan,nan
14.9888,2.1815,0.3816,0.3627,-2.3266,-14.8458,0.1034,2.4555,0.3713,0.3367,0.2754,-0.7108,34.4309,36.1487,0.0257,nan,nan,nan,nan
15.0162,2.1851,0.3879,0.3620,-2.3266,-14.8458,0.1034,2.4592,0.3770,0.3354,0.2756,-0.7108,34.4359,36.1380,0.0226,nan,nan,nan,nan
15.0422,2.1874,0.3920,0.3615,-2.1560,-14.6790,-0.1082,2.4615,0.3808,0.3344,0.2757,-0.7105,34.4377,36.1336,0.0209,nan,nan,nan,nan
15.0658,2.1904,0.3984,0.3607,-1.9766,-14.4918,-0.3114,2.4646,0.3866,0.3330,0.2758,-0.7139,34.4428,36.1170,0.0172,nan,nan,nan,nan
15.0918,2.1931,0.4047,0.3599,-1.9766,-14.4918,-0.3114,2.4673,0.3925,0.3314,0.2760,-0.7250,34.4456,36.1069,0.0176,nan,nan,nan,nan
15.1145,2.1946,0.4090,0.3594,-1.7837,-14.2899,-0.5055,2.4689,0.3964,0.3304,0.2761,-0.7304,34.4467,36.1040,0.0197,nan,nan,nan,nan
15.1431,2.1967,0.4155,0.3585,-1.5814,-14.0706,-0.6907,2.4710,0.4024,0.3287,0.2762,-0.7537,34.4524,36.0914,0.0270,nan,nan,nan,nan
15.1719,2.1989,0.4241,0.3574,-1.3744,-13.8326,-0.8695,2.4732,0.4104,0.3264,0.2764,-0.7630,34.4540,36.0773,0.0297,nan,nan,nan,nan
15.1997,2.2001,0.4306,0.3566,-1.3744,-13.8326,-0.8695,2.4745,0.4166,0.3246,0.2766,-0.7632,34.4523,36.0647,0.0258,nan,nan,nan,nan
15.2220,2.2008,0.4350,0.3560,-1.1575,-13.5834,-1.0418,2.4751,0.4207,0.3234,0.2766,-0.7627,34.4518,36.0603,0.0246,nan,nan,nan,nan
15.2576,2.2015,0.4416,0.3552,-0.9305,-13.3237,-1.2068,2.4758,0.4270,0.3216,0.2768,-0.7588,34.4497,36.0423,0.0243,nan,nan,nan,nan
15.2807,2.2018,0.4481,0.3543,-0.9305,-13.3237,-1.2068,2.4762,0.4333,0.3197,0.2769,-0.7493,34.4485,36.0283,0.0229,nan,nan,nan,nan
15.3010,2.2018,0.4525,0.3537,-0.7009,-13.0473,-1.3642,2.4762,0.4376,0.3184,0.2770,-0.7446,34.4481,36.0239,0.0220,nan,nan,nan,nan
15.3350,2.2016,0.4592,0.3528,-0.4660,-12.7598,-1.5145,2.4760,0.4441,0.3164,0.2772,-0.7211,34.4462,36.0049,0.0239,nan,nan,nan,nan
15.3604,2.2011,0.4658,0.3520,-0.4660,-12.7598,-1.5145,2.4755,0.4506,0.3144,0.2773,-0.7105,34.4450,35.9956,0.0249,nan,nan,nan,nan
15.3817,2.2006,0.4702,0.3514,-0.2207,-12.4674,-1.6559,2.4749,0.4549,0.3131,0.2774,-0.7026,34.4454,35.9860,0.0240,nan,nan,nan,nan
15.4126,2.1996,0.4769,0.3505,0.0281,-12.1640,-1.7872,2.4739,0.4614,0.3111,0.2775,-0.6910,34.4474,35.9699,0.0248,nan,nan,nan,nan
15.4498,2.1978,0.4857,0.3493,0.2773,-11.8505,-1.9087,2.4720,0.4702,0.3084,0.2777,-0.6815,34.4463,35.9582,0.0223,nan,nan,nan,nan
15.4771,2.1960,0.4924,0.3485,0.2773,-11.8505,-1.9087,2.4702,0.4768,0.3063,0.2778,-0.6785,34.4451,35.9539,0.0214,nan,nan,nan,nan
15.5052,2.1947,0.4968,0.3479,0.5344,-11.5358,-2.0216,2.4688,0.4812,0.3050,0.2779,-0.6761,34.4449,35.9485,0.0211,nan,nan,nan,nan
15.5366,2.1925,0.5034,0.3470,0.7954,-11.2174,-2.1265,2.4665,0.4878,0.3029,0.2780,-0.6682,34.4477,35.9373,0.0214,nan,nan,nan,nan
15.5705,2.1892,0.5122,0.3459,1.0522,-10.8906,-2.2227,2.4631,0.4966,0.3002,0.2781,-0.6556,34.4512,35.9258,0.0150,nan,nan,nan,nan
15.6025,2.1853,0.5209,0.3448,1.3105,-10.5637,-2.3115,2.4591,0.5055,0.2975,0.2783,-0.6374,34.4507,35.9128,0.0110,nan,nan,nan,nan
15.6251,2.1822,0.5275,0.3440,1.3105,-10.5637,-2.3115,2.4558,0.5121,0.2955,0.2784,-0.6274,34.4489,35.9056,0.0117,nan,nan,nan,nan
15.6461,2.1787,0.5339,0.3432,1.5727,-10.2405,-2.3931,2.4523,0.5188,0.2935,0.2785,-0.6096,34.4475,35.8951,0.0156,nan,nan,nan,nan
15.6672,2.1763,0.5382,0.3426,1.8294,-9.9128,-2.4668,2.4498,0.5232,0.2921,0.2785,-0.5893,34.4465,35.8891,0.0175,nan,nan,nan,nan
15.6890,2.1725,0.5446,0.3418,1.8294,-9.9128,-2.4668,2.4458,0.5298,0.2901,0.2786,-0.5764,34.4455,35.8862,0.0188,nan,nan,nan,nan
15.7120,2.1684,0.5510,0.3411,2.0809,-9.5831,-2.5315,2.4416,0.5364,0.2882,0.2787,-0.5532,34.4399,35.8821,0.0168,nan,nan,nan,nan
15.7364,2.1641,0.5573,0.3403,2.3338,-9.2606,-2.5895,2.4372,0.5429,0.2862,0.2788,-0.5300,34.4344,35.8794,0.0170,nan,nan,nan,nan
15.7662,2.1596,0.5636,0.3395,2.5811,-8.9395,-2.6408,2.4325,0.5495,0.2843,0.2789,-0.5037,34.4310,35.8758,0.0186,nan,nan,nan,nan
15.7926,2.1548,0.5697,0.3388,2.5811,-8.9395,-2.6408,2.4276,0.5559,0.2824,0.2789,-0.4745,34.4294,35.8703,0.0221,nan,nan,nan,nan
15.8159,2.1515,0.5738,0.3383,2.8175,-8.6159,-2.6844,2.4243,0.5603,0.2812,0.2790,-0.4525,34.4264,35.8679,0.0257,nan,nan,nan,nan
15.8473,2.1464,0.5799,0.3376,3.0488,-8.2992,-2.7229,2.4190,0.5667,0.2793,0.2791,-0.4136,34.4226,35.8638,0.0308,nan,nan,nan,nan
15.8748,2.1411,0.5859,0.3369,3.0488,-8.2992,-2.7229,2.4136,0.5731,0.2775,0.2791,-0.3702,34.4223,35.8581,0.0289,nan,nan,nan,nan
15.8964,2.1375,0.5898,0.3364,3.2749,-7.9888,-2.7562,2.4099,0.5773,0.2763,0.2792,-0.3547,34.4220,35.8558,0.0287,nan,nan,nan,nan
15.9254,2.1319,0.5956,0.3357,3.4868,-7.6783,-2.7832,2.4041,0.5836,0.2745,0.2793,-0.2854,34.4214,35.8458,0.0255,nan,nan,nan,nan
15.9559,2.1241,0.6033,0.3349,3.6869,-7.3729,-2.8059,2.3961,0.5919,0.2722,0.2794,-0.2003,34.4172,35.8410,0.0190,nan,nan,nan,nan
15.9835,2.1181,0.6089,0.3342,3.6869,-7.3729,-2.8059,2.3899,0.5980,0.2705,0.2794,-0.1328,34.4125,35.8395,0.0180,nan,nan,nan,nan
16.0071,2.1140,0.6126,0.3338,3.8800,-7.0778,-2.8241,2.3857,0.6021,0.2693,0.2795,-0.0835,34.4096,35.8374,0.0178,nan,nan,nan,nan
16.0407,2.1076,0.6180,0.3331,4.0586,-6.7864,-2.8379,2.3792,0.6081,0.2677,0.2795,-0.0025,34.4074,35.8333,0.0146,nan,nan,nan,nan
16.0685,2.1011,0.6234,0.3325,4.0586,-6.7864,-2.8379,2.3725,0.6141,0.2661,0.2796,0.0835,34.4057,35.8312,0.0149,nan,nan,nan,nan
16.0981,2.0967,0.6269,0.3321,4.2204,-6.4978,-2.8463,2.3680,0.6180,0.2650,0.2796,0.1381,34.4038,35.8311,0.0156,nan,nan,nan,nan
16.1315,2.0901,0.6319,0.3317,4.2966,-6.2163,-2.8052,2.3612,0.6238,0.2635,0.2796,0.2212,34.3953,35.8270,0.0135,nan,nan,nan,nan
16.1542,2.0833,0.6368,0.3313,4.2966,-6.2163,-2.8052,2.3542,0.6294,0.2621,0.2797,0.2758,34.3924,35.8241,0.0104,nan,nan,nan,nan
16.1798,2.0786,0.6401,0.3310,4.2897,-5.9375,-2.7196,2.3494,0.6331,0.2612,0.2797,0.3581,34.3918,35.8205,0.0083,nan,nan,nan,nan
16.2083,2.0716,0.6448,0.3306,4.2705,-5.6634,-2.6322,2.3422,0.6386,0.2599,0.2798,0.4420,34.3907,35.8220,0.0108,nan,nan,nan,nan
16.2328,2.0644,0.6495,0.3302,4.2705,-5.6634,-2.6322,2.3348,0.6439,0.2586,0.2798,0.5257,34.3882,35.8259,0.0151,nan,nan,nan,nan
16.2531,2.0620,0.6510,0.3301,4.2410,-5.4001,-2.5429,2.3323,0.6457,0.2582,0.2798,0.5537,34.3871,35.8269,0.0148,nan,nan,nan,nan
16.2743,2.0546,0.6555,0.3297,4.2410,-5.4001,-2.5429,2.3248,0.6509,0.2569,0.2798,0.6095,34.3849,35.8282,0.0117,nan,nan,nan,nan
16.2971,2.0497,0.6584,0.3295,4.2017,-5.1491,-2.4523,2.3197,0.6543,0.2561,0.2799,0.6939,34.3830,35.8292,0.0054,nan,nan,nan,nan
16.3254,2.0421,0.6628,0.3291,4.1537,-4.9064,-2.3618,2.3120,0.6593,0.2549,0.2799,0.7797,34.3813,35.8298,0.0023,nan,nan,nan,nan
16.3547,2.0319,0.6684,0.3287,4.0976,-4.6743,-2.2718,2.3015,0.6658,0.2534,0.2799,0.8945,34.3772,35.8289,0.0023,nan,nan,nan,nan
16.3748,2.0241,0.6725,0.3283,4.0976,-4.6743,-2.2718,2.2936,0.6705,0.2523,0.2800,0.9802,34.3739,35.8308,0.0007,nan,nan,nan,nan
16.3988,2.0136,0.6778,0.3279,4.0323,-4.4562,-2.1814,2.2828,0.6767,0.2509,0.2800,1.0918,34.3733,35.8279,0.0024,nan,nan,nan,nan
16.4222,2.0082,0.6804,0.3277,3.9600,-4.2490,-2.0912,2.2773,0.6797,0.2502,0.2800,1.1178,34.3736,35.8266,0.0026,nan,nan,nan,nan
16.4539,2.0002,0.6842,0.3273,3.8830,-4.0514,-2.0005,2.2691,0.6840,0.2492,0.2801,1.2100,34.3748,35.8245,0.0052,nan,nan,nan,nan
16.4924,1.9892,0.6891,0.3269,3.8006,-3.8675,-1.9079,2.2580,0.6896,0.2479,0.2801,1.2767,34.3751,35.8245,0.0069,nan,nan,nan,nan
16.5154,1.9810,0.6927,0.3266,3.8006,-3.8675,-1.9079,2.2495,0.6936,0.2470,0.2801,1.3105,34.3739,35.8254,0.0080,nan,nan,nan,nan
16.5434,1.9754,0.6950,0.3264,3.7129,-3.6978,-1.8140,2.2439,0.6962,0.2464,0.2801,1.3273,34.3720,35.8259,0.0094,nan,nan,nan,nan
16.5768,1.9670,0.6984,0.3261,3.6224,-3.5387,-1.7203,2.2353,0.6999,0.2455,0.2802,1.3408,34.3681,35.8262,0.0139,nan,nan,nan,nan
16.6140,1.9556,0.7029,0.3257,3.5285,-3.3913,-1.6275,2.2238,0.7047,0.2444,0.2802,1.3431,34.3652,35.8170,0.0235,nan,nan,nan,nan
16.6356,1.9471,0.7061,0.3254,3.5285,-3.3913,-1.6275,2.2151,0.7081,0.2436,0.2802,1.3358,34.3613,35.8094,0.0319,nan,nan,nan,nan
16.6631,1.9413,0.7082,0.3252,3.4289,-3.2580,-1.5361,2.2093,0.7103,0.2431,0.2803,1.3288,34.3584,35.8059,0.0379,nan,nan,nan,nan
16.6905,1.9326,0.7113,0.3250,3.3255,-3.1349,-1.4483,2.2005,0.7136,0.2423,0.2803,1.3183,34.3546,35.8040,0.0452,nan,nan,nan,nan
16.7136,1.9238,0.7143,0.3247,3.3255,-3.1349,-1.4483,2.1916,0.7168,0.2416,0.2803,1.3127,34.3523,35.8034,0.0482,nan,nan,nan,nan
16.7345,1.9150,0.7173,0.3244,3.2192,-3.0210,-1.3656,2.1826,0.7198,0.2410,0.2804,1.3054,34.3488,35.8035,0.0526,nan,nan,nan,nan
16.7601,1.9061,0.7201,0.3242,3.1081,-2.9187,-1.2871,2.1737,0.7228,0.2403,0.2804,1.2903,34.3459,35.8009,0.0505,nan,nan,nan,nan
16.7849,1.8972,0.7229,0.3239,2.9946,-2.8275,-1.2119,2.1647,0.7256,0.2397,0.2804,1.2707,34.3430,35.7982,0.0473,nan,nan,nan,nan
16.8161,1.8852,0.7265,0.3236,2.8808,-2.7446,-1.1404,2.1525,0.7292,0.2389,0.2804,1.2370,34.3400,35.7942,0.0472,nan,nan,nan,nan
16.8415,1.8761,0.7291,0.3233,2.8808,-2.7446,-1.1404,2.1434,0.7318,0.2384,0.2805,1.2096,34.3362,35.7914,0.0427,nan,nan,nan,nan
16.8639,1.8700,0.7308,0.3232,2.7652,-2.6716,-1.0736,2.1373,0.7335,0.2381,0.2805,1.1924,34.3346,35.7918,0.0374,nan,nan,nan,nan
16.8920,1.8609,0.7333,0.3229,2.6466,-2.6077,-1.0131,2.1281,0.7360,0.2376,0.2805,1.1693,34.3334,35.7935,0.0258,nan,nan,nan,nan
16.9243,1.8486,0.7366,0.3226,2.5278,-2.5508,-0.9579,2.1157,0.7392,0.2370,0.2805,1.1392,34.3342,35.7970,0.0103,nan,nan,nan,nan
16.9557,1.8362,0.7397,0.3223,2.4093,-2.5008,-0.9077,2.1032,0.7422,0.2365,0.2805,1.1066,34.3365,35.8026,0.0038,nan,nan,nan,nan
16.9858,1.8237,0.7427,0.3220,2.2895,-2.4588,-0.8637,2.0907,0.7452,0.2360,0.2805,1.0777,34.3372,35.8056,-0.0019,nan,nan,nan,nan
17.0163,1.8112,0.7457,0.3217,2.1703,-2.4241,-0.8250,2.0781,0.7479,0.2355,0.2806,1.0478,34.3348,35.8039,-0.0034,nan,nan,nan,nan
17.0419,1.7985,0.7485,0.3215,2.0533,-2.3958,-0.7915,2.0655,0.7506,0.2350,0.2806,1.0170,34.3279,35.7979,-0.0004,nan,nan,nan,nan
17.0697,1.7890,0.7506,0.3213,2.0533,-2.3958,-0.7915,2.0560,0.7525,0.2347,0.2806,1.0012,34.3244,35.7960,0.0019,nan,nan,nan,nan
17.0983,1.7794,0.7526,0.3211,1.9373,-2.3725,-0.7631,2.0464,0.7544,0.2344,0.2807,0.9736,34.3213,35.7934,0.0053,nan,nan,nan,nan
17.1213,1.7730,0.7539,0.3210,1.8226,-2.3534,-0.7388,2.0400,0.7556,0.2343,0.2807,0.9439,34.3196,35.7895,0.0086,nan,nan,nan,nan
17.1452,1.7634,0.7559,0.3208,1.8226,-2.3534,-0.7388,2.0303,0.7574,0.2340,0.2807,0.9178,34.3196,35.7893,0.0050,nan,nan,nan,nan
17.1666,1.7569,0.7571,0.3207,1.7105,-2.3372,-0.7207,2.0239,0.7585,0.2339,0.2807,0.9110,34.3195,35.7897,0.0030,nan,nan,nan,nan
17.2039,1.7472,0.7590,0.3206,1.5993,-2.3245,-0.7100,2.0141,0.7603,0.2336,0.2807,0.8964,34.3189,35.7857,0.0012,nan,nan,nan,nan
17.2320,1.7374,0.7608,0.3204,1.5993,-2.3245,-0.7100,2.0044,0.7620,0.2334,0.2807,0.8938,34.3189,35.7829,0.0039,nan,nan,nan,nan
17.2565,1.7309,0.7620,0.3203,1.4887,-2.3143,-0.7055,1.9978,0.7631,0.2333,0.2808,0.8905,34.3183,35.7822,0.0055,nan,nan,nan,nan
17.2835,1.7211,0.7638,0.3202,1.3825,-2.3068,-0.7040,1.9880,0.7647,0.2331,0.2808,0.8786,34.3163,35.7813,0.0064,nan,nan,nan,nan
17.3067,1.7112,0.7656,0.3201,1.3825,-2.3068,-0.7040,1.9781,0.7662,0.2330,0.2808,0.8647,34.3145,35.7803,0.0084,nan,nan,nan,nan
17.3344,1.7046,0.7667,0.3200,1.2821,-2.3012,-0.7045,1.9715,0.7672,0.2328,0.2808,0.8468,34.3121,35.7801,0.0108,nan,nan,nan,nan
17.3680,1.6946,0.7684,0.3199,1.1853,-2.2958,-0.7075,1.9616,0.7686,0.2327,0.2808,0.8032,34.3101,35.7815,0.0126,nan,nan,nan,nan
17.4000,1.6813,0.7706,0.3197,1.0927,-2.2905,-0.7132,1.9482,0.7704,0.2325,0.2808,0.7515,34.3095,35.7865,0.0117,nan,nan,nan,nan
17.4257,1.6678,0.7728,0.3196,1.0062,-2.2853,-0.7213,1.9348,0.7722,0.2324,0.2808,0.6886,34.3081,35.7941,0.0095,nan,nan,nan,nan
17.4525,1.6577,0.7744,0.3195,1.0062,-2.2853,-0.7213,1.9247,0.7734,0.2323,0.2808,0.6552,34.3064,35.7997,0.0038,nan,nan,nan,nan
17.4754,1.6510,0.7755,0.3195,0.9241,-2.2797,-0.7328,1.9179,0.7743,0.2322,0.2808,0.6091,34.3032,35.8094,-0.0083,nan,nan,nan,nan
17.5011,1.6408,0.7771,0.3194,0.8445,-2.2725,-0.7494,1.9077,0.7755,0.2322,0.2808,0.5723,34.3005,35.8190,-0.0162,nan,nan,nan,nan
17.5270,1.6271,0.7791,0.3194,0.7690,-2.2635,-0.7722,1.8941,0.7772,0.2321,0.2808,0.5384,34.2986,35.8299,-0.0165,nan,nan,nan,nan
17.5545,1.6134,0.7812,0.3193,0.6976,-2.2519,-0.8002,1.8803,0.7789,0.2320,0.2808,0.5195,34.3006,35.8362,-0.0151,nan,nan,nan,nan
17.5844,1.5996,0.7832,0.3193,0.6295,-2.2383,-0.8322,1.8665,0.7806,0.2319,0.2808,0.5118,34.3024,35.8425,-0.0137,nan,nan,nan,nan
17.6215,1.5857,0.7851,0.3192,0.5654,-2.2221,-0.8685,1.8526,0.7823,0.2318,0.2808,0.5161,34.3045,35.8471,-0.0102,nan,nan,nan,nan
17.6571,1.5718,0.7871,0.3192,0.5063,-2.2031,-0.9086,1.8386,0.7840,0.2317,0.2809,0.5304,34.3044,35.8522,-0.0021,nan,nan,nan,nan
17.6832,1.5578,0.7890,0.3193,0.4523,-2.1817,-0.9499,1.8246,0.7857,0.2317,0.2809,0.5399,34.3048,35.8555,0.0030,nan,nan,nan,nan
17.7092,1.5437,0.7909,0.3193,0.4041,-2.1578,-0.9913,1.8105,0.7874,0.2316,0.2809,0.5400,34.3041,35.8601,0.0065,nan,nan,nan,nan
17.7466,1.5295,0.7928,0.3194,0.3626,-2.1310,-1.0328,1.7963,0.7890,0.2315,0.2809,0.5291,34.3040,35.8640,0.0052,nan,nan,nan,nan
17.7673,1.5188,0.7942,0.3194,0.3626,-2.1310,-1.0328,1.7856,0.7901,0.2315,0.2809,0.5129,34.3056,35.8638,0.0004,nan,nan,nan,nan
17.7893,1.5117,0.7952,0.3195,0.3275,-2.1008,-1.0742,1.7784,0.7909,0.2315,0.2809,0.5069,34.3060,35.8633,-0.0014,nan,nan,nan,nan
17.8171,1.5010,0.7966,0.3195,0.2976,-2.0683,-1.1155,1.7677,0.7920,0.2314,0.2809,0.4783,34.3066,35.8636,-0.0054,nan,nan,nan,nan
17.8455,1.4866,0.7984,0.3197,0.2735,-2.0327,-1.1568,1.7533,0.7935,0.2314,0.2809,0.4433,34.3060,35.8646,-0.0072,nan,nan,nan,nan
17.8751,1.4722,0.8003,0.3198,0.2551,-1.9936,-1.1981,1.7388,0.7950,0.2313,0.2809,0.4052,34.3059,35.8667,-0.0055,nan,nan,nan,nan
17.9083,1.4577,0.8021,0.3200,0.2422,-1.9517,-1.2393,1.7242,0.7964,0.2313,0.2809,0.3617,34.3070,35.8713,-0.0009,nan,nan,nan,nan
17.9389,1.4432,0.8040,0.3201,0.2350,-1.9076,-1.2794,1.7096,0.7978,0.2313,0.2810,0.3093,34.3079,35.8740,0.0040,nan,nan,nan,nan
17.9722,1.4286,0.8058,0.3203,0.2334,-1.8601,-1.3188,1.6950,0.7992,0.2313,0.2810,0.2519,34.3099,35.8753,0.0048,nan,nan,nan,nan
18.0095,1.4139,0.8077,0.3205,0.2368,-1.8104,-1.3581,1.6802,0.8006,0.2313,0.2810,0.1946,34.3127,35.8747,0.0058,nan,nan,nan,nan
18.0327,1.4029,0.8090,0.3207,0.2368,-1.8104,-1.3581,1.6691,0.8017,0.2313,0.2810,0.1513,34.3144,35.8787,0.0038,nan,nan,nan,nan
18.0579,1.3955,0.8099,0.3208,0.2455,-1.7591,-1.3977,1.6617,0.8024,0.2313,0.2810,0.1380,34.3150,35.8806,0.0041,nan,nan,nan,nan
18.0880,1.3844,0.8113,0.3210,0.2574,-1.7049,-1.4384,1.6506,0.8035,0.2313,0.2810,0.0949,34.3185,35.8869,0.0034,nan,nan,nan,nan
18.1116,1.3733,0.8126,0.3213,0.2574,-1.7049,-1.4384,1.6394,0.8046,0.2314,0.2810,0.0732,34.3208,35.8954,-0.0025,nan,nan,nan,nan
18.1334,1.3622,0.8140,0.3215,0.2724,-1.6481,-1.4811,1.6282,0.8058,0.2314,0.2809,0.0626,34.3205,35.9026,-0.0058,nan,nan,nan,nan
18.1615,1.3548,0.8148,0.3216,0.2914,-1.5909,-1.5250,1.6207,0.8065,0.2315,0.2809,0.0528,34.3204,35.9098,-0.0087,nan,nan,nan,nan
18.1845,1.3436,0.8162,0.3219,0.2914,-1.5909,-1.5250,1.6095,0.8077,0.2315,0.2809,0.0489,34.3204,35.9153,-0.0090,nan,nan,nan,nan
18.2089,1.3361,0.8170,0.3220,0.3136,-1.5322,-1.5697,1.6019,0.8085,0.2316,0.2809,0.0504,34.3213,35.9250,-0.0107,nan,nan,nan,nan
18.2322,1.3249,0.8183,0.3223,0.3378,-1.4712,-1.6157,1.5907,0.8098,0.2316,0.2809,0.0621,34.3226,35.9331,-0.0133,nan,nan,nan,nan
18.2528,1.3137,0.8196,0.3226,0.3378,-1.4712,-1.6157,1.5794,0.8110,0.2317,0.2809,0.0846,34.3233,35.9403,-0.0176,nan,nan,nan,nan
18.2749,1.3062,0.8205,0.3228,0.3644,-1.4094,-1.6631,1.5718,0.8119,0.2318,0.2809,0.1011,34.3247,35.9450,-0.0195,nan,nan,nan,nan
18.2965,1.2949,0.8217,0.3231,0.3949,-1.3467,-1.7094,1.5605,0.8131,0.2319,0.2809,0.1230,34.3284,35.9534,-0.0247,nan,nan,nan,nan
18.3190,1.2837,0.8230,0.3234,0.3949,-1.3467,-1.7094,1.5491,0.8144,0.2320,0.2809,0.1402,34.3302,35.9609,-0.0327,nan,nan,nan,nan
18.3465,1.2724,0.8243,0.3237,0.4285,-1.2829,-1.7528,1.5377,0.8156,0.2321,0.2808,0.1480,34.3312,35.9654,-0.0398,nan,nan,nan,nan
18.3681,1.2611,0.8255,0.3240,0.4659,-1.2192,-1.7924,1.5263,0.8168,0.2323,0.2808,0.1500,34.3310,35.9733,-0.0522,nan,nan,nan,nan
18.3997,1.2497,0.8268,0.3244,0.5086,-1.1570,-1.8275,1.5149,0.8179,0.2324,0.2808,0.1385,34.3294,35.9800,-0.0599,nan,nan,nan,nan
18.4225,1.2384,0.8280,0.3247,0.5086,-1.1570,-1.8275,1.5035,0.8190,0.2326,0.2808,0.1256,34.3294,35.9837,-0.0670,nan,nan,nan,nan
18.4457,1.2308,0.8288,0.3250,0.5546,-1.0945,-1.8589,1.4959,0.8197,0.2327,0.2808,0.1107,34.3281,35.9877,-0.0758,nan,nan,nan,nan
18.4749,1.2195,0.8300,0.3253,0.6025,-1.0315,-1.8871,1.4845,0.8208,0.2328,0.2808,0.0742,34.3254,35.9970,-0.0920,nan,nan,nan,nan
18.5004,1.2081,0.8312,0.3257,0.6025,-1.0315,-1.8871,1.4730,0.8218,0.2330,0.2808,0.0387,34.3248,36.0010,-0.0982,nan,nan,nan,nan
18.5301,1.2005,0.8320,0.3260,0.6535,-0.9699,-1.9118,1.4654,0.8224,0.2331,0.2808,0.0255,34.3245,36.0013,-0.0983,nan,nan,nan,nan
18.5512,1.1892,0.8332,0.3264,0.7062,-0.9095,-1.9350,1.4539,0.8235,0.2333,0.2808,-0.0210,34.3236,36.0034,-0.0992,nan,nan,nan,nan
18.5829,1.1740,0.8347,0.3270,0.7570,-0.8484,-1.9599,1.4386,0.8249,0.2336,0.2808,-0.0430,34.3234,36.0018,-0.1005,nan,nan,nan,nan
18.6153,1.1588,0.8361,0.3276,0.8062,-0.7877,-1.9865,1.4234,0.8263,0.2339,0.2808,-0.0393,34.3258,36.0004,-0.1018,nan,nan,nan,nan
18.6409,1.1474,0.8372,0.3280,0.8062,-0.7877,-1.9865,1.4119,0.8274,0.2342,0.2808,-0.0236,34.3284,36.0004,-0.1064,nan,nan,nan,nan
18.6616,1.1398,0.8379,0.3284,0.8552,-0.7282,-2.0142,1.4042,0.8282,0.2344,0.2808,-0.0170,34.3290,36.0012,-0.1073,nan,nan,nan,nan
18.6930,1.1284,0.8390,0.3288,0.9030,-0.6694,-2.0402,1.3928,0.8293,0.2347,0.2808,0.0107,34.3298,36.0050,-0.1115,nan,nan,nan,nan
18.7205,1.1132,0.8403,0.3295,0.9501,-0.6114,-2.0646,1.3775,0.8308,0.2351,0.2808,0.0396,34.3299,36.0105,-0.1131,nan,nan,nan,nan
18.7478,1.0980,0.8416,0.3302,0.9978,-0.5560,-2.0859,1.3622,0.8322,0.2355,0.2808,0.0645,34.3297,36.0160,-0.1120,nan,nan,nan,nan
18.7786,1.0828,0.8428,0.3309,1.0453,-0.5022,-2.1041,1.3469,0.8335,0.2360,0.2808,0.0804,34.3313,36.0204,-0.1179,nan,nan,nan,nan
18.8044,1.0676,0.8441,0.3316,1.0911,-0.4491,-2.1189,1.3316,0.8348,0.2365,0.2807,0.0898,34.3340,36.0219,-0.1157,nan,nan,nan,nan
18.8335,1.0524,0.8452,0.3324,1.1364,-0.3988,-2.1309,1.3163,0.8360,0.2371,0.2807,0.0926,34.3357,36.0234,-0.1103,nan,nan,nan,nan
18.8631,1.0373,0.8463,0.3332,1.1805,-0.3510,-2.1410,1.3011,0.8371,0.2376,0.2807,0.0945,34.3369,36.0253,-0.1068,nan,nan,nan,nan
18.8923,1.0221,0.8474,0.3340,1.2220,-0.3052,-2.1488,1.2858,0.8382,0.2382,0.2807,0.0950,34.3333,36.0278,-0.1019,nan,nan,nan,nan
18.9180,1.0070,0.8484,0.3348,1.2608,-0.2616,-2.1544,1.2706,0.8393,0.2388,0.2807,0.0933,34.3279,36.0289,-0.0994,nan,nan,nan,nan
18.9395,0.9956,0.8491,0.3354,1.2608,-0.2616,-2.1544,1.2592,0.8400,0.2393,0.2807,0.0931,34.3241,36.0295,-0.1036,nan,nan,nan,nan
18.9606,0.9881,0.8495,0.3359,1.2974,-0.2207,-2.1583,1.2516,0.8405,0.2396,0.2807,0.0936,34.3218,36.0332,-0.1052,nan,nan,nan,nan
18.9911,0.9767,0.8502,0.3365,1.3310,-0.1807,-2.1604,1.2402,0.8412,0.2402,0.2807,0.0927,34.3209,36.0386,-0.1030,nan,nan,nan,nan
19.0174,0.9654,0.8508,0.3372,1.3310,-0.1807,-2.1604,1.2289,0.8419,0.2407,0.2807,0.0910,34.3188,36.0432,-0.1013,nan,nan,nan,nan
19.0447,0.9541,0.8514,0.3379,1.3612,-0.1424,-2.1601,1.2175,0.8425,0.2413,0.2807,0.0856,34.3149,36.0521,-0.0983,nan,nan,nan,nan
19.0711,0.9466,0.8517,0.3384,1.3886,-0.1066,-2.1580,1.2099,0.8429,0.2417,0.2807,0.0822,34.3135,36.0568,-0.0972,nan,nan,nan,nan
19.1058,0.9315,0.8524,0.3393,1.4131,-0.0734,-2.1538,1.1948,0.8436,0.2425,0.2806,0.0731,34.3097,36.0667,-0.0920,nan,nan,nan,nan
19.1293,0.9203,0.8529,0.3400,1.4131,-0.0734,-2.1538,1.1835,0.8441,0.2431,0.2806,0.0689,34.3080,36.0701,-0.0896,nan,nan,nan,nan
19.1522,0.9128,0.8532,0.3405,1.4333,-0.0420,-2.1481,1.1759,0.8444,0.2435,0.2806,0.0655,34.3066,36.0723,-0.0892,nan,nan,nan,nan
19.1831,0.9015,0.8536,0.3413,1.4498,-0.0129,-2.1415,1.1647,0.8449,0.2442,0.2806,0.0609,34.3027,36.0755,-0.0890,nan,nan,nan,nan
19.2068,0.8903,0.8539,0.3420,1.4498,-0.0129,-2.1415,1.1534,0.8453,0.2448,0.2806,0.0574,34.3007,36.0748,-0.0865,nan,nan,nan,nan
19.2354,0.8828,0.8542,0.3426,1.4628,0.0135,-2.1336,1.1459,0.8455,0.2453,0.2806,0.0581,34.2986,36.0750,-0.0848,nan,nan,nan,nan
19.2619,0.8716,0.8545,0.3434,1.4711,0.0380,-2.1260,1.1346,0.8459,0.2459,0.2806,0.0657,34.2965,36.0749,-0.0834,nan,nan,nan,nan
19.2889,0.8604,0.8547,0.3442,1.4711,0.0380,-2.1260,1.1234,0.8463,0.2467,0.2806,0.0779,34.2941,36.0745,-0.0831,nan,nan,nan,nan
19.3170,0.8530,0.8549,0.3447,1.4746,0.0607,-2.1185,1.1160,0.8465,0.2471,0.2806,0.0882,34.2926,36.0755,-0.0828,nan,nan,nan,nan
19.3526,0.8418,0.8551,0.3455,1.4737,0.0815,-2.1111,1.1048,0.8468,0.2479,0.2806,0.1074,34.2917,36.0778,-0.0799,nan,nan,nan,nan
19.3745,0.8307,0.8552,0.3464,1.4737,0.0815,-2.1111,1.0936,0.8471,0.2487,0.2806,0.1241,34.2908,36.0791,-0.0768,nan,nan,nan,nan
19.3999,0.8195,0.8553,0.3472,1.4678,0.1005,-2.1039,1.0824,0.8474,0.2495,0.2806,0.1618,34.2902,36.0837,-0.0688,nan,nan,nan,nan
19.4240,0.8121,0.8554,0.3478,1.4578,0.1181,-2.0956,1.0750,0.8475,0.2500,0.2806,0.1791,34.2900,36.0854,-0.0651,nan,nan,nan,nan
19.4505,0.8010,0.8554,0.3486,1.4578,0.1181,-2.0956,1.0639,0.8477,0.2508,0.2806,0.1941,34.2900,36.0871,-0.0625,nan,nan,nan,nan
19.4785,0.7936,0.8555,0.3492,1.4447,0.1340,-2.0854,1.0565,0.8478,0.2514,0.2806,0.2066,34.2906,36.0879,-0.0605,nan,nan,nan,nan
19.5026,0.7789,0.8554,0.3504,1.4284,0.1479,-2.0722,1.0417,0.8479,0.2525,0.2806,0.2218,34.2916,36.0912,-0.0595,nan,nan,nan,nan
19.5286,0.7678,0.8554,0.3513,1.4097,0.1605,-2.0563,1.0306,0.8479,0.2534,0.2805,0.2227,34.2925,36.0963,-0.0642,nan,nan,nan,nan
19.5559,0.7531,0.8553,0.3526,1.3876,0.1716,-2.0391,1.0159,0.8478,0.2546,0.2805,0.2197,34.2931,36.0991,-0.0728,nan,nan,nan,nan
19.5768,0.7421,0.8551,0.3535,1.3876,0.1716,-2.0391,1.0049,0.8477,0.2555,0.2805,0.2223,34.2923,36.1030,-0.0829,nan,nan,nan,nan
19.6041,0.7348,0.8550,0.3542,1.3605,0.1813,-2.0222,0.9975,0.8477,0.2561,0.2805,0.2266,34.2925,36.1072,-0.0905,nan,nan,nan,nan
19.6291,0.7238,0.8548,0.3551,1.3293,0.1907,-2.0057,0.9865,0.8475,0.2571,0.2805,0.2358,34.2928,36.1157,-0.1023,nan,nan,nan,nan
19.6498,0.7129,0.8546,0.3561,1.3293,0.1907,-2.0057,0.9756,0.8474,0.2581,0.2805,0.2435,34.2919,36.1202,-0.1090,nan,nan,nan,nan
19.6755,0.7020,0.8543,0.3571,1.2941,0.1990,-1.9891,0.9646,0.8472,0.2590,0.2804,0.2625,34.2877,36.1292,-0.1193,nan,nan,nan,nan
19.6975,0.6947,0.8541,0.3578,1.2550,0.2070,-1.9727,0.9573,0.8471,0.2597,0.2804,0.2726,34.2867,36.1329,-0.1234,nan,nan,nan,nan
19.7210,0.6838,0.8538,0.3588,1.2550,0.2070,-1.9727,0.9464,0.8468,0.2607,0.2804,0.2900,34.2866,36.1381,-0.1263,nan,nan,nan,nan
19.7441,0.6765,0.8536,0.3595,1.2119,0.2157,-1.9563,0.9391,0.8467,0.2614,0.2804,0.3038,34.2870,36.1407,-0.1255,nan,nan,nan,nan
19.7704,0.6657,0.8532,0.3606,1.1657,0.2250,-1.9401,0.9282,0.8464,0.2624,0.2804,0.3263,34.2872,36.1456,-0.1202,nan,nan,nan,nan
19.7954,0.6548,0.8528,0.3616,1.1657,0.2250,-1.9401,0.9174,0.8461,0.2635,0.2804,0.3463,34.2866,36.1482,-0.1165,nan,nan,nan,nan
19.8244,0.6476,0.8525,0.3624,1.1172,0.2348,-1.9229,0.9101,0.8459,0.2642,0.2804,0.3566,34.2854,36.1495,-0.1147,nan,nan,nan,nan
19.8519,0.6368,0.8521,0.3635,1.0666,0.2453,-1.9044,0.8993,0.8455,0.2652,0.2804,0.3682,34.2829,36.1499,-0.1147,nan,nan,nan,nan
19.8831,0.6224,0.8515,0.3650,1.0150,0.2573,-1.8837,0.8849,0.8449,0.2667,0.2804,0.3740,34.2797,36.1542,-0.1146,nan,nan,nan,nan
19.9122,0.6081,0.8508,0.3665,0.9628,0.2717,-1.8623,0.8705,0.8442,0.2681,0.2804,0.3732,34.2769,36.1592,-0.1160,nan,nan,nan,nan
19.9322,0.5973,0.8502,0.3677,0.9628,0.2717,-1.8623,0.8597,0.8437,0.2693,0.2803,0.3774,34.2738,36.1648,-0.1156,nan,nan,nan,nan
19.9540,0.5902,0.8499,0.3685,0.9080,0.2883,-1.8418,0.8526,0.8434,0.2700,0.2803,0.3790,34.2732,36.1657,-0.1153,nan,nan,nan,nan
19.9872,0.5795,0.8493,0.3698,0.8524,0.3081,-1.8207,0.8418,0.8428,0.2712,0.2803,0.3805,34.2719,36.1706,-0.1147,nan,nan,nan,nan
20.0105,0.5688,0.8487,0.3710,0.8524,0.3081,-1.8207,0.8311,0.8422,0.2724,0.2803,0.3768,34.2717,36.1720,-0.1135,nan,nan,nan,nan
20.0365,0.5582,0.8481,0.3723,0.7978,0.3312,-1.7981,0.8204,0.8416,0.2735,0.2803,0.3661,34.2707,36.1696,-0.1118,nan,nan,nan,nan
20.0567,0.5475,0.8475,0.3737,0.7432,0.3570,-1.7747,0.8097,0.8409,0.2747,0.2803,0.3528,34.2676,36.1670,-0.1115,nan,nan,nan,nan
20.0783,0.5369,0.8468,0.3750,0.6883,0.3858,-1.7520,0.7991,0.8402,0.2760,0.2803,0.3367,34.2638,36.1644,-0.1108,nan,nan,nan,nan
20.1045,0.5228,0.8459,0.3769,0.6337,0.4194,-1.7304,0.7849,0.8393,0.2776,0.2803,0.3258,34.2621,36.1628,-0.1092,nan,nan,nan,nan
20.1325,0.5122,0.8453,0.3783,0.6337,0.4194,-1.7304,0.7743,0.8386,0.2789,0.2803,0.3204,34.2615,36.1635,-0.1075,nan,nan,nan,nan
20.1555,0.5017,0.8446,0.3797,0.5799,0.4574,-1.7100,0.7637,0.8379,0.2802,0.2803,0.3151,34.2606,36.1665,-0.1068,nan,nan,nan,nan
20.1789,0.4947,0.8441,0.3807,0.5269,0.4992,-1.6897,0.7566,0.8374,0.2811,0.2803,0.3086,34.2601,36.1717,-0.1071,nan,nan,nan,nan
20.2063,0.4842,0.8434,0.3822,0.5269,0.4992,-1.6897,0.7461,0.8366,0.2825,0.2803,0.2997,34.2598,36.1783,-0.1095,nan,nan,nan,nan
20.2353,0.4772,0.8429,0.3833,0.4769,0.5454,-1.6683,0.7390,0.8361,0.2834,0.2803,0.2791,34.2594,36.1858,-0.1120,nan,nan,nan,nan
20.2606,0.4668,0.8422,0.3848,0.4309,0.5960,-1.6457,0.7285,0.8352,0.2848,0.2803,0.2508,34.2584,36.1895,-0.1152,nan,nan,nan,nan
20.2809,0.4564,0.8414,0.3864,0.4309,0.5960,-1.6457,0.7180,0.8344,0.2862,0.2802,0.2303,34.2574,36.1926,-0.1180,nan,nan,nan,nan
20.3047,0.4495,0.8409,0.3875,0.3876,0.6501,-1.6231,0.7110,0.8338,0.2872,0.2802,0.2093,34.2563,36.1961,-0.1213,nan,nan,nan,nan
20.3386,0.4391,0.8402,0.3892,0.3472,0.7082,-1.6009,0.7006,0.8329,0.2886,0.2802,0.1648,34.2560,36.2001,-0.1271,nan,nan,nan,nan
20.3648,0.4288,0.8394,0.3909,0.3472,0.7082,-1.6009,0.6901,0.8320,0.2901,0.2802,0.1291,34.2566,36.2041,-0.1263,nan,nan,nan,nan
20.3856,0.4254,0.8392,0.3915,0.3111,0.7717,-1.5792,0.6867,0.8317,0.2906,0.2802,0.1167,34.2566,36.2062,-0.1266,nan,nan,nan,nan
20.4173,0.4116,0.8381,0.3938,0.2785,0.8390,-1.5587,0.6728,0.8305,0.2927,0.2802,0.0695,34.2578,36.2116,-0.1291,nan,nan,nan,nan
20.4438,0.4014,0.8373,0.3956,0.2785,0.8390,-1.5587,0.6625,0.8297,0.2943,0.2801,0.0437,34.2573,36.2184,-0.1313,nan,nan,nan,nan
20.4676,0.3946,0.8368,0.3969,0.2479,0.9092,-1.5414,0.6556,0.8291,0.2953,0.2801,0.0328,34.2560,36.2235,-0.1327,nan,nan,nan,nan
20.4997,0.3844,0.8360,0.3987,0.2199,0.9829,-1.5281,0.6453,0.8283,0.2970,0.2801,0.0259,34.2535,36.2307,-0.1362,nan,nan,nan,nan
20.5212,0.3743,0.8352,0.4007,0.2199,0.9829,-1.5281,0.6350,0.8275,0.2986,0.2801,0.0253,34.2526,36.2339,-0.1386,nan,nan,nan,nan
20.5420,0.3642,0.8344,0.4026,0.1955,1.0607,-1.5178,0.6248,0.8267,0.3003,0.2801,0.0278,34.2506,36.2385,-0.1400,nan,nan,nan,nan
20.5707,0.3541,0.8336,0.4046,0.1748,1.1405,-1.5092,0.6146,0.8259,0.3020,0.2801,0.0327,34.2468,36.2426,-0.1426,nan,nan,nan,nan
20.5995,0.3441,0.8328,0.4067,0.1586,1.2233,-1.5014,0.6045,0.8252,0.3038,0.2801,0.0377,34.2434,36.2461,-0.1437,nan,nan,nan,nan
20.6371,0.3309,0.8317,0.4095,0.1472,1.3098,-1.4949,0.5910,0.8241,0.3062,0.2801,0.0437,34.2412,36.2452,-0.1466,nan,nan,nan,nan
20.6600,0.3209,0.8309,0.4117,0.1472,1.3098,-1.4949,0.5810,0.8233,0.3080,0.2801,0.0560,34.2379,36.2418,-0.1480,nan,nan,nan,nan
20.6886,0.3144,0.8303,0.4131,0.1393,1.3976,-1.4908,0.5743,0.8228,0.3092,0.2801,0.0666,34.2349,36.2396,-0.1478,nan,nan,nan,nan
20.7096,0.3046,0.8295,0.4154,0.1356,1.4862,-1.4883,0.5644,0.8221,0.3111,0.2801,0.0841,34.2278,36.2373,-0.1450,nan,nan,nan,nan
20.7397,0.2915,0.8284,0.4184,0.1361,1.5775,-1.4868,0.5512,0.8211,0.3137,0.2801,0.1092,34.2189,36.2390,-0.1390,nan,nan,nan,nan
20.7633,0.2818,0.8275,0.4208,0.1361,1.5775,-1.4868,0.5413,0.8204,0.3157,0.2800,0.1296,34.2152,36.2418,-0.1362,nan,nan,nan,nan
20.7839,0.2722,0.8267,0.4232,0.1407,1.6711,-1.4864,0.5315,0.8196,0.3178,0.2800,0.1539,34.2129,36.2435,-0.1358,nan,nan,nan,nan
20.8082,0.2658,0.8261,0.4248,0.1493,1.7649,-1.4878,0.5250,0.8192,0.3192,0.2800,0.1723,34.2111,36.2460,-0.1364,nan,nan,nan,nan
20.8405,0.2531,0.8250,0.4281,0.1622,1.8600,-1.4894,0.5121,0.8182,0.3220,0.2800,0.2052,34.2097,36.2512,-0.1403,nan,nan,nan,nan
20.8732,0.2405,0.8239,0.4314,0.1798,1.9554,-1.4893,0.4993,0.8172,0.3250,0.2800,0.2247,34.2048,36.2580,-0.1509,nan,nan,nan,nan
20.9069,0.2280,0.8227,0.4349,0.2033,2.0494,-1.4872,0.4866,0.8161,0.3280,0.2799,0.2269,34.1985,36.2623,-0.1586,nan,nan,nan,nan
20.9402,0.2156,0.8216,0.4385,0.2315,2.1422,-1.4843,0.4740,0.8150,0.3311,0.2799,0.2226,34.1927,36.2654,-0.1578,nan,nan,nan,nan
20.9666,0.2064,0.8207,0.4412,0.2315,2.1422,-1.4843,0.4647,0.8142,0.3334,0.2799,0.2224,34.1891,36.2668,-0.1583,nan,nan,nan,nan
20.9892,0.2003,0.8201,0.4430,0.2617,2.2352,-1.4826,0.4585,0.8137,0.3350,0.2799,0.2232,34.1836,36.2694,-0.1552,nan,nan,nan,nan
21.0212,0.1912,0.8192,0.4458,0.2951,2.3269,-1.4807,0.4492,0.8128,0.3375,0.2799,0.2219,34.1769,36.2701,-0.1510,nan,nan,nan,nan
21.0426,0.1822,0.8184,0.4486,0.2951,2.3269,-1.4807,0.4401,0.8120,0.3400,0.2799,0.2209,34.1725,36.2705,-0.1473,nan,nan,nan,nan
21.0714,0.1763,0.8178,0.4506,0.3324,2.4157,-1.4787,0.4340,0.8114,0.3417,0.2799,0.2192,34.1657,36.2710,-0.1420,nan,nan,nan,nan
21.1014,0.1674,0.8169,0.4535,0.3718,2.5034,-1.4774,0.4250,0.8106,0.3443,0.2799,0.2201,34.1591,36.2721,-0.1372,nan,nan,nan,nan
21.1251,0.1586,0.8160,0.4564,0.3718,2.5034,-1.4774,0.4160,0.8098,0.3469,0.2798,0.2224,34.1550,36.2735,-0.1365,nan,nan,nan,nan
21.1470,0.1528,0.8153,0.4585,0.4122,2.5900,-1.4764,0.4101,0.8092,0.3487,0.2798,0.2267,34.1476,36.2746,-0.1326,nan,nan,nan,nan
21.1802,0.1441,0.8144,0.4615,0.4552,2.6727,-1.4763,0.4013,0.8084,0.3514,0.2798,0.2357,34.1399,36.2743,-0.1263,nan,nan,nan,nan
21.2145,0.1326,0.8131,0.4656,0.4990,2.7526,-1.4774,0.3896,0.8073,0.3551,0.2798,0.2569,34.1300,36.2723,-0.1160,nan,nan,nan,nan
21.2471,0.1213,0.8118,0.4698,0.5431,2.8316,-1.4784,0.3782,0.8062,0.3589,0.2798,0.2805,34.1248,36.2662,-0.1117,nan,nan,nan,nan
21.2815,0.1102,0.8105,0.4741,0.5884,2.9075,-1.4799,0.3669,0.8051,0.3628,0.2798,0.3078,34.1208,36.2625,-0.1066,nan,nan,nan,nan
21.3042,0.1019,0.8095,0.4774,0.5884,2.9075,-1.4799,0.3585,0.8042,0.3658,0.2798,0.3201,34.1195,36.2615,-0.1033,nan,nan,nan,nan
21.3325,0.0965,0.8088,0.4796,0.6369,2.9796,-1.4793,0.3529,0.8036,0.3678,0.2798,0.3222,34.1183,36.2617,-0.1023,nan,nan,nan,nan
21.3643,0.0884,0.8078,0.4829,0.6868,3.0489,-1.4757,0.3447,0.8026,0.3709,0.2798,0.3194,34.1151,36.2621,-0.1027,nan,nan,nan,nan
21.3908,0.0804,0.8067,0.4863,0.6868,3.0489,-1.4757,0.3365,0.8016,0.3740,0.2797,0.3154,34.1098,36.2631,-0.1004,nan,nan,nan,nan
21.4137,0.0751,0.8060,0.4885,0.7371,3.1143,-1.4713,0.3312,0.8010,0.3761,0.2797,0.3143,34.1082,36.2632,-0.0984,nan,nan,nan,nan
21.4425,0.0672,0.8049,0.4920,0.7892,3.1750,-1.4668,0.3232,0.7999,0.3794,0.2797,0.3070,34.1027,36.2641,-0.0880,nan,nan,nan,nan
21.4776,0.0569,0.8035,0.4967,0.8413,3.2320,-1.4620,0.3127,0.7985,0.3837,0.2797,0.3008,34.0971,36.2674,-0.0770,nan,nan,nan,nan
21.5026,0.0467,0.8019,0.5014,0.8916,3.2864,-1.4571,0.3023,0.7971,0.3882,0.2796,0.2985,34.0920,36.2732,-0.0694,nan,nan,nan,nan
21.5256,0.0367,0.8004,0.5062,0.9422,3.3370,-1.4517,0.2922,0.7957,0.3928,0.2796,0.2940,34.0904,36.2768,-0.0673,nan,nan,nan,nan
21.5546,0.0268,0.7988,0.5111,0.9927,3.3832,-1.4459,0.2822,0.7942,0.3974,0.2796,0.2888,34.0891,36.2798,-0.0669,nan,nan,nan,nan
21.5838,0.0172,0.7971,0.5160,1.0412,3.4257,-1.4397,0.2724,0.7926,0.4022,0.2795,0.2841,34.0851,36.2883,-0.0647,nan,nan,nan,nan
21.6130,0.0077,0.7954,0.5210,1.0892,3.4621,-1.4316,0.2628,0.7910,0.4070,0.2795,0.2716,34.0785,36.3001,-0.0616,nan,nan,nan,nan
21.6446,-0.0016,0.7936,0.5261,1.1376,3.4907,-1.4219,0.2534,0.7893,0.4120,0.2794,0.2488,34.0726,36.3078,-0.0647,nan,nan,nan,nan
21.6678,-0.0085,0.7923,0.5300,1.1376,3.4907,-1.4219,0.2464,0.7879,0.4157,0.2794,0.2297,34.0693,36.3120,-0.0716,nan,nan,nan,nan
21.6940,-0.0130,0.7914,0.5325,1.1848,3.5099,-1.4118,0.2419,0.7870,0.4183,0.2794,0.2232,34.0685,36.3127,-0.0749,nan,nan,nan,nan
21.7146,-0.0197,0.7900,0.5364,1.2301,3.5168,-1.4023,0.2351,0.7856,0.4221,0.2794,0.2021,34.0642,36.3154,-0.0877,nan,nan,nan,nan
21.7400,-0.0285,0.7880,0.5417,1.2739,3.5090,-1.3939,0.2263,0.7838,0.4274,0.2793,0.1885,34.0603,36.3157,-0.0902,nan,nan,nan,nan
21.7613,-0.0350,0.7865,0.5457,1.2739,3.5090,-1.3939,0.2198,0.7824,0.4314,0.2793,0.1862,34.0585,36.3154,-0.0896,nan,nan,nan,nan
21.7868,-0.0392,0.7855,0.5483,1.3155,3.4855,-1.3874,0.2156,0.7814,0.4341,0.2793,0.1886,34.0550,36.3146,-0.0907,nan,nan,nan,nan
21.8080,-0.0456,0.7840,0.5523,1.3532,3.4456,-1.3835,0.2093,0.7800,0.4382,0.2793,0.2020,34.0511,36.3177,-0.0904,nan,nan,nan,nan
21.8311,-0.0518,0.7824,0.5564,1.3532,3.4456,-1.3835,0.2031,0.7786,0.4424,0.2792,0.2259,34.0468,36.3217,-0.0900,nan,nan,nan,nan
21.8543,-0.0558,0.7813,0.5591,1.3877,3.3910,-1.3822,0.1991,0.7776,0.4453,0.2792,0.2351,34.0449,36.3237,-0.0906,nan,nan,nan,nan
21.8881,-0.0619,0.7796,0.5632,1.4197,3.3237,-1.3822,0.1931,0.7761,0.4496,0.2792,0.2775,34.0368,36.3315,-0.0915,nan,nan,nan,nan
21.9148,-0.0678,0.7779,0.5673,1.4197,3.3237,-1.3822,0.1872,0.7746,0.4539,0.2791,0.3134,34.0301,36.3374,-0.0848,nan,nan,nan,nan
21.9425,-0.0718,0.7768,0.5700,1.4482,3.2449,-1.3827,0.1834,0.7736,0.4568,0.2791,0.3244,34.0279,36.3387,-0.0810,nan,nan,nan,nan
21.9759,-0.0776,0.7750,0.5742,1.4743,3.1575,-1.3814,0.1777,0.7720,0.4613,0.2791,0.3612,34.0202,36.3371,-0.0659,nan,nan,nan,nan
22.0076,-0.0852,0.7726,0.5798,1.4989,3.0655,-1.3775,0.1702,0.7698,0.4672,0.2791,0.3832,34.0135,36.3348,-0.0523,nan,nan,nan,nan
22.0388,-0.0926,0.7702,0.5854,1.5209,2.9701,-1.3711,0.1629,0.7675,0.4732,0.2791,0.3906,34.0076,36.3375,-0.0424,nan,nan,nan,nan
22.0608,-0.0981,0.7683,0.5896,1.5209,2.9701,-1.3711,0.1575,0.7656,0.4778,0.2790,0.3845,34.0068,36.3420,-0.0385,nan,nan,nan,nan
22.0823,-0.1017,0.7670,0.5925,1.5400,2.8734,-1.3619,0.1557,0.7650,0.4793,0.2812,0.3809,34.0073,36.3432,-0.0365,nan,nan,nan,nan
22.1135,-0.1071,0.7651,0.5968,1.5560,2.7787,-1.3499,0.1487,0.7624,0.4855,0.2790,0.3576,34.0099,36.3492,-0.0219,nan,nan,nan,nan
22.1363,-0.1124,0.7631,0.6011,1.5560,2.7787,-1.3499,0.1435,0.7604,0.4901,0.2789,0.3322,34.0113,36.3559,-0.0092,nan,nan,nan,nan
22.1580,-0.1159,0.7617,0.6040,1.5687,2.6869,-1.3358,0.1401,0.7590,0.4932,0.2789,0.3228,34.0121,36.3580,-0.0058,nan,nan,nan,nan
22.1901,-0.1210,0.7597,0.6083,1.5772,2.5979,-1.3204,0.1350,0.7568,0.4978,0.2789,0.2814,34.0133,36.3656,0.0025,nan,nan,nan,nan
22.2185,-0.1278,0.7569,0.6141,1.5799,2.5143,-1.3054,0.1284,0.7540,0.5041,0.2789,0.2469,34.0144,36.3707,0.0067,nan,nan,nan,nan
22.2468,-0.1345,0.7540,0.6200,1.5763,2.4378,-1.2913,0.1218,0.7511,0.5103,0.2788,0.2244,34.0153,36.3756,0.0065,nan,nan,nan,nan
22.2693,-0.1394,0.7518,0.6245,1.5763,2.4378,-1.2913,0.1170,0.7489,0.5150,0.2788,0.2213,34.0160,36.3771,0.0057,nan,nan,nan,nan
22.2960,-0.1443,0.7495,0.6289,1.5656,2.3682,-1.2801,0.1122,0.7467,0.5196,0.2788,0.2324,34.0169,36.3797,0.0018,nan,nan,nan,nan
22.3213,-0.1475,0.7480,0.6319,1.5487,2.3066,-1.2710,0.1090,0.7452,0.5228,0.2788,0.2421,34.0180,36.3815,0.0014,nan,nan,nan,nan
22.3421,-0.1522,0.7457,0.6364,1.5487,2.3066,-1.2710,0.1043,0.7430,0.5274,0.2787,0.2512,34.0200,36.3839,0.0034,nan,nan,nan,nan
22.3677,-0.1553,0.7441,0.6394,1.5263,2.2550,-1.2610,0.1012,0.7415,0.5306,0.2787,0.2637,34.0240,36.3908,0.0060,nan,nan,nan,nan
22.4000,-0.1600,0.7417,0.6439,1.4998,2.2127,-1.2495,0.0966,0.7391,0.5353,0.2787,0.2714,34.0285,36.3989,0.0061,nan,nan,nan,nan
22.4344,-0.1661,0.7385,0.6500,1.4695,2.1785,-1.2371,0.0905,0.7359,0.5415,0.2786,0.2797,34.0320,36.4067,0.0032,nan,nan,nan,nan
22.4669,-0.1721,0.7352,0.6561,1.4343,2.1533,-1.2249,0.0845,0.7327,0.5477,0.2786,0.2920,34.0341,36.4093,0.0086,nan,nan,nan,nan
22.4950,-0.1780,0.7318,0.6622,1.3951,2.1380,-1.2111,0.0786,0.7294,0.5539,0.2786,0.2973,34.0386,36.4070,0.0181,nan,nan,nan,nan
22.5258,-0.1838,0.7284,0.6683,1.3531,2.1316,-1.1958,0.0728,0.7259,0.5601,0.2785,0.2941,34.0445,36.4026,0.0352,nan,nan,nan,nan
22.5478,-0.1881,0.7258,0.6730,1.3531,2.1316,-1.1958,0.0685,0.7233,0.5647,0.2785,0.2931,34.0492,36.3983,0.0468,nan,nan,nan,nan
22.5679,-0.1923,0.7231,0.6776,1.3073,2.1343,-1.1807,0.0643,0.7207,0.5694,0.2785,0.2991,34.0547,36.3980,0.0511,nan,nan,nan,nan
22.5914,-0.1965,0.7205,0.6823,1.2566,2.1462,-1.1672,0.0601,0.7181,0.5740,0.2785,0.3090,34.0601,36.3982,0.0483,nan,nan,nan,nan
22.6241,-0.2006,0.7178,0.6869,1.2028,2.1661,-1.1537,0.0559,0.7154,0.5786,0.2785,0.3184,34.0655,36.4002,0.0450,nan,nan,nan,nan
22.6455,-0.2047,0.7150,0.6916,1.2028,2.1661,-1.1537,0.0518,0.7127,0.5832,0.2784,0.3228,34.0690,36.4021,0.0433,nan,nan,nan,nan
22.6668,-0.2073,0.7132,0.6947,1.1475,2.1941,-1.1392,0.0491,0.7108,0.5863,0.2784,0.3238,34.0751,36.4039,0.0447,nan,nan,nan,nan
22.6934,-0.2113,0.7104,0.6994,1.0906,2.2286,-1.1235,0.0451,0.7080,0.5909,0.2784,0.3212,34.0805,36.4051,0.0410,nan,nan,nan,nan
22.7145,-0.2152,0.7076,0.7041,1.0906,2.2286,-1.1235,0.0411,0.7052,0.5954,0.2784,0.3196,34.0840,36.4050,0.0380,nan,nan,nan,nan
22.7353,-0.2190,0.7048,0.7088,1.0315,2.2688,-1.1079,0.0372,0.7024,0.6000,0.2783,0.3161,34.0865,36.4097,0.0324,nan,nan,nan,nan
22.7575,-0.2215,0.7029,0.7119,0.9717,2.3146,-1.0926,0.0346,0.7004,0.6031,0.2783,0.3142,34.0867,36.4128,0.0287,nan,nan,nan,nan
22.7793,-0.2253,0.7000,0.7166,0.9717,2.3146,-1.0926,0.0307,0.6976,0.6076,0.2783,0.3121,34.0857,36.4173,0.0287,nan,nan,nan,nan
22.8008,-0.2277,0.6981,0.7198,0.9113,2.3648,-1.0781,0.0282,0.6956,0.6106,0.2783,0.3114,34.0864,36.4194,0.0290,nan,nan,nan,nan
22.8218,-0.2314,0.6952,0.7245,0.8496,2.4186,-1.0638,0.0245,0.6927,0.6152,0.2782,0.3085,34.0883,36.4219,0.0278,nan,nan,nan,nan
22.8472,-0.2361,0.6913,0.7308,0.7889,2.4758,-1.0495,0.0196,0.6887,0.6213,0.2782,0.3006,34.0922,36.4266,0.0182,nan,nan,nan,nan
22.8788,-0.2407,0.6874,0.7371,0.7297,2.5358,-1.0347,0.0148,0.6847,0.6273,0.2782,0.2859,34.0957,36.4283,0.0131,nan,nan,nan,nan
22.9009,-0.2441,0.6845,0.7418,0.7297,2.5358,-1.0347,0.0113,0.6817,0.6318,0.2781,0.2758,34.0972,36.4272,0.0103,nan,nan,nan,nan
22.9222,-0.2463,0.6825,0.7449,0.6714,2.5960,-1.0202,0.0091,0.6796,0.6348,0.2781,0.2660,34.0977,36.4254,0.0085,nan,nan,nan,nan
22.9513,-0.2496,0.6795,0.7497,0.6128,2.6565,-1.0078,0.0057,0.6766,0.6393,0.2781,0.2561,34.0981,36.4261,0.0087,nan,nan,nan,nan
22.9737,-0.2528,0.6765,0.7544,0.6128,2.6565,-1.0078,0.0023,0.6736,0.6439,0.2781,0.2578,34.0990,36.4295,0.0089,nan,nan,nan,nan
22.9958,-0.2549,0.6745,0.7575,0.5544,2.7188,-0.9985,0.0002,0.6716,0.6469,0.2780,0.2699,34.1008,36.4354,0.0066,nan,nan,nan,nan
23.0262,-0.2580,0.6715,0.7622,0.4962,2.7801,-0.9931,-0.0030,0.6686,0.6514,0.2780,0.2904,34.1023,36.4395,0.0051,nan,nan,nan,nan
23.0603,-0.2620,0.6674,0.7685,0.4378,2.8391,-0.9896,-0.0072,0.6646,0.6574,0.2780,0.3270,34.1041,36.4430,0.0056,nan,nan,nan,nan
23.0971,-0.2658,0.6633,0.7747,0.3824,2.8962,-0.9865,-0.0112,0.6606,0.6634,0.2779,0.3616,34.1039,36.4503,0.0039,nan,nan,nan,nan
23.1244,-0.2687,0.6603,0.7794,0.3824,2.8962,-0.9865,-0.0141,0.6576,0.6680,0.2779,0.3796,34.1055,36.4552,0.0047,nan,nan,nan,nan
23.1523,-0.2705,0.6582,0.7825,0.3309,2.9509,-0.9822,-0.0160,0.6556,0.6710,0.2779,0.3836,34.1061,36.4579,0.0059,nan,nan,nan,nan
23.1809,-0.2732,0.6552,0.7871,0.2838,3.0013,-0.9751,-0.0188,0.6525,0.6755,0.2778,0.3788,34.1078,36.4621,0.0073,nan,nan,nan,nan
23.2114,-0.2766,0.6511,0.7933,0.2404,3.0480,-0.9671,-0.0224,0.6483,0.6815,0.2778,0.3640,34.1109,36.4678,0.0083,nan,nan,nan,nan
23.2408,-0.2799,0.6470,0.7995,0.2006,3.0912,-0.9593,-0.0258,0.6441,0.6875,0.2777,0.3455,34.1135,36.4759,0.0111,nan,nan,nan,nan
23.2634,-0.2823,0.6440,0.8041,0.2006,3.0912,-0.9593,-0.0283,0.6409,0.6920,0.2777,0.3244,34.1147,36.4829,0.0194,nan,nan,nan,nan
23.2878,-0.2839,0.6419,0.8072,0.1646,3.1291,-0.9507,-0.0299,0.6388,0.6950,0.2776,0.3050,34.1151,36.4874,0.0294,nan,nan,nan,nan
23.3118,-0.2861,0.6389,0.8118,0.1334,3.1615,-0.9400,-0.0322,0.6355,0.6995,0.2776,0.2648,34.1171,36.4908,0.0420,nan,nan,nan,nan
23.3346,-0.2883,0.6358,0.8163,0.1334,3.1615,-0.9400,-0.0345,0.6322,0.7040,0.2776,0.2311,34.1190,36.4928,0.0451,nan,nan,nan,nan
23.3580,-0.2897,0.6338,0.8194,0.1076,3.1888,-0.9274,-0.0359,0.6301,0.7070,0.2775,0.1952,34.1210,36.4954,0.0461,nan,nan,nan,nan
23.3844,-0.2917,0.6307,0.8239,0.0858,3.2107,-0.9151,-0.0380,0.6268,0.7115,0.2775,0.1208,34.1255,36.5018,0.0510,nan,nan,nan,nan
23.4213,-0.2943,0.6266,0.8299,0.0675,3.2263,-0.9031,-0.0407,0.6224,0.7175,0.2774,0.0421,34.1303,36.5110,0.0536,nan,nan,nan,nan
23.4485,-0.2961,0.6236,0.8344,0.0675,3.2263,-0.9031,-0.0426,0.6190,0.7220,0.2774,-0.0207,34.1356,36.5161,0.0519,nan,nan,nan,nan
23.4761,-0.2973,0.6215,0.8374,0.0535,3.2360,-0.8912,-0.0438,0.6168,0.7250,0.2773,-0.0627,34.1392,36.5195,0.0492,nan,nan,nan,nan
23.5106,-0.2990,0.6185,0.8419,0.0422,3.2392,-0.8815,-0.0455,0.6136,0.7295,0.2773,-0.1181,34.1426,36.5262,0.0436,nan,nan,nan,nan
23.5340,-0.3006,0.6154,0.8463,0.0422,3.2392,-0.8815,-0.0472,0.6103,0.7340,0.2773,-0.1497,34.1438,36.5301,0.0409,nan,nan,nan,nan
23.5578,-0.3022,0.6124,0.8507,0.0329,3.2359,-0.8753,-0.0487,0.6071,0.7385,0.2772,-0.1897,34.1455,36.5349,0.0392,nan,nan,nan,nan
23.5829,-0.3032,0.6103,0.8536,0.0251,3.2268,-0.8729,-0.0497,0.6050,0.7415,0.2772,-0.2168,34.1498,36.5380,0.0393,nan,nan,nan,nan
23.6037,-0.3046,0.6073,0.8580,0.0251,3.2268,-0.8729,-0.0512,0.6018,0.7459,0.2771,-0.2334,34.1550,36.5409,0.0380,nan,nan,nan,nan
23.6259,-0.3055,0.6052,0.8609,0.0190,3.2119,-0.8742,-0.0520,0.5997,0.7489,0.2771,-0.2365,34.1561,36.5419,0.0378,nan,nan,nan,nan
23.6614,-0.3067,0.6022,0.8653,0.0149,3.1907,-0.8782,-0.0533,0.5966,0.7533,0.2771,-0.2415,34.1586,36.5484,0.0339,nan,nan,nan,nan
23.6906,-0.3083,0.5981,0.8710,0.0136,3.1635,-0.8841,-0.0549,0.5925,0.7592,0.2770,-0.2396,34.1590,36.5525,0.0313,nan,nan,nan,nan
23.7155,-0.3094,0.5950,0.8753,0.0136,3.1635,-0.8841,-0.0559,0.5895,0.7636,0.2770,-0.2392,34.1601,36.5545,0.0330,nan,nan,nan,nan
23.7384,-0.3100,0.5930,0.8781,0.0158,3.1306,-0.8902,-0.0566,0.5874,0.7666,0.2770,-0.2396,34.1606,36.5544,0.0335,nan,nan,nan,nan
23.7685,-0.3110,0.5899,0.8824,0.0217,3.0920,-0.8959,-0.0575,0.5843,0.7710,0.2769,-0.2464,34.1623,36.5548,0.0304,nan,nan,nan,nan
23.7941,-0.3119,0.5869,0.8866,0.0217,3.0920,-0.8959,-0.0584,0.5812,0.7753,0.2769,-0.2517,34.1635,36.5558,0.0310,nan,nan,nan,nan
23.8145,-0.3124,0.5848,0.8894,0.0308,3.0490,-0.9016,-0.0589,0.5792,0.7782,0.2769,-0.2572,34.1659,36.5559,0.0324,nan,nan,nan,nan
23.8382,-0.3132,0.5818,0.8935,0.0418,3.0016,-0.9085,-0.0596,0.5761,0.7826,0.2769,-0.2619,34.1705,36.5565,0.0290,nan,nan,nan,nan
23.8682,-0.3140,0.5777,0.8991,0.0535,2.9492,-0.9176,-0.0604,0.5720,0.7884,0.2768,-0.2544,34.1724,36.5636,0.0182,nan,nan,nan,nan
23.8933,-0.3146,0.5747,0.9032,0.0535,2.9492,-0.9176,-0.0609,0.5690,0.7927,0.2768,-0.2478,34.1739,36.5685,0.0082,nan,nan,nan,nan
23.9170,-0.3151,0.5716,0.9072,0.0667,2.8935,-0.9277,-0.0614,0.5660,0.7970,0.2767,-0.2372,34.1764,36.5749,-0.0045,nan,nan,nan,nan
23.9414,-0.3155,0.5685,0.9113,0.0814,2.8341,-0.9383,-0.0617,0.5629,0.8013,0.2767,-0.2246,34.1777,36.5814,-0.0069,nan,nan,nan,nan
23.9748,-0.3159,0.5655,0.9153,0.0975,2.7703,-0.9486,-0.0620,0.5599,0.8055,0.2766,-0.2104,34.1776,36.5903,0.0013,nan,nan,nan,nan
23.9979,-0.3162,0.5624,0.9193,0.0975,2.7703,-0.9486,-0.0623,0.5569,0.8098,0.2766,-0.2033,34.1780,36.5932,0.0071,nan,nan,nan,nan
24.0201,-0.3164,0.5604,0.9219,0.1144,2.7038,-0.9587,-0.0624,0.5549,0.8126,0.2766,-0.1964,34.1788,36.5974,0.0114,nan,nan,nan,nan
24.0526,-0.3165,0.5573,0.9258,0.1323,2.6357,-0.9693,-0.0625,0.5519,0.8168,0.2765,-0.1803,34.1817,36.6042,0.0188,nan,nan,nan,nan
24.0794,-0.3167,0.5543,0.9297,0.1323,2.6357,-0.9693,-0.0625,0.5488,0.8209,0.2765,-0.1671,34.1835,36.6091,0.0206,nan,nan,nan,nan
24.1028,-0.3167,0.5522,0.9323,0.1501,2.5653,-0.9800,-0.0625,0.5468,0.8237,0.2765,-0.1557,34.1845,36.6128,0.0213,nan,nan,nan,nan
24.1380,-0.3167,0.5491,0.9362,0.1666,2.4932,-0.9909,-0.0625,0.5438,0.8278,0.2764,-0.1363,34.1863,36.6189,0.0230,nan,nan,nan,nan
24.1648,-0.3167,0.5461,0.9400,0.1666,2.4932,-0.9909,-0.0624,0.5409,0.8319,0.2764,-0.1117,34.1877,36.6230,0.0256,nan,nan,nan,nan
24.1924,-0.3166,0.5440,0.9425,0.1821,2.4204,-1.0028,-0.0623,0.5389,0.8346,0.2764,-0.0913,34.1883,36.6244,0.0284,nan,nan,nan,nan
24.2235,-0.3165,0.5409,0.9463,0.1958,2.3469,-1.0161,-0.0620,0.5359,0.8387,0.2763,-0.0545,34.1891,36.6250,0.0301,nan,nan,nan,nan
24.2466,-0.3163,0.5378,0.9500,0.1958,2.3469,-1.0161,-0.0617,0.5330,0.8427,0.2763,-0.0277,34.1897,36.6253,0.0288,nan,nan,nan,nan
24.2748,-0.3161,0.5348,0.9537,0.2075,2.2725,-1.0298,-0.0614,0.5301,0.8466,0.2763,0.0311,34.1913,36.6264,0.0257,nan,nan,nan,nan
24.2966,-0.3159,0.5327,0.9562,0.2174,2.1987,-1.0438,-0.0612,0.5281,0.8493,0.2763,0.0624,34.1919,36.6292,0.0214,nan,nan,nan,nan
24.3268,-0.3154,0.5285,0.9611,0.2254,2.1262,-1.0572,-0.0606,0.5242,0.8545,0.2762,0.1273,34.1946,36.6356,0.0125,nan,nan,nan,nan
24.3517,-0.3150,0.5254,0.9647,0.2254,2.1262,-1.0572,-0.0601,0.5213,0.8584,0.2762,0.1710,34.1988,36.6401,0.0049,nan,nan,nan,nan
24.3763,-0.3145,0.5223,0.9682,0.2322,2.0546,-1.0684,-0.0596,0.5183,0.8622,0.2761,0.1955,34.2030,36.6427,-0.0002,nan,nan,nan,nan
24.3993,-0.3142,0.5203,0.9706,0.2382,1.9841,-1.0769,-0.0592,0.5163,0.8648,0.2761,0.2264,34.2100,36.6464,-0.0025,nan,nan,nan,nan
24.4244,-0.3137,0.5172,0.9741,0.2382,1.9841,-1.0769,-0.0586,0.5133,0.8686,0.2761,0.2416,34.2149,36.6483,-0.0025,nan,nan,nan,nan
24.4469,-0.3131,0.5140,0.9776,0.2432,1.9156,-1.0820,-0.0579,0.5102,0.8724,0.2760,0.2625,34.2241,36.6536,-0.0057,nan,nan,nan,nan
24.4708,-0.3127,0.5120,0.9799,0.2466,1.8486,-1.0846,-0.0575,0.5082,0.8748,0.2760,0.2696,34.2286,36.6552,-0.0079,nan,nan,nan,nan
24.4926,-0.3120,0.5088,0.9833,0.2466,1.8486,-1.0846,-0.0567,0.5051,0.8785,0.2760,0.2780,34.2365,36.6554,-0.0117,nan,nan,nan,nan
24.5148,-0.3116,0.5068,0.9856,0.2479,1.7830,-1.0856,-0.0562,0.5030,0.8810,0.2760,0.2826,34.2417,36.6553,-0.0147,nan,nan,nan,nan
24.5428,-0.3109,0.5036,0.9889,0.2464,1.7197,-1.0851,-0.0554,0.4999,0.8846,0.2759,0.2882,34.2482,36.6564,-0.0159,nan,nan,nan,nan
24.5633,-0.3101,0.5005,0.9923,0.2464,1.7197,-1.0851,-0.0546,0.4968,0.8882,0.2759,0.2886,34.2559,36.6578,-0.0152,nan,nan,nan,nan
24.5894,-0.3096,0.4984,0.9945,0.2427,1.6593,-1.0825,-0.0540,0.4947,0.8906,0.2759,0.2878,34.2583,36.6585,-0.0155,nan,nan,nan,nan
24.6240,-0.3088,0.4953,0.9978,0.2366,1.6001,-1.0781,-0.0532,0.4916,0.8941,0.2759,0.2818,34.2646,36.6627,-0.0202,nan,nan,nan,nan
24.6600,-0.3076,0.4911,1.0021,0.2280,1.5436,-1.0728,-0.0519,0.4873,0.8987,0.2758,0.2736,34.2719,36.6639,-0.0169,nan,nan,nan,nan
24.6933,-0.3064,0.4869,1.0063,0.2162,1.4901,-1.0663,-0.0506,0.4831,0.9032,0.2758,0.2642,34.2792,36.6618,-0.0107,nan,nan,nan,nan
24.7225,-0.3051,0.4827,1.0105,0.2017,1.4392,-1.0588,-0.0493,0.4789,0.9077,0.2758,0.2538,34.2872,36.6597,-0.0058,nan,nan,nan,nan
24.7484,-0.3041,0.4795,1.0136,0.2017,1.4392,-1.0588,-0.0482,0.4757,0.9110,0.2758,0.2483,34.2930,36.6589,-0.0058,nan,nan,nan,nan
24.7712,-0.3035,0.4774,1.0157,0.1844,1.3910,-1.0513,-0.0475,0.4736,0.9132,0.2757,0.2455,34.2969,36.6585,-0.0048,nan,nan,nan,nan
24.7992,-0.3021,0.4732,1.0197,0.1638,1.3461,-1.0434,-0.0460,0.4694,0.9175,0.2757,0.2416,34.3030,36.6617,0.0022,nan,nan,nan,nan
24.8266,-0.3010,0.4701,1.0227,0.1402,1.3043,-1.0348,-0.0449,0.4662,0.9207,0.2757,0.2394,34.3089,36.6658,0.0053,nan,nan,nan,nan
24.8585,-0.2995,0.4658,1.0267,0.1149,1.2649,-1.0259,-0.0434,0.4619,0.9249,0.2756,0.2355,34.3180,36.6707,0.0031,nan,nan,nan,nan
24.8837,-0.2983,0.4627,1.0296,0.1149,1.2649,-1.0259,-0.0422,0.4587,0.9280,0.2756,0.2289,34.3220,36.6790,0.0001,nan,nan,nan,nan
24.9044,-0.2975,0.4606,1.0315,0.0876,1.2278,-1.0155,-0.0414,0.4566,0.9300,0.2756,0.2258,34.3233,36.6818,-0.0023,nan,nan,nan,nan
24.9297,-0.2963,0.4574,1.0344,0.0585,1.1934,-1.0035,-0.0402,0.4534,0.9330,0.2755,0.2078,34.3263,36.6925,-0.0108,nan,nan,nan,nan
24.9549,-0.2951,0.4542,1.0372,0.0585,1.1934,-1.0035,-0.0389,0.4501,0.9360,0.2755,0.1888,34.3283,36.6988,-0.0136,nan,nan,nan,nan
24.9753,-0.2943,0.4521,1.0391,0.0288,1.1605,-0.9900,-0.0381,0.4480,0.9379,0.2755,0.1721,34.3297,36.7026,-0.0161,nan,nan,nan,nan
25.0045,-0.2930,0.4490,1.0418,-0.0014,1.1301,-0.9742,-0.0368,0.4447,0.9409,0.2755,0.1411,34.3346,36.7078,-0.0204,nan,nan,nan,nan
25.0305,-0.2917,0.4458,1.0446,-0.0014,1.1301,-0.9742,-0.0354,0.4414,0.9437,0.2754,0.1173,34.3386,36.7108,-0.0215,nan,nan,nan,nan
25.0579,-0.2908,0.4437,1.0463,-0.0326,1.1029,-0.9571,-0.0346,0.4392,0.9456,0.2754,0.0921,34.3431,36.7148,-0.0211,nan,nan,nan,nan
25.0926,-0.2895,0.4406,1.0490,-0.0647,1.0775,-0.9391,-0.0332,0.4359,0.9484,0.2754,0.0392,34.3514,36.7233,-0.0198,nan,nan,nan,nan
25.1148,-0.2881,0.4374,1.0516,-0.0647,1.0775,-0.9391,-0.0318,0.4326,0.9512,0.2753,0.0018,34.3562,36.7286,-0.0184,nan,nan,nan,nan
25.1407,-0.2872,0.4353,1.0534,-0.0975,1.0533,-0.9220,-0.0309,0.4304,0.9530,0.2753,-0.0194,34.3596,36.7309,-0.0202,nan,nan,nan,nan
25.1766,-0.2858,0.4322,1.0559,-0.1324,1.0310,-0.9066,-0.0295,0.4271,0.9557,0.2753,-0.0463,34.3644,36.7355,-0.0223,nan,nan,nan,nan
25.2029,-0.2844,0.4291,1.0585,-0.1324,1.0310,-0.9066,-0.0281,0.4239,0.9584,0.2753,-0.0747,34.3681,36.7409,-0.0216,nan,nan,nan,nan
25.2302,-0.2835,0.4270,1.0602,-0.1679,1.0103,-0.8914,-0.0271,0.4217,0.9601,0.2752,-0.0844,34.3694,36.7426,-0.0196,nan,nan,nan,nan
25.2531,-0.2820,0.4239,1.0626,-0.2030,0.9906,-0.8763,-0.0256,0.4185,0.9627,0.2752,-0.1229,34.3751,36.7513,-0.0088,nan,nan,nan,nan
25.2888,-0.2800,0.4197,1.0659,-0.2388,0.9721,-0.8631,-0.0236,0.4142,0.9661,0.2752,-0.1506,34.3842,36.7560,-0.0021,nan,nan,nan,nan
25.3153,-0.2785,0.4166,1.0683,-0.2388,0.9721,-0.8631,-0.0221,0.4110,0.9686,0.2751,-0.1565,34.3912,36.7554,0.0022,nan,nan,nan,nan
25.3430,-0.2775,0.4145,1.0698,-0.2769,0.9549,-0.8537,-0.0211,0.4090,0.9702,0.2751,-0.1539,34.3951,36.7540,0.0042,nan,nan,nan,nan
25.3688,-0.2760,0.4114,1.0722,-0.3152,0.9381,-0.8466,-0.0195,0.4059,0.9726,0.2751,-0.1471,34.3997,36.7536,0.0056,nan,nan,nan,nan
25.3913,-0.2744,0.4083,1.0745,-0.3152,0.9381,-0.8466,-0.0180,0.4028,0.9750,0.2751,-0.1445,34.4051,36.7548,0.0035,nan,nan,nan,nan
25.4182,-0.2734,0.4063,1.0760,-0.3518,0.9215,-0.8390,-0.0169,0.4007,0.9766,0.2751,-0.1449,34.4072,36.7556,0.0025,nan,nan,nan,nan
25.4535,-0.2718,0.4032,1.0782,-0.3870,0.9056,-0.8303,-0.0153,0.3976,0.9790,0.2751,-0.1516,34.4156,36.7604,0.0000,nan,nan,nan,nan
25.4877,-0.2696,0.3992,1.0811,-0.4201,0.8894,-0.8208,-0.0131,0.3934,0.9820,0.2750,-0.1682,34.4202,36.7616,-0.0041,nan,nan,nan,nan
25.5126,-0.2674,0.3951,1.0840,-0.4510,0.8722,-0.8113,-0.0109,0.3893,0.9850,0.2750,-0.1877,34.4211,36.7645,-0.0050,nan,nan,nan,nan
25.5483,-0.2652,0.3911,1.0868,-0.4809,0.8547,-0.8031,-0.0087,0.3852,0.9879,0.2750,-0.2033,34.4216,36.7661,-0.0039,nan,nan,nan,nan
25.5709,-0.2635,0.3881,1.0889,-0.4809,0.8547,-0.8031,-0.0070,0.3821,0.9900,0.2750,-0.2120,34.4225,36.7664,-0.0069,nan,nan,nan,nan
25.5930,-0.2624,0.3861,1.0902,-0.5101,0.8374,-0.7958,-0.0059,0.3801,0.9914,0.2750,-0.2150,34.4227,36.7664,-0.0082,nan,nan,nan,nan
25.6173,-0.2601,0.3821,1.0929,-0.5373,0.8192,-0.7890,-0.0035,0.3761,0.9942,0.2750,-0.2269,34.4243,36.7614,-0.0082,nan,nan,nan,nan
25.6395,-0.2584,0.3792,1.0948,-0.5628,0.8007,-0.7833,-0.0018,0.3731,0.9962,0.2750,-0.2355,34.4263,36.7591,-0.0031,nan,nan,nan,nan
25.6627,-0.2566,0.3763,1.0967,-0.5628,0.8007,-0.7833,-0.0000,0.3701,0.9982,0.2750,-0.2395,34.4294,36.7578,0.0031,nan,nan,nan,nan
25.6897,-0.2554,0.3743,1.0980,-0.5871,0.7823,-0.7783,0.0012,0.3681,0.9995,0.2749,-0.2409,34.4304,36.7589,0.0046,nan,nan,nan,nan
25.7243,-0.2536,0.3714,1.0999,-0.6092,0.7640,-0.7732,0.0030,0.3652,1.0015,0.2749,-0.2502,34.4366,36.7640,0.0091,nan,nan,nan,nan
25.7458,-0.2518,0.3685,1.1017,-0.6092,0.7640,-0.7732,0.0048,0.3622,1.0034,0.2749,-0.2544,34.4401,36.7667,0.0094,nan,nan,nan,nan
25.7711,-0.2506,0.3666,1.1029,-0.6289,0.7451,-0.7689,0.0060,0.3603,1.0047,0.2749,-0.2589,34.4464,36.7714,0.0063,nan,nan,nan,nan
25.7948,-0.2488,0.3637,1.1046,-0.6475,0.7263,-0.7655,0.0079,0.3574,1.0066,0.2748,-0.2606,34.4537,36.7737,0.0049,nan,nan,nan,nan
25.8174,-0.2470,0.3609,1.1064,-0.6475,0.7263,-0.7655,0.0097,0.3546,1.0084,0.2748,-0.2603,34.4583,36.7742,0.0037,nan,nan,nan,nan
25.8385,-0.2457,0.3590,1.1075,-0.6646,0.7067,-0.7634,0.0110,0.3527,1.0096,0.2748,-0.2576,34.4626,36.7758,0.0056,nan,nan,nan,nan
25.8703,-0.2439,0.3562,1.1092,-0.6795,0.6857,-0.7615,0.0129,0.3498,1.0114,0.2748,-0.2548,34.4693,36.7811,0.0111,nan,nan,nan,nan
25.8905,-0.2420,0.3534,1.1108,-0.6795,0.6857,-0.7615,0.0148,0.3470,1.0132,0.2748,-0.2531,34.4725,36.7827,0.0140,nan,nan,nan,nan
25.9167,-0.2401,0.3506,1.1124,-0.6921,0.6635,-0.7598,0.0167,0.3442,1.0149,0.2748,-0.2555,34.4765,36.7821,0.0231,nan,nan,nan,nan
25.9436,-0.2388,0.3488,1.1135,-0.7021,0.6403,-0.7572,0.0180,0.3424,1.0160,0.2747,-0.2598,34.4781,36.7816,0.0245,nan,nan,nan,nan
25.9657,-0.2369,0.3460,1.1151,-0.7021,0.6403,-0.7572,0.0199,0.3396,1.0177,0.2747,-0.2644,34.4800,36.7826,0.0252,nan,nan,nan,nan
25.9877,-0.2356,0.3442,1.1161,-0.7102,0.6168,-0.7545,0.0212,0.3378,1.0188,0.2747,-0.2694,34.4836,36.7843,0.0282,nan,nan,nan,nan
26.0112,-0.2337,0.3415,1.1176,-0.7167,0.5924,-0.7526,0.0232,0.3350,1.0204,0.2747,-0.2727,34.4864,36.7863,0.0322,nan,nan,nan,nan
26.0340,-0.2318,0.3388,1.1191,-0.7167,0.5924,-0.7526,0.0251,0.3323,1.0220,0.2747,-0.2737,34.4887,36.7874,0.0309,nan,nan,nan,nan
26.0571,-0.2304,0.3370,1.1200,-0.7223,0.5679,-0.7512,0.0265,0.3306,1.0230,0.2747,-0.2725,34.4918,36.7859,0.0292,nan,nan,nan,nan
26.0929,-0.2285,0.3344,1.1214,-0.7266,0.5429,-0.7509,0.0284,0.3279,1.0245,0.2747,-0.2668,34.4961,36.7861,0.0242,nan,nan,nan,nan
26.1201,-0.2265,0.3318,1.1228,-0.7266,0.5429,-0.7509,0.0305,0.3253,1.0260,0.2747,-0.2677,34.4995,36.7881,0.0189,nan,nan,nan,nan
26.1466,-0.2252,0.3300,1.1237,-0.7288,0.5174,-0.7496,0.0318,0.3235,1.0270,0.2746,-0.2687,34.5011,36.7893,0.0163,nan,nan,nan,nan
26.1786,-0.2232,0.3274,1.1251,-0.7292,0.4923,-0.7480,0.0338,0.3209,1.0285,0.2746,-0.2721,34.5104,36.7932,0.0122,nan,nan,nan,nan
26.2153,-0.2205,0.3240,1.1268,-0.7276,0.4665,-0.7459,0.0365,0.3174,1.0304,0.2746,-0.2802,34.5166,36.7972,0.0111,nan,nan,nan,nan
26.2414,-0.2185,0.3214,1.1281,-0.7276,0.4665,-0.7459,0.0386,0.3148,1.0318,0.2746,-0.2853,34.5195,36.7990,0.0068,nan,nan,nan,nan
26.2668,-0.2165,0.3189,1.1293,-0.7246,0.4399,-0.7432,0.0406,0.3123,1.0331,0.2746,-0.2920,34.5229,36.7995,-0.0008,nan,nan,nan,nan
26.2915,-0.2151,0.3172,1.1301,-0.7207,0.4123,-0.7416,0.0420,0.3106,1.0340,0.2746,-0.2944,34.5240,36.7995,-0.0043,nan,nan,nan,nan
26.3265,-0.2124,0.3139,1.1317,-0.7154,0.3845,-0.7394,0.0447,0.3072,1.0357,0.2746,-0.3018,34.5259,36.7952,-0.0036,nan,nan,nan,nan
26.3490,-0.2104,0.3114,1.1328,-0.7154,0.3845,-0.7394,0.0468,0.3047,1.0370,0.2746,-0.3071,34.5273,36.7923,-0.0031,nan,nan,nan,nan
26.3705,-0.2090,0.3098,1.1336,-0.7086,0.3569,-0.7368,0.0482,0.3031,1.0378,0.2746,-0.3126,34.5293,36.7917,-0.0024,nan,nan,nan,nan
26.3960,-0.2070,0.3073,1.1347,-0.7010,0.3295,-0.7334,0.0503,0.3006,1.0390,0.2745,-0.3262,34.5346,36.7936,-0.0033,nan,nan,nan,nan
26.4179,-0.2049,0.3049,1.1357,-0.7010,0.3295,-0.7334,0.0524,0.2982,1.0402,0.2745,-0.3349,34.5377,36.7936,-0.0024,nan,nan,nan,nan
26.4431,-0.2035,0.3033,1.1364,-0.6922,0.3026,-0.7300,0.0538,0.2965,1.0410,0.2745,-0.3423,34.5426,36.7920,-0.0005,nan,nan,nan,nan
26.4767,-0.2015,0.3009,1.1375,-0.6838,0.2757,-0.7285,0.0559,0.2942,1.0421,0.2745,-0.3418,34.5462,36.7874,0.0006,nan,nan,nan,nan
26.5018,-0.1994,0.2985,1.1385,-0.6838,0.2757,-0.7285,0.0580,0.2918,1.0432,0.2745,-0.3396,34.5484,36.7855,-0.0026,nan,nan,nan,nan
26.5272,-0.1973,0.2962,1.1394,-0.6755,0.2486,-0.7278,0.0601,0.2895,1.0443,0.2745,-0.3364,34.5502,36.7860,-0.0065,nan,nan,nan,nan
26.5535,-0.1959,0.2946,1.1401,-0.6668,0.2217,-0.7261,0.0615,0.2879,1.0450,0.2745,-0.3358,34.5518,36.7856,-0.0070,nan,nan,nan,nan
26.5793,-0.1939,0.2923,1.1410,-0.6668,0.2217,-0.7261,0.0636,0.2856,1.0460,0.2745,-0.3363,34.5557,36.7830,-0.0062,nan,nan,nan,nan
26.6077,-0.1911,0.2892,1.1422,-0.6575,0.1957,-0.7234,0.0664,0.2825,1.0474,0.2745,-0.3407,34.5597,36.7829,-0.0040,nan,nan,nan,nan
26.6330,-0.1897,0.2877,1.1428,-0.6472,0.1699,-0.7203,0.0678,0.2810,1.0480,0.2745,-0.3437,34.5613,36.7830,-0.0027,nan,nan,nan,nan
26.6628,-0.1876,0.2854,1.1436,-0.6370,0.1444,-0.7171,0.0699,0.2787,1.0490,0.2745,-0.3455,34.5630,36.7837,0.0031,nan,nan,nan,nan
26.6959,-0.1849,0.2824,1.1447,-0.6268,0.1196,-0.7141,0.0728,0.2757,1.0502,0.2745,-0.3456,34.5649,36.7845,0.0157,nan,nan,nan,nan
26.7181,-0.1828,0.2801,1.1455,-0.6268,0.1196,-0.7141,0.0749,0.2735,1.0511,0.2745,-0.3447,34.5653,36.7850,0.0191,nan,nan,nan,nan
26.7399,-0.1814,0.2787,1.1460,-0.6172,0.0953,-0.7111,0.0763,0.2721,1.0517,0.2745,-0.3414,34.5660,36.7881,0.0213,nan,nan,nan,nan
26.7665,-0.1793,0.2765,1.1468,-0.6078,0.0715,-0.7077,0.0784,0.2699,1.0526,0.2745,-0.3390,34.5680,36.7915,0.0175,nan,nan,nan,nan
26.7888,-0.1772,0.2743,1.1475,-0.6078,0.0715,-0.7077,0.0805,0.2677,1.0534,0.2744,-0.3364,34.5690,36.7919,0.0187,nan,nan,nan,nan
26.8109,-0.1758,0.2728,1.1480,-0.5990,0.0480,-0.7046,0.0819,0.2663,1.0539,0.2744,-0.3308,34.5694,36.7943,0.0256,nan,nan,nan,nan
26.8354,-0.1738,0.2706,1.1487,-0.5906,0.0257,-0.7023,0.0840,0.2642,1.0547,0.2744,-0.3210,34.5712,36.7970,0.0327,nan,nan,nan,nan
26.8716,-0.1710,0.2678,1.1496,-0.5832,0.0047,-0.6996,0.0868,0.2614,1.0558,0.2744,-0.3057,34.5774,36.7979,0.0315,nan,nan,nan,nan
26.8975,-0.1689,0.2656,1.1502,-0.5832,0.0047,-0.6996,0.0889,0.2593,1.0565,0.2744,-0.2974,34.5790,36.7996,0.0282,nan,nan,nan,nan
26.9214,-0.1676,0.2642,1.1507,-0.5765,-0.0163,-0.6970,0.0903,0.2580,1.0570,0.2744,-0.2889,34.5803,36.7996,0.0255,nan,nan,nan,nan
26.9572,-0.1655,0.2621,1.1513,-0.5699,-0.0369,-0.6937,0.0924,0.2559,1.0577,0.2744,-0.2745,34.5797,36.8035,0.0210,nan,nan,nan,nan
26.9813,-0.1634,0.2600,1.1519,-0.5699,-0.0369,-0.6937,0.0945,0.2539,1.0584,0.2744,-0.2695,34.5797,36.8070,0.0221,nan,nan,nan,nan
27.0056,-0.1614,0.2580,1.1524,-0.5632,-0.0565,-0.6891,0.0965,0.2518,1.0590,0.2744,-0.2660,34.5803,36.8150,0.0252,nan,nan,nan,nan
27.0306,-0.1593,0.2559,1.1530,-0.5564,-0.0753,-0.6826,0.0986,0.2498,1.0597,0.2743,-0.2675,34.5831,36.8213,0.0278,nan,nan,nan,nan
27.0661,-0.1573,0.2539,1.1535,-0.5489,-0.0938,-0.6740,0.1007,0.2477,1.0603,0.2743,-0.2817,34.5861,36.8236,0.0347,nan,nan,nan,nan
27.0917,-0.1552,0.2518,1.1540,-0.5489,-0.0938,-0.6740,0.1027,0.2457,1.0609,0.2743,-0.2965,34.5872,36.8245,0.0463,nan,nan,nan,nan
27.1167,-0.1539,0.2505,1.1544,-0.5414,-0.1119,-0.6646,0.1041,0.2443,1.0613,0.2743,-0.2998,34.5877,36.8244,0.0502,nan,nan,nan,nan
27.1452,-0.1518,0.2485,1.1548,-0.5365,-0.1294,-0.6576,0.1062,0.2424,1.0618,0.2743,-0.2994,34.5899,36.8237,0.0623,nan,nan,nan,nan
27.1732,-0.1491,0.2459,1.1555,-0.5340,-0.1460,-0.6523,0.1089,0.2398,1.0625,0.2743,-0.2833,34.5916,36.8276,0.0677,nan,nan,nan,nan
27.1966,-0.1471,0.2439,1.1559,-0.5340,-0.1460,-0.6523,0.1109,0.2379,1.0630,0.2743,-0.2680,34.5929,36.8307,0.0678,nan,nan,nan,nan
27.2183,-0.1458,0.2426,1.1562,-0.5325,-0.1620,-0.6475,0.1116,0.2373,1.0632,0.2737,-0.2629,34.5930,36.8314,0.0679,nan,nan,nan,nan
27.2433,-0.1438,0.2406,1.1566,-0.5320,-0.1777,-0.6421,0.1143,0.2348,1.0638,0.2743,-0.2425,34.5941,36.8342,0.0701,nan,nan,nan,nan
27.2652,-0.1418,0.2387,1.1570,-0.5320,-0.1777,-0.6421,0.1163,0.2330,1.0643,0.2743,-0.2294,34.5951,36.8353,0.0699,nan,nan,nan,nan
27.2910,-0.1405,0.2374,1.1573,-0.5331,-0.1928,-0.6379,0.1177,0.2318,1.0646,0.2743,-0.2037,34.5972,36.8364,0.0702,nan,nan,nan,nan
27.3278,-0.1385,0.2355,1.1576,-0.5354,-0.2073,-0.6344,0.1197,0.2300,1.0650,0.2743,-0.1774,34.5989,36.8371,0.0699,nan,nan,nan,nan
27.3540,-0.1365,0.2336,1.1580,-0.5354,-0.2073,-0.6344,0.1217,0.2282,1.0655,0.2743,-0.1587,34.5990,36.8388,0.0702,nan,nan,nan,nan
27.3776,-0.1352,0.2323,1.1582,-0.5393,-0.2216,-0.6308,0.1230,0.2270,1.0657,0.2743,-0.1381,34.5981,36.8407,0.0702,nan,nan,nan,nan
27.4014,-0.1326,0.2298,1.1586,-0.5440,-0.2357,-0.6273,0.1256,0.2247,1.0662,0.2743,-0.0985,34.5972,36.8430,0.0647,nan,nan,nan,nan
27.4298,-0.1306,0.2280,1.1589,-0.5496,-0.2489,-0.6219,0.1276,0.2230,1.0666,0.2743,-0.0643,34.5975,36.8429,0.0555,nan,nan,nan,nan
27.4560,-0.1287,0.2261,1.1592,-0.5496,-0.2489,-0.6219,0.1296,0.2212,1.0669,0.2743,-0.0450,34.5963,36.8417,0.0531,nan,nan,nan,nan
27.4786,-0.1274,0.2249,1.1594,-0.5555,-0.2620,-0.6150,0.1309,0.2201,1.0671,0.2743,-0.0397,34.5961,36.8415,0.0525,nan,nan,nan,nan
27.5053,-0.1254,0.2231,1.1597,-0.5613,-0.2745,-0.6060,0.1328,0.2183,1.0674,0.2743,-0.0261,34.5963,36.8378,0.0509,nan,nan,nan,nan
27.5410,-0.1229,0.2207,1.1600,-0.5664,-0.2873,-0.5951,0.1354,0.2160,1.0678,0.2743,-0.0269,34.5946,36.8334,0.0491,nan,nan,nan,nan
27.5633,-0.1210,0.2189,1.1603,-0.5664,-0.2873,-0.5951,0.1374,0.2142,1.0681,0.2743,-0.0294,34.5930,36.8326,0.0473,nan,nan,nan,nan
27.5836,-0.1197,0.2178,1.1604,-0.5726,-0.2990,-0.5833,0.1386,0.2130,1.0683,0.2743,-0.0302,34.5932,36.8296,0.0435,nan,nan,nan,nan
27.6097,-0.1178,0.2160,1.1607,-0.5802,-0.3099,-0.5724,0.1405,0.2113,1.0685,0.2743,-0.0263,34.5941,36.8242,0.0415,nan,nan,nan,nan
27.6438,-0.1153,0.2137,1.1609,-0.5890,-0.3205,-0.5627,0.1431,0.2091,1.0688,0.2744,-0.0146,34.5953,36.8142,0.0362,nan,nan,nan,nan
27.6785,-0.1128,0.2114,1.1612,-0.5993,-0.3307,-0.5528,0.1456,0.2069,1.0691,0.2744,-0.0002,34.5956,36.8020,0.0351,nan,nan,nan,nan
27.7038,-0.1110,0.2097,1.1614,-0.5993,-0.3307,-0.5528,0.1475,0.2053,1.0693,0.2744,0.0118,34.5949,36.7965,0.0325,nan,nan,nan,nan
27.7254,-0.1098,0.2086,1.1615,-0.6098,-0.3402,-0.5430,0.1487,0.2042,1.0694,0.2744,0.0149,34.5944,36.7957,0.0301,nan,nan,nan,nan
27.7590,-0.1079,0.2070,1.1617,-0.6200,-0.3490,-0.5313,0.1506,0.2026,1.0696,0.2744,0.0193,34.5945,36.7958,0.0274,nan,nan,nan,nan
27.7852,-0.1061,0.2053,1.1618,-0.6200,-0.3490,-0.5313,0.1524,0.2009,1.0698,0.2744,0.0187,34.5953,36.7955,0.0260,nan,nan,nan,nan
27.8129,-0.1049,0.2042,1.1619,-0.6301,-0.3572,-0.5185,0.1536,0.1999,1.0700,0.2744,0.0157,34.5969,36.7958,0.0222,nan,nan,nan,nan
27.8448,-0.1031,0.2026,1.1620,-0.6405,-0.3644,-0.5056,0.1555,0.1983,1.0701,0.2744,0.0130,34.6000,36.7921,0.0181,nan,nan,nan,nan
27.8664,-0.1013,0.2010,1.1622,-0.6405,-0.3644,-0.5056,0.1573,0.1967,1.0703,0.2744,0.0115,34.6019,36.7891,0.0154,nan,nan,nan,nan
27.8909,-0.0989,0.1989,1.1623,-0.6513,-0.3714,-0.4933,0.1597,0.1946,1.0705,0.2745,0.0159,34.6080,36.7802,0.0052,nan,nan,nan,nan
27.9173,-0.0978,0.1979,1.1624,-0.6630,-0.3782,-0.4820,0.1608,0.1936,1.0706,0.2745,0.0184,34.6091,36.7788,0.0038,nan,nan,nan,nan
27.9523,-0.0960,0.1963,1.1625,-0.6756,-0.3845,-0.4720,0.1626,0.1921,1.0707,0.2745,0.0333,34.6121,36.7755,0.0010,nan,nan,nan,nan
27.9736,-0.0943,0.1948,1.1626,-0.6756,-0.3845,-0.4720,0.1644,0.1907,1.0708,0.2745,0.0423,34.6133,36.7738,0.0017,nan,nan,nan,nan
27.9999,-0.0931,0.1938,1.1626,-0.6883,-0.3906,-0.4622,0.1656,0.1897,1.0709,0.2745,0.0523,34.6159,36.7688,0.0019,nan,nan,nan,nan
28.0247,-0.0914,0.1923,1.1627,-0.7004,-0.3966,-0.4512,0.1673,0.1882,1.0710,0.2745,0.0581,34.6188,36.7631,0.0004,nan,nan,nan,nan
28.0513,-0.0897,0.1908,1.1628,-0.7004,-0.3966,-0.4512,0.1690,0.1868,1.0711,0.2745,0.0562,34.6209,36.7611,0.0019,nan,nan,nan,nan
28.0737,-0.0885,0.1898,1.1628,-0.7110,-0.4023,-0.4385,0.1702,0.1858,1.0711,0.2745,0.0536,34.6209,36.7613,0.0038,nan,nan,nan,nan
28.0941,-0.0868,0.1884,1.1629,-0.7211,-0.4084,-0.4248,0.1719,0.1843,1.0712,0.2745,0.0428,34.6194,36.7628,0.0096,nan,nan,nan,nan
28.1208,-0.0851,0.1869,1.1629,-0.7211,-0.4084,-0.4248,0.1736,0.1829,1.0713,0.2745,0.0383,34.6190,36.7666,0.0123,nan,nan,nan,nan
28.1462,-0.0840,0.1860,1.1630,-0.7312,-0.4140,-0.4120,0.1747,0.1820,1.0713,0.2745,0.0376,34.6193,36.7683,0.0128,nan,nan,nan,nan
28.1730,-0.0824,0.1846,1.1630,-0.7416,-0.4194,-0.4007,0.1763,0.1806,1.0714,0.2745,0.0401,34.6216,36.7704,0.0215,nan,nan,nan,nan
28.2005,-0.0802,0.1828,1.1631,-0.7514,-0.4250,-0.3892,0.1786,0.1788,1.0715,0.2745,0.0401,34.6249,36.7695,0.0341,nan,nan,nan,nan
28.2220,-0.0786,0.1814,1.1631,-0.7514,-0.4250,-0.3892,0.1802,0.1774,1.0716,0.2745,0.0359,34.6256,36.7687,0.0403,nan,nan,nan,nan
28.2463,-0.0769,0.1801,1.1631,-0.7599,-0.4311,-0.3764,0.1818,0.1761,1.0716,0.2745,0.0258,34.6273,36.7653,0.0444,nan,nan,nan,nan
28.2724,-0.0753,0.1788,1.1631,-0.7667,-0.4373,-0.3631,0.1835,0.1748,1.0717,0.2745,0.0063,34.6300,36.7632,0.0477,nan,nan,nan,nan
28.2988,-0.0737,0.1775,1.1632,-0.7730,-0.4433,-0.3498,0.1851,0.1734,1.0717,0.2745,-0.0073,34.6323,36.7639,0.0471,nan,nan,nan,nan
28.3253,-0.0722,0.1762,1.1632,-0.7730,-0.4433,-0.3498,0.1866,0.1722,1.0717,0.2745,-0.0161,34.6343,36.7628,0.0475,nan,nan,nan,nan
28.3471,-0.0711,0.1754,1.1632,-0.7784,-0.4493,-0.3371,0.1877,0.1713,1.0718,0.2745,-0.0295,34.6363,36.7590,0.0493,nan,nan,nan,nan
28.3737,-0.0696,0.1742,1.1632,-0.7829,-0.4560,-0.3250,0.1893,0.1700,1.0718,0.2745,-0.0418,34.6365,36.7575,0.0513,nan,nan,nan,nan
28.4045,-0.0675,0.1726,1.1632,-0.7861,-0.4630,-0.3127,0.1914,0.1684,1.0718,0.2745,-0.0630,34.6372,36.7530,0.0554,nan,nan,nan,nan
28.4316,-0.0660,0.1714,1.1632,-0.7861,-0.4630,-0.3127,0.1929,0.1672,1.0718,0.2746,-0.0794,34.6380,36.7485,0.0595,nan,nan,nan,nan
28.4585,-0.0650,0.1706,1.1632,-0.7884,-0.4698,-0.3006,0.1939,0.1664,1.0718,0.2746,-0.0848,34.6381,36.7472,0.0599,nan,nan,nan,nan
28.4949,-0.0635,0.1695,1.1632,-0.7899,-0.4768,-0.2890,0.1954,0.1652,1.0718,0.2746,-0.1047,34.6372,36.7451,0.0592,nan,nan,nan,nan
28.5213,-0.0620,0.1683,1.1631,-0.7899,-0.4768,-0.2890,0.1969,0.1640,1.0718,0.2746,-0.1122,34.6369,36.7432,0.0593,nan,nan,nan,nan
28.5477,-0.0610,0.1676,1.1631,-0.7904,-0.4839,-0.2792,0.1979,0.1633,1.0718,0.2746,-0.1210,34.6378,36.7394,0.0602,nan,nan,nan,nan
28.5838,-0.0595,0.1665,1.1631,-0.7901,-0.4905,-0.2700,0.1994,0.1622,1.0719,0.2746,-0.1292,34.6404,36.7355,0.0623,nan,nan,nan,nan
28.6101,-0.0576,0.1651,1.1631,-0.7879,-0.4975,-0.2608,0.2014,0.1607,1.0719,0.2746,-0.1433,34.6423,36.7298,0.0642,nan,nan,nan,nan
28.6365,-0.0562,0.1640,1.1631,-0.7879,-0.4975,-0.2608,0.2028,0.1597,1.0719,0.2746,-0.1542,34.6435,36.7281,0.0650,nan,nan,nan,nan
28.6639,-0.0552,0.1634,1.1631,-0.7842,-0.5043,-0.2523,0.2038,0.1590,1.0719,0.2746,-0.1602,34.6451,36.7255,0.0685,nan,nan,nan,nan
28.6872,-0.0538,0.1623,1.1630,-0.7798,-0.5113,-0.2453,0.2052,0.1580,1.0719,0.2746,-0.1636,34.6463,36.7209,0.0707,nan,nan,nan,nan
28.7130,-0.0524,0.1613,1.1630,-0.7798,-0.5113,-0.2453,0.2066,0.1570,1.0718,0.2747,-0.1618,34.6457,36.7189,0.0701,nan,nan,nan,nan
28.7398,-0.0515,0.1607,1.1630,-0.7747,-0.5184,-0.2404,0.2076,0.1564,1.0718,0.2747,-0.1576,34.6438,36.7179,0.0719,nan,nan,nan,nan
28.7689,-0.0501,0.1597,1.1630,-0.7681,-0.5257,-0.2361,0.2089,0.1554,1.0718,0.2747,-0.1530,34.6415,36.7200,0.0722,nan,nan,nan,nan
28.7890,-0.0488,0.1588,1.1629,-0.7681,-0.5257,-0.2361,0.2103,0.1545,1.0718,0.2747,-0.1503,34.6395,36.7212,0.0694,nan,nan,nan,nan
28.8124,-0.0470,0.1576,1.1629,-0.7599,-0.5333,-0.2324,0.2121,0.1534,1.0718,0.2747,-0.1452,34.6344,36.7257,0.0665,nan,nan,nan,nan
28.8367,-0.0457,0.1567,1.1629,-0.7500,-0.5408,-0.2292,0.2134,0.1525,1.0718,0.2747,-0.1383,34.6305,36.7273,0.0676,nan,nan,nan,nan
28.8642,-0.0444,0.1558,1.1628,-0.7393,-0.5483,-0.2271,0.2148,0.1517,1.0718,0.2747,-0.1289,34.6264,36.7285,0.0682,nan,nan,nan,nan
28.8862,-0.0431,0.1549,1.1628,-0.7277,-0.5551,-0.2256,0.2160,0.1509,1.0718,0.2747,-0.1140,34.6241,36.7350,0.0655,nan,nan,nan,nan
28.9077,-0.0418,0.1541,1.1628,-0.7277,-0.5551,-0.2256,0.2173,0.1501,1.0718,0.2747,-0.1023,34.6259,36.7393,0.0621,nan,nan,nan,nan
28.9305,-0.0410,0.1536,1.1628,-0.7148,-0.5609,-0.2246,0.2182,0.1496,1.0718,0.2747,-0.0984,34.6270,36.7403,0.0620,nan,nan,nan,nan
28.9585,-0.0397,0.1528,1.1627,-0.7004,-0.5663,-0.2236,0.2194,0.1489,1.0718,0.2747,-0.0848,34.6312,36.7420,0.0630,nan,nan,nan,nan
28.9901,-0.0381,0.1517,1.1627,-0.6854,-0.5724,-0.2230,0.2211,0.1479,1.0718,0.2747,-0.0684,34.6323,36.7406,0.0629,nan,nan,nan,nan
29.0135,-0.0369,0.1509,1.1627,-0.6854,-0.5724,-0.2230,0.2223,0.1472,1.0717,0.2747,-0.0588,34.6316,36.7382,0.0622,nan,nan,nan,nan
29.0403,-0.0357,0.1502,1.1626,-0.6701,-0.5788,-0.2234,0.2235,0.1466,1.0717,0.2747,-0.0287,34.6300,36.7302,0.0576,nan,nan,nan,nan
29.0644,-0.0349,0.1497,1.1626,-0.6547,-0.5852,-0.2260,0.2243,0.1462,1.0717,0.2747,-0.0079,34.6287,36.7258,0.0554,nan,nan,nan,nan
29.0897,-0.0333,0.1487,1.1626,-0.6393,-0.5913,-0.2302,0.2259,0.1454,1.0717,0.2747,0.0390,34.6251,36.7209,0.0483,nan,nan,nan,nan
29.1164,-0.0322,0.1480,1.1626,-0.6393,-0.5913,-0.2302,0.2271,0.1449,1.0716,0.2748,0.0706,34.6235,36.7155,0.0440,nan,nan,nan,nan
29.1383,-0.0314,0.1476,1.1626,-0.6228,-0.5970,-0.2334,0.2278,0.1445,1.0716,0.2748,0.0796,34.6231,36.7133,0.0434,nan,nan,nan,nan
29.1607,-0.0303,0.1469,1.1625,-0.6038,-0.6017,-0.2338,0.2290,0.1439,1.0716,0.2748,0.1014,34.6237,36.7030,0.0392,nan,nan,nan,nan
29.1846,-0.0292,0.1462,1.1625,-0.6038,-0.6017,-0.2338,0.2301,0.1433,1.0716,0.2748,0.1001,34.6243,36.6998,0.0383,nan,nan,nan,nan
29.2049,-0.0285,0.1458,1.1625,-0.5818,-0.6058,-0.2304,0.2308,0.1429,1.0716,0.2748,0.0978,34.6246,36.6985,0.0382,nan,nan,nan,nan
29.2257,-0.0274,0.1452,1.1625,-0.5588,-0.6100,-0.2254,0.2319,0.1422,1.0715,0.2748,0.0839,34.6225,36.6927,0.0351,nan,nan,nan,nan
29.2628,-0.0260,0.1444,1.1625,-0.5357,-0.6137,-0.2207,0.2333,0.1414,1.0715,0.2749,0.0732,34.6184,36.6936,0.0320,nan,nan,nan,nan
29.2982,-0.0246,0.1436,1.1625,-0.5128,-0.6166,-0.2170,0.2347,0.1407,1.0715,0.2749,0.0686,34.6148,36.6934,0.0264,nan,nan,nan,nan
29.3246,-0.0236,0.1430,1.1624,-0.5128,-0.6166,-0.2170,0.2358,0.1401,1.0715,0.2749,0.0684,34.6130,36.6926,0.0187,nan,nan,nan,nan
29.3502,-0.0230,0.1426,1.1624,-0.4901,-0.6184,-0.2140,0.2364,0.1398,1.0715,0.2749,0.0684,34.6127,36.6924,0.0165,nan,nan,nan,nan
29.3783,-0.0220,0.1421,1.1624,-0.4676,-0.6187,-0.2104,0.2374,0.1392,1.0715,0.2749,0.0675,34.6123,36.6946,0.0080,nan,nan,nan,nan
29.4162,-0.0207,0.1414,1.1624,-0.4441,-0.6180,-0.2051,0.2387,0.1385,1.0715,0.2749,0.0571,34.6137,36.6978,0.0064,nan,nan,nan,nan
29.4422,-0.0197,0.1408,1.1624,-0.4441,-0.6180,-0.2051,0.2397,0.1380,1.0715,0.2749,0.0470,34.6145,36.6978,0.0067,nan,nan,nan,nan
29.4695,-0.0185,0.1402,1.1624,-0.4193,-0.6169,-0.1981,0.2409,0.1373,1.0715,0.2749,0.0196,34.6134,36.6955,0.0094,nan,nan,nan,nan
29.4902,-0.0179,0.1398,1.1624,-0.3944,-0.6151,-0.1901,0.2415,0.1369,1.0715,0.2749,0.0058,34.6128,36.6949,0.0109,nan,nan,nan,nan
29.5149,-0.0170,0.1393,1.1625,-0.3701,-0.6126,-0.1827,0.2424,0.1364,1.0715,0.2749,-0.0181,34.6090,36.6964,0.0169,nan,nan,nan,nan
29.5380,-0.0158,0.1387,1.1625,-0.3462,-0.6094,-0.1754,0.2436,0.1357,1.0715,0.2749,-0.0387,34.6060,36.6971,0.0212,nan,nan,nan,nan
29.5702,-0.0147,0.1381,1.1625,-0.3231,-0.6054,-0.1684,0.2447,0.1351,1.0714,0.2749,-0.0565,34.6046,36.6963,0.0237,nan,nan,nan,nan
29.6015,-0.0136,0.1375,1.1625,-0.3003,-0.6005,-0.1614,0.2458,0.1345,1.0714,0.2749,-0.0748,34.6039,36.6955,0.0283,nan,nan,nan,nan
29.6308,-0.0125,0.1369,1.1626,-0.2778,-0.5950,-0.1554,0.2469,0.1339,1.0715,0.2750,-0.0876,34.6036,36.6939,0.0332,nan,nan,nan,nan
29.6519,-0.0117,0.1364,1.1626,-0.2778,-0.5950,-0.1554,0.2477,0.1334,1.0714,0.2750,-0.0979,34.6033,36.6915,0.0342,nan,nan,nan,nan
29.6758,-0.0107,0.1358,1.1626,-0.2557,-0.5888,-0.1488,0.2487,0.1328,1.0714,0.2750,-0.1179,34.6001,36.6886,0.0355,nan,nan,nan,nan
29.6967,-0.0102,0.1356,1.1627,-0.2332,-0.5823,-0.1411,0.2492,0.1325,1.0714,0.2750,-0.1247,34.5995,36.6874,0.0361,nan,nan,nan,nan
29.7178,-0.0094,0.1352,1.1627,-0.2098,-0.5754,-0.1313,0.2500,0.1320,1.0714,0.2750,-0.1583,34.5967,36.6840,0.0370,nan,nan,nan,nan
29.7472,-0.0084,0.1346,1.1628,-0.1863,-0.5683,-0.1218,0.2510,0.1314,1.0714,0.2750,-0.1920,34.5937,36.6786,0.0422,nan,nan,nan,nan
29.7801,-0.0075,0.1341,1.1628,-0.1641,-0.5603,-0.1141,0.2519,0.1308,1.0714,0.2751,-0.2142,34.5918,36.6749,0.0475,nan,nan,nan,nan
29.8024,-0.0068,0.1336,1.1629,-0.1641,-0.5603,-0.1141,0.2526,0.1305,1.0715,0.2751,-0.2183,34.5911,36.6725,0.0514,nan,nan,nan,nan
29.8231,-0.0061,0.1332,1.1629,-0.1439,-0.5520,-0.1093,0.2533,0.1301,1.0715,0.2751,-0.2129,34.5873,36.6709,0.0540,nan,nan,nan,nan
29.8474,-0.0055,0.1328,1.1630,-0.1251,-0.5436,-0.1067,0.2539,0.1298,1.0715,0.2751,-0.2028,34.5854,36.6695,0.0528,nan,nan,nan,nan
29.8807,-0.0048,0.1324,1.1631,-0.1069,-0.5342,-0.1046,0.2546,0.1295,1.0715,0.2751,-0.1915,34.5838,36.6721,0.0516,nan,nan,nan,nan
29.9162,-0.0040,0.1319,1.1632,-0.0892,-0.5248,-0.1018,0.2554,0.1290,1.0715,0.2751,-0.1800,34.5812,36.6742,0.0528,nan,nan,nan,nan
29.9388,-0.0034,0.1315,1.1632,-0.0892,-0.5248,-0.1018,0.2560,0.1287,1.0716,0.2751,-0.1730,34.5786,36.6766,0.0521,nan,nan,nan,nan
29.9599,-0.0030,0.1312,1.1633,-0.0717,-0.5154,-0.0989,0.2564,0.1285,1.0716,0.2751,-0.1672,34.5774,36.6779,0.0517,nan,nan,nan,nan
29.9881,-0.0024,0.1309,1.1633,-0.0545,-0.5059,-0.0965,0.2570,0.1281,1.0716,0.2751,-0.1580,34.5768,36.6780,0.0506,nan,nan,nan,nan
30.0105,-0.0018,0.1305,1.1634,-0.0545,-0.5059,-0.0965,0.2576,0.1278,1.0717,0.2751,-0.1547,34.5753,36.6769,0.0492,nan,nan,nan,nan
30.0313,-0.0014,0.1302,1.1635,-0.0375,-0.4968,-0.0930,0.2579,0.1276,1.0717,0.2751,-0.1523,34.5716,36.6741,0.0513,nan,nan,nan,nan
30.0602,-0.0009,0.1298,1.1636,-0.0208,-0.4881,-0.0899,0.2585,0.1272,1.0717,0.2751,-0.1477,34.5670,36.6733,0.0525,nan,nan,nan,nan
30.0815,-0.0003,0.1294,1.1637,-0.0208,-0.4881,-0.0899,0.2590,0.1269,1.0718,0.2751,-0.1388,34.5646,36.6736,0.0512,nan,nan,nan,nan
30.1026,0.0000,0.1292,1.1637,-0.0064,-0.4791,-0.0893,0.2594,0.1268,1.0718,0.2752,-0.1247,34.5620,36.6739,0.0503,nan,nan,nan,nan
30.1337,0.0006,0.1288,1.1638,0.0056,-0.4694,-0.0909,0.2599,0.1265,1.0718,0.2752,-0.0860,34.5591,36.6733,0.0508,nan,nan,nan,nan
30.1596,0.0011,0.1284,1.1639,0.0056,-0.4694,-0.0909,0.2604,0.1263,1.0719,0.2752,-0.0508,34.5561,36.6712,0.0491,nan,nan,nan,nan
30.1840,0.0014,0.1281,1.1640,0.0162,-0.4596,-0.0938,0.2607,0.1261,1.0719,0.2752,-0.0257,34.5537,36.6693,0.0481,nan,nan,nan,nan
30.2180,0.0019,0.1277,1.1641,0.0254,-0.4494,-0.0968,0.2612,0.1259,1.0719,0.2752,0.0132,34.5512,36.6639,0.0457,nan,nan,nan,nan
30.2456,0.0025,0.1272,1.1642,0.0342,-0.4381,-0.0989,0.2619,0.1256,1.0720,0.2752,0.0585,34.5490,36.6615,0.0478,nan,nan,nan,nan
30.2669,0.0030,0.1268,1.1643,0.0342,-0.4381,-0.0989,0.2623,0.1253,1.0721,0.2752,0.0848,34.5484,36.6608,0.0470,nan,nan,nan,nan
30.2881,0.0033,0.1265,1.1644,0.0428,-0.4254,-0.0992,0.2626,0.1251,1.0721,0.2752,0.0994,34.5489,36.6609,0.0446,nan,nan,nan,nan
30.3146,0.0038,0.1261,1.1645,0.0510,-0.4118,-0.0982,0.2630,0.1248,1.0722,0.2752,0.1168,34.5495,36.6649,0.0396,nan,nan,nan,nan
30.3365,0.0042,0.1257,1.1646,0.0510,-0.4118,-0.0982,0.2634,0.1245,1.0723,0.2752,0.1286,34.5517,36.6652,0.0296,nan,nan,nan,nan
30.3574,0.0045,0.1255,1.1647,0.0588,-0.3978,-0.0953,0.2637,0.1243,1.0723,0.2752,0.1313,34.5519,36.6647,0.0269,nan,nan,nan,nan
30.3875,0.0049,0.1251,1.1648,0.0654,-0.3840,-0.0913,0.2641,0.1239,1.0724,0.2752,0.1399,34.5508,36.6601,0.0154,nan,nan,nan,nan
30.4198,0.0054,0.1245,1.1650,0.0709,-0.3705,-0.0872,0.2647,0.1235,1.0725,0.2753,0.1481,34.5482,36.6533,0.0048,nan,nan,nan,nan
30.4478,0.0059,0.1240,1.1652,0.0753,-0.3575,-0.0825,0.2652,0.1230,1.0725,0.2753,0.1555,34.5448,36.6481,0.0032,nan,nan,nan,nan
30.4693,0.0063,0.1236,1.1653,0.0753,-0.3575,-0.0825,0.2655,0.1226,1.0726,0.2753,0.1571,34.5428,36.6466,0.0017,nan,nan,nan,nan
30.4915,0.0066,0.1233,1.1654,0.0792,-0.3447,-0.0771,0.2658,0.1224,1.0727,0.2753,0.1552,34.5409,36.6432,-0.0022,nan,nan,nan,nan
30.5265,0.0069,0.1229,1.1655,0.0828,-0.3323,-0.0698,0.2662,0.1219,1.0727,0.2753,0.1454,34.5384,36.6398,-0.0096,nan,nan,nan,nan
30.5475,0.0073,0.1226,1.1657,0.0828,-0.3323,-0.0698,0.2665,0.1215,1.0728,0.2753,0.1305,34.5384,36.6344,-0.0170,nan,nan,nan,nan
30.5691,0.0075,0.1223,1.1658,0.0858,-0.3203,-0.0607,0.2667,0.1212,1.0729,0.2753,0.1242,34.5381,36.6323,-0.0196,nan,nan,nan,nan
30.6036,0.0079,0.1219,1.1659,0.0880,-0.3090,-0.0507,0.2671,0.1208,1.0730,0.2753,0.0988,34.5389,36.6306,-0.0246,nan,nan,nan,nan
30.6255,0.0082,0.1215,1.1661,0.0880,-0.3090,-0.0507,0.2674,0.1203,1.0731,0.2753,0.0852,34.5407,36.6321,-0.0289,nan,nan,nan,nan
30.6480,0.0084,0.1212,1.1662,0.0892,-0.2977,-0.0406,0.2676,0.1200,1.0732,0.2753,0.0641,34.5430,36.6324,-0.0386,nan,nan,nan,nan
30.6711,0.0088,0.1208,1.1663,0.0892,-0.2878,-0.0303,0.2679,0.1195,1.0733,0.2753,0.0444,34.5446,36.6304,-0.0510,nan,nan,nan,nan
30.7056,0.0092,0.1203,1.1665,0.0886,-0.2793,-0.0208,0.2683,0.1189,1.0735,0.2753,0.0194,34.5448,36.6346,-0.0558,nan,nan,nan,nan
30.7414,0.0096,0.1197,1.1667,0.0868,-0.2720,-0.0106,0.2687,0.1183,1.0737,0.2753,-0.0071,34.5447,36.6410,-0.0595,nan,nan,nan,nan
30.7661,0.0099,0.1193,1.1669,0.0868,-0.2720,-0.0106,0.2690,0.1178,1.0738,0.2753,-0.0210,34.5442,36.6424,-0.0625,nan,nan,nan,nan
30.7885,0.0101,0.1190,1.1670,0.0847,-0.2662,-0.0007,0.2692,0.1175,1.0739,0.2753,-0.0394,34.5437,36.6461,-0.0699,nan,nan,nan,nan
30.8128,0.0104,0.1186,1.1671,0.0808,-0.2610,0.0070,0.2695,0.1171,1.0741,0.2753,-0.0483,34.5435,36.6521,-0.0745,nan,nan,nan,nan
30.8370,0.0107,0.1182,1.1673,0.0808,-0.2610,0.0070,0.2698,0.1167,1.0742,0.2753,-0.0506,34.5436,36.6545,-0.0723,nan,nan,nan,nan
30.8646,0.0108,0.1179,1.1674,0.0760,-0.2574,0.0127,0.2699,0.1164,1.0743,0.2753,-0.0539,34.5425,36.6560,-0.0706,nan,nan,nan,nan
30.8902,0.0111,0.1175,1.1676,0.0703,-0.2549,0.0186,0.2702,0.1160,1.0745,0.2753,-0.0560,34.5412,36.6578,-0.0723,nan,nan,nan,nan
30.9155,0.0114,0.1170,1.1678,0.0703,-0.2549,0.0186,0.2705,0.1155,1.0747,0.2753,-0.0565,34.5408,36.6584,-0.0731,nan,nan,nan,nan
30.9359,0.0116,0.1168,1.1679,0.0640,-0.2534,0.0235,0.2706,0.1153,1.0748,0.2753,-0.0535,34.5403,36.6599,-0.0756,nan,nan,nan,nan
30.9653,0.0118,0.1163,1.1681,0.0566,-0.2532,0.0264,0.2709,0.1149,1.0749,0.2753,-0.0440,34.5389,36.6596,-0.0829,nan,nan,nan,nan
31.0016,0.0121,0.1157,1.1683,0.0485,-0.2541,0.0282,0.2712,0.1144,1.0752,0.2753,-0.0261,34.5362,36.6624,-0.0959,nan,nan,nan,nan
31.0269,0.0124,0.1153,1.1685,0.0485,-0.2541,0.0282,0.2715,0.1140,1.0754,0.2753,-0.0108,34.5360,36.6677,-0.1044,nan,nan,nan,nan
31.0493,0.0125,0.1150,1.1686,0.0402,-0.2552,0.0293,0.2716,0.1137,1.0755,0.2753,-0.0058,34.5365,36.6686,-0.1076,nan,nan,nan,nan
31.0851,0.0127,0.1146,1.1688,0.0319,-0.2573,0.0303,0.2718,0.1134,1.0757,0.2753,0.0130,34.5361,36.6695,-0.1215,nan,nan,nan,nan
31.1068,0.0130,0.1141,1.1690,0.0319,-0.2573,0.0303,0.2721,0.1130,1.0759,0.2753,0.0221,34.5358,36.6676,-0.1297,nan,nan,nan,nan
31.1271,0.0130,0.1140,1.1690,0.0235,-0.2605,0.0310,0.2721,0.1129,1.0759,0.2753,0.0315,34.5353,36.6661,-0.1377,nan,nan,nan,nan
31.1545,0.0133,0.1135,1.1692,0.0235,-0.2605,0.0310,0.2724,0.1125,1.0761,0.2753,0.0444,34.5353,36.6660,-0.1440,nan,nan,nan,nan
31.1788,0.0134,0.1133,1.1693,0.0139,-0.2639,0.0303,0.2725,0.1123,1.0763,0.2753,0.0688,34.5367,36.6651,-0.1476,nan,nan,nan,nan
31.2063,0.0136,0.1128,1.1695,0.0034,-0.2681,0.0284,0.2727,0.1119,1.0765,0.2753,0.0952,34.5366,36.6636,-0.1467,nan,nan,nan,nan
31.2321,0.0138,0.1124,1.1697,0.0034,-0.2681,0.0284,0.2729,0.1116,1.0767,0.2753,0.1261,34.5371,36.6616,-0.1454,nan,nan,nan,nan
31.2525,0.0139,0.1121,1.1698,-0.0078,-0.2727,0.0253,0.2730,0.1114,1.0768,0.2753,0.1372,34.5373,36.6613,-0.1444,nan,nan,nan,nan
31.2796,0.0141,0.1116,1.1700,-0.0185,-0.2781,0.0225,0.2732,0.1110,1.0770,0.2753,0.1762,34.5365,36.6603,-0.1358,nan,nan,nan,nan
31.3049,0.0143,0.1112,1.1702,-0.0185,-0.2781,0.0225,0.2734,0.1107,1.0772,0.2753,0.1927,34.5358,36.6597,-0.1331,nan,nan,nan,nan
31.3270,0.0144,0.1109,1.1704,-0.0290,-0.2841,0.0211,0.2735,0.1104,1.0774,0.2754,0.2122,34.5335,36.6588,-0.1303,nan,nan,nan,nan
31.3519,0.0145,0.1105,1.1706,-0.0382,-0.2907,0.0220,0.2737,0.1100,1.0776,0.2754,0.2208,34.5298,36.6602,-0.1244,nan,nan,nan,nan
31.3778,0.0147,0.1100,1.1708,-0.0382,-0.2907,0.0220,0.2739,0.1096,1.0778,0.2754,0.2205,34.5275,36.6604,-0.1194,nan,nan,nan,nan
31.4011,0.0148,0.1098,1.1709,-0.0461,-0.2977,0.0253,0.2740,0.1093,1.0779,0.2754,0.2193,34.5254,36.6598,-0.1140,nan,nan,nan,nan
31.4272,0.0149,0.1093,1.1711,-0.0539,-0.3047,0.0288,0.2741,0.1089,1.0781,0.2754,0.2156,34.5226,36.6565,-0.1009,nan,nan,nan,nan
31.4536,0.0151,0.1089,1.1713,-0.0539,-0.3047,0.0288,0.2743,0.1084,1.0783,0.2754,0.2118,34.5214,36.6546,-0.0944,nan,nan,nan,nan
31.4810,0.0151,0.1086,1.1714,-0.0617,-0.3113,0.0327,0.2744,0.1081,1.0785,0.2754,0.2076,34.5203,36.6512,-0.0893,nan,nan,nan,nan
31.5042,0.0153,0.1082,1.1717,-0.0686,-0.3178,0.0365,0.2745,0.1077,1.0787,0.2754,0.1965,34.5182,36.6443,-0.0829,nan,nan,nan,nan
31.5295,0.0154,0.1077,1.1719,-0.0756,-0.3240,0.0401,0.2747,0.1071,1.0790,0.2754,0.1866,34.5168,36.6399,-0.0828,nan,nan,nan,nan
31.5532,0.0155,0.1073,1.1721,-0.0756,-0.3240,0.0401,0.2748,0.1066,1.0792,0.2754,0.1788,34.5161,36.6378,-0.0822,nan,nan,nan,nan
31.5796,0.0156,0.1068,1.1724,-0.0820,-0.3297,0.0448,0.2749,0.1062,1.0794,0.2755,0.1588,34.5161,36.6325,-0.0782,nan,nan,nan,nan
31.6024,0.0157,0.1066,1.1725,-0.0878,-0.3349,0.0505,0.2750,0.1058,1.0796,0.2755,0.1452,34.5161,36.6312,-0.0781,nan,nan,nan,nan
31.6239,0.0158,0.1062,1.1727,-0.0878,-0.3349,0.0505,0.2751,0.1054,1.0798,0.2755,0.1216,34.5168,36.6280,-0.0815,nan,nan,nan,nan
31.6505,0.0158,0.1059,1.1728,-0.0924,-0.3397,0.0570,0.2751,0.1050,1.0799,0.2755,0.1135,34.5174,36.6271,-0.0831,nan,nan,nan,nan
31.6815,0.0159,0.1055,1.1731,-0.0966,-0.3437,0.0638,0.2752,0.1045,1.0802,0.2755,0.0800,34.5213,36.6226,-0.0868,nan,nan,nan,nan
31.7102,0.0159,0.1050,1.1733,-0.0995,-0.3473,0.0709,0.2753,0.1039,1.0805,0.2755,0.0403,34.5251,36.6150,-0.0923,nan,nan,nan,nan
31.7463,0.0160,0.1045,1.1736,-0.1020,-0.3508,0.0776,0.2754,0.1032,1.0807,0.2755,0.0015,34.5273,36.6040,-0.0966,nan,nan,nan,nan
31.7764,0.0160,0.1040,1.1739,-0.1036,-0.3535,0.0846,0.2755,0.1025,1.0810,0.2756,-0.0394,34.5312,36.5942,-0.1023,nan,nan,nan,nan
31.8028,0.0161,0.1035,1.1742,-0.1042,-0.3553,0.0907,0.2755,0.1019,1.0813,0.2756,-0.0789,34.5364,36.5860,-0.1052,nan,nan,nan,nan
31.8330,0.0161,0.1030,1.1745,-0.1046,-0.3559,0.0951,0.2755,0.1013,1.0816,0.2756,-0.1087,34.5425,36.5812,-0.1021,nan,nan,nan,nan
31.8715,0.0161,0.1025,1.1748,-0.1052,-0.3558,0.0971,0.2755,0.1007,1.0820,0.2756,-0.1238,34.5474,36.5779,-0.0972,nan,nan,nan,nan
31.8939,0.0160,0.1021,1.1750,-0.1052,-0.3558,0.0971,0.2755,0.1003,1.0822,0.2756,-0.1250,34.5499,36.5757,-0.0954,nan,nan,nan,nan
31.9143,0.0160,0.1018,1.1752,-0.1068,-0.3550,0.0970,0.2755,0.1001,1.0823,0.2756,-0.1228,34.5510,36.5739,-0.0923,nan,nan,nan,nan
31.9476,0.0160,0.1015,1.1754,-0.1081,-0.3536,0.0951,0.2755,0.0997,1.0825,0.2756,-0.1124,34.5517,36.5723,-0.0846,nan,nan,nan,nan
31.9685,0.0160,0.1011,1.1756,-0.1081,-0.3536,0.0951,0.2754,0.0994,1.0828,0.2756,-0.1071,34.5531,36.5711,-0.0831,nan,nan,nan,nan
31.9929,0.0159,0.1007,1.1759,-0.1083,-0.3508,0.0928,0.2754,0.0991,1.0830,0.2756,-0.0978,34.5558,36.5665,-0.0841,nan,nan,nan,nan
32.0186,0.0159,0.1005,1.1760,-0.1075,-0.3477,0.0908,0.2754,0.0988,1.0831,0.2756,-0.0950,34.5554,36.5646,-0.0830,nan,nan,nan,nan
32.0503,0.0158,0.1000,1.1763,-0.1050,-0.3443,0.0897,0.2753,0.0983,1.0834,0.2756,-0.0952,34.5534,36.5593,-0.0793,nan,nan,nan,nan
32.0713,0.0157,0.0997,1.1765,-0.1050,-0.3443,0.0897,0.2752,0.0980,1.0836,0.2756,-0.0994,34.5522,36.5569,-0.0756,nan,nan,nan,nan
32.0982,0.0157,0.0994,1.1767,-0.1011,-0.3399,0.0889,0.2752,0.0977,1.0837,0.2757,-0.1001,34.5522,36.5556,-0.0750,nan,nan,nan,nan
32.1238,0.0156,0.0991,1.1769,-0.0969,-0.3345,0.0877,0.2751,0.0974,1.0839,0.2757,-0.1027,34.5527,36.5475,-0.0744,nan,nan,nan,nan
32.1566,0.0155,0.0986,1.1772,-0.0925,-0.3288,0.0856,0.2749,0.0969,1.0841,0.2757,-0.0997,34.5503,36.5421,-0.0767,nan,nan,nan,nan
32.1860,0.0153,0.0982,1.1775,-0.0881,-0.3225,0.0819,0.2748,0.0965,1.0844,0.2757,-0.0873,34.5461,36.5391,-0.0861,nan,nan,nan,nan
32.2272,0.0151,0.0977,1.1778,-0.0830,-0.3149,0.0783,0.2746,0.0961,1.0846,0.2757,-0.0756,34.5423,36.5346,-0.1128,nan,nan,nan,nan
32.2554,0.0150,0.0974,1.1780,-0.0830,-0.3149,0.0783,0.2745,0.0958,1.0848,0.2757,-0.0665,34.5404,36.5328,-0.1401,nan,nan,nan,nan
32.2776,0.0150,0.0973,1.1781,-0.0770,-0.3061,0.0741,0.2745,0.0957,1.0849,0.2757,-0.0636,34.5401,36.5324,-0.1503,nan,nan,nan,nan
32.3023,0.0148,0.0969,1.1783,-0.0770,-0.3061,0.0741,0.2743,0.0954,1.0851,0.2757,-0.0593,34.5399,36.5318,-0.1688,nan,nan,nan,nan
32.3223,0.0148,0.0968,1.1784,-0.0698,-0.2965,0.0710,0.2743,0.0953,1.0851,0.2757,-0.0583,34.5386,36.5325,-0.1822,nan,nan,nan,nan
32.3468,0.0146,0.0965,1.1786,-0.0698,-0.2965,0.0710,0.2741,0.0949,1.0853,0.2757,-0.0621,34.5370,36.5331,-0.1887,nan,nan,nan,nan
32.3678,0.0145,0.0963,1.1788,-0.0611,-0.2863,0.0699,0.2740,0.0947,1.0854,0.2757,-0.0669,34.5360,36.5342,-0.1901,nan,nan,nan,nan
32.3977,0.0144,0.0959,1.1790,-0.0513,-0.2750,0.0694,0.2738,0.0943,1.0856,0.2757,-0.0766,34.5348,36.5364,-0.1905,nan,nan,nan,nan
32.4191,0.0142,0.0956,1.1792,-0.0513,-0.2750,0.0694,0.2736,0.0940,1.0858,0.2757,-0.0877,34.5351,36.5368,-0.1900,nan,nan,nan,nan
32.4450,0.0141,0.0954,1.1794,-0.0408,-0.2629,0.0693,0.2735,0.0937,1.0859,0.2757,-0.0914,34.5347,36.5370,-0.1894,nan,nan,nan,nan
32.4728,0.0139,0.0951,1.1796,-0.0299,-0.2506,0.0697,0.2733,0.0934,1.0861,0.2757,-0.1074,34.5343,36.5364,-0.1814,nan,nan,nan,nan
32.5017,0.0137,0.0947,1.1799,-0.0175,-0.2376,0.0714,0.2731,0.0929,1.0863,0.2758,-0.1349,34.5337,36.5353,-0.1724,nan,nan,nan,nan
32.5292,0.0134,0.0942,1.1802,-0.0049,-0.2241,0.0726,0.2728,0.0924,1.0866,0.2757,-0.1598,34.5332,36.5371,-0.1634,nan,nan,nan,nan
32.5532,0.0132,0.0939,1.1804,-0.0049,-0.2241,0.0726,0.2726,0.0920,1.0867,0.2757,-0.1694,34.5333,36.5398,-0.1590,nan,nan,nan,nan
32.5765,0.0131,0.0937,1.1806,0.0067,-0.2103,0.0718,0.2724,0.0918,1.0869,0.2757,-0.1695,34.5344,36.5409,-0.1571,nan,nan,nan,nan
32.6040,0.0129,0.0934,1.1808,0.0170,-0.1958,0.0685,0.2722,0.0915,1.0870,0.2757,-0.1637,34.5347,36.5436,-0.1547,nan,nan,nan,nan
32.6257,0.0127,0.0931,1.1810,0.0170,-0.1958,0.0685,0.2720,0.0912,1.0872,0.2757,-0.1571,34.5340,36.5432,-0.1507,nan,nan,nan,nan
32.6503,0.0126,0.0928,1.1811,0.0270,-0.1816,0.0643,0.2718,0.0910,1.0873,0.2757,-0.1512,34.5330,36.5433,-0.1482,nan,nan,nan,nan
32.6731,0.0123,0.0925,1.1814,0.0376,-0.1675,0.0609,0.2716,0.0907,1.0875,0.2757,-0.1427,34.5312,36.5441,-0.1504,nan,nan,nan,nan
32.7014,0.0120,0.0921,1.1817,0.0479,-0.1536,0.0569,0.2713,0.0903,1.0877,0.2758,-0.1298,34.5277,36.5433,-0.1563,nan,nan,nan,nan
32.7237,0.0118,0.0918,1.1819,0.0479,-0.1536,0.0569,0.2711,0.0901,1.0878,0.2758,-0.1168,34.5241,36.5387,-0.1593,nan,nan,nan,nan
32.7508,0.0117,0.0915,1.1820,0.0573,-0.1400,0.0525,0.2709,0.0899,1.0879,0.2758,-0.1075,34.5213,36.5359,-0.1584,nan,nan,nan,nan
32.7772,0.0114,0.0912,1.1822,0.0663,-0.1267,0.0483,0.2707,0.0896,1.0881,0.2758,-0.0933,34.5176,36.5302,-0.1539,nan,nan,nan,nan
32.8039,0.0112,0.0909,1.1824,0.0663,-0.1267,0.0483,0.2704,0.0893,1.0882,0.2758,-0.0822,34.5146,36.5264,-0.1511,nan,nan,nan,nan
32.8316,0.0110,0.0905,1.1826,0.0762,-0.1133,0.0448,0.2702,0.0890,1.0884,0.2758,-0.0781,34.5122,36.5234,-0.1495,nan,nan,nan,nan
32.8577,0.0108,0.0903,1.1828,0.0867,-0.0999,0.0432,0.2700,0.0888,1.0884,0.2758,-0.0786,34.5100,36.5215,-0.1479,nan,nan,nan,nan
32.8855,0.0105,0.0899,1.1831,0.0972,-0.0868,0.0423,0.2697,0.0884,1.0886,0.2758,-0.0806,34.5050,36.5176,-0.1437,nan,nan,nan,nan
32.9059,0.0103,0.0895,1.1833,0.0972,-0.0868,0.0423,0.2694,0.0881,1.0888,0.2759,-0.0799,34.5020,36.5172,-0.1411,nan,nan,nan,nan
32.9280,0.0101,0.0893,1.1834,0.1074,-0.0740,0.0409,0.2692,0.0878,1.0889,0.2759,-0.0799,34.4995,36.5168,-0.1400,nan,nan,nan,nan
32.9581,0.0099,0.0890,1.1836,0.1167,-0.0605,0.0400,0.2690,0.0875,1.0890,0.2759,-0.0781,34.4983,36.5182,-0.1423,nan,nan,nan,nan
32.9873,0.0095,0.0885,1.1839,0.1251,-0.0467,0.0387,0.2686,0.0871,1.0893,0.2758,-0.0729,34.4976,36.5248,-0.1457,nan,nan,nan,nan
33.0145,0.0093,0.0882,1.1841,0.1251,-0.0467,0.0387,0.2684,0.0868,1.0894,0.2758,-0.0723,34.4984,36.5295,-0.1453,nan,nan,nan,nan
33.0405,0.0091,0.0879,1.1842,0.1336,-0.0330,0.0385,0.2682,0.0865,1.0895,0.2758,-0.0735,34.4993,36.5339,-0.1441,nan,nan,nan,nan
33.0710,0.0089,0.0876,1.1844,0.1422,-0.0196,0.0395,0.2679,0.0862,1.0897,0.2758,-0.0800,34.5011,36.5412,-0.1412,nan,nan,nan,nan
33.0928,0.0086,0.0872,1.1846,0.1422,-0.0196,0.0395,0.2677,0.0858,1.0899,0.2758,-0.0803,34.5032,36.5461,-0.1404,nan,nan,nan,nan
33.1152,0.0085,0.0870,1.1847,0.1493,-0.0063,0.0396,0.2675,0.0856,1.0900,0.2758,-0.0772,34.5035,36.5502,-0.1390,nan,nan,nan,nan
33.1436,0.0082,0.0865,1.1850,0.1551,0.0062,0.0385,0.2671,0.0852,1.0902,0.2758,-0.0655,34.5037,36.5555,-0.1346,nan,nan,nan,nan
33.1653,0.0079,0.0861,1.1852,0.1591,0.0179,0.0362,0.2669,0.0849,1.0904,0.2758,-0.0484,34.5030,36.5584,-0.1290,nan,nan,nan,nan
33.1919,0.0077,0.0858,1.1853,0.1591,0.0179,0.0362,0.2666,0.0846,1.0905,0.2758,-0.0241,34.5025,36.5576,-0.1236,nan,nan,nan,nan
33.2181,0.0075,0.0855,1.1855,0.1612,0.0290,0.0324,0.2664,0.0844,1.0906,0.2758,-0.0151,34.5026,36.5571,-0.1209,nan,nan,nan,nan
33.2508,0.0073,0.0851,1.1857,0.1622,0.0398,0.0284,0.2662,0.0841,1.0908,0.2758,0.0216,34.5032,36.5576,-0.1090,nan,nan,nan,nan
33.2772,0.0070,0.0846,1.1859,0.1627,0.0503,0.0255,0.2658,0.0837,1.0910,0.2757,0.0540,34.5051,36.5590,-0.0967,nan,nan,nan,nan
33.3025,0.0067,0.0842,1.1861,0.1627,0.0503,0.0255,0.2656,0.0834,1.0911,0.2757,0.0647,34.5057,36.5596,-0.0884,nan,nan,nan,nan
33.3229,0.0065,0.0838,1.1863,0.1639,0.0598,0.0249,0.2653,0.0831,1.0913,0.2757,0.0778,34.5038,36.5646,-0.0750,nan,nan,nan,nan
33.3511,0.0063,0.0834,1.1864,0.1642,0.0684,0.0254,0.2651,0.0827,1.0914,0.2757,0.0862,34.5011,36.5693,-0.0685,nan,nan,nan,nan
33.3869,0.0060,0.0830,1.1866,0.1644,0.0765,0.0276,0.2648,0.0823,1.0916,0.2757,0.0863,34.4997,36.5739,-0.0709,nan,nan,nan,nan
33.4125,0.0058,0.0826,1.1868,0.1644,0.0765,0.0276,0.2646,0.0819,1.0917,0.2757,0.0813,34.4994,36.5776,-0.0744,nan,nan,nan,nan
33.4385,0.0056,0.0822,1.1869,0.1648,0.0843,0.0320,0.2644,0.0815,1.0919,0.2757,0.0711,34.4993,36.5828,-0.0816,nan,nan,nan,nan
33.4668,0.0054,0.0818,1.1871,0.1646,0.0915,0.0368,0.2641,0.0810,1.0920,0.2757,0.0562,34.4999,36.5867,-0.0886,nan,nan,nan,nan
33.5028,0.0051,0.0814,1.1873,0.1630,0.0980,0.0412,0.2639,0.0806,1.0922,0.2757,0.0487,34.4997,36.5886,-0.0866,nan,nan,nan,nan
33.5250,0.0049,0.0810,1.1874,0.1630,0.0980,0.0412,0.2637,0.0802,1.0923,0.2757,0.0458,34.4992,36.5887,-0.0860,nan,nan,nan,nan
33.5487,0.0048,0.0807,1.1875,0.1598,0.1035,0.0445,0.2635,0.0799,1.0924,0.2757,0.0457,34.4982,36.5888,-0.0853,nan,nan,nan,nan
33.5760,0.0046,0.0803,1.1877,0.1551,0.1085,0.0470,0.2633,0.0795,1.0926,0.2757,0.0479,34.4969,36.5929,-0.0866,nan,nan,nan,nan
33.6009,0.0044,0.0798,1.1879,0.1551,0.1085,0.0470,0.2631,0.0791,1.0927,0.2757,0.0496,34.4967,36.5956,-0.0834,nan,nan,nan,nan
33.6241,0.0041,0.0793,1.1881,0.1493,0.1133,0.0500,0.2628,0.0785,1.0929,0.2757,0.0528,34.4967,36.5987,-0.0789,nan,nan,nan,nan
33.6484,0.0039,0.0788,1.1882,0.1428,0.1177,0.0527,0.2626,0.0781,1.0931,0.2756,0.0555,34.4995,36.5990,-0.0744,nan,nan,nan,nan
33.6752,0.0038,0.0785,1.1883,0.1352,0.1216,0.0560,0.2625,0.0778,1.0932,0.2756,0.0556,34.5003,36.5999,-0.0686,nan,nan,nan,nan
33.6972,0.0036,0.0781,1.1885,0.1352,0.1216,0.0560,0.2622,0.0774,1.0933,0.2756,0.0537,34.5017,36.6011,-0.0625,nan,nan,nan,nan
33.7236,0.0034,0.0778,1.1886,0.1270,0.1251,0.0603,0.2621,0.0771,1.0934,0.2756,0.0519,34.5048,36.6026,-0.0629,nan,nan,nan,nan
33.7586,0.0032,0.0774,1.1887,0.1174,0.1282,0.0635,0.2619,0.0766,1.0936,0.2756,0.0540,34.5074,36.6055,-0.0682,nan,nan,nan,nan
33.7816,0.0031,0.0769,1.1889,0.1174,0.1282,0.0635,0.2617,0.0762,1.0938,0.2756,0.0566,34.5078,36.6071,-0.0661,nan,nan,nan,nan
33.8060,0.0029,0.0766,1.1890,0.1065,0.1300,0.0661,0.2616,0.0759,1.0938,0.2756,0.0596,34.5079,36.6076,-0.0611,nan,nan,nan,nan
33.8339,0.0028,0.0762,1.1891,0.0950,0.1310,0.0688,0.2614,0.0755,1.0940,0.2756,0.0648,34.5081,36.6063,-0.0543,nan,nan,nan,nan
33.8672,0.0025,0.0755,1.1893,0.0825,0.1310,0.0716,0.2612,0.0749,1.0942,0.2756,0.0715,34.5059,36.6063,-0.0469,nan,nan,nan,nan
33.8897,0.0023,0.0751,1.1894,0.0825,0.1310,0.0716,0.2610,0.0744,1.0943,0.2756,0.0726,34.5051,36.6077,-0.0468,nan,nan,nan,nan
33.9173,0.0022,0.0748,1.1895,0.0701,0.1307,0.0756,0.2609,0.0741,1.0944,0.2756,0.0701,34.5038,36.6099,-0.0483,nan,nan,nan,nan
33.9522,0.0021,0.0743,1.1897,0.0592,0.1293,0.0815,0.2607,0.0736,1.0945,0.2756,0.0519,34.4998,36.6145,-0.0487,nan,nan,nan,nan
33.9868,0.0019,0.0737,1.1898,0.0487,0.1272,0.0886,0.2605,0.0729,1.0947,0.2756,0.0249,34.4967,36.6195,-0.0468,nan,nan,nan,nan
34.0126,0.0016,0.0731,1.1900,0.0376,0.1249,0.0947,0.2603,0.0722,1.0949,0.2756,0.0012,34.4953,36.6220,-0.0486,nan,nan,nan,nan
34.0495,0.0014,0.0725,1.1902,0.0265,0.1218,0.1007,0.2601,0.0715,1.0951,0.2756,-0.0235,34.4927,36.6252,-0.0482,nan,nan,nan,nan
34.0701,0.0013,0.0721,1.1903,0.0265,0.1218,0.1007,0.2599,0.0709,1.0952,0.2756,-0.0379,34.4919,36.6280,-0.0468,nan,nan,nan,nan
34.0939,0.0012,0.0716,1.1904,0.0159,0.1185,0.1073,0.2598,0.0704,1.0954,0.2756,-0.0593,34.4925,36.6314,-0.0470,nan,nan,nan,nan
34.1146,0.0010,0.0712,1.1906,0.0050,0.1150,0.1127,0.2597,0.0699,1.0955,0.2756,-0.0767,34.4947,36.6326,-0.0497,nan,nan,nan,nan
34.1401,0.0009,0.0707,1.1907,-0.0071,0.1112,0.1166,0.2595,0.0694,1.0957,0.2755,-0.0888,34.4967,36.6344,-0.0500,nan,nan,nan,nan
34.1655,0.0007,0.0701,1.1908,-0.0198,0.1067,0.1186,0.2593,0.0687,1.0959,0.2755,-0.0914,34.4973,36.6364,-0.0476,nan,nan,nan,nan
34.1872,0.0006,0.0696,1.1910,-0.0198,0.1067,0.1186,0.2592,0.0682,1.0960,0.2755,-0.0953,34.4984,36.6368,-0.0415,nan,nan,nan,nan
34.2115,0.0005,0.0693,1.1910,-0.0320,0.1017,0.1210,0.2591,0.0679,1.0961,0.2755,-0.0973,34.4982,36.6376,-0.0376,nan,nan,nan,nan
34.2387,0.0003,0.0689,1.1911,-0.0445,0.0961,0.1219,0.2590,0.0675,1.0962,0.2755,-0.0942,34.4969,36.6389,-0.0328,nan,nan,nan,nan
34.2725,0.0002,0.0683,1.1913,-0.0573,0.0906,0.1206,0.2589,0.0669,1.0964,0.2755,-0.0802,34.4963,36.6408,-0.0253,nan,nan,nan,nan
34.3083,0.0000,0.0676,1.1914,-0.0703,0.0849,0.1182,0.2587,0.0663,1.0966,0.2755,-0.0595,34.4976,36.6431,-0.0201,nan,nan,nan,nan
34.3304,-0.0001,0.0672,1.1915,-0.0703,0.0849,0.1182,0.2586,0.0659,1.0967,0.2755,-0.0494,34.4993,36.6416,-0.0162,nan,nan,nan,nan
34.3527,-0.0002,0.0667,1.1916,-0.0824,0.0791,0.1162,0.2585,0.0655,1.0968,0.2755,-0.0335,34.5002,36.6399,-0.0133,nan,nan,nan,nan
34.3736,-0.0003,0.0663,1.1917,-0.0936,0.0727,0.1137,0.2584,0.0651,1.0970,0.2755,-0.0249,34.5002,36.6404,-0.0118,nan,nan,nan,nan
34.3992,-0.0004,0.0658,1.1918,-0.1044,0.0660,0.1116,0.2583,0.0647,1.0971,0.2755,-0.0097,34.5015,36.6382,-0.0030,nan,nan,nan,nan
34.4244,-0.0006,0.0654,1.1919,-0.1044,0.0660,0.1116,0.2582,0.0643,1.0972,0.2755,-0.0016,34.5018,36.6373,0.0052,nan,nan,nan,nan
34.4476,-0.0006,0.0651,1.1920,-0.1145,0.0588,0.1104,0.2581,0.0640,1.0973,0.2755,0.0026,34.5010,36.6364,0.0119,nan,nan,nan,nan
34.4841,-0.0007,0.0647,1.1921,-0.1237,0.0515,0.1089,0.2580,0.0635,1.0974,0.2755,0.0081,34.5003,36.6384,0.0248,nan,nan,nan,nan
34.5089,-0.0008,0.0643,1.1922,-0.1237,0.0515,0.1089,0.2579,0.0631,1.0975,0.2755,0.0124,34.5022,36.6433,0.0322,nan,nan,nan,nan
34.5300,-0.0009,0.0640,1.1923,-0.1325,0.0447,0.1079,0.2578,0.0628,1.0976,0.2755,0.0131,34.5026,36.6447,0.0342,nan,nan,nan,nan
34.5513,-0.0010,0.0635,1.1923,-0.1405,0.0371,0.1083,0.2577,0.0624,1.0978,0.2755,0.0104,34.5011,36.6501,0.0354,nan,nan,nan,nan
34.5823,-0.0012,0.0630,1.1925,-0.1482,0.0296,0.1080,0.2576,0.0618,1.0979,0.2755,0.0115,34.5006,36.6539,0.0364,nan,nan,nan,nan
34.6055,-0.0013,0.0626,1.1926,-0.1482,0.0296,0.1080,0.2575,0.0614,1.0980,0.2755,0.0154,34.5008,36.6548,0.0391,nan,nan,nan,nan
34.6275,-0.0013,0.0623,1.1926,-0.1562,0.0225,0.1066,0.2574,0.0612,1.0981,0.2755,0.0224,34.5016,36.6548,0.0472,nan,nan,nan,nan
34.6561,-0.0014,0.0619,1.1927,-0.1632,0.0153,0.1043,0.2573,0.0608,1.0982,0.2755,0.0305,34.5014,36.6554,0.0525,nan,nan,nan,nan
34.6817,-0.0016,0.0614,1.1928,-0.1698,0.0086,0.1018,0.2572,0.0603,1.0984,0.2755,0.0434,34.5028,36.6544,0.0574,nan,nan,nan,nan
34.7022,-0.0017,0.0610,1.1929,-0.1698,0.0086,0.1018,0.2571,0.0599,1.0985,0.2755,0.0491,34.5032,36.6557,0.0609,nan,nan,nan,nan
34.7233,-0.0017,0.0607,1.1929,-0.1758,0.0022,0.0998,0.2571,0.0596,1.0986,0.2755,0.0572,34.5047,36.6581,0.0672,nan,nan,nan,nan
34.7550,-0.0018,0.0603,1.1930,-0.1807,-0.0037,0.0980,0.2570,0.0593,1.0987,0.2755,0.0625,34.5062,36.6617,0.0708,nan,nan,nan,nan
34.7764,-0.0019,0.0599,1.1931,-0.1807,-0.0037,0.0980,0.2569,0.0589,1.0988,0.2754,0.0657,34.5075,36.6633,0.0720,nan,nan,nan,nan
34.7985,-0.0020,0.0597,1.1932,-0.1848,-0.0093,0.0967,0.2568,0.0586,1.0989,0.2754,0.0684,34.5084,36.6651,0.0749,nan,nan,nan,nan
34.8288,-0.0021,0.0593,1.1932,-0.1887,-0.0148,0.0951,0.2567,0.0583,1.0990,0.2754,0.0764,34.5086,36.6665,0.0809,nan,nan,nan,nan
34.8588,-0.0022,0.0588,1.1933,-0.1923,-0.0194,0.0935,0.2566,0.0578,1.0991,0.2754,0.0870,34.5105,36.6677,0.0892,nan,nan,nan,nan
34.8820,-0.0023,0.0584,1.1934,-0.1923,-0.0194,0.0935,0.2565,0.0575,1.0992,0.2754,0.0947,34.5121,36.6669,0.0958,nan,nan,nan,nan
34.9036,-0.0024,0.0582,1.1934,-0.1955,-0.0236,0.0909,0.2564,0.0573,1.0992,0.2754,0.1061,34.5131,36.6653,0.1076,nan,nan,nan,nan
34.9318,-0.0025,0.0578,1.1935,-0.1975,-0.0274,0.0893,0.2563,0.0569,1.0993,0.2754,0.1115,34.5148,36.6635,0.1270,nan,nan,nan,nan
34.9543,-0.0026,0.0575,1.1936,-0.1975,-0.0274,0.0893,0.2562,0.0566,1.0994,0.2754,0.1122,34.5161,36.6631,0.1397,nan,nan,nan,nan
34.9764,-0.0027,0.0573,1.1936,-0.1979,-0.0304,0.0887,0.2562,0.0564,1.0995,0.2754,0.1119,34.5186,36.6611,0.1559,nan,nan,nan,nan
35.0124,-0.0028,0.0569,1.1937,-0.1979,-0.0332,0.0884,0.2561,0.0560,1.0995,0.2754,0.1120,34.5188,36.6584,0.1670,nan,nan,nan,nan
35.0388,-0.0029,0.0566,1.1938,-0.1979,-0.0332,0.0884,0.2560,0.0557,1.0996,0.2754,0.1131,34.5185,36.6592,0.1723,nan,nan,nan,nan
35.0626,-0.0030,0.0564,1.1938,-0.1978,-0.0355,0.0880,0.2559,0.0555,1.0997,0.2754,0.1136,34.5187,36.6592,0.1723,nan,nan,nan,nan
35.0995,-0.0031,0.0561,1.1939,-0.1970,-0.0373,0.0879,0.2558,0.0551,1.0997,0.2754,0.1140,34.5187,36.6577,0.1702,nan,nan,nan,nan
35.1214,-0.0032,0.0557,1.1939,-0.1970,-0.0373,0.0879,0.2557,0.0548,1.0998,0.2755,0.1129,34.5184,36.6552,0.1677,nan,nan,nan,nan
35.1454,-0.0033,0.0555,1.1940,-0.1952,-0.0387,0.0877,0.2556,0.0546,1.0998,0.2755,0.1119,34.5165,36.6528,0.1620,nan,nan,nan,nan
35.1657,-0.0033,0.0553,1.1940,-0.1952,-0.0387,0.0877,0.2555,0.0544,1.0999,0.2755,0.1124,34.5159,36.6532,0.1588,nan,nan,nan,nan
35.1938,-0.0034,0.0551,1.1941,-0.1935,-0.0390,0.0873,0.2555,0.0542,1.0999,0.2755,0.1125,34.5156,36.6542,0.1570,nan,nan,nan,nan
35.2143,-0.0035,0.0548,1.1941,-0.1912,-0.0382,0.0872,0.2553,0.0539,1.1000,0.2754,0.1132,34.5150,36.6592,0.1519,nan,nan,nan,nan
35.2473,-0.0037,0.0544,1.1942,-0.1889,-0.0366,0.0870,0.2552,0.0535,1.1001,0.2754,0.1159,34.5151,36.6627,0.1506,nan,nan,nan,nan
35.2716,-0.0038,0.0541,1.1943,-0.1889,-0.0366,0.0870,0.2551,0.0532,1.1001,0.2754,0.1160,34.5149,36.6621,0.1493,nan,nan,nan,nan
35.2947,-0.0039,0.0538,1.1943,-0.1856,-0.0345,0.0869,0.2550,0.0529,1.1001,0.2754,0.1124,34.5137,36.6612,0.1476,nan,nan,nan,nan
35.3183,-0.0040,0.0536,1.1943,-0.1813,-0.0318,0.0876,0.2549,0.0527,1.1002,0.2754,0.1103,34.5133,36.6614,0.1424,nan,nan,nan,nan
35.3549,-0.0041,0.0533,1.1944,-0.1769,-0.0284,0.0877,0.2547,0.0524,1.1002,0.2754,0.1092,34.5119,36.6644,0.1371,nan,nan,nan,nan
35.3816,-0.0042,0.0530,1.1945,-0.1769,-0.0284,0.0877,0.2546,0.0521,1.1003,0.2754,0.1124,34.5111,36.6667,0.1369,nan,nan,nan,nan
35.4020,-0.0043,0.0528,1.1945,-0.1730,-0.0242,0.0863,0.2545,0.0519,1.1003,0.2754,0.1173,34.5097,36.6701,0.1388,nan,nan,nan,nan
35.4292,-0.0044,0.0526,1.1945,-0.1689,-0.0193,0.0851,0.2544,0.0517,1.1003,0.2754,0.1250,34.5084,36.6756,0.1438,nan,nan,nan,nan
35.4613,-0.0046,0.0522,1.1946,-0.1635,-0.0141,0.0857,0.2542,0.0513,1.1004,0.2754,0.1210,34.5073,36.6772,0.1466,nan,nan,nan,nan
35.4838,-0.0047,0.0520,1.1947,-0.1635,-0.0141,0.0857,0.2541,0.0511,1.1004,0.2754,0.1069,34.5058,36.6754,0.1447,nan,nan,nan,nan
35.5053,-0.0048,0.0518,1.1947,-0.1562,-0.0089,0.0887,0.2540,0.0508,1.1004,0.2754,0.1009,34.5056,36.6746,0.1442,nan,nan,nan,nan
35.5411,-0.0049,0.0516,1.1947,-0.1480,-0.0027,0.0923,0.2539,0.0505,1.1004,0.2754,0.0740,34.5070,36.6709,0.1432,nan,nan,nan,nan
35.5678,-0.0050,0.0513,1.1948,-0.1480,-0.0027,0.0923,0.2538,0.0502,1.1005,0.2754,0.0504,34.5087,36.6711,0.1429,nan,nan,nan,nan
35.5973,-0.0051,0.0512,1.1948,-0.1392,0.0041,0.0970,0.2537,0.0500,1.1005,0.2754,0.0332,34.5090,36.6705,0.1432,nan,nan,nan,nan
35.6362,-0.0052,0.0509,1.1949,-0.1302,0.0108,0.1015,0.2535,0.0497,1.1005,0.2754,0.0109,34.5087,36.6700,0.1441,nan,nan,nan,nan
35.6617,-0.0053,0.0507,1.1949,-0.1302,0.0108,0.1015,0.2534,0.0494,1.1005,0.2754,-0.0032,34.5088,36.6704,0.1438,nan,nan,nan,nan
35.6907,-0.0054,0.0506,1.1949,-0.1213,0.0182,0.1051,0.2533,0.0492,1.1005,0.2754,-0.0151,34.5098,36.6703,0.1454,nan,nan,nan,nan
35.7289,-0.0055,0.0503,1.1950,-0.1131,0.0262,0.1061,0.2532,0.0490,1.1005,0.2754,-0.0259,34.5117,36.6683,0.1483,nan,nan,nan,nan
35.7500,-0.0056,0.0501,1.1950,-0.1131,0.0262,0.1061,0.2531,0.0488,1.1006,0.2754,-0.0249,34.5135,36.6691,0.1489,nan,nan,nan,nan
35.7744,-0.0057,0.0499,1.1950,-0.1065,0.0348,0.1050,0.2530,0.0486,1.1006,0.2754,-0.0197,34.5158,36.6696,0.1496,nan,nan,nan,nan
35.7945,-0.0058,0.0498,1.1950,-0.1065,0.0348,0.1050,0.2529,0.0485,1.1006,0.2754,-0.0112,34.5184,36.6690,0.1512,nan,nan,nan,nan
35.8230,-0.0059,0.0496,1.1951,-0.1003,0.0435,0.1020,0.2528,0.0484,1.1006,0.2754,0.0048,34.5215,36.6678,0.1548,nan,nan,nan,nan
35.8509,-0.0060,0.0494,1.1951,-0.0939,0.0521,0.0997,0.2527,0.0482,1.1006,0.2754,0.0113,34.5231,36.6681,0.1567,nan,nan,nan,nan
35.8736,-0.0061,0.0492,1.1951,-0.0939,0.0521,0.0997,0.2526,0.0480,1.1006,0.2754,0.0155,34.5245,36.6684,0.1600,nan,nan,nan,nan
35.8952,-0.0062,0.0490,1.1952,-0.0865,0.0605,0.0984,0.2525,0.0479,1.1006,0.2754,0.0215,34.5261,36.6681,0.1725,nan,nan,nan,nan
35.9164,-0.0063,0.0488,1.1952,-0.0784,0.0681,0.0970,0.2524,0.0477,1.1006,0.2754,0.0241,34.5259,36.6683,0.1758,nan,nan,nan,nan
35.9475,-0.0064,0.0486,1.1952,-0.0701,0.0753,0.0962,0.2522,0.0475,1.1007,0.2754,0.0274,34.5241,36.6700,0.1788,nan,nan,nan,nan
35.9722,-0.0065,0.0483,1.1953,-0.0615,0.0822,0.0962,0.2521,0.0472,1.1007,0.2754,0.0266,34.5222,36.6733,0.1834,nan,nan,nan,nan
36.0052,-0.0067,0.0480,1.1953,-0.0525,0.0892,0.0967,0.2519,0.0469,1.1007,0.2754,0.0231,34.5231,36.6776,0.1837,nan,nan,nan,nan
36.0377,-0.0068,0.0478,1.1953,-0.0424,0.0957,0.0974,0.2518,0.0467,1.1007,0.2754,0.0148,34.5226,36.6792,0.1847,nan,nan,nan,nan
36.0666,-0.0069,0.0476,1.1954,-0.0424,0.0957,0.0974,0.2517,0.0464,1.1007,0.2754,0.0115,34.5230,36.6778,0.1818,nan,nan,nan,nan
36.0959,-0.0070,0.0474,1.1954,-0.0332,0.1020,0.0982,0.2516,0.0463,1.1007,0.2754,0.0087,34.5243,36.6747,0.1791,nan,nan,nan,nan
36.1369,-0.0071,0.0472,1.1954,-0.0244,0.1083,0.0982,0.2515,0.0461,1.1007,0.2754,0.0091,34.5275,36.6732,0.1732,nan,nan,nan,nan
36.1639,-0.0071,0.0470,1.1954,-0.0244,0.1083,0.0982,0.2514,0.0460,1.1007,0.2754,0.0165,34.5307,36.6708,0.1654,nan,nan,nan,nan
36.1927,-0.0072,0.0469,1.1955,-0.0163,0.1142,0.0961,0.2514,0.0459,1.1007,0.2754,0.0236,34.5314,36.6703,0.1634,nan,nan,nan,nan
36.2299,-0.0073,0.0467,1.1955,-0.0086,0.1193,0.0937,0.2513,0.0457,1.1007,0.2754,0.0350,34.5323,36.6671,0.1614,nan,nan,nan,nan
36.2589,-0.0074,0.0465,1.1955,-0.0086,0.1193,0.0937,0.2512,0.0456,1.1007,0.2754,0.0494,34.5318,36.6657,0.1591,nan,nan,nan,nan
36.2882,-0.0074,0.0463,1.1955,-0.0019,0.1236,0.0911,0.2512,0.0455,1.1007,0.2754,0.0594,34.5303,36.6665,0.1591,nan,nan,nan,nan
36.3233,-0.0075,0.0461,1.1955,0.0048,0.1273,0.0887,0.2511,0.0453,1.1007,0.2754,0.0733,34.5297,36.6658,0.1595,nan,nan,nan,nan
36.3510,-0.0075,0.0459,1.1956,0.0048,0.1273,0.0887,0.2510,0.0452,1.1007,0.2754,0.0872,34.5288,36.6657,0.1584,nan,nan,nan,nan
36.3789,-0.0076,0.0458,1.1956,0.0113,0.1307,0.0863,0.2510,0.0451,1.1007,0.2754,0.0970,34.5284,36.6647,0.1576,nan,nan,nan,nan
36.4169,-0.0077,0.0456,1.1956,0.0172,0.1337,0.0830,0.2509,0.0450,1.1007,0.2754,0.1153,34.5288,36.6602,0.1563,nan,nan,nan,nan
36.4447,-0.0077,0.0454,1.1956,0.0172,0.1337,0.0830,0.2508,0.0448,1.1007,0.2754,0.1342,34.5287,36.6603,0.1532,nan,nan,nan,nan
36.4705,-0.0077,0.0452,1.1956,0.0230,0.1363,0.0797,0.2508,0.0448,1.1008,0.2754,0.1394,34.5283,36.6607,0.1515,nan,nan,nan,nan
36.4949,-0.0078,0.0450,1.1956,0.0291,0.1385,0.0778,0.2507,0.0446,1.1008,0.2754,0.1569,34.5273,36.6650,0.1487,nan,nan,nan,nan
36.5192,-0.0079,0.0448,1.1957,0.0291,0.1385,0.0778,0.2507,0.0445,1.1008,0.2754,0.1668,34.5251,36.6669,0.1453,nan,nan,nan,nan
36.5442,-0.0079,0.0447,1.1957,0.0352,0.1398,0.0768,0.2506,0.0443,1.1008,0.2754,0.1705,34.5238,36.6685,0.1438,nan,nan,nan,nan
36.5797,-0.0079,0.0445,1.1957,0.0414,0.1408,0.0770,0.2506,0.0442,1.1008,0.2754,0.1734,34.5220,36.6731,0.1382,nan,nan,nan,nan
36.6050,-0.0080,0.0443,1.1957,0.0414,0.1408,0.0770,0.2506,0.0440,1.1008,0.2754,0.1772,34.5204,36.6745,0.1304,nan,nan,nan,nan
36.6288,-0.0080,0.0442,1.1957,0.0466,0.1414,0.0773,0.2505,0.0439,1.1008,0.2754,0.1813,34.5202,36.6745,0.1232,nan,nan,nan,nan
36.6606,-0.0080,0.0440,1.1957,0.0507,0.1418,0.0772,0.2505,0.0437,1.1008,0.2754,0.1883,34.5199,36.6747,0.1119,nan,nan,nan,nan
36.6893,-0.0081,0.0437,1.1957,0.0545,0.1413,0.0774,0.2504,0.0435,1.1008,0.2754,0.1948,34.5162,36.6751,0.1065,nan,nan,nan,nan
36.7120,-0.0081,0.0435,1.1958,0.0545,0.1413,0.0774,0.2504,0.0433,1.1009,0.2754,0.1950,34.5139,36.6752,0.1109,nan,nan,nan,nan
36.7369,-0.0081,0.0432,1.1958,0.0582,0.1406,0.0788,0.2504,0.0430,1.1009,0.2754,0.1936,34.5137,36.6756,0.1125,nan,nan,nan,nan
36.7575,-0.0081,0.0430,1.1958,0.0608,0.1399,0.0810,0.2504,0.0428,1.1009,0.2754,0.1934,34.5140,36.6753,0.1125,nan,nan,nan,nan
36.7819,-0.0081,0.0428,1.1958,0.0627,0.1390,0.0831,0.2504,0.0426,1.1009,0.2754,0.1918,34.5159,36.6705,0.1103,nan,nan,nan,nan
36.8047,-0.0082,0.0426,1.1958,0.0627,0.1390,0.0831,0.2504,0.0424,1.1009,0.2754,0.1889,34.5171,36.6679,0.1078,nan,nan,nan,nan
36.8258,-0.0082,0.0424,1.1958,0.0645,0.1377,0.0859,0.2504,0.0422,1.1009,0.2754,0.1815,34.5185,36.6636,0.1044,nan,nan,nan,nan
36.8534,-0.0082,0.0422,1.1958,0.0667,0.1354,0.0911,0.2504,0.0419,1.1009,0.2754,0.1642,34.5174,36.6611,0.0996,nan,nan,nan,nan
36.8862,-0.0082,0.0420,1.1958,0.0690,0.1329,0.0977,0.2504,0.0416,1.1009,0.2754,0.1343,34.5158,36.6624,0.0970,nan,nan,nan,nan
36.9143,-0.0082,0.0417,1.1958,0.0701,0.1299,0.1035,0.2504,0.0412,1.1010,0.2754,0.1089,34.5151,36.6593,0.0938,nan,nan,nan,nan
36.9343,-0.0082,0.0415,1.1959,0.0701,0.1299,0.1035,0.2504,0.0410,1.1010,0.2754,0.1036,34.5153,36.6564,0.0900,nan,nan,nan,nan
36.9564,-0.0082,0.0413,1.1959,0.0689,0.1267,0.1064,0.2504,0.0409,1.1010,0.2754,0.1068,34.5149,36.6521,0.0828,nan,nan,nan,nan
36.9917,-0.0081,0.0411,1.1959,0.0652,0.1232,0.1069,0.2504,0.0407,1.1010,0.2754,0.1175,34.5141,36.6483,0.0779,nan,nan,nan,nan
37.0135,-0.0081,0.0409,1.1959,0.0652,0.1232,0.1069,0.2504,0.0405,1.1010,0.2754,0.1247,34.5138,36.6452,0.0754,nan,nan,nan,nan
37.0337,-0.0081,0.0407,1.1959,0.0611,0.1194,0.1073,0.2505,0.0404,1.1010,0.2754,0.1311,34.5134,36.6419,0.0751,nan,nan,nan,nan
37.0659,-0.0081,0.0405,1.1959,0.0574,0.1150,0.1094,0.2505,0.0402,1.1010,0.2755,0.1343,34.5114,36.6368,0.0735,nan,nan,nan,nan
37.0952,-0.0081,0.0402,1.1959,0.0550,0.1102,0.1136,0.2505,0.0398,1.1010,0.2755,0.1204,34.5096,36.6287,0.0756,nan,nan,nan,nan
37.1187,-0.0081,0.0400,1.1959,0.0550,0.1102,0.1136,0.2506,0.0396,1.1010,0.2755,0.1094,34.5085,36.6268,0.0758,nan,nan,nan,nan
37.1417,-0.0080,0.0399,1.1959,0.0529,0.1053,0.1192,0.2506,0.0394,1.1010,0.2755,0.0966,34.5079,36.6275,0.0741,nan,nan,nan,nan
37.1750,-0.0080,0.0396,1.1959,0.0507,0.1007,0.1257,0.2506,0.0390,1.1010,0.2755,0.0665,34.5077,36.6311,0.0730,nan,nan,nan,nan
37.1969,-0.0080,0.0394,1.1959,0.0507,0.1007,0.1257,0.2507,0.0387,1.1011,0.2755,0.0389,34.5092,36.6336,0.0753,nan,nan,nan,nan
37.2242,-0.0079,0.0392,1.1959,0.0488,0.0964,0.1334,0.2507,0.0385,1.1011,0.2755,0.0168,34.5103,36.6347,0.0754,nan,nan,nan,nan
37.2540,-0.0079,0.0390,1.1959,0.0468,0.0918,0.1414,0.2507,0.0381,1.1011,0.2754,-0.0135,34.5105,36.6384,0.0759,nan,nan,nan,nan
37.2818,-0.0078,0.0387,1.1959,0.0432,0.0870,0.1468,0.2508,0.0377,1.1012,0.2754,-0.0397,34.5112,36.6430,0.0786,nan,nan,nan,nan
37.3081,-0.0078,0.0384,1.1959,0.0432,0.0870,0.1468,0.2508,0.0374,1.1012,0.2754,-0.0457,34.5110,36.6455,0.0837,nan,nan,nan,nan
37.3354,-0.0078,0.0383,1.1959,0.0375,0.0819,0.1493,0.2509,0.0373,1.1012,0.2754,-0.0461,34.5111,36.6477,0.0852,nan,nan,nan,nan
37.3570,-0.0077,0.0380,1.1960,0.0313,0.0770,0.1510,0.2509,0.0370,1.1013,0.2754,-0.0481,34.5111,36.6492,0.0813,nan,nan,nan,nan
37.3800,-0.0077,0.0378,1.1960,0.0313,0.0770,0.1510,0.2509,0.0368,1.1013,0.2754,-0.0511,34.5089,36.6523,0.0776,nan,nan,nan,nan
37.4025,-0.0076,0.0376,1.1960,0.0252,0.0714,0.1529,0.2510,0.0366,1.1013,0.2754,-0.0522,34.5080,36.6532,0.0761,nan,nan,nan,nan
37.4348,-0.0076,0.0374,1.1960,0.0193,0.0658,0.1553,0.2510,0.0363,1.1013,0.2754,-0.0597,34.5055,36.6543,0.0738,nan,nan,nan,nan
37.4697,-0.0075,0.0371,1.1960,0.0144,0.0604,0.1583,0.2511,0.0360,1.1013,0.2754,-0.0754,34.5054,36.6521,0.0701,nan,nan,nan,nan
37.4963,-0.0075,0.0368,1.1960,0.0099,0.0550,0.1610,0.2512,0.0356,1.1013,0.2754,-0.0915,34.5046,36.6515,0.0600,nan,nan,nan,nan
37.5188,-0.0074,0.0365,1.1960,0.0099,0.0550,0.1610,0.2513,0.0353,1.1014,0.2754,-0.0959,34.5027,36.6515,0.0526,nan,nan,nan,nan
37.5436,-0.0073,0.0363,1.1960,0.0040,0.0495,0.1619,0.2513,0.0351,1.1014,0.2754,-0.0921,34.5007,36.6512,0.0509,nan,nan,nan,nan
37.5666,-0.0073,0.0361,1.1960,-0.0027,0.0444,0.1608,0.2514,0.0349,1.1014,0.2754,-0.0874,34.5010,36.6512,0.0518,nan,nan,nan,nan
37.5919,-0.0073,0.0359,1.1960,-0.0027,0.0444,0.1608,0.2514,0.0347,1.1014,0.2754,-0.0772,34.5037,36.6511,0.0507,nan,nan,nan,nan
37.6170,-0.0072,0.0356,1.1960,-0.0097,0.0401,0.1583,0.2515,0.0345,1.1014,0.2754,-0.0693,34.5059,36.6496,0.0487,nan,nan,nan,nan
37.6432,-0.0072,0.0355,1.1960,-0.0167,0.0358,0.1557,0.2515,0.0344,1.1015,0.2754,-0.0582,34.5080,36.6488,0.0460,nan,nan,nan,nan
37.6677,-0.0071,0.0352,1.1960,-0.0232,0.0314,0.1543,0.2516,0.0341,1.1015,0.2754,-0.0507,34.5089,36.6504,0.0434,nan,nan,nan,nan
37.6924,-0.0070,0.0349,1.1960,-0.0232,0.0314,0.1543,0.2517,0.0338,1.1015,0.2754,-0.0467,34.5098,36.6494,0.0422,nan,nan,nan,nan
37.7132,-0.0070,0.0347,1.1960,-0.0294,0.0270,0.1534,0.2518,0.0336,1.1015,0.2754,-0.0450,34.5103,36.6481,0.0422,nan,nan,nan,nan
37.7367,-0.0069,0.0344,1.1960,-0.0343,0.0226,0.1533,0.2519,0.0332,1.1015,0.2754,-0.0507,34.5109,36.6439,0.0408,nan,nan,nan,nan
37.7604,-0.0068,0.0341,1.1960,-0.0383,0.0180,0.1542,0.2519,0.0329,1.1016,0.2754,-0.0597,34.5112,36.6378,0.0409,nan,nan,nan,nan
37.7857,-0.0067,0.0338,1.1960,-0.0422,0.0137,0.1544,0.2520,0.0326,1.1016,0.2755,-0.0636,34.5121,36.6349,0.0373,nan,nan,nan,nan
37.8070,-0.0067,0.0336,1.1960,-0.0466,0.0099,0.1529,0.2521,0.0324,1.1016,0.2755,-0.0607,34.5151,36.6296,0.0266,nan,nan,nan,nan
37.8331,-0.0066,0.0334,1.1960,-0.0466,0.0099,0.1529,0.2522,0.0322,1.1016,0.2755,-0.0553,34.5157,36.6273,0.0176,nan,nan,nan,nan
37.8577,-0.0065,0.0331,1.1960,-0.0512,0.0058,0.1499,0.2522,0.0320,1.1016,0.2755,-0.0459,34.5145,36.6255,0.0087,nan,nan,nan,nan
37.8822,-0.0065,0.0329,1.1960,-0.0556,0.0021,0.1468,0.2523,0.0318,1.1016,0.2755,-0.0368,34.5138,36.6261,0.0087,nan,nan,nan,nan
37.9053,-0.0064,0.0327,1.1960,-0.0592,-0.0015,0.1447,0.2524,0.0316,1.1016,0.2755,-0.0303,34.5113,36.6285,0.0104,nan,nan,nan,nan
37.9381,-0.0063,0.0324,1.1961,-0.0616,-0.0045,0.1428,0.2524,0.0313,1.1017,0.2755,-0.0284,34.5104,36.6321,0.0141,nan,nan,nan,nan
37.9649,-0.0063,0.0321,1.1961,-0.0638,-0.0065,0.1408,0.2525,0.0310,1.1017,0.2754,-0.0246,34.5124,36.6360,0.0134,nan,nan,nan,nan
37.9960,-0.0062,0.0318,1.1961,-0.0656,-0.0080,0.1389,0.2526,0.0307,1.1017,0.2754,-0.0216,34.5143,36.6394,0.0167,nan,nan,nan,nan
38.0217,-0.0061,0.0315,1.1961,-0.0659,-0.0094,0.1378,0.2527,0.0304,1.1018,0.2754,-0.0269,34.5150,36.6442,0.0192,nan,nan,nan,nan
38.0503,-0.0060,0.0312,1.1961,-0.0659,-0.0100,0.1364,0.2528,0.0301,1.1018,0.2754,-0.0292,34.5163,36.6505,0.0225,nan,nan,nan,nan
38.0743,-0.0059,0.0310,1.1961,-0.0659,-0.0100,0.1364,0.2528,0.0299,1.1018,0.2754,-0.0297,34.5167,36.6558,0.0240,nan,nan,nan,nan
38.1016,-0.0059,0.0309,1.1961,-0.0659,-0.0102,0.1347,0.2528,0.0297,1.1018,0.2754,-0.0303,34.5166,36.6613,0.0255,nan,nan,nan,nan
38.1388,-0.0058,0.0307,1.1961,-0.0654,-0.0103,0.1335,0.2529,0.0295,1.1019,0.2754,-0.0337,34.5158,36.6671,0.0249,nan,nan,nan,nan
38.1615,-0.0058,0.0305,1.1961,-0.0654,-0.0103,0.1335,0.2529,0.0293,1.1019,0.2754,-0.0369,34.5137,36.6699,0.0224,nan,nan,nan,nan
38.1840,-0.0057,0.0303,1.1961,-0.0640,-0.0102,0.1323,0.2530,0.0290,1.1019,0.2754,-0.0423,34.5131,36.6736,0.0151,nan,nan,nan,nan
38.2126,-0.0057,0.0301,1.1961,-0.0634,-0.0090,0.1308,0.2531,0.0288,1.1019,0.2754,-0.0421,34.5128,36.6763,0.0130,nan,nan,nan,nan
38.2429,-0.0056,0.0299,1.1961,-0.0629,-0.0077,0.1287,0.2531,0.0286,1.1019,0.2754,-0.0413,34.5126,36.6758,0.0110,nan,nan,nan,nan
38.2709,-0.0055,0.0296,1.1961,-0.0624,-0.0060,0.1265,0.2532,0.0284,1.1019,0.2754,-0.0391,34.5119,36.6746,0.0081,nan,nan,nan,nan
38.2946,-0.0055,0.0294,1.1961,-0.0624,-0.0060,0.1265,0.2532,0.0282,1.1019,0.2754,-0.0384,34.5122,36.6740,0.0059,nan,nan,nan,nan
38.3195,-0.0054,0.0293,1.1961,-0.0618,-0.0039,0.1241,0.2533,0.0280,1.1019,0.2754,-0.0347,34.5126,36.6731,0.0056,nan,nan,nan,nan
38.3430,-0.0054,0.0290,1.1961,-0.0613,-0.0013,0.1214,0.2533,0.0278,1.1019,0.2754,-0.0287,34.5148,36.6708,0.0091,nan,nan,nan,nan
38.3707,-0.0053,0.0288,1.1962,-0.0610,0.0019,0.1175,0.2534,0.0276,1.1019,0.2754,-0.0192,34.5182,36.6686,0.0122,nan,nan,nan,nan
38.3925,-0.0053,0.0286,1.1962,-0.0610,0.0019,0.1175,0.2535,0.0275,1.1019,0.2754,-0.0044,34.5203,36.6682,0.0162,nan,nan,nan,nan
38.4157,-0.0052,0.0285,1.1962,-0.0613,0.0053,0.1120,0.2535,0.0274,1.1019,0.2754,0.0093,34.5213,36.6656,0.0180,nan,nan,nan,nan
38.4470,-0.0052,0.0283,1.1962,-0.0628,0.0080,0.1054,0.2535,0.0273,1.1019,0.2754,0.0340,34.5209,36.6613,0.0172,nan,nan,nan,nan
38.4756,-0.0051,0.0280,1.1962,-0.0645,0.0106,0.0992,0.2536,0.0271,1.1018,0.2754,0.0643,34.5189,36.6571,0.0075,nan,nan,nan,nan
38.5026,-0.0050,0.0279,1.1962,-0.0645,0.0106,0.0992,0.2537,0.0270,1.1018,0.2754,0.0763,34.5193,36.6557,0.0016,nan,nan,nan,nan
38.5301,-0.0050,0.0277,1.1962,-0.0655,0.0138,0.0944,0.2537,0.0269,1.1018,0.2754,0.0844,34.5201,36.6552,-0.0056,nan,nan,nan,nan
38.5522,-0.0050,0.0276,1.1962,-0.0654,0.0173,0.0918,0.2538,0.0267,1.1018,0.2754,0.0910,34.5230,36.6524,-0.0283,nan,nan,nan,nan
38.5779,-0.0049,0.0274,1.1962,-0.0654,0.0173,0.0918,0.2538,0.0266,1.1018,0.2754,0.0933,34.5257,36.6494,-0.0463,nan,nan,nan,nan
38.6063,-0.0049,0.0273,1.1962,-0.0655,0.0209,0.0894,0.2539,0.0264,1.1018,0.2754,0.0962,34.5279,36.6472,-0.0679,nan,nan,nan,nan
38.6390,-0.0048,0.0271,1.1962,-0.0660,0.0245,0.0869,0.2539,0.0263,1.1018,0.2754,0.1020,34.5319,36.6440,-0.1083,nan,nan,nan,nan
38.6656,-0.0047,0.0269,1.1962,-0.0660,0.0245,0.0869,0.2540,0.0261,1.1018,0.2754,0.1022,34.5327,36.6418,-0.1206,nan,nan,nan,nan
38.6879,-0.0047,0.0268,1.1962,-0.0660,0.0273,0.0857,0.2540,0.0260,1.1018,0.2754,0.0998,34.5330,36.6376,-0.1337,nan,nan,nan,nan
38.7136,-0.0046,0.0266,1.1962,-0.0659,0.0299,0.0856,0.2541,0.0258,1.1018,0.2754,0.0943,34.5331,36.6347,-0.1372,nan,nan,nan,nan
38.7522,-0.0046,0.0264,1.1963,-0.0657,0.0319,0.0867,0.2542,0.0255,1.1018,0.2754,0.0817,34.5308,36.6331,-0.1348,nan,nan,nan,nan
38.7822,-0.0045,0.0262,1.1963,-0.0652,0.0336,0.0892,0.2542,0.0252,1.1018,0.2754,0.0620,34.5271,36.6323,-0.1312,nan,nan,nan,nan
38.8096,-0.0044,0.0260,1.1963,-0.0652,0.0336,0.0892,0.2543,0.0250,1.1018,0.2754,0.0513,34.5236,36.6339,-0.1286,nan,nan,nan,nan
38.8306,-0.0044,0.0259,1.1963,-0.0646,0.0348,0.0920,0.2543,0.0248,1.1018,0.2754,0.0400,34.5204,36.6369,-0.1252,nan,nan,nan,nan
38.8622,-0.0043,0.0258,1.1963,-0.0640,0.0363,0.0952,0.2544,0.0246,1.1018,0.2754,0.0154,34.5165,36.6434,-0.1152,nan,nan,nan,nan
38.8988,-0.0042,0.0256,1.1963,-0.0632,0.0376,0.0988,0.2545,0.0243,1.1018,0.2754,-0.0116,34.5134,36.6474,-0.1031,nan,nan,nan,nan
38.9292,-0.0041,0.0254,1.1963,-0.0615,0.0389,0.1026,0.2545,0.0240,1.1018,0.2754,-0.0431,34.5118,36.6518,-0.0934,nan,nan,nan,nan
38.9558,-0.0041,0.0252,1.1963,-0.0615,0.0389,0.1026,0.2546,0.0238,1.1018,0.2754,-0.0670,34.5121,36.6542,-0.0872,nan,nan,nan,nan
38.9816,-0.0040,0.0251,1.1963,-0.0597,0.0405,0.1064,0.2546,0.0236,1.1018,0.2754,-0.0747,34.5118,36.6548,-0.0857,nan,nan,nan,nan
39.0148,-0.0040,0.0250,1.1963,-0.0586,0.0418,0.1096,0.2547,0.0234,1.1018,0.2754,-0.1001,34.5106,36.6571,-0.0787,nan,nan,nan,nan
39.0351,-0.0039,0.0248,1.1963,-0.0586,0.0418,0.1096,0.2548,0.0232,1.1018,0.2754,-0.1120,34.5105,36.6589,-0.0732,nan,nan,nan,nan
39.0577,-0.0038,0.0247,1.1963,-0.0584,0.0432,0.1113,0.2548,0.0231,1.1018,0.2754,-0.1149,34.5104,36.6591,-0.0730,nan,nan,nan,nan
39.0826,-0.0038,0.0246,1.1963,-0.0583,0.0440,0.1120,0.2549,0.0229,1.1018,0.2754,-0.1237,34.5074,36.6559,-0.0737,nan,nan,nan,nan
39.1190,-0.0037,0.0244,1.1964,-0.0583,0.0446,0.1123,0.2550,0.0227,1.1018,0.2754,-0.1294,34.5054,36.6469,-0.0730,nan,nan,nan,nan
39.1416,-0.0036,0.0243,1.1964,-0.0583,0.0446,0.1123,0.2551,0.0225,1.1018,0.2754,-0.1314,34.5045,36.6418,-0.0737,nan,nan,nan,nan
39.1661,-0.0035,0.0241,1.1964,-0.0581,0.0450,0.1124,0.2552,0.0224,1.1018,0.2755,-0.1348,34.5027,36.6384,-0.0701,nan,nan,nan,nan
39.1872,-0.0035,0.0240,1.1964,-0.0576,0.0451,0.1126,0.2552,0.0223,1.1017,0.2755,-0.1373,34.5004,36.6371,-0.0644,nan,nan,nan,nan
39.2133,-0.0034,0.0239,1.1964,-0.0576,0.0451,0.1126,0.2553,0.0221,1.1017,0.2755,-0.1399,34.4980,36.6360,-0.0573,nan,nan,nan,nan
39.2389,-0.0033,0.0238,1.1964,-0.0559,0.0446,0.1125,0.2553,0.0220,1.1017,0.2755,-0.1454,34.4945,36.6335,-0.0453,nan,nan,nan,nan
39.2592,-0.0033,0.0237,1.1964,-0.0536,0.0437,0.1133,0.2554,0.0218,1.1017,0.2755,-0.1532,34.4915,36.6295,-0.0421,nan,nan,nan,nan
39.2813,-0.0032,0.0235,1.1964,-0.0536,0.0437,0.1133,0.2555,0.0217,1.1017,0.2755,-0.1587,34.4899,36.6280,-0.0420,nan,nan,nan,nan
39.3060,-0.0031,0.0234,1.1964,-0.0510,0.0428,0.1146,0.2556,0.0216,1.1017,0.2755,-0.1655,34.4886,36.6277,-0.0408,nan,nan,nan,nan
39.3375,-0.0031,0.0233,1.1964,-0.0474,0.0420,0.1154,0.2556,0.0214,1.1017,0.2755,-0.1799,34.4893,36.6264,-0.0389,nan,nan,nan,nan
39.3751,-0.0029,0.0231,1.1964,-0.0448,0.0415,0.1156,0.2558,0.0212,1.1017,0.2755,-0.1854,34.4935,36.6230,-0.0395,nan,nan,nan,nan
39.4059,-0.0028,0.0230,1.1965,-0.0425,0.0407,0.1146,0.2559,0.0210,1.1018,0.2755,-0.1845,34.4978,36.6190,-0.0363,nan,nan,nan,nan
39.4328,-0.0027,0.0228,1.1965,-0.0400,0.0391,0.1138,0.2560,0.0208,1.1018,0.2755,-0.1836,34.4987,36.6160,-0.0345,nan,nan,nan,nan
39.4586,-0.0026,0.0227,1.1965,-0.0400,0.0391,0.1138,0.2561,0.0207,1.1018,0.2755,-0.1827,34.4990,36.6154,-0.0325,nan,nan,nan,nan
39.4795,-0.0026,0.0226,1.1965,-0.0373,0.0371,0.1127,0.2561,0.0206,1.1018,0.2755,-0.1807,34.4977,36.6168,-0.0291,nan,nan,nan,nan
39.5112,-0.0025,0.0224,1.1965,-0.0340,0.0345,0.1116,0.2562,0.0205,1.1018,0.2755,-0.1814,34.4952,36.6195,-0.0246,nan,nan,nan,nan
39.5323,-0.0024,0.0223,1.1965,-0.0340,0.0345,0.1116,0.2563,0.0204,1.1018,0.2755,-0.1908,34.4928,36.6225,-0.0180,nan,nan,nan,nan
39.5586,-0.0023,0.0222,1.1965,-0.0295,0.0315,0.1126,0.2564,0.0203,1.1019,0.2755,-0.1950,34.4922,36.6232,-0.0156,nan,nan,nan,nan
39.5833,-0.0022,0.0221,1.1965,-0.0241,0.0285,0.1144,0.2565,0.0200,1.1019,0.2755,-0.2220,34.4919,36.6240,-0.0060,nan,nan,nan,nan
39.6068,-0.0021,0.0220,1.1965,-0.0179,0.0254,0.1168,0.2566,0.0198,1.1019,0.2755,-0.2423,34.4930,36.6266,-0.0058,nan,nan,nan,nan
39.6385,-0.0020,0.0218,1.1965,-0.0120,0.0221,0.1182,0.2567,0.0196,1.1019,0.2755,-0.2639,34.4931,36.6302,-0.0003,nan,nan,nan,nan
39.6753,-0.0019,0.0217,1.1965,-0.0075,0.0185,0.1176,0.2568,0.0194,1.1020,0.2755,-0.2697,34.4933,36.6324,0.0118,nan,nan,nan,nan
39.7015,-0.0018,0.0215,1.1966,-0.0075,0.0185,0.1176,0.2569,0.0193,1.1020,0.2755,-0.2687,34.4924,36.6342,0.0175,nan,nan,nan,nan
39.7225,-0.0017,0.0215,1.1966,-0.0036,0.0144,0.1151,0.2570,0.0192,1.1020,0.2755,-0.2657,34.4918,36.6340,0.0194,nan,nan,nan,nan
39.7588,-0.0017,0.0213,1.1966,-0.0011,0.0098,0.1117,0.2571,0.0191,1.1020,0.2755,-0.2524,34.4896,36.6323,0.0214,nan,nan,nan,nan
39.7827,-0.0016,0.0212,1.1966,-0.0011,0.0098,0.1117,0.2572,0.0191,1.1020,0.2755,-0.2440,34.4882,36.6313,0.0259,nan,nan,nan,nan
39.8052,-0.0015,0.0211,1.1966,0.0011,0.0047,0.1077,0.2573,0.0190,1.1020,0.2755,-0.2309,34.4853,36.6294,0.0333,nan,nan,nan,nan
39.8304,-0.0014,0.0210,1.1966,0.0034,-0.0008,0.1039,0.2574,0.0189,1.1021,0.2755,-0.2191,34.4818,36.6287,0.0378,nan,nan,nan,nan
39.8545,-0.0013,0.0208,1.1966,0.0057,-0.0062,0.1002,0.2575,0.0188,1.1021,0.2755,-0.2031,34.4789,36.6263,0.0414,nan,nan,nan,nan
39.8788,-0.0012,0.0207,1.1966,0.0057,-0.0062,0.1002,0.2576,0.0187,1.1021,0.2755,-0.1939,34.4784,36.6213,0.0412,nan,nan,nan,nan
39.8998,-0.0011,0.0206,1.1966,0.0082,-0.0114,0.0971,0.2577,0.0187,1.1021,0.2755,-0.1885,34.4798,36.6173,0.0394,nan,nan,nan,nan
39.9255,-0.0010,0.0205,1.1966,0.0103,-0.0164,0.0936,0.2578,0.0186,1.1021,0.2755,-0.1775,34.4804,36.6127,0.0360,nan,nan,nan,nan
39.9491,-0.0010,0.0204,1.1967,0.0103,-0.0164,0.0936,0.2579,0.0185,1.1021,0.2755,-0.1659,34.4818,36.6088,0.0349,nan,nan,nan,nan
39.9756,-0.0009,0.0202,1.1967,0.0109,-0.0211,0.0886,0.2580,0.0185,1.1022,0.2756,-0.1343,34.4859,36.6028,0.0336,nan,nan,nan,nan
40.0018,-0.0008,0.0202,1.1967,0.0101,-0.0251,0.0820,0.2580,0.0185,1.1022,0.2756,-0.1135,34.4890,36.5999,0.0294,nan,nan,nan,nan
40.0243,-0.0007,0.0200,1.1967,0.0101,-0.0251,0.0820,0.2581,0.0185,1.1022,0.2756,-0.0792,34.4941,36.5966,0.0222,nan,nan,nan,nan
40.0490,-0.0007,0.0199,1.1967,0.0080,-0.0288,0.0745,0.2582,0.0185,1.1023,0.2756,-0.0676,34.4952,36.5965,0.0215,nan,nan,nan,nan
40.0804,-0.0006,0.0198,1.1967,0.0062,-0.0324,0.0685,0.2583,0.0184,1.1023,0.2755,-0.0296,34.5002,36.5969,0.0178,nan,nan,nan,nan
40.1166,-0.0005,0.0196,1.1967,0.0058,-0.0365,0.0648,0.2584,0.0183,1.1023,0.2755,-0.0090,34.5037,36.5942,0.0071,nan,nan,nan,nan
40.1378,-0.0004,0.0195,1.1967,0.0058,-0.0365,0.0648,0.2585,0.0182,1.1024,0.2756,-0.0051,34.5041,36.5918,0.0018,nan,nan,nan,nan
40.1600,-0.0003,0.0194,1.1967,0.0062,-0.0413,0.0644,0.2586,0.0181,1.1024,0.2756,-0.0069,34.5032,36.5906,-0.0004,nan,nan,nan,nan
40.1806,-0.0003,0.0193,1.1967,0.0078,-0.0461,0.0653,0.2586,0.0180,1.1024,0.2756,-0.0141,34.5024,36.5925,0.0035,nan,nan,nan,nan
40.2035,-0.0002,0.0192,1.1968,0.0078,-0.0461,0.0653,0.2587,0.0178,1.1024,0.2755,-0.0218,34.5023,36.5971,0.0043,nan,nan,nan,nan
40.2258,-0.0001,0.0191,1.1968,0.0086,-0.0505,0.0667,0.2588,0.0178,1.1025,0.2755,-0.0228,34.5024,36.5983,0.0040,nan,nan,nan,nan
40.2550,-0.0000,0.0190,1.1968,0.0081,-0.0548,0.0668,0.2589,0.0176,1.1025,0.2755,-0.0210,34.5022,36.6003,0.0048,nan,nan,nan,nan
40.2771,0.0000,0.0189,1.1968,0.0081,-0.0548,0.0668,0.2589,0.0175,1.1025,0.2755,-0.0189,34.5005,36.6006,0.0057,nan,nan,nan,nan
40.3025,0.0001,0.0187,1.1968,0.0064,-0.0595,0.0669,0.2591,0.0174,1.1025,0.2756,-0.0147,34.4967,36.5978,0.0081,nan,nan,nan,nan
40.3316,0.0002,0.0186,1.1968,0.0047,-0.0639,0.0677,0.2591,0.0173,1.1025,0.2756,-0.0144,34.4953,36.5947,0.0098,nan,nan,nan,nan
40.3698,0.0003,0.0185,1.1968,0.0026,-0.0675,0.0690,0.2592,0.0172,1.1025,0.2756,-0.0154,34.4949,36.5939,0.0137,nan,nan,nan,nan
40.3904,0.0003,0.0184,1.1968,0.0026,-0.0675,0.0690,0.2592,0.0171,1.1026,0.2756,-0.0154,34.4956,36.5944,0.0155,nan,nan,nan,nan
40.4173,0.0004,0.0183,1.1968,0.0004,-0.0700,0.0703,0.2593,0.0170,1.1026,0.2756,-0.0167,34.4965,36.5947,0.0169,nan,nan,nan,nan
40.4549,0.0004,0.0182,1.1969,-0.0015,-0.0722,0.0737,0.2594,0.0168,1.1026,0.2756,-0.0291,34.4974,36.5940,0.0255,nan,nan,nan,nan
40.4782,0.0005,0.0180,1.1969,-0.0015,-0.0722,0.0737,0.2595,0.0166,1.1026,0.2756,-0.0386,34.4971,36.5930,0.0304,nan,nan,nan,nan
40.4983,0.0006,0.0180,1.1969,-0.0032,-0.0743,0.0783,0.2595,0.0165,1.1026,0.2756,-0.0498,34.4967,36.5896,0.0363,nan,nan,nan,nan
40.5322,0.0006,0.0178,1.1969,-0.0049,-0.0756,0.0834,0.2596,0.0163,1.1026,0.2756,-0.0725,34.4980,36.5865,0.0498,nan,nan,nan,nan
40.5530,0.0007,0.0177,1.1969,-0.0049,-0.0756,0.0834,0.2596,0.0161,1.1027,0.2756,-0.0820,34.5007,36.5852,0.0554,nan,nan,nan,nan
40.5808,0.0007,0.0176,1.1969,-0.0073,-0.0755,0.0872,0.2597,0.0160,1.1027,0.2756,-0.0909,34.5047,36.5816,0.0636,nan,nan,nan,nan
40.6115,0.0008,0.0175,1.1969,-0.0111,-0.0751,0.0903,0.2597,0.0159,1.1027,0.2756,-0.0976,34.5083,36.5761,0.0711,nan,nan,nan,nan
40.6359,0.0008,0.0174,1.1969,-0.0150,-0.0749,0.0935,0.2598,0.0157,1.1027,0.2756,-0.1076,34.5097,36.5681,0.0703,nan,nan,nan,nan
40.6577,0.0009,0.0172,1.1970,-0.0150,-0.0749,0.0935,0.2599,0.0155,1.1027,0.2756,-0.1139,34.5083,36.5671,0.0729,nan,nan,nan,nan
40.6815,0.0009,0.0171,1.1970,-0.0187,-0.0748,0.0974,0.2599,0.0154,1.1027,0.2756,-0.1263,34.5064,36.5676,0.0801,nan,nan,nan,nan
40.7048,0.0010,0.0170,1.1970,-0.0215,-0.0738,0.1018,0.2599,0.0153,1.1027,0.2756,-0.1437,34.5060,36.5714,0.0877,nan,nan,nan,nan
40.7249,0.0010,0.0169,1.1970,-0.0215,-0.0738,0.1018,0.2600,0.0151,1.1027,0.2756,-0.1567,34.5074,36.5727,0.0925,nan,nan,nan,nan
40.7485,0.0011,0.0168,1.1970,-0.0238,-0.0717,0.1069,0.2600,0.0149,1.1028,0.2756,-0.1773,34.5096,36.5770,0.1012,nan,nan,nan,nan
40.7736,0.0011,0.0167,1.1970,-0.0266,-0.0690,0.1108,0.2601,0.0147,1.1028,0.2756,-0.1917,34.5120,36.5799,0.1090,nan,nan,nan,nan
40.8012,0.0012,0.0165,1.1970,-0.0308,-0.0663,0.1123,0.2601,0.0146,1.1028,0.2756,-0.1958,34.5132,36.5841,0.1111,nan,nan,nan,nan
40.8330,0.0012,0.0164,1.1970,-0.0353,-0.0633,0.1124,0.2601,0.0144,1.1028,0.2756,-0.1931,34.5150,36.5828,0.1076,nan,nan,nan,nan
40.8581,0.0012,0.0163,1.1970,-0.0353,-0.0633,0.1124,0.2602,0.0143,1.1028,0.2756,-0.1911,34.5160,36.5819,0.1062,nan,nan,nan,nan
40.8786,0.0013,0.0162,1.1971,-0.0397,-0.0600,0.1121,0.2602,0.0143,1.1028,0.2756,-0.1886,34.5168,36.5815,0.1039,nan,nan,nan,nan
40.9065,0.0013,0.0161,1.1971,-0.0441,-0.0566,0.1115,0.2602,0.0142,1.1028,0.2756,-0.1834,34.5189,36.5782,0.0973,nan,nan,nan,nan
40.9326,0.0013,0.0160,1.1971,-0.0441,-0.0566,0.1115,0.2603,0.0140,1.1028,0.2756,-0.1793,34.5204,36.5764,0.0931,nan,nan,nan,nan
40.9593,0.0013,0.0159,1.1971,-0.0485,-0.0529,0.1108,0.2603,0.0140,1.1028,0.2756,-0.1757,34.5210,36.5763,0.0883,nan,nan,nan,nan
40.9878,0.0014,0.0158,1.1971,-0.0525,-0.0490,0.1102,0.2603,0.0139,1.1028,0.2756,-0.1728,34.5220,36.5777,0.0830,nan,nan,nan,nan
41.0141,0.0014,0.0157,1.1971,-0.0525,-0.0490,0.1102,0.2603,0.0138,1.1028,0.2756,-0.1731,34.5232,36.5774,0.0816,nan,nan,nan,nan
41.0418,0.0014,0.0156,1.1971,-0.0555,-0.0452,0.1103,0.2603,0.0137,1.1028,0.2756,-0.1754,34.5232,36.5771,0.0794,nan,nan,nan,nan
41.0709,0.0014,0.0155,1.1971,-0.0578,-0.0419,0.1107,0.2604,0.0135,1.1028,0.2756,-0.1812,34.5214,36.5774,0.0766,nan,nan,nan,nan
41.0997,0.0015,0.0154,1.1972,-0.0599,-0.0383,0.1111,0.2604,0.0134,1.1028,0.2756,-0.1872,34.5213,36.5745,0.0738,nan,nan,nan,nan
41.1337,0.0015,0.0153,1.1972,-0.0609,-0.0349,0.1125,0.2604,0.0132,1.1028,0.2756,-0.2007,34.5217,36.5672,0.0676,nan,nan,nan,nan
41.1564,0.0015,0.0152,1.1972,-0.0609,-0.0349,0.1125,0.2605,0.0130,1.1028,0.2756,-0.2132,34.5221,36.5617,0.0711,nan,nan,nan,nan
41.1784,0.0015,0.0151,1.1972,-0.0609,-0.0318,0.1142,0.2605,0.0129,1.1028,0.2756,-0.2172,34.5220,36.5602,0.0729,nan,nan,nan,nan
41.2090,0.0016,0.0150,1.1972,-0.0606,-0.0288,0.1158,0.2605,0.0128,1.1028,0.2756,-0.2328,34.5219,36.5568,0.0789,nan,nan,nan,nan
41.2310,0.0016,0.0149,1.1972,-0.0606,-0.0288,0.1158,0.2605,0.0127,1.1028,0.2756,-0.2414,34.5217,36.5571,0.0850,nan,nan,nan,nan
41.2576,0.0016,0.0148,1.1972,-0.0602,-0.0261,0.1166,0.2605,0.0126,1.1028,0.2756,-0.2435,34.5216,36.5571,0.0869,nan,nan,nan,nan
41.2897,0.0016,0.0148,1.1972,-0.0598,-0.0236,0.1168,0.2606,0.0125,1.1028,0.2756,-0.2499,34.5203,36.5592,0.0894,nan,nan,nan,nan
41.3115,0.0016,0.0147,1.1973,-0.0598,-0.0236,0.1168,0.2606,0.0124,1.1028,0.2756,-0.2542,34.5208,36.5587,0.0903,nan,nan,nan,nan
41.3358,0.0017,0.0146,1.1973,-0.0592,-0.0212,0.1165,0.2606,0.0123,1.1028,0.2756,-0.2531,34.5214,36.5565,0.0894,nan,nan,nan,nan
41.3576,0.0017,0.0145,1.1973,-0.0587,-0.0191,0.1150,0.2606,0.0122,1.1028,0.2756,-0.2506,34.5217,36.5560,0.0868,nan,nan,nan,nan
41.3792,0.0017,0.0144,1.1973,-0.0587,-0.0191,0.1150,0.2606,0.0122,1.1028,0.2756,-0.2488,34.5211,36.5582,0.0836,nan,nan,nan,nan
41.4062,0.0017,0.0144,1.1973,-0.0571,-0.0174,0.1133,0.2606,0.0121,1.1028,0.2756,-0.2491,34.5207,36.5595,0.0832,nan,nan,nan,nan
41.4349,0.0017,0.0143,1.1973,-0.0548,-0.0161,0.1115,0.2606,0.0120,1.1028,0.2756,-0.2462,34.5193,36.5690,0.0805,nan,nan,nan,nan
41.4561,0.0017,0.0142,1.1973,-0.0548,-0.0161,0.1115,0.2606,0.0120,1.1029,0.2756,-0.2418,34.5193,36.5738,0.0761,nan,nan,nan,nan
41.4773,0.0018,0.0141,1.1973,-0.0527,-0.0149,0.1089,0.2606,0.0119,1.1029,0.2756,-0.2376,34.5201,36.5769,0.0699,nan,nan,nan,nan
41.5093,0.0018,0.0141,1.1973,-0.0504,-0.0146,0.1060,0.2607,0.0119,1.1029,0.2756,-0.2275,34.5189,36.5802,0.0586,nan,nan,nan,nan
41.5327,0.0018,0.0140,1.1974,-0.0504,-0.0146,0.1060,0.2607,0.0118,1.1029,0.2756,-0.2175,34.5171,36.5805,0.0537,nan,nan,nan,nan
41.5534,0.0018,0.0139,1.1974,-0.0480,-0.0149,0.1028,0.2607,0.0118,1.1029,0.2756,-0.2143,34.5169,36.5799,0.0522,nan,nan,nan,nan
41.5873,0.0018,0.0138,1.1974,-0.0453,-0.0160,0.0999,0.2607,0.0117,1.1029,0.2756,-0.2024,34.5145,36.5767,0.0479,nan,nan,nan,nan
41.6133,0.0018,0.0138,1.1974,-0.0453,-0.0160,0.0999,0.2607,0.0117,1.1029,0.2756,-0.1963,34.5126,36.5771,0.0452,nan,nan,nan,nan
41.6353,0.0018,0.0137,1.1974,-0.0426,-0.0171,0.0967,0.2607,0.0117,1.1029,0.2756,-0.1825,34.5118,36.5784,0.0360,nan,nan,nan,nan
41.6628,0.0019,0.0136,1.1974,-0.0406,-0.0184,0.0914,0.2608,0.0117,1.1029,0.2756,-0.1620,34.5113,36.5740,0.0285,nan,nan,nan,nan
41.6840,0.0019,0.0135,1.1974,-0.0406,-0.0184,0.0914,0.2608,0.0117,1.1029,0.2756,-0.1405,34.5097,36.5691,0.0304,nan,nan,nan,nan
41.7070,0.0019,0.0135,1.1974,-0.0386,-0.0205,0.0857,0.2608,0.0117,1.1029,0.2756,-0.1263,34.5083,36.5673,0.0330,nan,nan,nan,nan
41.7414,0.0019,0.0134,1.1974,-0.0365,-0.0229,0.0805,0.2608,0.0117,1.1029,0.2756,-0.1055,34.5073,36.5654,0.0357,nan,nan,nan,nan
41.7663,0.0019,0.0133,1.1975,-0.0365,-0.0229,0.0805,0.2608,0.0117,1.1029,0.2756,-0.0914,34.5069,36.5654,0.0390,nan,nan,nan,nan
41.7924,0.0019,0.0133,1.1975,-0.0347,-0.0254,0.0750,0.2608,0.0117,1.1030,0.2756,-0.0681,34.5067,36.5640,0.0435,nan,nan,nan,nan
41.8287,0.0019,0.0132,1.1975,-0.0336,-0.0280,0.0693,0.2609,0.0117,1.1030,0.2756,-0.0429,34.5057,36.5624,0.0422,nan,nan,nan,nan
41.8499,0.0019,0.0131,1.1975,-0.0336,-0.0280,0.0693,0.2609,0.0117,1.1030,0.2756,-0.0263,34.5044,36.5623,0.0409,nan,nan,nan,nan
41.8720,0.0020,0.0131,1.1975,-0.0330,-0.0310,0.0643,0.2609,0.0117,1.1030,0.2756,-0.0041,34.5032,36.5629,0.0393,nan,nan,nan,nan
41.9051,0.0020,0.0130,1.1975,-0.0318,-0.0341,0.0603,0.2609,0.0117,1.1030,0.2756,0.0133,34.5019,36.5624,0.0410,nan,nan,nan,nan
41.9285,0.0020,0.0129,1.1975,-0.0318,-0.0341,0.0603,0.2609,0.0117,1.1030,0.2756,0.0239,34.5000,36.5629,0.0448,nan,nan,nan,nan
41.9510,0.0020,0.0129,1.1975,-0.0299,-0.0373,0.0581,0.2609,0.0116,1.1030,0.2756,0.0260,34.4991,36.5626,0.0474,nan,nan,nan,nan
41.9767,0.0020,0.0128,1.1975,-0.0276,-0.0401,0.0582,0.2609,0.0116,1.1031,0.2756,0.0259,34.4981,36.5639,0.0502,nan,nan,nan,nan
41.9985,0.0020,0.0128,1.1975,-0.0276,-0.0401,0.0582,0.2609,0.0115,1.1031,0.2756,0.0255,34.4982,36.5661,0.0507,nan,nan,nan,nan
42.0231,0.0020,0.0127,1.1975,-0.0257,-0.0425,0.0582,0.2609,0.0115,1.1031,0.2756,0.0272,34.4980,36.5695,0.0540,nan,nan,nan,nan
42.0618,0.0020,0.0127,1.1976,-0.0248,-0.0446,0.0583,0.2610,0.0114,1.1031,0.2756,0.0292,34.4987,36.5716,0.0583,nan,nan,nan,nan
42.0829,0.0020,0.0126,1.1976,-0.0248,-0.0446,0.0583,0.2610,0.0114,1.1031,0.2756,0.0269,34.4990,36.5728,0.0633,nan,nan,nan,nan
42.1085,0.0020,0.0126,1.1976,-0.0232,-0.0465,0.0597,0.2610,0.0113,1.1032,0.2756,0.0221,34.4990,36.5750,0.0699,nan,nan,nan,nan
42.1323,0.0020,0.0125,1.1976,-0.0232,-0.0465,0.0597,0.2610,0.0112,1.1032,0.2756,0.0143,34.4971,36.5806,0.0769,nan,nan,nan,nan
42.1612,0.0020,0.0125,1.1976,-0.0221,-0.0486,0.0620,0.2610,0.0112,1.1032,0.2756,0.0097,34.4949,36.5856,0.0770,nan,nan,nan,nan
42.1922,0.0020,0.0124,1.1976,-0.0220,-0.0507,0.0639,0.2610,0.0111,1.1032,0.2756,0.0062,34.4919,36.5898,0.0795,nan,nan,nan,nan
42.2220,0.0020,0.0123,1.1976,-0.0225,-0.0528,0.0647,0.2610,0.0110,1.1032,0.2756,0.0062,34.4875,36.5899,0.0832,nan,nan,nan,nan
42.2423,0.0020,0.0123,1.1976,-0.0225,-0.0528,0.0647,0.2609,0.0110,1.1032,0.2756,0.0053,34.4850,36.5908,0.0874,nan,nan,nan,nan
42.2631,0.0020,0.0122,1.1976,-0.0231,-0.0547,0.0660,0.2609,0.0109,1.1032,0.2756,0.0021,34.4815,36.5939,0.0972,nan,nan,nan,nan
42.2845,0.0020,0.0122,1.1976,-0.0237,-0.0564,0.0683,0.2609,0.0108,1.1032,0.2756,-0.0033,34.4788,36.5964,0.1059,nan,nan,nan,nan
42.3192,0.0020,0.0121,1.1977,-0.0253,-0.0576,0.0712,0.2609,0.0107,1.1033,0.2756,-0.0099,34.4772,36.5974,0.1074,nan,nan,nan,nan
42.3473,0.0020,0.0120,1.1977,-0.0253,-0.0576,0.0712,0.2609,0.0107,1.1033,0.2756,-0.0170,34.4758,36.5977,0.1019,nan,nan,nan,nan
42.3709,0.0020,0.0120,1.1977,-0.0270,-0.0587,0.0746,0.2609,0.0106,1.1033,0.2756,-0.0231,34.4752,36.5979,0.0967,nan,nan,nan,nan
42.4018,0.0020,0.0120,1.1977,-0.0288,-0.0593,0.0783,0.2609,0.0105,1.1033,0.2756,-0.0314,34.4754,36.5958,0.0907,nan,nan,nan,nan
42.4236,0.0020,0.0119,1.1977,-0.0288,-0.0593,0.0783,0.2609,0.0105,1.1033,0.2756,-0.0382,34.4763,36.5932,0.0913,nan,nan,nan,nan
42.4519,0.0020,0.0119,1.1977,-0.0310,-0.0598,0.0816,0.2609,0.0104,1.1033,0.2756,-0.0451,34.4776,36.5917,0.0912,nan,nan,nan,nan
42.4794,0.0019,0.0118,1.1977,-0.0327,-0.0601,0.0860,0.2609,0.0103,1.1033,0.2756,-0.0566,34.4774,36.5945,0.0906,nan,nan,nan,nan
42.5025,0.0019,0.0118,1.1977,-0.0327,-0.0601,0.0860,0.2609,0.0102,1.1033,0.2756,-0.0642,34.4756,36.5968,0.0898,nan,nan,nan,nan
42.5291,0.0019,0.0117,1.1977,-0.0346,-0.0610,0.0903,0.2609,0.0102,1.1033,0.2756,-0.0718,34.4737,36.5991,0.0897,nan,nan,nan,nan
42.5651,0.0019,0.0117,1.1977,-0.0367,-0.0619,0.0941,0.2608,0.0101,1.1033,0.2756,-0.0852,34.4695,36.6026,0.0920,nan,nan,nan,nan
42.5869,0.0019,0.0116,1.1977,-0.0367,-0.0619,0.0941,0.2608,0.0100,1.1033,0.2756,-0.0941,34.4683,36.6036,0.0960,nan,nan,nan,nan
42.6139,0.0019,0.0116,1.1977,-0.0390,-0.0623,0.0973,0.2608,0.0099,1.1033,0.2756,-0.0965,34.4681,36.6037,0.0971,nan,nan,nan,nan
42.6468,0.0018,0.0115,1.1977,-0.0417,-0.0623,0.0995,0.2608,0.0099,1.1034,0.2756,-0.1035,34.4693,36.6034,0.1016,nan,nan,nan,nan
42.6694,0.0018,0.0115,1.1978,-0.0417,-0.0623,0.0995,0.2608,0.0098,1.1034,0.2756,-0.1047,34.4701,36.6026,0.1039,nan,nan,nan,nan
42.6918,0.0018,0.0115,1.1978,-0.0447,-0.0623,0.1012,0.2607,0.0098,1.1034,0.2756,-0.1059,34.4706,36.5993,0.1108,nan,nan,nan,nan
42.7273,0.0018,0.0114,1.1978,-0.0479,-0.0628,0.1026,0.2607,0.0097,1.1034,0.2756,-0.1057,34.4702,36.5947,0.1147,nan,nan,nan,nan
42.7533,0.0017,0.0114,1.1978,-0.0479,-0.0628,0.1026,0.2607,0.0097,1.1034,0.2756,-0.1037,34.4699,36.5918,0.1145,nan,nan,nan,nan
42.7802,0.0017,0.0113,1.1978,-0.0518,-0.0631,0.1031,0.2607,0.0097,1.1034,0.2756,-0.0989,34.4703,36.5873,0.1162,nan,nan,nan,nan
42.8111,0.0017,0.0113,1.1978,-0.0557,-0.0633,0.1035,0.2607,0.0097,1.1033,0.2757,-0.0942,34.4701,36.5831,0.1153,nan,nan,nan,nan
42.8368,0.0017,0.0112,1.1978,-0.0557,-0.0633,0.1035,0.2606,0.0096,1.1033,0.2757,-0.0901,34.4705,36.5802,0.1157,nan,nan,nan,nan
42.8576,0.0016,0.0112,1.1978,-0.0596,-0.0632,0.1033,0.2606,0.0096,1.1033,0.2757,-0.0852,34.4706,36.5776,0.1132,nan,nan,nan,nan
42.8861,0.0016,0.0112,1.1978,-0.0636,-0.0626,0.1021,0.2606,0.0096,1.1033,0.2757,-0.0695,34.4730,36.5703,0.1081,nan,nan,nan,nan
42.9170,0.0016,0.0111,1.1978,-0.0677,-0.0618,0.0999,0.2605,0.0096,1.1033,0.2757,-0.0486,34.4748,36.5640,0.1049,nan,nan,nan,nan
42.9398,0.0015,0.0111,1.1978,-0.0677,-0.0618,0.0999,0.2605,0.0097,1.1033,0.2757,-0.0345,34.4719,36.5621,0.1046,nan,nan,nan,nan
42.9670,0.0015,0.0111,1.1978,-0.0709,-0.0620,0.0982,0.2605,0.0096,1.1033,0.2757,-0.0303,34.4694,36.5620,0.1072,nan,nan,nan,nan
42.9896,0.0014,0.0110,1.1978,-0.0728,-0.0620,0.0986,0.2604,0.0096,1.1033,0.2757,-0.0283,34.4666,36.5594,0.1122,nan,nan,nan,nan
43.0144,0.0014,0.0110,1.1978,-0.0735,-0.0617,0.0995,0.2604,0.0096,1.1033,0.2757,-0.0317,34.4640,36.5557,0.1113,nan,nan,nan,nan
43.0364,0.0013,0.0110,1.1978,-0.0735,-0.0617,0.0995,0.2604,0.0095,1.1033,0.2757,-0.0371,34.4620,36.5561,0.1096,nan,nan,nan,nan
43.0567,0.0013,0.0109,1.1978,-0.0734,-0.0610,0.1013,0.2603,0.0095,1.1033,0.2757,-0.0473,34.4599,36.5551,0.1082,nan,nan,nan,nan
43.0813,0.0013,0.0109,1.1979,-0.0729,-0.0603,0.1042,0.2603,0.0094,1.1033,0.2757,-0.0541,34.4575,36.5548,0.1060,nan,nan,nan,nan
43.1058,0.0012,0.0109,1.1979,-0.0711,-0.0596,0.1073,0.2602,0.0093,1.1032,0.2758,-0.0735,34.4526,36.5532,0.1040,nan,nan,nan,nan
43.1390,0.0011,0.0109,1.1979,-0.0688,-0.0586,0.1108,0.2601,0.0092,1.1032,0.2758,-0.0951,34.4476,36.5514,0.1030,nan,nan,nan,nan
43.1620,0.0011,0.0109,1.1979,-0.0688,-0.0586,0.1108,0.2601,0.0092,1.1032,0.2758,-0.1049,34.4456,36.5499,0.1024,nan,nan,nan,nan
43.1829,0.0011,0.0109,1.1979,-0.0665,-0.0572,0.1141,0.2601,0.0091,1.1032,0.2758,-0.1186,34.4429,36.5469,0.1030,nan,nan,nan,nan
43.2099,0.0010,0.0108,1.1979,-0.0642,-0.0553,0.1162,0.2600,0.0091,1.1032,0.2758,-0.1263,34.4403,36.5457,0.1092,nan,nan,nan,nan
43.2413,0.0009,0.0108,1.1979,-0.0620,-0.0525,0.1170,0.2599,0.0091,1.1032,0.2758,-0.1309,34.4389,36.5457,0.1103,nan,nan,nan,nan
43.2629,0.0009,0.0108,1.1979,-0.0620,-0.0525,0.1170,0.2599,0.0091,1.1031,0.2758,-0.1332,34.4374,36.5437,0.1084,nan,nan,nan,nan
43.2872,0.0008,0.0108,1.1979,-0.0596,-0.0497,0.1178,0.2598,0.0090,1.1031,0.2758,-0.1343,34.4358,36.5388,0.1069,nan,nan,nan,nan
43.3109,0.0008,0.0108,1.1979,-0.0568,-0.0465,0.1182,0.2598,0.0090,1.1031,0.2758,-0.1339,34.4352,36.5350,0.1058,nan,nan,nan,nan
43.3334,0.0007,0.0108,1.1979,-0.0568,-0.0465,0.1182,0.2597,0.0090,1.1031,0.2758,-0.1345,34.4344,36.5333,0.1037,nan,nan,nan,nan
43.3607,0.0007,0.0108,1.1979,-0.0530,-0.0428,0.1180,0.2597,0.0090,1.1031,0.2758,-0.1360,34.4344,36.5322,0.1006,nan,nan,nan,nan
43.3869,0.0006,0.0108,1.1979,-0.0489,-0.0387,0.1183,0.2596,0.0090,1.1031,0.2758,-0.1383,34.4332,36.5343,0.1002,nan,nan,nan,nan
43.4132,0.0005,0.0108,1.1979,-0.0443,-0.0346,0.1192,0.2595,0.0090,1.1030,0.2758,-0.1436,34.4296,36.5402,0.0984,nan,nan,nan,nan
43.4357,0.0005,0.0108,1.1979,-0.0443,-0.0346,0.1192,0.2594,0.0090,1.1030,0.2758,-0.1515,34.4263,36.5426,0.0961,nan,nan,nan,nan
43.4577,0.0004,0.0108,1.1979,-0.0387,-0.0306,0.1201,0.2594,0.0090,1.1030,0.2758,-0.1538,34.4255,36.5428,0.0941,nan,nan,nan,nan
43.4872,0.0003,0.0108,1.1979,-0.0336,-0.0263,0.1207,0.2593,0.0090,1.1030,0.2758,-0.1584,34.4240,36.5434,0.0847,nan,nan,nan,nan
43.5130,0.0003,0.0108,1.1979,-0.0336,-0.0263,0.1207,0.2592,0.0090,1.1030,0.2758,-0.1554,34.4245,36.5450,0.0839,nan,nan,nan,nan
43.5358,0.0002,0.0108,1.1979,-0.0291,-0.0216,0.1197,0.2592,0.0090,1.1030,0.2758,-0.1519,34.4243,36.5465,0.0829,nan,nan,nan,nan
43.5710,0.0002,0.0108,1.1979,-0.0244,-0.0173,0.1187,0.2591,0.0090,1.1030,0.2758,-0.1477,34.4232,36.5480,0.0831,nan,nan,nan,nan
43.5952,0.0001,0.0108,1.1979,-0.0244,-0.0173,0.1187,0.2590,0.0090,1.1030,0.2758,-0.1476,34.4224,36.5492,0.0830,nan,nan,nan,nan
43.6197,0.0001,0.0108,1.1979,-0.0186,-0.0132,0.1184,0.2590,0.0090,1.1030,0.2758,-0.1511,34.4219,36.5504,0.0810,nan,nan,nan,nan
43.6569,-0.0000,0.0108,1.1980,-0.0120,-0.0092,0.1194,0.2589,0.0090,1.1030,0.2758,-0.1583,34.4214,36.5503,0.0799,nan,nan,nan,nan
43.6884,-0.0001,0.0108,1.1980,-0.0053,-0.0061,0.1200,0.2588,0.0090,1.1029,0.2758,-0.1655,34.4171,36.5507,0.0808,nan,nan,nan,nan
43.7157,-0.0002,0.0108,1.1980,0.0014,-0.0034,0.1206,0.2587,0.0090,1.1029,0.2758,-0.1731,34.4131,36.5506,0.0882,nan,nan,nan,nan
43.7466,-0.0003,0.0108,1.1980,0.0088,-0.0007,0.1216,0.2586,0.0090,1.1029,0.2758,-0.1844,34.4109,36.5530,0.0912,nan,nan,nan,nan
43.7733,-0.0004,0.0108,1.1980,0.0161,0.0023,0.1223,0.2585,0.0089,1.1029,0.2758,-0.1946,34.4111,36.5571,0.0961,nan,nan,nan,nan
43.7945,-0.0004,0.0108,1.1980,0.0161,0.0023,0.1223,0.2585,0.0089,1.1029,0.2758,-0.1967,34.4125,36.5571,0.1000,nan,nan,nan,nan
43.8180,-0.0005,0.0108,1.1980,0.0228,0.0051,0.1216,0.2584,0.0090,1.1029,0.2758,-0.1949,34.4157,36.5609,0.1048,nan,nan,nan,nan
43.8392,-0.0006,0.0108,1.1980,0.0291,0.0082,0.1197,0.2583,0.0090,1.1029,0.2758,-0.1903,34.4198,36.5621,0.1053,nan,nan,nan,nan
43.8701,-0.0006,0.0108,1.1980,0.0353,0.0109,0.1172,0.2582,0.0090,1.1029,0.2758,-0.1850,34.4224,36.5599,0.1055,nan,nan,nan,nan
43.8959,-0.0007,0.0108,1.1980,0.0418,0.0126,0.1152,0.2582,0.0090,1.1029,0.2758,-0.1799,34.4243,36.5552,0.1076,nan,nan,nan,nan
43.9185,-0.0008,0.0108,1.1980,0.0418,0.0126,0.1152,0.2581,0.0090,1.1029,0.2758,-0.1782,34.4254,36.5544,0.1115,nan,nan,nan,nan
43.9435,-0.0008,0.0108,1.1980,0.0486,0.0140,0.1135,0.2581,0.0090,1.1029,0.2758,-0.1766,34.4262,36.5538,0.1172,nan,nan,nan,nan
43.9713,-0.0009,0.0108,1.1980,0.0550,0.0151,0.1111,0.2580,0.0091,1.1029,0.2758,-0.1710,34.4274,36.5522,0.1190,nan,nan,nan,nan
43.9941,-0.0010,0.0108,1.1980,0.0550,0.0151,0.1111,0.2579,0.0091,1.1029,0.2758,-0.1626,34.4283,36.5515,0.1199,nan,nan,nan,nan
44.0214,-0.0010,0.0108,1.1980,0.0596,0.0162,0.1065,0.2579,0.0092,1.1029,0.2758,-0.1496,34.4291,36.5513,0.1193,nan,nan,nan,nan
44.0455,-0.0011,0.0108,1.1980,0.0625,0.0175,0.0994,0.2578,0.0093,1.1029,0.2758,-0.1100,34.4302,36.5569,0.1200,nan,nan,nan,nan
44.0745,-0.0011,0.0108,1.1980,0.0645,0.0186,0.0911,0.2577,0.0094,1.1029,0.2758,-0.0635,34.4310,36.5607,0.1202,nan,nan,nan,nan
44.1114,-0.0012,0.0107,1.1980,0.0667,0.0194,0.0842,0.2576,0.0095,1.1030,0.2758,-0.0242,34.4339,36.5604,0.1234,nan,nan,nan,nan
44.1331,-0.0013,0.0107,1.1980,0.0667,0.0194,0.0842,0.2576,0.0096,1.1030,0.2758,-0.0011,34.4349,36.5590,0.1295,nan,nan,nan,nan
44.1559,-0.0013,0.0107,1.1980,0.0691,0.0197,0.0789,0.2575,0.0096,1.1029,0.2758,0.0098,34.4352,36.5565,0.1328,nan,nan,nan,nan
44.1908,-0.0014,0.0107,1.1980,0.0730,0.0195,0.0753,0.2575,0.0096,1.1029,0.2758,0.0196,34.4353,36.5538,0.1360,nan,nan,nan,nan
44.2171,-0.0014,0.0107,1.1980,0.0730,0.0195,0.0753,0.2574,0.0096,1.1030,0.2758,0.0224,34.4368,36.5537,0.1399,nan,nan,nan,nan
44.2451,-0.0015,0.0107,1.1980,0.0771,0.0197,0.0737,0.2574,0.0096,1.1030,0.2758,0.0210,34.4402,36.5523,0.1482,nan,nan,nan,nan
44.2758,-0.0015,0.0106,1.1980,0.0814,0.0202,0.0739,0.2573,0.0096,1.1030,0.2758,0.0139,34.4433,36.5511,0.1528,nan,nan,nan,nan
44.3128,-0.0016,0.0106,1.1980,0.0856,0.0203,0.0747,0.2573,0.0095,1.1030,0.2758,0.0018,34.4454,36.5507,0.1508,nan,nan,nan,nan
44.3338,-0.0017,0.0106,1.1980,0.0856,0.0203,0.0747,0.2572,0.0094,1.1030,0.2758,-0.0047,34.4453,36.5533,0.1492,nan,nan,nan,nan
44.3555,-0.0017,0.0106,1.1980,0.0890,0.0201,0.0755,0.2571,0.0094,1.1030,0.2758,-0.0147,34.4447,36.5574,0.1440,nan,nan,nan,nan
44.3842,-0.0018,0.0105,1.1980,0.0913,0.0198,0.0761,0.2571,0.0093,1.1030,0.2757,-0.0199,34.4436,36.5645,0.1384,nan,nan,nan,nan
44.4081,-0.0019,0.0105,1.1980,0.0926,0.0197,0.0757,0.2570,0.0093,1.1030,0.2757,-0.0210,34.4440,36.5710,0.1371,nan,nan,nan,nan
44.4440,-0.0019,0.0104,1.1980,0.0930,0.0197,0.0758,0.2569,0.0092,1.1031,0.2757,-0.0235,34.4442,36.5774,0.1398,nan,nan,nan,nan
44.4665,-0.0020,0.0104,1.1980,0.0930,0.0197,0.0758,0.2569,0.0092,1.1031,0.2757,-0.0267,34.4447,36.5800,0.1414,nan,nan,nan,nan
44.4877,-0.0020,0.0104,1.1980,0.0932,0.0196,0.0767,0.2568,0.0091,1.1031,0.2757,-0.0331,34.4455,36.5843,0.1461,nan,nan,nan,nan
44.5206,-0.0020,0.0103,1.1980,0.0933,0.0195,0.0776,0.2568,0.0091,1.1031,0.2757,-0.0406,34.4465,36.5865,0.1508,nan,nan,nan,nan
44.5474,-0.0021,0.0103,1.1980,0.0933,0.0195,0.0776,0.2567,0.0090,1.1031,0.2757,-0.0475,34.4480,36.5878,0.1581,nan,nan,nan,nan
44.5722,-0.0021,0.0103,1.1980,0.0927,0.0192,0.0783,0.2567,0.0090,1.1031,0.2757,-0.0497,34.4487,36.5904,0.1658,nan,nan,nan,nan
44.6041,-0.0022,0.0102,1.1980,0.0908,0.0189,0.0782,0.2566,0.0089,1.1031,0.2757,-0.0491,34.4499,36.5943,0.1775,nan,nan,nan,nan
44.6349,-0.0022,0.0101,1.1980,0.0884,0.0182,0.0772,0.2566,0.0089,1.1032,0.2757,-0.0454,34.4513,36.5946,0.1828,nan,nan,nan,nan
44.6618,-0.0023,0.0101,1.1980,0.0884,0.0182,0.0772,0.2565,0.0088,1.1032,0.2757,-0.0415,34.4521,36.5950,0.1852,nan,nan,nan,nan
44.6865,-0.0023,0.0100,1.1980,0.0848,0.0175,0.0756,0.2565,0.0088,1.1032,0.2756,-0.0352,34.4522,36.5963,0.1879,nan,nan,nan,nan
44.7117,-0.0024,0.0100,1.1980,0.0804,0.0167,0.0728,0.2564,0.0088,1.1032,0.2756,-0.0141,34.4544,36.5967,0.1900,nan,nan,nan,nan
44.7348,-0.0024,0.0099,1.1980,0.0755,0.0159,0.0697,0.2564,0.0088,1.1032,0.2756,-0.0009,34.4564,36.5978,0.1902,nan,nan,nan,nan
44.7613,-0.0025,0.0098,1.1980,0.0755,0.0159,0.0697,0.2563,0.0087,1.1032,0.2756,0.0057,34.4579,36.5990,0.1900,nan,nan,nan,nan
44.7874,-0.0025,0.0098,1.1980,0.0706,0.0150,0.0674,0.2563,0.0087,1.1032,0.2756,0.0139,34.4595,36.6003,0.1879,nan,nan,nan,nan
44.8196,-0.0026,0.0097,1.1980,0.0655,0.0135,0.0659,0.2563,0.0086,1.1033,0.2756,0.0205,34.4596,36.6036,0.1892,nan,nan,nan,nan
44.8447,-0.0026,0.0097,1.1980,0.0655,0.0135,0.0659,0.2562,0.0086,1.1033,0.2756,0.0218,34.4603,36.6062,0.1933,nan,nan,nan,nan
44.8722,-0.0026,0.0096,1.1980,0.0609,0.0116,0.0655,0.2562,0.0085,1.1033,0.2756,0.0205,34.4607,36.6079,0.1933,nan,nan,nan,nan
44.9071,-0.0027,0.0095,1.1980,0.0567,0.0096,0.0668,0.2561,0.0084,1.1033,0.2756,0.0128,34.4618,36.6122,0.1874,nan,nan,nan,nan
44.9300,-0.0027,0.0095,1.1980,0.0527,0.0077,0.0696,0.2561,0.0082,1.1033,0.2756,-0.0051,34.4638,36.6209,0.1764,nan,nan,nan,nan
44.9621,-0.0028,0.0094,1.1980,0.0486,0.0057,0.0718,0.2560,0.0081,1.1034,0.2756,-0.0209,34.4666,36.6260,0.1713,nan,nan,nan,nan
44.9839,-0.0028,0.0093,1.1980,0.0486,0.0057,0.0718,0.2560,0.0080,1.1034,0.2756,-0.0240,34.4690,36.6268,0.1686,nan,nan,nan,nan
45.0077,-0.0029,0.0092,1.1980,0.0430,0.0036,0.0721,0.2559,0.0080,1.1034,0.2755,-0.0210,34.4700,36.6304,0.1658,nan,nan,nan,nan
45.0323,-0.0029,0.0092,1.1980,0.0364,0.0018,0.0704,0.2559,0.0079,1.1035,0.2755,-0.0137,34.4727,36.6366,0.1627,nan,nan,nan,nan
45.0602,-0.0030,0.0091,1.1980,0.0298,0.0003,0.0693,0.2558,0.0078,1.1035,0.2755,-0.0081,34.4768,36.6446,0.1619,nan,nan,nan,nan
45.0898,-0.0030,0.0090,1.1980,0.0246,-0.0016,0.0708,0.2557,0.0076,1.1035,0.2755,-0.0184,34.4796,36.6512,0.1581,nan,nan,nan,nan
45.1222,-0.0031,0.0089,1.1980,0.0207,-0.0035,0.0743,0.2557,0.0075,1.1036,0.2755,-0.0429,34.4823,36.6543,0.1578,nan,nan,nan,nan
45.1533,-0.0032,0.0088,1.1980,0.0182,-0.0058,0.0794,0.2556,0.0072,1.1036,0.2755,-0.0814,34.4838,36.6532,0.1623,nan,nan,nan,nan
45.1814,-0.0032,0.0087,1.1980,0.0172,-0.0084,0.0866,0.2556,0.0069,1.1036,0.2755,-0.1356,34.4829,36.6549,0.1688,nan,nan,nan,nan
45.2025,-0.0033,0.0086,1.1980,0.0172,-0.0084,0.0866,0.2555,0.0067,1.1036,0.2755,-0.1649,34.4826,36.6552,0.1742,nan,nan,nan,nan
45.2299,-0.0033,0.0086,1.1980,0.0168,-0.0106,0.0939,0.2555,0.0065,1.1036,0.2755,-0.1942,34.4829,36.6564,0.1810,nan,nan,nan,nan
45.2542,-0.0033,0.0085,1.1980,0.0157,-0.0116,0.1002,0.2554,0.0062,1.1036,0.2755,-0.2451,34.4853,36.6598,0.1957,nan,nan,nan,nan
45.2850,-0.0034,0.0084,1.1980,0.0132,-0.0119,0.1038,0.2554,0.0061,1.1037,0.2754,-0.2803,34.4883,36.6668,0.2040,nan,nan,nan,nan
45.3098,-0.0034,0.0083,1.1980,0.0132,-0.0119,0.1038,0.2553,0.0059,1.1037,0.2754,-0.2943,34.4890,36.6730,0.2054,nan,nan,nan,nan
45.3298,-0.0035,0.0083,1.1980,0.0106,-0.0118,0.1057,0.2553,0.0058,1.1037,0.2754,-0.3080,34.4899,36.6807,0.2044,nan,nan,nan,nan
45.3600,-0.0035,0.0082,1.1980,0.0079,-0.0110,0.1068,0.2552,0.0056,1.1037,0.2754,-0.3315,34.4931,36.6913,0.1997,nan,nan,nan,nan
45.3897,-0.0036,0.0081,1.1980,0.0057,-0.0105,0.1078,0.2552,0.0055,1.1037,0.2754,-0.3539,34.4959,36.6928,0.1895,nan,nan,nan,nan
45.4108,-0.0036,0.0080,1.1980,0.0057,-0.0105,0.1078,0.2551,0.0053,1.1037,0.2754,-0.3634,34.4963,36.6930,0.1828,nan,nan,nan,nan
45.4340,-0.0037,0.0080,1.1980,0.0032,-0.0099,0.1065,0.2551,0.0052,1.1037,0.2754,-0.3653,34.4964,36.6916,0.1814,nan,nan,nan,nan
45.4592,-0.0037,0.0079,1.1980,0.0002,-0.0094,0.1035,0.2550,0.0052,1.1037,0.2754,-0.3640,34.4958,36.6885,0.1819,nan,nan,nan,nan
45.4880,-0.0038,0.0078,1.1980,-0.0034,-0.0085,0.0994,0.2550,0.0051,1.1037,0.2754,-0.3543,34.4951,36.6845,0.1830,nan,nan,nan,nan
45.5112,-0.0038,0.0077,1.1980,-0.0074,-0.0074,0.0932,0.2549,0.0050,1.1037,0.2754,-0.3321,34.4932,36.6827,0.1821,nan,nan,nan,nan
45.5467,-0.0039,0.0076,1.1980,-0.0114,-0.0057,0.0857,0.2548,0.0050,1.1037,0.2754,-0.3018,34.4905,36.6842,0.1776,nan,nan,nan,nan
45.5762,-0.0040,0.0075,1.1980,-0.0149,-0.0033,0.0782,0.2548,0.0050,1.1037,0.2754,-0.2723,34.4902,36.6847,0.1696,nan,nan,nan,nan
45.5989,-0.0040,0.0074,1.1980,-0.0149,-0.0033,0.0782,0.2547,0.0049,1.1036,0.2754,-0.2602,34.4884,36.6829,0.1654,nan,nan,nan,nan
45.6203,-0.0040,0.0073,1.1980,-0.0165,-0.0012,0.0727,0.2547,0.0049,1.1036,0.2754,-0.2582,34.4879,36.6798,0.1658,nan,nan,nan,nan
45.6511,-0.0041,0.0072,1.1980,-0.0161,0.0011,0.0699,0.2546,0.0048,1.1036,0.2754,-0.2615,34.4868,36.6783,0.1695,nan,nan,nan,nan
45.6711,-0.0041,0.0072,1.1980,-0.0161,0.0011,0.0699,0.2546,0.0047,1.1036,0.2754,-0.2671,34.4844,36.6814,0.1722,nan,nan,nan,nan
45.6972,-0.0042,0.0071,1.1980,-0.0146,0.0035,0.0673,0.2545,0.0046,1.1036,0.2754,-0.2710,34.4825,36.6840,0.1727,nan,nan,nan,nan
45.7201,-0.0042,0.0070,1.1980,-0.0128,0.0062,0.0641,0.2545,0.0045,1.1036,0.2754,-0.2731,34.4808,36.6859,0.1720,nan,nan,nan,nan
45.7563,-0.0043,0.0069,1.1980,-0.0111,0.0095,0.0600,0.2544,0.0044,1.1036,0.2754,-0.2715,34.4814,36.6892,0.1689,nan,nan,nan,nan
45.7843,-0.0043,0.0069,1.1980,-0.0093,0.0128,0.0562,0.2544,0.0043,1.1036,0.2754,-0.2710,34.4813,36.6915,0.1657,nan,nan,nan,nan
45.8166,-0.0044,0.0067,1.1980,-0.0076,0.0157,0.0516,0.2543,0.0042,1.1036,0.2754,-0.2645,34.4779,36.6960,0.1551,nan,nan,nan,nan
45.8432,-0.0044,0.0067,1.1980,-0.0076,0.0157,0.0516,0.2542,0.0042,1.1035,0.2754,-0.2541,34.4760,36.6976,0.1455,nan,nan,nan,nan
45.8694,-0.0045,0.0066,1.1980,-0.0067,0.0187,0.0462,0.2542,0.0041,1.1035,0.2754,-0.2491,34.4757,36.6974,0.1426,nan,nan,nan,nan
45.8989,-0.0045,0.0065,1.1980,-0.0065,0.0222,0.0397,0.2542,0.0041,1.1035,0.2754,-0.2252,34.4767,36.6938,0.1399,nan,nan,nan,nan
45.9213,-0.0046,0.0065,1.1980,-0.0065,0.0222,0.0397,0.2541,0.0041,1.1035,0.2754,-0.2126,34.4780,36.6922,0.1386,nan,nan,nan,nan
45.9456,-0.0046,0.0064,1.1980,-0.0064,0.0260,0.0334,0.2541,0.0041,1.1035,0.2754,-0.1959,34.4791,36.6921,0.1367,nan,nan,nan,nan
45.9729,-0.0047,0.0063,1.1980,-0.0053,0.0292,0.0284,0.2540,0.0040,1.1035,0.2754,-0.1847,34.4786,36.6914,0.1373,nan,nan,nan,nan
45.9932,-0.0047,0.0062,1.1980,-0.0035,0.0322,0.0244,0.2540,0.0040,1.1035,0.2754,-0.1756,34.4768,36.6906,0.1378,nan,nan,nan,nan
46.0297,-0.0048,0.0061,1.1980,-0.0013,0.0351,0.0219,0.2539,0.0039,1.1034,0.2754,-0.1738,34.4755,36.6895,0.1414,nan,nan,nan,nan
46.0561,-0.0048,0.0061,1.1980,-0.0013,0.0351,0.0219,0.2539,0.0038,1.1034,0.2754,-0.1709,34.4747,36.6883,0.1452,nan,nan,nan,nan
46.0764,-0.0048,0.0060,1.1980,0.0004,0.0378,0.0190,0.2538,0.0038,1.1034,0.2754,-0.1670,34.4735,36.6883,0.1470,nan,nan,nan,nan
46.1114,-0.0049,0.0059,1.1980,0.0009,0.0401,0.0156,0.2538,0.0037,1.1034,0.2754,-0.1569,34.4715,36.6882,0.1482,nan,nan,nan,nan
46.1496,-0.0049,0.0058,1.1980,0.0005,0.0423,0.0106,0.2537,0.0037,1.1034,0.2754,-0.1345,34.4686,36.6896,0.1451,nan,nan,nan,nan
46.1856,-0.0050,0.0057,1.1980,0.0000,0.0441,0.0060,0.2537,0.0037,1.1033,0.2754,-0.1129,34.4656,36.6888,0.1490,nan,nan,nan,nan
46.2118,-0.0050,0.0056,1.1980,0.0000,0.0441,0.0060,0.2536,0.0036,1.1033,0.2754,-0.0969,34.4627,36.6870,0.1494,nan,nan,nan,nan
46.2376,-0.0050,0.0056,1.1980,-0.0008,0.0456,0.0019,0.2536,0.0036,1.1033,0.2754,-0.0910,34.4617,36.6867,0.1495,nan,nan,nan,nan
46.2586,-0.0050,0.0055,1.1980,-0.0028,0.0467,-0.0024,0.2536,0.0036,1.1033,0.2754,-0.0634,34.4571,36.6840,0.1536,nan,nan,nan,nan
46.2825,-0.0051,0.0054,1.1980,-0.0028,0.0467,-0.0024,0.2536,0.0036,1.1033,0.2755,-0.0515,34.4565,36.6804,0.1566,nan,nan,nan,nan
46.3045,-0.0051,0.0054,1.1980,-0.0046,0.0482,-0.0053,0.2535,0.0036,1.1033,0.2755,-0.0390,34.4578,36.6741,0.1615,nan,nan,nan,nan
46.3268,-0.0051,0.0053,1.1980,-0.0054,0.0498,-0.0063,0.2535,0.0035,1.1033,0.2755,-0.0352,34.4597,36.6707,0.1653,nan,nan,nan,nan
46.3488,-0.0052,0.0052,1.1980,-0.0054,0.0498,-0.0063,0.2535,0.0035,1.1033,0.2755,-0.0360,34.4614,36.6709,0.1640,nan,nan,nan,nan
46.3703,-0.0052,0.0052,1.1980,-0.0059,0.0513,-0.0057,0.2535,0.0034,1.1033,0.2755,-0.0373,34.4625,36.6703,0.1630,nan,nan,nan,nan
46.4028,-0.0052,0.0051,1.1980,-0.0063,0.0527,-0.0041,0.2534,0.0033,1.1033,0.2755,-0.0442,34.4659,36.6695,0.1569,nan,nan,nan,nan
46.4248,-0.0052,0.0050,1.1980,-0.0063,0.0527,-0.0041,0.2534,0.0032,1.1033,0.2755,-0.0472,34.4669,36.6683,0.1548,nan,nan,nan,nan
46.4494,-0.0052,0.0050,1.1980,-0.0076,0.0536,-0.0023,0.2534,0.0032,1.1033,0.2755,-0.0481,34.4684,36.6658,0.1548,nan,nan,nan,nan
46.4729,-0.0053,0.0049,1.1980,-0.0097,0.0542,-0.0006,0.2534,0.0031,1.1033,0.2755,-0.0494,34.4698,36.6669,0.1582,nan,nan,nan,nan
46.5085,-0.0053,0.0048,1.1980,-0.0121,0.0551,0.0004,0.2534,0.0030,1.1033,0.2754,-0.0468,34.4724,36.6721,0.1548,nan,nan,nan,nan
46.5378,-0.0053,0.0047,1.1980,-0.0160,0.0555,0.0009,0.2533,0.0030,1.1033,0.2754,-0.0356,34.4728,36.6811,0.1513,nan,nan,nan,nan
46.5724,-0.0053,0.0046,1.1980,-0.0206,0.0555,0.0003,0.2533,0.0029,1.1033,0.2754,-0.0185,34.4717,36.6917,0.1499,nan,nan,nan,nan
46.6034,-0.0053,0.0045,1.1980,-0.0255,0.0554,-0.0004,0.2533,0.0029,1.1034,0.2754,-0.0006,34.4732,36.6984,0.1456,nan,nan,nan,nan
46.6387,-0.0054,0.0044,1.1980,-0.0299,0.0547,0.0010,0.2532,0.0028,1.1034,0.2754,0.0061,34.4744,36.7019,0.1473,nan,nan,nan,nan
46.6610,-0.0054,0.0044,1.1980,-0.0299,0.0547,0.0010,0.2532,0.0028,1.1034,0.2754,0.0081,34.4746,36.7038,0.1492,nan,nan,nan,nan
46.6820,-0.0054,0.0043,1.1980,-0.0343,0.0536,0.0029,0.2532,0.0027,1.1034,0.2754,0.0107,34.4752,36.7047,0.1515,nan,nan,nan,nan
46.7072,-0.0054,0.0042,1.1980,-0.0391,0.0522,0.0041,0.2532,0.0027,1.1034,0.2754,0.0185,34.4759,36.7059,0.1553,nan,nan,nan,nan
46.7435,-0.0054,0.0041,1.1980,-0.0438,0.0504,0.0060,0.2532,0.0026,1.1034,0.2754,0.0237,34.4758,36.7075,0.1632,nan,nan,nan,nan
46.7678,-0.0054,0.0041,1.1980,-0.0438,0.0504,0.0060,0.2532,0.0026,1.1034,0.2753,0.0269,34.4753,36.7110,0.1648,nan,nan,nan,nan
46.7938,-0.0054,0.0040,1.1980,-0.0485,0.0484,0.0084,0.2532,0.0025,1.1035,0.2753,0.0265,34.4754,36.7147,0.1669,nan,nan,nan,nan
46.8140,-0.0054,0.0040,1.1980,-0.0528,0.0464,0.0120,0.2532,0.0025,1.1035,0.2753,0.0237,34.4767,36.7206,0.1665,nan,nan,nan,nan
46.8392,-0.0054,0.0039,1.1980,-0.0528,0.0464,0.0120,0.2532,0.0024,1.1035,0.2753,0.0199,34.4776,36.7228,0.1616,nan,nan,nan,nan
46.8625,-0.0054,0.0039,1.1980,-0.0571,0.0436,0.0159,0.2532,0.0023,1.1035,0.2753,0.0191,34.4770,36.7228,0.1568,nan,nan,nan,nan
46.8891,-0.0054,0.0038,1.1980,-0.0615,0.0400,0.0193,0.2532,0.0023,1.1035,0.2753,0.0167,34.4748,36.7188,0.1556,nan,nan,nan,nan
46.9137,-0.0054,0.0037,1.1980,-0.0659,0.0358,0.0228,0.2532,0.0022,1.1035,0.2753,0.0160,34.4720,36.7153,0.1529,nan,nan,nan,nan
46.9389,-0.0054,0.0037,1.1980,-0.0703,0.0309,0.0263,0.2532,0.0021,1.1035,0.2754,0.0142,34.4656,36.7092,0.1427,nan,nan,nan,nan
46.9707,-0.0054,0.0036,1.1980,-0.0745,0.0264,0.0306,0.2532,0.0021,1.1035,0.2754,0.0078,34.4612,36.7044,0.1381,nan,nan,nan,nan
46.9927,-0.0054,0.0036,1.1980,-0.0745,0.0264,0.0306,0.2533,0.0020,1.1035,0.2754,-0.0004,34.4584,36.7029,0.1367,nan,nan,nan,nan
47.0165,-0.0054,0.0035,1.1980,-0.0784,0.0220,0.0360,0.2533,0.0019,1.1035,0.2754,-0.0084,34.4563,36.7026,0.1368,nan,nan,nan,nan
47.0417,-0.0054,0.0035,1.1980,-0.0819,0.0176,0.0422,0.2533,0.0018,1.1035,0.2754,-0.0228,34.4523,36.7021,0.1374,nan,nan,nan,nan
47.0737,-0.0054,0.0034,1.1980,-0.0847,0.0134,0.0479,0.2533,0.0017,1.1035,0.2754,-0.0436,34.4482,36.7048,0.1338,nan,nan,nan,nan
47.1074,-0.0054,0.0034,1.1980,-0.0872,0.0098,0.0541,0.2533,0.0016,1.1035,0.2754,-0.0672,34.4475,36.7065,0.1279,nan,nan,nan,nan
47.1386,-0.0054,0.0033,1.1980,-0.0892,0.0065,0.0612,0.2533,0.0014,1.1035,0.2754,-0.0964,34.4468,36.7111,0.1204,nan,nan,nan,nan
47.1697,-0.0053,0.0033,1.1980,-0.0909,0.0033,0.0680,0.2533,0.0013,1.1035,0.2754,-0.1242,34.4470,36.7109,0.1100,nan,nan,nan,nan
47.2018,-0.0053,0.0033,1.1980,-0.0929,0.0003,0.0733,0.2533,0.0012,1.1035,0.2754,-0.1451,34.4469,36.7063,0.1037,nan,nan,nan,nan
47.2243,-0.0053,0.0032,1.1980,-0.0929,0.0003,0.0733,0.2534,0.0011,1.1035,0.2754,-0.1525,34.4481,36.7034,0.1026,nan,nan,nan,nan
47.2469,-0.0053,0.0032,1.1980,-0.0952,-0.0020,0.0771,0.2534,0.0011,1.1035,0.2754,-0.1608,34.4509,36.6968,0.1042,nan,nan,nan,nan
47.2773,-0.0053,0.0032,1.1980,-0.0972,-0.0039,0.0805,0.2534,0.0010,1.1035,0.2754,-0.1687,34.4525,36.6935,0.1054,nan,nan,nan,nan
47.3055,-0.0053,0.0032,1.1980,-0.0986,-0.0056,0.0839,0.2534,0.0010,1.1035,0.2754,-0.1808,34.4531,36.6914,0.1069,nan,nan,nan,nan
47.3278,-0.0053,0.0032,1.1980,-0.0986,-0.0056,0.0839,0.2534,0.0009,1.1036,0.2754,-0.1886,34.4533,36.6922,0.1118,nan,nan,nan,nan
47.3489,-0.0053,0.0031,1.1980,-0.0991,-0.0067,0.0861,0.2534,0.0009,1.1036,0.2754,-0.1907,34.4537,36.6916,0.1127,nan,nan,nan,nan
47.3755,-0.0053,0.0031,1.1980,-0.0997,-0.0076,0.0874,0.2534,0.0009,1.1036,0.2754,-0.1960,34.4520,36.6932,0.1205,nan,nan,nan,nan
47.4065,-0.0053,0.0031,1.1980,-0.1001,-0.0082,0.0879,0.2534,0.0009,1.1036,0.2754,-0.1971,34.4486,36.6981,0.1302,nan,nan,nan,nan
47.4304,-0.0053,0.0031,1.1980,-0.1001,-0.0082,0.0879,0.2534,0.0008,1.1036,0.2754,-0.1992,34.4483,36.6980,0.1359,nan,nan,nan,nan
47.4512,-0.0053,0.0031,1.1980,-0.1001,-0.0080,0.0886,0.2534,0.0008,1.1036,0.2754,-0.1983,34.4490,36.6971,0.1412,nan,nan,nan,nan
47.4865,-0.0053,0.0031,1.1980,-0.1001,-0.0068,0.0881,0.2534,0.0009,1.1036,0.2754,-0.1949,34.4518,36.6975,0.1414,nan,nan,nan,nan
47.5077,-0.0053,0.0031,1.1980,-0.1001,-0.0068,0.0881,0.2534,0.0009,1.1036,0.2754,-0.1903,34.4534,36.7001,0.1409,nan,nan,nan,nan
47.5342,-0.0053,0.0031,1.1980,-0.1000,-0.0055,0.0871,0.2534,0.0009,1.1036,0.2754,-0.1885,34.4538,36.7011,0.1416,nan,nan,nan,nan
47.5700,-0.0053,0.0031,1.1980,-0.0987,-0.0045,0.0864,0.2534,0.0009,1.1036,0.2754,-0.1868,34.4544,36.7026,0.1482,nan,nan,nan,nan
47.5965,-0.0053,0.0031,1.1980,-0.0966,-0.0038,0.0854,0.2534,0.0009,1.1036,0.2754,-0.1843,34.4531,36.7025,0.1507,nan,nan,nan,nan
47.6188,-0.0053,0.0031,1.1980,-0.0966,-0.0038,0.0854,0.2534,0.0009,1.1036,0.2754,-0.1809,34.4524,36.7075,0.1500,nan,nan,nan,nan
47.6396,-0.0053,0.0031,1.1980,-0.0944,-0.0027,0.0841,0.2534,0.0009,1.1036,0.2754,-0.1774,34.4525,36.7109,0.1530,nan,nan,nan,nan
47.6626,-0.0053,0.0031,1.1980,-0.0917,-0.0015,0.0829,0.2534,0.0010,1.1036,0.2754,-0.1747,34.4540,36.7124,0.1539,nan,nan,nan,nan
47.6851,-0.0053,0.0031,1.1980,-0.0882,0.0001,0.0807,0.2534,0.0010,1.1036,0.2754,-0.1705,34.4574,36.7130,0.1537,nan,nan,nan,nan
47.7095,-0.0053,0.0032,1.1980,-0.0850,0.0016,0.0778,0.2534,0.0010,1.1036,0.2754,-0.1594,34.4618,36.7131,0.1512,nan,nan,nan,nan
47.7298,-0.0053,0.0032,1.1980,-0.0850,0.0016,0.0778,0.2534,0.0011,1.1036,0.2753,-0.1508,34.4633,36.7147,0.1515,nan,nan,nan,nan
47.7530,-0.0052,0.0032,1.1980,-0.0826,0.0027,0.0738,0.2534,0.0012,1.1036,0.2753,-0.1385,34.4649,36.7172,0.1540,nan,nan,nan,nan
47.7797,-0.0052,0.0032,1.1980,-0.0812,0.0035,0.0667,0.2534,0.0013,1.1036,0.2753,-0.1005,34.4666,36.7215,0.1621,nan,nan,nan,nan
47.8131,-0.0052,0.0032,1.1980,-0.0801,0.0039,0.0592,0.2534,0.0015,1.1036,0.2753,-0.0578,34.4665,36.7248,0.1658,nan,nan,nan,nan
47.8341,-0.0052,0.0032,1.1980,-0.0801,0.0039,0.0592,0.2534,0.0016,1.1036,0.2753,-0.0397,34.4657,36.7270,0.1669,nan,nan,nan,nan
47.8589,-0.0052,0.0033,1.1980,-0.0778,0.0039,0.0534,0.2534,0.0017,1.1036,0.2753,-0.0202,34.4675,36.7291,0.1710,nan,nan,nan,nan
47.8886,-0.0052,0.0033,1.1980,-0.0735,0.0039,0.0499,0.2534,0.0017,1.1036,0.2753,-0.0102,34.4693,36.7311,0.1736,nan,nan,nan,nan
47.9116,-0.0052,0.0033,1.1980,-0.0735,0.0039,0.0499,0.2534,0.0018,1.1037,0.2753,-0.0053,34.4707,36.7342,0.1740,nan,nan,nan,nan
47.9323,-0.0052,0.0033,1.1980,-0.0678,0.0036,0.0480,0.2534,0.0018,1.1037,0.2753,-0.0055,34.4714,36.7357,0.1755,nan,nan,nan,nan
47.9580,-0.0052,0.0034,1.1979,-0.0609,0.0032,0.0478,0.2534,0.0018,1.1037,0.2753,-0.0116,34.4757,36.7382,0.1769,nan,nan,nan,nan
47.9785,-0.0052,0.0034,1.1979,-0.0609,0.0032,0.0478,0.2534,0.0018,1.1037,0.2753,-0.0183,34.4772,36.7388,0.1771,nan,nan,nan,nan
48.0046,-0.0052,0.0035,1.1979,-0.0527,0.0018,0.0486,0.2534,0.0018,1.1037,0.2753,-0.0331,34.4765,36.7379,0.1766,nan,nan,nan,nan
48.0255,-0.0052,0.0035,1.1979,-0.0432,-0.0006,0.0513,0.2534,0.0018,1.1037,0.2753,-0.0552,34.4744,36.7341,0.1738,nan,nan,nan,nan
48.0508,-0.0052,0.0036,1.1979,-0.0325,-0.0033,0.0555,0.2534,0.0017,1.1037,0.2753,-0.0930,34.4723,36.7313,0.1657,nan,nan,nan,nan
48.0828,-0.0052,0.0036,1.1979,-0.0220,-0.0056,0.0589,0.2535,0.0017,1.1037,0.2753,-0.1267,34.4719,36.7322,0.1586,nan,nan,nan,nan
48.1119,-0.0052,0.0037,1.1979,-0.0121,-0.0073,0.0613,0.2535,0.0017,1.1037,0.2753,-0.1540,34.4758,36.7304,0.1518,nan,nan,nan,nan
48.1365,-0.0052,0.0038,1.1979,-0.0031,-0.0091,0.0633,0.2535,0.0017,1.1037,0.2753,-0.1753,34.4778,36.7278,0.1412,nan,nan,nan,nan
48.1625,-0.0052,0.0038,1.1979,0.0048,-0.0112,0.0630,0.2535,0.0017,1.1037,0.2753,-0.1829,34.4758,36.7275,0.1374,nan,nan,nan,nan
48.1901,-0.0052,0.0039,1.1979,0.0048,-0.0112,0.0630,0.2535,0.0018,1.1037,0.2753,-0.1796,34.4756,36.7275,0.1354,nan,nan,nan,nan
48.2137,-0.0052,0.0039,1.1979,0.0110,-0.0125,0.0601,0.2535,0.0018,1.1037,0.2753,-0.1731,34.4752,36.7268,0.1329,nan,nan,nan,nan
48.2345,-0.0052,0.0039,1.1979,0.0160,-0.0132,0.0566,0.2535,0.0019,1.1037,0.2753,-0.1552,34.4752,36.7301,0.1321,nan,nan,nan,nan
48.2634,-0.0052,0.0040,1.1979,0.0204,-0.0133,0.0522,0.2535,0.0020,1.1037,0.2753,-0.1321,34.4759,36.7330,0.1326,nan,nan,nan,nan
48.2934,-0.0052,0.0040,1.1979,0.0247,-0.0130,0.0484,0.2535,0.0022,1.1037,0.2753,-0.1120,34.4765,36.7356,0.1289,nan,nan,nan,nan
48.3157,-0.0052,0.0041,1.1979,0.0247,-0.0130,0.0484,0.2535,0.0023,1.1037,0.2753,-0.1026,34.4750,36.7364,0.1267,nan,nan,nan,nan
48.3377,-0.0052,0.0041,1.1979,0.0292,-0.0127,0.0458,0.2535,0.0023,1.1037,0.2753,-0.0960,34.4744,36.7357,0.1239,nan,nan,nan,nan
48.3584,-0.0052,0.0041,1.1979,0.0334,-0.0115,0.0430,0.2535,0.0024,1.1037,0.2753,-0.0858,34.4753,36.7348,0.1188,nan,nan,nan,nan
48.3840,-0.0052,0.0042,1.1979,0.0334,-0.0115,0.0430,0.2535,0.0025,1.1037,0.2753,-0.0717,34.4737,36.7382,0.1174,nan,nan,nan,nan
48.4048,-0.0052,0.0042,1.1979,0.0365,-0.0103,0.0395,0.2535,0.0026,1.1037,0.2753,-0.0591,34.4724,36.7411,0.1134,nan,nan,nan,nan
48.4265,-0.0052,0.0042,1.1979,0.0386,-0.0087,0.0351,0.2535,0.0026,1.1037,0.2753,-0.0393,34.4700,36.7441,0.1090,nan,nan,nan,nan
48.4622,-0.0052,0.0042,1.1979,0.0401,-0.0073,0.0309,0.2535,0.0028,1.1037,0.2753,-0.0131,34.4664,36.7459,0.1020,nan,nan,nan,nan
48.4852,-0.0052,0.0043,1.1979,0.0401,-0.0073,0.0309,0.2535,0.0029,1.1036,0.2753,0.0032,34.4656,36.7448,0.1000,nan,nan,nan,nan
48.5061,-0.0052,0.0043,1.1979,0.0405,-0.0056,0.0260,0.2535,0.0030,1.1036,0.2753,0.0206,34.4646,36.7436,0.0980,nan,nan,nan,nan
48.5403,-0.0052,0.0043,1.1979,0.0405,-0.0038,0.0213,0.2535,0.0031,1.1036,0.2753,0.0535,34.4626,36.7444,0.0937,nan,nan,nan,nan
48.5665,-0.0052,0.0043,1.1979,0.0405,-0.0038,0.0213,0.2535,0.0032,1.1036,0.2753,0.0681,34.4629,36.7427,0.0904,nan,nan,nan,nan
48.5918,-0.0052,0.0043,1.1979,0.0404,-0.0019,0.0176,0.2535,0.0033,1.1036,0.2753,0.0871,34.4636,36.7381,0.0879,nan,nan,nan,nan
48.6151,-0.0052,0.0044,1.1979,0.0400,-0.0001,0.0144,0.2535,0.0034,1.1036,0.2753,0.1050,34.4642,36.7350,0.0847,nan,nan,nan,nan
48.6474,-0.0052,0.0044,1.1979,0.0380,0.0020,0.0110,0.2534,0.0035,1.1036,0.2753,0.1350,34.4654,36.7320,0.0792,nan,nan,nan,nan
48.6740,-0.0052,0.0044,1.1979,0.0380,0.0020,0.0110,0.2534,0.0036,1.1036,0.2753,0.1485,34.4657,36.7331,0.0787,nan,nan,nan,nan
48.6965,-0.0052,0.0044,1.1979,0.0359,0.0041,0.0085,0.2534,0.0037,1.1036,0.2753,0.1638,34.4649,36.7350,0.0796,nan,nan,nan,nan
48.7222,-0.0052,0.0044,1.1979,0.0341,0.0059,0.0080,0.2534,0.0037,1.1036,0.2753,0.1731,34.4636,36.7365,0.0778,nan,nan,nan,nan
48.7513,-0.0052,0.0045,1.1979,0.0323,0.0079,0.0091,0.2534,0.0038,1.1036,0.2753,0.1787,34.4636,36.7386,0.0732,nan,nan,nan,nan
48.7779,-0.0052,0.0045,1.1979,0.0323,0.0079,0.0091,0.2534,0.0038,1.1036,0.2753,0.1789,34.4649,36.7397,0.0709,nan,nan,nan,nan
48.8046,-0.0052,0.0045,1.1979,0.0303,0.0104,0.0111,0.2534,0.0038,1.1036,0.2753,0.1761,34.4672,36.7415,0.0702,nan,nan,nan,nan
48.8333,-0.0052,0.0045,1.1979,0.0281,0.0129,0.0140,0.2534,0.0038,1.1036,0.2753,0.1706,34.4687,36.7442,0.0698,nan,nan,nan,nan
48.8565,-0.0052,0.0045,1.1979,0.0281,0.0129,0.0140,0.2534,0.0038,1.1036,0.2753,0.1651,34.4687,36.7459,0.0692,nan,nan,nan,nan
48.8838,-0.0052,0.0046,1.1979,0.0258,0.0152,0.0177,0.2534,0.0038,1.1036,0.2753,0.1515,34.4699,36.7519,0.0668,nan,nan,nan,nan
48.9113,-0.0052,0.0046,1.1979,0.0229,0.0179,0.0218,0.2534,0.0038,1.1036,0.2752,0.1455,34.4716,36.7550,0.0662,nan,nan,nan,nan
48.9428,-0.0052,0.0046,1.1979,0.0191,0.0203,0.0264,0.2534,0.0037,1.1036,0.2752,0.1317,34.4734,36.7567,0.0595,nan,nan,nan,nan
48.9682,-0.0052,0.0046,1.1979,0.0191,0.0203,0.0264,0.2534,0.0037,1.1036,0.2752,0.1204,34.4704,36.7562,0.0564,nan,nan,nan,nan
48.9945,-0.0052,0.0046,1.1979,0.0152,0.0213,0.0313,0.2534,0.0037,1.1036,0.2753,0.1122,34.4674,36.7555,0.0527,nan,nan,nan,nan
49.0148,-0.0052,0.0047,1.1979,0.0113,0.0221,0.0364,0.2534,0.0037,1.1036,0.2753,0.0993,34.4638,36.7529,0.0397,nan,nan,nan,nan
49.0456,-0.0052,0.0047,1.1979,0.0074,0.0229,0.0421,0.2534,0.0036,1.1035,0.2753,0.0782,34.4600,36.7513,0.0219,nan,nan,nan,nan
49.0671,-0.0052,0.0047,1.1979,0.0074,0.0229,0.0421,0.2534,0.0036,1.1035,0.2753,0.0629,34.4574,36.7514,0.0130,nan,nan,nan,nan
49.0896,-0.0052,0.0047,1.1979,0.0031,0.0238,0.0473,0.2534,0.0036,1.1035,0.2753,0.0593,34.4572,36.7509,0.0108,nan,nan,nan,nan
49.1167,-0.0052,0.0047,1.1979,-0.0028,0.0253,0.0502,0.2534,0.0036,1.1035,0.2753,0.0564,34.4566,36.7535,0.0046,nan,nan,nan,nan
49.1385,-0.0052,0.0047,1.1980,-0.0028,0.0253,0.0502,0.2534,0.0036,1.1035,0.2753,0.0605,34.4575,36.7547,0.0034,nan,nan,nan,nan
49.1585,-0.0052,0.0047,1.1980,-0.0101,0.0273,0.0509,0.2534,0.0037,1.1036,0.2753,0.0744,34.4602,36.7562,0.0032,nan,nan,nan,nan
49.1846,-0.0052,0.0048,1.1980,-0.0184,0.0295,0.0503,0.2534,0.0038,1.1036,0.2753,0.0910,34.4636,36.7565,0.0048,nan,nan,nan,nan
49.2143,-0.0051,0.0048,1.1980,-0.0268,0.0311,0.0493,0.2534,0.0039,1.1036,0.2752,0.1160,34.4650,36.7591,0.0103,nan,nan,nan,nan
49.2435,-0.0051,0.0048,1.1980,-0.0342,0.0324,0.0492,0.2534,0.0039,1.1036,0.2752,0.1334,34.4653,36.7596,0.0152,nan,nan,nan,nan
49.2692,-0.0051,0.0048,1.1980,-0.0408,0.0334,0.0492,0.2534,0.0040,1.1036,0.2753,0.1479,34.4657,36.7520,0.0178,nan,nan,nan,nan
49.3033,-0.0051,0.0048,1.1980,-0.0472,0.0343,0.0503,0.2535,0.0041,1.1036,0.2753,0.1567,34.4657,36.7451,0.0168,nan,nan,nan,nan
49.3241,-0.0051,0.0048,1.1980,-0.0472,0.0343,0.0503,0.2535,0.0041,1.1035,0.2753,0.1594,34.4652,36.7429,0.0183,nan,nan,nan,nan
49.3477,-0.0051,0.0049,1.1980,-0.0530,0.0350,0.0524,0.2535,0.0041,1.1035,0.2753,0.1573,34.4635,36.7383,0.0181,nan,nan,nan,nan
49.3701,-0.0051,0.0049,1.1980,-0.0579,0.0355,0.0547,0.2535,0.0041,1.1035,0.2753,0.1550,34.4625,36.7363,0.0174,nan,nan,nan,nan
49.3995,-0.0051,0.0049,1.1980,-0.0632,0.0363,0.0567,0.2535,0.0041,1.1035,0.2753,0.1541,34.4621,36.7328,0.0155,nan,nan,nan,nan
49.4345,-0.0050,0.0049,1.1980,-0.0695,0.0374,0.0572,0.2535,0.0042,1.1035,0.2753,0.1640,34.4629,36.7277,0.0153,nan,nan,nan,nan
49.4721,-0.0050,0.0050,1.1980,-0.0761,0.0385,0.0566,0.2536,0.0043,1.1035,0.2753,0.1793,34.4652,36.7203,0.0166,nan,nan,nan,nan
49.4931,-0.0050,0.0050,1.1980,-0.0761,0.0385,0.0566,0.2536,0.0044,1.1035,0.2753,0.1878,34.4667,36.7167,0.0209,nan,nan,nan,nan
49.5207,-0.0050,0.0050,1.1980,-0.0829,0.0396,0.0553,0.2536,0.0044,1.1035,0.2753,0.2082,34.4699,36.7106,0.0306,nan,nan,nan,nan
49.5570,-0.0050,0.0050,1.1980,-0.0912,0.0412,0.0519,0.2536,0.0046,1.1035,0.2753,0.2367,34.4747,36.7050,0.0443,nan,nan,nan,nan
49.5905,-0.0049,0.0051,1.1981,-0.0996,0.0429,0.0476,0.2537,0.0048,1.1035,0.2754,0.2794,34.4806,36.7007,0.0502,nan,nan,nan,nan
49.6159,-0.0049,0.0051,1.1981,-0.1070,0.0445,0.0446,0.2537,0.0049,1.1035,0.2753,0.3126,34.4859,36.7007,0.0544,nan,nan,nan,nan
49.6423,-0.0049,0.0052,1.1981,-0.1115,0.0453,0.0455,0.2537,0.0050,1.1036,0.2753,0.3196,34.4880,36.7052,0.0594,nan,nan,nan,nan
49.6759,-0.0048,0.0052,1.1981,-0.1140,0.0455,0.0483,0.2537,0.0050,1.1036,0.2753,0.3110,34.4880,36.7112,0.0634,nan,nan,nan,nan
49.6985,-0.0048,0.0053,1.1981,-0.1140,0.0455,0.0483,0.2538,0.0051,1.1036,0.2753,0.3030,34.4872,36.7142,0.0660,nan,nan,nan,nan
49.7247,-0.0048,0.0053,1.1981,-0.1154,0.0452,0.0526,0.2538,0.0051,1.1036,0.2753,0.2930,34.4857,36.7173,0.0714,nan,nan,nan,nan
49.7455,-0.0048,0.0054,1.1981,-0.1155,0.0441,0.0577,0.2538,0.0050,1.1036,0.2753,0.2668,34.4806,36.7265,0.0856,nan,nan,nan,nan
49.7680,-0.0047,0.0055,1.1981,-0.1155,0.0441,0.0577,0.2538,0.0050,1.1036,0.2753,0.2475,34.4767,36.7368,0.0874,nan,nan,nan,nan
49.7895,-0.0047,0.0055,1.1981,-0.1154,0.0430,0.0627,0.2538,0.0050,1.1037,0.2753,0.2420,34.4758,36.7392,0.0857,nan,nan,nan,nan
49.8097,-0.0047,0.0056,1.1981,-0.1152,0.0416,0.0673,0.2539,0.0051,1.1037,0.2753,0.2179,34.4734,36.7458,0.0753,nan,nan,nan,nan
49.8309,-0.0047,0.0057,1.1981,-0.1152,0.0416,0.0673,0.2539,0.0051,1.1037,0.2752,0.1972,34.4733,36.7490,0.0663,nan,nan,nan,nan
49.8567,-0.0046,0.0057,1.1981,-0.1143,0.0403,0.0721,0.2539,0.0051,1.1037,0.2752,0.1908,34.4736,36.7494,0.0646,nan,nan,nan,nan
49.8773,-0.0046,0.0058,1.1981,-0.1125,0.0384,0.0761,0.2540,0.0051,1.1037,0.2753,0.1652,34.4747,36.7459,0.0581,nan,nan,nan,nan
49.8986,-0.0046,0.0059,1.1981,-0.1125,0.0384,0.0761,0.2540,0.0051,1.1037,0.2753,0.1508,34.4749,36.7417,0.0541,nan,nan,nan,nan
49.9210,-0.0045,0.0060,1.1981,-0.1102,0.0358,0.0810,0.2540,0.0051,1.1037,0.2753,0.1278,34.4749,36.7350,0.0471,nan,nan,nan,nan
49.9498,-0.0045,0.0061,1.1981,-0.1073,0.0329,0.0859,0.2541,0.0051,1.1037,0.2753,0.0994,34.4755,36.7317,0.0391,nan,nan,nan,nan
49.9788,-0.0045,0.0061,1.1981,-0.1044,0.0300,0.0895,0.2541,0.0051,1.1037,0.2753,0.0835,34.4758,36.7340,0.0369,nan,nan,nan,nan
50.0109,-0.0044,0.0063,1.1981,-0.1020,0.0274,0.0906,0.2542,0.0052,1.1038,0.2753,0.0758,34.4773,36.7385,0.0327,nan,nan,nan,nan
50.0387,-0.0044,0.0064,1.1982,-0.0998,0.0240,0.0901,0.2542,0.0053,1.1038,0.2753,0.0768,34.4755,36.7401,0.0289,nan,nan,nan,nan
50.0738,-0.0043,0.0065,1.1982,-0.0973,0.0204,0.0890,0.2543,0.0055,1.1038,0.2753,0.0821,34.4741,36.7406,0.0225,nan,nan,nan,nan
50.0993,-0.0043,0.0066,1.1982,-0.0973,0.0204,0.0890,0.2543,0.0056,1.1038,0.2753,0.0836,34.4742,36.7411,0.0199,nan,nan,nan,nan
50.1260,-0.0042,0.0067,1.1982,-0.0934,0.0170,0.0878,0.2544,0.0056,1.1039,0.2753,0.0833,34.4745,36.7414,0.0181,nan,nan,nan,nan
50.1477,-0.0042,0.0068,1.1982,-0.0886,0.0133,0.0877,0.2544,0.0057,1.1039,0.2753,0.0785,34.4737,36.7430,0.0074,nan,nan,nan,nan
50.1769,-0.0041,0.0069,1.1982,-0.0828,0.0099,0.0872,0.2545,0.0058,1.1039,0.2753,0.0715,34.4744,36.7442,-0.0023,nan,nan,nan,nan
50.2007,-0.0041,0.0070,1.1982,-0.0765,0.0064,0.0865,0.2545,0.0060,1.1039,0.2752,0.0658,34.4748,36.7455,-0.0071,nan,nan,nan,nan
50.2235,-0.0040,0.0072,1.1982,-0.0765,0.0064,0.0865,0.2546,0.0061,1.1039,0.2752,0.0676,34.4756,36.7467,-0.0066,nan,nan,nan,nan
50.2509,-0.0040,0.0072,1.1982,-0.0703,0.0031,0.0843,0.2546,0.0062,1.1040,0.2752,0.0714,34.4759,36.7478,-0.0058,nan,nan,nan,nan
50.2726,-0.0040,0.0073,1.1982,-0.0644,-0.0004,0.0807,0.2546,0.0063,1.1040,0.2752,0.0805,34.4761,36.7499,-0.0061,nan,nan,nan,nan
50.3065,-0.0039,0.0075,1.1982,-0.0579,-0.0042,0.0777,0.2547,0.0065,1.1040,0.2752,0.0897,34.4751,36.7535,-0.0093,nan,nan,nan,nan
50.3433,-0.0039,0.0076,1.1982,-0.0509,-0.0086,0.0750,0.2548,0.0067,1.1040,0.2752,0.0975,34.4705,36.7566,-0.0119,nan,nan,nan,nan
50.3674,-0.0038,0.0077,1.1982,-0.0509,-0.0086,0.0750,0.2548,0.0068,1.1040,0.2752,0.1025,34.4667,36.7541,-0.0114,nan,nan,nan,nan
50.3901,-0.0038,0.0078,1.1982,-0.0429,-0.0134,0.0719,0.2548,0.0069,1.1040,0.2752,0.1036,34.4653,36.7536,-0.0111,nan,nan,nan,nan
50.4254,-0.0038,0.0079,1.1982,-0.0348,-0.0176,0.0687,0.2549,0.0070,1.1040,0.2752,0.1099,34.4622,36.7532,-0.0060,nan,nan,nan,nan
50.4515,-0.0037,0.0081,1.1982,-0.0265,-0.0211,0.0653,0.2549,0.0072,1.1041,0.2752,0.1194,34.4612,36.7594,-0.0034,nan,nan,nan,nan
50.4760,-0.0037,0.0082,1.1982,-0.0265,-0.0211,0.0653,0.2550,0.0074,1.1041,0.2752,0.1284,34.4587,36.7622,-0.0038,nan,nan,nan,nan
50.5038,-0.0036,0.0083,1.1982,-0.0185,-0.0249,0.0614,0.2550,0.0075,1.1041,0.2752,0.1354,34.4574,36.7616,-0.0060,nan,nan,nan,nan
50.5362,-0.0036,0.0084,1.1982,-0.0112,-0.0283,0.0572,0.2550,0.0077,1.1041,0.2752,0.1487,34.4585,36.7592,-0.0105,nan,nan,nan,nan
50.5588,-0.0036,0.0085,1.1982,-0.0112,-0.0283,0.0572,0.2551,0.0078,1.1041,0.2752,0.1664,34.4597,36.7605,-0.0167,nan,nan,nan,nan
50.5841,-0.0035,0.0086,1.1982,-0.0045,-0.0313,0.0521,0.2551,0.0080,1.1041,0.2752,0.1802,34.4593,36.7620,-0.0164,nan,nan,nan,nan
50.6140,-0.0035,0.0087,1.1982,0.0022,-0.0343,0.0469,0.2551,0.0082,1.1041,0.2752,0.2004,34.4605,36.7605,-0.0120,nan,nan,nan,nan
50.6347,-0.0035,0.0088,1.1982,0.0022,-0.0343,0.0469,0.2552,0.0084,1.1042,0.2752,0.2208,34.4628,36.7599,-0.0100,nan,nan,nan,nan
50.6616,-0.0034,0.0089,1.1982,0.0086,-0.0367,0.0415,0.2552,0.0085,1.1042,0.2752,0.2275,34.4633,36.7600,-0.0084,nan,nan,nan,nan
50.6873,-0.0034,0.0090,1.1982,0.0151,-0.0390,0.0371,0.2552,0.0087,1.1042,0.2752,0.2505,34.4655,36.7625,0.0031,nan,nan,nan,nan
50.7141,-0.0034,0.0091,1.1982,0.0151,-0.0390,0.0371,0.2553,0.0088,1.1042,0.2752,0.2577,34.4673,36.7639,0.0080,nan,nan,nan,nan
50.7362,-0.0034,0.0092,1.1982,0.0226,-0.0407,0.0347,0.2553,0.0089,1.1042,0.2752,0.2590,34.4703,36.7641,0.0112,nan,nan,nan,nan
50.7586,-0.0033,0.0093,1.1982,0.0310,-0.0424,0.0349,0.2553,0.0090,1.1042,0.2752,0.2523,34.4728,36.7642,0.0128,nan,nan,nan,nan
50.7880,-0.0033,0.0094,1.1982,0.0310,-0.0424,0.0349,0.2554,0.0091,1.1043,0.2752,0.2474,34.4745,36.7626,0.0160,nan,nan,nan,nan
50.8131,-0.0033,0.0095,1.1982,0.0390,-0.0441,0.0350,0.2554,0.0092,1.1043,0.2752,0.2468,34.4751,36.7624,0.0167,nan,nan,nan,nan
50.8413,-0.0033,0.0096,1.1983,0.0456,-0.0459,0.0346,0.2554,0.0093,1.1043,0.2752,0.2476,34.4748,36.7657,0.0160,nan,nan,nan,nan
50.8686,-0.0032,0.0097,1.1983,0.0456,-0.0459,0.0346,0.2554,0.0094,1.1043,0.2752,0.2476,34.4742,36.7679,0.0124,nan,nan,nan,nan
50.8920,-0.0032,0.0098,1.1983,0.0520,-0.0473,0.0344,0.2554,0.0095,1.1043,0.2752,0.2465,34.4742,36.7681,0.0112,nan,nan,nan,nan
50.9127,-0.0032,0.0099,1.1983,0.0583,-0.0484,0.0347,0.2555,0.0096,1.1043,0.2752,0.2436,34.4765,36.7655,0.0089,nan,nan,nan,nan
50.9399,-0.0032,0.0101,1.1983,0.0641,-0.0500,0.0348,0.2555,0.0098,1.1043,0.2752,0.2402,34.4770,36.7594,0.0047,nan,nan,nan,nan
50.9692,-0.0031,0.0102,1.1983,0.0695,-0.0511,0.0359,0.2555,0.0099,1.1043,0.2752,0.2318,34.4794,36.7547,0.0032,nan,nan,nan,nan
50.9981,-0.0031,0.0103,1.1983,0.0757,-0.0518,0.0392,0.2556,0.0099,1.1043,0.2752,0.2098,34.4841,36.7454,0.0034,nan,nan,nan,nan
51.0243,-0.0031,0.0105,1.1983,0.0757,-0.0518,0.0392,0.2556,0.0100,1.1043,0.2753,0.1858,34.4857,36.7412,0.0026,nan,nan,nan,nan
51.0465,-0.0031,0.0106,1.1983,0.0820,-0.0526,0.0444,0.2556,0.0100,1.1043,0.2753,0.1661,34.4855,36.7410,0.0016,nan,nan,nan,nan
51.0686,-0.0031,0.0106,1.1983,0.0886,-0.0531,0.0512,0.2556,0.0100,1.1043,0.2753,0.1334,34.4855,36.7415,-0.0006,nan,nan,nan,nan
51.0957,-0.0031,0.0107,1.1983,0.0886,-0.0531,0.0512,0.2557,0.0100,1.1043,0.2753,0.1003,34.4863,36.7398,0.0014,nan,nan,nan,nan
51.1190,-0.0031,0.0108,1.1983,0.0949,-0.0531,0.0578,0.2557,0.0100,1.1043,0.2753,0.0798,34.4879,36.7396,0.0025,nan,nan,nan,nan
51.1508,-0.0030,0.0109,1.1983,0.0998,-0.0519,0.0634,0.2557,0.0100,1.1043,0.2753,0.0535,34.4915,36.7389,0.0042,nan,nan,nan,nan
51.1910,-0.0030,0.0110,1.1983,0.1037,-0.0500,0.0671,0.2557,0.0100,1.1044,0.2752,0.0284,34.4965,36.7417,0.0064,nan,nan,nan,nan
51.2207,-0.0030,0.0111,1.1983,0.1060,-0.0482,0.0690,0.2557,0.0101,1.1044,0.2752,0.0170,34.4985,36.7394,0.0121,nan,nan,nan,nan
51.2577,-0.0030,0.0112,1.1983,0.1069,-0.0461,0.0687,0.2557,0.0102,1.1044,0.2752,0.0204,34.4986,36.7383,0.0116,nan,nan,nan,nan
51.2788,-0.0030,0.0113,1.1983,0.1069,-0.0461,0.0687,0.2557,0.0103,1.1044,0.2752,0.0259,34.4998,36.7370,0.0120,nan,nan,nan,nan
51.3026,-0.0030,0.0114,1.1983,0.1073,-0.0433,0.0681,0.2557,0.0104,1.1044,0.2752,0.0275,34.5004,36.7370,0.0122,nan,nan,nan,nan
51.3374,-0.0030,0.0114,1.1983,0.1086,-0.0397,0.0682,0.2557,0.0104,1.1044,0.2752,0.0264,34.5055,36.7370,0.0141,nan,nan,nan,nan
51.3747,-0.0030,0.0115,1.1983,0.1110,-0.0359,0.0704,0.2557,0.0105,1.1044,0.2752,0.0120,34.5114,36.7358,0.0090,nan,nan,nan,nan
51.3965,-0.0030,0.0116,1.1983,0.1110,-0.0359,0.0704,0.2557,0.0105,1.1044,0.2752,-0.0033,34.5142,36.7327,0.0035,nan,nan,nan,nan
51.4193,-0.0030,0.0117,1.1983,0.1145,-0.0324,0.0728,0.2557,0.0105,1.1044,0.2752,-0.0137,34.5160,36.7303,0.0011,nan,nan,nan,nan
51.4397,-0.0030,0.0117,1.1983,0.1184,-0.0286,0.0751,0.2557,0.0105,1.1044,0.2752,-0.0303,34.5196,36.7260,-0.0049,nan,nan,nan,nan
51.4635,-0.0030,0.0118,1.1983,0.1184,-0.0286,0.0751,0.2557,0.0105,1.1044,0.2753,-0.0478,34.5240,36.7230,-0.0087,nan,nan,nan,nan
51.4897,-0.0030,0.0118,1.1983,0.1223,-0.0245,0.0773,0.2557,0.0105,1.1044,0.2753,-0.0576,34.5270,36.7209,-0.0085,nan,nan,nan,nan
51.5118,-0.0030,0.0119,1.1983,0.1262,-0.0206,0.0789,0.2557,0.0105,1.1044,0.2753,-0.0721,34.5294,36.7173,-0.0093,nan,nan,nan,nan
51.5390,-0.0030,0.0119,1.1984,0.1262,-0.0206,0.0789,0.2557,0.0105,1.1043,0.2753,-0.0895,34.5306,36.7139,-0.0094,nan,nan,nan,nan
51.5641,-0.0030,0.0120,1.1984,0.1304,-0.0170,0.0810,0.2557,0.0105,1.1043,0.2753,-0.1085,34.5279,36.7123,-0.0078,nan,nan,nan,nan
51.5895,-0.0030,0.0120,1.1984,0.1348,-0.0138,0.0834,0.2557,0.0105,1.1043,0.2753,-0.1207,34.5267,36.7107,-0.0097,nan,nan,nan,nan
51.6144,-0.0030,0.0121,1.1984,0.1348,-0.0138,0.0834,0.2557,0.0105,1.1043,0.2753,-0.1307,34.5260,36.7087,-0.0112,nan,nan,nan,nan
51.6423,-0.0030,0.0121,1.1984,0.1389,-0.0103,0.0843,0.2557,0.0105,1.1043,0.2753,-0.1396,34.5247,36.7062,-0.0120,nan,nan,nan,nan
51.6678,-0.0030,0.0121,1.1984,0.1429,-0.0064,0.0843,0.2557,0.0104,1.1042,0.2753,-0.1542,34.5232,36.7004,-0.0123,nan,nan,nan,nan
51.6892,-0.0031,0.0122,1.1984,0.1429,-0.0064,0.0843,0.2557,0.0104,1.1042,0.2753,-0.1612,34.5228,36.6990,-0.0172,nan,nan,nan,nan
51.7105,-0.0031,0.0122,1.1984,0.1468,-0.0024,0.0841,0.2556,0.0104,1.1042,0.2753,-0.1692,34.5220,36.6980,-0.0222,nan,nan,nan,nan
51.7310,-0.0031,0.0122,1.1984,0.1510,0.0013,0.0845,0.2556,0.0104,1.1042,0.2753,-0.1882,34.5196,36.6929,-0.0240,nan,nan,nan,nan
51.7585,-0.0031,0.0123,1.1984,0.1559,0.0043,0.0859,0.2556,0.0103,1.1041,0.2753,-0.2146,34.5142,36.6887,-0.0272,nan,nan,nan,nan
51.7919,-0.0031,0.0123,1.1984,0.1615,0.0078,0.0869,0.2556,0.0103,1.1041,0.2754,-0.2441,34.5113,36.6869,-0.0313,nan,nan,nan,nan
51.8149,-0.0031,0.0123,1.1984,0.1615,0.0078,0.0869,0.2556,0.0102,1.1041,0.2754,-0.2608,34.5088,36.6893,-0.0357,nan,nan,nan,nan
51.8388,-0.0031,0.0123,1.1984,0.1662,0.0113,0.0869,0.2556,0.0102,1.1041,0.2754,-0.2669,34.5077,36.6897,-0.0393,nan,nan,nan,nan
51.8627,-0.0031,0.0123,1.1984,0.1697,0.0150,0.0840,0.2556,0.0102,1.1041,0.2754,-0.2687,34.5074,36.6873,-0.0451,nan,nan,nan,nan
51.8880,-0.0031,0.0123,1.1984,0.1697,0.0150,0.0840,0.2556,0.0102,1.1040,0.2754,-0.2648,34.5065,36.6843,-0.0513,nan,nan,nan,nan
51.9112,-0.0031,0.0123,1.1984,0.1720,0.0185,0.0797,0.2556,0.0102,1.1040,0.2754,-0.2532,34.5047,36.6816,-0.0626,nan,nan,nan,nan
51.9338,-0.0031,0.0123,1.1984,0.1740,0.0217,0.0739,0.2556,0.0102,1.1040,0.2754,-0.2461,34.5046,36.6807,-0.0679,nan,nan,nan,nan
51.9565,-0.0031,0.0123,1.1984,0.1763,0.0245,0.0686,0.2556,0.0102,1.1040,0.2754,-0.2390,34.5034,36.6796,-0.0735,nan,nan,nan,nan
51.9854,-0.0031,0.0123,1.1984,0.1797,0.0273,0.0638,0.2556,0.0102,1.1040,0.2754,-0.2362,34.5032,36.6798,-0.0733,nan,nan,nan,nan
52.0106,-0.0031,0.0122,1.1984,0.1837,0.0294,0.0596,0.2556,0.0102,1.1040,0.2754,-0.2387,34.5005,36.6864,-0.0755,nan,nan,nan,nan
52.0368,-0.0031,0.0122,1.1984,0.1837,0.0294,0.0596,0.2555,0.0101,1.1040,0.2753,-0.2455,34.4984,36.6959,-0.0830,nan,nan,nan,nan
52.0598,-0.0031,0.0122,1.1984,0.1881,0.0314,0.0564,0.2555,0.0101,1.1040,0.2753,-0.2484,34.4971,36.7027,-0.0888,nan,nan,nan,nan
52.0885,-0.0031,0.0122,1.1984,0.1920,0.0332,0.0520,0.2555,0.0100,1.1040,0.2753,-0.2500,34.4954,36.7116,-0.0914,nan,nan,nan,nan
52.1118,-0.0031,0.0121,1.1984,0.1920,0.0332,0.0520,0.2555,0.0100,1.1040,0.2753,-0.2464,34.4924,36.7179,-0.0923,nan,nan,nan,nan
52.1397,-0.0031,0.0121,1.1984,0.1945,0.0342,0.0466,0.2555,0.0100,1.1040,0.2753,-0.2393,34.4897,36.7229,-0.0906,nan,nan,nan,nan
52.1748,-0.0031,0.0120,1.1984,0.1957,0.0352,0.0390,0.2555,0.0099,1.1040,0.2753,-0.2240,34.4883,36.7310,-0.0907,nan,nan,nan,nan
52.1958,-0.0031,0.0120,1.1984,0.1957,0.0352,0.0390,0.2555,0.0099,1.1040,0.2753,-0.2080,34.4880,36.7349,-0.0905,nan,nan,nan,nan
52.2194,-0.0031,0.0119,1.1984,0.1962,0.0358,0.0315,0.2555,0.0099,1.1040,0.2753,-0.1979,34.4883,36.7367,-0.0888,nan,nan,nan,nan
52.2488,-0.0031,0.0119,1.1984,0.1966,0.0361,0.0242,0.2555,0.0099,1.1041,0.2753,-0.1838,34.4889,36.7398,-0.0868,nan,nan,nan,nan
52.2714,-0.0031,0.0118,1.1984,0.1966,0.0361,0.0242,0.2555,0.0099,1.1041,0.2753,-0.1723,34.4893,36.7421,-0.0860,nan,nan,nan,nan
52.2932,-0.0030,0.0117,1.1984,0.1969,0.0357,0.0176,0.2555,0.0098,1.1041,0.2752,-0.1670,34.4899,36.7419,-0.0901,nan,nan,nan,nan
52.3165,-0.0030,0.0117,1.1984,0.1974,0.0351,0.0124,0.2555,0.0097,1.1041,0.2752,-0.1626,34.4918,36.7419,-0.0952,nan,nan,nan,nan
52.3395,-0.0030,0.0115,1.1984,0.1975,0.0344,0.0074,0.2555,0.0096,1.1041,0.2752,-0.1573,34.4958,36.7478,-0.0945,nan,nan,nan,nan
52.3599,-0.0030,0.0115,1.1984,0.1973,0.0332,0.0024,0.2555,0.0095,1.1041,0.2752,-0.1544,34.4980,36.7512,-0.0961,nan,nan,nan,nan
52.3845,-0.0030,0.0113,1.1984,0.1963,0.0318,-0.0026,0.2556,0.0094,1.1042,0.2752,-0.1493,34.5006,36.7538,-0.0979,nan,nan,nan,nan
52.4095,-0.0030,0.0112,1.1984,0.1963,0.0318,-0.0026,0.2556,0.0093,1.1042,0.2752,-0.1468,34.5022,36.7529,-0.0989,nan,nan,nan,nan
52.4316,-0.0030,0.0112,1.1984,0.1944,0.0301,-0.0073,0.2556,0.0092,1.1042,0.2752,-0.1406,34.5045,36.7499,-0.1018,nan,nan,nan,nan
52.4526,-0.0030,0.0110,1.1984,0.1918,0.0280,-0.0128,0.2556,0.0091,1.1042,0.2752,-0.1327,34.5060,36.7456,-0.1043,nan,nan,nan,nan
52.4830,-0.0029,0.0109,1.1984,0.1876,0.0260,-0.0186,0.2556,0.0090,1.1042,0.2752,-0.1161,34.5089,36.7419,-0.1085,nan,nan,nan,nan
52.5061,-0.0029,0.0108,1.1984,0.1876,0.0260,-0.0186,0.2557,0.0089,1.1042,0.2752,-0.1067,34.5098,36.7409,-0.1096,nan,nan,nan,nan
52.5288,-0.0029,0.0107,1.1984,0.1831,0.0238,-0.0245,0.2557,0.0089,1.1042,0.2752,-0.0951,34.5113,36.7419,-0.1093,nan,nan,nan,nan
52.5585,-0.0029,0.0106,1.1984,0.1781,0.0212,-0.0297,0.2557,0.0088,1.1042,0.2752,-0.0850,34.5113,36.7427,-0.1116,nan,nan,nan,nan
52.5809,-0.0029,0.0104,1.1984,0.1781,0.0212,-0.0297,0.2557,0.0086,1.1042,0.2752,-0.0802,34.5107,36.7428,-0.1132,nan,nan,nan,nan
52.6051,-0.0029,0.0103,1.1984,0.1728,0.0184,-0.0334,0.2557,0.0085,1.1042,0.2752,-0.0756,34.5108,36.7430,-0.1126,nan,nan,nan,nan
52.6306,-0.0028,0.0102,1.1984,0.1672,0.0158,-0.0356,0.2558,0.0084,1.1042,0.2752,-0.0747,34.5121,36.7415,-0.1091,nan,nan,nan,nan
52.6513,-0.0028,0.0101,1.1984,0.1672,0.0158,-0.0356,0.2558,0.0083,1.1042,0.2752,-0.0774,34.5132,36.7398,-0.1063,nan,nan,nan,nan
52.6783,-0.0028,0.0099,1.1984,0.1618,0.0131,-0.0370,0.2558,0.0081,1.1042,0.2752,-0.0804,34.5140,36.7383,-0.1045,nan,nan,nan,nan
52.7042,-0.0028,0.0098,1.1984,0.1565,0.0102,-0.0374,0.2558,0.0080,1.1042,0.2752,-0.0877,34.5145,36.7362,-0.1027,nan,nan,nan,nan
52.7394,-0.0028,0.0096,1.1984,0.1509,0.0073,-0.0366,0.2559,0.0077,1.1042,0.2752,-0.1019,34.5157,36.7359,-0.1049,nan,nan,nan,nan
52.7758,-0.0027,0.0094,1.1984,0.1445,0.0047,-0.0365,0.2559,0.0074,1.1043,0.2752,-0.1125,34.5180,36.7377,-0.1147,nan,nan,nan,nan
52.8022,-0.0027,0.0092,1.1984,0.1378,0.0023,-0.0364,0.2559,0.0072,1.1043,0.2752,-0.1229,34.5219,36.7376,-0.1205,nan,nan,nan,nan
52.8283,-0.0027,0.0090,1.1984,0.1378,0.0023,-0.0364,0.2559,0.0069,1.1043,0.2752,-0.1310,34.5247,36.7366,-0.1198,nan,nan,nan,nan
52.8511,-0.0027,0.0089,1.1983,0.1305,-0.0002,-0.0361,0.2560,0.0068,1.1043,0.2752,-0.1358,34.5242,36.7365,-0.1191,nan,nan,nan,nan
52.8734,-0.0027,0.0087,1.1983,0.1221,-0.0032,-0.0361,0.2560,0.0066,1.1043,0.2752,-0.1384,34.5229,36.7388,-0.1192,nan,nan,nan,nan
52.9005,-0.0026,0.0085,1.1983,0.1121,-0.0059,-0.0378,0.2560,0.0064,1.1043,0.2752,-0.1311,34.5215,36.7438,-0.1249,nan,nan,nan,nan
52.9211,-0.0026,0.0083,1.1983,0.1121,-0.0059,-0.0378,0.2560,0.0062,1.1043,0.2752,-0.1229,34.5210,36.7448,-0.1276,nan,nan,nan,nan
52.9416,-0.0026,0.0082,1.1983,0.1011,-0.0083,-0.0409,0.2560,0.0061,1.1043,0.2752,-0.1144,34.5206,36.7445,-0.1302,nan,nan,nan,nan
52.9665,-0.0026,0.0080,1.1983,0.0885,-0.0105,-0.0448,0.2561,0.0060,1.1043,0.2752,-0.0888,34.5193,36.7428,-0.1353,nan,nan,nan,nan
52.9919,-0.0026,0.0078,1.1983,0.0885,-0.0105,-0.0448,0.2561,0.0059,1.1043,0.2752,-0.0600,34.5185,36.7403,-0.1386,nan,nan,nan,nan
53.0149,-0.0025,0.0076,1.1983,0.0743,-0.0125,-0.0505,0.2561,0.0058,1.1043,0.2752,-0.0227,34.5173,36.7391,-0.1446,nan,nan,nan,nan
53.0392,-0.0025,0.0074,1.1983,0.0585,-0.0144,-0.0582,0.2561,0.0058,1.1043,0.2752,0.0205,34.5147,36.7364,-0.1544,nan,nan,nan,nan
53.0719,-0.0025,0.0072,1.1983,0.0415,-0.0162,-0.0665,0.2562,0.0057,1.1043,0.2752,0.0658,34.5116,36.7332,-0.1636,nan,nan,nan,nan
53.1075,-0.0025,0.0069,1.1983,0.0244,-0.0176,-0.0737,0.2562,0.0056,1.1043,0.2752,0.1212,34.5078,36.7320,-0.1736,nan,nan,nan,nan
53.1337,-0.0025,0.0067,1.1983,0.0244,-0.0176,-0.0737,0.2562,0.0055,1.1043,0.2752,0.1434,34.5057,36.7316,-0.1764,nan,nan,nan,nan
53.1574,-0.0024,0.0065,1.1983,0.0083,-0.0190,-0.0784,0.2562,0.0054,1.1042,0.2753,0.1764,34.5018,36.7303,-0.1843,nan,nan,nan,nan
53.1794,-0.0024,0.0063,1.1983,-0.0071,-0.0200,-0.0814,0.2562,0.0053,1.1042,0.2753,0.1956,34.4992,36.7293,-0.1878,nan,nan,nan,nan
53.2124,-0.0024,0.0061,1.1983,-0.0221,-0.0208,-0.0825,0.2563,0.0051,1.1042,0.2753,0.2073,34.4961,36.7327,-0.1881,nan,nan,nan,nan
53.2484,-0.0024,0.0059,1.1983,-0.0368,-0.0212,-0.0815,0.2563,0.0049,1.1042,0.2752,0.2146,34.4928,36.7388,-0.1873,nan,nan,nan,nan
53.2749,-0.0024,0.0057,1.1983,-0.0368,-0.0212,-0.0815,0.2563,0.0047,1.1042,0.2752,0.2224,34.4940,36.7391,-0.1804,nan,nan,nan,nan
53.2991,-0.0024,0.0056,1.1983,-0.0520,-0.0209,-0.0812,0.2563,0.0046,1.1042,0.2752,0.2277,34.4939,36.7388,-0.1761,nan,nan,nan,nan
53.3318,-0.0024,0.0054,1.1983,-0.0673,-0.0205,-0.0803,0.2563,0.0044,1.1042,0.2752,0.2322,34.4936,36.7379,-0.1709,nan,nan,nan,nan
53.3540,-0.0024,0.0052,1.1983,-0.0673,-0.0205,-0.0803,0.2563,0.0042,1.1042,0.2752,0.2334,34.4941,36.7397,-0.1657,nan,nan,nan,nan
53.3812,-0.0023,0.0051,1.1983,-0.0824,-0.0194,-0.0782,0.2563,0.0041,1.1042,0.2752,0.2336,34.4955,36.7414,-0.1604,nan,nan,nan,nan
53.4100,-0.0023,0.0049,1.1983,-0.0971,-0.0184,-0.0747,0.2563,0.0039,1.1042,0.2752,0.2287,34.4974,36.7408,-0.1485,nan,nan,nan,nan
53.4366,-0.0023,0.0047,1.1983,-0.0971,-0.0184,-0.0747,0.2563,0.0036,1.1042,0.2752,0.2170,34.4970,36.7434,-0.1466,nan,nan,nan,nan
53.4581,-0.0023,0.0046,1.1983,-0.1108,-0.0176,-0.0696,0.2563,0.0035,1.1042,0.2752,0.2114,34.4964,36.7436,-0.1463,nan,nan,nan,nan
53.4848,-0.0023,0.0044,1.1983,-0.1233,-0.0176,-0.0625,0.2564,0.0032,1.1042,0.2752,0.1818,34.4899,36.7413,-0.1425,nan,nan,nan,nan
53.5101,-0.0023,0.0043,1.1983,-0.1233,-0.0176,-0.0625,0.2564,0.0029,1.1042,0.2753,0.1619,34.4878,36.7370,-0.1386,nan,nan,nan,nan
53.5306,-0.0023,0.0042,1.1983,-0.1342,-0.0175,-0.0539,0.2564,0.0027,1.1041,0.2753,0.1395,34.4855,36.7342,-0.1330,nan,nan,nan,nan
53.5541,-0.0023,0.0040,1.1983,-0.1448,-0.0168,-0.0453,0.2564,0.0025,1.1041,0.2753,0.0973,34.4812,36.7310,-0.1206,nan,nan,nan,nan
53.5756,-0.0023,0.0039,1.1983,-0.1448,-0.0168,-0.0453,0.2564,0.0022,1.1041,0.2753,0.0653,34.4782,36.7277,-0.1135,nan,nan,nan,nan
53.5995,-0.0023,0.0037,1.1983,-0.1552,-0.0159,-0.0364,0.2564,0.0018,1.1041,0.2753,0.0145,34.4745,36.7215,-0.1130,nan,nan,nan,nan
53.6196,-0.0023,0.0036,1.1983,-0.1638,-0.0149,-0.0268,0.2564,0.0015,1.1040,0.2753,-0.0228,34.4712,36.7179,-0.1144,nan,nan,nan,nan
53.6443,-0.0022,0.0035,1.1983,-0.1722,-0.0140,-0.0184,0.2564,0.0013,1.1040,0.2753,-0.0427,34.4684,36.7173,-0.1145,nan,nan,nan,nan
53.6762,-0.0022,0.0033,1.1983,-0.1817,-0.0126,-0.0137,0.2564,0.0011,1.1040,0.2753,-0.0640,34.4635,36.7152,-0.1158,nan,nan,nan,nan
53.7126,-0.0022,0.0031,1.1983,-0.1919,-0.0115,-0.0117,0.2565,0.0009,1.1039,0.2754,-0.0664,34.4571,36.7105,-0.1154,nan,nan,nan,nan
53.7353,-0.0022,0.0030,1.1983,-0.1919,-0.0115,-0.0117,0.2565,0.0007,1.1039,0.2754,-0.0639,34.4543,36.7046,-0.1168,nan,nan,nan,nan
53.7576,-0.0022,0.0029,1.1983,-0.2009,-0.0100,-0.0109,0.2565,0.0006,1.1039,0.2754,-0.0637,34.4531,36.7024,-0.1171,nan,nan,nan,nan
53.7932,-0.0022,0.0028,1.1983,-0.2082,-0.0087,-0.0096,0.2565,0.0005,1.1038,0.2754,-0.0665,34.4472,36.7008,-0.1179,nan,nan,nan,nan
53.8218,-0.0022,0.0026,1.1983,-0.2145,-0.0074,-0.0086,0.2565,0.0003,1.1038,0.2754,-0.0682,34.4422,36.6975,-0.1245,nan,nan,nan,nan
53.8437,-0.0022,0.0025,1.1983,-0.2145,-0.0074,-0.0086,0.2565,0.0002,1.1038,0.2754,-0.0709,34.4386,36.6944,-0.1304,nan,nan,nan,nan
53.8640,-0.0022,0.0024,1.1983,-0.2191,-0.0061,-0.0073,0.2565,0.0001,1.1038,0.2754,-0.0764,34.4359,36.6935,-0.1334,nan,nan,nan,nan
53.8906,-0.0022,0.0024,1.1983,-0.2214,-0.0048,-0.0046,0.2565,-0.0000,1.1037,0.2754,-0.0896,34.4328,36.6905,-0.1316,nan,nan,nan,nan
53.9173,-0.0022,0.0022,1.1983,-0.2222,-0.0036,-0.0020,0.2565,-0.0002,1.1037,0.2755,-0.1091,34.4281,36.6852,-0.1247,nan,nan,nan,nan
53.9509,-0.0022,0.0021,1.1983,-0.2222,-0.0021,-0.0005,0.2565,-0.0004,1.1037,0.2755,-0.1215,34.4246,36.6787,-0.1228,nan,nan,nan,nan
53.9716,-0.0022,0.0021,1.1983,-0.2222,-0.0021,-0.0005,0.2565,-0.0005,1.1036,0.2755,-0.1252,34.4228,36.6757,-0.1179,nan,nan,nan,nan
53.9962,-0.0022,0.0020,1.1983,-0.2220,-0.0003,-0.0003,0.2565,-0.0005,1.1036,0.2755,-0.1257,34.4207,36.6742,-0.1091,nan,nan,nan,nan
54.0210,-0.0022,0.0019,1.1983,-0.2208,0.0018,-0.0011,0.2565,-0.0006,1.1036,0.2755,-0.1253,34.4206,36.6713,-0.1051,nan,nan,nan,nan
54.0487,-0.0022,0.0019,1.1983,-0.2186,0.0041,-0.0025,0.2565,-0.0006,1.1036,0.2755,-0.1220,34.4211,36.6657,-0.0996,nan,nan,nan,nan
54.0711,-0.0022,0.0018,1.1983,-0.2186,0.0041,-0.0025,0.2565,-0.0007,1.1036,0.2755,-0.1237,34.4209,36.6650,-0.0997,nan,nan,nan,nan
54.0929,-0.0022,0.0018,1.1983,-0.2148,0.0065,-0.0031,0.2566,-0.0007,1.1036,0.2755,-0.1252,34.4211,36.6639,-0.1002,nan,nan,nan,nan
54.1163,-0.0022,0.0017,1.1983,-0.2103,0.0088,-0.0041,0.2566,-0.0008,1.1035,0.2755,-0.1258,34.4223,36.6569,-0.1044,nan,nan,nan,nan
54.1405,-0.0022,0.0017,1.1983,-0.2050,0.0107,-0.0067,0.2566,-0.0008,1.1035,0.2756,-0.1173,34.4208,36.6486,-0.1071,nan,nan,nan,nan
54.1699,-0.0021,0.0016,1.1983,-0.1986,0.0122,-0.0089,0.2566,-0.0008,1.1035,0.2756,-0.1121,34.4191,36.6406,-0.1010,nan,nan,nan,nan
54.1955,-0.0021,0.0016,1.1983,-0.1986,0.0122,-0.0089,0.2566,-0.0008,1.1034,0.2756,-0.1119,34.4185,36.6346,-0.0967,nan,nan,nan,nan
54.2213,-0.0021,0.0016,1.1983,-0.1903,0.0137,-0.0104,0.2566,-0.0009,1.1034,0.2756,-0.1153,34.4181,36.6328,-0.0956,nan,nan,nan,nan
54.2423,-0.0021,0.0016,1.1983,-0.1798,0.0155,-0.0094,0.2566,-0.0009,1.1034,0.2756,-0.1297,34.4198,36.6299,-0.0955,nan,nan,nan,nan
54.2686,-0.0021,0.0016,1.1983,-0.1798,0.0155,-0.0094,0.2566,-0.0010,1.1034,0.2756,-0.1506,34.4240,36.6283,-0.0964,nan,nan,nan,nan
54.2950,-0.0021,0.0016,1.1983,-0.1671,0.0178,-0.0070,0.2566,-0.0011,1.1034,0.2756,-0.1677,34.4272,36.6285,-0.0979,nan,nan,nan,nan
54.3168,-0.0021,0.0016,1.1983,-0.1529,0.0201,-0.0035,0.2566,-0.0012,1.1034,0.2756,-0.1967,34.4324,36.6262,-0.0993,nan,nan,nan,nan
54.3392,-0.0021,0.0016,1.1983,-0.1529,0.0201,-0.0035,0.2566,-0.0012,1.1034,0.2756,-0.2258,34.4372,36.6225,-0.0995,nan,nan,nan,nan
54.3656,-0.0021,0.0016,1.1983,-0.1378,0.0219,-0.0000,0.2566,-0.0013,1.1034,0.2756,-0.2349,34.4382,36.6213,-0.0989,nan,nan,nan,nan
54.3890,-0.0021,0.0016,1.1983,-0.1227,0.0227,0.0021,0.2567,-0.0014,1.1034,0.2756,-0.2642,34.4401,36.6185,-0.0997,nan,nan,nan,nan
54.4109,-0.0021,0.0017,1.1983,-0.1082,0.0229,0.0014,0.2567,-0.0014,1.1034,0.2756,-0.2779,34.4394,36.6165,-0.0975,nan,nan,nan,nan
54.4368,-0.0021,0.0017,1.1983,-0.1082,0.0229,0.0014,0.2567,-0.0013,1.1034,0.2756,-0.2749,34.4407,36.6167,-0.0988,nan,nan,nan,nan
54.4634,-0.0021,0.0017,1.1983,-0.0951,0.0236,-0.0018,0.2567,-0.0013,1.1034,0.2756,-0.2676,34.4431,36.6147,-0.0985,nan,nan,nan,nan
54.4919,-0.0021,0.0017,1.1983,-0.0822,0.0242,-0.0068,0.2567,-0.0012,1.1034,0.2756,-0.2546,34.4464,36.6127,-0.1031,nan,nan,nan,nan
54.5180,-0.0020,0.0017,1.1983,-0.0822,0.0242,-0.0068,0.2567,-0.0012,1.1034,0.2756,-0.2468,34.4479,36.6125,-0.1055,nan,nan,nan,nan
54.5432,-0.0020,0.0017,1.1983,-0.0685,0.0243,-0.0114,0.2567,-0.0011,1.1034,0.2756,-0.2345,34.4487,36.6146,-0.1072,nan,nan,nan,nan
54.5745,-0.0020,0.0017,1.1983,-0.0544,0.0240,-0.0170,0.2567,-0.0010,1.1034,0.2756,-0.2205,34.4490,36.6169,-0.1043,nan,nan,nan,nan
54.5992,-0.0020,0.0018,1.1983,-0.0392,0.0229,-0.0211,0.2567,-0.0010,1.1034,0.2756,-0.2094,34.4469,36.6187,-0.1058,nan,nan,nan,nan
54.6226,-0.0020,0.0018,1.1983,-0.0392,0.0229,-0.0211,0.2568,-0.0009,1.1034,0.2756,-0.2078,34.4446,36.6193,-0.1094,nan,nan,nan,nan
54.6442,-0.0020,0.0018,1.1983,-0.0226,0.0210,-0.0242,0.2568,-0.0009,1.1034,0.2756,-0.2070,34.4415,36.6191,-0.1141,nan,nan,nan,nan
54.6786,-0.0020,0.0018,1.1983,-0.0061,0.0192,-0.0277,0.2568,-0.0008,1.1034,0.2756,-0.2037,34.4392,36.6171,-0.1169,nan,nan,nan,nan
54.7031,-0.0019,0.0018,1.1983,0.0094,0.0176,-0.0319,0.2568,-0.0008,1.1034,0.2756,-0.1918,34.4379,36.6138,-0.1164,nan,nan,nan,nan
54.7289,-0.0019,0.0019,1.1982,0.0094,0.0176,-0.0319,0.2568,-0.0007,1.1034,0.2756,-0.1800,34.4374,36.6137,-0.1134,nan,nan,nan,nan
54.7540,-0.0019,0.0019,1.1982,0.0239,0.0164,-0.0382,0.2568,-0.0006,1.1034,0.2756,-0.1659,34.4372,36.6153,-0.1095,nan,nan,nan,nan
54.7765,-0.0019,0.0019,1.1982,0.0370,0.0155,-0.0450,0.2569,-0.0005,1.1034,0.2756,-0.1334,34.4371,36.6193,-0.1062,nan,nan,nan,nan
54.7990,-0.0019,0.0019,1.1982,0.0370,0.0155,-0.0450,0.2569,-0.0003,1.1034,0.2756,-0.1081,34.4353,36.6219,-0.1033,nan,nan,nan,nan
54.8250,-0.0019,0.0019,1.1982,0.0496,0.0144,-0.0521,0.2569,-0.0003,1.1034,0.2756,-0.0989,34.4348,36.6226,-0.1028,nan,nan,nan,nan
54.8465,-0.0018,0.0019,1.1982,0.0610,0.0138,-0.0596,0.2569,-0.0001,1.1034,0.2756,-0.0590,34.4338,36.6265,-0.0995,nan,nan,nan,nan
54.8723,-0.0018,0.0019,1.1982,0.0707,0.0137,-0.0683,0.2569,0.0001,1.1034,0.2756,-0.0086,34.4344,36.6303,-0.0958,nan,nan,nan,nan
54.8996,-0.0018,0.0019,1.1982,0.0782,0.0139,-0.0783,0.2569,0.0003,1.1034,0.2756,0.0527,34.4345,36.6324,-0.0882,nan,nan,nan,nan
54.9268,-0.0018,0.0019,1.1982,0.0782,0.0139,-0.0783,0.2570,0.0005,1.1034,0.2756,0.1006,34.4347,36.6306,-0.0823,nan,nan,nan,nan
54.9472,-0.0018,0.0019,1.1982,0.0843,0.0144,-0.0884,0.2570,0.0006,1.1034,0.2756,0.1325,34.4354,36.6277,-0.0779,nan,nan,nan,nan
54.9677,-0.0018,0.0019,1.1982,0.0892,0.0156,-0.0978,0.2570,0.0008,1.1034,0.2756,0.1812,34.4375,36.6261,-0.0760,nan,nan,nan,nan
54.9937,-0.0017,0.0019,1.1982,0.0892,0.0156,-0.0978,0.2570,0.0010,1.1034,0.2756,0.2132,34.4393,36.6251,-0.0765,nan,nan,nan,nan
55.0158,-0.0017,0.0019,1.1982,0.0930,0.0170,-0.1068,0.2570,0.0011,1.1034,0.2756,0.2581,34.4403,36.6241,-0.0774,nan,nan,nan,nan
55.0365,-0.0017,0.0019,1.1982,0.0966,0.0182,-0.1133,0.2571,0.0012,1.1034,0.2756,0.2930,34.4402,36.6238,-0.0743,nan,nan,nan,nan
55.0572,-0.0017,0.0018,1.1982,0.0966,0.0182,-0.1133,0.2571,0.0013,1.1034,0.2756,0.3132,34.4390,36.6232,-0.0749,nan,nan,nan,nan
55.0861,-0.0017,0.0018,1.1982,0.1009,0.0191,-0.1152,0.2571,0.0013,1.1034,0.2756,0.3182,34.4386,36.6221,-0.0761,nan,nan,nan,nan
55.1085,-0.0016,0.0018,1.1982,0.1054,0.0199,-0.1134,0.2571,0.0013,1.1034,0.2756,0.3188,34.4376,36.6216,-0.0736,nan,nan,nan,nan
55.1312,-0.0016,0.0018,1.1982,0.1054,0.0199,-0.1134,0.2571,0.0013,1.1034,0.2756,0.3159,34.4360,36.6228,-0.0703,nan,nan,nan,nan
55.1573,-0.0016,0.0018,1.1982,0.1088,0.0207,-0.1104,0.2571,0.0013,1.1034,0.2756,0.3148,34.4356,36.6238,-0.0693,nan,nan,nan,nan
55.1859,-0.0016,0.0018,1.1982,0.1105,0.0218,-0.1070,0.2572,0.0013,1.1034,0.2756,0.3110,34.4357,36.6247,-0.0635,nan,nan,nan,nan
55.2089,-0.0016,0.0018,1.1982,0.1105,0.0218,-0.1070,0.2572,0.0013,1.1034,0.2756,0.3111,34.4356,36.6254,-0.0557,nan,nan,nan,nan
55.2345,-0.0015,0.0018,1.1982,0.1104,0.0228,-0.1037,0.2572,0.0013,1.1034,0.2756,0.3098,34.4346,36.6263,-0.0479,nan,nan,nan,nan
55.2579,-0.0015,0.0017,1.1982,0.1088,0.0233,-0.0991,0.2572,0.0013,1.1034,0.2756,0.3056,34.4320,36.6294,-0.0349,nan,nan,nan,nan
55.2797,-0.0015,0.0017,1.1982,0.1088,0.0233,-0.0991,0.2572,0.0012,1.1034,0.2756,0.3000,34.4287,36.6338,-0.0158,nan,nan,nan,nan
55.3015,-0.0015,0.0017,1.1982,0.1062,0.0237,-0.0938,0.2572,0.0012,1.1034,0.2756,0.2977,34.4279,36.6351,-0.0086,nan,nan,nan,nan
55.3371,-0.0014,0.0017,1.1982,0.1023,0.0241,-0.0869,0.2573,0.0011,1.1034,0.2756,0.2821,34.4257,36.6385,0.0221,nan,nan,nan,nan
55.3634,-0.0014,0.0016,1.1982,0.0975,0.0248,-0.0798,0.2573,0.0010,1.1034,0.2756,0.2648,34.4261,36.6425,0.0354,nan,nan,nan,nan
55.3872,-0.0014,0.0016,1.1982,0.0975,0.0248,-0.0798,0.2573,0.0010,1.1034,0.2755,0.2563,34.4278,36.6455,0.0390,nan,nan,nan,nan
55.4151,-0.0014,0.0016,1.1982,0.0906,0.0258,-0.0735,0.2573,0.0009,1.1034,0.2755,0.2532,34.4301,36.6500,0.0437,nan,nan,nan,nan
55.4419,-0.0013,0.0015,1.1982,0.0816,0.0269,-0.0682,0.2574,0.0009,1.1034,0.2755,0.2523,34.4321,36.6523,0.0472,nan,nan,nan,nan
55.4621,-0.0013,0.0015,1.1982,0.0816,0.0269,-0.0682,0.2574,0.0009,1.1034,0.2755,0.2509,34.4332,36.6548,0.0516,nan,nan,nan,nan
55.4859,-0.0013,0.0014,1.1982,0.0713,0.0276,-0.0626,0.2574,0.0008,1.1035,0.2755,0.2505,34.4350,36.6572,0.0589,nan,nan,nan,nan
55.5122,-0.0013,0.0014,1.1982,0.0596,0.0281,-0.0577,0.2574,0.0008,1.1035,0.2755,0.2531,34.4370,36.6588,0.0673,nan,nan,nan,nan
55.5472,-0.0012,0.0013,1.1983,0.0468,0.0285,-0.0529,0.2575,0.0007,1.1035,0.2755,0.2575,34.4396,36.6604,0.0765,nan,nan,nan,nan
55.5687,-0.0012,0.0013,1.1983,0.0468,0.0285,-0.0529,0.2575,0.0007,1.1035,0.2755,0.2635,34.4420,36.6590,0.0814,nan,nan,nan,nan
55.5954,-0.0012,0.0012,1.1983,0.0327,0.0287,-0.0487,0.2575,0.0007,1.1035,0.2755,0.2706,34.4428,36.6589,0.0866,nan,nan,nan,nan
55.6251,-0.0011,0.0012,1.1983,0.0176,0.0283,-0.0457,0.2576,0.0007,1.1035,0.2755,0.2834,34.4429,36.6596,0.0954,nan,nan,nan,nan
55.6538,-0.0011,0.0011,1.1983,0.0019,0.0277,-0.0431,0.2576,0.0007,1.1035,0.2755,0.3023,34.4439,36.6594,0.1024,nan,nan,nan,nan
55.6756,-0.0010,0.0011,1.1983,0.0019,0.0277,-0.0431,0.2576,0.0007,1.1035,0.2755,0.3147,34.4463,36.6573,0.1032,nan,nan,nan,nan
55.7025,-0.0010,0.0010,1.1983,-0.0144,0.0273,-0.0396,0.2577,0.0007,1.1035,0.2755,0.3229,34.4478,36.6575,0.1051,nan,nan,nan,nan
55.7268,-0.0010,0.0009,1.1983,-0.0306,0.0265,-0.0359,0.2577,0.0006,1.1035,0.2755,0.3354,34.4512,36.6553,0.1058,nan,nan,nan,nan
55.7518,-0.0009,0.0009,1.1983,-0.0454,0.0254,-0.0307,0.2578,0.0006,1.1036,0.2755,0.3350,34.4523,36.6552,0.1022,nan,nan,nan,nan
55.7813,-0.0009,0.0008,1.1983,-0.0600,0.0238,-0.0242,0.2578,0.0005,1.1036,0.2755,0.3297,34.4538,36.6535,0.0914,nan,nan,nan,nan
55.8111,-0.0008,0.0008,1.1983,-0.0744,0.0218,-0.0177,0.2579,0.0004,1.1036,0.2755,0.3227,34.4547,36.6501,0.0846,nan,nan,nan,nan
55.8478,-0.0008,0.0007,1.1983,-0.0870,0.0185,-0.0098,0.2579,0.0003,1.1036,0.2755,0.3032,34.4517,36.6456,0.0835,nan,nan,nan,nan
55.8849,-0.0007,0.0007,1.1983,-0.0983,0.0157,-0.0008,0.2580,0.0001,1.1036,0.2755,0.2743,34.4527,36.6437,0.0829,nan,nan,nan,nan
55.9133,-0.0007,0.0006,1.1983,-0.1096,0.0130,0.0074,0.2580,-0.0000,1.1036,0.2755,0.2485,34.4552,36.6413,0.0780,nan,nan,nan,nan
55.9410,-0.0006,0.0006,1.1983,-0.1096,0.0130,0.0074,0.2581,-0.0001,1.1036,0.2755,0.2340,34.4560,36.6405,0.0703,nan,nan,nan,nan
55.9612,-0.0006,0.0006,1.1983,-0.1208,0.0098,0.0144,0.2581,-0.0001,1.1036,0.2755,0.2292,34.4561,36.6403,0.0673,nan,nan,nan,nan
55.9844,-0.0006,0.0006,1.1983,-0.1312,0.0055,0.0220,0.2582,-0.0002,1.1036,0.2755,0.2058,34.4541,36.6376,0.0561,nan,nan,nan,nan
56.0119,-0.0005,0.0005,1.1983,-0.1312,0.0055,0.0220,0.2582,-0.0003,1.1036,0.2755,0.1818,34.4530,36.6355,0.0486,nan,nan,nan,nan
56.0411,-0.0005,0.0005,1.1983,-0.1398,0.0010,0.0307,0.2583,-0.0004,1.1037,0.2755,0.1614,34.4534,36.6351,0.0439,nan,nan,nan,nan
56.0696,-0.0005,0.0005,1.1983,-0.1468,-0.0034,0.0405,0.2583,-0.0006,1.1037,0.2755,0.1281,34.4538,36.6358,0.0366,nan,nan,nan,nan
56.0939,-0.0004,0.0005,1.1983,-0.1534,-0.0088,0.0485,0.2584,-0.0007,1.1037,0.2755,0.0929,34.4501,36.6406,0.0261,nan,nan,nan,nan
56.1170,-0.0004,0.0005,1.1983,-0.1534,-0.0088,0.0485,0.2584,-0.0008,1.1037,0.2755,0.0802,34.4485,36.6446,0.0175,nan,nan,nan,nan
56.1436,-0.0003,0.0005,1.1983,-0.1604,-0.0139,0.0539,0.2584,-0.0008,1.1037,0.2755,0.0719,34.4470,36.6484,0.0026,nan,nan,nan,nan
56.1789,-0.0003,0.0005,1.1983,-0.1688,-0.0189,0.0560,0.2585,-0.0008,1.1037,0.2755,0.0756,34.4462,36.6476,-0.0052,nan,nan,nan,nan
56.1996,-0.0003,0.0005,1.1983,-0.1688,-0.0189,0.0560,0.2585,-0.0008,1.1038,0.2755,0.0795,34.4448,36.6460,-0.0046,nan,nan,nan,nan
56.2268,-0.0002,0.0005,1.1983,-0.1757,-0.0242,0.0572,0.2586,-0.0008,1.1038,0.2755,0.0816,34.4434,36.6458,-0.0043,nan,nan,nan,nan
56.2608,-0.0002,0.0005,1.1983,-0.1815,-0.0296,0.0584,0.2586,-0.0007,1.1038,0.2755,0.0836,34.4417,36.6464,-0.0060,nan,nan,nan,nan
56.2832,-0.0002,0.0005,1.1983,-0.1815,-0.0296,0.0584,0.2586,-0.0007,1.1038,0.2755,0.0865,34.4396,36.6479,-0.0054,nan,nan,nan,nan
56.3066,-0.0001,0.0005,1.1983,-0.1861,-0.0350,0.0588,0.2587,-0.0007,1.1038,0.2755,0.0879,34.4387,36.6479,-0.0049,nan,nan,nan,nan
56.3321,-0.0001,0.0006,1.1983,-0.1900,-0.0401,0.0590,0.2587,-0.0007,1.1038,0.2755,0.0940,34.4367,36.6452,-0.0024,nan,nan,nan,nan
56.3574,-0.0001,0.0006,1.1983,-0.1928,-0.0449,0.0577,0.2588,-0.0006,1.1038,0.2755,0.1049,34.4353,36.6446,0.0068,nan,nan,nan,nan
56.3948,-0.0000,0.0006,1.1983,-0.1951,-0.0493,0.0551,0.2588,-0.0005,1.1038,0.2755,0.1235,34.4354,36.6410,0.0189,nan,nan,nan,nan
56.4158,0.0000,0.0007,1.1983,-0.1951,-0.0493,0.0551,0.2589,-0.0004,1.1038,0.2755,0.1411,34.4351,36.6418,0.0269,nan,nan,nan,nan
56.4399,0.0000,0.0007,1.1983,-0.1968,-0.0532,0.0519,0.2589,-0.0003,1.1039,0.2755,0.1507,34.4349,36.6450,0.0298,nan,nan,nan,nan
56.4688,0.0001,0.0008,1.1983,-0.1968,-0.0566,0.0493,0.2589,-0.0002,1.1039,0.2755,0.1624,34.4361,36.6503,0.0325,nan,nan,nan,nan
56.5069,0.0001,0.0008,1.1983,-0.1945,-0.0593,0.0482,0.2589,-0.0002,1.1039,0.2755,0.1661,34.4400,36.6545,0.0347,nan,nan,nan,nan
56.5278,0.0001,0.0009,1.1983,-0.1945,-0.0593,0.0482,0.2590,-0.0001,1.1040,0.2755,0.1597,34.4424,36.6574,0.0373,nan,nan,nan,nan
56.5493,0.0001,0.0009,1.1983,-0.1899,-0.0620,0.0490,0.2590,-0.0001,1.1040,0.2755,0.1570,34.4429,36.6582,0.0381,nan,nan,nan,nan
56.5722,0.0002,0.0010,1.1983,-0.1842,-0.0645,0.0494,0.2590,-0.0000,1.1040,0.2755,0.1469,34.4458,36.6598,0.0424,nan,nan,nan,nan
56.6065,0.0002,0.0011,1.1983,-0.1773,-0.0669,0.0504,0.2590,0.0000,1.1040,0.2755,0.1332,34.4488,36.6556,0.0529,nan,nan,nan,nan
56.6406,0.0002,0.0012,1.1983,-0.1690,-0.0691,0.0511,0.2591,0.0001,1.1040,0.2755,0.1183,34.4503,36.6538,0.0647,nan,nan,nan,nan
56.6628,0.0002,0.0013,1.1983,-0.1690,-0.0691,0.0511,0.2591,0.0001,1.1040,0.2755,0.1041,34.4531,36.6527,0.0713,nan,nan,nan,nan
56.6870,0.0002,0.0014,1.1983,-0.1594,-0.0704,0.0523,0.2591,0.0001,1.1040,0.2755,0.0936,34.4547,36.6514,0.0722,nan,nan,nan,nan
56.7213,0.0002,0.0015,1.1983,-0.1488,-0.0715,0.0542,0.2591,0.0002,1.1040,0.2755,0.0739,34.4556,36.6518,0.0733,nan,nan,nan,nan
56.7495,0.0003,0.0016,1.1983,-0.1368,-0.0724,0.0563,0.2591,0.0002,1.1041,0.2755,0.0449,34.4560,36.6535,0.0699,nan,nan,nan,nan
56.7843,0.0003,0.0018,1.1983,-0.1241,-0.0728,0.0580,0.2591,0.0003,1.1041,0.2755,0.0178,34.4567,36.6560,0.0676,nan,nan,nan,nan
56.8084,0.0003,0.0019,1.1983,-0.1116,-0.0730,0.0583,0.2591,0.0004,1.1041,0.2755,-0.0016,34.4559,36.6585,0.0668,nan,nan,nan,nan
56.8329,0.0003,0.0021,1.1983,-0.0987,-0.0728,0.0580,0.2591,0.0005,1.1041,0.2755,-0.0168,34.4557,36.6618,0.0595,nan,nan,nan,nan
56.8592,0.0003,0.0022,1.1983,-0.0853,-0.0727,0.0573,0.2591,0.0006,1.1041,0.2755,-0.0291,34.4538,36.6610,0.0618,nan,nan,nan,nan
56.8812,0.0003,0.0024,1.1983,-0.0853,-0.0727,0.0573,0.2591,0.0007,1.1041,0.2755,-0.0376,34.4528,36.6589,0.0671,nan,nan,nan,nan
56.9058,0.0003,0.0025,1.1983,-0.0704,-0.0722,0.0571,0.2591,0.0007,1.1040,0.2755,-0.0584,34.4524,36.6555,0.0754,nan,nan,nan,nan
56.9266,0.0003,0.0026,1.1983,-0.0548,-0.0709,0.0574,0.2591,0.0008,1.1040,0.2755,-0.0704,34.4531,36.6539,0.0762,nan,nan,nan,nan
56.9506,0.0003,0.0027,1.1983,-0.0379,-0.0692,0.0578,0.2591,0.0008,1.1040,0.2755,-0.0965,34.4533,36.6535,0.0739,nan,nan,nan,nan
56.9810,0.0002,0.0029,1.1983,-0.0207,-0.0673,0.0577,0.2591,0.0009,1.1040,0.2755,-0.1186,34.4532,36.6540,0.0710,nan,nan,nan,nan
57.0097,0.0002,0.0031,1.1983,-0.0027,-0.0651,0.0577,0.2591,0.0010,1.1040,0.2755,-0.1429,34.4527,36.6551,0.0653,nan,nan,nan,nan
57.0346,0.0002,0.0032,1.1983,0.0164,-0.0627,0.0578,0.2591,0.0011,1.1040,0.2755,-0.1696,34.4524,36.6575,0.0604,nan,nan,nan,nan
57.0661,0.0002,0.0034,1.1983,0.0353,-0.0601,0.0561,0.2590,0.0012,1.1040,0.2755,-0.1860,34.4519,36.6629,0.0574,nan,nan,nan,nan
57.1002,0.0002,0.0036,1.1983,0.0539,-0.0571,0.0530,0.2590,0.0014,1.1040,0.2755,-0.1943,34.4513,36.6703,0.0499,nan,nan,nan,nan
57.1217,0.0002,0.0037,1.1983,0.0539,-0.0571,0.0530,0.2590,0.0015,1.1040,0.2755,-0.2005,34.4520,36.6735,0.0444,nan,nan,nan,nan
57.1438,0.0001,0.0037,1.1983,0.0729,-0.0536,0.0508,0.2590,0.0015,1.1040,0.2755,-0.2071,34.4534,36.6771,0.0372,nan,nan,nan,nan
57.1727,0.0001,0.0039,1.1983,0.0921,-0.0500,0.0484,0.2589,0.0016,1.1040,0.2754,-0.2186,34.4564,36.6819,0.0185,nan,nan,nan,nan
57.2102,0.0001,0.0040,1.1983,0.1102,-0.0463,0.0440,0.2589,0.0018,1.1040,0.2754,-0.2171,34.4597,36.6819,0.0006,nan,nan,nan,nan
57.2362,0.0001,0.0041,1.1983,0.1102,-0.0463,0.0440,0.2589,0.0020,1.1040,0.2754,-0.2051,34.4615,36.6780,-0.0112,nan,nan,nan,nan
57.2580,0.0000,0.0042,1.1983,0.1267,-0.0426,0.0370,0.2588,0.0021,1.1040,0.2754,-0.1999,34.4625,36.6770,-0.0131,nan,nan,nan,nan
57.2910,0.0000,0.0043,1.1983,0.1418,-0.0382,0.0286,0.2588,0.0023,1.1040,0.2754,-0.1705,34.4687,36.6754,-0.0154,nan,nan,nan,nan
57.3174,-0.0000,0.0044,1.1983,0.1418,-0.0382,0.0286,0.2588,0.0025,1.1040,0.2754,-0.1520,34.4714,36.6773,-0.0168,nan,nan,nan,nan
57.3389,-0.0000,0.0045,1.1983,0.1563,-0.0341,0.0190,0.2587,0.0026,1.1040,0.2754,-0.1244,34.4744,36.6777,-0.0170,nan,nan,nan,nan
57.3701,-0.0001,0.0045,1.1983,0.1697,-0.0306,0.0097,0.2587,0.0028,1.1040,0.2754,-0.0952,34.4758,36.6781,-0.0167,nan,nan,nan,nan
57.4056,-0.0001,0.0046,1.1983,0.1825,-0.0275,0.0005,0.2587,0.0031,1.1040,0.2754,-0.0559,34.4759,36.6792,-0.0136,nan,nan,nan,nan
57.4355,-0.0001,0.0047,1.1983,0.1950,-0.0241,-0.0085,0.2586,0.0033,1.1040,0.2754,-0.0180,34.4782,36.6784,-0.0182,nan,nan,nan,nan
57.4668,-0.0002,0.0048,1.1983,0.2071,-0.0207,-0.0167,0.2586,0.0035,1.1040,0.2754,0.0163,34.4809,36.6773,-0.0240,nan,nan,nan,nan
57.5002,-0.0002,0.0049,1.1983,0.2183,-0.0175,-0.0232,0.2585,0.0037,1.1040,0.2754,0.0458,34.4815,36.6765,-0.0248,nan,nan,nan,nan
57.5328,-0.0003,0.0050,1.1983,0.2293,-0.0142,-0.0281,0.2585,0.0039,1.1040,0.2754,0.0665,34.4835,36.6761,-0.0309,nan,nan,nan,nan
57.5653,-0.0003,0.0050,1.1983,0.2397,-0.0102,-0.0321,0.2584,0.0040,1.1040,0.2754,0.0818,34.4889,36.6746,-0.0360,nan,nan,nan,nan
57.5854,-0.0004,0.0051,1.1983,0.2397,-0.0102,-0.0321,0.2584,0.0041,1.1040,0.2754,0.0892,34.4904,36.6744,-0.0376,nan,nan,nan,nan
57.6112,-0.0004,0.0051,1.1983,0.2486,-0.0064,-0.0361,0.2584,0.0042,1.1040,0.2754,0.1040,34.4917,36.6753,-0.0379,nan,nan,nan,nan
57.6371,-0.0004,0.0051,1.1983,0.2558,-0.0030,-0.0394,0.2583,0.0043,1.1039,0.2754,0.1162,34.4912,36.6764,-0.0338,nan,nan,nan,nan
57.6660,-0.0004,0.0051,1.1983,0.2621,0.0005,-0.0415,0.2583,0.0043,1.1039,0.2754,0.1270,34.4914,36.6752,-0.0240,nan,nan,nan,nan
57.6927,-0.0005,0.0052,1.1983,0.2671,0.0040,-0.0424,0.2582,0.0044,1.1039,0.2754,0.1330,34.4908,36.6746,-0.0188,nan,nan,nan,nan
57.7149,-0.0005,0.0052,1.1983,0.2671,0.0040,-0.0424,0.2582,0.0044,1.1039,0.2754,0.1320,34.4892,36.6757,-0.0207,nan,nan,nan,nan
57.7355,-0.0006,0.0052,1.1983,0.2710,0.0072,-0.0419,0.2582,0.0044,1.1039,0.2754,0.1260,34.4876,36.6781,-0.0198,nan,nan,nan,nan
57.7560,-0.0006,0.0052,1.1983,0.2738,0.0103,-0.0392,0.2581,0.0044,1.1039,0.2754,0.1134,34.4858,36.6819,-0.0177,nan,nan,nan,nan
57.7873,-0.0006,0.0052,1.1983,0.2761,0.0133,-0.0343,0.2581,0.0043,1.1039,0.2754,0.0928,34.4835,36.6850,-0.0075,nan,nan,nan,nan
57.8222,-0.0007,0.0051,1.1983,0.2782,0.0167,-0.0274,0.2580,0.0041,1.1038,0.2754,0.0539,34.4835,36.6877,0.0024,nan,nan,nan,nan
57.8440,-0.0007,0.0051,1.1983,0.2782,0.0167,-0.0274,0.2580,0.0040,1.1038,0.2754,0.0249,34.4837,36.6866,0.0101,nan,nan,nan,nan
57.8661,-0.0007,0.0051,1.1983,0.2787,0.0200,-0.0205,0.2580,0.0040,1.1038,0.2754,0.0162,34.4836,36.6870,0.0128,nan,nan,nan,nan
57.8987,-0.0007,0.0051,1.1983,0.2771,0.0235,-0.0146,0.2579,0.0038,1.1038,0.2754,-0.0131,34.4842,36.6899,0.0183,nan,nan,nan,nan
57.9188,-0.0008,0.0050,1.1983,0.2771,0.0235,-0.0146,0.2579,0.0037,1.1038,0.2754,-0.0295,34.4866,36.6932,0.0187,nan,nan,nan,nan
57.9468,-0.0008,0.0050,1.1983,0.2733,0.0274,-0.0099,0.2579,0.0036,1.1038,0.2754,-0.0363,34.4877,36.6965,0.0179,nan,nan,nan,nan
57.9769,-0.0008,0.0049,1.1983,0.2669,0.0312,-0.0072,0.2578,0.0036,1.1038,0.2754,-0.0393,34.4891,36.6994,0.0189,nan,nan,nan,nan
58.0105,-0.0008,0.0048,1.1983,0.2578,0.0346,-0.0063,0.2578,0.0035,1.1038,0.2753,-0.0307,34.4901,36.7025,0.0219,nan,nan,nan,nan
58.0450,-0.0009,0.0047,1.1983,0.2475,0.0377,-0.0053,0.2578,0.0034,1.1038,0.2753,-0.0208,34.4909,36.7065,0.0172,nan,nan,nan,nan
58.0716,-0.0009,0.0046,1.1983,0.2475,0.0377,-0.0053,0.2577,0.0034,1.1038,0.2753,-0.0177,34.4909,36.7108,0.0092,nan,nan,nan,nan
58.0926,-0.0009,0.0046,1.1983,0.2370,0.0404,-0.0035,0.2577,0.0033,1.1038,0.2753,-0.0172,34.4914,36.7112,0.0065,nan,nan,nan,nan
58.1256,-0.0009,0.0045,1.1983,0.2261,0.0427,-0.0012,0.2577,0.0032,1.1038,0.2753,-0.0175,34.4926,36.7140,-0.0008,nan,nan,nan,nan
58.1511,-0.0010,0.0044,1.1983,0.2261,0.0427,-0.0012,0.2576,0.0031,1.1038,0.2753,-0.0195,34.4922,36.7165,-0.0036,nan,nan,nan,nan
58.1724,-0.0010,0.0043,1.1983,0.2143,0.0442,0.0018,0.2576,0.0030,1.1038,0.2753,-0.0221,34.4924,36.7176,-0.0061,nan,nan,nan,nan
58.2092,-0.0010,0.0042,1.1983,0.2027,0.0451,0.0057,0.2576,0.0028,1.1038,0.2753,-0.0311,34.4916,36.7184,-0.0112,nan,nan,nan,nan
58.2303,-0.0010,0.0041,1.1983,0.2027,0.0451,0.0057,0.2576,0.0027,1.1038,0.2753,-0.0420,34.4910,36.7171,-0.0143,nan,nan,nan,nan
58.2581,-0.0010,0.0040,1.1983,0.1920,0.0450,0.0116,0.2576,0.0025,1.1038,0.2753,-0.0563,34.4896,36.7169,-0.0146,nan,nan,nan,nan
58.2923,-0.0010,0.0039,1.1983,0.1814,0.0443,0.0194,0.2576,0.0023,1.1038,0.2753,-0.0944,34.4882,36.7141,-0.0142,nan,nan,nan,nan
58.3135,-0.0010,0.0038,1.1983,0.1814,0.0443,0.0194,0.2576,0.0021,1.1038,0.2753,-0.1158,34.4879,36.7125,-0.0143,nan,nan,nan,nan
58.3409,-0.0011,0.0037,1.1983,0.1708,0.0434,0.0277,0.2576,0.0019,1.1038,0.2753,-0.1468,34.4889,36.7114,-0.0087,nan,nan,nan,nan
58.3773,-0.0011,0.0036,1.1983,0.1587,0.0421,0.0338,0.2575,0.0017,1.1038,0.2753,-0.1667,34.4913,36.7063,-0.0043,nan,nan,nan,nan
58.3992,-0.0011,0.0034,1.1983,0.1587,0.0421,0.0338,0.2575,0.0015,1.1038,0.2753,-0.1737,34.4929,36.7043,-0.0012,nan,nan,nan,nan
58.4240,-0.0011,0.0034,1.1983,0.1441,0.0405,0.0366,0.2575,0.0014,1.1038,0.2753,-0.1748,34.4939,36.7047,-0.0021,nan,nan,nan,nan
58.4553,-0.0011,0.0032,1.1983,0.1284,0.0388,0.0376,0.2575,0.0013,1.1038,0.2753,-0.1711,34.4964,36.7044,-0.0084,nan,nan,nan,nan
58.4763,-0.0011,0.0031,1.1983,0.1284,0.0388,0.0376,0.2575,0.0011,1.1038,0.2753,-0.1660,34.4983,36.7031,-0.0134,nan,nan,nan,nan
58.4980,-0.0011,0.0030,1.1983,0.1120,0.0363,0.0375,0.2575,0.0010,1.1038,0.2753,-0.1595,34.4997,36.7006,-0.0183,nan,nan,nan,nan
58.5337,-0.0011,0.0028,1.1983,0.0953,0.0326,0.0365,0.2575,0.0009,1.1038,0.2753,-0.1439,34.5000,36.6943,-0.0294,nan,nan,nan,nan
58.5596,-0.0011,0.0026,1.1983,0.0953,0.0326,0.0365,0.2575,0.0008,1.1039,0.2753,-0.1319,34.5017,36.6931,-0.0358,nan,nan,nan,nan
58.5869,-0.0011,0.0025,1.1983,0.0789,0.0292,0.0354,0.2575,0.0007,1.1039,0.2753,-0.1229,34.5030,36.6924,-0.0431,nan,nan,nan,nan
58.6139,-0.0011,0.0024,1.1983,0.0640,0.0253,0.0348,0.2575,0.0006,1.1039,0.2753,-0.1195,34.5038,36.6937,-0.0502,nan,nan,nan,nan
58.6374,-0.0011,0.0022,1.1982,0.0640,0.0253,0.0348,0.2575,0.0004,1.1039,0.2753,-0.1186,34.5045,36.6944,-0.0581,nan,nan,nan,nan
58.6616,-0.0011,0.0021,1.1982,0.0504,0.0210,0.0350,0.2575,0.0003,1.1039,0.2753,-0.1185,34.5042,36.6955,-0.0648,nan,nan,nan,nan
58.6877,-0.0011,0.0020,1.1982,0.0372,0.0163,0.0349,0.2575,0.0001,1.1039,0.2753,-0.1178,34.5049,36.6926,-0.0708,nan,nan,nan,nan
58.7120,-0.0011,0.0018,1.1982,0.0372,0.0163,0.0349,0.2575,-0.0001,1.1039,0.2754,-0.1185,34.5036,36.6902,-0.0703,nan,nan,nan,nan
58.7389,-0.0011,0.0017,1.1982,0.0247,0.0109,0.0355,0.2575,-0.0002,1.1039,0.2754,-0.1211,34.5022,36.6903,-0.0688,nan,nan,nan,nan
58.7714,-0.0011,0.0015,1.1982,0.0135,0.0051,0.0360,0.2575,-0.0004,1.1039,0.2754,-0.1257,34.5000,36.6919,-0.0655,nan,nan,nan,nan
58.7977,-0.0011,0.0014,1.1982,0.0135,0.0051,0.0360,0.2576,-0.0006,1.1039,0.2754,-0.1264,34.4988,36.6933,-0.0663,nan,nan,nan,nan
58.8259,-0.0011,0.0013,1.1982,0.0022,-0.0006,0.0355,0.2576,-0.0007,1.1040,0.2754,-0.1247,34.4968,36.6933,-0.0685,nan,nan,nan,nan
58.8522,-0.0012,0.0011,1.1982,-0.0091,-0.0066,0.0341,0.2576,-0.0008,1.1039,0.2754,-0.1184,34.4920,36.6918,-0.0746,nan,nan,nan,nan
58.8846,-0.0012,0.0009,1.1982,-0.0200,-0.0123,0.0321,0.2576,-0.0010,1.1040,0.2754,-0.1092,34.4886,36.6946,-0.0791,nan,nan,nan,nan
58.9060,-0.0012,0.0007,1.1982,-0.0200,-0.0123,0.0321,0.2576,-0.0012,1.1040,0.2754,-0.1077,34.4870,36.6967,-0.0795,nan,nan,nan,nan
58.9332,-0.0012,0.0006,1.1982,-0.0295,-0.0179,0.0314,0.2576,-0.0014,1.1040,0.2754,-0.1086,34.4846,36.6999,-0.0775,nan,nan,nan,nan
58.9589,-0.0012,0.0005,1.1982,-0.0383,-0.0231,0.0301,0.2576,-0.0015,1.1040,0.2753,-0.1062,34.4817,36.7060,-0.0778,nan,nan,nan,nan
58.9957,-0.0012,0.0003,1.1982,-0.0474,-0.0277,0.0270,0.2576,-0.0016,1.1040,0.2753,-0.0922,34.4814,36.7095,-0.0773,nan,nan,nan,nan
59.0222,-0.0012,0.0001,1.1982,-0.0474,-0.0277,0.0270,0.2576,-0.0018,1.1041,0.2753,-0.0854,34.4808,36.7106,-0.0757,nan,nan,nan,nan
59.0471,-0.0012,0.0000,1.1982,-0.0558,-0.0325,0.0243,0.2576,-0.0019,1.1041,0.2753,-0.0778,34.4811,36.7124,-0.0711,nan,nan,nan,nan
59.0762,-0.0012,-0.0001,1.1982,-0.0631,-0.0366,0.0222,0.2576,-0.0020,1.1041,0.2753,-0.0732,34.4824,36.7126,-0.0615,nan,nan,nan,nan
59.0969,-0.0012,-0.0003,1.1982,-0.0631,-0.0366,0.0222,0.2575,-0.0022,1.1041,0.2753,-0.0689,34.4834,36.7135,-0.0519,nan,nan,nan,nan
59.1174,-0.0012,-0.0004,1.1982,-0.0698,-0.0401,0.0196,0.2575,-0.0023,1.1041,0.2753,-0.0592,34.4856,36.7156,-0.0357,nan,nan,nan,nan
59.1443,-0.0012,-0.0005,1.1982,-0.0767,-0.0432,0.0154,0.2575,-0.0023,1.1041,0.2753,-0.0441,34.4873,36.7184,-0.0251,nan,nan,nan,nan
59.1792,-0.0012,-0.0007,1.1982,-0.0836,-0.0465,0.0107,0.2575,-0.0025,1.1042,0.2753,-0.0208,34.4857,36.7223,-0.0183,nan,nan,nan,nan
59.2016,-0.0012,-0.0009,1.1982,-0.0836,-0.0465,0.0107,0.2575,-0.0026,1.1042,0.2753,-0.0088,34.4849,36.7238,-0.0163,nan,nan,nan,nan
59.2243,-0.0012,-0.0010,1.1982,-0.0902,-0.0493,0.0061,0.2575,-0.0026,1.1042,0.2753,0.0082,34.4857,36.7251,-0.0155,nan,nan,nan,nan
59.2473,-0.0013,-0.0011,1.1982,-0.0965,-0.0514,0.0022,0.2575,-0.0027,1.1042,0.2753,0.0237,34.4871,36.7257,-0.0164,nan,nan,nan,nan
59.2783,-0.0013,-0.0013,1.1982,-0.1023,-0.0534,-0.0011,0.2575,-0.0028,1.1042,0.2753,0.0422,34.4873,36.7263,-0.0158,nan,nan,nan,nan
59.3136,-0.0013,-0.0015,1.1982,-0.1077,-0.0555,-0.0044,0.2575,-0.0030,1.1042,0.2753,0.0593,34.4851,36.7236,-0.0194,nan,nan,nan,nan
59.3391,-0.0013,-0.0016,1.1982,-0.1077,-0.0555,-0.0044,0.2574,-0.0031,1.1042,0.2753,0.0675,34.4827,36.7185,-0.0243,nan,nan,nan,nan
59.3647,-0.0013,-0.0017,1.1982,-0.1119,-0.0575,-0.0066,0.2574,-0.0032,1.1042,0.2753,0.0702,34.4806,36.7134,-0.0284,nan,nan,nan,nan
59.3935,-0.0014,-0.0018,1.1982,-0.1150,-0.0590,-0.0077,0.2574,-0.0033,1.1042,0.2753,0.0709,34.4797,36.7101,-0.0313,nan,nan,nan,nan
59.4166,-0.0014,-0.0019,1.1982,-0.1150,-0.0590,-0.0077,0.2574,-0.0034,1.1041,0.2754,0.0734,34.4768,36.7049,-0.0310,nan,nan,nan,nan
59.4447,-0.0014,-0.0020,1.1982,-0.1176,-0.0604,-0.0093,0.2574,-0.0035,1.1041,0.2754,0.0751,34.4742,36.7024,-0.0318,nan,nan,nan,nan
59.4733,-0.0014,-0.0021,1.1982,-0.1203,-0.0613,-0.0113,0.2574,-0.0036,1.1041,0.2754,0.0797,34.4712,36.6993,-0.0334,nan,nan,nan,nan
59.4992,-0.0015,-0.0022,1.1982,-0.1228,-0.0612,-0.0133,0.2573,-0.0037,1.1041,0.2754,0.0866,34.4704,36.6981,-0.0274,nan,nan,nan,nan
59.5254,-0.0015,-0.0023,1.1982,-0.1228,-0.0612,-0.0133,0.2573,-0.0038,1.1041,0.2754,0.0899,34.4702,36.6983,-0.0260,nan,nan,nan,nan
59.5541,-0.0015,-0.0024,1.1982,-0.1251,-0.0606,-0.0151,0.2573,-0.0039,1.1041,0.2754,0.0965,34.4699,36.6955,-0.0304,nan,nan,nan,nan
59.5797,-0.0015,-0.0025,1.1982,-0.1275,-0.0595,-0.0173,0.2573,-0.0039,1.1041,0.2754,0.1035,34.4703,36.6934,-0.0374,nan,nan,nan,nan
59.6037,-0.0016,-0.0026,1.1982,-0.1275,-0.0595,-0.0173,0.2572,-0.0040,1.1041,0.2754,0.1082,34.4704,36.6949,-0.0425,nan,nan,nan,nan
59.6245,-0.0016,-0.0027,1.1982,-0.1296,-0.0580,-0.0186,0.2572,-0.0041,1.1041,0.2754,0.1097,34.4701,36.6972,-0.0437,nan,nan,nan,nan
59.6492,-0.0016,-0.0028,1.1982,-0.1311,-0.0562,-0.0186,0.2572,-0.0042,1.1041,0.2754,0.1080,34.4702,36.6996,-0.0405,nan,nan,nan,nan
59.6758,-0.0017,-0.0028,1.1982,-0.1311,-0.0562,-0.0186,0.2571,-0.0043,1.1041,0.2754,0.1046,34.4712,36.6995,-0.0393,nan,nan,nan,nan
59.7008,-0.0017,-0.0029,1.1982,-0.1320,-0.0541,-0.0182,0.2571,-0.0043,1.1041,0.2754,0.1002,34.4728,36.6973,-0.0396,nan,nan,nan,nan
59.7274,-0.0017,-0.0030,1.1982,-0.1321,-0.0518,-0.0170,0.2571,-0.0044,1.1041,0.2754,0.0914,34.4738,36.6962,-0.0402,nan,nan,nan,nan
59.7555,-0.0018,-0.0031,1.1982,-0.1317,-0.0495,-0.0145,0.2570,-0.0046,1.1041,0.2754,0.0748,34.4739,36.6990,-0.0396,nan,nan,nan,nan
59.7793,-0.0018,-0.0032,1.1982,-0.1315,-0.0470,-0.0132,0.2569,-0.0047,1.1041,0.2754,0.0650,34.4759,36.6984,-0.0331,nan,nan,nan,nan
59.8060,-0.0019,-0.0032,1.1982,-0.1315,-0.0470,-0.0132,0.2569,-0.0048,1.1041,0.2754,0.0655,34.4770,36.6972,-0.0298,nan,nan,nan,nan
59.8320,-0.0019,-0.0033,1.1982,-0.1320,-0.0444,-0.0142,0.2569,-0.0048,1.1040,0.2754,0.0692,34.4783,36.6940,-0.0273,nan,nan,nan,nan
59.8665,-0.0020,-0.0033,1.1982,-0.1324,-0.0421,-0.0156,0.2568,-0.0049,1.1040,0.2754,0.0736,34.4784,36.6908,-0.0264,nan,nan,nan,nan
59.8888,-0.0020,-0.0034,1.1982,-0.1324,-0.0421,-0.0156,0.2568,-0.0049,1.1040,0.2754,0.0765,34.4780,36.6908,-0.0329,nan,nan,nan,nan
59.9091,-0.0020,-0.0034,1.1982,-0.1325,-0.0399,-0.0163,0.2567,-0.0050,1.1040,0.2754,0.0773,34.4776,36.6913,-0.0354,nan,nan,nan,nan
59.9317,-0.0021,-0.0035,1.1982,-0.1323,-0.0379,-0.0166,0.2567,-0.0050,1.1040,0.2754,0.0800,34.4753,36.6924,-0.0460,nan,nan,nan,nan
59.9646,-0.0022,-0.0036,1.1982,-0.1312,-0.0361,-0.0165,0.2566,-0.0051,1.1040,0.2754,0.0788,34.4726,36.6924,-0.0535,nan,nan,nan,nan
59.9888,-0.0022,-0.0036,1.1982,-0.1312,-0.0361,-0.0165,0.2566,-0.0051,1.1040,0.2754,0.0767,34.4706,36.6918,-0.0499,nan,nan,nan,nan
60.0160,-0.0022,-0.0036,1.1982,-0.1293,-0.0345,-0.0161,0.2565,-0.0052,1.1040,0.2754,0.0738,34.4693,36.6924,-0.0467,nan,nan,nan,nan
60.0376,-0.0023,-0.0037,1.1982,-0.1271,-0.0331,-0.0151,0.2565,-0.0052,1.1040,0.2754,0.0700,34.4667,36.6955,-0.0421,nan,nan,nan,nan
60.0642,-0.0023,-0.0037,1.1982,-0.1271,-0.0331,-0.0151,0.2564,-0.0053,1.1040,0.2754,0.0726,34.4652,36.6993,-0.0405,nan,nan,nan,nan
60.0915,-0.0024,-0.0037,1.1982,-0.1253,-0.0314,-0.0159,0.2564,-0.0053,1.1040,0.2754,0.0784,34.4638,36.7028,-0.0400,nan,nan,nan,nan
60.1291,-0.0024,-0.0038,1.1982,-0.1237,-0.0298,-0.0179,0.2563,-0.0053,1.1040,0.2754,0.0881,34.4619,36.7068,-0.0429,nan,nan,nan,nan
60.1553,-0.0025,-0.0038,1.1982,-0.1237,-0.0298,-0.0179,0.2563,-0.0053,1.1040,0.2754,0.0978,34.4588,36.7112,-0.0440,nan,nan,nan,nan
60.1826,-0.0025,-0.0038,1.1982,-0.1219,-0.0285,-0.0195,0.2562,-0.0053,1.1039,0.2754,0.1000,34.4583,36.7124,-0.0443,nan,nan,nan,nan
60.2115,-0.0026,-0.0039,1.1982,-0.1192,-0.0273,-0.0189,0.2562,-0.0053,1.1039,0.2754,0.0994,34.4556,36.7136,-0.0497,nan,nan,nan,nan
60.2373,-0.0026,-0.0039,1.1982,-0.1192,-0.0273,-0.0189,0.2561,-0.0053,1.1039,0.2754,0.0944,34.4547,36.7139,-0.0513,nan,nan,nan,nan
60.2605,-0.0027,-0.0039,1.1982,-0.1152,-0.0260,-0.0170,0.2560,-0.0054,1.1039,0.2754,0.0834,34.4551,36.7099,-0.0556,nan,nan,nan,nan
60.2808,-0.0027,-0.0039,1.1982,-0.1113,-0.0244,-0.0149,0.2560,-0.0054,1.1039,0.2754,0.0769,34.4558,36.7043,-0.0590,nan,nan,nan,nan
60.3077,-0.0028,-0.0039,1.1982,-0.1113,-0.0244,-0.0149,0.2560,-0.0054,1.1039,0.2754,0.0701,34.4573,36.6981,-0.0648,nan,nan,nan,nan
60.3348,-0.0028,-0.0039,1.1982,-0.1073,-0.0225,-0.0132,0.2559,-0.0054,1.1039,0.2754,0.0676,34.4589,36.6954,-0.0677,nan,nan,nan,nan
60.3700,-0.0029,-0.0039,1.1982,-0.1047,-0.0203,-0.0122,0.2559,-0.0054,1.1039,0.2754,0.0687,34.4597,36.6942,-0.0687,nan,nan,nan,nan
60.3957,-0.0029,-0.0039,1.1982,-0.1047,-0.0203,-0.0122,0.2558,-0.0054,1.1039,0.2754,0.0724,34.4599,36.6938,-0.0658,nan,nan,nan,nan
60.4196,-0.0030,-0.0039,1.1982,-0.1025,-0.0181,-0.0119,0.2558,-0.0054,1.1039,0.2754,0.0741,34.4605,36.6939,-0.0640,nan,nan,nan,nan
60.4515,-0.0030,-0.0039,1.1982,-0.0996,-0.0156,-0.0108,0.2557,-0.0054,1.1038,0.2754,0.0728,34.4618,36.6936,-0.0617,nan,nan,nan,nan
60.4766,-0.0031,-0.0039,1.1982,-0.0996,-0.0156,-0.0108,0.2557,-0.0054,1.1038,0.2754,0.0704,34.4617,36.6929,-0.0581,nan,nan,nan,nan
60.4981,-0.0031,-0.0039,1.1982,-0.0957,-0.0136,-0.0094,0.2556,-0.0054,1.1038,0.2754,0.0683,34.4618,36.6900,-0.0575,nan,nan,nan,nan
60.5316,-0.0032,-0.0039,1.1982,-0.0918,-0.0115,-0.0080,0.2556,-0.0054,1.1038,0.2754,0.0647,34.4622,36.6839,-0.0581,nan,nan,nan,nan
60.5545,-0.0032,-0.0039,1.1982,-0.0918,-0.0115,-0.0080,0.2555,-0.0054,1.1038,0.2754,0.0634,34.4634,36.6838,-0.0587,nan,nan,nan,nan
60.5822,-0.0033,-0.0039,1.1982,-0.0879,-0.0084,-0.0070,0.2554,-0.0054,1.1038,0.2754,0.0628,34.4644,36.6866,-0.0597,nan,nan,nan,nan
60.6111,-0.0033,-0.0039,1.1982,-0.0844,-0.0054,-0.0066,0.2554,-0.0054,1.1038,0.2754,0.0662,34.4655,36.6904,-0.0609,nan,nan,nan,nan
60.6369,-0.0034,-0.0039,1.1982,-0.0844,-0.0054,-0.0066,0.2553,-0.0053,1.1038,0.2754,0.0741,34.4651,36.6902,-0.0596,nan,nan,nan,nan
60.6602,-0.0035,-0.0039,1.1982,-0.0823,-0.0029,-0.0084,0.2553,-0.0052,1.1037,0.2754,0.0928,34.4640,36.6866,-0.0579,nan,nan,nan,nan
60.6823,-0.0035,-0.0039,1.1982,-0.0806,-0.0005,-0.0118,0.2552,-0.0052,1.1037,0.2754,0.1153,34.4624,36.6818,-0.0555,nan,nan,nan,nan
60.7086,-0.0036,-0.0039,1.1982,-0.0806,-0.0005,-0.0118,0.2552,-0.0051,1.1037,0.2755,0.1390,34.4618,36.6787,-0.0548,nan,nan,nan,nan
60.7339,-0.0036,-0.0039,1.1982,-0.0788,0.0024,-0.0154,0.2551,-0.0050,1.1037,0.2755,0.1472,34.4614,36.6788,-0.0547,nan,nan,nan,nan
60.7684,-0.0037,-0.0039,1.1982,-0.0770,0.0059,-0.0184,0.2551,-0.0049,1.1037,0.2754,0.1761,34.4623,36.6795,-0.0528,nan,nan,nan,nan
60.8016,-0.0037,-0.0038,1.1982,-0.0740,0.0098,-0.0190,0.2550,-0.0048,1.1037,0.2754,0.1906,34.4654,36.6796,-0.0553,nan,nan,nan,nan
60.8382,-0.0038,-0.0038,1.1982,-0.0695,0.0135,-0.0169,0.2549,-0.0048,1.1037,0.2754,0.1879,34.4688,36.6779,-0.0642,nan,nan,nan,nan
60.8642,-0.0039,-0.0038,1.1982,-0.0695,0.0135,-0.0169,0.2548,-0.0048,1.1037,0.2754,0.1815,34.4705,36.6779,-0.0659,nan,nan,nan,nan
60.8844,-0.0039,-0.0037,1.1982,-0.0634,0.0173,-0.0135,0.2548,-0.0048,1.1037,0.2754,0.1648,34.4725,36.6816,-0.0691,nan,nan,nan,nan
60.9098,-0.0040,-0.0037,1.1982,-0.0572,0.0209,-0.0097,0.2547,-0.0048,1.1037,0.2754,0.1561,34.4729,36.6846,-0.0731,nan,nan,nan,nan
60.9414,-0.0040,-0.0037,1.1982,-0.0511,0.0242,-0.0059,0.2546,-0.0048,1.1037,0.2754,0.1388,34.4720,36.6877,-0.0788,nan,nan,nan,nan
60.9658,-0.0041,-0.0036,1.1982,-0.0464,0.0272,-0.0028,0.2546,-0.0048,1.1036,0.2754,0.1291,34.4695,36.6911,-0.0747,nan,nan,nan,nan
61.0003,-0.0042,-0.0036,1.1982,-0.0419,0.0298,-0.0001,0.2545,-0.0047,1.1036,0.2754,0.1218,34.4642,36.6931,-0.0667,nan,nan,nan,nan
61.0223,-0.0042,-0.0035,1.1982,-0.0419,0.0298,-0.0001,0.2544,-0.0047,1.1036,0.2754,0.1172,34.4618,36.6920,-0.0600,nan,nan,nan,nan
61.0441,-0.0043,-0.0035,1.1982,-0.0375,0.0323,0.0029,0.2544,-0.0047,1.1036,0.2754,0.1103,34.4579,36.6907,-0.0508,nan,nan,nan,nan
61.0694,-0.0043,-0.0035,1.1982,-0.0333,0.0351,0.0052,0.2543,-0.0047,1.1035,0.2754,0.1072,34.4561,36.6879,-0.0457,nan,nan,nan,nan
61.1009,-0.0044,-0.0034,1.1982,-0.0293,0.0384,0.0066,0.2543,-0.0046,1.1035,0.2754,0.1066,34.4554,36.6885,-0.0453,nan,nan,nan,nan
61.1242,-0.0045,-0.0034,1.1982,-0.0293,0.0384,0.0066,0.2542,-0.0045,1.1035,0.2754,0.1093,34.4559,36.6853,-0.0444,nan,nan,nan,nan
61.1462,-0.0045,-0.0034,1.1982,-0.0259,0.0416,0.0071,0.2542,-0.0045,1.1035,0.2754,0.1105,34.4550,36.6842,-0.0447,nan,nan,nan,nan
61.1730,-0.0045,-0.0033,1.1982,-0.0231,0.0443,0.0081,0.2541,-0.0044,1.1035,0.2755,0.1164,34.4525,36.6804,-0.0483,nan,nan,nan,nan
61.1994,-0.0046,-0.0033,1.1982,-0.0231,0.0443,0.0081,0.2541,-0.0044,1.1034,0.2755,0.1168,34.4517,36.6788,-0.0569,nan,nan,nan,nan
61.2270,-0.0046,-0.0033,1.1982,-0.0194,0.0472,0.0095,0.2540,-0.0044,1.1034,0.2755,0.1134,34.4517,36.6773,-0.0639,nan,nan,nan,nan
61.2512,-0.0047,-0.0032,1.1982,-0.0153,0.0497,0.0124,0.2540,-0.0043,1.1034,0.2755,0.1050,34.4504,36.6778,-0.0694,nan,nan,nan,nan
61.2774,-0.0047,-0.0032,1.1982,-0.0153,0.0497,0.0124,0.2539,-0.0043,1.1034,0.2755,0.0962,34.4506,36.6780,-0.0726,nan,nan,nan,nan
61.3031,-0.0047,-0.0031,1.1982,-0.0104,0.0522,0.0170,0.2539,-0.0043,1.1034,0.2755,0.0779,34.4506,36.6772,-0.0725,nan,nan,nan,nan
61.3314,-0.0048,-0.0031,1.1982,-0.0046,0.0542,0.0219,0.2539,-0.0044,1.1034,0.2755,0.0500,34.4497,36.6783,-0.0682,nan,nan,nan,nan
61.3612,-0.0048,-0.0030,1.1982,0.0008,0.0561,0.0268,0.2538,-0.0044,1.1034,0.2755,0.0314,34.4501,36.6802,-0.0668,nan,nan,nan,nan
61.3946,-0.0049,-0.0030,1.1982,0.0054,0.0576,0.0310,0.2538,-0.0044,1.1034,0.2755,0.0119,34.4503,36.6816,-0.0664,nan,nan,nan,nan
61.4185,-0.0049,-0.0029,1.1982,0.0099,0.0586,0.0345,0.2537,-0.0044,1.1034,0.2755,-0.0041,34.4511,36.6807,-0.0665,nan,nan,nan,nan
61.4525,-0.0050,-0.0029,1.1982,0.0144,0.0592,0.0381,0.2537,-0.0044,1.1034,0.2755,-0.0207,34.4518,36.6800,-0.0727,nan,nan,nan,nan
61.4859,-0.0050,-0.0028,1.1982,0.0191,0.0590,0.0416,0.2536,-0.0044,1.1033,0.2755,-0.0377,34.4497,36.6762,-0.0819,nan,nan,nan,nan
61.5063,-0.0050,-0.0027,1.1982,0.0191,0.0590,0.0416,0.2536,-0.0044,1.1033,0.2755,-0.0492,34.4482,36.6727,-0.0848,nan,nan,nan,nan
61.5270,-0.0050,-0.0027,1.1982,0.0252,0.0582,0.0463,0.2536,-0.0044,1.1033,0.2755,-0.0743,34.4445,36.6717,-0.0829,nan,nan,nan,nan
61.5551,-0.0051,-0.0027,1.1982,0.0328,0.0571,0.0525,0.2536,-0.0045,1.1033,0.2755,-0.1049,34.4413,36.6710,-0.0826,nan,nan,nan,nan
61.5771,-0.0051,-0.0026,1.1982,0.0328,0.0571,0.0525,0.2535,-0.0045,1.1033,0.2755,-0.1237,34.4379,36.6711,-0.0838,nan,nan,nan,nan
61.5993,-0.0051,-0.0026,1.1982,0.0401,0.0556,0.0580,0.2535,-0.0045,1.1033,0.2755,-0.1518,34.4330,36.6737,-0.0902,nan,nan,nan,nan
61.6195,-0.0051,-0.0026,1.1982,0.0462,0.0546,0.0609,0.2535,-0.0045,1.1033,0.2755,-0.1602,34.4316,36.6740,-0.0937,nan,nan,nan,nan
61.6424,-0.0051,-0.0025,1.1982,0.0462,0.0546,0.0609,0.2535,-0.0045,1.1033,0.2755,-0.1663,34.4313,36.6737,-0.0983,nan,nan,nan,nan
61.6640,-0.0052,-0.0025,1.1982,0.0515,0.0540,0.0623,0.2535,-0.0045,1.1033,0.2755,-0.1712,34.4315,36.6719,-0.1033,nan,nan,nan,nan
61.6931,-0.0052,-0.0025,1.1982,0.0564,0.0531,0.0626,0.2535,-0.0045,1.1033,0.2755,-0.1713,34.4312,36.6664,-0.1026,nan,nan,nan,nan
61.7145,-0.0052,-0.0024,1.1982,0.0564,0.0531,0.0626,0.2534,-0.0044,1.1032,0.2755,-0.1694,34.4310,36.6626,-0.1010,nan,nan,nan,nan
61.7366,-0.0052,-0.0024,1.1982,0.0610,0.0523,0.0622,0.2534,-0.0044,1.1032,0.2755,-0.1695,34.4310,36.6577,-0.0980,nan,nan,nan,nan
61.7717,-0.0052,-0.0024,1.1982,0.0660,0.0520,0.0623,0.2534,-0.0044,1.1032,0.2755,-0.1701,34.4333,36.6527,-0.0919,nan,nan,nan,nan
61.7943,-0.0052,-0.0024,1.1982,0.0660,0.0520,0.0623,0.2534,-0.0043,1.1032,0.2755,-0.1679,34.4355,36.6503,-0.0905,nan,nan,nan,nan
61.8213,-0.0053,-0.0023,1.1982,0.0706,0.0524,0.0611,0.2534,-0.0043,1.1032,0.2755,-0.1642,34.4380,36.6498,-0.0907,nan,nan,nan,nan
61.8559,-0.0053,-0.0023,1.1981,0.0751,0.0528,0.0594,0.2534,-0.0042,1.1033,0.2755,-0.1559,34.4416,36.6525,-0.0876,nan,nan,nan,nan
61.8790,-0.0053,-0.0023,1.1981,0.0751,0.0528,0.0594,0.2534,-0.0042,1.1033,0.2755,-0.1498,34.4446,36.6571,-0.0838,nan,nan,nan,nan
61.9028,-0.0053,-0.0023,1.1981,0.0796,0.0535,0.0575,0.2534,-0.0042,1.1033,0.2755,-0.1445,34.4464,36.6598,-0.0792,nan,nan,nan,nan
61.9293,-0.0053,-0.0023,1.1981,0.0841,0.0541,0.0550,0.2534,-0.0041,1.1033,0.2755,-0.1344,34.4484,36.6629,-0.0771,nan,nan,nan,nan
61.9519,-0.0053,-0.0023,1.1981,0.0841,0.0541,0.0550,0.2533,-0.0040,1.1033,0.2755,-0.1188,34.4486,36.6645,-0.0795,nan,nan,nan,nan
61.9790,-0.0053,-0.0023,1.1981,0.0881,0.0539,0.0507,0.2533,-0.0040,1.1033,0.2755,-0.1078,34.4480,36.6640,-0.0817,nan,nan,nan,nan
62.0061,-0.0053,-0.0022,1.1981,0.0921,0.0532,0.0460,0.2533,-0.0039,1.1033,0.2755,-0.0896,34.4464,36.6637,-0.0832,nan,nan,nan,nan
62.0291,-0.0053,-0.0022,1.1981,0.0957,0.0524,0.0405,0.2533,-0.0038,1.1033,0.2755,-0.0616,34.4435,36.6671,-0.0871,nan,nan,nan,nan
62.0550,-0.0053,-0.0022,1.1981,0.0957,0.0524,0.0405,0.2533,-0.0037,1.1033,0.2755,-0.0455,34.4421,36.6682,-0.0855,nan,nan,nan,nan
62.0801,-0.0053,-0.0022,1.1981,0.0998,0.0516,0.0365,0.2533,-0.0037,1.1033,0.2755,-0.0385,34.4418,36.6686,-0.0859,nan,nan,nan,nan
62.1015,-0.0053,-0.0022,1.1981,0.1049,0.0508,0.0350,0.2533,-0.0037,1.1033,0.2755,-0.0367,34.4412,36.6706,-0.0881,nan,nan,nan,nan
62.1291,-0.0053,-0.0022,1.1981,0.1103,0.0496,0.0344,0.2533,-0.0037,1.1033,0.2755,-0.0393,34.4389,36.6707,-0.0884,nan,nan,nan,nan
62.1495,-0.0053,-0.0022,1.1981,0.1103,0.0496,0.0344,0.2533,-0.0037,1.1033,0.2755,-0.0405,34.4367,36.6711,-0.0884,nan,nan,nan,nan
62.1764,-0.0053,-0.0022,1.1981,0.1150,0.0483,0.0339,0.2533,-0.0037,1.1033,0.2755,-0.0403,34.4356,36.6721,-0.0820,nan,nan,nan,nan
62.2028,-0.0053,-0.0022,1.1981,0.1194,0.0472,0.0332,0.2533,-0.0037,1.1033,0.2755,-0.0400,34.4345,36.6739,-0.0695,nan,nan,nan,nan
62.2363,-0.0053,-0.0023,1.1981,0.1232,0.0458,0.0319,0.2533,-0.0037,1.1033,0.2755,-0.0378,34.4305,36.6790,-0.0595,nan,nan,nan,nan
62.2568,-0.0053,-0.0023,1.1981,0.1232,0.0458,0.0319,0.2533,-0.0037,1.1033,0.2755,-0.0352,34.4290,36.6805,-0.0575,nan,nan,nan,nan
62.2778,-0.0053,-0.0023,1.1981,0.1258,0.0447,0.0308,0.2534,-0.0037,1.1033,0.2755,-0.0317,34.4293,36.6823,-0.0566,nan,nan,nan,nan
62.3021,-0.0053,-0.0023,1.1981,0.1281,0.0441,0.0303,0.2534,-0.0037,1.1033,0.2754,-0.0331,34.4283,36.6884,-0.0611,nan,nan,nan,nan
62.3237,-0.0052,-0.0024,1.1981,0.1307,0.0433,0.0317,0.2534,-0.0038,1.1033,0.2754,-0.0446,34.4264,36.6942,-0.0674,nan,nan,nan,nan
62.3574,-0.0052,-0.0024,1.1981,0.1331,0.0421,0.0337,0.2534,-0.0038,1.1033,0.2754,-0.0558,34.4244,36.6956,-0.0684,nan,nan,nan,nan
62.3946,-0.0052,-0.0024,1.1981,0.1351,0.0408,0.0352,0.2534,-0.0039,1.1033,0.2754,-0.0683,34.4234,36.6934,-0.0665,nan,nan,nan,nan
62.4179,-0.0052,-0.0025,1.1981,0.1351,0.0408,0.0352,0.2534,-0.0040,1.1033,0.2755,-0.0720,34.4227,36.6908,-0.0643,nan,nan,nan,nan
62.4474,-0.0052,-0.0025,1.1981,0.1355,0.0394,0.0358,0.2534,-0.0040,1.1033,0.2755,-0.0729,34.4223,36.6886,-0.0600,nan,nan,nan,nan
62.4776,-0.0052,-0.0025,1.1981,0.1346,0.0385,0.0352,0.2535,-0.0040,1.1033,0.2755,-0.0687,34.4233,36.6878,-0.0547,nan,nan,nan,nan
62.5042,-0.0052,-0.0026,1.1981,0.1346,0.0385,0.0352,0.2535,-0.0041,1.1033,0.2755,-0.0614,34.4235,36.6877,-0.0547,nan,nan,nan,nan
62.5246,-0.0051,-0.0026,1.1981,0.1325,0.0372,0.0339,0.2535,-0.0041,1.1033,0.2755,-0.0585,34.4231,36.6879,-0.0556,nan,nan,nan,nan
62.5451,-0.0051,-0.0026,1.1981,0.1325,0.0372,0.0339,0.2535,-0.0041,1.1033,0.2755,-0.0512,34.4227,36.6870,-0.0607,nan,nan,nan,nan
62.5713,-0.0051,-0.0027,1.1981,0.1290,0.0357,0.0320,0.2535,-0.0041,1.1033,0.2755,-0.0431,34.4227,36.6866,-0.0688,nan,nan,nan,nan
62.6075,-0.0051,-0.0027,1.1981,0.1254,0.0339,0.0311,0.2535,-0.0041,1.1033,0.2755,-0.0329,34.4217,36.6871,-0.0820,nan,nan,nan,nan
62.6341,-0.0051,-0.0028,1.1981,0.1254,0.0339,0.0311,0.2536,-0.0042,1.1033,0.2755,-0.0303,34.4222,36.6875,-0.0843,nan,nan,nan,nan
62.6599,-0.0051,-0.0029,1.1981,0.1217,0.0323,0.0310,0.2536,-0.0042,1.1033,0.2755,-0.0259,34.4257,36.6873,-0.0849,nan,nan,nan,nan
62.6881,-0.0050,-0.0029,1.1981,0.1174,0.0313,0.0304,0.2536,-0.0043,1.1033,0.2755,-0.0197,34.4309,36.6857,-0.0848,nan,nan,nan,nan
62.7137,-0.0050,-0.0030,1.1981,0.1174,0.0313,0.0304,0.2536,-0.0043,1.1033,0.2755,-0.0170,34.4344,36.6834,-0.0856,nan,nan,nan,nan
62.7396,-0.0050,-0.0030,1.1981,0.1130,0.0297,0.0305,0.2536,-0.0044,1.1033,0.2754,-0.0175,34.4377,36.6844,-0.0881,nan,nan,nan,nan
62.7654,-0.0050,-0.0031,1.1981,0.1085,0.0272,0.0315,0.2537,-0.0045,1.1034,0.2754,-0.0200,34.4398,36.6836,-0.0924,nan,nan,nan,nan
62.7861,-0.0050,-0.0032,1.1980,0.1085,0.0272,0.0315,0.2537,-0.0045,1.1034,0.2754,-0.0221,34.4405,36.6823,-0.0943,nan,nan,nan,nan
62.8073,-0.0049,-0.0033,1.1980,0.1038,0.0242,0.0326,0.2537,-0.0046,1.1034,0.2754,-0.0232,34.4408,36.6834,-0.0947,nan,nan,nan,nan
62.8311,-0.0049,-0.0033,1.1980,0.0979,0.0209,0.0334,0.2538,-0.0047,1.1034,0.2754,-0.0214,34.4410,36.6844,-0.0930,nan,nan,nan,nan
62.8580,-0.0049,-0.0034,1.1980,0.0979,0.0209,0.0334,0.2538,-0.0047,1.1034,0.2754,-0.0194,34.4403,36.6864,-0.0917,nan,nan,nan,nan
62.8822,-0.0048,-0.0035,1.1980,0.0916,0.0174,0.0338,0.2538,-0.0048,1.1034,0.2754,-0.0131,34.4395,36.6913,-0.0940,nan,nan,nan,nan
62.9038,-0.0048,-0.0036,1.1980,0.0849,0.0141,0.0337,0.2538,-0.0049,1.1034,0.2754,-0.0083,34.4413,36.6913,-0.0942,nan,nan,nan,nan
62.9395,-0.0048,-0.0037,1.1980,0.0784,0.0105,0.0342,0.2539,-0.0050,1.1034,0.2754,-0.0070,34.4409,36.6890,-0.0949,nan,nan,nan,nan
62.9660,-0.0048,-0.0037,1.1980,0.0784,0.0105,0.0342,0.2539,-0.0051,1.1034,0.2754,-0.0089,34.4394,36.6885,-0.0949,nan,nan,nan,nan
62.9887,-0.0048,-0.0038,1.1980,0.0722,0.0064,0.0360,0.2539,-0.0052,1.1034,0.2754,-0.0109,34.4379,36.6880,-0.0948,nan,nan,nan,nan
63.0191,-0.0047,-0.0039,1.1980,0.0664,0.0024,0.0384,0.2540,-0.0053,1.1034,0.2754,-0.0187,34.4357,36.6878,-0.0876,nan,nan,nan,nan
63.0566,-0.0047,-0.0040,1.1980,0.0603,-0.0009,0.0410,0.2540,-0.0054,1.1035,0.2754,-0.0278,34.4349,36.6925,-0.0764,nan,nan,nan,nan
63.0830,-0.0047,-0.0041,1.1980,0.0603,-0.0009,0.0410,0.2540,-0.0055,1.1035,0.2754,-0.0322,34.4355,36.6953,-0.0709,nan,nan,nan,nan
63.1040,-0.0046,-0.0042,1.1980,0.0540,-0.0043,0.0429,0.2541,-0.0057,1.1035,0.2754,-0.0343,34.4360,36.6966,-0.0666,nan,nan,nan,nan
63.1313,-0.0046,-0.0043,1.1980,0.0473,-0.0080,0.0437,0.2541,-0.0057,1.1035,0.2754,-0.0338,34.4354,36.6990,-0.0632,nan,nan,nan,nan
63.1618,-0.0046,-0.0044,1.1980,0.0406,-0.0117,0.0448,0.2541,-0.0059,1.1035,0.2754,-0.0360,34.4357,36.7048,-0.0547,nan,nan,nan,nan
63.1888,-0.0045,-0.0045,1.1980,0.0406,-0.0117,0.0448,0.2541,-0.0060,1.1036,0.2754,-0.0440,34.4370,36.7074,-0.0472,nan,nan,nan,nan
63.2162,-0.0045,-0.0046,1.1980,0.0344,-0.0155,0.0474,0.2542,-0.0061,1.1036,0.2754,-0.0516,34.4382,36.7079,-0.0377,nan,nan,nan,nan
63.2396,-0.0045,-0.0047,1.1980,0.0282,-0.0195,0.0496,0.2542,-0.0063,1.1036,0.2754,-0.0574,34.4399,36.7075,-0.0233,nan,nan,nan,nan
63.2604,-0.0045,-0.0048,1.1980,0.0216,-0.0238,0.0504,0.2542,-0.0064,1.1036,0.2754,-0.0567,34.4405,36.7081,-0.0171,nan,nan,nan,nan
63.2872,-0.0044,-0.0050,1.1980,0.0139,-0.0276,0.0502,0.2543,-0.0065,1.1036,0.2754,-0.0492,34.4426,36.7089,-0.0087,nan,nan,nan,nan
63.3104,-0.0044,-0.0051,1.1980,0.0139,-0.0276,0.0502,0.2543,-0.0065,1.1037,0.2754,-0.0391,34.4435,36.7089,-0.0042,nan,nan,nan,nan
63.3362,-0.0044,-0.0051,1.1980,0.0048,-0.0315,0.0469,0.2543,-0.0065,1.1037,0.2754,-0.0118,34.4453,36.7073,0.0010,nan,nan,nan,nan
63.3613,-0.0044,-0.0053,1.1980,-0.0057,-0.0355,0.0410,0.2544,-0.0065,1.1037,0.2754,0.0237,34.4471,36.7039,-0.0003,nan,nan,nan,nan
63.3877,-0.0044,-0.0054,1.1980,-0.0057,-0.0355,0.0410,0.2544,-0.0065,1.1037,0.2754,0.0646,34.4491,36.7022,-0.0077,nan,nan,nan,nan
63.4105,-0.0043,-0.0055,1.1980,-0.0173,-0.0391,0.0337,0.2544,-0.0065,1.1037,0.2754,0.0789,34.4492,36.7017,-0.0104,nan,nan,nan,nan
63.4379,-0.0043,-0.0056,1.1980,-0.0295,-0.0431,0.0265,0.2544,-0.0065,1.1037,0.2754,0.1370,34.4476,36.7025,-0.0153,nan,nan,nan,nan
63.4650,-0.0043,-0.0057,1.1980,-0.0406,-0.0475,0.0201,0.2544,-0.0064,1.1037,0.2754,0.1883,34.4426,36.7075,-0.0174,nan,nan,nan,nan
63.4920,-0.0043,-0.0059,1.1980,-0.0509,-0.0518,0.0165,0.2545,-0.0064,1.1037,0.2754,0.2237,34.4374,36.7110,-0.0257,nan,nan,nan,nan
63.5189,-0.0043,-0.0060,1.1980,-0.0509,-0.0518,0.0165,0.2545,-0.0065,1.1037,0.2754,0.2425,34.4325,36.7155,-0.0351,nan,nan,nan,nan
63.5395,-0.0042,-0.0060,1.1980,-0.0604,-0.0561,0.0144,0.2545,-0.0065,1.1037,0.2754,0.2535,34.4286,36.7184,-0.0418,nan,nan,nan,nan
63.5662,-0.0042,-0.0061,1.1980,-0.0699,-0.0603,0.0128,0.2545,-0.0066,1.1037,0.2754,0.2696,34.4228,36.7219,-0.0477,nan,nan,nan,nan
63.6016,-0.0042,-0.0063,1.1980,-0.0788,-0.0634,0.0124,0.2545,-0.0067,1.1037,0.2754,0.2835,34.4194,36.7251,-0.0519,nan,nan,nan,nan
63.6388,-0.0042,-0.0064,1.1980,-0.0876,-0.0660,0.0135,0.2545,-0.0068,1.1037,0.2754,0.2878,34.4166,36.7281,-0.0577,nan,nan,nan,nan
63.6745,-0.0042,-0.0065,1.1980,-0.0958,-0.0679,0.0171,0.2545,-0.0069,1.1038,0.2754,0.2795,34.4152,36.7317,-0.0681,nan,nan,nan,nan
63.6969,-0.0042,-0.0066,1.1980,-0.0958,-0.0679,0.0171,0.2546,-0.0071,1.1038,0.2754,0.2706,34.4140,36.7341,-0.0759,nan,nan,nan,nan
63.7202,-0.0042,-0.0067,1.1980,-0.1029,-0.0695,0.0219,0.2546,-0.0072,1.1038,0.2754,0.2533,34.4137,36.7383,-0.0863,nan,nan,nan,nan
63.7405,-0.0042,-0.0067,1.1980,-0.1096,-0.0705,0.0279,0.2546,-0.0073,1.1038,0.2754,0.2327,34.4125,36.7419,-0.0909,nan,nan,nan,nan
63.7699,-0.0042,-0.0068,1.1980,-0.1171,-0.0712,0.0339,0.2546,-0.0075,1.1038,0.2754,0.2059,34.4124,36.7407,-0.0926,nan,nan,nan,nan
63.7990,-0.0042,-0.0069,1.1980,-0.1240,-0.0720,0.0399,0.2546,-0.0077,1.1038,0.2754,0.1782,34.4112,36.7358,-0.1005,nan,nan,nan,nan
63.8268,-0.0042,-0.0070,1.1980,-0.1318,-0.0723,0.0455,0.2546,-0.0079,1.1038,0.2754,0.1568,34.4107,36.7311,-0.1071,nan,nan,nan,nan
63.8478,-0.0042,-0.0070,1.1980,-0.1318,-0.0723,0.0455,0.2546,-0.0080,1.1038,0.2754,0.1454,34.4110,36.7284,-0.1046,nan,nan,nan,nan
63.8731,-0.0042,-0.0071,1.1980,-0.1402,-0.0719,0.0497,0.2546,-0.0081,1.1038,0.2754,0.1408,34.4107,36.7260,-0.1009,nan,nan,nan,nan
63.9018,-0.0042,-0.0072,1.1980,-0.1490,-0.0712,0.0521,0.2545,-0.0081,1.1038,0.2754,0.1399,34.4105,36.7221,-0.1001,nan,nan,nan,nan
63.9272,-0.0042,-0.0072,1.1980,-0.1582,-0.0698,0.0528,0.2545,-0.0082,1.1037,0.2754,0.1471,34.4119,36.7163,-0.1014,nan,nan,nan,nan
63.9637,-0.0043,-0.0073,1.1980,-0.1680,-0.0676,0.0533,0.2545,-0.0082,1.1037,0.2754,0.1584,34.4142,36.7101,-0.1001,nan,nan,nan,nan
63.9860,-0.0043,-0.0073,1.1980,-0.1680,-0.0676,0.0533,0.2545,-0.0082,1.1037,0.2754,0.1626,34.4149,36.7092,-0.0980,nan,nan,nan,nan
64.0071,-0.0043,-0.0074,1.1980,-0.1767,-0.0649,0.0541,0.2545,-0.0083,1.1037,0.2754,0.1667,34.4173,36.7090,-0.0981,nan,nan,nan,nan
64.0301,-0.0043,-0.0074,1.1980,-0.1848,-0.0615,0.0556,0.2545,-0.0083,1.1037,0.2754,0.1697,34.4202,36.7093,-0.0981,nan,nan,nan,nan
64.0553,-0.0043,-0.0074,1.1981,-0.1917,-0.0577,0.0569,0.2544,-0.0083,1.1038,0.2754,0.1705,34.4236,36.7113,-0.0974,nan,nan,nan,nan
64.0779,-0.0044,-0.0075,1.1981,-0.1917,-0.0577,0.0569,0.2544,-0.0084,1.1037,0.2754,0.1682,34.4261,36.7092,-0.0976,nan,nan,nan,nan
64.1056,-0.0044,-0.0075,1.1981,-0.1977,-0.0534,0.0593,0.2544,-0.0084,1.1037,0.2754,0.1660,34.4293,36.7058,-0.0993,nan,nan,nan,nan
64.1430,-0.0044,-0.0075,1.1981,-0.2026,-0.0493,0.0615,0.2544,-0.0084,1.1037,0.2754,0.1591,34.4318,36.7062,-0.1000,nan,nan,nan,nan
64.1738,-0.0044,-0.0075,1.1981,-0.2070,-0.0449,0.0637,0.2543,-0.0085,1.1037,0.2754,0.1518,34.4343,36.7063,-0.1004,nan,nan,nan,nan
64.2056,-0.0045,-0.0075,1.1981,-0.2115,-0.0406,0.0642,0.2543,-0.0085,1.1037,0.2754,0.1551,34.4365,36.7048,-0.0989,nan,nan,nan,nan
64.2289,-0.0045,-0.0075,1.1981,-0.2115,-0.0406,0.0642,0.2542,-0.0085,1.1037,0.2754,0.1573,34.4360,36.7035,-0.0984,nan,nan,nan,nan
64.2545,-0.0045,-0.0075,1.1981,-0.2155,-0.0369,0.0649,0.2542,-0.0085,1.1037,0.2754,0.1580,34.4351,36.7030,-0.0985,nan,nan,nan,nan
64.2863,-0.0046,-0.0075,1.1981,-0.2183,-0.0335,0.0652,0.2542,-0.0085,1.1037,0.2754,0.1604,34.4330,36.6998,-0.1002,nan,nan,nan,nan
64.3129,-0.0046,-0.0075,1.1981,-0.2183,-0.0335,0.0652,0.2541,-0.0084,1.1037,0.2754,0.1638,34.4327,36.6972,-0.0950,nan,nan,nan,nan
64.3357,-0.0046,-0.0075,1.1981,-0.2205,-0.0296,0.0651,0.2541,-0.0084,1.1037,0.2754,0.1653,34.4334,36.6948,-0.0914,nan,nan,nan,nan
64.3708,-0.0047,-0.0074,1.1981,-0.2213,-0.0258,0.0659,0.2541,-0.0084,1.1037,0.2755,0.1631,34.4343,36.6902,-0.0878,nan,nan,nan,nan
64.3972,-0.0047,-0.0074,1.1981,-0.2213,-0.0258,0.0659,0.2541,-0.0084,1.1036,0.2755,0.1609,34.4337,36.6896,-0.0867,nan,nan,nan,nan
64.4193,-0.0047,-0.0074,1.1981,-0.2210,-0.0222,0.0672,0.2540,-0.0084,1.1036,0.2755,0.1560,34.4343,36.6844,-0.0863,nan,nan,nan,nan
64.4482,-0.0047,-0.0073,1.1981,-0.2190,-0.0179,0.0689,0.2540,-0.0083,1.1036,0.2755,0.1467,34.4372,36.6815,-0.0901,nan,nan,nan,nan
64.4815,-0.0048,-0.0073,1.1981,-0.2152,-0.0140,0.0720,0.2540,-0.0084,1.1036,0.2755,0.1259,34.4398,36.6781,-0.0912,nan,nan,nan,nan
64.5038,-0.0048,-0.0072,1.1981,-0.2152,-0.0140,0.0720,0.2539,-0.0084,1.1036,0.2755,0.1074,34.4405,36.6734,-0.0889,nan,nan,nan,nan
64.5245,-0.0049,-0.0071,1.1982,-0.2102,-0.0107,0.0755,0.2539,-0.0083,1.1036,0.2755,0.0910,34.4411,36.6693,-0.0793,nan,nan,nan,nan
64.5487,-0.0049,-0.0071,1.1982,-0.2045,-0.0071,0.0779,0.2539,-0.0083,1.1036,0.2755,0.0809,34.4426,36.6664,-0.0700,nan,nan,nan,nan
64.5723,-0.0049,-0.0070,1.1982,-0.1981,-0.0031,0.0800,0.2538,-0.0083,1.1036,0.2755,0.0627,34.4467,36.6627,-0.0474,nan,nan,nan,nan
64.5969,-0.0050,-0.0069,1.1982,-0.1911,0.0008,0.0818,0.2538,-0.0083,1.1036,0.2755,0.0465,34.4506,36.6562,-0.0365,nan,nan,nan,nan
64.6226,-0.0050,-0.0068,1.1982,-0.1911,0.0008,0.0818,0.2537,-0.0082,1.1036,0.2755,0.0400,34.4530,36.6533,-0.0341,nan,nan,nan,nan
64.6444,-0.0050,-0.0067,1.1982,-0.1837,0.0049,0.0826,0.2537,-0.0081,1.1036,0.2755,0.0355,34.4556,36.6509,-0.0319,nan,nan,nan,nan
64.6715,-0.0051,-0.0066,1.1982,-0.1753,0.0087,0.0827,0.2537,-0.0081,1.1036,0.2755,0.0264,34.4587,36.6494,-0.0288,nan,nan,nan,nan
64.6942,-0.0051,-0.0065,1.1982,-0.1753,0.0087,0.0827,0.2536,-0.0080,1.1036,0.2755,0.0223,34.4589,36.6489,-0.0285,nan,nan,nan,nan
64.7160,-0.0052,-0.0065,1.1982,-0.1663,0.0120,0.0826,0.2536,-0.0079,1.1036,0.2755,0.0211,34.4608,36.6498,-0.0281,nan,nan,nan,nan
64.7371,-0.0052,-0.0064,1.1982,-0.1574,0.0154,0.0805,0.2536,-0.0078,1.1036,0.2755,0.0256,34.4610,36.6499,-0.0267,nan,nan,nan,nan
64.7588,-0.0052,-0.0063,1.1982,-0.1574,0.0154,0.0805,0.2535,-0.0077,1.1035,0.2755,0.0353,34.4610,36.6493,-0.0259,nan,nan,nan,nan
64.7837,-0.0052,-0.0062,1.1982,-0.1484,0.0187,0.0771,0.2535,-0.0075,1.1035,0.2755,0.0496,34.4614,36.6501,-0.0262,nan,nan,nan,nan
64.8118,-0.0053,-0.0061,1.1982,-0.1389,0.0222,0.0723,0.2535,-0.0073,1.1035,0.2755,0.0663,34.4621,36.6521,-0.0264,nan,nan,nan,nan
64.8433,-0.0053,-0.0060,1.1982,-0.1287,0.0255,0.0668,0.2534,-0.0071,1.1035,0.2755,0.0843,34.4624,36.6542,-0.0263,nan,nan,nan,nan
64.8698,-0.0053,-0.0059,1.1982,-0.1287,0.0255,0.0668,0.2534,-0.0070,1.1035,0.2755,0.0964,34.4612,36.6557,-0.0265,nan,nan,nan,nan
64.8983,-0.0054,-0.0058,1.1982,-0.1181,0.0283,0.0616,0.2533,-0.0068,1.1035,0.2755,0.1076,34.4599,36.6567,-0.0251,nan,nan,nan,nan
64.9286,-0.0054,-0.0057,1.1982,-0.1064,0.0311,0.0571,0.2533,-0.0067,1.1035,0.2755,0.1255,34.4578,36.6600,-0.0246,nan,nan,nan,nan
64.9519,-0.0054,-0.0055,1.1982,-0.1064,0.0311,0.0571,0.2533,-0.0065,1.1035,0.2755,0.1304,34.4567,36.6610,-0.0237,nan,nan,nan,nan
64.9785,-0.0054,-0.0054,1.1982,-0.0930,0.0337,0.0548,0.2533,-0.0064,1.1035,0.2755,0.1298,34.4562,36.6615,-0.0233,nan,nan,nan,nan
65.0096,-0.0055,-0.0053,1.1982,-0.0783,0.0361,0.0537,0.2532,-0.0063,1.1035,0.2755,0.1238,34.4542,36.6594,-0.0207,nan,nan,nan,nan
65.0354,-0.0055,-0.0052,1.1982,-0.0783,0.0361,0.0537,0.2532,-0.0062,1.1035,0.2755,0.1232,34.4534,36.6553,-0.0217,nan,nan,nan,nan
65.0556,-0.0055,-0.0050,1.1982,-0.0639,0.0381,0.0517,0.2532,-0.0060,1.1035,0.2755,0.1234,34.4509,36.6552,-0.0240,nan,nan,nan,nan
65.0775,-0.0055,-0.0050,1.1982,-0.0493,0.0400,0.0497,0.2532,-0.0059,1.1035,0.2755,0.1239,34.4496,36.6553,-0.0250,nan,nan,nan,nan
65.1080,-0.0056,-0.0048,1.1982,-0.0347,0.0420,0.0474,0.2531,-0.0057,1.1035,0.2755,0.1262,34.4480,36.6591,-0.0252,nan,nan,nan,nan
65.1337,-0.0056,-0.0046,1.1982,-0.0347,0.0420,0.0474,0.2531,-0.0056,1.1035,0.2755,0.1268,34.4477,36.6618,-0.0253,nan,nan,nan,nan
65.1587,-0.0056,-0.0045,1.1982,-0.0201,0.0442,0.0456,0.2530,-0.0054,1.1035,0.2755,0.1252,34.4498,36.6696,-0.0298,nan,nan,nan,nan
65.1832,-0.0056,-0.0044,1.1982,-0.0049,0.0462,0.0451,0.2530,-0.0053,1.1035,0.2755,0.1208,34.4508,36.6721,-0.0307,nan,nan,nan,nan
65.2136,-0.0056,-0.0042,1.1982,0.0122,0.0471,0.0473,0.2530,-0.0052,1.1035,0.2755,0.0953,34.4510,36.6741,-0.0277,nan,nan,nan,nan
65.2423,-0.0057,-0.0040,1.1982,0.0315,0.0472,0.0534,0.2530,-0.0052,1.1035,0.2755,0.0427,34.4489,36.6763,-0.0222,nan,nan,nan,nan
65.2650,-0.0057,-0.0039,1.1982,0.0315,0.0472,0.0534,0.2530,-0.0052,1.1035,0.2755,-0.0091,34.4465,36.6792,-0.0182,nan,nan,nan,nan
65.2873,-0.0057,-0.0038,1.1982,0.0526,0.0465,0.0616,0.2529,-0.0052,1.1035,0.2755,-0.0447,34.4439,36.6812,-0.0180,nan,nan,nan,nan
65.3086,-0.0057,-0.0036,1.1982,0.0731,0.0458,0.0692,0.2529,-0.0052,1.1035,0.2754,-0.0921,34.4405,36.6879,-0.0173,nan,nan,nan,nan
65.3387,-0.0057,-0.0034,1.1982,0.0918,0.0455,0.0741,0.2529,-0.0052,1.1035,0.2754,-0.1396,34.4376,36.6986,-0.0087,nan,nan,nan,nan
65.3686,-0.0057,-0.0032,1.1982,0.1079,0.0450,0.0758,0.2529,-0.0051,1.1035,0.2754,-0.1652,34.4346,36.7048,-0.0046,nan,nan,nan,nan
65.3905,-0.0057,-0.0031,1.1982,0.1079,0.0450,0.0758,0.2529,-0.0050,1.1035,0.2754,-0.1706,34.4330,36.7065,-0.0041,nan,nan,nan,nan
65.4135,-0.0057,-0.0030,1.1982,0.1224,0.0445,0.0747,0.2529,-0.0049,1.1035,0.2754,-0.1734,34.4322,36.7061,-0.0032,nan,nan,nan,nan
65.4402,-0.0058,-0.0029,1.1982,0.1357,0.0438,0.0732,0.2529,-0.0048,1.1035,0.2754,-0.1762,34.4308,36.7014,-0.0003,nan,nan,nan,nan
65.4642,-0.0058,-0.0028,1.1982,0.1357,0.0438,0.0732,0.2529,-0.0047,1.1035,0.2754,-0.1754,34.4312,36.6958,0.0068,nan,nan,nan,nan
65.4894,-0.0058,-0.0027,1.1982,0.1485,0.0431,0.0710,0.2529,-0.0046,1.1035,0.2754,-0.1757,34.4317,36.6945,0.0102,nan,nan,nan,nan
65.5231,-0.0058,-0.0026,1.1982,0.1613,0.0428,0.0696,0.2528,-0.0045,1.1035,0.2754,-0.1797,34.4355,36.6900,0.0320,nan,nan,nan,nan
65.5469,-0.0058,-0.0025,1.1982,0.1742,0.0425,0.0691,0.2529,-0.0044,1.1035,0.2754,-0.1911,34.4411,36.6855,0.0511,nan,nan,nan,nan
65.5757,-0.0058,-0.0024,1.1982,0.1868,0.0418,0.0689,0.2528,-0.0043,1.1035,0.2754,-0.2053,34.4442,36.6873,0.0482,nan,nan,nan,nan
65.5972,-0.0058,-0.0023,1.1982,0.1868,0.0418,0.0689,0.2528,-0.0042,1.1035,0.2754,-0.2130,34.4463,36.6883,0.0469,nan,nan,nan,nan
65.6202,-0.0058,-0.0022,1.1982,0.1987,0.0411,0.0686,0.2528,-0.0042,1.1035,0.2754,-0.2247,34.4485,36.6889,0.0480,nan,nan,nan,nan
65.6414,-0.0058,-0.0021,1.1982,0.2096,0.0395,0.0680,0.2529,-0.0041,1.1035,0.2754,-0.2299,34.4483,36.6865,0.0484,nan,nan,nan,nan
65.6725,-0.0058,-0.0020,1.1982,0.2200,0.0370,0.0667,0.2529,-0.0040,1.1035,0.2755,-0.2389,34.4446,36.6822,0.0493,nan,nan,nan,nan
65.7012,-0.0058,-0.0019,1.1982,0.2296,0.0345,0.0660,0.2529,-0.0040,1.1035,0.2755,-0.2503,34.4423,36.6766,0.0502,nan,nan,nan,nan
65.7267,-0.0058,-0.0018,1.1982,0.2385,0.0322,0.0655,0.2529,-0.0039,1.1035,0.2755,-0.2617,34.4401,36.6734,0.0529,nan,nan,nan,nan
65.7521,-0.0058,-0.0018,1.1982,0.2467,0.0301,0.0640,0.2529,-0.0039,1.1034,0.2755,-0.2695,34.4372,36.6687,0.0609,nan,nan,nan,nan
65.7764,-0.0058,-0.0017,1.1982,0.2531,0.0279,0.0616,0.2529,-0.0038,1.1034,0.2755,-0.2693,34.4332,36.6628,0.0701,nan,nan,nan,nan
65.8013,-0.0057,-0.0017,1.1982,0.2582,0.0263,0.0586,0.2529,-0.0038,1.1034,0.2755,-0.2648,34.4294,36.6622,0.0826,nan,nan,nan,nan
65.8247,-0.0057,-0.0016,1.1982,0.2582,0.0263,0.0586,0.2529,-0.0037,1.1034,0.2755,-0.2599,34.4286,36.6636,0.0909,nan,nan,nan,nan
65.8489,-0.0057,-0.0016,1.1982,0.2625,0.0256,0.0554,0.2529,-0.0037,1.1034,0.2755,-0.2569,34.4293,36.6649,0.0926,nan,nan,nan,nan
65.8718,-0.0057,-0.0016,1.1982,0.2664,0.0256,0.0525,0.2530,-0.0037,1.1034,0.2755,-0.2555,34.4309,36.6644,0.0930,nan,nan,nan,nan
65.8945,-0.0057,-0.0016,1.1982,0.2664,0.0256,0.0525,0.2530,-0.0037,1.1034,0.2755,-0.2559,34.4319,36.6633,0.0920,nan,nan,nan,nan
65.9173,-0.0057,-0.0016,1.1982,0.2692,0.0258,0.0506,0.2530,-0.0037,1.1034,0.2755,-0.2550,34.4339,36.6576,0.0951,nan,nan,nan,nan
65.9381,-0.0057,-0.0016,1.1982,0.2710,0.0259,0.0478,0.2530,-0.0037,1.1034,0.2755,-0.2521,34.4348,36.6508,0.0989,nan,nan,nan,nan
65.9583,-0.0057,-0.0016,1.1982,0.2726,0.0258,0.0457,0.2530,-0.0037,1.1034,0.2756,-0.2536,34.4336,36.6428,0.1083,nan,nan,nan,nan
65.9790,-0.0057,-0.0016,1.1982,0.2726,0.0258,0.0457,0.2530,-0.0037,1.1033,0.2756,-0.2578,34.4327,36.6396,0.1093,nan,nan,nan,nan
66.0012,-0.0057,-0.0016,1.1982,0.2731,0.0262,0.0450,0.2530,-0.0038,1.1033,0.2756,-0.2599,34.4326,36.6374,0.1082,nan,nan,nan,nan
66.0252,-0.0056,-0.0017,1.1982,0.2721,0.0274,0.0431,0.2531,-0.0038,1.1033,0.2756,-0.2556,34.4342,36.6330,0.1035,nan,nan,nan,nan
66.0473,-0.0056,-0.0017,1.1982,0.2694,0.0284,0.0397,0.2531,-0.0038,1.1033,0.2756,-0.2405,34.4334,36.6258,0.0974,nan,nan,nan,nan
66.0838,-0.0056,-0.0018,1.1982,0.2649,0.0299,0.0347,0.2531,-0.0038,1.1033,0.2756,-0.2228,34.4337,36.6196,0.0916,nan,nan,nan,nan
66.1079,-0.0056,-0.0019,1.1982,0.2649,0.0299,0.0347,0.2531,-0.0038,1.1033,0.2756,-0.2046,34.4348,36.6144,0.0930,nan,nan,nan,nan
66.1322,-0.0056,-0.0019,1.1982,0.2593,0.0318,0.0304,0.2531,-0.0038,1.1033,0.2756,-0.1945,34.4353,36.6127,0.0944,nan,nan,nan,nan
66.1691,-0.0056,-0.0020,1.1982,0.2534,0.0339,0.0271,0.2532,-0.0038,1.1032,0.2756,-0.1823,34.4360,36.6112,0.0966,nan,nan,nan,nan
66.1908,-0.0056,-0.0020,1.1982,0.2534,0.0339,0.0271,0.2532,-0.0039,1.1032,0.2756,-0.1745,34.4354,36.6112,0.0999,nan,nan,nan,nan
66.2130,-0.0056,-0.0021,1.1982,0.2474,0.0360,0.0250,0.2532,-0.0040,1.1032,0.2756,-0.1726,34.4365,36.6109,0.1035,nan,nan,nan,nan
66.2384,-0.0055,-0.0022,1.1982,0.2416,0.0386,0.0245,0.2532,-0.0041,1.1032,0.2756,-0.1734,34.4380,36.6121,0.1103,nan,nan,nan,nan
66.2650,-0.0055,-0.0023,1.1982,0.2354,0.0415,0.0246,0.2532,-0.0042,1.1032,0.2756,-0.1783,34.4430,36.6111,0.1228,nan,nan,nan,nan
66.2885,-0.0055,-0.0024,1.1982,0.2283,0.0443,0.0240,0.2532,-0.0043,1.1032,0.2756,-0.1796,34.4452,36.6141,0.1323,nan,nan,nan,nan
66.3145,-0.0055,-0.0025,1.1982,0.2283,0.0443,0.0240,0.2533,-0.0044,1.1032,0.2756,-0.1777,34.4454,36.6141,0.1325,nan,nan,nan,nan
66.3354,-0.0054,-0.0026,1.1982,0.2197,0.0466,0.0226,0.2533,-0.0045,1.1032,0.2756,-0.1706,34.4452,36.6163,0.1361,nan,nan,nan,nan
66.3629,-0.0054,-0.0028,1.1982,0.2102,0.0491,0.0211,0.2533,-0.0046,1.1032,0.2756,-0.1643,34.4469,36.6190,0.1374,nan,nan,nan,nan
66.3882,-0.0054,-0.0029,1.1982,0.1990,0.0518,0.0187,0.2533,-0.0047,1.1033,0.2756,-0.1530,34.4483,36.6203,0.1394,nan,nan,nan,nan
66.4109,-0.0054,-0.0030,1.1982,0.1990,0.0518,0.0187,0.2533,-0.0048,1.1032,0.2756,-0.1379,34.4479,36.6209,0.1346,nan,nan,nan,nan
66.4339,-0.0053,-0.0031,1.1982,0.1864,0.0537,0.0156,0.2533,-0.0049,1.1032,0.2756,-0.1329,34.4477,36.6220,0.1317,nan,nan,nan,nan
66.4699,-0.0053,-0.0032,1.1982,0.1738,0.0556,0.0136,0.2534,-0.0050,1.1033,0.2756,-0.1198,34.4480,36.6269,0.1205,nan,nan,nan,nan
66.4902,-0.0053,-0.0034,1.1982,0.1738,0.0556,0.0136,0.2534,-0.0051,1.1032,0.2756,-0.1177,34.4486,36.6268,0.1138,nan,nan,nan,nan
66.5180,-0.0053,-0.0035,1.1982,0.1613,0.0572,0.0138,0.2534,-0.0053,1.1032,0.2756,-0.1192,34.4484,36.6261,0.1040,nan,nan,nan,nan
66.5443,-0.0052,-0.0036,1.1982,0.1486,0.0586,0.0143,0.2534,-0.0054,1.1032,0.2756,-0.1214,34.4485,36.6270,0.0938,nan,nan,nan,nan
66.5667,-0.0052,-0.0038,1.1982,0.1486,0.0586,0.0143,0.2535,-0.0056,1.1032,0.2756,-0.1226,34.4482,36.6283,0.0842,nan,nan,nan,nan
66.5888,-0.0052,-0.0039,1.1982,0.1354,0.0596,0.0145,0.2535,-0.0057,1.1032,0.2756,-0.1215,34.4468,36.6318,0.0687,nan,nan,nan,nan
66.6242,-0.0051,-0.0040,1.1982,0.1210,0.0604,0.0151,0.2535,-0.0058,1.1032,0.2755,-0.1215,34.4458,36.6358,0.0606,nan,nan,nan,nan
66.6508,-0.0051,-0.0042,1.1982,0.1210,0.0604,0.0151,0.2536,-0.0060,1.1033,0.2755,-0.1217,34.4467,36.6414,0.0524,nan,nan,nan,nan
66.6749,-0.0051,-0.0043,1.1982,0.1064,0.0615,0.0158,0.2536,-0.0061,1.1033,0.2755,-0.1222,34.4469,36.6448,0.0450,nan,nan,nan,nan
66.7061,-0.0050,-0.0044,1.1982,0.0918,0.0622,0.0172,0.2536,-0.0063,1.1033,0.2755,-0.1258,34.4480,36.6490,0.0397,nan,nan,nan,nan
66.7321,-0.0050,-0.0046,1.1982,0.0918,0.0622,0.0172,0.2536,-0.0065,1.1033,0.2755,-0.1287,34.4485,36.6518,0.0386,nan,nan,nan,nan
66.7564,-0.0050,-0.0047,1.1982,0.0770,0.0623,0.0184,0.2537,-0.0066,1.1033,0.2755,-0.1284,34.4486,36.6529,0.0385,nan,nan,nan,nan
66.7858,-0.0049,-0.0049,1.1982,0.0611,0.0624,0.0186,0.2537,-0.0068,1.1033,0.2755,-0.1249,34.4515,36.6541,0.0365,nan,nan,nan,nan
66.8148,-0.0048,-0.0051,1.1982,0.0444,0.0620,0.0180,0.2538,-0.0070,1.1033,0.2755,-0.1138,34.4517,36.6572,0.0237,nan,nan,nan,nan
66.8401,-0.0048,-0.0053,1.1982,0.0444,0.0620,0.0180,0.2538,-0.0071,1.1033,0.2755,-0.1047,34.4502,36.6597,0.0184,nan,nan,nan,nan
66.8651,-0.0048,-0.0054,1.1982,0.0275,0.0605,0.0174,0.2539,-0.0073,1.1033,0.2755,-0.1021,34.4496,36.6598,0.0171,nan,nan,nan,nan
66.9016,-0.0047,-0.0055,1.1982,0.0103,0.0583,0.0166,0.2539,-0.0074,1.1033,0.2755,-0.0904,34.4443,36.6594,0.0155,nan,nan,nan,nan
66.9235,-0.0047,-0.0057,1.1982,0.0103,0.0583,0.0166,0.2540,-0.0076,1.1033,0.2755,-0.0782,34.4401,36.6558,0.0165,nan,nan,nan,nan
66.9458,-0.0046,-0.0058,1.1982,-0.0074,0.0556,0.0150,0.2540,-0.0076,1.1033,0.2755,-0.0740,34.4385,36.6550,0.0159,nan,nan,nan,nan
66.9741,-0.0046,-0.0060,1.1982,-0.0252,0.0530,0.0131,0.2541,-0.0078,1.1033,0.2755,-0.0551,34.4351,36.6523,0.0110,nan,nan,nan,nan
66.9948,-0.0045,-0.0062,1.1982,-0.0252,0.0530,0.0131,0.2541,-0.0079,1.1033,0.2755,-0.0443,34.4344,36.6534,0.0059,nan,nan,nan,nan
67.0157,-0.0045,-0.0063,1.1982,-0.0424,0.0508,0.0125,0.2542,-0.0080,1.1033,0.2755,-0.0420,34.4354,36.6541,0.0015,nan,nan,nan,nan
67.0386,-0.0044,-0.0064,1.1982,-0.0582,0.0486,0.0147,0.2542,-0.0082,1.1033,0.2755,-0.0470,34.4361,36.6563,-0.0021,nan,nan,nan,nan
67.0667,-0.0043,-0.0067,1.1982,-0.0727,0.0454,0.0188,0.2543,-0.0085,1.1033,0.2755,-0.0637,34.4364,36.6558,0.0007,nan,nan,nan,nan
67.0966,-0.0043,-0.0069,1.1982,-0.0861,0.0415,0.0228,0.2544,-0.0088,1.1033,0.2755,-0.0833,34.4358,36.6540,0.0008,nan,nan,nan,nan
67.1229,-0.0042,-0.0070,1.1982,-0.0861,0.0415,0.0228,0.2545,-0.0091,1.1033,0.2755,-0.0997,34.4351,36.6548,-0.0061,nan,nan,nan,nan
67.1451,-0.0041,-0.0071,1.1982,-0.0990,0.0372,0.0274,0.2545,-0.0092,1.1033,0.2755,-0.1053,34.4343,36.6553,-0.0082,nan,nan,nan,nan
67.1665,-0.0041,-0.0073,1.1982,-0.1117,0.0328,0.0316,0.2546,-0.0094,1.1033,0.2755,-0.1248,34.4325,36.6584,-0.0139,nan,nan,nan,nan
67.1975,-0.0040,-0.0075,1.1982,-0.1243,0.0286,0.0348,0.2547,-0.0097,1.1034,0.2755,-0.1371,34.4330,36.6610,-0.0228,nan,nan,nan,nan
67.2244,-0.0039,-0.0076,1.1982,-0.1243,0.0286,0.0348,0.2547,-0.0098,1.1034,0.2755,-0.1400,34.4340,36.6627,-0.0265,nan,nan,nan,nan
67.2470,-0.0039,-0.0077,1.1982,-0.1372,0.0247,0.0364,0.2548,-0.0099,1.1034,0.2755,-0.1410,34.4340,36.6658,-0.0278,nan,nan,nan,nan
67.2685,-0.0038,-0.0078,1.1981,-0.1493,0.0208,0.0380,0.2548,-0.0101,1.1034,0.2755,-0.1426,34.4339,36.6684,-0.0271,nan,nan,nan,nan
67.2896,-0.0038,-0.0080,1.1981,-0.1493,0.0208,0.0380,0.2549,-0.0103,1.1034,0.2755,-0.1438,34.4321,36.6695,-0.0283,nan,nan,nan,nan
67.3103,-0.0037,-0.0081,1.1981,-0.1603,0.0162,0.0389,0.2550,-0.0103,1.1034,0.2755,-0.1422,34.4291,36.6701,-0.0310,nan,nan,nan,nan
67.3364,-0.0036,-0.0082,1.1981,-0.1710,0.0117,0.0388,0.2551,-0.0105,1.1034,0.2755,-0.1344,34.4265,36.6761,-0.0358,nan,nan,nan,nan
67.3643,-0.0036,-0.0083,1.1981,-0.1815,0.0084,0.0382,0.2551,-0.0106,1.1035,0.2755,-0.1271,34.4282,36.6786,-0.0368,nan,nan,nan,nan
67.3877,-0.0035,-0.0085,1.1981,-0.1815,0.0084,0.0382,0.2552,-0.0107,1.1035,0.2755,-0.1242,34.4305,36.6772,-0.0356,nan,nan,nan,nan
67.4141,-0.0034,-0.0086,1.1981,-0.1901,0.0050,0.0382,0.2553,-0.0108,1.1035,0.2755,-0.1228,34.4319,36.6753,-0.0347,nan,nan,nan,nan
67.4360,-0.0034,-0.0086,1.1981,-0.1976,0.0019,0.0383,0.2553,-0.0109,1.1035,0.2755,-0.1210,34.4360,36.6744,-0.0313,nan,nan,nan,nan
67.4689,-0.0033,-0.0088,1.1981,-0.2042,-0.0006,0.0381,0.2554,-0.0111,1.1035,0.2755,-0.1186,34.4424,36.6731,-0.0297,nan,nan,nan,nan
67.5006,-0.0032,-0.0089,1.1981,-0.2098,-0.0033,0.0380,0.2555,-0.0112,1.1036,0.2755,-0.1167,34.4483,36.6662,-0.0357,nan,nan,nan,nan
67.5250,-0.0031,-0.0090,1.1981,-0.2098,-0.0033,0.0380,0.2556,-0.0113,1.1036,0.2755,-0.1177,34.4501,36.6625,-0.0371,nan,nan,nan,nan
67.5484,-0.0031,-0.0090,1.1981,-0.2133,-0.0064,0.0386,0.2556,-0.0114,1.1036,0.2755,-0.1235,34.4512,36.6579,-0.0370,nan,nan,nan,nan
67.5753,-0.0030,-0.0091,1.1981,-0.2152,-0.0102,0.0399,0.2557,-0.0115,1.1035,0.2755,-0.1310,34.4495,36.6548,-0.0353,nan,nan,nan,nan
67.6120,-0.0029,-0.0092,1.1981,-0.2158,-0.0135,0.0412,0.2558,-0.0116,1.1035,0.2755,-0.1429,34.4490,36.6502,-0.0321,nan,nan,nan,nan
67.6325,-0.0029,-0.0093,1.1981,-0.2158,-0.0135,0.0412,0.2559,-0.0117,1.1035,0.2755,-0.1510,34.4491,36.6485,-0.0283,nan,nan,nan,nan
67.6525,-0.0028,-0.0093,1.1981,-0.2146,-0.0162,0.0430,0.2559,-0.0118,1.1035,0.2755,-0.1650,34.4501,36.6448,-0.0225,nan,nan,nan,nan
67.6812,-0.0028,-0.0094,1.1981,-0.2125,-0.0186,0.0443,0.2560,-0.0119,1.1035,0.2755,-0.1748,34.4509,36.6399,-0.0143,nan,nan,nan,nan
67.7116,-0.0027,-0.0094,1.1981,-0.2103,-0.0208,0.0440,0.2561,-0.0120,1.1035,0.2755,-0.1796,34.4488,36.6415,-0.0058,nan,nan,nan,nan
67.7360,-0.0026,-0.0095,1.1981,-0.2067,-0.0224,0.0440,0.2562,-0.0121,1.1036,0.2755,-0.1883,34.4475,36.6493,0.0004,nan,nan,nan,nan
67.7608,-0.0025,-0.0095,1.1981,-0.2023,-0.0232,0.0440,0.2562,-0.0121,1.1036,0.2755,-0.1960,34.4499,36.6550,0.0034,nan,nan,nan,nan
67.7825,-0.0025,-0.0095,1.1981,-0.2023,-0.0232,0.0440,0.2563,-0.0122,1.1036,0.2755,-0.1983,34.4497,36.6593,0.0050,nan,nan,nan,nan
67.8081,-0.0024,-0.0096,1.1981,-0.1971,-0.0240,0.0435,0.2563,-0.0122,1.1036,0.2755,-0.2071,34.4464,36.6682,0.0063,nan,nan,nan,nan
67.8291,-0.0023,-0.0096,1.1981,-0.1909,-0.0250,0.0430,0.2564,-0.0123,1.1036,0.2755,-0.2106,34.4452,36.6707,0.0063,nan,nan,nan,nan
67.8515,-0.0023,-0.0096,1.1981,-0.1847,-0.0252,0.0411,0.2565,-0.0123,1.1036,0.2755,-0.2098,34.4460,36.6713,0.0076,nan,nan,nan,nan
67.8844,-0.0022,-0.0096,1.1981,-0.1780,-0.0249,0.0390,0.2565,-0.0123,1.1036,0.2754,-0.2058,34.4476,36.6745,0.0078,nan,nan,nan,nan
67.9131,-0.0021,-0.0096,1.1981,-0.1714,-0.0247,0.0355,0.2566,-0.0122,1.1036,0.2754,-0.1928,34.4476,36.6764,0.0064,nan,nan,nan,nan
67.9395,-0.0021,-0.0096,1.1981,-0.1642,-0.0246,0.0315,0.2567,-0.0122,1.1036,0.2754,-0.1779,34.4468,36.6752,0.0059,nan,nan,nan,nan
67.9611,-0.0020,-0.0096,1.1981,-0.1642,-0.0246,0.0315,0.2567,-0.0121,1.1036,0.2754,-0.1721,34.4448,36.6749,0.0072,nan,nan,nan,nan
67.9820,-0.0020,-0.0096,1.1981,-0.1560,-0.0251,0.0278,0.2568,-0.0121,1.1036,0.2755,-0.1663,34.4430,36.6758,0.0110,nan,nan,nan,nan
68.0056,-0.0019,-0.0096,1.1981,-0.1474,-0.0254,0.0243,0.2568,-0.0120,1.1036,0.2755,-0.1549,34.4397,36.6759,0.0235,nan,nan,nan,nan
68.0313,-0.0018,-0.0096,1.1981,-0.1376,-0.0254,0.0211,0.2569,-0.0120,1.1036,0.2755,-0.1471,34.4374,36.6781,0.0365,nan,nan,nan,nan
68.0537,-0.0018,-0.0096,1.1981,-0.1376,-0.0254,0.0211,0.2569,-0.0120,1.1036,0.2754,-0.1470,34.4369,36.6802,0.0413,nan,nan,nan,nan
68.0814,-0.0018,-0.0095,1.1981,-0.1267,-0.0250,0.0197,0.2570,-0.0119,1.1036,0.2754,-0.1494,34.4376,36.6825,0.0414,nan,nan,nan,nan
68.1086,-0.0017,-0.0095,1.1981,-0.1153,-0.0238,0.0187,0.2570,-0.0119,1.1036,0.2754,-0.1545,34.4407,36.6870,0.0398,nan,nan,nan,nan
68.1316,-0.0017,-0.0095,1.1981,-0.1153,-0.0238,0.0187,0.2571,-0.0119,1.1036,0.2754,-0.1549,34.4416,36.6917,0.0383,nan,nan,nan,nan
68.1540,-0.0016,-0.0095,1.1981,-0.1038,-0.0227,0.0169,0.2571,-0.0119,1.1036,0.2754,-0.1548,34.4422,36.6933,0.0370,nan,nan,nan,nan
68.1782,-0.0016,-0.0094,1.1980,-0.0926,-0.0214,0.0146,0.2571,-0.0118,1.1037,0.2754,-0.1500,34.4447,36.7004,0.0304,nan,nan,nan,nan
68.2124,-0.0015,-0.0094,1.1980,-0.0815,-0.0203,0.0121,0.2572,-0.0117,1.1037,0.2754,-0.1427,34.4466,36.7043,0.0264,nan,nan,nan,nan
68.2385,-0.0015,-0.0093,1.1980,-0.0815,-0.0203,0.0121,0.2572,-0.0116,1.1037,0.2754,-0.1392,34.4479,36.7061,0.0262,nan,nan,nan,nan
68.2634,-0.0014,-0.0093,1.1980,-0.0703,-0.0189,0.0097,0.2573,-0.0116,1.1037,0.2754,-0.1330,34.4509,36.7067,0.0256,nan,nan,nan,nan
68.2956,-0.0014,-0.0093,1.1980,-0.0597,-0.0171,0.0057,0.2573,-0.0115,1.1037,0.2754,-0.1194,34.4543,36.7061,0.0252,nan,nan,nan,nan
68.3198,-0.0013,-0.0092,1.1980,-0.0597,-0.0171,0.0057,0.2573,-0.0114,1.1037,0.2754,-0.1018,34.4576,36.7070,0.0212,nan,nan,nan,nan
68.3419,-0.0013,-0.0092,1.1980,-0.0506,-0.0148,0.0007,0.2574,-0.0113,1.1037,0.2754,-0.0946,34.4586,36.7078,0.0205,nan,nan,nan,nan
68.3716,-0.0013,-0.0092,1.1980,-0.0424,-0.0123,-0.0051,0.2574,-0.0112,1.1037,0.2753,-0.0628,34.4609,36.7146,0.0169,nan,nan,nan,nan
68.4052,-0.0012,-0.0091,1.1980,-0.0345,-0.0093,-0.0108,0.2574,-0.0110,1.1037,0.2753,-0.0314,34.4644,36.7238,0.0165,nan,nan,nan,nan
68.4273,-0.0012,-0.0091,1.1980,-0.0345,-0.0093,-0.0108,0.2575,-0.0109,1.1037,0.2753,-0.0106,34.4683,36.7281,0.0185,nan,nan,nan,nan
68.4528,-0.0011,-0.0090,1.1980,-0.0272,-0.0063,-0.0149,0.2575,-0.0107,1.1038,0.2753,0.0057,34.4706,36.7341,0.0231,nan,nan,nan,nan
68.4774,-0.0011,-0.0090,1.1980,-0.0192,-0.0037,-0.0179,0.2576,-0.0107,1.1038,0.2753,0.0119,34.4713,36.7382,0.0257,nan,nan,nan,nan
68.5041,-0.0010,-0.0089,1.1980,-0.0108,-0.0014,-0.0186,0.2576,-0.0106,1.1038,0.2752,0.0160,34.4730,36.7471,0.0296,nan,nan,nan,nan
68.5262,-0.0010,-0.0089,1.1980,-0.0108,-0.0014,-0.0186,0.2576,-0.0105,1.1038,0.2752,0.0177,34.4748,36.7514,0.0321,nan,nan,nan,nan
68.5513,-0.0010,-0.0089,1.1980,-0.0027,0.0012,-0.0193,0.2576,-0.0105,1.1038,0.2752,0.0198,34.4773,36.7566,0.0335,nan,nan,nan,nan
68.5765,-0.0009,-0.0088,1.1980,0.0052,0.0033,-0.0189,0.2577,-0.0104,1.1038,0.2752,0.0161,34.4798,36.7585,0.0348,nan,nan,nan,nan
68.6020,-0.0008,-0.0088,1.1980,0.0132,0.0048,-0.0170,0.2577,-0.0104,1.1038,0.2752,0.0037,34.4783,36.7628,0.0392,nan,nan,nan,nan
68.6247,-0.0008,-0.0087,1.1980,0.0207,0.0062,-0.0138,0.2578,-0.0104,1.1038,0.2752,-0.0140,34.4766,36.7695,0.0429,nan,nan,nan,nan
68.6563,-0.0007,-0.0086,1.1980,0.0271,0.0077,-0.0104,0.2578,-0.0104,1.1038,0.2752,-0.0313,34.4752,36.7752,0.0355,nan,nan,nan,nan
68.6872,-0.0007,-0.0086,1.1980,0.0328,0.0095,-0.0072,0.2579,-0.0104,1.1038,0.2752,-0.0479,34.4758,36.7768,0.0329,nan,nan,nan,nan
68.7156,-0.0006,-0.0085,1.1980,0.0328,0.0095,-0.0072,0.2579,-0.0103,1.1038,0.2752,-0.0586,34.4766,36.7819,0.0294,nan,nan,nan,nan
68.7442,-0.0006,-0.0085,1.1980,0.0371,0.0116,-0.0042,0.2579,-0.0103,1.1039,0.2752,-0.0623,34.4780,36.7869,0.0281,nan,nan,nan,nan
68.7722,-0.0005,-0.0084,1.1980,0.0398,0.0144,-0.0023,0.2580,-0.0103,1.1039,0.2751,-0.0649,34.4808,36.7930,0.0320,nan,nan,nan,nan
68.8021,-0.0005,-0.0084,1.1980,0.0421,0.0169,0.0000,0.2580,-0.0102,1.1039,0.2751,-0.0706,34.4836,36.7969,0.0349,nan,nan,nan,nan
68.8278,-0.0004,-0.0083,1.1980,0.0437,0.0191,0.0018,0.2581,-0.0102,1.1039,0.2751,-0.0749,34.4862,36.7972,0.0392,nan,nan,nan,nan
68.8551,-0.0004,-0.0083,1.1980,0.0437,0.0191,0.0018,0.2581,-0.0102,1.1039,0.2751,-0.0758,34.4893,36.7974,0.0405,nan,nan,nan,nan
68.8825,-0.0003,-0.0083,1.1980,0.0443,0.0215,0.0037,0.2582,-0.0101,1.1039,0.2751,-0.0761,34.4901,36.7975,0.0399,nan,nan,nan,nan
68.9091,-0.0003,-0.0082,1.1980,0.0446,0.0234,0.0063,0.2582,-0.0101,1.1039,0.2751,-0.0822,34.4913,36.7989,0.0340,nan,nan,nan,nan
68.9422,-0.0002,-0.0082,1.1980,0.0462,0.0247,0.0102,0.2583,-0.0101,1.1039,0.2751,-0.1003,34.4911,36.8020,0.0280,nan,nan,nan,nan
68.9628,-0.0002,-0.0081,1.1980,0.0462,0.0247,0.0102,0.2583,-0.0101,1.1039,0.2751,-0.1178,34.4912,36.8031,0.0196,nan,nan,nan,nan
68.9844,-0.0002,-0.0081,1.1980,0.0477,0.0256,0.0148,0.2583,-0.0102,1.1039,0.2751,-0.1280,34.4912,36.8028,0.0129,nan,nan,nan,nan
69.0198,-0.0001,-0.0081,1.1980,0.0480,0.0259,0.0187,0.2584,-0.0102,1.1039,0.2751,-0.1389,34.4910,36.8021,-0.0006,nan,nan,nan,nan
69.0421,-0.0001,-0.0081,1.1980,0.0480,0.0259,0.0187,0.2584,-0.0101,1.1039,0.2751,-0.1426,34.4912,36.8021,-0.0082,nan,nan,nan,nan
69.0647,-0.0000,-0.0080,1.1980,0.0472,0.0258,0.0207,0.2585,-0.0101,1.1039,0.2751,-0.1451,34.4910,36.7999,-0.0102,nan,nan,nan,nan
69.0975,0.0000,-0.0080,1.1980,0.0455,0.0251,0.0223,0.2585,-0.0101,1.1039,0.2751,-0.1449,34.4897,36.7967,-0.0083,nan,nan,nan,nan
69.1214,0.0001,-0.0080,1.1981,0.0455,0.0251,0.0223,0.2586,-0.0101,1.1039,0.2751,-0.1450,34.4876,36.7936,-0.0119,nan,nan,nan,nan
69.1485,0.0001,-0.0080,1.1981,0.0433,0.0237,0.0231,0.2586,-0.0100,1.1039,0.2751,-0.1396,34.4831,36.7895,-0.0262,nan,nan,nan,nan
69.1758,0.0002,-0.0080,1.1981,0.0398,0.0223,0.0223,0.2587,-0.0100,1.1039,0.2751,-0.1281,34.4787,36.7878,-0.0438,nan,nan,nan,nan
69.1983,0.0002,-0.0079,1.1981,0.0398,0.0223,0.0223,0.2587,-0.0099,1.1039,0.2751,-0.1197,34.4764,36.7893,-0.0537,nan,nan,nan,nan
69.2223,0.0003,-0.0079,1.1981,0.0358,0.0215,0.0213,0.2588,-0.0098,1.1039,0.2751,-0.1014,34.4757,36.7943,-0.0604,nan,nan,nan,nan
69.2483,0.0003,-0.0079,1.1981,0.0311,0.0213,0.0191,0.2588,-0.0098,1.1039,0.2751,-0.0824,34.4781,36.7926,-0.0624,nan,nan,nan,nan
69.2820,0.0004,-0.0079,1.1981,0.0254,0.0209,0.0165,0.2589,-0.0097,1.1039,0.2751,-0.0600,34.4793,36.7893,-0.0618,nan,nan,nan,nan
69.3038,0.0004,-0.0079,1.1981,0.0254,0.0209,0.0165,0.2589,-0.0096,1.1039,0.2751,-0.0395,34.4785,36.7887,-0.0591,nan,nan,nan,nan
69.3239,0.0005,-0.0079,1.1981,0.0198,0.0199,0.0143,0.2590,-0.0095,1.1039,0.2751,-0.0265,34.4783,36.7903,-0.0592,nan,nan,nan,nan
69.3439,0.0005,-0.0079,1.1981,0.0143,0.0195,0.0126,0.2590,-0.0094,1.1039,0.2751,-0.0102,34.4791,36.7953,-0.0605,nan,nan,nan,nan
69.3795,0.0006,-0.0078,1.1981,0.0096,0.0191,0.0117,0.2591,-0.0094,1.1039,0.2751,0.0037,34.4811,36.7999,-0.0623,nan,nan,nan,nan
69.4062,0.0007,-0.0078,1.1981,0.0096,0.0191,0.0117,0.2592,-0.0094,1.1040,0.2751,0.0045,34.4819,36.8032,-0.0622,nan,nan,nan,nan
69.4329,0.0007,-0.0078,1.1981,0.0057,0.0187,0.0135,0.2592,-0.0093,1.1040,0.2751,0.0012,34.4847,36.8073,-0.0684,nan,nan,nan,nan
69.4596,0.0008,-0.0078,1.1981,0.0017,0.0183,0.0160,0.2592,-0.0093,1.1040,0.2751,-0.0023,34.4856,36.8078,-0.0726,nan,nan,nan,nan
69.4859,0.0008,-0.0078,1.1981,0.0017,0.0183,0.0160,0.2593,-0.0094,1.1040,0.2751,-0.0088,34.4869,36.8061,-0.0753,nan,nan,nan,nan
69.5080,0.0009,-0.0078,1.1981,-0.0014,0.0174,0.0195,0.2593,-0.0094,1.1040,0.2751,-0.0231,34.4868,36.8042,-0.0807,nan,nan,nan,nan
69.5381,0.0009,-0.0077,1.1981,-0.0041,0.0162,0.0233,0.2594,-0.0094,1.1040,0.2751,-0.0380,34.4878,36.8003,-0.0851,nan,nan,nan,nan
69.5643,0.0010,-0.0077,1.1981,-0.0041,0.0162,0.0233,0.2595,-0.0095,1.1040,0.2751,-0.0526,34.4897,36.7959,-0.0826,nan,nan,nan,nan
69.5860,0.0010,-0.0077,1.1981,-0.0071,0.0154,0.0273,0.2595,-0.0095,1.1040,0.2751,-0.0619,34.4903,36.7943,-0.0826,nan,nan,nan,nan
69.6084,0.0011,-0.0077,1.1981,-0.0096,0.0140,0.0313,0.2596,-0.0095,1.1040,0.2751,-0.0791,34.4894,36.7942,-0.0837,nan,nan,nan,nan
69.6356,0.0011,-0.0076,1.1981,-0.0118,0.0126,0.0362,0.2597,-0.0096,1.1040,0.2751,-0.1059,34.4890,36.7929,-0.0897,nan,nan,nan,nan
69.6662,0.0012,-0.0076,1.1981,-0.0129,0.0111,0.0422,0.2597,-0.0097,1.1040,0.2751,-0.1418,34.4893,36.7903,-0.0951,nan,nan,nan,nan
69.6902,0.0013,-0.0076,1.1981,-0.0129,0.0111,0.0422,0.2598,-0.0098,1.1040,0.2751,-0.1643,34.4889,36.7894,-0.0950,nan,nan,nan,nan
69.7156,0.0013,-0.0076,1.1981,-0.0128,0.0090,0.0496,0.2599,-0.0099,1.1040,0.2751,-0.1990,34.4870,36.7874,-0.0939,nan,nan,nan,nan
69.7477,0.0014,-0.0075,1.1981,-0.0127,0.0064,0.0564,0.2599,-0.0099,1.1040,0.2751,-0.2309,34.4846,36.7860,-0.0948,nan,nan,nan,nan
69.7739,0.0014,-0.0075,1.1981,-0.0127,0.0064,0.0564,0.2600,-0.0100,1.1040,0.2751,-0.2470,34.4838,36.7858,-0.0966,nan,nan,nan,nan
69.7958,0.0015,-0.0075,1.1981,-0.0133,0.0043,0.0604,0.2600,-0.0100,1.1040,0.2751,-0.2615,34.4821,36.7852,-0.0994,nan,nan,nan,nan
69.8233,0.0015,-0.0075,1.1981,-0.0153,0.0027,0.0616,0.2601,-0.0100,1.1040,0.2752,-0.2659,34.4825,36.7831,-0.1030,nan,nan,nan,nan
69.8497,0.0016,-0.0074,1.1981,-0.0153,0.0027,0.0616,0.2602,-0.0100,1.1040,0.2752,-0.2647,34.4838,36.7814,-0.1059,nan,nan,nan,nan
69.8724,0.0016,-0.0074,1.1981,-0.0176,0.0018,0.0606,0.2602,-0.0100,1.1040,0.2752,-0.2611,34.4849,36.7800,-0.1112,nan,nan,nan,nan
69.9051,0.0017,-0.0074,1.1981,-0.0203,0.0002,0.0576,0.2603,-0.0099,1.1040,0.2752,-0.2453,34.4826,36.7785,-0.1311,nan,nan,nan,nan
69.9290,0.0018,-0.0074,1.1981,-0.0203,0.0002,0.0576,0.2603,-0.0098,1.1040,0.2752,-0.2323,34.4810,36.7779,-0.1413,nan,nan,nan,nan
69.9497,0.0018,-0.0074,1.1981,-0.0239,-0.0013,0.0531,0.2604,-0.0097,1.1040,0.2752,-0.2167,34.4805,36.7766,-0.1513,nan,nan,nan,nan
69.9785,0.0019,-0.0074,1.1981,-0.0282,-0.0021,0.0462,0.2604,-0.0096,1.1040,0.2752,-0.1740,34.4805,36.7697,-0.1602,nan,nan,nan,nan
70.0162,0.0019,-0.0074,1.1981,-0.0328,-0.0028,0.0377,0.2605,-0.0094,1.1040,0.2752,-0.1227,34.4797,36.7664,-0.1577,nan,nan,nan,nan
70.0451,0.0020,-0.0073,1.1981,-0.0367,-0.0035,0.0306,0.2606,-0.0092,1.1040,0.2752,-0.0787,34.4781,36.7671,-0.1623,nan,nan,nan,nan
70.0691,0.0021,-0.0073,1.1981,-0.0367,-0.0035,0.0306,0.2607,-0.0091,1.1040,0.2752,-0.0552,34.4772,36.7650,-0.1696,nan,nan,nan,nan
70.0937,0.0021,-0.0073,1.1981,-0.0390,-0.0046,0.0253,0.2607,-0.0091,1.1040,0.2752,-0.0484,34.4768,36.7642,-0.1719,nan,nan,nan,nan
70.1271,0.0022,-0.0073,1.1981,-0.0404,-0.0060,0.0213,0.2608,-0.0090,1.1040,0.2752,-0.0260,34.4731,36.7623,-0.1758,nan,nan,nan,nan
70.1545,0.0022,-0.0073,1.1981,-0.0407,-0.0076,0.0177,0.2608,-0.0089,1.1040,0.2752,-0.0088,34.4687,36.7621,-0.1757,nan,nan,nan,nan
70.1774,0.0023,-0.0072,1.1981,-0.0407,-0.0076,0.0177,0.2609,-0.0088,1.1040,0.2752,-0.0041,34.4669,36.7605,-0.1748,nan,nan,nan,nan
70.2012,0.0023,-0.0072,1.1982,-0.0406,-0.0093,0.0158,0.2609,-0.0088,1.1040,0.2752,-0.0008,34.4652,36.7601,-0.1737,nan,nan,nan,nan
70.2260,0.0024,-0.0072,1.1982,-0.0404,-0.0108,0.0142,0.2610,-0.0088,1.1040,0.2752,0.0067,34.4624,36.7625,-0.1725,nan,nan,nan,nan
70.2482,0.0025,-0.0071,1.1982,-0.0404,-0.0108,0.0142,0.2611,-0.0087,1.1040,0.2752,0.0153,34.4623,36.7657,-0.1698,nan,nan,nan,nan
70.2757,0.0025,-0.0071,1.1981,-0.0404,-0.0117,0.0118,0.2611,-0.0087,1.1040,0.2752,0.0235,34.4630,36.7669,-0.1655,nan,nan,nan,nan
70.3019,0.0026,-0.0071,1.1982,-0.0414,-0.0125,0.0084,0.2612,-0.0086,1.1040,0.2752,0.0393,34.4638,36.7655,-0.1611,nan,nan,nan,nan
70.3237,0.0026,-0.0071,1.1982,-0.0414,-0.0125,0.0084,0.2612,-0.0085,1.1040,0.2752,0.0535,34.4635,36.7636,-0.1576,nan,nan,nan,nan
70.3508,0.0026,-0.0070,1.1982,-0.0419,-0.0138,0.0054,0.2613,-0.0084,1.1040,0.2752,0.0604,34.4634,36.7619,-0.1555,nan,nan,nan,nan
70.3796,0.0027,-0.0070,1.1982,-0.0422,-0.0152,0.0033,0.2613,-0.0084,1.1040,0.2752,0.0701,34.4627,36.7611,-0.1516,nan,nan,nan,nan
70.4038,0.0028,-0.0070,1.1982,-0.0422,-0.0152,0.0033,0.2614,-0.0083,1.1040,0.2752,0.0817,34.4632,36.7609,-0.1521,nan,nan,nan,nan
70.4268,0.0028,-0.0070,1.1982,-0.0427,-0.0164,0.0010,0.2614,-0.0082,1.1040,0.2752,0.0890,34.4639,36.7589,-0.1538,nan,nan,nan,nan
70.4490,0.0028,-0.0069,1.1982,-0.0432,-0.0175,-0.0011,0.2615,-0.0082,1.1040,0.2752,0.0997,34.4651,36.7557,-0.1524,nan,nan,nan,nan
70.4796,0.0029,-0.0069,1.1982,-0.0447,-0.0187,-0.0030,0.2615,-0.0080,1.1040,0.2752,0.1185,34.4648,36.7586,-0.1500,nan,nan,nan,nan
70.5063,0.0030,-0.0068,1.1982,-0.0447,-0.0187,-0.0030,0.2616,-0.0080,1.1040,0.2752,0.1284,34.4653,36.7603,-0.1480,nan,nan,nan,nan
70.5315,0.0030,-0.0068,1.1982,-0.0464,-0.0198,-0.0046,0.2616,-0.0079,1.1040,0.2752,0.1400,34.4663,36.7638,-0.1507,nan,nan,nan,nan
70.5589,0.0031,-0.0068,1.1982,-0.0472,-0.0206,-0.0048,0.2617,-0.0078,1.1040,0.2752,0.1440,34.4684,36.7667,-0.1568,nan,nan,nan,nan
70.5801,0.0031,-0.0067,1.1982,-0.0472,-0.0206,-0.0048,0.2617,-0.0078,1.1041,0.2752,0.1440,34.4698,36.7672,-0.1620,nan,nan,nan,nan
70.6011,0.0031,-0.0067,1.1982,-0.0473,-0.0216,-0.0033,0.2618,-0.0078,1.1041,0.2752,0.1404,34.4716,36.7688,-0.1720,nan,nan,nan,nan
70.6216,0.0032,-0.0066,1.1982,-0.0472,-0.0231,-0.0009,0.2618,-0.0077,1.1041,0.2752,0.1352,34.4713,36.7686,-0.1807,nan,nan,nan,nan
70.6418,0.0032,-0.0066,1.1982,-0.0472,-0.0231,-0.0009,0.2619,-0.0077,1.1041,0.2752,0.1306,34.4710,36.7693,-0.1801,nan,nan,nan,nan
70.6624,0.0033,-0.0065,1.1982,-0.0472,-0.0244,0.0026,0.2619,-0.0077,1.1041,0.2752,0.1223,34.4727,36.7686,-0.1757,nan,nan,nan,nan
70.6875,0.0033,-0.0065,1.1982,-0.0468,-0.0255,0.0075,0.2620,-0.0077,1.1041,0.2752,0.0977,34.4749,36.7702,-0.1574,nan,nan,nan,nan
70.7184,0.0034,-0.0064,1.1982,-0.0475,-0.0266,0.0110,0.2620,-0.0077,1.1041,0.2752,0.0894,34.4755,36.7723,-0.1535,nan,nan,nan,nan
70.7534,0.0035,-0.0064,1.1982,-0.0496,-0.0274,0.0129,0.2621,-0.0076,1.1041,0.2752,0.0897,34.4764,36.7746,-0.1503,nan,nan,nan,nan
70.7797,0.0035,-0.0063,1.1982,-0.0496,-0.0274,0.0129,0.2621,-0.0075,1.1041,0.2752,0.0906,34.4757,36.7753,-0.1494,nan,nan,nan,nan
70.8042,0.0035,-0.0062,1.1982,-0.0521,-0.0284,0.0145,0.2622,-0.0075,1.1041,0.2752,0.0914,34.4753,36.7742,-0.1494,nan,nan,nan,nan
70.8266,0.0036,-0.0062,1.1982,-0.0547,-0.0289,0.0163,0.2622,-0.0074,1.1041,0.2752,0.0901,34.4761,36.7722,-0.1494,nan,nan,nan,nan
70.8485,0.0036,-0.0061,1.1982,-0.0547,-0.0289,0.0163,0.2622,-0.0074,1.1041,0.2752,0.0872,34.4769,36.7700,-0.1462,nan,nan,nan,nan
70.8688,0.0036,-0.0061,1.1982,-0.0569,-0.0291,0.0195,0.2623,-0.0074,1.1041,0.2752,0.0786,34.4778,36.7680,-0.1378,nan,nan,nan,nan
70.8954,0.0037,-0.0060,1.1982,-0.0587,-0.0295,0.0244,0.2623,-0.0074,1.1041,0.2752,0.0654,34.4775,36.7669,-0.1257,nan,nan,nan,nan
70.9155,0.0037,-0.0060,1.1982,-0.0587,-0.0295,0.0244,0.2624,-0.0073,1.1041,0.2752,0.0528,34.4772,36.7626,-0.1141,nan,nan,nan,nan
70.9429,0.0038,-0.0059,1.1982,-0.0604,-0.0299,0.0293,0.2624,-0.0073,1.1041,0.2752,0.0435,34.4768,36.7590,-0.1062,nan,nan,nan,nan
70.9749,0.0038,-0.0059,1.1982,-0.0620,-0.0301,0.0346,0.2625,-0.0073,1.1041,0.2752,0.0278,34.4780,36.7516,-0.0966,nan,nan,nan,nan
71.0010,0.0038,-0.0058,1.1982,-0.0631,-0.0299,0.0399,0.2625,-0.0073,1.1041,0.2753,0.0065,34.4794,36.7420,-0.0941,nan,nan,nan,nan
71.0271,0.0039,-0.0057,1.1982,-0.0631,-0.0299,0.0399,0.2626,-0.0073,1.1041,0.2753,-0.0095,34.4800,36.7368,-0.0927,nan,nan,nan,nan
71.0548,0.0039,-0.0057,1.1982,-0.0636,-0.0296,0.0448,0.2626,-0.0073,1.1041,0.2753,-0.0225,34.4805,36.7336,-0.0916,nan,nan,nan,nan
71.0841,0.0039,-0.0056,1.1982,-0.0633,-0.0290,0.0513,0.2626,-0.0073,1.1040,0.2753,-0.0470,34.4815,36.7313,-0.0934,nan,nan,nan,nan
71.1051,0.0040,-0.0055,1.1982,-0.0633,-0.0290,0.0513,0.2627,-0.0073,1.1040,0.2753,-0.0653,34.4816,36.7311,-0.0968,nan,nan,nan,nan
71.1305,0.0040,-0.0054,1.1982,-0.0618,-0.0285,0.0580,0.2627,-0.0073,1.1040,0.2753,-0.1022,34.4813,36.7299,-0.1027,nan,nan,nan,nan
71.1545,0.0041,-0.0053,1.1982,-0.0600,-0.0281,0.0643,0.2627,-0.0073,1.1040,0.2753,-0.1263,34.4811,36.7313,-0.1041,nan,nan,nan,nan
71.1810,0.0041,-0.0052,1.1982,-0.0582,-0.0278,0.0693,0.2628,-0.0073,1.1040,0.2753,-0.1457,34.4809,36.7309,-0.1045,nan,nan,nan,nan
71.2050,0.0041,-0.0052,1.1982,-0.0582,-0.0278,0.0693,0.2628,-0.0073,1.1040,0.2753,-0.1588,34.4796,36.7276,-0.1069,nan,nan,nan,nan
71.2262,0.0041,-0.0051,1.1982,-0.0567,-0.0280,0.0723,0.2628,-0.0072,1.1040,0.2753,-0.1603,34.4794,36.7266,-0.1069,nan,nan,nan,nan
71.2614,0.0042,-0.0050,1.1982,-0.0566,-0.0279,0.0722,0.2629,-0.0071,1.1040,0.2753,-0.1532,34.4791,36.7209,-0.1081,nan,nan,nan,nan
71.2874,0.0042,-0.0049,1.1982,-0.0565,-0.0282,0.0707,0.2629,-0.0070,1.1040,0.2753,-0.1378,34.4763,36.7165,-0.1113,nan,nan,nan,nan
71.3101,0.0042,-0.0049,1.1982,-0.0565,-0.0282,0.0707,0.2630,-0.0068,1.1040,0.2753,-0.1303,34.4750,36.7147,-0.1139,nan,nan,nan,nan
71.3376,0.0043,-0.0048,1.1982,-0.0559,-0.0285,0.0694,0.2630,-0.0068,1.1040,0.2753,-0.1242,34.4734,36.7127,-0.1159,nan,nan,nan,nan
71.3607,0.0043,-0.0047,1.1982,-0.0539,-0.0288,0.0688,0.2630,-0.0067,1.1040,0.2753,-0.1182,34.4711,36.7088,-0.1156,nan,nan,nan,nan
71.3912,0.0043,-0.0046,1.1982,-0.0509,-0.0288,0.0689,0.2630,-0.0065,1.1040,0.2753,-0.1169,34.4697,36.7119,-0.1133,nan,nan,nan,nan
71.4124,0.0044,-0.0045,1.1982,-0.0509,-0.0288,0.0689,0.2631,-0.0064,1.1040,0.2753,-0.1121,34.4692,36.7121,-0.1136,nan,nan,nan,nan
71.4358,0.0044,-0.0045,1.1982,-0.0473,-0.0289,0.0677,0.2631,-0.0064,1.1040,0.2753,-0.1090,34.4682,36.7115,-0.1121,nan,nan,nan,nan
71.4637,0.0044,-0.0044,1.1982,-0.0434,-0.0294,0.0662,0.2631,-0.0062,1.1040,0.2753,-0.1036,34.4664,36.7124,-0.1133,nan,nan,nan,nan
71.4921,0.0044,-0.0042,1.1982,-0.0394,-0.0296,0.0640,0.2631,-0.0061,1.1040,0.2753,-0.0927,34.4658,36.7149,-0.1170,nan,nan,nan,nan
71.5196,0.0045,-0.0042,1.1982,-0.0394,-0.0296,0.0640,0.2632,-0.0060,1.1040,0.2753,-0.0864,34.4638,36.7195,-0.1180,nan,nan,nan,nan
71.5402,0.0045,-0.0041,1.1982,-0.0351,-0.0303,0.0624,0.2632,-0.0059,1.1040,0.2753,-0.0850,34.4634,36.7207,-0.1200,nan,nan,nan,nan
71.5611,0.0045,-0.0040,1.1982,-0.0301,-0.0309,0.0613,0.2632,-0.0058,1.1040,0.2753,-0.0790,34.4617,36.7256,-0.1295,nan,nan,nan,nan
71.5879,0.0045,-0.0039,1.1982,-0.0301,-0.0309,0.0613,0.2632,-0.0056,1.1040,0.2753,-0.0728,34.4588,36.7294,-0.1367,nan,nan,nan,nan
71.6151,0.0045,-0.0039,1.1982,-0.0252,-0.0319,0.0596,0.2632,-0.0056,1.1040,0.2753,-0.0672,34.4570,36.7303,-0.1409,nan,nan,nan,nan
71.6423,0.0046,-0.0038,1.1982,-0.0200,-0.0328,0.0574,0.2633,-0.0054,1.1040,0.2753,-0.0597,34.4559,36.7295,-0.1410,nan,nan,nan,nan
71.6636,0.0046,-0.0037,1.1982,-0.0200,-0.0328,0.0574,0.2633,-0.0053,1.1040,0.2753,-0.0486,34.4561,36.7261,-0.1366,nan,nan,nan,nan
71.6845,0.0046,-0.0036,1.1982,-0.0154,-0.0333,0.0545,0.2633,-0.0052,1.1040,0.2753,-0.0384,34.4565,36.7233,-0.1333,nan,nan,nan,nan
71.7069,0.0046,-0.0035,1.1982,-0.0111,-0.0337,0.0508,0.2633,-0.0050,1.1040,0.2753,-0.0235,34.4571,36.7209,-0.1269,nan,nan,nan,nan
71.7358,0.0046,-0.0034,1.1982,-0.0066,-0.0335,0.0481,0.2633,-0.0049,1.1040,0.2753,-0.0098,34.4610,36.7199,-0.1176,nan,nan,nan,nan
71.7580,0.0046,-0.0033,1.1982,-0.0066,-0.0335,0.0481,0.2634,-0.0047,1.1040,0.2753,-0.0043,34.4622,36.7205,-0.1110,nan,nan,nan,nan
71.7789,0.0047,-0.0032,1.1982,-0.0018,-0.0335,0.0462,0.2634,-0.0047,1.1040,0.2753,0.0017,34.4637,36.7217,-0.1038,nan,nan,nan,nan
71.8031,0.0047,-0.0031,1.1982,0.0037,-0.0337,0.0449,0.2634,-0.0045,1.1040,0.2753,0.0029,34.4657,36.7183,-0.1043,nan,nan,nan,nan
71.8286,0.0047,-0.0030,1.1982,0.0098,-0.0343,0.0447,0.2634,-0.0044,1.1040,0.2753,-0.0016,34.4669,36.7151,-0.1042,nan,nan,nan,nan
71.8551,0.0047,-0.0029,1.1982,0.0098,-0.0343,0.0447,0.2634,-0.0043,1.1040,0.2753,-0.0056,34.4693,36.7097,-0.1021,nan,nan,nan,nan
71.8778,0.0047,-0.0028,1.1982,0.0156,-0.0347,0.0445,0.2634,-0.0043,1.1040,0.2754,-0.0053,34.4700,36.7077,-0.1009,nan,nan,nan,nan
71.9065,0.0047,-0.0027,1.1982,0.0198,-0.0353,0.0426,0.2635,-0.0041,1.1040,0.2754,0.0035,34.4713,36.7009,-0.0963,nan,nan,nan,nan
71.9328,0.0047,-0.0027,1.1982,0.0198,-0.0353,0.0426,0.2635,-0.0040,1.1040,0.2754,0.0122,34.4724,36.6977,-0.0936,nan,nan,nan,nan
71.9601,0.0047,-0.0026,1.1982,0.0237,-0.0358,0.0404,0.2635,-0.0039,1.1040,0.2754,0.0151,34.4736,36.6956,-0.0927,nan,nan,nan,nan
71.9934,0.0047,-0.0025,1.1982,0.0278,-0.0368,0.0393,0.2635,-0.0038,1.1040,0.2754,0.0176,34.4729,36.6948,-0.0916,nan,nan,nan,nan
72.0189,0.0048,-0.0024,1.1982,0.0278,-0.0368,0.0393,0.2635,-0.0037,1.1040,0.2754,0.0167,34.4715,36.6944,-0.0956,nan,nan,nan,nan
72.0461,0.0048,-0.0023,1.1982,0.0318,-0.0381,0.0392,0.2635,-0.0037,1.1040,0.2754,0.0154,34.4706,36.6945,-0.0984,nan,nan,nan,nan
72.0731,0.0048,-0.0023,1.1982,0.0358,-0.0400,0.0398,0.2635,-0.0036,1.1040,0.2754,0.0088,34.4678,36.6921,-0.1121,nan,nan,nan,nan
72.0960,0.0048,-0.0022,1.1982,0.0358,-0.0400,0.0398,0.2635,-0.0035,1.1040,0.2754,0.0051,34.4675,36.6876,-0.1226,nan,nan,nan,nan
72.1234,0.0048,-0.0021,1.1982,0.0392,-0.0415,0.0402,0.2636,-0.0035,1.1040,0.2754,0.0027,34.4680,36.6835,-0.1288,nan,nan,nan,nan
72.1555,0.0048,-0.0020,1.1982,0.0420,-0.0429,0.0411,0.2636,-0.0034,1.1040,0.2754,-0.0001,34.4681,36.6796,-0.1323,nan,nan,nan,nan
72.1907,0.0048,-0.0019,1.1982,0.0448,-0.0446,0.0429,0.2636,-0.0033,1.1040,0.2754,-0.0097,34.4672,36.6756,-0.1357,nan,nan,nan,nan
72.2170,0.0048,-0.0018,1.1982,0.0478,-0.0463,0.0454,0.2636,-0.0032,1.1040,0.2754,-0.0244,34.4670,36.6714,-0.1386,nan,nan,nan,nan
72.2382,0.0048,-0.0017,1.1982,0.0478,-0.0463,0.0454,0.2636,-0.0032,1.1040,0.2754,-0.0349,34.4674,36.6704,-0.1392,nan,nan,nan,nan
72.2586,0.0048,-0.0016,1.1982,0.0516,-0.0477,0.0487,0.2636,-0.0032,1.1040,0.2754,-0.0478,34.4681,36.6692,-0.1409,nan,nan,nan,nan
72.2845,0.0048,-0.0015,1.1982,0.0560,-0.0494,0.0540,0.2636,-0.0032,1.1040,0.2755,-0.0823,34.4674,36.6675,-0.1517,nan,nan,nan,nan
72.3053,0.0048,-0.0014,1.1982,0.0560,-0.0494,0.0540,0.2636,-0.0032,1.1040,0.2754,-0.1032,34.4667,36.6688,-0.1558,nan,nan,nan,nan
72.3270,0.0048,-0.0014,1.1982,0.0605,-0.0508,0.0605,0.2636,-0.0032,1.1040,0.2754,-0.1357,34.4659,36.6729,-0.1563,nan,nan,nan,nan
72.3619,0.0048,-0.0013,1.1982,0.0653,-0.0518,0.0675,0.2636,-0.0033,1.1040,0.2754,-0.1713,34.4664,36.6772,-0.1552,nan,nan,nan,nan
72.3868,0.0048,-0.0012,1.1982,0.0653,-0.0518,0.0675,0.2636,-0.0033,1.1040,0.2754,-0.2112,34.4673,36.6768,-0.1585,nan,nan,nan,nan
72.4147,0.0048,-0.0011,1.1982,0.0711,-0.0528,0.0749,0.2636,-0.0034,1.1040,0.2754,-0.2401,34.4666,36.6754,-0.1615,nan,nan,nan,nan
72.4379,0.0048,-0.0011,1.1982,0.0768,-0.0540,0.0823,0.2636,-0.0035,1.1040,0.2754,-0.2806,34.4651,36.6738,-0.1627,nan,nan,nan,nan
72.4695,0.0047,-0.0010,1.1982,0.0809,-0.0549,0.0876,0.2636,-0.0035,1.1040,0.2754,-0.3220,34.4617,36.6780,-0.1599,nan,nan,nan,nan
72.4957,0.0047,-0.0009,1.1982,0.0836,-0.0551,0.0901,0.2635,-0.0035,1.1040,0.2754,-0.3449,34.4607,36.6789,-0.1546,nan,nan,nan,nan
72.5167,0.0047,-0.0008,1.1982,0.0836,-0.0551,0.0901,0.2635,-0.0034,1.1040,0.2754,-0.3487,34.4618,36.6791,-0.1558,nan,nan,nan,nan
72.5438,0.0047,-0.0008,1.1982,0.0846,-0.0544,0.0896,0.2635,-0.0034,1.1040,0.2754,-0.3480,34.4638,36.6788,-0.1587,nan,nan,nan,nan
72.5687,0.0047,-0.0007,1.1982,0.0852,-0.0530,0.0882,0.2635,-0.0033,1.1040,0.2754,-0.3450,34.4664,36.6803,-0.1614,nan,nan,nan,nan
72.6045,0.0047,-0.0006,1.1982,0.0856,-0.0516,0.0860,0.2635,-0.0032,1.1040,0.2754,-0.3383,34.4688,36.6805,-0.1641,nan,nan,nan,nan
72.6336,0.0046,-0.0005,1.1982,0.0859,-0.0502,0.0832,0.2634,-0.0031,1.1040,0.2754,-0.3288,34.4699,36.6813,-0.1623,nan,nan,nan,nan
72.6563,0.0046,-0.0005,1.1982,0.0859,-0.0502,0.0832,0.2634,-0.0030,1.1040,0.2754,-0.3212,34.4704,36.6817,-0.1551,nan,nan,nan,nan
72.6773,0.0046,-0.0005,1.1982,0.0862,-0.0486,0.0801,0.2634,-0.0030,1.1040,0.2754,-0.3178,34.4710,36.6815,-0.1534,nan,nan,nan,nan
72.7019,0.0046,-0.0004,1.1982,0.0862,-0.0466,0.0759,0.2634,-0.0029,1.1040,0.2754,-0.3018,34.4721,36.6815,-0.1478,nan,nan,nan,nan
72.7220,0.0046,-0.0004,1.1982,0.0862,-0.0466,0.0759,0.2634,-0.0029,1.1040,0.2754,-0.2956,34.4728,36.6808,-0.1461,nan,nan,nan,nan
72.7428,0.0045,-0.0003,1.1982,0.0865,-0.0445,0.0725,0.2633,-0.0028,1.1040,0.2754,-0.2889,34.4727,36.6799,-0.1414,nan,nan,nan,nan
72.7774,0.0045,-0.0003,1.1982,0.0871,-0.0420,0.0694,0.2633,-0.0027,1.1040,0.2754,-0.2825,34.4734,36.6804,-0.1337,nan,nan,nan,nan
72.8113,0.0045,-0.0003,1.1982,0.0874,-0.0391,0.0660,0.2633,-0.0027,1.1040,0.2754,-0.2729,34.4738,36.6853,-0.1312,nan,nan,nan,nan
72.8372,0.0045,-0.0002,1.1982,0.0874,-0.0391,0.0660,0.2632,-0.0026,1.1040,0.2754,-0.2668,34.4734,36.6898,-0.1322,nan,nan,nan,nan
72.8612,0.0044,-0.0002,1.1982,0.0873,-0.0359,0.0616,0.2632,-0.0025,1.1040,0.2754,-0.2589,34.4740,36.6937,-0.1356,nan,nan,nan,nan
72.8973,0.0044,-0.0002,1.1982,0.0858,-0.0328,0.0556,0.2632,-0.0024,1.1040,0.2754,-0.2325,34.4750,36.6942,-0.1439,nan,nan,nan,nan
72.9235,0.0044,-0.0001,1.1982,0.0858,-0.0328,0.0556,0.2631,-0.0023,1.1039,0.2754,-0.2087,34.4742,36.6920,-0.1479,nan,nan,nan,nan
72.9456,0.0044,-0.0001,1.1982,0.0836,-0.0301,0.0487,0.2631,-0.0023,1.1039,0.2754,-0.2002,34.4737,36.6921,-0.1500,nan,nan,nan,nan
72.9711,0.0043,-0.0001,1.1982,0.0813,-0.0276,0.0419,0.2631,-0.0021,1.1039,0.2754,-0.1623,34.4715,36.6925,-0.1684,nan,nan,nan,nan
73.0017,0.0043,-0.0001,1.1982,0.0796,-0.0253,0.0374,0.2630,-0.0021,1.1039,0.2754,-0.1488,34.4703,36.6903,-0.1853,nan,nan,nan,nan
73.0329,0.0042,-0.0001,1.1982,0.0778,-0.0233,0.0338,0.2630,-0.0020,1.1039,0.2754,-0.1336,34.4679,36.6886,-0.2130,nan,nan,nan,nan
73.0529,0.0042,-0.0000,1.1982,0.0778,-0.0233,0.0338,0.2629,-0.0019,1.1038,0.2754,-0.1273,34.4662,36.6885,-0.2299,nan,nan,nan,nan
73.0798,0.0042,-0.0000,1.1982,0.0761,-0.0213,0.0309,0.2629,-0.0019,1.1038,0.2754,-0.1200,34.4637,36.6881,-0.2558,nan,nan,nan,nan
73.1021,0.0041,-0.0000,1.1982,0.0745,-0.0195,0.0291,0.2629,-0.0019,1.1038,0.2754,-0.1184,34.4613,36.6894,-0.2596,nan,nan,nan,nan
73.1319,0.0041,0.0000,1.1982,0.0728,-0.0175,0.0278,0.2628,-0.0019,1.1038,0.2754,-0.1150,34.4568,36.6961,-0.2587,nan,nan,nan,nan
73.1545,0.0041,0.0000,1.1982,0.0728,-0.0175,0.0278,0.2628,-0.0018,1.1038,0.2754,-0.1116,34.4551,36.6993,-0.2574,nan,nan,nan,nan
73.1772,0.0040,0.0000,1.1982,0.0706,-0.0155,0.0256,0.2628,-0.0018,1.1038,0.2754,-0.1069,34.4536,36.6999,-0.2583,nan,nan,nan,nan
73.1994,0.0040,0.0000,1.1982,0.0674,-0.0136,0.0226,0.2627,-0.0018,1.1038,0.2754,-0.0924,34.4501,36.6953,-0.2650,nan,nan,nan,nan
73.2252,0.0040,0.0000,1.1982,0.0634,-0.0119,0.0197,0.2627,-0.0017,1.1037,0.2754,-0.0739,34.4450,36.6892,-0.2688,nan,nan,nan,nan
73.2585,0.0039,0.0000,1.1982,0.0592,-0.0098,0.0171,0.2626,-0.0016,1.1037,0.2755,-0.0571,34.4422,36.6827,-0.2731,nan,nan,nan,nan
73.2850,0.0039,0.0000,1.1982,0.0592,-0.0098,0.0171,0.2626,-0.0016,1.1036,0.2755,-0.0507,34.4431,36.6773,-0.2697,nan,nan,nan,nan
73.3098,0.0038,0.0000,1.1982,0.0553,-0.0068,0.0164,0.2626,-0.0016,1.1036,0.2755,-0.0502,34.4439,36.6751,-0.2685,nan,nan,nan,nan
73.3329,0.0038,0.0001,1.1982,0.0515,-0.0037,0.0172,0.2625,-0.0016,1.1036,0.2755,-0.0514,34.4450,36.6684,-0.2634,nan,nan,nan,nan
73.3682,0.0038,0.0001,1.1982,0.0477,-0.0007,0.0188,0.2625,-0.0016,1.1036,0.2755,-0.0561,34.4448,36.6633,-0.2621,nan,nan,nan,nan
73.3932,0.0037,0.0001,1.1982,0.0445,0.0023,0.0214,0.2624,-0.0017,1.1036,0.2755,-0.0685,34.4429,36.6636,-0.2646,nan,nan,nan,nan
73.4193,0.0037,0.0001,1.1982,0.0445,0.0023,0.0214,0.2624,-0.0017,1.1036,0.2755,-0.0860,34.4422,36.6661,-0.2641,nan,nan,nan,nan
73.4399,0.0036,0.0001,1.1982,0.0423,0.0055,0.0261,0.2624,-0.0018,1.1036,0.2755,-0.1017,34.4421,36.6667,-0.2626,nan,nan,nan,nan
73.4680,0.0036,0.0001,1.1982,0.0407,0.0087,0.0329,0.2623,-0.0019,1.1035,0.2755,-0.1302,34.4428,36.6659,-0.2609,nan,nan,nan,nan
73.4910,0.0036,0.0001,1.1982,0.0407,0.0087,0.0329,0.2623,-0.0020,1.1035,0.2755,-0.1613,34.4421,36.6653,-0.2611,nan,nan,nan,nan
73.5138,0.0036,0.0001,1.1982,0.0393,0.0116,0.0401,0.2623,-0.0021,1.1035,0.2755,-0.1703,34.4419,36.6649,-0.2622,nan,nan,nan,nan
73.5365,0.0035,0.0001,1.1982,0.0366,0.0146,0.0450,0.2622,-0.0021,1.1035,0.2755,-0.1957,34.4408,36.6629,-0.2613,nan,nan,nan,nan
73.5632,0.0035,0.0001,1.1982,0.0315,0.0179,0.0469,0.2622,-0.0022,1.1035,0.2755,-0.1999,34.4400,36.6626,-0.2590,nan,nan,nan,nan
73.5940,0.0034,0.0000,1.1982,0.0251,0.0214,0.0468,0.2621,-0.0021,1.1035,0.2755,-0.1896,34.4397,36.6639,-0.2594,nan,nan,nan,nan
73.6268,0.0034,0.0000,1.1982,0.0185,0.0242,0.0459,0.2621,-0.0021,1.1034,0.2755,-0.1746,34.4365,36.6657,-0.2580,nan,nan,nan,nan
73.6583,0.0033,0.0000,1.1982,0.0122,0.0273,0.0463,0.2620,-0.0021,1.1034,0.2755,-0.1669,34.4354,36.6679,-0.2588,nan,nan,nan,nan
73.6848,0.0033,0.0000,1.1982,0.0075,0.0304,0.0482,0.2620,-0.0021,1.1034,0.2755,-0.1710,34.4366,36.6699,-0.2553,nan,nan,nan,nan
73.7113,0.0033,-0.0000,1.1982,0.0075,0.0304,0.0482,0.2619,-0.0022,1.1034,0.2755,-0.1779,34.4368,36.6708,-0.2496,nan,nan,nan,nan
73.7386,0.0032,-0.0000,1.1982,0.0034,0.0333,0.0511,0.2619,-0.0022,1.1034,0.2755,-0.1807,34.4367,36.6713,-0.2485,nan,nan,nan,nan
73.7641,0.0032,-0.0000,1.1982,0.0000,0.0359,0.0545,0.2619,-0.0022,1.1034,0.2755,-0.1932,34.4360,36.6747,-0.2479,nan,nan,nan,nan
73.7877,0.0032,-0.0000,1.1982,-0.0025,0.0388,0.0576,0.2618,-0.0023,1.1034,0.2755,-0.2081,34.4376,36.6790,-0.2487,nan,nan,nan,nan
73.8140,0.0031,-0.0000,1.1982,-0.0045,0.0421,0.0612,0.2618,-0.0024,1.1034,0.2755,-0.2260,34.4415,36.6856,-0.2492,nan,nan,nan,nan
73.8402,0.0031,-0.0000,1.1982,-0.0045,0.0421,0.0612,0.2618,-0.0024,1.1034,0.2754,-0.2410,34.4458,36.6885,-0.2502,nan,nan,nan,nan
73.8612,0.0031,-0.0000,1.1982,-0.0060,0.0455,0.0651,0.2617,-0.0025,1.1035,0.2754,-0.2460,34.4468,36.6898,-0.2505,nan,nan,nan,nan
73.8876,0.0031,-0.0000,1.1982,-0.0060,0.0455,0.0651,0.2617,-0.0025,1.1035,0.2754,-0.2580,34.4486,36.6919,-0.2518,nan,nan,nan,nan
73.9110,0.0031,-0.0001,1.1982,-0.0074,0.0480,0.0681,0.2617,-0.0025,1.1035,0.2754,-0.2654,34.4487,36.6938,-0.2550,nan,nan,nan,nan
73.9464,0.0031,-0.0001,1.1982,-0.0079,0.0502,0.0700,0.2617,-0.0026,1.1035,0.2754,-0.2744,34.4502,36.6949,-0.2585,nan,nan,nan,nan
73.9712,0.0030,-0.0001,1.1982,-0.0079,0.0502,0.0700,0.2616,-0.0026,1.1035,0.2754,-0.2796,34.4529,36.6935,-0.2626,nan,nan,nan,nan
73.9918,0.0030,-0.0001,1.1982,-0.0084,0.0523,0.0705,0.2616,-0.0026,1.1035,0.2754,-0.2807,34.4546,36.6918,-0.2662,nan,nan,nan,nan
74.0213,0.0030,-0.0001,1.1982,-0.0088,0.0535,0.0699,0.2616,-0.0026,1.1034,0.2754,-0.2794,34.4558,36.6863,-0.2707,nan,nan,nan,nan
74.0446,0.0030,-0.0001,1.1982,-0.0088,0.0535,0.0699,0.2616,-0.0026,1.1034,0.2754,-0.2772,34.4562,36.6812,-0.2706,nan,nan,nan,nan
74.0649,0.0030,-0.0001,1.1982,-0.0090,0.0543,0.0691,0.2616,-0.0026,1.1034,0.2754,-0.2763,34.4559,36.6801,-0.2695,nan,nan,nan,nan
74.0908,0.0030,-0.0001,1.1982,-0.0090,0.0549,0.0678,0.2616,-0.0026,1.1034,0.2754,-0.2695,34.4559,36.6780,-0.2655,nan,nan,nan,nan
74.1175,0.0030,-0.0001,1.1982,-0.0090,0.0549,0.0678,0.2616,-0.0026,1.1034,0.2754,-0.2637,34.4557,36.6786,-0.2647,nan,nan,nan,nan
74.1416,0.0029,-0.0001,1.1982,-0.0090,0.0555,0.0653,0.2616,-0.0026,1.1034,0.2754,-0.2516,34.4560,36.6787,-0.2643,nan,nan,nan,nan
74.1647,0.0029,-0.0001,1.1982,-0.0090,0.0557,0.0622,0.2616,-0.0025,1.1034,0.2755,-0.2388,34.4561,36.6766,-0.2591,nan,nan,nan,nan
74.1905,0.0029,-0.0001,1.1982,-0.0090,0.0557,0.0622,0.2615,-0.0025,1.1034,0.2755,-0.2323,34.4563,36.6748,-0.2539,nan,nan,nan,nan
74.2129,0.0029,-0.0001,1.1982,-0.0081,0.0555,0.0600,0.2615,-0.0025,1.1034,0.2755,-0.2257,34.4574,36.6724,-0.2474,nan,nan,nan,nan
74.2439,0.0029,-0.0002,1.1982,-0.0067,0.0554,0.0576,0.2615,-0.0025,1.1034,0.2755,-0.2190,34.4594,36.6692,-0.2464,nan,nan,nan,nan
74.2650,0.0029,-0.0002,1.1982,-0.0067,0.0554,0.0576,0.2615,-0.0025,1.1034,0.2755,-0.2139,34.4605,36.6663,-0.2470,nan,nan,nan,nan
74.2881,0.0029,-0.0002,1.1982,-0.0058,0.0549,0.0548,0.2616,-0.0024,1.1034,0.2755,-0.2010,34.4628,36.6581,-0.2468,nan,nan,nan,nan
74.3149,0.0029,-0.0002,1.1982,-0.0057,0.0535,0.0508,0.2616,-0.0024,1.1034,0.2755,-0.1839,34.4630,36.6476,-0.2472,nan,nan,nan,nan
74.3404,0.0029,-0.0002,1.1982,-0.0058,0.0516,0.0460,0.2616,-0.0023,1.1033,0.2755,-0.1572,34.4625,36.6365,-0.2488,nan,nan,nan,nan
74.3605,0.0029,-0.0002,1.1982,-0.0058,0.0516,0.0460,0.2616,-0.0022,1.1033,0.2755,-0.1337,34.4623,36.6326,-0.2520,nan,nan,nan,nan
74.3869,0.0029,-0.0002,1.1982,-0.0062,0.0498,0.0401,0.2616,-0.0022,1.1033,0.2755,-0.1150,34.4635,36.6307,-0.2541,nan,nan,nan,nan
74.4203,0.0029,-0.0002,1.1982,-0.0067,0.0481,0.0335,0.2616,-0.0021,1.1033,0.2756,-0.0873,34.4658,36.6256,-0.2523,nan,nan,nan,nan
74.4536,0.0029,-0.0002,1.1982,-0.0065,0.0460,0.0286,0.2616,-0.0020,1.1033,0.2756,-0.0586,34.4683,36.6204,-0.2532,nan,nan,nan,nan
74.4761,0.0029,-0.0003,1.1982,-0.0065,0.0460,0.0286,0.2616,-0.0020,1.1034,0.2756,-0.0470,34.4698,36.6184,-0.2553,nan,nan,nan,nan
74.5042,0.0029,-0.0003,1.1982,-0.0045,0.0433,0.0258,0.2616,-0.0019,1.1034,0.2756,-0.0432,34.4698,36.6185,-0.2563,nan,nan,nan,nan
74.5385,0.0029,-0.0003,1.1982,-0.0024,0.0399,0.0238,0.2616,-0.0019,1.1034,0.2756,-0.0356,34.4692,36.6184,-0.2544,nan,nan,nan,nan
74.5646,0.0029,-0.0003,1.1982,-0.0024,0.0399,0.0238,0.2617,-0.0019,1.1034,0.2756,-0.0289,34.4679,36.6194,-0.2521,nan,nan,nan,nan
74.5917,0.0029,-0.0003,1.1982,-0.0002,0.0364,0.0222,0.2617,-0.0019,1.1034,0.2756,-0.0269,34.4676,36.6183,-0.2520,nan,nan,nan,nan
74.6231,0.0029,-0.0003,1.1982,0.0026,0.0324,0.0222,0.2617,-0.0019,1.1034,0.2756,-0.0305,34.4652,36.6172,-0.2532,nan,nan,nan,nan
74.6499,0.0029,-0.0003,1.1982,0.0026,0.0324,0.0222,0.2617,-0.0020,1.1034,0.2756,-0.0389,34.4628,36.6178,-0.2534,nan,nan,nan,nan
74.6713,0.0030,-0.0003,1.1982,0.0069,0.0279,0.0247,0.2617,-0.0020,1.1034,0.2756,-0.0633,34.4579,36.6212,-0.2500,nan,nan,nan,nan
74.6936,0.0030,-0.0003,1.1982,0.0112,0.0240,0.0282,0.2617,-0.0021,1.1034,0.2756,-0.0759,34.4565,36.6250,-0.2464,nan,nan,nan,nan
74.7208,0.0030,-0.0003,1.1982,0.0144,0.0205,0.0307,0.2617,-0.0021,1.1034,0.2755,-0.0947,34.4539,36.6318,-0.2396,nan,nan,nan,nan
74.7456,0.0030,-0.0003,1.1982,0.0163,0.0175,0.0315,0.2617,-0.0022,1.1034,0.2755,-0.1027,34.4527,36.6359,-0.2314,nan,nan,nan,nan
74.7748,0.0030,-0.0003,1.1982,0.0169,0.0146,0.0321,0.2618,-0.0022,1.1035,0.2755,-0.1053,34.4526,36.6388,-0.2292,nan,nan,nan,nan
74.8073,0.0030,-0.0003,1.1982,0.0172,0.0118,0.0324,0.2618,-0.0022,1.1035,0.2755,-0.1063,34.4517,36.6425,-0.2318,nan,nan,nan,nan
74.8363,0.0031,-0.0003,1.1982,0.0172,0.0086,0.0328,0.2618,-0.0022,1.1035,0.2755,-0.1099,34.4499,36.6449,-0.2361,nan,nan,nan,nan
74.8573,0.0031,-0.0003,1.1982,0.0172,0.0086,0.0328,0.2618,-0.0022,1.1035,0.2755,-0.1137,34.4482,36.6480,-0.2379,nan,nan,nan,nan
74.8797,0.0031,-0.0003,1.1982,0.0172,0.0053,0.0341,0.2618,-0.0023,1.1035,0.2755,-0.1211,34.4459,36.6553,-0.2376,nan,nan,nan,nan
74.8998,0.0031,-0.0003,1.1981,0.0171,0.0024,0.0348,0.2618,-0.0023,1.1035,0.2755,-0.1261,34.4451,36.6642,-0.2310,nan,nan,nan,nan
74.9266,0.0031,-0.0003,1.1981,0.0171,0.0024,0.0348,0.2618,-0.0023,1.1036,0.2755,-0.1284,34.4458,36.6688,-0.2236,nan,nan,nan,nan
74.9504,0.0031,-0.0003,1.1981,0.0166,-0.0001,0.0351,0.2618,-0.0023,1.1036,0.2755,-0.1318,34.4465,36.6719,-0.2161,nan,nan,nan,nan
74.9819,0.0031,-0.0003,1.1981,0.0159,-0.0027,0.0362,0.2619,-0.0024,1.1036,0.2754,-0.1427,34.4477,36.6808,-0.2083,nan,nan,nan,nan
75.0129,0.0032,-0.0003,1.1981,0.0139,-0.0050,0.0369,0.2619,-0.0024,1.1037,0.2754,-0.1484,34.4492,36.6929,-0.2108,nan,nan,nan,nan
75.0431,0.0032,-0.0004,1.1981,0.0107,-0.0070,0.0357,0.2619,-0.0024,1.1037,0.2754,-0.1422,34.4531,36.7023,-0.2153,nan,nan,nan,nan
75.0683,0.0032,-0.0004,1.1981,0.0066,-0.0092,0.0334,0.2619,-0.0024,1.1037,0.2754,-0.1289,34.4564,36.7059,-0.2134,nan,nan,nan,nan
75.1077,0.0032,-0.0004,1.1981,0.0021,-0.0118,0.0308,0.2619,-0.0024,1.1037,0.2754,-0.1144,34.4568,36.7071,-0.2155,nan,nan,nan,nan
75.1346,0.0032,-0.0004,1.1981,0.0021,-0.0118,0.0308,0.2619,-0.0024,1.1038,0.2754,-0.1083,34.4560,36.7079,-0.2149,nan,nan,nan,nan
75.1562,0.0032,-0.0004,1.1981,-0.0025,-0.0148,0.0281,0.2619,-0.0023,1.1038,0.2754,-0.0959,34.4538,36.7104,-0.2123,nan,nan,nan,nan
75.1908,0.0033,-0.0004,1.1981,-0.0081,-0.0175,0.0252,0.2619,-0.0023,1.1038,0.2754,-0.0814,34.4521,36.7113,-0.2102,nan,nan,nan,nan
75.2255,0.0033,-0.0005,1.1981,-0.0142,-0.0197,0.0223,0.2620,-0.0023,1.1038,0.2754,-0.0629,34.4526,36.7125,-0.2054,nan,nan,nan,nan
75.2620,0.0033,-0.0005,1.1981,-0.0199,-0.0216,0.0203,0.2620,-0.0023,1.1038,0.2754,-0.0504,34.4532,36.7132,-0.2035,nan,nan,nan,nan
75.2986,0.0033,-0.0005,1.1981,-0.0253,-0.0236,0.0188,0.2620,-0.0023,1.1038,0.2754,-0.0436,34.4529,36.7148,-0.2035,nan,nan,nan,nan
75.3308,0.0033,-0.0005,1.1981,-0.0298,-0.0250,0.0183,0.2620,-0.0023,1.1038,0.2754,-0.0448,34.4533,36.7161,-0.2007,nan,nan,nan,nan
75.3563,0.0033,-0.0005,1.1981,-0.0298,-0.0250,0.0183,0.2620,-0.0023,1.1038,0.2754,-0.0453,34.4545,36.7169,-0.1989,nan,nan,nan,nan
75.3786,0.0033,-0.0005,1.1981,-0.0353,-0.0256,0.0177,0.2620,-0.0023,1.1038,0.2753,-0.0439,34.4556,36.7190,-0.1956,nan,nan,nan,nan
75.4037,0.0033,-0.0005,1.1981,-0.0416,-0.0257,0.0159,0.2620,-0.0023,1.1038,0.2753,-0.0348,34.4571,36.7261,-0.1920,nan,nan,nan,nan
75.4258,0.0033,-0.0006,1.1981,-0.0416,-0.0257,0.0159,0.2620,-0.0023,1.1039,0.2753,-0.0277,34.4588,36.7303,-0.1891,nan,nan,nan,nan
75.4460,0.0033,-0.0006,1.1981,-0.0482,-0.0252,0.0132,0.2620,-0.0023,1.1039,0.2753,-0.0206,34.4604,36.7351,-0.1867,nan,nan,nan,nan
75.4702,0.0034,-0.0006,1.1981,-0.0548,-0.0248,0.0107,0.2620,-0.0022,1.1039,0.2753,-0.0078,34.4608,36.7447,-0.1829,nan,nan,nan,nan
75.5016,0.0034,-0.0006,1.1981,-0.0621,-0.0244,0.0075,0.2620,-0.0022,1.1039,0.2753,0.0118,34.4609,36.7514,-0.1808,nan,nan,nan,nan
75.5275,0.0034,-0.0006,1.1981,-0.0621,-0.0244,0.0075,0.2620,-0.0021,1.1039,0.2753,0.0329,34.4614,36.7553,-0.1766,nan,nan,nan,nan
75.5501,0.0034,-0.0006,1.1981,-0.0704,-0.0240,0.0030,0.2620,-0.0021,1.1039,0.2753,0.0406,34.4613,36.7564,-0.1742,nan,nan,nan,nan
75.5781,0.0034,-0.0006,1.1981,-0.0793,-0.0235,-0.0027,0.2620,-0.0020,1.1039,0.2752,0.0762,34.4602,36.7603,-0.1694,nan,nan,nan,nan
75.6092,0.0034,-0.0006,1.1981,-0.0879,-0.0229,-0.0073,0.2620,-0.0019,1.1039,0.2752,0.1065,34.4584,36.7652,-0.1648,nan,nan,nan,nan
75.6315,0.0034,-0.0006,1.1981,-0.0879,-0.0229,-0.0073,0.2620,-0.0018,1.1039,0.2752,0.1259,34.4604,36.7680,-0.1578,nan,nan,nan,nan
75.6530,0.0034,-0.0006,1.1981,-0.0963,-0.0219,-0.0110,0.2620,-0.0018,1.1039,0.2752,0.1389,34.4614,36.7676,-0.1504,nan,nan,nan,nan
75.6771,0.0034,-0.0006,1.1981,-0.1043,-0.0213,-0.0138,0.2620,-0.0018,1.1039,0.2752,0.1538,34.4615,36.7670,-0.1390,nan,nan,nan,nan
75.6999,0.0034,-0.0006,1.1981,-0.1043,-0.0213,-0.0138,0.2620,-0.0017,1.1039,0.2752,0.1605,34.4624,36.7651,-0.1273,nan,nan,nan,nan
75.7222,0.0034,-0.0006,1.1981,-0.1109,-0.0208,-0.0148,0.2620,-0.0017,1.1039,0.2752,0.1609,34.4624,36.7649,-0.1239,nan,nan,nan,nan
75.7593,0.0034,-0.0006,1.1981,-0.1167,-0.0204,-0.0136,0.2620,-0.0017,1.1039,0.2752,0.1551,34.4622,36.7662,-0.1184,nan,nan,nan,nan
75.7869,0.0034,-0.0005,1.1981,-0.1167,-0.0204,-0.0136,0.2620,-0.0017,1.1039,0.2752,0.1500,34.4622,36.7641,-0.1170,nan,nan,nan,nan
75.8100,0.0034,-0.0005,1.1981,-0.1222,-0.0201,-0.0122,0.2620,-0.0017,1.1039,0.2752,0.1488,34.4619,36.7634,-0.1162,nan,nan,nan,nan
75.8409,0.0034,-0.0005,1.1981,-0.1281,-0.0202,-0.0110,0.2620,-0.0017,1.1039,0.2753,0.1444,34.4603,36.7585,-0.1146,nan,nan,nan,nan
75.8724,0.0034,-0.0005,1.1981,-0.1342,-0.0205,-0.0102,0.2620,-0.0017,1.1039,0.2753,0.1429,34.4572,36.7526,-0.1086,nan,nan,nan,nan
75.9029,0.0034,-0.0004,1.1981,-0.1405,-0.0199,-0.0104,0.2620,-0.0016,1.1039,0.2753,0.1477,34.4580,36.7500,-0.0948,nan,nan,nan,nan
75.9277,0.0034,-0.0004,1.1981,-0.1469,-0.0190,-0.0111,0.2620,-0.0016,1.1038,0.2753,0.1556,34.4598,36.7449,-0.0936,nan,nan,nan,nan
75.9505,0.0033,-0.0003,1.1981,-0.1469,-0.0190,-0.0111,0.2620,-0.0015,1.1038,0.2753,0.1608,34.4609,36.7423,-0.0966,nan,nan,nan,nan
75.9731,0.0033,-0.0003,1.1981,-0.1536,-0.0178,-0.0122,0.2620,-0.0015,1.1038,0.2753,0.1689,34.4632,36.7398,-0.0990,nan,nan,nan,nan
76.0061,0.0033,-0.0002,1.1981,-0.1597,-0.0164,-0.0122,0.2620,-0.0014,1.1038,0.2753,0.1723,34.4661,36.7399,-0.1011,nan,nan,nan,nan
76.0425,0.0033,-0.0002,1.1981,-0.1643,-0.0149,-0.0108,0.2620,-0.0014,1.1039,0.2753,0.1670,34.4700,36.7409,-0.1027,nan,nan,nan,nan
76.0776,0.0033,-0.0001,1.1981,-0.1687,-0.0137,-0.0096,0.2620,-0.0013,1.1039,0.2753,0.1632,34.4731,36.7425,-0.1055,nan,nan,nan,nan
76.1016,0.0033,-0.0000,1.1981,-0.1687,-0.0137,-0.0096,0.2620,-0.0012,1.1039,0.2753,0.1634,34.4750,36.7408,-0.1084,nan,nan,nan,nan
76.1221,0.0033,-0.0000,1.1981,-0.1731,-0.0124,-0.0093,0.2620,-0.0012,1.1039,0.2753,0.1653,34.4766,36.7386,-0.1114,nan,nan,nan,nan
76.1426,0.0033,0.0001,1.1981,-0.1731,-0.0124,-0.0093,0.2620,-0.0011,1.1039,0.2753,0.1692,34.4770,36.7364,-0.1150,nan,nan,nan,nan
76.1667,0.0033,0.0001,1.1981,-0.1775,-0.0117,-0.0100,0.2620,-0.0011,1.1039,0.2753,0.1744,34.4763,36.7341,-0.1180,nan,nan,nan,nan
76.1882,0.0033,0.0002,1.1981,-0.1817,-0.0113,-0.0105,0.2620,-0.0010,1.1038,0.2753,0.1833,34.4739,36.7323,-0.1212,nan,nan,nan,nan
76.2106,0.0033,0.0003,1.1981,-0.1817,-0.0113,-0.0105,0.2619,-0.0009,1.1038,0.2753,0.1852,34.4734,36.7330,-0.1263,nan,nan,nan,nan
76.2391,0.0033,0.0003,1.1981,-0.1845,-0.0103,-0.0099,0.2619,-0.0008,1.1038,0.2753,0.1836,34.4734,36.7337,-0.1401,nan,nan,nan,nan
76.2744,0.0033,0.0004,1.1981,-0.1866,-0.0096,-0.0085,0.2619,-0.0008,1.1038,0.2753,0.1808,34.4722,36.7318,-0.1521,nan,nan,nan,nan
76.2989,0.0033,0.0005,1.1981,-0.1866,-0.0096,-0.0085,0.2619,-0.0007,1.1038,0.2753,0.1779,34.4683,36.7306,-0.1592,nan,nan,nan,nan
76.3268,0.0033,0.0006,1.1981,-0.1882,-0.0098,-0.0069,0.2619,-0.0006,1.1038,0.2753,0.1760,34.4660,36.7296,-0.1616,nan,nan,nan,nan
76.3548,0.0032,0.0007,1.1981,-0.1891,-0.0095,-0.0056,0.2619,-0.0005,1.1038,0.2753,0.1729,34.4639,36.7284,-0.1654,nan,nan,nan,nan
76.3780,0.0032,0.0008,1.1981,-0.1891,-0.0095,-0.0056,0.2619,-0.0004,1.1038,0.2753,0.1715,34.4637,36.7266,-0.1663,nan,nan,nan,nan
76.4055,0.0032,0.0009,1.1981,-0.1894,-0.0088,-0.0045,0.2619,-0.0004,1.1038,0.2753,0.1694,34.4651,36.7232,-0.1650,nan,nan,nan,nan
76.4379,0.0032,0.0010,1.1981,-0.1892,-0.0076,-0.0029,0.2619,-0.0003,1.1038,0.2753,0.1643,34.4689,36.7177,-0.1636,nan,nan,nan,nan
76.4595,0.0032,0.0011,1.1981,-0.1892,-0.0076,-0.0029,0.2619,-0.0002,1.1038,0.2753,0.1578,34.4725,36.7150,-0.1650,nan,nan,nan,nan
76.4843,0.0032,0.0012,1.1981,-0.1881,-0.0062,-0.0007,0.2619,-0.0001,1.1038,0.2753,0.1506,34.4756,36.7152,-0.1659,nan,nan,nan,nan
76.5142,0.0032,0.0013,1.1981,-0.1857,-0.0045,0.0027,0.2619,-0.0000,1.1038,0.2753,0.1380,34.4802,36.7166,-0.1656,nan,nan,nan,nan
76.5414,0.0032,0.0015,1.1981,-0.1831,-0.0030,0.0052,0.2619,0.0001,1.1039,0.2753,0.1273,34.4843,36.7219,-0.1678,nan,nan,nan,nan
76.5647,0.0032,0.0017,1.1981,-0.1805,-0.0016,0.0065,0.2618,0.0003,1.1039,0.2753,0.1250,34.4877,36.7262,-0.1599,nan,nan,nan,nan
76.6006,0.0032,0.0019,1.1981,-0.1773,-0.0003,0.0068,0.2618,0.0005,1.1039,0.2753,0.1264,34.4910,36.7308,-0.1526,nan,nan,nan,nan
76.6262,0.0031,0.0021,1.1981,-0.1733,0.0006,0.0070,0.2618,0.0007,1.1039,0.2753,0.1279,34.4935,36.7304,-0.1539,nan,nan,nan,nan
76.6483,0.0031,0.0022,1.1981,-0.1733,0.0006,0.0070,0.2618,0.0009,1.1039,0.2753,0.1307,34.4948,36.7301,-0.1532,nan,nan,nan,nan
76.6762,0.0031,0.0023,1.1981,-0.1691,0.0013,0.0070,0.2618,0.0010,1.1039,0.2753,0.1319,34.4952,36.7308,-0.1516,nan,nan,nan,nan
76.7059,0.0031,0.0025,1.1981,-0.1634,0.0019,0.0079,0.2618,0.0012,1.1039,0.2753,0.1277,34.4962,36.7310,-0.1482,nan,nan,nan,nan
76.7327,0.0031,0.0027,1.1981,-0.1634,0.0019,0.0079,0.2618,0.0013,1.1039,0.2753,0.1197,34.4958,36.7302,-0.1472,nan,nan,nan,nan
76.7574,0.0031,0.0028,1.1981,-0.1564,0.0020,0.0101,0.2618,0.0014,1.1039,0.2753,0.1155,34.4949,36.7294,-0.1470,nan,nan,nan,nan
76.7815,0.0031,0.0030,1.1981,-0.1479,0.0012,0.0132,0.2618,0.0015,1.1039,0.2753,0.0955,34.4893,36.7222,-0.1427,nan,nan,nan,nan
76.8030,0.0031,0.0031,1.1982,-0.1479,0.0012,0.0132,0.2618,0.0017,1.1039,0.2753,0.0820,34.4859,36.7142,-0.1422,nan,nan,nan,nan
76.8250,0.0031,0.0033,1.1982,-0.1393,0.0008,0.0161,0.2618,0.0018,1.1039,0.2753,0.0778,34.4848,36.7119,-0.1422,nan,nan,nan,nan
76.8549,0.0031,0.0035,1.1982,-0.1306,0.0008,0.0176,0.2618,0.0020,1.1038,0.2754,0.0685,34.4804,36.7048,-0.1392,nan,nan,nan,nan
76.8766,0.0031,0.0036,1.1982,-0.1306,0.0008,0.0176,0.2618,0.0021,1.1038,0.2754,0.0667,34.4793,36.7020,-0.1326,nan,nan,nan,nan
76.8968,0.0031,0.0038,1.1982,-0.1220,0.0017,0.0183,0.2617,0.0023,1.1038,0.2754,0.0628,34.4794,36.6982,-0.1217,nan,nan,nan,nan
76.9201,0.0030,0.0040,1.1982,-0.1122,0.0032,0.0192,0.2617,0.0024,1.1038,0.2754,0.0573,34.4799,36.6940,-0.1160,nan,nan,nan,nan
76.9554,0.0030,0.0042,1.1982,-0.1030,0.0049,0.0190,0.2617,0.0027,1.1038,0.2754,0.0593,34.4816,36.6921,-0.1091,nan,nan,nan,nan
76.9925,0.0030,0.0045,1.1982,-0.0928,0.0066,0.0187,0.2617,0.0030,1.1038,0.2754,0.0602,34.4834,36.6925,-0.1000,nan,nan,nan,nan
77.0246,0.0030,0.0047,1.1982,-0.0819,0.0084,0.0197,0.2617,0.0033,1.1038,0.2754,0.0538,34.4864,36.6923,-0.0913,nan,nan,nan,nan
77.0508,0.0030,0.0050,1.1982,-0.0706,0.0095,0.0205,0.2617,0.0035,1.1038,0.2754,0.0496,34.4873,36.6893,-0.0777,nan,nan,nan,nan
77.0763,0.0030,0.0052,1.1982,-0.0706,0.0095,0.0205,0.2617,0.0038,1.1038,0.2754,0.0493,34.4880,36.6851,-0.0731,nan,nan,nan,nan
77.0982,0.0030,0.0053,1.1982,-0.0592,0.0105,0.0203,0.2617,0.0039,1.1038,0.2754,0.0497,34.4884,36.6840,-0.0726,nan,nan,nan,nan
77.1294,0.0030,0.0056,1.1982,-0.0469,0.0116,0.0199,0.2617,0.0041,1.1038,0.2754,0.0487,34.4909,36.6782,-0.0733,nan,nan,nan,nan
77.1675,0.0030,0.0058,1.1982,-0.0338,0.0127,0.0208,0.2617,0.0044,1.1038,0.2754,0.0415,34.4940,36.6748,-0.0748,nan,nan,nan,nan
77.1900,0.0030,0.0060,1.1982,-0.0338,0.0127,0.0208,0.2617,0.0046,1.1038,0.2754,0.0380,34.4964,36.6753,-0.0741,nan,nan,nan,nan
77.2166,0.0029,0.0063,1.1982,-0.0202,0.0139,0.0218,0.2617,0.0048,1.1039,0.2754,0.0318,34.4993,36.6769,-0.0750,nan,nan,nan,nan
77.2375,0.0029,0.0065,1.1982,-0.0059,0.0145,0.0224,0.2616,0.0050,1.1039,0.2754,0.0256,34.5007,36.6780,-0.0778,nan,nan,nan,nan
77.2708,0.0029,0.0067,1.1982,0.0083,0.0144,0.0226,0.2616,0.0052,1.1039,0.2754,0.0195,34.5009,36.6754,-0.0739,nan,nan,nan,nan
77.3079,0.0029,0.0070,1.1983,0.0229,0.0138,0.0230,0.2616,0.0055,1.1039,0.2754,0.0132,34.5002,36.6706,-0.0631,nan,nan,nan,nan
77.3448,0.0029,0.0072,1.1983,0.0378,0.0121,0.0241,0.2616,0.0057,1.1038,0.2754,0.0040,34.4947,36.6679,-0.0541,nan,nan,nan,nan
77.3707,0.0029,0.0075,1.1983,0.0529,0.0105,0.0264,0.2616,0.0060,1.1038,0.2754,-0.0124,34.4883,36.6722,-0.0509,nan,nan,nan,nan
77.3967,0.0029,0.0078,1.1983,0.0680,0.0093,0.0286,0.2616,0.0062,1.1038,0.2754,-0.0276,34.4843,36.6785,-0.0527,nan,nan,nan,nan
77.4240,0.0029,0.0081,1.1983,0.0832,0.0083,0.0303,0.2616,0.0065,1.1039,0.2754,-0.0401,34.4825,36.6833,-0.0543,nan,nan,nan,nan
77.4510,0.0029,0.0083,1.1983,0.0832,0.0083,0.0303,0.2616,0.0067,1.1039,0.2754,-0.0501,34.4799,36.6884,-0.0554,nan,nan,nan,nan
77.4723,0.0029,0.0084,1.1983,0.0981,0.0069,0.0320,0.2616,0.0068,1.1039,0.2754,-0.0528,34.4785,36.6898,-0.0561,nan,nan,nan,nan
77.5040,0.0029,0.0086,1.1983,0.1122,0.0050,0.0324,0.2616,0.0070,1.1039,0.2754,-0.0572,34.4729,36.6954,-0.0576,nan,nan,nan,nan
77.5366,0.0029,0.0088,1.1983,0.1250,0.0031,0.0313,0.2616,0.0073,1.1039,0.2754,-0.0503,34.4672,36.6991,-0.0504,nan,nan,nan,nan
77.5631,0.0029,0.0090,1.1983,0.1250,0.0031,0.0313,0.2616,0.0075,1.1039,0.2754,-0.0388,34.4651,36.7009,-0.0429,nan,nan,nan,nan
77.5903,0.0029,0.0091,1.1983,0.1364,0.0018,0.0291,0.2616,0.0077,1.1039,0.2754,-0.0344,34.4642,36.7014,-0.0410,nan,nan,nan,nan
77.6267,0.0029,0.0093,1.1983,0.1471,0.0002,0.0267,0.2616,0.0079,1.1039,0.2754,-0.0170,34.4586,36.7065,-0.0343,nan,nan,nan,nan
77.6494,0.0029,0.0095,1.1983,0.1471,0.0002,0.0267,0.2616,0.0082,1.1039,0.2754,-0.0096,34.4561,36.7089,-0.0342,nan,nan,nan,nan
77.6729,0.0029,0.0096,1.1983,0.1577,-0.0011,0.0249,0.2616,0.0083,1.1039,0.2754,0.0015,34.4542,36.7117,-0.0333,nan,nan,nan,nan
77.7051,0.0029,0.0098,1.1983,0.1678,-0.0018,0.0228,0.2616,0.0085,1.1039,0.2754,0.0134,34.4541,36.7144,-0.0328,nan,nan,nan,nan
77.7429,0.0029,0.0100,1.1983,0.1765,-0.0026,0.0204,0.2616,0.0088,1.1039,0.2754,0.0340,34.4521,36.7172,-0.0350,nan,nan,nan,nan
77.7798,0.0029,0.0102,1.1983,0.1845,-0.0032,0.0174,0.2615,0.0091,1.1039,0.2754,0.0578,34.4508,36.7219,-0.0386,nan,nan,nan,nan
77.8170,0.0029,0.0104,1.1983,0.1927,-0.0039,0.0157,0.2615,0.0094,1.1039,0.2753,0.0741,34.4510,36.7244,-0.0371,nan,nan,nan,nan
77.8389,0.0029,0.0105,1.1983,0.1927,-0.0039,0.0157,0.2615,0.0096,1.1039,0.2753,0.0787,34.4515,36.7250,-0.0342,nan,nan,nan,nan
77.8647,0.0029,0.0106,1.1983,0.2010,-0.0045,0.0159,0.2615,0.0097,1.1039,0.2753,0.0776,34.4518,36.7250,-0.0325,nan,nan,nan,nan
77.8928,0.0029,0.0107,1.1983,0.2095,-0.0055,0.0182,0.2615,0.0098,1.1039,0.2753,0.0699,34.4513,36.7253,-0.0337,nan,nan,nan,nan
77.9145,0.0029,0.0109,1.1983,0.2095,-0.0055,0.0182,0.2615,0.0099,1.1039,0.2753,0.0618,34.4502,36.7256,-0.0332,nan,nan,nan,nan
77.9364,0.0029,0.0110,1.1983,0.2179,-0.0070,0.0217,0.2615,0.0100,1.1040,0.2753,0.0439,34.4490,36.7269,-0.0335,nan,nan,nan,nan
77.9617,0.0029,0.0111,1.1983,0.2256,-0.0079,0.0255,0.2615,0.0101,1.1040,0.2753,0.0347,34.4502,36.7270,-0.0355,nan,nan,nan,nan
77.9890,0.0029,0.0112,1.1983,0.2319,-0.0085,0.0291,0.2615,0.0102,1.1040,0.2753,0.0185,34.4523,36.7292,-0.0411,nan,nan,nan,nan
78.0116,0.0029,0.0113,1.1983,0.2319,-0.0085,0.0291,0.2615,0.0103,1.1040,0.2753,0.0100,34.4540,36.7320,-0.0457,nan,nan,nan,nan
78.0322,0.0029,0.0114,1.1983,0.2366,-0.0089,0.0324,0.2615,0.0103,1.1040,0.2753,0.0072,34.4547,36.7318,-0.0472,nan,nan,nan,nan
78.0544,0.0029,0.0115,1.1983,0.2399,-0.0096,0.0345,0.2615,0.0104,1.1040,0.2753,0.0026,34.4557,36.7319,-0.0516,nan,nan,nan,nan
78.0760,0.0028,0.0116,1.1983,0.2399,-0.0096,0.0345,0.2615,0.0105,1.1040,0.2753,0.0071,34.4541,36.7312,-0.0532,nan,nan,nan,nan
78.0976,0.0028,0.0116,1.1983,0.2414,-0.0108,0.0348,0.2615,0.0106,1.1040,0.2753,0.0090,34.4536,36.7306,-0.0542,nan,nan,nan,nan
78.1315,0.0028,0.0117,1.1983,0.2414,-0.0117,0.0347,0.2615,0.0107,1.1040,0.2753,0.0201,34.4537,36.7288,-0.0609,nan,nan,nan,nan
78.1672,0.0028,0.0118,1.1983,0.2400,-0.0121,0.0342,0.2615,0.0109,1.1040,0.2753,0.0352,34.4556,36.7280,-0.0755,nan,nan,nan,nan
78.1931,0.0028,0.0119,1.1983,0.2383,-0.0125,0.0346,0.2615,0.0110,1.1040,0.2753,0.0449,34.4565,36.7279,-0.0944,nan,nan,nan,nan
78.2207,0.0028,0.0120,1.1983,0.2383,-0.0125,0.0346,0.2615,0.0111,1.1040,0.2753,0.0476,34.4563,36.7301,-0.1028,nan,nan,nan,nan
78.2434,0.0028,0.0120,1.1983,0.2364,-0.0130,0.0359,0.2615,0.0111,1.1040,0.2753,0.0473,34.4575,36.7326,-0.1077,nan,nan,nan,nan
78.2643,0.0028,0.0120,1.1983,0.2341,-0.0131,0.0374,0.2615,0.0112,1.1040,0.2753,0.0475,34.4582,36.7345,-0.1107,nan,nan,nan,nan
78.2859,0.0028,0.0121,1.1983,0.2341,-0.0131,0.0374,0.2615,0.0112,1.1041,0.2753,0.0491,34.4588,36.7377,-0.1128,nan,nan,nan,nan
78.3109,0.0028,0.0121,1.1983,0.2306,-0.0129,0.0384,0.2614,0.0113,1.1041,0.2753,0.0581,34.4600,36.7448,-0.1086,nan,nan,nan,nan
78.3357,0.0028,0.0121,1.1983,0.2262,-0.0124,0.0385,0.2614,0.0113,1.1041,0.2753,0.0626,34.4599,36.7466,-0.1041,nan,nan,nan,nan
78.3635,0.0028,0.0122,1.1983,0.2210,-0.0121,0.0387,0.2614,0.0114,1.1041,0.2753,0.0690,34.4580,36.7500,-0.1005,nan,nan,nan,nan
78.3929,0.0028,0.0122,1.1983,0.2151,-0.0116,0.0394,0.2614,0.0114,1.1041,0.2753,0.0757,34.4561,36.7538,-0.0999,nan,nan,nan,nan
78.4247,0.0028,0.0122,1.1983,0.2089,-0.0109,0.0405,0.2614,0.0115,1.1041,0.2753,0.0784,34.4541,36.7569,-0.1085,nan,nan,nan,nan
78.4466,0.0027,0.0122,1.1983,0.2089,-0.0109,0.0405,0.2614,0.0115,1.1041,0.2753,0.0800,34.4542,36.7565,-0.1141,nan,nan,nan,nan
78.4717,0.0027,0.0122,1.1983,0.2023,-0.0100,0.0408,0.2614,0.0115,1.1041,0.2753,0.0860,34.4547,36.7521,-0.1158,nan,nan,nan,nan
78.5063,0.0027,0.0122,1.1983,0.1945,-0.0092,0.0410,0.2614,0.0115,1.1040,0.2753,0.0928,34.4540,36.7461,-0.1170,nan,nan,nan,nan
78.5339,0.0027,0.0122,1.1983,0.1861,-0.0081,0.0410,0.2614,0.0115,1.1040,0.2753,0.1012,34.4548,36.7362,-0.1170,nan,nan,nan,nan
78.5570,0.0027,0.0121,1.1983,0.1781,-0.0071,0.0423,0.2614,0.0115,1.1040,0.2753,0.1013,34.4555,36.7275,-0.1140,nan,nan,nan,nan
78.5820,0.0027,0.0121,1.1983,0.1716,-0.0063,0.0457,0.2614,0.0114,1.1040,0.2753,0.0844,34.4559,36.7218,-0.1165,nan,nan,nan,nan
78.6042,0.0027,0.0121,1.1983,0.1716,-0.0063,0.0457,0.2613,0.0113,1.1040,0.2754,0.0643,34.4571,36.7163,-0.1176,nan,nan,nan,nan
78.6284,0.0027,0.0121,1.1983,0.1655,-0.0055,0.0507,0.2613,0.0112,1.1039,0.2754,0.0495,34.4578,36.7148,-0.1159,nan,nan,nan,nan
78.6587,0.0027,0.0121,1.1983,0.1598,-0.0044,0.0567,0.2613,0.0111,1.1039,0.2754,0.0233,34.4586,36.7162,-0.1131,nan,nan,nan,nan
78.6832,0.0026,0.0120,1.1983,0.1545,-0.0038,0.0627,0.2613,0.0109,1.1039,0.2754,-0.0144,34.4579,36.7182,-0.1093,nan,nan,nan,nan
78.7202,0.0026,0.0120,1.1983,0.1496,-0.0036,0.0686,0.2613,0.0107,1.1039,0.2753,-0.0547,34.4546,36.7216,-0.1068,nan,nan,nan,nan
78.7469,0.0026,0.0119,1.1983,0.1496,-0.0036,0.0686,0.2613,0.0106,1.1039,0.2753,-0.0807,34.4526,36.7246,-0.1078,nan,nan,nan,nan
78.7708,0.0026,0.0119,1.1983,0.1437,-0.0034,0.0738,0.2613,0.0105,1.1039,0.2753,-0.0932,34.4516,36.7277,-0.1076,nan,nan,nan,nan
78.8066,0.0026,0.0119,1.1983,0.1369,-0.0028,0.0761,0.2612,0.0104,1.1039,0.2753,-0.1045,34.4503,36.7325,-0.1035,nan,nan,nan,nan
78.8441,0.0026,0.0118,1.1983,0.1286,-0.0019,0.0761,0.2612,0.0103,1.1039,0.2753,-0.1041,34.4494,36.7387,-0.1028,nan,nan,nan,nan
78.8707,0.0026,0.0117,1.1983,0.1286,-0.0019,0.0761,0.2612,0.0103,1.1039,0.2753,-0.0986,34.4502,36.7404,-0.1045,nan,nan,nan,nan
78.8920,0.0026,0.0117,1.1983,0.1193,-0.0010,0.0736,0.2612,0.0102,1.1039,0.2753,-0.0895,34.4497,36.7416,-0.1068,nan,nan,nan,nan
78.9150,0.0026,0.0116,1.1983,0.1193,-0.0010,0.0736,0.2612,0.0102,1.1039,0.2753,-0.0736,34.4475,36.7436,-0.1066,nan,nan,nan,nan
78.9426,0.0026,0.0116,1.1983,0.1097,-0.0007,0.0703,0.2612,0.0102,1.1039,0.2753,-0.0688,34.4471,36.7436,-0.1052,nan,nan,nan,nan
78.9675,0.0025,0.0115,1.1983,0.1012,-0.0003,0.0681,0.2612,0.0102,1.1039,0.2753,-0.0565,34.4456,36.7447,-0.0997,nan,nan,nan,nan
78.9977,0.0025,0.0114,1.1983,0.0926,0.0005,0.0650,0.2611,0.0101,1.1039,0.2753,-0.0399,34.4465,36.7493,-0.0950,nan,nan,nan,nan
79.0293,0.0025,0.0113,1.1983,0.0841,0.0017,0.0618,0.2611,0.0100,1.1039,0.2753,-0.0212,34.4497,36.7530,-0.0941,nan,nan,nan,nan
79.0530,0.0025,0.0112,1.1983,0.0841,0.0017,0.0618,0.2611,0.0100,1.1040,0.2753,-0.0171,34.4517,36.7532,-0.0938,nan,nan,nan,nan
79.0749,0.0025,0.0112,1.1983,0.0776,0.0024,0.0603,0.2611,0.0099,1.1040,0.2753,-0.0167,34.4516,36.7555,-0.0923,nan,nan,nan,nan
79.1106,0.0025,0.0111,1.1983,0.0721,0.0031,0.0600,0.2611,0.0098,1.1040,0.2753,-0.0201,34.4528,36.7586,-0.0950,nan,nan,nan,nan
79.1340,0.0025,0.0110,1.1983,0.0721,0.0031,0.0600,0.2611,0.0097,1.1040,0.2753,-0.0264,34.4538,36.7604,-0.0980,nan,nan,nan,nan
79.1576,0.0025,0.0110,1.1983,0.0680,0.0040,0.0612,0.2611,0.0096,1.1040,0.2753,-0.0353,34.4549,36.7625,-0.1009,nan,nan,nan,nan
79.1903,0.0025,0.0109,1.1983,0.0644,0.0041,0.0626,0.2610,0.0095,1.1040,0.2752,-0.0517,34.4537,36.7666,-0.1061,nan,nan,nan,nan
79.2168,0.0024,0.0108,1.1983,0.0604,0.0037,0.0626,0.2610,0.0093,1.1040,0.2752,-0.0605,34.4503,36.7707,-0.1153,nan,nan,nan,nan
79.2435,0.0024,0.0107,1.1983,0.0604,0.0037,0.0626,0.2610,0.0092,1.1040,0.2752,-0.0636,34.4467,36.7757,-0.1191,nan,nan,nan,nan
79.2713,0.0024,0.0106,1.1983,0.0565,0.0030,0.0617,0.2610,0.0092,1.1040,0.2752,-0.0617,34.4458,36.7769,-0.1200,nan,nan,nan,nan
79.3012,0.0024,0.0106,1.1983,0.0520,0.0024,0.0585,0.2610,0.0091,1.1040,0.2752,-0.0542,34.4453,36.7747,-0.1212,nan,nan,nan,nan
79.3234,0.0024,0.0105,1.1983,0.0520,0.0024,0.0585,0.2610,0.0090,1.1040,0.2752,-0.0422,34.4459,36.7706,-0.1234,nan,nan,nan,nan
79.3459,0.0024,0.0104,1.1983,0.0475,0.0020,0.0540,0.2610,0.0090,1.1040,0.2753,-0.0313,34.4465,36.7688,-0.1245,nan,nan,nan,nan
79.3664,0.0024,0.0103,1.1983,0.0422,0.0016,0.0481,0.2610,0.0090,1.1040,0.2753,-0.0095,34.4469,36.7681,-0.1257,nan,nan,nan,nan
79.3909,0.0024,0.0101,1.1983,0.0375,0.0009,0.0421,0.2610,0.0089,1.1039,0.2753,0.0241,34.4456,36.7637,-0.1208,nan,nan,nan,nan
79.4113,0.0024,0.0100,1.1983,0.0334,-0.0002,0.0369,0.2610,0.0089,1.1039,0.2753,0.0417,34.4438,36.7602,-0.1153,nan,nan,nan,nan
79.4389,0.0024,0.0099,1.1983,0.0295,-0.0013,0.0322,0.2610,0.0088,1.1039,0.2753,0.0627,34.4416,36.7585,-0.1057,nan,nan,nan,nan
79.4656,0.0023,0.0098,1.1983,0.0295,-0.0013,0.0322,0.2610,0.0087,1.1039,0.2753,0.0720,34.4421,36.7570,-0.0974,nan,nan,nan,nan
79.4904,0.0023,0.0097,1.1983,0.0260,-0.0020,0.0281,0.2609,0.0087,1.1039,0.2753,0.0792,34.4429,36.7551,-0.0874,nan,nan,nan,nan
79.5109,0.0023,0.0096,1.1983,0.0237,-0.0026,0.0250,0.2609,0.0086,1.1039,0.2753,0.0876,34.4448,36.7519,-0.0727,nan,nan,nan,nan
79.5314,0.0023,0.0095,1.1983,0.0237,-0.0026,0.0250,0.2609,0.0085,1.1039,0.2753,0.0929,34.4450,36.7537,-0.0716,nan,nan,nan,nan
79.5536,0.0023,0.0095,1.1983,0.0214,-0.0034,0.0221,0.2609,0.0085,1.1039,0.2753,0.0952,34.4453,36.7536,-0.0712,nan,nan,nan,nan
79.5801,0.0023,0.0094,1.1983,0.0188,-0.0043,0.0182,0.2609,0.0084,1.1039,0.2753,0.1088,34.4459,36.7525,-0.0674,nan,nan,nan,nan
79.6094,0.0023,0.0092,1.1983,0.0162,-0.0054,0.0147,0.2609,0.0083,1.1039,0.2753,0.1207,34.4461,36.7505,-0.0655,nan,nan,nan,nan
79.6311,0.0023,0.0091,1.1982,0.0162,-0.0054,0.0147,0.2609,0.0082,1.1039,0.2753,0.1265,34.4463,36.7500,-0.0689,nan,nan,nan,nan
79.6542,0.0023,0.0091,1.1982,0.0140,-0.0067,0.0123,0.2609,0.0082,1.1039,0.2753,0.1275,34.4469,36.7494,-0.0700,nan,nan,nan,nan
79.6754,0.0023,0.0090,1.1982,0.0123,-0.0082,0.0112,0.2609,0.0081,1.1039,0.2753,0.1287,34.4476,36.7481,-0.0767,nan,nan,nan,nan
79.6963,0.0022,0.0089,1.1982,0.0123,-0.0082,0.0112,0.2609,0.0079,1.1039,0.2753,0.1242,34.4481,36.7460,-0.0767,nan,nan,nan,nan
79.7171,0.0022,0.0088,1.1982,0.0116,-0.0101,0.0108,0.2609,0.0078,1.1039,0.2753,0.1209,34.4500,36.7431,-0.0758,nan,nan,nan,nan
79.7455,0.0022,0.0087,1.1982,0.0112,-0.0118,0.0106,0.2609,0.0077,1.1039,0.2753,0.1147,34.4529,36.7364,-0.0715,nan,nan,nan,nan
79.7812,0.0022,0.0086,1.1982,0.0110,-0.0138,0.0113,0.2609,0.0076,1.1039,0.2753,0.1028,34.4575,36.7251,-0.0628,nan,nan,nan,nan
79.8126,0.0022,0.0085,1.1982,0.0110,-0.0163,0.0123,0.2609,0.0074,1.1039,0.2753,0.0904,34.4593,36.7182,-0.0609,nan,nan,nan,nan
79.8489,0.0022,0.0084,1.1982,0.0110,-0.0192,0.0139,0.2609,0.0072,1.1039,0.2754,0.0741,34.4609,36.7092,-0.0626,nan,nan,nan,nan
79.8709,0.0022,0.0083,1.1982,0.0110,-0.0192,0.0139,0.2609,0.0070,1.1039,0.2754,0.0584,34.4599,36.7067,-0.0656,nan,nan,nan,nan
79.8965,0.0022,0.0082,1.1982,0.0115,-0.0226,0.0167,0.2609,0.0069,1.1039,0.2754,0.0386,34.4604,36.7076,-0.0705,nan,nan,nan,nan
79.9227,0.0021,0.0081,1.1982,0.0128,-0.0256,0.0202,0.2609,0.0067,1.1039,0.2754,0.0224,34.4600,36.7102,-0.0729,nan,nan,nan,nan
79.9440,0.0021,0.0080,1.1982,0.0149,-0.0286,0.0252,0.2608,0.0065,1.1040,0.2754,-0.0165,34.4599,36.7151,-0.0731,nan,nan,nan,nan
79.9707,0.0021,0.0079,1.1982,0.0149,-0.0286,0.0252,0.2608,0.0063,1.1040,0.2754,-0.0510,34.4618,36.7131,-0.0737,nan,nan,nan,nan
79.9919,0.0021,0.0079,1.1982,0.0178,-0.0314,0.0312,0.2608,0.0061,1.1040,0.2754,-0.0756,34.4629,36.7107,-0.0736,nan,nan,nan,nan
80.0159,0.0021,0.0078,1.1982,0.0218,-0.0343,0.0375,0.2608,0.0059,1.1040,0.2754,-0.1141,34.4642,36.7107,-0.0762,nan,nan,nan,nan
80.0393,0.0021,0.0077,1.1982,0.0218,-0.0343,0.0375,0.2608,0.0056,1.1040,0.2754,-0.1528,34.4631,36.7140,-0.0798,nan,nan,nan,nan
80.0677,0.0021,0.0076,1.1982,0.0262,-0.0376,0.0438,0.2608,0.0055,1.1040,0.2754,-0.1774,34.4609,36.7168,-0.0847,nan,nan,nan,nan
80.0938,0.0020,0.0075,1.1982,0.0305,-0.0411,0.0486,0.2608,0.0053,1.1040,0.2754,-0.2094,34.4589,36.7186,-0.0920,nan,nan,nan,nan
80.1159,0.0020,0.0074,1.1982,0.0305,-0.0411,0.0486,0.2608,0.0051,1.1040,0.2754,-0.2367,34.4593,36.7189,-0.0923,nan,nan,nan,nan
80.1372,0.0020,0.0073,1.1982,0.0344,-0.0437,0.0517,0.2607,0.0049,1.1040,0.2753,-0.2510,34.4602,36.7195,-0.0923,nan,nan,nan,nan
80.1613,0.0020,0.0072,1.1982,0.0376,-0.0459,0.0526,0.2607,0.0047,1.1040,0.2753,-0.2666,34.4620,36.7234,-0.0896,nan,nan,nan,nan
80.1859,0.0019,0.0071,1.1982,0.0395,-0.0471,0.0503,0.2607,0.0046,1.1041,0.2753,-0.2630,34.4663,36.7298,-0.0802,nan,nan,nan,nan
80.2087,0.0019,0.0070,1.1982,0.0402,-0.0481,0.0459,0.2607,0.0046,1.1041,0.2753,-0.2502,34.4687,36.7315,-0.0643,nan,nan,nan,nan
80.2309,0.0019,0.0069,1.1982,0.0402,-0.0481,0.0459,0.2606,0.0045,1.1041,0.2753,-0.2318,34.4673,36.7345,-0.0474,nan,nan,nan,nan
80.2512,0.0019,0.0068,1.1982,0.0406,-0.0498,0.0401,0.2606,0.0045,1.1041,0.2753,-0.2201,34.4666,36.7370,-0.0395,nan,nan,nan,nan
80.2717,0.0019,0.0067,1.1982,0.0412,-0.0506,0.0345,0.2606,0.0044,1.1041,0.2753,-0.2037,34.4666,36.7426,-0.0295,nan,nan,nan,nan
80.2984,0.0018,0.0066,1.1981,0.0412,-0.0506,0.0345,0.2605,0.0044,1.1041,0.2753,-0.1926,34.4664,36.7452,-0.0233,nan,nan,nan,nan
80.3256,0.0018,0.0065,1.1981,0.0426,-0.0510,0.0285,0.2605,0.0043,1.1041,0.2753,-0.1825,34.4670,36.7477,-0.0172,nan,nan,nan,nan
80.3562,0.0018,0.0064,1.1981,0.0447,-0.0505,0.0235,0.2605,0.0042,1.1041,0.2753,-0.1679,34.4705,36.7500,-0.0029,nan,nan,nan,nan
80.3919,0.0017,0.0062,1.1981,0.0478,-0.0499,0.0197,0.2604,0.0041,1.1041,0.2753,-0.1613,34.4727,36.7522,0.0100,nan,nan,nan,nan
80.4151,0.0017,0.0061,1.1981,0.0478,-0.0499,0.0197,0.2604,0.0040,1.1041,0.2753,-0.1583,34.4725,36.7547,0.0183,nan,nan,nan,nan
80.4429,0.0017,0.0060,1.1981,0.0514,-0.0495,0.0159,0.2604,0.0039,1.1041,0.2753,-0.1531,34.4715,36.7570,0.0219,nan,nan,nan,nan
80.4776,0.0016,0.0059,1.1981,0.0534,-0.0486,0.0101,0.2603,0.0039,1.1041,0.2752,-0.1372,34.4712,36.7601,0.0275,nan,nan,nan,nan
80.5065,0.0016,0.0058,1.1981,0.0547,-0.0471,0.0029,0.2603,0.0038,1.1041,0.2752,-0.1083,34.4724,36.7616,0.0363,nan,nan,nan,nan
80.5323,0.0015,0.0056,1.1981,0.0547,-0.0471,0.0029,0.2602,0.0038,1.1041,0.2752,-0.0900,34.4718,36.7635,0.0377,nan,nan,nan,nan
80.5532,0.0015,0.0055,1.1981,0.0548,-0.0458,-0.0053,0.2602,0.0038,1.1041,0.2752,-0.0600,34.4691,36.7702,0.0379,nan,nan,nan,nan
80.5807,0.0015,0.0054,1.1981,0.0543,-0.0439,-0.0138,0.2601,0.0037,1.1041,0.2752,-0.0230,34.4670,36.7755,0.0365,nan,nan,nan,nan
80.6166,0.0014,0.0053,1.1981,0.0544,-0.0418,-0.0204,0.2601,0.0037,1.1041,0.2752,-0.0027,34.4657,36.7781,0.0358,nan,nan,nan,nan
80.6430,0.0014,0.0051,1.1981,0.0544,-0.0418,-0.0204,0.2600,0.0036,1.1041,0.2752,0.0098,34.4636,36.7789,0.0349,nan,nan,nan,nan
80.6706,0.0014,0.0050,1.1981,0.0549,-0.0398,-0.0245,0.2600,0.0035,1.1041,0.2752,0.0131,34.4627,36.7781,0.0339,nan,nan,nan,nan
80.7023,0.0013,0.0049,1.1981,0.0554,-0.0381,-0.0273,0.2600,0.0034,1.1040,0.2752,0.0204,34.4586,36.7717,0.0244,nan,nan,nan,nan
80.7344,0.0012,0.0047,1.1981,0.0556,-0.0356,-0.0297,0.2599,0.0033,1.1040,0.2752,0.0259,34.4571,36.7686,0.0195,nan,nan,nan,nan
80.7560,0.0012,0.0046,1.1981,0.0556,-0.0356,-0.0297,0.2599,0.0031,1.1040,0.2753,0.0337,34.4565,36.7645,0.0191,nan,nan,nan,nan
80.7830,0.0011,0.0044,1.1981,0.0549,-0.0328,-0.0330,0.2598,0.0030,1.1040,0.2753,0.0465,34.4559,36.7593,0.0117,nan,nan,nan,nan
80.8097,0.0011,0.0043,1.1981,0.0531,-0.0298,-0.0359,0.2598,0.0029,1.1039,0.2753,0.0499,34.4558,36.7583,0.0090,nan,nan,nan,nan
80.8348,0.0010,0.0042,1.1981,0.0507,-0.0265,-0.0396,0.2597,0.0029,1.1039,0.2753,0.0668,34.4561,36.7550,0.0022,nan,nan,nan,nan
80.8650,0.0010,0.0040,1.1981,0.0481,-0.0226,-0.0425,0.2596,0.0027,1.1039,0.2753,0.0792,34.4593,36.7540,-0.0010,nan,nan,nan,nan
80.9016,0.0009,0.0038,1.1981,0.0454,-0.0192,-0.0442,0.2596,0.0025,1.1039,0.2753,0.0843,34.4614,36.7498,-0.0005,nan,nan,nan,nan
80.9229,0.0009,0.0037,1.1981,0.0454,-0.0192,-0.0442,0.2595,0.0024,1.1039,0.2753,0.0818,34.4634,36.7445,0.0019,nan,nan,nan,nan
80.9443,0.0008,0.0036,1.1981,0.0430,-0.0161,-0.0439,0.2595,0.0023,1.1039,0.2753,0.0791,34.4638,36.7432,0.0018,nan,nan,nan,nan
80.9747,0.0008,0.0035,1.1981,0.0412,-0.0134,-0.0411,0.2594,0.0021,1.1039,0.2753,0.0611,34.4639,36.7423,0.0042,nan,nan,nan,nan
80.9988,0.0007,0.0034,1.1981,0.0412,-0.0134,-0.0411,0.2594,0.0019,1.1038,0.2753,0.0503,34.4614,36.7449,0.0053,nan,nan,nan,nan
81.0207,0.0007,0.0032,1.1981,0.0389,-0.0111,-0.0393,0.2593,0.0017,1.1038,0.2753,0.0406,34.4599,36.7467,0.0057,nan,nan,nan,nan
81.0424,0.0006,0.0031,1.1981,0.0362,-0.0088,-0.0374,0.2593,0.0016,1.1038,0.2753,0.0331,34.4593,36.7467,0.0046,nan,nan,nan,nan
81.0631,0.0006,0.0030,1.1981,0.0362,-0.0088,-0.0374,0.2592,0.0014,1.1038,0.2753,0.0212,34.4590,36.7456,0.0007,nan,nan,nan,nan
81.0836,0.0006,0.0029,1.1981,0.0335,-0.0064,-0.0351,0.2592,0.0013,1.1038,0.2753,0.0124,34.4602,36.7440,-0.0017,nan,nan,nan,nan
81.1167,0.0005,0.0028,1.1981,0.0309,-0.0037,-0.0319,0.2592,0.0011,1.1038,0.2753,-0.0042,34.4622,36.7413,0.0001,nan,nan,nan,nan
81.1475,0.0004,0.0026,1.1981,0.0287,-0.0015,-0.0276,0.2591,0.0008,1.1038,0.2753,-0.0308,34.4631,36.7424,0.0068,nan,nan,nan,nan
81.1823,0.0004,0.0024,1.1981,0.0268,0.0002,-0.0217,0.2590,0.0005,1.1038,0.2753,-0.0663,34.4634,36.7446,0.0101,nan,nan,nan,nan
81.2172,0.0003,0.0022,1.1981,0.0258,0.0019,-0.0144,0.2589,0.0001,1.1038,0.2753,-0.1122,34.4656,36.7457,0.0146,nan,nan,nan,nan
81.2410,0.0002,0.0021,1.1981,0.0258,0.0019,-0.0144,0.2589,-0.0001,1.1038,0.2753,-0.1497,34.4673,36.7431,0.0135,nan,nan,nan,nan
81.2617,0.0002,0.0020,1.1981,0.0253,0.0031,-0.0071,0.2588,-0.0003,1.1038,0.2753,-0.1619,34.4676,36.7416,0.0134,nan,nan,nan,nan
81.2895,0.0002,0.0019,1.1981,0.0234,0.0040,-0.0010,0.2588,-0.0006,1.1038,0.2753,-0.2012,34.4695,36.7360,0.0151,nan,nan,nan,nan
81.3148,0.0001,0.0017,1.1981,0.0234,0.0040,-0.0010,0.2588,-0.0008,1.1037,0.2753,-0.2189,34.4700,36.7314,0.0164,nan,nan,nan,nan
81.3371,0.0001,0.0016,1.1981,0.0200,0.0045,0.0026,0.2587,-0.0009,1.1037,0.2753,-0.2231,34.4699,36.7290,0.0162,nan,nan,nan,nan
81.3580,0.0000,0.0015,1.1981,0.0200,0.0045,0.0026,0.2587,-0.0010,1.1037,0.2753,-0.2293,34.4691,36.7254,0.0154,nan,nan,nan,nan
81.3869,0.0000,0.0014,1.1981,0.0157,0.0045,0.0042,0.2587,-0.0011,1.1037,0.2753,-0.2338,34.4692,36.7208,0.0128,nan,nan,nan,nan
81.4271,-0.0000,0.0013,1.1981,0.0108,0.0049,0.0038,0.2586,-0.0013,1.1037,0.2753,-0.2334,34.4710,36.7198,0.0131,nan,nan,nan,nan
81.4482,-0.0001,0.0012,1.1981,0.0108,0.0049,0.0038,0.2586,-0.0014,1.1037,0.2753,-0.2325,34.4732,36.7188,0.0132,nan,nan,nan,nan
81.4749,-0.0001,0.0011,1.1981,0.0063,0.0053,0.0037,0.2586,-0.0015,1.1037,0.2753,-0.2340,34.4753,36.7171,0.0116,nan,nan,nan,nan
81.5010,-0.0002,0.0009,1.1981,0.0063,0.0053,0.0037,0.2585,-0.0017,1.1037,0.2753,-0.2374,34.4769,36.7160,0.0072,nan,nan,nan,nan
81.5226,-0.0002,0.0008,1.1981,0.0024,0.0053,0.0046,0.2585,-0.0018,1.1037,0.2753,-0.2404,34.4784,36.7164,0.0014,nan,nan,nan,nan
81.5488,-0.0002,0.0007,1.1981,-0.0017,0.0051,0.0044,0.2584,-0.0019,1.1038,0.2753,-0.2417,34.4807,36.7199,-0.0169,nan,nan,nan,nan
81.5799,-0.0003,0.0005,1.1981,-0.0058,0.0049,0.0035,0.2584,-0.0021,1.1038,0.2753,-0.2381,34.4849,36.7213,-0.0290,nan,nan,nan,nan
81.6071,-0.0004,0.0003,1.1981,-0.0097,0.0038,0.0023,0.2583,-0.0023,1.1038,0.2753,-0.2324,34.4870,36.7237,-0.0296,nan,nan,nan,nan
81.6304,-0.0004,0.0001,1.1981,-0.0097,0.0038,0.0023,0.2582,-0.0024,1.1038,0.2753,-0.2292,34.4876,36.7242,-0.0307,nan,nan,nan,nan
81.6504,-0.0005,-0.0000,1.1981,-0.0136,0.0022,0.0008,0.2582,-0.0026,1.1038,0.2753,-0.2241,34.4881,36.7272,-0.0321,nan,nan,nan,nan
81.6731,-0.0005,-0.0002,1.1981,-0.0175,0.0005,-0.0016,0.2581,-0.0027,1.1039,0.2753,-0.2144,34.4893,36.7316,-0.0302,nan,nan,nan,nan
81.7002,-0.0006,-0.0003,1.1981,-0.0214,-0.0015,-0.0051,0.2581,-0.0028,1.1039,0.2753,-0.1955,34.4906,36.7355,-0.0201,nan,nan,nan,nan
81.7281,-0.0006,-0.0005,1.1981,-0.0247,-0.0044,-0.0091,0.2580,-0.0029,1.1039,0.2753,-0.1746,34.4876,36.7397,-0.0083,nan,nan,nan,nan
81.7596,-0.0007,-0.0007,1.1981,-0.0267,-0.0075,-0.0121,0.2580,-0.0031,1.1039,0.2753,-0.1609,34.4855,36.7447,-0.0045,nan,nan,nan,nan
81.7855,-0.0007,-0.0008,1.1981,-0.0267,-0.0075,-0.0121,0.2579,-0.0032,1.1039,0.2753,-0.1599,34.4854,36.7481,-0.0054,nan,nan,nan,nan
81.8125,-0.0008,-0.0009,1.1981,-0.0267,-0.0103,-0.0132,0.2579,-0.0033,1.1039,0.2753,-0.1625,34.4864,36.7509,-0.0098,nan,nan,nan,nan
81.8484,-0.0008,-0.0011,1.1981,-0.0259,-0.0131,-0.0137,0.2578,-0.0035,1.1040,0.2752,-0.1659,34.4874,36.7556,-0.0136,nan,nan,nan,nan
81.8747,-0.0009,-0.0012,1.1981,-0.0259,-0.0131,-0.0137,0.2578,-0.0036,1.1040,0.2752,-0.1674,34.4887,36.7624,-0.0150,nan,nan,nan,nan
81.9025,-0.0009,-0.0013,1.1981,-0.0246,-0.0157,-0.0151,0.2577,-0.0037,1.1040,0.2752,-0.1672,34.4890,36.7645,-0.0147,nan,nan,nan,nan
81.9329,-0.0009,-0.0014,1.1981,-0.0234,-0.0181,-0.0170,0.2577,-0.0038,1.1041,0.2752,-0.1647,34.4926,36.7684,-0.0137,nan,nan,nan,nan
81.9551,-0.0010,-0.0016,1.1981,-0.0234,-0.0181,-0.0170,0.2576,-0.0040,1.1041,0.2752,-0.1630,34.4950,36.7733,-0.0139,nan,nan,nan,nan
81.9826,-0.0010,-0.0017,1.1981,-0.0216,-0.0205,-0.0190,0.2576,-0.0041,1.1041,0.2752,-0.1616,34.4958,36.7753,-0.0150,nan,nan,nan,nan
82.0209,-0.0011,-0.0018,1.1981,-0.0206,-0.0234,-0.0220,0.2576,-0.0042,1.1041,0.2752,-0.1494,34.4963,36.7820,-0.0178,nan,nan,nan,nan
82.0508,-0.0011,-0.0020,1.1981,-0.0199,-0.0268,-0.0251,0.2575,-0.0043,1.1042,0.2752,-0.1350,34.4929,36.7877,-0.0195,nan,nan,nan,nan
82.0775,-0.0012,-0.0021,1.1981,-0.0199,-0.0268,-0.0251,0.2574,-0.0044,1.1042,0.2752,-0.1284,34.4921,36.7889,-0.0227,nan,nan,nan,nan
82.1026,-0.0012,-0.0023,1.1981,-0.0192,-0.0297,-0.0283,0.2574,-0.0045,1.1042,0.2751,-0.1150,34.4914,36.7931,-0.0306,nan,nan,nan,nan
82.1233,-0.0013,-0.0024,1.1981,-0.0188,-0.0322,-0.0317,0.2573,-0.0046,1.1042,0.2751,-0.0976,34.4909,36.7962,-0.0413,nan,nan,nan,nan
82.1436,-0.0013,-0.0025,1.1981,-0.0182,-0.0348,-0.0341,0.2573,-0.0047,1.1042,0.2751,-0.0884,34.4896,36.7975,-0.0472,nan,nan,nan,nan
82.1774,-0.0014,-0.0027,1.1981,-0.0172,-0.0370,-0.0360,0.2572,-0.0048,1.1042,0.2751,-0.0803,34.4910,36.7947,-0.0505,nan,nan,nan,nan
82.2102,-0.0015,-0.0029,1.1981,-0.0170,-0.0388,-0.0384,0.2571,-0.0050,1.1042,0.2752,-0.0676,34.4912,36.7932,-0.0551,nan,nan,nan,nan
82.2318,-0.0015,-0.0030,1.1981,-0.0170,-0.0388,-0.0384,0.2571,-0.0050,1.1042,0.2752,-0.0591,34.4917,36.7916,-0.0590,nan,nan,nan,nan
82.2578,-0.0016,-0.0031,1.1981,-0.0175,-0.0404,-0.0417,0.2571,-0.0051,1.1042,0.2752,-0.0492,34.4912,36.7890,-0.0617,nan,nan,nan,nan
82.2816,-0.0016,-0.0032,1.1981,-0.0175,-0.0404,-0.0417,0.2570,-0.0051,1.1042,0.2752,-0.0376,34.4904,36.7863,-0.0610,nan,nan,nan,nan
82.3074,-0.0017,-0.0033,1.1981,-0.0194,-0.0419,-0.0454,0.2570,-0.0052,1.1042,0.2752,-0.0185,34.4895,36.7801,-0.0583,nan,nan,nan,nan
82.3366,-0.0017,-0.0034,1.1981,-0.0216,-0.0433,-0.0486,0.2569,-0.0053,1.1042,0.2752,-0.0023,34.4872,36.7729,-0.0556,nan,nan,nan,nan
82.3611,-0.0018,-0.0036,1.1981,-0.0238,-0.0440,-0.0512,0.2569,-0.0054,1.1042,0.2752,0.0168,34.4862,36.7633,-0.0527,nan,nan,nan,nan
82.3845,-0.0019,-0.0038,1.1981,-0.0238,-0.0440,-0.0512,0.2568,-0.0055,1.1042,0.2752,0.0251,34.4861,36.7591,-0.0513,nan,nan,nan,nan
82.4106,-0.0019,-0.0039,1.1981,-0.0265,-0.0441,-0.0534,0.2568,-0.0056,1.1041,0.2753,0.0351,34.4860,36.7527,-0.0524,nan,nan,nan,nan
82.4331,-0.0020,-0.0040,1.1981,-0.0293,-0.0436,-0.0545,0.2567,-0.0056,1.1041,0.2753,0.0425,34.4851,36.7490,-0.0540,nan,nan,nan,nan
82.4541,-0.0021,-0.0041,1.1981,-0.0293,-0.0436,-0.0545,0.2567,-0.0057,1.1041,0.2753,0.0444,34.4837,36.7486,-0.0541,nan,nan,nan,nan
82.4757,-0.0021,-0.0042,1.1981,-0.0318,-0.0428,-0.0538,0.2566,-0.0059,1.1041,0.2753,0.0404,34.4824,36.7474,-0.0545,nan,nan,nan,nan
82.5042,-0.0022,-0.0043,1.1981,-0.0341,-0.0413,-0.0507,0.2565,-0.0060,1.1041,0.2753,0.0291,34.4820,36.7470,-0.0515,nan,nan,nan,nan
82.5314,-0.0023,-0.0045,1.1981,-0.0363,-0.0397,-0.0467,0.2565,-0.0063,1.1041,0.2753,0.0103,34.4789,36.7467,-0.0442,nan,nan,nan,nan
82.5546,-0.0023,-0.0046,1.1981,-0.0363,-0.0397,-0.0467,0.2564,-0.0064,1.1041,0.2753,-0.0026,34.4767,36.7450,-0.0416,nan,nan,nan,nan
82.5758,-0.0024,-0.0047,1.1981,-0.0384,-0.0378,-0.0413,0.2563,-0.0066,1.1041,0.2753,-0.0259,34.4748,36.7441,-0.0406,nan,nan,nan,nan
82.6021,-0.0024,-0.0048,1.1981,-0.0409,-0.0347,-0.0356,0.2563,-0.0068,1.1040,0.2753,-0.0472,34.4743,36.7432,-0.0411,nan,nan,nan,nan
82.6337,-0.0025,-0.0049,1.1981,-0.0448,-0.0308,-0.0307,0.2562,-0.0070,1.1040,0.2753,-0.0689,34.4735,36.7436,-0.0417,nan,nan,nan,nan
82.6584,-0.0026,-0.0050,1.1981,-0.0448,-0.0308,-0.0307,0.2561,-0.0072,1.1040,0.2753,-0.0761,34.4737,36.7431,-0.0387,nan,nan,nan,nan
82.6799,-0.0027,-0.0051,1.1981,-0.0499,-0.0263,-0.0272,0.2560,-0.0073,1.1040,0.2753,-0.0841,34.4736,36.7454,-0.0299,nan,nan,nan,nan
82.7083,-0.0027,-0.0052,1.1981,-0.0559,-0.0208,-0.0238,0.2559,-0.0074,1.1040,0.2753,-0.0907,34.4750,36.7487,-0.0198,nan,nan,nan,nan
82.7354,-0.0028,-0.0054,1.1981,-0.0625,-0.0151,-0.0218,0.2558,-0.0076,1.1040,0.2753,-0.0934,34.4771,36.7500,-0.0003,nan,nan,nan,nan
82.7578,-0.0029,-0.0055,1.1981,-0.0625,-0.0151,-0.0218,0.2558,-0.0077,1.1040,0.2753,-0.0909,34.4786,36.7490,0.0082,nan,nan,nan,nan
82.7797,-0.0030,-0.0056,1.1982,-0.0705,-0.0091,-0.0210,0.2557,-0.0077,1.1040,0.2753,-0.0829,34.4810,36.7482,0.0238,nan,nan,nan,nan
82.8075,-0.0031,-0.0057,1.1982,-0.0782,-0.0031,-0.0200,0.2556,-0.0079,1.1040,0.2753,-0.0799,34.4830,36.7491,0.0379,nan,nan,nan,nan
82.8284,-0.0031,-0.0058,1.1982,-0.0850,0.0028,-0.0184,0.2555,-0.0080,1.1040,0.2753,-0.0798,34.4851,36.7489,0.0474,nan,nan,nan,nan
82.8537,-0.0032,-0.0059,1.1982,-0.0850,0.0028,-0.0184,0.2554,-0.0081,1.1040,0.2753,-0.0814,34.4863,36.7475,0.0522,nan,nan,nan,nan
82.8808,-0.0033,-0.0060,1.1982,-0.0914,0.0084,-0.0160,0.2554,-0.0082,1.1039,0.2753,-0.0859,34.4856,36.7470,0.0548,nan,nan,nan,nan
82.9135,-0.0033,-0.0061,1.1982,-0.0976,0.0136,-0.0131,0.2553,-0.0083,1.1039,0.2753,-0.0911,34.4833,36.7455,0.0574,nan,nan,nan,nan
82.9421,-0.0034,-0.0062,1.1982,-0.1037,0.0187,-0.0104,0.2552,-0.0085,1.1039,0.2753,-0.0970,34.4807,36.7453,0.0619,nan,nan,nan,nan
82.9753,-0.0035,-0.0064,1.1982,-0.1099,0.0242,-0.0084,0.2551,-0.0086,1.1039,0.2753,-0.0987,34.4806,36.7481,0.0613,nan,nan,nan,nan
82.9975,-0.0036,-0.0065,1.1982,-0.1099,0.0242,-0.0084,0.2550,-0.0087,1.1039,0.2753,-0.0968,34.4805,36.7535,0.0599,nan,nan,nan,nan
83.0251,-0.0036,-0.0065,1.1982,-0.1163,0.0298,-0.0075,0.2549,-0.0087,1.1039,0.2752,-0.0939,34.4811,36.7587,0.0609,nan,nan,nan,nan
83.0586,-0.0037,-0.0066,1.1982,-0.1225,0.0351,-0.0064,0.2549,-0.0088,1.1039,0.2752,-0.0894,34.4807,36.7675,0.0617,nan,nan,nan,nan
83.0801,-0.0038,-0.0067,1.1982,-0.1225,0.0351,-0.0064,0.2548,-0.0089,1.1039,0.2752,-0.0836,34.4786,36.7701,0.0600,nan,nan,nan,nan
83.1084,-0.0038,-0.0067,1.1982,-0.1287,0.0395,-0.0059,0.2547,-0.0089,1.1039,0.2752,-0.0807,34.4763,36.7703,0.0589,nan,nan,nan,nan
83.1445,-0.0039,-0.0068,1.1982,-0.1341,0.0433,-0.0050,0.2547,-0.0090,1.1038,0.2752,-0.0782,34.4734,36.7704,0.0608,nan,nan,nan,nan
83.1845,-0.0040,-0.0069,1.1982,-0.1391,0.0471,-0.0049,0.2546,-0.0091,1.1038,0.2752,-0.0727,34.4702,36.7720,0.0620,nan,nan,nan,nan
83.2047,-0.0040,-0.0070,1.1982,-0.1391,0.0471,-0.0049,0.2545,-0.0091,1.1038,0.2752,-0.0696,34.4679,36.7736,0.0634,nan,nan,nan,nan
83.2311,-0.0041,-0.0071,1.1982,-0.1436,0.0505,-0.0045,0.2544,-0.0092,1.1038,0.2752,-0.0652,34.4666,36.7759,0.0677,nan,nan,nan,nan
83.2540,-0.0041,-0.0071,1.1982,-0.1478,0.0542,-0.0040,0.2544,-0.0092,1.1038,0.2752,-0.0630,34.4664,36.7788,0.0683,nan,nan,nan,nan
83.2923,-0.0042,-0.0072,1.1982,-0.1510,0.0578,-0.0032,0.2543,-0.0093,1.1038,0.2752,-0.0619,34.4667,36.7838,0.0720,nan,nan,nan,nan
83.3226,-0.0043,-0.0073,1.1982,-0.1531,0.0610,-0.0017,0.2542,-0.0094,1.1038,0.2752,-0.0658,34.4668,36.7877,0.0824,nan,nan,nan,nan
83.3473,-0.0044,-0.0073,1.1982,-0.1548,0.0635,-0.0004,0.2541,-0.0095,1.1038,0.2752,-0.0681,34.4664,36.7879,0.0871,nan,nan,nan,nan
83.3691,-0.0044,-0.0074,1.1982,-0.1548,0.0635,-0.0004,0.2540,-0.0095,1.1038,0.2752,-0.0679,34.4669,36.7872,0.0863,nan,nan,nan,nan
83.3939,-0.0045,-0.0074,1.1982,-0.1562,0.0657,0.0005,0.2540,-0.0095,1.1038,0.2752,-0.0684,34.4668,36.7868,0.0836,nan,nan,nan,nan
83.4243,-0.0045,-0.0074,1.1982,-0.1566,0.0672,0.0005,0.2540,-0.0096,1.1038,0.2752,-0.0678,34.4655,36.7863,0.0750,nan,nan,nan,nan
83.4542,-0.0046,-0.0075,1.1982,-0.1571,0.0679,-0.0001,0.2539,-0.0096,1.1038,0.2752,-0.0629,34.4619,36.7871,0.0718,nan,nan,nan,nan
83.4757,-0.0046,-0.0075,1.1983,-0.1571,0.0679,-0.0001,0.2538,-0.0096,1.1038,0.2752,-0.0565,34.4576,36.7909,0.0713,nan,nan,nan,nan
83.4962,-0.0046,-0.0075,1.1983,-0.1574,0.0680,-0.0011,0.2538,-0.0096,1.1038,0.2752,-0.0514,34.4555,36.7922,0.0738,nan,nan,nan,nan
83.5234,-0.0047,-0.0075,1.1983,-0.1571,0.0681,-0.0017,0.2538,-0.0096,1.1038,0.2752,-0.0462,34.4538,36.7935,0.0767,nan,nan,nan,nan
83.5499,-0.0047,-0.0076,1.1983,-0.1571,0.0681,-0.0017,0.2537,-0.0096,1.1038,0.2752,-0.0433,34.4535,36.7942,0.0758,nan,nan,nan,nan
83.5781,-0.0048,-0.0076,1.1983,-0.1559,0.0681,-0.0025,0.2537,-0.0096,1.1038,0.2752,-0.0394,34.4530,36.7953,0.0750,nan,nan,nan,nan
83.6068,-0.0048,-0.0076,1.1983,-0.1544,0.0675,-0.0042,0.2536,-0.0096,1.1038,0.2752,-0.0266,34.4506,36.7997,0.0775,nan,nan,nan,nan
83.6283,-0.0048,-0.0076,1.1983,-0.1544,0.0675,-0.0042,0.2536,-0.0095,1.1038,0.2752,-0.0148,34.4487,36.8038,0.0797,nan,nan,nan,nan
83.6488,-0.0049,-0.0076,1.1983,-0.1538,0.0666,-0.0072,0.2536,-0.0095,1.1038,0.2752,0.0058,34.4480,36.8081,0.0827,nan,nan,nan,nan
83.6815,-0.0049,-0.0076,1.1983,-0.1530,0.0660,-0.0109,0.2535,-0.0094,1.1038,0.2752,0.0276,34.4493,36.8113,0.0826,nan,nan,nan,nan
83.7026,-0.0049,-0.0076,1.1983,-0.1530,0.0660,-0.0109,0.2535,-0.0093,1.1038,0.2752,0.0410,34.4503,36.8125,0.0813,nan,nan,nan,nan
83.7236,-0.0050,-0.0076,1.1983,-0.1511,0.0647,-0.0142,0.2535,-0.0092,1.1038,0.2751,0.0652,34.4484,36.8169,0.0805,nan,nan,nan,nan
83.7466,-0.0050,-0.0076,1.1983,-0.1488,0.0626,-0.0171,0.2535,-0.0092,1.1038,0.2751,0.0775,34.4468,36.8185,0.0820,nan,nan,nan,nan
83.7730,-0.0050,-0.0076,1.1983,-0.1488,0.0626,-0.0171,0.2534,-0.0091,1.1038,0.2751,0.0912,34.4442,36.8188,0.0801,nan,nan,nan,nan
83.8001,-0.0050,-0.0076,1.1983,-0.1453,0.0600,-0.0189,0.2534,-0.0091,1.1038,0.2751,0.0960,34.4429,36.8188,0.0768,nan,nan,nan,nan
83.8324,-0.0050,-0.0076,1.1983,-0.1403,0.0572,-0.0189,0.2534,-0.0091,1.1038,0.2751,0.0982,34.4416,36.8190,0.0770,nan,nan,nan,nan
83.8598,-0.0051,-0.0075,1.1983,-0.1345,0.0541,-0.0189,0.2534,-0.0090,1.1039,0.2752,0.0995,34.4408,36.8171,0.0871,nan,nan,nan,nan
83.8832,-0.0051,-0.0075,1.1983,-0.1345,0.0541,-0.0189,0.2533,-0.0090,1.1039,0.2752,0.1020,34.4409,36.8131,0.0913,nan,nan,nan,nan
83.9116,-0.0051,-0.0075,1.1983,-0.1292,0.0508,-0.0186,0.2533,-0.0089,1.1039,0.2752,0.1035,34.4405,36.8109,0.0888,nan,nan,nan,nan
83.9421,-0.0051,-0.0075,1.1983,-0.1234,0.0472,-0.0184,0.2533,-0.0089,1.1039,0.2752,0.1040,34.4406,36.8073,0.0856,nan,nan,nan,nan
83.9639,-0.0052,-0.0074,1.1983,-0.1234,0.0472,-0.0184,0.2533,-0.0088,1.1039,0.2752,0.1049,34.4423,36.8050,0.0793,nan,nan,nan,nan
83.9866,-0.0052,-0.0074,1.1983,-0.1176,0.0439,-0.0181,0.2533,-0.0088,1.1039,0.2752,0.1053,34.4431,36.8046,0.0766,nan,nan,nan,nan
84.0231,-0.0052,-0.0074,1.1983,-0.1118,0.0404,-0.0179,0.2533,-0.0088,1.1039,0.2752,0.1069,34.4448,36.8043,0.0706,nan,nan,nan,nan
84.0501,-0.0052,-0.0073,1.1983,-0.1118,0.0404,-0.0179,0.2533,-0.0087,1.1039,0.2752,0.1055,34.4440,36.8057,0.0707,nan,nan,nan,nan
84.0728,-0.0052,-0.0073,1.1983,-0.1056,0.0363,-0.0165,0.2533,-0.0087,1.1039,0.2752,0.0997,34.4424,36.8058,0.0708,nan,nan,nan,nan
84.1000,-0.0052,-0.0072,1.1983,-0.0992,0.0324,-0.0140,0.2533,-0.0087,1.1039,0.2752,0.0886,34.4435,36.8058,0.0706,nan,nan,nan,nan
84.1291,-0.0052,-0.0072,1.1983,-0.0921,0.0294,-0.0098,0.2533,-0.0087,1.1040,0.2752,0.0721,34.4460,36.8087,0.0681,nan,nan,nan,nan
84.1533,-0.0052,-0.0071,1.1983,-0.0921,0.0294,-0.0098,0.2532,-0.0086,1.1040,0.2752,0.0618,34.4488,36.8074,0.0653,nan,nan,nan,nan
84.1738,-0.0053,-0.0071,1.1983,-0.0854,0.0265,-0.0057,0.2532,-0.0086,1.1040,0.2752,0.0520,34.4507,36.8044,0.0590,nan,nan,nan,nan
84.1939,-0.0053,-0.0070,1.1983,-0.0790,0.0232,-0.0024,0.2532,-0.0086,1.1040,0.2752,0.0348,34.4525,36.7984,0.0456,nan,nan,nan,nan
84.2321,-0.0053,-0.0069,1.1983,-0.0731,0.0200,-0.0003,0.2532,-0.0085,1.1040,0.2752,0.0249,34.4535,36.7935,0.0369,nan,nan,nan,nan
84.2585,-0.0053,-0.0069,1.1983,-0.0731,0.0200,-0.0003,0.2532,-0.0085,1.1040,0.2752,0.0232,34.4529,36.7915,0.0350,nan,nan,nan,nan
84.2810,-0.0053,-0.0068,1.1983,-0.0681,0.0168,0.0011,0.2532,-0.0084,1.1040,0.2752,0.0222,34.4534,36.7899,0.0320,nan,nan,nan,nan
84.3100,-0.0053,-0.0067,1.1983,-0.0636,0.0145,0.0019,0.2532,-0.0084,1.1040,0.2752,0.0229,34.4573,36.7854,0.0313,nan,nan,nan,nan
84.3329,-0.0053,-0.0067,1.1983,-0.0636,0.0145,0.0019,0.2532,-0.0083,1.1040,0.2752,0.0224,34.4587,36.7840,0.0326,nan,nan,nan,nan
84.3569,-0.0053,-0.0066,1.1983,-0.0589,0.0121,0.0031,0.2532,-0.0082,1.1040,0.2752,0.0176,34.4578,36.7871,0.0323,nan,nan,nan,nan
84.3784,-0.0053,-0.0065,1.1983,-0.0539,0.0095,0.0045,0.2532,-0.0082,1.1040,0.2752,0.0161,34.4566,36.7888,0.0338,nan,nan,nan,nan
84.4136,-0.0053,-0.0065,1.1983,-0.0500,0.0068,0.0040,0.2532,-0.0081,1.1040,0.2752,0.0221,34.4536,36.7907,0.0342,nan,nan,nan,nan
84.4362,-0.0054,-0.0064,1.1983,-0.0500,0.0068,0.0040,0.2532,-0.0080,1.1040,0.2752,0.0361,34.4506,36.7895,0.0329,nan,nan,nan,nan
84.4593,-0.0054,-0.0064,1.1983,-0.0476,0.0040,0.0016,0.2532,-0.0079,1.1040,0.2752,0.0490,34.4483,36.7882,0.0328,nan,nan,nan,nan
84.4841,-0.0054,-0.0063,1.1983,-0.0460,0.0015,-0.0022,0.2532,-0.0077,1.1040,0.2752,0.0770,34.4452,36.7863,0.0324,nan,nan,nan,nan
84.5186,-0.0054,-0.0062,1.1983,-0.0452,-0.0001,-0.0055,0.2532,-0.0075,1.1040,0.2752,0.0981,34.4456,36.7850,0.0278,nan,nan,nan,nan
84.5464,-0.0054,-0.0062,1.1983,-0.0452,-0.0001,-0.0055,0.2532,-0.0074,1.1040,0.2752,0.1118,34.4465,36.7855,0.0258,nan,nan,nan,nan
84.5748,-0.0054,-0.0061,1.1983,-0.0446,-0.0011,-0.0083,0.2532,-0.0073,1.1040,0.2752,0.1287,34.4479,36.7849,0.0277,nan,nan,nan,nan
84.6053,-0.0054,-0.0060,1.1983,-0.0430,-0.0019,-0.0096,0.2532,-0.0072,1.1040,0.2752,0.1367,34.4493,36.7838,0.0314,nan,nan,nan,nan
84.6349,-0.0054,-0.0059,1.1983,-0.0407,-0.0025,-0.0084,0.2532,-0.0071,1.1040,0.2752,0.1340,34.4513,36.7815,0.0341,nan,nan,nan,nan
84.6613,-0.0054,-0.0059,1.1983,-0.0407,-0.0025,-0.0084,0.2532,-0.0070,1.1041,0.2752,0.1299,34.4528,36.7802,0.0371,nan,nan,nan,nan
84.6817,-0.0054,-0.0058,1.1983,-0.0384,-0.0030,-0.0063,0.2532,-0.0070,1.1041,0.2752,0.1255,34.4540,36.7795,0.0398,nan,nan,nan,nan
84.7018,-0.0054,-0.0057,1.1983,-0.0365,-0.0033,-0.0050,0.2532,-0.0069,1.1041,0.2752,0.1205,34.4567,36.7760,0.0378,nan,nan,nan,nan
84.7269,-0.0054,-0.0056,1.1983,-0.0365,-0.0033,-0.0050,0.2532,-0.0068,1.1040,0.2752,0.1174,34.4596,36.7677,0.0324,nan,nan,nan,nan
84.7518,-0.0055,-0.0056,1.1983,-0.0347,-0.0031,-0.0040,0.2532,-0.0068,1.1040,0.2753,0.1120,34.4619,36.7599,0.0232,nan,nan,nan,nan
84.7790,-0.0055,-0.0055,1.1983,-0.0337,-0.0026,-0.0024,0.2532,-0.0067,1.1040,0.2753,0.1085,34.4628,36.7564,0.0186,nan,nan,nan,nan
84.8056,-0.0055,-0.0054,1.1983,-0.0320,-0.0023,-0.0001,0.2531,-0.0067,1.1040,0.2753,0.0946,34.4620,36.7517,0.0112,nan,nan,nan,nan
84.8388,-0.0055,-0.0053,1.1983,-0.0298,-0.0019,0.0046,0.2531,-0.0066,1.1040,0.2753,0.0666,34.4603,36.7519,0.0016,nan,nan,nan,nan
84.8647,-0.0055,-0.0052,1.1983,-0.0298,-0.0019,0.0046,0.2531,-0.0067,1.1040,0.2753,0.0371,34.4606,36.7473,0.0002,nan,nan,nan,nan
84.8858,-0.0055,-0.0051,1.1983,-0.0270,-0.0012,0.0111,0.2531,-0.0067,1.1040,0.2753,0.0264,34.4607,36.7455,-0.0001,nan,nan,nan,nan
84.9078,-0.0055,-0.0050,1.1983,-0.0243,-0.0001,0.0180,0.2531,-0.0067,1.1040,0.2753,-0.0164,34.4614,36.7412,0.0000,nan,nan,nan,nan
84.9346,-0.0055,-0.0049,1.1983,-0.0243,-0.0001,0.0180,0.2531,-0.0067,1.1040,0.2753,-0.0390,34.4626,36.7400,0.0008,nan,nan,nan,nan
84.9552,-0.0055,-0.0049,1.1983,-0.0213,0.0015,0.0251,0.2531,-0.0067,1.1040,0.2753,-0.0765,34.4645,36.7387,0.0017,nan,nan,nan,nan
84.9876,-0.0055,-0.0048,1.1983,-0.0178,0.0033,0.0320,0.2531,-0.0068,1.1040,0.2753,-0.1151,34.4662,36.7369,0.0030,nan,nan,nan,nan
85.0155,-0.0056,-0.0046,1.1983,-0.0138,0.0056,0.0397,0.2531,-0.0069,1.1040,0.2753,-0.1721,34.4699,36.7308,0.0067,nan,nan,nan,nan
85.0398,-0.0056,-0.0045,1.1983,-0.0098,0.0076,0.0466,0.2531,-0.0069,1.1039,0.2753,-0.2260,34.4701,36.7254,0.0120,nan,nan,nan,nan
85.0661,-0.0056,-0.0044,1.1983,-0.0098,0.0076,0.0466,0.2531,-0.0070,1.1039,0.2753,-0.2476,34.4708,36.7251,0.0136,nan,nan,nan,nan
85.0925,-0.0056,-0.0043,1.1983,-0.0070,0.0103,0.0513,0.2531,-0.0070,1.1040,0.2753,-0.2745,34.4734,36.7262,0.0160,nan,nan,nan,nan
85.1190,-0.0056,-0.0042,1.1983,-0.0046,0.0135,0.0548,0.2530,-0.0070,1.1040,0.2753,-0.2978,34.4751,36.7286,0.0175,nan,nan,nan,nan
85.1418,-0.0056,-0.0041,1.1983,-0.0046,0.0135,0.0548,0.2530,-0.0069,1.1040,0.2753,-0.3096,34.4747,36.7314,0.0168,nan,nan,nan,nan
85.1639,-0.0056,-0.0040,1.1983,-0.0025,0.0165,0.0560,0.2530,-0.0069,1.1040,0.2753,-0.3222,34.4727,36.7362,0.0055,nan,nan,nan,nan
85.1850,-0.0056,-0.0040,1.1983,-0.0018,0.0196,0.0543,0.2530,-0.0068,1.1040,0.2753,-0.3198,34.4727,36.7366,-0.0014,nan,nan,nan,nan
85.2140,-0.0056,-0.0039,1.1983,-0.0019,0.0234,0.0495,0.2530,-0.0067,1.1039,0.2753,-0.3027,34.4732,36.7371,-0.0084,nan,nan,nan,nan
85.2439,-0.0056,-0.0038,1.1983,-0.0025,0.0274,0.0424,0.2530,-0.0064,1.1039,0.2753,-0.2721,34.4732,36.7367,-0.0114,nan,nan,nan,nan
85.2708,-0.0056,-0.0037,1.1983,-0.0041,0.0314,0.0338,0.2529,-0.0062,1.1039,0.2753,-0.2289,34.4716,36.7398,-0.0121,nan,nan,nan,nan
85.2974,-0.0056,-0.0036,1.1983,-0.0058,0.0359,0.0241,0.2529,-0.0059,1.1039,0.2753,-0.1784,34.4716,36.7433,-0.0164,nan,nan,nan,nan
85.3226,-0.0056,-0.0035,1.1984,-0.0075,0.0404,0.0133,0.2529,-0.0056,1.1039,0.2753,-0.1201,34.4714,36.7447,-0.0191,nan,nan,nan,nan
85.3487,-0.0057,-0.0034,1.1984,-0.0075,0.0404,0.0133,0.2529,-0.0054,1.1039,0.2753,-0.0755,34.4715,36.7445,-0.0228,nan,nan,nan,nan
85.3740,-0.0057,-0.0034,1.1984,-0.0091,0.0447,0.0025,0.2529,-0.0052,1.1039,0.2753,-0.0610,34.4711,36.7439,-0.0238,nan,nan,nan,nan
85.4019,-0.0057,-0.0033,1.1984,-0.0095,0.0483,-0.0080,0.2529,-0.0050,1.1039,0.2753,-0.0064,34.4685,36.7414,-0.0280,nan,nan,nan,nan
85.4245,-0.0057,-0.0032,1.1984,-0.0095,0.0483,-0.0080,0.2529,-0.0048,1.1039,0.2753,0.0283,34.4678,36.7403,-0.0332,nan,nan,nan,nan
85.4447,-0.0057,-0.0032,1.1984,-0.0092,0.0522,-0.0167,0.2529,-0.0047,1.1039,0.2753,0.0378,34.4675,36.7403,-0.0348,nan,nan,nan,nan
85.4657,-0.0057,-0.0031,1.1984,-0.0072,0.0561,-0.0231,0.2529,-0.0045,1.1039,0.2753,0.0666,34.4676,36.7410,-0.0396,nan,nan,nan,nan
85.4876,-0.0056,-0.0030,1.1984,-0.0072,0.0561,-0.0231,0.2529,-0.0044,1.1039,0.2753,0.0796,34.4704,36.7402,-0.0417,nan,nan,nan,nan
85.5140,-0.0056,-0.0029,1.1984,-0.0040,0.0603,-0.0273,0.2529,-0.0043,1.1039,0.2753,0.0822,34.4715,36.7399,-0.0417,nan,nan,nan,nan
85.5386,-0.0056,-0.0028,1.1984,0.0003,0.0641,-0.0295,0.2529,-0.0042,1.1039,0.2753,0.0852,34.4738,36.7402,-0.0398,nan,nan,nan,nan
85.5681,-0.0056,-0.0027,1.1984,0.0051,0.0676,-0.0301,0.2529,-0.0041,1.1039,0.2753,0.0803,34.4745,36.7448,-0.0380,nan,nan,nan,nan
85.5908,-0.0056,-0.0026,1.1984,0.0051,0.0676,-0.0301,0.2529,-0.0041,1.1039,0.2753,0.0709,34.4749,36.7483,-0.0430,nan,nan,nan,nan
85.6111,-0.0056,-0.0026,1.1984,0.0110,0.0705,-0.0298,0.2529,-0.0040,1.1039,0.2752,0.0614,34.4754,36.7493,-0.0479,nan,nan,nan,nan
85.6416,-0.0056,-0.0025,1.1984,0.0168,0.0729,-0.0290,0.2529,-0.0040,1.1039,0.2753,0.0499,34.4751,36.7481,-0.0527,nan,nan,nan,nan
85.6680,-0.0056,-0.0024,1.1984,0.0168,0.0729,-0.0290,0.2529,-0.0039,1.1039,0.2753,0.0435,34.4739,36.7456,-0.0571,nan,nan,nan,nan
85.6968,-0.0056,-0.0023,1.1984,0.0215,0.0748,-0.0289,0.2529,-0.0038,1.1039,0.2753,0.0411,34.4726,36.7455,-0.0629,nan,nan,nan,nan
85.7259,-0.0055,-0.0022,1.1984,0.0254,0.0766,-0.0301,0.2529,-0.0038,1.1038,0.2753,0.0419,34.4720,36.7458,-0.0680,nan,nan,nan,nan
85.7618,-0.0055,-0.0021,1.1985,0.0281,0.0783,-0.0318,0.2530,-0.0036,1.1038,0.2753,0.0481,34.4727,36.7434,-0.0825,nan,nan,nan,nan
85.7822,-0.0055,-0.0020,1.1985,0.0281,0.0783,-0.0318,0.2530,-0.0036,1.1038,0.2753,0.0526,34.4734,36.7421,-0.0896,nan,nan,nan,nan
85.8036,-0.0055,-0.0020,1.1985,0.0303,0.0796,-0.0336,0.2530,-0.0035,1.1038,0.2753,0.0590,34.4732,36.7400,-0.1020,nan,nan,nan,nan
85.8391,-0.0054,-0.0019,1.1985,0.0326,0.0799,-0.0345,0.2530,-0.0034,1.1038,0.2753,0.0607,34.4724,36.7379,-0.1151,nan,nan,nan,nan
85.8693,-0.0054,-0.0018,1.1985,0.0349,0.0795,-0.0347,0.2531,-0.0033,1.1038,0.2753,0.0607,34.4705,36.7301,-0.1363,nan,nan,nan,nan
85.8957,-0.0054,-0.0017,1.1985,0.0349,0.0795,-0.0347,0.2531,-0.0032,1.1038,0.2753,0.0615,34.4699,36.7203,-0.1553,nan,nan,nan,nan
85.9207,-0.0054,-0.0017,1.1985,0.0369,0.0786,-0.0351,0.2532,-0.0031,1.1038,0.2753,0.0619,34.4699,36.7166,-0.1611,nan,nan,nan,nan
85.9429,-0.0053,-0.0016,1.1985,0.0384,0.0774,-0.0359,0.2532,-0.0030,1.1037,0.2754,0.0656,34.4699,36.7017,-0.1717,nan,nan,nan,nan
85.9694,-0.0053,-0.0015,1.1985,0.0384,0.0774,-0.0359,0.2533,-0.0029,1.1037,0.2754,0.0665,34.4708,36.6960,-0.1702,nan,nan,nan,nan
85.9955,-0.0053,-0.0015,1.1985,0.0394,0.0762,-0.0360,0.2533,-0.0029,1.1037,0.2754,0.0679,34.4707,36.6923,-0.1692,nan,nan,nan,nan
86.0257,-0.0052,-0.0014,1.1985,0.0400,0.0747,-0.0354,0.2533,-0.0028,1.1037,0.2754,0.0686,34.4711,36.6933,-0.1747,nan,nan,nan,nan
86.0557,-0.0052,-0.0013,1.1985,0.0400,0.0747,-0.0354,0.2534,-0.0027,1.1038,0.2754,0.0721,34.4737,36.6956,-0.1801,nan,nan,nan,nan
86.0852,-0.0052,-0.0013,1.1985,0.0400,0.0735,-0.0355,0.2534,-0.0027,1.1038,0.2754,0.0746,34.4751,36.6969,-0.1806,nan,nan,nan,nan
86.1184,-0.0051,-0.0012,1.1985,0.0400,0.0714,-0.0354,0.2535,-0.0026,1.1038,0.2754,0.0770,34.4763,36.6942,-0.1783,nan,nan,nan,nan
86.1556,-0.0050,-0.0011,1.1985,0.0400,0.0683,-0.0341,0.2535,-0.0025,1.1038,0.2754,0.0737,34.4760,36.6880,-0.1790,nan,nan,nan,nan
86.1775,-0.0050,-0.0010,1.1985,0.0400,0.0683,-0.0341,0.2536,-0.0024,1.1038,0.2754,0.0707,34.4751,36.6859,-0.1783,nan,nan,nan,nan
86.2052,-0.0050,-0.0010,1.1985,0.0399,0.0648,-0.0326,0.2536,-0.0024,1.1038,0.2754,0.0690,34.4742,36.6845,-0.1788,nan,nan,nan,nan
86.2414,-0.0049,-0.0009,1.1985,0.0386,0.0616,-0.0319,0.2537,-0.0023,1.1038,0.2754,0.0714,34.4737,36.6840,-0.1729,nan,nan,nan,nan
86.2686,-0.0049,-0.0009,1.1985,0.0386,0.0616,-0.0319,0.2537,-0.0022,1.1038,0.2754,0.0764,34.4720,36.6849,-0.1627,nan,nan,nan,nan
86.2899,-0.0048,-0.0008,1.1985,0.0363,0.0579,-0.0319,0.2538,-0.0022,1.1038,0.2754,0.0789,34.4714,36.6857,-0.1606,nan,nan,nan,nan
86.3204,-0.0048,-0.0008,1.1985,0.0336,0.0540,-0.0324,0.2538,-0.0021,1.1038,0.2754,0.0882,34.4677,36.6912,-0.1527,nan,nan,nan,nan
86.3428,-0.0047,-0.0007,1.1985,0.0336,0.0540,-0.0324,0.2539,-0.0020,1.1038,0.2754,0.0969,34.4665,36.6960,-0.1493,nan,nan,nan,nan
86.3650,-0.0047,-0.0007,1.1985,0.0300,0.0501,-0.0326,0.2539,-0.0019,1.1038,0.2754,0.1042,34.4658,36.6979,-0.1503,nan,nan,nan,nan
86.4015,-0.0046,-0.0006,1.1985,0.0258,0.0459,-0.0332,0.2540,-0.0018,1.1039,0.2754,0.1151,34.4652,36.6987,-0.1518,nan,nan,nan,nan
86.4326,-0.0045,-0.0005,1.1985,0.0216,0.0418,-0.0332,0.2541,-0.0017,1.1039,0.2754,0.1256,34.4649,36.7028,-0.1486,nan,nan,nan,nan
86.4543,-0.0045,-0.0005,1.1985,0.0216,0.0418,-0.0332,0.2541,-0.0016,1.1039,0.2754,0.1289,34.4642,36.7031,-0.1456,nan,nan,nan,nan
86.4750,-0.0044,-0.0004,1.1985,0.0176,0.0370,-0.0321,0.2542,-0.0016,1.1039,0.2754,0.1306,34.4612,36.7022,-0.1411,nan,nan,nan,nan
86.4999,-0.0043,-0.0003,1.1985,0.0137,0.0318,-0.0300,0.2543,-0.0015,1.1039,0.2754,0.1284,34.4606,36.6993,-0.1404,nan,nan,nan,nan
86.5280,-0.0043,-0.0003,1.1985,0.0098,0.0268,-0.0272,0.2543,-0.0015,1.1039,0.2754,0.1238,34.4606,36.6954,-0.1389,nan,nan,nan,nan
86.5532,-0.0042,-0.0002,1.1985,0.0060,0.0221,-0.0243,0.2544,-0.0014,1.1039,0.2754,0.1172,34.4617,36.6936,-0.1329,nan,nan,nan,nan
86.5786,-0.0041,-0.0001,1.1985,0.0028,0.0169,-0.0210,0.2545,-0.0014,1.1039,0.2754,0.1079,34.4608,36.6914,-0.1217,nan,nan,nan,nan
86.5998,-0.0040,-0.0001,1.1985,0.0028,0.0169,-0.0210,0.2546,-0.0013,1.1039,0.2754,0.1011,34.4604,36.6865,-0.1090,nan,nan,nan,nan
86.6215,-0.0040,-0.0000,1.1985,-0.0004,0.0116,-0.0177,0.2547,-0.0013,1.1039,0.2754,0.0983,34.4603,36.6844,-0.1062,nan,nan,nan,nan
86.6522,-0.0039,0.0000,1.1985,-0.0032,0.0067,-0.0146,0.2547,-0.0013,1.1039,0.2754,0.0864,34.4623,36.6748,-0.1016,nan,nan,nan,nan
86.6907,-0.0039,0.0001,1.1985,-0.0056,0.0019,-0.0110,0.2549,-0.0012,1.1039,0.2754,0.0709,34.4651,36.6639,-0.1014,nan,nan,nan,nan
86.7117,-0.0038,0.0002,1.1985,-0.0056,0.0019,-0.0110,0.2549,-0.0012,1.1039,0.2755,0.0532,34.4654,36.6603,-0.1017,nan,nan,nan,nan
86.7340,-0.0037,0.0002,1.1985,-0.0075,-0.0029,-0.0058,0.2550,-0.0012,1.1039,0.2755,0.0473,34.4659,36.6592,-0.1025,nan,nan,nan,nan
86.7691,-0.0037,0.0003,1.1985,-0.0097,-0.0072,-0.0022,0.2551,-0.0012,1.1040,0.2755,0.0315,34.4663,36.6595,-0.1032,nan,nan,nan,nan
86.7952,-0.0036,0.0004,1.1984,-0.0097,-0.0072,-0.0022,0.2551,-0.0012,1.1040,0.2754,0.0284,34.4671,36.6623,-0.1028,nan,nan,nan,nan
86.8231,-0.0036,0.0004,1.1984,-0.0129,-0.0110,-0.0002,0.2552,-0.0011,1.1040,0.2754,0.0272,34.4676,36.6646,-0.1046,nan,nan,nan,nan
86.8496,-0.0035,0.0005,1.1984,-0.0163,-0.0148,0.0014,0.2552,-0.0011,1.1040,0.2754,0.0271,34.4670,36.6663,-0.1056,nan,nan,nan,nan
86.8728,-0.0034,0.0005,1.1984,-0.0163,-0.0148,0.0014,0.2553,-0.0010,1.1040,0.2754,0.0300,34.4646,36.6715,-0.1078,nan,nan,nan,nan
86.8945,-0.0034,0.0006,1.1984,-0.0201,-0.0186,0.0019,0.2554,-0.0009,1.1040,0.2754,0.0340,34.4625,36.6736,-0.1081,nan,nan,nan,nan
86.9165,-0.0033,0.0006,1.1984,-0.0236,-0.0224,0.0019,0.2554,-0.0008,1.1040,0.2754,0.0385,34.4581,36.6778,-0.1106,nan,nan,nan,nan
86.9370,-0.0033,0.0007,1.1984,-0.0259,-0.0262,0.0025,0.2555,-0.0008,1.1040,0.2754,0.0382,34.4532,36.6821,-0.1071,nan,nan,nan,nan
86.9662,-0.0032,0.0008,1.1984,-0.0277,-0.0292,0.0034,0.2556,-0.0007,1.1041,0.2754,0.0367,34.4524,36.6832,-0.1025,nan,nan,nan,nan
86.9924,-0.0031,0.0008,1.1984,-0.0277,-0.0292,0.0034,0.2556,-0.0006,1.1041,0.2754,0.0383,34.4526,36.6823,-0.1015,nan,nan,nan,nan
87.0202,-0.0031,0.0009,1.1984,-0.0295,-0.0319,0.0036,0.2557,-0.0006,1.1041,0.2754,0.0403,34.4522,36.6805,-0.1043,nan,nan,nan,nan
87.0464,-0.0030,0.0010,1.1984,-0.0312,-0.0342,0.0031,0.2557,-0.0005,1.1041,0.2754,0.0454,34.4521,36.6782,-0.1091,nan,nan,nan,nan
87.0706,-0.0030,0.0010,1.1984,-0.0312,-0.0342,0.0031,0.2558,-0.0004,1.1041,0.2754,0.0512,34.4523,36.6731,-0.1084,nan,nan,nan,nan
87.0908,-0.0029,0.0011,1.1984,-0.0328,-0.0363,0.0023,0.2558,-0.0004,1.1041,0.2754,0.0549,34.4526,36.6728,-0.1073,nan,nan,nan,nan
87.1116,-0.0029,0.0011,1.1984,-0.0332,-0.0376,0.0015,0.2559,-0.0003,1.1041,0.2754,0.0570,34.4540,36.6741,-0.1042,nan,nan,nan,nan
87.1417,-0.0028,0.0012,1.1984,-0.0332,-0.0376,0.0015,0.2559,-0.0002,1.1041,0.2754,0.0544,34.4555,36.6738,-0.1032,nan,nan,nan,nan
87.1627,-0.0028,0.0012,1.1984,-0.0321,-0.0387,0.0025,0.2560,-0.0002,1.1041,0.2754,0.0491,34.4567,36.6731,-0.1025,nan,nan,nan,nan
87.1877,-0.0028,0.0013,1.1984,-0.0321,-0.0387,0.0025,0.2560,-0.0002,1.1041,0.2754,0.0417,34.4565,36.6702,-0.1009,nan,nan,nan,nan
87.2170,-0.0027,0.0013,1.1984,-0.0304,-0.0405,0.0034,0.2561,-0.0002,1.1041,0.2754,0.0360,34.4550,36.6695,-0.0995,nan,nan,nan,nan
87.2478,-0.0027,0.0014,1.1984,-0.0280,-0.0426,0.0051,0.2561,-0.0001,1.1041,0.2755,0.0257,34.4523,36.6668,-0.0992,nan,nan,nan,nan
87.2786,-0.0026,0.0015,1.1984,-0.0254,-0.0445,0.0065,0.2562,-0.0001,1.1040,0.2755,0.0149,34.4495,36.6626,-0.0983,nan,nan,nan,nan
87.3160,-0.0025,0.0016,1.1984,-0.0226,-0.0458,0.0071,0.2563,0.0000,1.1040,0.2755,0.0072,34.4500,36.6606,-0.0991,nan,nan,nan,nan
87.3420,-0.0025,0.0017,1.1984,-0.0226,-0.0458,0.0071,0.2563,0.0000,1.1040,0.2755,-0.0001,34.4513,36.6570,-0.0992,nan,nan,nan,nan
87.3639,-0.0024,0.0018,1.1984,-0.0183,-0.0470,0.0089,0.2564,0.0001,1.1040,0.2755,-0.0189,34.4529,36.6501,-0.0979,nan,nan,nan,nan
87.3914,-0.0024,0.0018,1.1984,-0.0131,-0.0483,0.0111,0.2564,0.0001,1.1040,0.2755,-0.0301,34.4531,36.6484,-0.0973,nan,nan,nan,nan
87.4230,-0.0024,0.0019,1.1984,-0.0074,-0.0497,0.0128,0.2565,0.0001,1.1040,0.2755,-0.0504,34.4531,36.6456,-0.0953,nan,nan,nan,nan
87.4471,-0.0023,0.0020,1.1984,-0.0074,-0.0497,0.0128,0.2565,0.0002,1.1040,0.2755,-0.0626,34.4534,36.6431,-0.0955,nan,nan,nan,nan
87.4746,-0.0023,0.0021,1.1984,-0.0016,-0.0508,0.0139,0.2565,0.0002,1.1040,0.2755,-0.0670,34.4530,36.6427,-0.0954,nan,nan,nan,nan
87.5105,-0.0023,0.0022,1.1984,0.0050,-0.0523,0.0163,0.2566,0.0002,1.1040,0.2755,-0.0896,34.4490,36.6430,-0.0932,nan,nan,nan,nan
87.5311,-0.0022,0.0022,1.1984,0.0050,-0.0523,0.0163,0.2566,0.0002,1.1040,0.2755,-0.1079,34.4454,36.6442,-0.0918,nan,nan,nan,nan
87.5540,-0.0022,0.0023,1.1984,0.0121,-0.0536,0.0190,0.2566,0.0002,1.1040,0.2755,-0.1141,34.4448,36.6444,-0.0923,nan,nan,nan,nan
87.5754,-0.0022,0.0024,1.1984,0.0199,-0.0537,0.0212,0.2567,0.0002,1.1040,0.2755,-0.1399,34.4447,36.6466,-0.0956,nan,nan,nan,nan
87.6006,-0.0021,0.0024,1.1984,0.0199,-0.0537,0.0212,0.2567,0.0003,1.1040,0.2755,-0.1511,34.4461,36.6485,-0.0959,nan,nan,nan,nan
87.6261,-0.0021,0.0025,1.1984,0.0276,-0.0529,0.0227,0.2567,0.0003,1.1040,0.2755,-0.1659,34.4490,36.6518,-0.0989,nan,nan,nan,nan
87.6523,-0.0021,0.0026,1.1984,0.0356,-0.0518,0.0239,0.2567,0.0003,1.1040,0.2755,-0.1816,34.4510,36.6578,-0.1021,nan,nan,nan,nan
87.6738,-0.0020,0.0027,1.1984,0.0356,-0.0518,0.0239,0.2568,0.0003,1.1040,0.2755,-0.1921,34.4517,36.6620,-0.1024,nan,nan,nan,nan
87.6949,-0.0020,0.0027,1.1984,0.0440,-0.0506,0.0252,0.2568,0.0003,1.1040,0.2755,-0.2071,34.4515,36.6696,-0.1016,nan,nan,nan,nan
87.7247,-0.0020,0.0028,1.1984,0.0519,-0.0494,0.0249,0.2568,0.0004,1.1041,0.2754,-0.2138,34.4506,36.6764,-0.1004,nan,nan,nan,nan
87.7477,-0.0020,0.0028,1.1984,0.0519,-0.0494,0.0249,0.2568,0.0005,1.1040,0.2754,-0.2103,34.4490,36.6810,-0.1000,nan,nan,nan,nan
87.7703,-0.0019,0.0029,1.1984,0.0586,-0.0482,0.0225,0.2568,0.0005,1.1040,0.2754,-0.2090,34.4476,36.6831,-0.0991,nan,nan,nan,nan
87.7930,-0.0019,0.0030,1.1984,0.0654,-0.0468,0.0201,0.2568,0.0006,1.1040,0.2754,-0.2041,34.4452,36.6879,-0.0949,nan,nan,nan,nan
87.8189,-0.0019,0.0030,1.1984,0.0654,-0.0468,0.0201,0.2569,0.0007,1.1040,0.2754,-0.2016,34.4439,36.6891,-0.0956,nan,nan,nan,nan
87.8411,-0.0019,0.0031,1.1984,0.0732,-0.0452,0.0175,0.2569,0.0007,1.1040,0.2754,-0.2009,34.4427,36.6900,-0.0958,nan,nan,nan,nan
87.8788,-0.0019,0.0031,1.1984,0.0816,-0.0435,0.0150,0.2569,0.0008,1.1040,0.2754,-0.1993,34.4412,36.6920,-0.0927,nan,nan,nan,nan
87.8994,-0.0018,0.0032,1.1984,0.0816,-0.0435,0.0150,0.2569,0.0009,1.1040,0.2754,-0.2010,34.4387,36.6962,-0.0895,nan,nan,nan,nan
87.9210,-0.0018,0.0032,1.1984,0.0903,-0.0418,0.0134,0.2569,0.0009,1.1040,0.2754,-0.2028,34.4381,36.6966,-0.0895,nan,nan,nan,nan
87.9426,-0.0018,0.0033,1.1983,0.0903,-0.0418,0.0134,0.2569,0.0009,1.1040,0.2754,-0.2070,34.4373,36.6974,-0.0893,nan,nan,nan,nan
87.9628,-0.0018,0.0033,1.1983,0.0994,-0.0399,0.0127,0.2569,0.0009,1.1040,0.2754,-0.2120,34.4365,36.6996,-0.0889,nan,nan,nan,nan
87.9838,-0.0018,0.0033,1.1983,0.0994,-0.0399,0.0127,0.2569,0.0010,1.1040,0.2754,-0.2192,34.4349,36.7020,-0.0878,nan,nan,nan,nan
88.0059,-0.0018,0.0034,1.1983,0.1084,-0.0380,0.0119,0.2569,0.0010,1.1040,0.2754,-0.2208,34.4344,36.7025,-0.0867,nan,nan,nan,nan
88.0307,-0.0018,0.0034,1.1983,0.1170,-0.0365,0.0095,0.2570,0.0010,1.1039,0.2754,-0.2202,34.4306,36.7028,-0.0830,nan,nan,nan,nan
88.0640,-0.0017,0.0035,1.1983,0.1251,-0.0347,0.0061,0.2570,0.0011,1.1039,0.2754,-0.2144,34.4274,36.7073,-0.0831,nan,nan,nan,nan
88.0868,-0.0017,0.0035,1.1983,0.1251,-0.0347,0.0061,0.2570,0.0012,1.1039,0.2754,-0.2100,34.4263,36.7109,-0.0853,nan,nan,nan,nan
88.1116,-0.0017,0.0035,1.1983,0.1332,-0.0326,0.0028,0.2570,0.0012,1.1039,0.2754,-0.2111,34.4253,36.7116,-0.0862,nan,nan,nan,nan
88.1316,-0.0017,0.0036,1.1983,0.1332,-0.0326,0.0028,0.2570,0.0012,1.1039,0.2754,-0.2151,34.4234,36.7128,-0.0848,nan,nan,nan,nan
88.1613,-0.0017,0.0036,1.1983,0.1421,-0.0309,0.0017,0.2570,0.0012,1.1039,0.2754,-0.2188,34.4213,36.7154,-0.0813,nan,nan,nan,nan
88.1877,-0.0017,0.0036,1.1983,0.1506,-0.0294,0.0001,0.2570,0.0013,1.1039,0.2754,-0.2220,34.4178,36.7190,-0.0784,nan,nan,nan,nan
88.2139,-0.0017,0.0037,1.1983,0.1506,-0.0294,0.0001,0.2570,0.0013,1.1039,0.2754,-0.2222,34.4153,36.7207,-0.0761,nan,nan,nan,nan
88.2396,-0.0017,0.0037,1.1983,0.1578,-0.0276,-0.0021,0.2570,0.0013,1.1039,0.2754,-0.2188,34.4129,36.7227,-0.0773,nan,nan,nan,nan
88.2597,-0.0017,0.0037,1.1983,0.1639,-0.0249,-0.0057,0.2570,0.0014,1.1038,0.2754,-0.2111,34.4128,36.7237,-0.0778,nan,nan,nan,nan
88.2825,-0.0017,0.0037,1.1983,0.1639,-0.0249,-0.0057,0.2570,0.0014,1.1038,0.2754,-0.2055,34.4127,36.7244,-0.0773,nan,nan,nan,nan
88.3071,-0.0016,0.0037,1.1983,0.1692,-0.0223,-0.0093,0.2570,0.0015,1.1038,0.2754,-0.1965,34.4114,36.7267,-0.0787,nan,nan,nan,nan
88.3321,-0.0016,0.0037,1.1983,0.1742,-0.0199,-0.0121,0.2570,0.0015,1.1038,0.2754,-0.1907,34.4103,36.7261,-0.0792,nan,nan,nan,nan
88.3551,-0.0016,0.0037,1.1983,0.1786,-0.0175,-0.0147,0.2570,0.0015,1.1038,0.2754,-0.1853,34.4097,36.7264,-0.0823,nan,nan,nan,nan
88.3847,-0.0016,0.0037,1.1983,0.1830,-0.0152,-0.0170,0.2570,0.0015,1.1038,0.2754,-0.1804,34.4077,36.7332,-0.0845,nan,nan,nan,nan
88.4100,-0.0016,0.0037,1.1983,0.1861,-0.0125,-0.0202,0.2570,0.0015,1.1038,0.2754,-0.1688,34.4080,36.7402,-0.0825,nan,nan,nan,nan
88.4330,-0.0016,0.0037,1.1983,0.1877,-0.0099,-0.0250,0.2570,0.0016,1.1038,0.2754,-0.1461,34.4099,36.7398,-0.0807,nan,nan,nan,nan
88.4636,-0.0016,0.0036,1.1983,0.1881,-0.0080,-0.0297,0.2570,0.0017,1.1038,0.2754,-0.1198,34.4098,36.7397,-0.0827,nan,nan,nan,nan
88.4975,-0.0016,0.0036,1.1983,0.1880,-0.0066,-0.0343,0.2570,0.0017,1.1038,0.2754,-0.0950,34.4075,36.7415,-0.0812,nan,nan,nan,nan
88.5202,-0.0016,0.0035,1.1983,0.1880,-0.0066,-0.0343,0.2570,0.0017,1.1038,0.2754,-0.0771,34.4074,36.7441,-0.0791,nan,nan,nan,nan
88.5414,-0.0016,0.0035,1.1983,0.1870,-0.0049,-0.0384,0.2570,0.0018,1.1038,0.2754,-0.0711,34.4082,36.7445,-0.0782,nan,nan,nan,nan
88.5689,-0.0016,0.0034,1.1983,0.1853,-0.0029,-0.0415,0.2570,0.0018,1.1038,0.2753,-0.0503,34.4112,36.7453,-0.0740,nan,nan,nan,nan
88.5991,-0.0016,0.0034,1.1983,0.1827,-0.0010,-0.0449,0.2570,0.0018,1.1038,0.2753,-0.0294,34.4146,36.7446,-0.0694,nan,nan,nan,nan
88.6309,-0.0016,0.0033,1.1983,0.1788,0.0008,-0.0476,0.2570,0.0018,1.1038,0.2753,-0.0076,34.4176,36.7474,-0.0661,nan,nan,nan,nan
88.6538,-0.0016,0.0032,1.1983,0.1788,0.0008,-0.0476,0.2570,0.0018,1.1038,0.2753,0.0018,34.4194,36.7485,-0.0652,nan,nan,nan,nan
88.6800,-0.0016,0.0032,1.1983,0.1748,0.0026,-0.0495,0.2570,0.0017,1.1038,0.2753,0.0113,34.4231,36.7485,-0.0643,nan,nan,nan,nan
88.7126,-0.0016,0.0031,1.1983,0.1706,0.0042,-0.0497,0.2570,0.0017,1.1038,0.2753,0.0146,34.4269,36.7491,-0.0641,nan,nan,nan,nan
88.7338,-0.0016,0.0031,1.1983,0.1706,0.0042,-0.0497,0.2570,0.0016,1.1038,0.2753,0.0143,34.4292,36.7487,-0.0626,nan,nan,nan,nan
88.7546,-0.0016,0.0030,1.1983,0.1661,0.0054,-0.0486,0.2571,0.0015,1.1038,0.2753,0.0117,34.4310,36.7476,-0.0607,nan,nan,nan,nan
88.7800,-0.0015,0.0029,1.1983,0.1615,0.0054,-0.0466,0.2571,0.0014,1.1038,0.2753,0.0025,34.4316,36.7409,-0.0499,nan,nan,nan,nan
88.8048,-0.0015,0.0029,1.1983,0.1615,0.0054,-0.0466,0.2571,0.0013,1.1038,0.2753,-0.0055,34.4312,36.7377,-0.0453,nan,nan,nan,nan
88.8294,-0.0015,0.0028,1.1983,0.1568,0.0050,-0.0431,0.2571,0.0011,1.1038,0.2753,-0.0220,34.4328,36.7342,-0.0334,nan,nan,nan,nan
88.8508,-0.0015,0.0027,1.1983,0.1519,0.0046,-0.0386,0.2571,0.0010,1.1038,0.2753,-0.0493,34.4339,36.7345,-0.0139,nan,nan,nan,nan
88.8756,-0.0015,0.0026,1.1983,0.1460,0.0040,-0.0330,0.2571,0.0008,1.1038,0.2753,-0.0702,34.4358,36.7337,-0.0020,nan,nan,nan,nan
88.9129,-0.0015,0.0025,1.1983,0.1395,0.0030,-0.0282,0.2571,0.0006,1.1038,0.2753,-0.0957,34.4365,36.7332,0.0035,nan,nan,nan,nan
88.9352,-0.0015,0.0024,1.1983,0.1395,0.0030,-0.0282,0.2571,0.0004,1.1038,0.2753,-0.1120,34.4364,36.7338,0.0038,nan,nan,nan,nan
88.9615,-0.0015,0.0023,1.1983,0.1314,0.0017,-0.0240,0.2571,0.0003,1.1038,0.2753,-0.1159,34.4359,36.7339,0.0035,nan,nan,nan,nan
88.9867,-0.0015,0.0022,1.1983,0.1217,0.0006,-0.0215,0.2571,0.0002,1.1038,0.2753,-0.1241,34.4372,36.7358,0.0081,nan,nan,nan,nan
89.0112,-0.0015,0.0021,1.1983,0.1217,0.0006,-0.0215,0.2571,0.0001,1.1038,0.2753,-0.1265,34.4403,36.7348,0.0112,nan,nan,nan,nan
89.0386,-0.0015,0.0020,1.1983,0.1112,-0.0006,-0.0199,0.2571,-0.0000,1.1038,0.2753,-0.1265,34.4411,36.7346,0.0108,nan,nan,nan,nan
89.0680,-0.0015,0.0019,1.1983,0.0998,-0.0020,-0.0191,0.2572,-0.0001,1.1039,0.2753,-0.1240,34.4441,36.7352,0.0015,nan,nan,nan,nan
89.0977,-0.0015,0.0018,1.1983,0.0874,-0.0034,-0.0187,0.2572,-0.0003,1.1039,0.2753,-0.1161,34.4473,36.7353,0.0005,nan,nan,nan,nan
89.1239,-0.0015,0.0016,1.1983,0.0874,-0.0034,-0.0187,0.2572,-0.0004,1.1039,0.2753,-0.1099,34.4475,36.7356,0.0029,nan,nan,nan,nan
89.1468,-0.0015,0.0016,1.1983,0.0751,-0.0055,-0.0182,0.2572,-0.0005,1.1039,0.2753,-0.1080,34.4477,36.7343,0.0038,nan,nan,nan,nan
89.1696,-0.0015,0.0014,1.1983,0.0627,-0.0079,-0.0169,0.2572,-0.0006,1.1039,0.2753,-0.1068,34.4473,36.7324,0.0031,nan,nan,nan,nan
89.1905,-0.0014,0.0013,1.1983,0.0627,-0.0079,-0.0169,0.2572,-0.0007,1.1039,0.2753,-0.1062,34.4467,36.7321,0.0037,nan,nan,nan,nan
89.2133,-0.0014,0.0011,1.1983,0.0501,-0.0104,-0.0161,0.2572,-0.0009,1.1039,0.2753,-0.0968,34.4481,36.7317,0.0015,nan,nan,nan,nan
89.2379,-0.0014,0.0010,1.1983,0.0365,-0.0126,-0.0170,0.2572,-0.0009,1.1039,0.2753,-0.0843,34.4503,36.7280,-0.0040,nan,nan,nan,nan
89.2632,-0.0014,0.0009,1.1983,0.0228,-0.0154,-0.0180,0.2572,-0.0010,1.1039,0.2753,-0.0696,34.4500,36.7280,-0.0082,nan,nan,nan,nan
89.2938,-0.0014,0.0007,1.1983,0.0095,-0.0178,-0.0188,0.2572,-0.0012,1.1039,0.2753,-0.0608,34.4508,36.7280,-0.0080,nan,nan,nan,nan
89.3293,-0.0014,0.0006,1.1983,-0.0038,-0.0203,-0.0196,0.2573,-0.0013,1.1040,0.2753,-0.0496,34.4515,36.7289,-0.0130,nan,nan,nan,nan
89.3612,-0.0014,0.0004,1.1983,-0.0166,-0.0230,-0.0195,0.2573,-0.0015,1.1040,0.2753,-0.0429,34.4527,36.7297,-0.0082,nan,nan,nan,nan
89.3833,-0.0014,0.0003,1.1983,-0.0166,-0.0230,-0.0195,0.2573,-0.0016,1.1040,0.2753,-0.0404,34.4537,36.7301,-0.0043,nan,nan,nan,nan
89.4041,-0.0014,0.0002,1.1983,-0.0288,-0.0258,-0.0184,0.2573,-0.0017,1.1040,0.2753,-0.0419,34.4545,36.7293,-0.0033,nan,nan,nan,nan
89.4307,-0.0014,0.0001,1.1983,-0.0398,-0.0288,-0.0163,0.2573,-0.0019,1.1040,0.2753,-0.0484,34.4551,36.7274,-0.0016,nan,nan,nan,nan
89.4564,-0.0014,-0.0001,1.1983,-0.0398,-0.0288,-0.0163,0.2573,-0.0020,1.1040,0.2753,-0.0566,34.4559,36.7232,0.0016,nan,nan,nan,nan
89.4773,-0.0014,-0.0001,1.1983,-0.0502,-0.0319,-0.0135,0.2573,-0.0021,1.1040,0.2753,-0.0599,34.4559,36.7231,0.0028,nan,nan,nan,nan
89.5129,-0.0014,-0.0002,1.1983,-0.0593,-0.0352,-0.0108,0.2573,-0.0023,1.1040,0.2753,-0.0742,34.4552,36.7230,0.0035,nan,nan,nan,nan
89.5378,-0.0014,-0.0004,1.1983,-0.0593,-0.0352,-0.0108,0.2573,-0.0025,1.1040,0.2753,-0.0802,34.4550,36.7235,0.0022,nan,nan,nan,nan
89.5588,-0.0014,-0.0004,1.1983,-0.0682,-0.0378,-0.0087,0.2573,-0.0025,1.1040,0.2753,-0.0853,34.4554,36.7254,0.0020,nan,nan,nan,nan
89.5842,-0.0014,-0.0005,1.1983,-0.0682,-0.0378,-0.0087,0.2573,-0.0027,1.1041,0.2753,-0.0912,34.4571,36.7284,-0.0012,nan,nan,nan,nan
89.6059,-0.0014,-0.0006,1.1983,-0.0770,-0.0396,-0.0071,0.2573,-0.0027,1.1041,0.2753,-0.0932,34.4580,36.7296,-0.0020,nan,nan,nan,nan
89.6382,-0.0014,-0.0007,1.1983,-0.0854,-0.0409,-0.0057,0.2573,-0.0029,1.1041,0.2753,-0.0983,34.4637,36.7337,-0.0059,nan,nan,nan,nan
89.6618,-0.0014,-0.0008,1.1983,-0.0854,-0.0409,-0.0057,0.2573,-0.0030,1.1041,0.2753,-0.0966,34.4661,36.7356,-0.0061,nan,nan,nan,nan
89.6832,-0.0014,-0.0009,1.1983,-0.0939,-0.0421,-0.0058,0.2573,-0.0031,1.1042,0.2753,-0.0921,34.4696,36.7363,-0.0081,nan,nan,nan,nan
89.7141,-0.0014,-0.0010,1.1983,-0.1026,-0.0432,-0.0073,0.2573,-0.0031,1.1042,0.2753,-0.0822,34.4727,36.7346,-0.0131,nan,nan,nan,nan
89.7353,-0.0014,-0.0011,1.1983,-0.1026,-0.0432,-0.0073,0.2573,-0.0032,1.1042,0.2753,-0.0680,34.4752,36.7322,-0.0204,nan,nan,nan,nan
89.7586,-0.0014,-0.0012,1.1983,-0.1109,-0.0445,-0.0097,0.2573,-0.0033,1.1042,0.2753,-0.0582,34.4762,36.7326,-0.0251,nan,nan,nan,nan
89.7806,-0.0015,-0.0013,1.1983,-0.1184,-0.0455,-0.0120,0.2573,-0.0033,1.1042,0.2753,-0.0462,34.4778,36.7338,-0.0287,nan,nan,nan,nan
89.8063,-0.0015,-0.0014,1.1983,-0.1184,-0.0455,-0.0120,0.2573,-0.0034,1.1042,0.2753,-0.0417,34.4789,36.7337,-0.0304,nan,nan,nan,nan
89.8292,-0.0015,-0.0015,1.1983,-0.1245,-0.0462,-0.0127,0.2572,-0.0035,1.1042,0.2753,-0.0367,34.4808,36.7338,-0.0365,nan,nan,nan,nan
89.8534,-0.0015,-0.0016,1.1983,-0.1294,-0.0469,-0.0139,0.2572,-0.0036,1.1042,0.2753,-0.0316,34.4823,36.7322,-0.0452,nan,nan,nan,nan
89.8760,-0.0015,-0.0016,1.1983,-0.1338,-0.0471,-0.0152,0.2572,-0.0036,1.1042,0.2753,-0.0262,34.4831,36.7338,-0.0527,nan,nan,nan,nan
89.8987,-0.0015,-0.0017,1.1983,-0.1338,-0.0471,-0.0152,0.2572,-0.0037,1.1043,0.2753,-0.0217,34.4853,36.7372,-0.0577,nan,nan,nan,nan
89.9198,-0.0015,-0.0018,1.1983,-0.1377,-0.0466,-0.0161,0.2572,-0.0037,1.1043,0.2753,-0.0183,34.4859,36.7414,-0.0637,nan,nan,nan,nan
89.9414,-0.0016,-0.0019,1.1983,-0.1405,-0.0460,-0.0171,0.2572,-0.0038,1.1043,0.2753,-0.0156,34.4870,36.7457,-0.0731,nan,nan,nan,nan
89.9692,-0.0016,-0.0020,1.1983,-0.1427,-0.0455,-0.0181,0.2571,-0.0039,1.1043,0.2752,-0.0121,34.4866,36.7490,-0.0789,nan,nan,nan,nan
90.0006,-0.0016,-0.0020,1.1983,-0.1447,-0.0448,-0.0195,0.2571,-0.0040,1.1043,0.2752,-0.0054,34.4861,36.7487,-0.0827,nan,nan,nan,nan
90.0299,-0.0016,-0.0021,1.1983,-0.1451,-0.0440,-0.0198,0.2571,-0.0041,1.1043,0.2752,-0.0068,34.4858,36.7491,-0.0808,nan,nan,nan,nan
90.0581,-0.0017,-0.0022,1.1983,-0.1440,-0.0429,-0.0190,0.2570,-0.0042,1.1043,0.2752,-0.0163,34.4860,36.7537,-0.0775,nan,nan,nan,nan
90.0877,-0.0017,-0.0023,1.1983,-0.1422,-0.0414,-0.0184,0.2570,-0.0043,1.1043,0.2752,-0.0263,34.4880,36.7585,-0.0725,nan,nan,nan,nan
90.1217,-0.0017,-0.0023,1.1983,-0.1399,-0.0399,-0.0173,0.2570,-0.0044,1.1043,0.2752,-0.0387,34.4899,36.7562,-0.0686,nan,nan,nan,nan
90.1518,-0.0018,-0.0024,1.1983,-0.1366,-0.0383,-0.0157,0.2569,-0.0045,1.1043,0.2752,-0.0545,34.4928,36.7513,-0.0665,nan,nan,nan,nan
90.1808,-0.0018,-0.0024,1.1983,-0.1325,-0.0365,-0.0142,0.2569,-0.0046,1.1043,0.2752,-0.0717,34.4951,36.7479,-0.0697,nan,nan,nan,nan
90.2169,-0.0019,-0.0024,1.1983,-0.1280,-0.0345,-0.0122,0.2568,-0.0047,1.1043,0.2752,-0.0903,34.4985,36.7437,-0.0751,nan,nan,nan,nan
90.2468,-0.0019,-0.0025,1.1983,-0.1236,-0.0323,-0.0118,0.2568,-0.0048,1.1043,0.2753,-0.0994,34.5009,36.7404,-0.0779,nan,nan,nan,nan
90.2699,-0.0019,-0.0025,1.1983,-0.1191,-0.0295,-0.0126,0.2568,-0.0048,1.1043,0.2753,-0.0998,34.5047,36.7356,-0.0800,nan,nan,nan,nan
90.2976,-0.0020,-0.0025,1.1983,-0.1144,-0.0263,-0.0137,0.2567,-0.0048,1.1043,0.2753,-0.0984,34.5082,36.7356,-0.0832,nan,nan,nan,nan
90.3233,-0.0020,-0.0026,1.1983,-0.1094,-0.0232,-0.0151,0.2567,-0.0048,1.1043,0.2752,-0.0940,34.5096,36.7391,-0.0820,nan,nan,nan,nan
90.3610,-0.0021,-0.0026,1.1983,-0.1044,-0.0202,-0.0174,0.2566,-0.0048,1.1043,0.2752,-0.0840,34.5092,36.7413,-0.0741,nan,nan,nan,nan
90.3860,-0.0021,-0.0026,1.1983,-0.1044,-0.0202,-0.0174,0.2566,-0.0048,1.1043,0.2752,-0.0766,34.5086,36.7410,-0.0718,nan,nan,nan,nan
90.4069,-0.0021,-0.0026,1.1983,-0.0995,-0.0170,-0.0204,0.2565,-0.0047,1.1042,0.2752,-0.0652,34.5084,36.7392,-0.0702,nan,nan,nan,nan
90.4285,-0.0022,-0.0026,1.1983,-0.0942,-0.0131,-0.0237,0.2565,-0.0047,1.1042,0.2752,-0.0538,34.5090,36.7379,-0.0718,nan,nan,nan,nan
90.4608,-0.0022,-0.0026,1.1983,-0.0886,-0.0087,-0.0272,0.2564,-0.0047,1.1042,0.2752,-0.0397,34.5132,36.7349,-0.0720,nan,nan,nan,nan
90.4884,-0.0023,-0.0026,1.1983,-0.0841,-0.0033,-0.0315,0.2564,-0.0046,1.1042,0.2752,-0.0161,34.5193,36.7363,-0.0704,nan,nan,nan,nan
90.5231,-0.0023,-0.0026,1.1983,-0.0804,0.0026,-0.0374,0.2563,-0.0045,1.1042,0.2752,0.0171,34.5248,36.7429,-0.0688,nan,nan,nan,nan
90.5468,-0.0024,-0.0026,1.1983,-0.0764,0.0083,-0.0424,0.2563,-0.0043,1.1042,0.2752,0.0460,34.5282,36.7518,-0.0613,nan,nan,nan,nan
90.5679,-0.0024,-0.0026,1.1983,-0.0764,0.0083,-0.0424,0.2562,-0.0043,1.1042,0.2752,0.0603,34.5297,36.7572,-0.0566,nan,nan,nan,nan
90.5949,-0.0024,-0.0026,1.1983,-0.0718,0.0138,-0.0451,0.2562,-0.0042,1.1042,0.2752,0.0655,34.5296,36.7639,-0.0520,nan,nan,nan,nan
90.6163,-0.0025,-0.0026,1.1983,-0.0657,0.0189,-0.0459,0.2561,-0.0042,1.1042,0.2751,0.0654,34.5289,36.7689,-0.0512,nan,nan,nan,nan
90.6437,-0.0025,-0.0026,1.1983,-0.0594,0.0242,-0.0452,0.2560,-0.0042,1.1042,0.2751,0.0602,34.5288,36.7792,-0.0547,nan,nan,nan,nan
90.6684,-0.0026,-0.0026,1.1982,-0.0534,0.0297,-0.0446,0.2560,-0.0042,1.1042,0.2751,0.0562,34.5301,36.7846,-0.0660,nan,nan,nan,nan
90.6925,-0.0026,-0.0025,1.1982,-0.0478,0.0354,-0.0441,0.2559,-0.0042,1.1042,0.2751,0.0535,34.5327,36.7905,-0.0681,nan,nan,nan,nan
90.7232,-0.0026,-0.0025,1.1982,-0.0420,0.0412,-0.0430,0.2559,-0.0042,1.1042,0.2751,0.0470,34.5383,36.7920,-0.0684,nan,nan,nan,nan
90.7483,-0.0027,-0.0025,1.1982,-0.0420,0.0412,-0.0430,0.2558,-0.0042,1.1042,0.2751,0.0408,34.5409,36.7907,-0.0737,nan,nan,nan,nan
90.7684,-0.0027,-0.0025,1.1982,-0.0361,0.0463,-0.0413,0.2558,-0.0042,1.1042,0.2751,0.0382,34.5416,36.7901,-0.0754,nan,nan,nan,nan
90.7986,-0.0027,-0.0025,1.1982,-0.0299,0.0505,-0.0385,0.2558,-0.0042,1.1042,0.2751,0.0243,34.5424,36.7858,-0.0793,nan,nan,nan,nan
90.8204,-0.0027,-0.0024,1.1982,-0.0299,0.0505,-0.0385,0.2558,-0.0042,1.1042,0.2751,0.0181,34.5424,36.7830,-0.0806,nan,nan,nan,nan
90.8419,-0.0028,-0.0024,1.1982,-0.0240,0.0540,-0.0362,0.2557,-0.0042,1.1042,0.2751,0.0122,34.5422,36.7815,-0.0849,nan,nan,nan,nan
90.8671,-0.0028,-0.0024,1.1982,-0.0184,0.0575,-0.0337,0.2557,-0.0042,1.1041,0.2751,0.0004,34.5430,36.7826,-0.0969,nan,nan,nan,nan
90.8909,-0.0028,-0.0024,1.1982,-0.0184,0.0575,-0.0337,0.2557,-0.0042,1.1041,0.2751,-0.0052,34.5430,36.7823,-0.1000,nan,nan,nan,nan
90.9187,-0.0028,-0.0024,1.1982,-0.0135,0.0602,-0.0312,0.2557,-0.0042,1.1041,0.2751,-0.0063,34.5425,36.7818,-0.1012,nan,nan,nan,nan
90.9522,-0.0028,-0.0023,1.1982,-0.0091,0.0623,-0.0295,0.2556,-0.0041,1.1041,0.2751,-0.0083,34.5418,36.7805,-0.1057,nan,nan,nan,nan
90.9886,-0.0029,-0.0023,1.1982,-0.0039,0.0640,-0.0261,0.2556,-0.0041,1.1041,0.2751,-0.0212,34.5415,36.7801,-0.1058,nan,nan,nan,nan
91.0115,-0.0029,-0.0023,1.1982,-0.0039,0.0640,-0.0261,0.2556,-0.0041,1.1041,0.2751,-0.0301,34.5403,36.7780,-0.1043,nan,nan,nan,nan
91.0395,-0.0029,-0.0023,1.1982,0.0008,0.0647,-0.0229,0.2556,-0.0041,1.1041,0.2751,-0.0324,34.5377,36.7769,-0.1039,nan,nan,nan,nan
91.0767,-0.0029,-0.0022,1.1982,0.0043,0.0645,-0.0217,0.2556,-0.0041,1.1040,0.2751,-0.0308,34.5338,36.7763,-0.1073,nan,nan,nan,nan
91.1073,-0.0029,-0.0022,1.1982,0.0071,0.0639,-0.0204,0.2556,-0.0040,1.1040,0.2751,-0.0262,34.5288,36.7722,-0.1102,nan,nan,nan,nan
91.1450,-0.0029,-0.0022,1.1982,0.0111,0.0627,-0.0179,0.2556,-0.0040,1.1040,0.2751,-0.0334,34.5231,36.7712,-0.1143,nan,nan,nan,nan
91.1661,-0.0029,-0.0021,1.1982,0.0111,0.0627,-0.0179,0.2556,-0.0040,1.1040,0.2751,-0.0431,34.5211,36.7718,-0.1155,nan,nan,nan,nan
91.1875,-0.0029,-0.0021,1.1982,0.0162,0.0613,-0.0130,0.2556,-0.0040,1.1040,0.2751,-0.0625,34.5193,36.7720,-0.1184,nan,nan,nan,nan
91.2220,-0.0029,-0.0021,1.1982,0.0214,0.0598,-0.0076,0.2555,-0.0041,1.1040,0.2751,-0.0813,34.5184,36.7718,-0.1207,nan,nan,nan,nan
91.2443,-0.0029,-0.0021,1.1982,0.0214,0.0598,-0.0076,0.2555,-0.0041,1.1040,0.2751,-0.0922,34.5178,36.7748,-0.1220,nan,nan,nan,nan
91.2693,-0.0030,-0.0021,1.1982,0.0260,0.0584,-0.0032,0.2555,-0.0041,1.1040,0.2751,-0.1038,34.5190,36.7775,-0.1246,nan,nan,nan,nan
91.2899,-0.0030,-0.0020,1.1982,0.0297,0.0564,-0.0008,0.2555,-0.0041,1.1040,0.2751,-0.1081,34.5188,36.7781,-0.1229,nan,nan,nan,nan
91.3118,-0.0029,-0.0020,1.1982,0.0297,0.0564,-0.0008,0.2555,-0.0041,1.1040,0.2751,-0.1096,34.5176,36.7809,-0.1196,nan,nan,nan,nan
91.3406,-0.0029,-0.0020,1.1982,0.0322,0.0538,0.0011,0.2555,-0.0040,1.1040,0.2751,-0.1082,34.5175,36.7839,-0.1208,nan,nan,nan,nan
91.3818,-0.0029,-0.0020,1.1982,0.0342,0.0508,0.0013,0.2555,-0.0040,1.1040,0.2751,-0.1031,34.5172,36.7866,-0.1221,nan,nan,nan,nan
91.4107,-0.0029,-0.0020,1.1982,0.0342,0.0508,0.0013,0.2555,-0.0040,1.1040,0.2751,-0.1002,34.5175,36.7874,-0.1228,nan,nan,nan,nan
91.4365,-0.0029,-0.0020,1.1982,0.0357,0.0473,0.0010,0.2556,-0.0040,1.1040,0.2751,-0.0944,34.5176,36.7885,-0.1227,nan,nan,nan,nan
91.4640,-0.0029,-0.0020,1.1981,0.0357,0.0473,0.0010,0.2556,-0.0039,1.1040,0.2751,-0.0943,34.5155,36.7889,-0.1215,nan,nan,nan,nan
91.4919,-0.0029,-0.0020,1.1981,0.0377,0.0425,0.0021,0.2556,-0.0039,1.1040,0.2751,-0.0928,34.5140,36.7890,-0.1242,nan,nan,nan,nan
91.5222,-0.0029,-0.0020,1.1981,0.0384,0.0374,0.0022,0.2556,-0.0039,1.1040,0.2751,-0.0854,34.5119,36.7908,-0.1301,nan,nan,nan,nan
91.5452,-0.0029,-0.0019,1.1981,0.0384,0.0374,0.0022,0.2556,-0.0038,1.1040,0.2751,-0.0790,34.5110,36.7927,-0.1319,nan,nan,nan,nan
91.5690,-0.0029,-0.0019,1.1981,0.0385,0.0324,0.0018,0.2556,-0.0038,1.1041,0.2751,-0.0727,34.5109,36.7956,-0.1297,nan,nan,nan,nan
91.5949,-0.0029,-0.0019,1.1981,0.0390,0.0270,0.0028,0.2556,-0.0038,1.1041,0.2751,-0.0703,34.5097,36.7977,-0.1231,nan,nan,nan,nan
91.6253,-0.0029,-0.0019,1.1981,0.0398,0.0208,0.0045,0.2556,-0.0038,1.1041,0.2751,-0.0734,34.5060,36.7999,-0.1159,nan,nan,nan,nan
91.6573,-0.0029,-0.0019,1.1981,0.0408,0.0149,0.0066,0.2557,-0.0038,1.1041,0.2751,-0.0805,34.5036,36.8010,-0.1084,nan,nan,nan,nan
91.6789,-0.0028,-0.0019,1.1981,0.0408,0.0149,0.0066,0.2557,-0.0038,1.1041,0.2751,-0.0914,34.5012,36.8025,-0.1024,nan,nan,nan,nan
91.7068,-0.0028,-0.0019,1.1981,0.0425,0.0088,0.0096,0.2557,-0.0038,1.1041,0.2751,-0.1011,34.4997,36.8022,-0.1014,nan,nan,nan,nan
91.7419,-0.0028,-0.0019,1.1981,0.0447,0.0028,0.0140,0.2557,-0.0039,1.1041,0.2751,-0.1202,34.4978,36.7991,-0.1020,nan,nan,nan,nan
91.7628,-0.0028,-0.0019,1.1981,0.0447,0.0028,0.0140,0.2557,-0.0040,1.1041,0.2751,-0.1429,34.4950,36.7977,-0.1038,nan,nan,nan,nan
91.7848,-0.0028,-0.0019,1.1981,0.0472,-0.0030,0.0196,0.2558,-0.0040,1.1041,0.2751,-0.1517,34.4943,36.7969,-0.1046,nan,nan,nan,nan
91.8153,-0.0028,-0.0018,1.1981,0.0498,-0.0085,0.0253,0.2558,-0.0041,1.1041,0.2751,-0.1852,34.4924,36.7919,-0.1111,nan,nan,nan,nan
91.8484,-0.0028,-0.0018,1.1981,0.0517,-0.0134,0.0291,0.2558,-0.0042,1.1041,0.2751,-0.2091,34.4923,36.7869,-0.1189,nan,nan,nan,nan
91.8778,-0.0028,-0.0018,1.1981,0.0516,-0.0183,0.0299,0.2558,-0.0042,1.1041,0.2752,-0.2127,34.4892,36.7850,-0.1231,nan,nan,nan,nan
91.9054,-0.0027,-0.0018,1.1981,0.0506,-0.0229,0.0294,0.2559,-0.0042,1.1041,0.2752,-0.2075,34.4845,36.7845,-0.1268,nan,nan,nan,nan
91.9254,-0.0027,-0.0019,1.1981,0.0506,-0.0229,0.0294,0.2559,-0.0042,1.1041,0.2752,-0.2052,34.4819,36.7852,-0.1274,nan,nan,nan,nan
91.9524,-0.0027,-0.0019,1.1981,0.0499,-0.0274,0.0291,0.2559,-0.0042,1.1041,0.2752,-0.2060,34.4776,36.7884,-0.1241,nan,nan,nan,nan
91.9805,-0.0027,-0.0019,1.1981,0.0499,-0.0310,0.0300,0.2559,-0.0042,1.1041,0.2752,-0.2112,34.4760,36.7903,-0.1200,nan,nan,nan,nan
92.0121,-0.0027,-0.0019,1.1981,0.0499,-0.0340,0.0315,0.2559,-0.0042,1.1041,0.2752,-0.2212,34.4744,36.7903,-0.1133,nan,nan,nan,nan
92.0349,-0.0027,-0.0019,1.1981,0.0499,-0.0340,0.0315,0.2559,-0.0043,1.1041,0.2752,-0.2298,34.4720,36.7910,-0.1098,nan,nan,nan,nan
92.0576,-0.0027,-0.0019,1.1981,0.0500,-0.0369,0.0331,0.2559,-0.0043,1.1041,0.2752,-0.2329,34.4714,36.7913,-0.1090,nan,nan,nan,nan
92.0815,-0.0027,-0.0019,1.1981,0.0500,-0.0390,0.0342,0.2559,-0.0044,1.1041,0.2752,-0.2428,34.4702,36.7924,-0.1044,nan,nan,nan,nan
92.1142,-0.0027,-0.0019,1.1981,0.0498,-0.0404,0.0339,0.2559,-0.0044,1.1041,0.2752,-0.2453,34.4699,36.7903,-0.1052,nan,nan,nan,nan
92.1471,-0.0027,-0.0019,1.1981,0.0493,-0.0412,0.0324,0.2559,-0.0044,1.1041,0.2752,-0.2416,34.4719,36.7870,-0.1083,nan,nan,nan,nan
92.1683,-0.0027,-0.0019,1.1981,0.0493,-0.0412,0.0324,0.2559,-0.0044,1.1041,0.2752,-0.2391,34.4730,36.7862,-0.1121,nan,nan,nan,nan
92.1909,-0.0027,-0.0020,1.1981,0.0488,-0.0413,0.0306,0.2559,-0.0044,1.1041,0.2752,-0.2354,34.4752,36.7897,-0.1201,nan,nan,nan,nan
92.2125,-0.0027,-0.0020,1.1981,0.0484,-0.0406,0.0293,0.2559,-0.0044,1.1041,0.2752,-0.2343,34.4770,36.7909,-0.1255,nan,nan,nan,nan
92.2363,-0.0027,-0.0020,1.1981,0.0484,-0.0406,0.0293,0.2559,-0.0044,1.1042,0.2752,-0.2311,34.4795,36.7924,-0.1350,nan,nan,nan,nan
92.2643,-0.0027,-0.0020,1.1981,0.0479,-0.0395,0.0274,0.2559,-0.0044,1.1042,0.2751,-0.2266,34.4813,36.7923,-0.1385,nan,nan,nan,nan
92.3004,-0.0027,-0.0020,1.1981,0.0470,-0.0383,0.0250,0.2559,-0.0044,1.1042,0.2751,-0.2186,34.4831,36.7926,-0.1354,nan,nan,nan,nan
92.3277,-0.0027,-0.0021,1.1981,0.0470,-0.0383,0.0250,0.2559,-0.0044,1.1042,0.2751,-0.2111,34.4854,36.7916,-0.1299,nan,nan,nan,nan
92.3545,-0.0027,-0.0021,1.1980,0.0463,-0.0370,0.0227,0.2559,-0.0044,1.1042,0.2751,-0.2095,34.4862,36.7911,-0.1298,nan,nan,nan,nan
92.3814,-0.0027,-0.0021,1.1980,0.0459,-0.0356,0.0209,0.2559,-0.0044,1.1042,0.2751,-0.2058,34.4897,36.7882,-0.1283,nan,nan,nan,nan
92.4149,-0.0027,-0.0021,1.1980,0.0452,-0.0340,0.0190,0.2559,-0.0045,1.1042,0.2752,-0.2013,34.4934,36.7851,-0.1236,nan,nan,nan,nan
92.4405,-0.0027,-0.0022,1.1980,0.0452,-0.0340,0.0190,0.2559,-0.0045,1.1042,0.2752,-0.1965,34.4952,36.7832,-0.1224,nan,nan,nan,nan
92.4661,-0.0027,-0.0022,1.1980,0.0436,-0.0323,0.0172,0.2559,-0.0045,1.1042,0.2752,-0.1939,34.4959,36.7834,-0.1224,nan,nan,nan,nan
92.5020,-0.0027,-0.0022,1.1980,0.0413,-0.0300,0.0141,0.2559,-0.0045,1.1042,0.2752,-0.1792,34.4989,36.7824,-0.1257,nan,nan,nan,nan
92.5375,-0.0028,-0.0023,1.1980,0.0387,-0.0279,0.0105,0.2559,-0.0045,1.1041,0.2752,-0.1634,34.4996,36.7821,-0.1290,nan,nan,nan,nan
92.5681,-0.0028,-0.0023,1.1980,0.0365,-0.0262,0.0077,0.2558,-0.0045,1.1041,0.2752,-0.1511,34.4981,36.7792,-0.1277,nan,nan,nan,nan
92.5896,-0.0028,-0.0023,1.1980,0.0365,-0.0262,0.0077,0.2558,-0.0045,1.1041,0.2752,-0.1448,34.4971,36.7772,-0.1265,nan,nan,nan,nan
92.6160,-0.0028,-0.0024,1.1980,0.0339,-0.0245,0.0045,0.2558,-0.0045,1.1041,0.2752,-0.1210,34.4964,36.7755,-0.1266,nan,nan,nan,nan
92.6431,-0.0028,-0.0024,1.1980,0.0295,-0.0219,-0.0011,0.2558,-0.0044,1.1041,0.2752,-0.1033,34.4971,36.7744,-0.1293,nan,nan,nan,nan
92.6692,-0.0028,-0.0025,1.1980,0.0295,-0.0219,-0.0011,0.2558,-0.0044,1.1041,0.2752,-0.0825,34.4978,36.7738,-0.1322,nan,nan,nan,nan
92.6967,-0.0028,-0.0025,1.1980,0.0238,-0.0192,-0.0076,0.2558,-0.0043,1.1041,0.2752,-0.0502,34.4983,36.7716,-0.1369,nan,nan,nan,nan
92.7241,-0.0029,-0.0025,1.1980,0.0182,-0.0166,-0.0136,0.2558,-0.0043,1.1040,0.2752,-0.0203,34.4983,36.7669,-0.1384,nan,nan,nan,nan
92.7529,-0.0029,-0.0026,1.1980,0.0127,-0.0137,-0.0188,0.2558,-0.0042,1.1040,0.2752,0.0149,34.4992,36.7621,-0.1332,nan,nan,nan,nan
92.7782,-0.0029,-0.0026,1.1980,0.0127,-0.0137,-0.0188,0.2557,-0.0042,1.1040,0.2752,0.0305,34.5002,36.7621,-0.1331,nan,nan,nan,nan
92.8010,-0.0029,-0.0027,1.1980,0.0073,-0.0104,-0.0232,0.2557,-0.0041,1.1040,0.2752,0.0515,34.5012,36.7615,-0.1343,nan,nan,nan,nan
92.8359,-0.0029,-0.0027,1.1980,0.0022,-0.0076,-0.0271,0.2557,-0.0041,1.1040,0.2752,0.0704,34.5008,36.7587,-0.1379,nan,nan,nan,nan
92.8632,-0.0029,-0.0028,1.1980,0.0022,-0.0076,-0.0271,0.2557,-0.0041,1.1040,0.2752,0.0844,34.4988,36.7598,-0.1390,nan,nan,nan,nan
92.8888,-0.0030,-0.0028,1.1980,-0.0024,-0.0051,-0.0296,0.2557,-0.0041,1.1040,0.2752,0.0912,34.4970,36.7627,-0.1399,nan,nan,nan,nan
92.9155,-0.0030,-0.0028,1.1980,-0.0072,-0.0022,-0.0316,0.2556,-0.0041,1.1040,0.2752,0.1028,34.4960,36.7664,-0.1397,nan,nan,nan,nan
92.9446,-0.0030,-0.0029,1.1980,-0.0072,-0.0022,-0.0316,0.2556,-0.0041,1.1039,0.2752,0.1130,34.4962,36.7667,-0.1407,nan,nan,nan,nan
92.9703,-0.0030,-0.0029,1.1980,-0.0121,0.0007,-0.0333,0.2556,-0.0041,1.1039,0.2752,0.1156,34.4964,36.7666,-0.1416,nan,nan,nan,nan
92.9979,-0.0030,-0.0029,1.1980,-0.0165,0.0036,-0.0331,0.2556,-0.0042,1.1039,0.2752,0.1190,34.4977,36.7675,-0.1451,nan,nan,nan,nan
93.0307,-0.0030,-0.0030,1.1980,-0.0204,0.0067,-0.0311,0.2556,-0.0042,1.1039,0.2752,0.1132,34.5006,36.7676,-0.1505,nan,nan,nan,nan
93.0527,-0.0030,-0.0030,1.1980,-0.0204,0.0067,-0.0311,0.2555,-0.0043,1.1039,0.2752,0.1018,34.5028,36.7688,-0.1555,nan,nan,nan,nan
93.0778,-0.0031,-0.0030,1.1980,-0.0234,0.0095,-0.0279,0.2555,-0.0044,1.1039,0.2752,0.0971,34.5028,36.7698,-0.1572,nan,nan,nan,nan
93.1090,-0.0031,-0.0031,1.1980,-0.0262,0.0116,-0.0245,0.2555,-0.0044,1.1039,0.2752,0.0795,34.5025,36.7696,-0.1612,nan,nan,nan,nan
93.1318,-0.0031,-0.0031,1.1980,-0.0262,0.0116,-0.0245,0.2555,-0.0045,1.1039,0.2752,0.0694,34.5012,36.7712,-0.1617,nan,nan,nan,nan
93.1622,-0.0031,-0.0031,1.1980,-0.0300,0.0135,-0.0216,0.2555,-0.0045,1.1039,0.2752,0.0679,34.5010,36.7720,-0.1607,nan,nan,nan,nan
93.2028,-0.0031,-0.0031,1.1980,-0.0347,0.0153,-0.0207,0.2555,-0.0046,1.1039,0.2752,0.0688,34.5004,36.7691,-0.1600,nan,nan,nan,nan
93.2266,-0.0031,-0.0032,1.1980,-0.0347,0.0153,-0.0207,0.2555,-0.0046,1.1039,0.2752,0.0690,34.5002,36.7669,-0.1601,nan,nan,nan,nan
93.2556,-0.0031,-0.0032,1.1980,-0.0394,0.0164,-0.0196,0.2555,-0.0046,1.1039,0.2752,0.0684,34.4987,36.7610,-0.1587,nan,nan,nan,nan
93.2900,-0.0031,-0.0032,1.1980,-0.0437,0.0168,-0.0181,0.2555,-0.0047,1.1038,0.2752,0.0672,34.4953,36.7497,-0.1535,nan,nan,nan,nan
93.3253,-0.0032,-0.0033,1.1980,-0.0481,0.0168,-0.0161,0.2555,-0.0047,1.1038,0.2753,0.0634,34.4914,36.7364,-0.1447,nan,nan,nan,nan
93.3477,-0.0032,-0.0033,1.1980,-0.0481,0.0168,-0.0161,0.2554,-0.0047,1.1037,0.2753,0.0625,34.4900,36.7276,-0.1415,nan,nan,nan,nan
93.3681,-0.0032,-0.0033,1.1980,-0.0525,0.0170,-0.0146,0.2554,-0.0048,1.1037,0.2753,0.0623,34.4903,36.7218,-0.1393,nan,nan,nan,nan
93.3939,-0.0032,-0.0033,1.1980,-0.0569,0.0174,-0.0132,0.2554,-0.0048,1.1037,0.2753,0.0628,34.4901,36.7200,-0.1362,nan,nan,nan,nan
93.4204,-0.0032,-0.0033,1.1980,-0.0569,0.0174,-0.0132,0.2554,-0.0048,1.1037,0.2753,0.0601,34.4892,36.7209,-0.1305,nan,nan,nan,nan
93.4457,-0.0032,-0.0034,1.1980,-0.0606,0.0176,-0.0106,0.2554,-0.0049,1.1037,0.2753,0.0577,34.4892,36.7218,-0.1279,nan,nan,nan,nan
93.4749,-0.0032,-0.0034,1.1980,-0.0631,0.0180,-0.0073,0.2554,-0.0049,1.1037,0.2753,0.0432,34.4890,36.7277,-0.1183,nan,nan,nan,nan
93.5033,-0.0032,-0.0034,1.1980,-0.0653,0.0184,-0.0034,0.2554,-0.0050,1.1037,0.2753,0.0261,34.4895,36.7345,-0.1129,nan,nan,nan,nan
93.5253,-0.0032,-0.0034,1.1980,-0.0653,0.0184,-0.0034,0.2554,-0.0051,1.1037,0.2753,0.0182,34.4906,36.7390,-0.1116,nan,nan,nan,nan
93.5490,-0.0032,-0.0034,1.1980,-0.0674,0.0188,0.0005,0.2554,-0.0051,1.1038,0.2753,0.0087,34.4921,36.7407,-0.1113,nan,nan,nan,nan
93.5746,-0.0033,-0.0034,1.1980,-0.0691,0.0188,0.0052,0.2553,-0.0052,1.1038,0.2752,-0.0136,34.4941,36.7431,-0.1130,nan,nan,nan,nan
93.6010,-0.0033,-0.0034,1.1980,-0.0691,0.0188,0.0052,0.2553,-0.0052,1.1038,0.2752,-0.0260,34.4948,36.7444,-0.1141,nan,nan,nan,nan
93.6234,-0.0033,-0.0034,1.1980,-0.0713,0.0182,0.0085,0.2553,-0.0052,1.1038,0.2752,-0.0312,34.4939,36.7455,-0.1147,nan,nan,nan,nan
93.6436,-0.0033,-0.0034,1.1980,-0.0733,0.0173,0.0113,0.2553,-0.0053,1.1038,0.2752,-0.0403,34.4937,36.7459,-0.1085,nan,nan,nan,nan
93.6666,-0.0033,-0.0034,1.1980,-0.0733,0.0173,0.0113,0.2553,-0.0053,1.1038,0.2752,-0.0471,34.4944,36.7454,-0.1010,nan,nan,nan,nan
93.6923,-0.0033,-0.0034,1.1980,-0.0749,0.0165,0.0146,0.2553,-0.0054,1.1038,0.2752,-0.0587,34.4961,36.7478,-0.0880,nan,nan,nan,nan
93.7225,-0.0033,-0.0034,1.1980,-0.0753,0.0158,0.0175,0.2553,-0.0054,1.1038,0.2752,-0.0723,34.4982,36.7475,-0.0799,nan,nan,nan,nan
93.7498,-0.0033,-0.0034,1.1980,-0.0753,0.0158,0.0175,0.2553,-0.0055,1.1038,0.2752,-0.0820,34.4986,36.7464,-0.0793,nan,nan,nan,nan
93.7770,-0.0033,-0.0034,1.1980,-0.0753,0.0143,0.0207,0.2553,-0.0055,1.1038,0.2752,-0.0950,34.4965,36.7452,-0.0796,nan,nan,nan,nan
93.8136,-0.0033,-0.0034,1.1980,-0.0754,0.0124,0.0230,0.2553,-0.0055,1.1038,0.2752,-0.1044,34.4941,36.7444,-0.0801,nan,nan,nan,nan
93.8501,-0.0033,-0.0034,1.1980,-0.0755,0.0104,0.0237,0.2553,-0.0055,1.1038,0.2753,-0.1099,34.4916,36.7385,-0.0814,nan,nan,nan,nan
93.8741,-0.0033,-0.0034,1.1980,-0.0755,0.0104,0.0237,0.2553,-0.0055,1.1038,0.2753,-0.1092,34.4900,36.7354,-0.0791,nan,nan,nan,nan
93.8993,-0.0033,-0.0034,1.1980,-0.0759,0.0084,0.0228,0.2553,-0.0055,1.1038,0.2753,-0.1066,34.4894,36.7282,-0.0791,nan,nan,nan,nan
93.9204,-0.0033,-0.0034,1.1980,-0.0759,0.0068,0.0216,0.2553,-0.0055,1.1037,0.2753,-0.1019,34.4888,36.7236,-0.0789,nan,nan,nan,nan
93.9439,-0.0033,-0.0034,1.1980,-0.0759,0.0068,0.0216,0.2553,-0.0055,1.1037,0.2753,-0.0935,34.4894,36.7209,-0.0776,nan,nan,nan,nan
94.2949,-0.0033,-0.0034,1.1980,-0.0761,0.0059,0.0193,0.2553,-0.0054,1.1037,0.2753,-0.0907,34.4898,36.7210,-0.0775,nan,nan,nan,nan
94.3229,-0.0033,-0.0034,1.1980,-0.0761,0.0059,0.0193,0.2553,-0.0054,1.1038,0.2753,-0.0835,34.4907,36.7201,-0.0777,nan,nan,nan,nan
94.3500,-0.0033,-0.0034,1.1980,-0.0758,0.0052,0.0173,0.2553,-0.0054,1.1038,0.2753,-0.0795,34.4909,36.7191,-0.0758,nan,nan,nan,nan
94.3744,-0.0033,-0.0033,1.1980,-0.0744,0.0045,0.0153,0.2553,-0.0053,1.1038,0.2753,-0.0746,34.4903,36.7197,-0.0723,nan,nan,nan,nan
94.3962,-0.0033,-0.0033,1.1980,-0.0744,0.0045,0.0153,0.2553,-0.0053,1.1038,0.2753,-0.0695,34.4898,36.7230,-0.0697,nan,nan,nan,nan
94.4195,-0.0033,-0.0033,1.1980,-0.0725,0.0043,0.0130,0.2553,-0.0053,1.1038,0.2753,-0.0667,34.4911,36.7242,-0.0660,nan,nan,nan,nan
94.4419,-0.0033,-0.0033,1.1980,-0.0701,0.0048,0.0117,0.2553,-0.0053,1.1038,0.2753,-0.0651,34.4935,36.7257,-0.0594,nan,nan,nan,nan
94.4638,-0.0033,-0.0033,1.1980,-0.0701,0.0048,0.0117,0.2553,-0.0052,1.1038,0.2753,-0.0648,34.4976,36.7259,-0.0505,nan,nan,nan,nan
94.4914,-0.0033,-0.0033,1.1980,-0.0667,0.0057,0.0102,0.2553,-0.0052,1.1038,0.2753,-0.0653,34.5002,36.7265,-0.0424,nan,nan,nan,nan
94.5198,-0.0033,-0.0032,1.1980,-0.0628,0.0067,0.0088,0.2553,-0.0052,1.1038,0.2753,-0.0665,34.5027,36.7279,-0.0335,nan,nan,nan,nan
94.5427,-0.0033,-0.0032,1.1980,-0.0628,0.0067,0.0088,0.2553,-0.0052,1.1038,0.2753,-0.0657,34.5046,36.7261,-0.0299,nan,nan,nan,nan
94.5628,-0.0033,-0.0032,1.1980,-0.0589,0.0076,0.0067,0.2553,-0.0051,1.1038,0.2753,-0.0604,34.5057,36.7254,-0.0291,nan,nan,nan,nan
94.5899,-0.0033,-0.0031,1.1980,-0.0549,0.0083,0.0038,0.2553,-0.0051,1.1038,0.2753,-0.0569,34.5058,36.7257,-0.0282,nan,nan,nan,nan
94.6165,-0.0033,-0.0031,1.1980,-0.0502,0.0090,0.0022,0.2553,-0.0050,1.1038,0.2753,-0.0562,34.5060,36.7280,-0.0217,nan,nan,nan,nan
94.6479,-0.0034,-0.0031,1.1980,-0.0449,0.0099,0.0007,0.2553,-0.0050,1.1038,0.2753,-0.0577,34.5069,36.7288,-0.0113,nan,nan,nan,nan
94.6731,-0.0034,-0.0030,1.1980,-0.0388,0.0112,-0.0011,0.2553,-0.0050,1.1038,0.2753,-0.0597,34.5095,36.7263,-0.0041,nan,nan,nan,nan
94.6960,-0.0034,-0.0030,1.1980,-0.0388,0.0112,-0.0011,0.2553,-0.0049,1.1038,0.2753,-0.0578,34.5108,36.7230,0.0041,nan,nan,nan,nan
94.7209,-0.0034,-0.0029,1.1980,-0.0330,0.0123,-0.0037,0.2553,-0.0049,1.1038,0.2753,-0.0556,34.5110,36.7213,0.0093,nan,nan,nan,nan
94.7448,-0.0034,-0.0029,1.1980,-0.0270,0.0132,-0.0063,0.2553,-0.0048,1.1038,0.2753,-0.0534,34.5108,36.7185,0.0157,nan,nan,nan,nan
94.7656,-0.0034,-0.0029,1.1980,-0.0270,0.0132,-0.0063,0.2553,-0.0048,1.1038,0.2753,-0.0521,34.5107,36.7161,0.0183,nan,nan,nan,nan
94.7857,-0.0034,-0.0028,1.1980,-0.0208,0.0141,-0.0086,0.2553,-0.0048,1.1038,0.2753,-0.0507,34.5102,36.7140,0.0192,nan,nan,nan,nan
94.8178,-0.0034,-0.0028,1.1980,-0.0147,0.0146,-0.0111,0.2553,-0.0047,1.1038,0.2753,-0.0469,34.5060,36.7133,0.0217,nan,nan,nan,nan
94.8427,-0.0034,-0.0028,1.1980,-0.0147,0.0146,-0.0111,0.2553,-0.0047,1.1038,0.2753,-0.0454,34.5022,36.7148,0.0288,nan,nan,nan,nan
94.8706,-0.0034,-0.0027,1.1980,-0.0085,0.0152,-0.0132,0.2553,-0.0046,1.1038,0.2753,-0.0455,34.5011,36.7160,0.0310,nan,nan,nan,nan
94.8975,-0.0034,-0.0027,1.1980,-0.0021,0.0162,-0.0149,0.2553,-0.0046,1.1038,0.2753,-0.0462,34.4982,36.7203,0.0387,nan,nan,nan,nan
94.9207,-0.0033,-0.0026,1.1980,-0.0021,0.0162,-0.0149,0.2553,-0.0045,1.1038,0.2753,-0.0446,34.4972,36.7248,0.0395,nan,nan,nan,nan
94.9466,-0.0033,-0.0026,1.1980,0.0040,0.0177,-0.0172,0.2553,-0.0045,1.1038,0.2753,-0.0440,34.4971,36.7262,0.0396,nan,nan,nan,nan
94.9741,-0.0033,-0.0026,1.1980,0.0095,0.0195,-0.0199,0.2553,-0.0044,1.1038,0.2753,-0.0380,34.4984,36.7297,0.0442,nan,nan,nan,nan
94.9998,-0.0033,-0.0025,1.1980,0.0142,0.0210,-0.0227,0.2553,-0.0044,1.1038,0.2753,-0.0291,34.4995,36.7267,0.0494,nan,nan,nan,nan
95.0267,-0.0033,-0.0025,1.1981,0.0142,0.0210,-0.0227,0.2553,-0.0043,1.1038,0.2753,-0.0236,34.4985,36.7238,0.0513,nan,nan,nan,nan
95.0540,-0.0033,-0.0025,1.1981,0.0186,0.0216,-0.0259,0.2553,-0.0042,1.1037,0.2753,-0.0171,34.4971,36.7208,0.0535,nan,nan,nan,nan
95.0791,-0.0033,-0.0024,1.1981,0.0226,0.0226,-0.0295,0.2553,-0.0042,1.1037,0.2753,-0.0035,34.4978,36.7172,0.0597,nan,nan,nan,nan
95.1019,-0.0033,-0.0024,1.1981,0.0226,0.0226,-0.0295,0.2553,-0.0041,1.1037,0.2753,-0.0001,34.4976,36.7179,0.0626,nan,nan,nan,nan
95.1228,-0.0033,-0.0024,1.1981,0.0269,0.0236,-0.0314,0.2553,-0.0041,1.1037,0.2753,0.0037,34.4976,36.7226,0.0698,nan,nan,nan,nan
95.1460,-0.0033,-0.0023,1.1981,0.0310,0.0250,-0.0332,0.2553,-0.0040,1.1038,0.2753,0.0048,34.4983,36.7270,0.0723,nan,nan,nan,nan
95.1701,-0.0033,-0.0023,1.1981,0.0310,0.0250,-0.0332,0.2553,-0.0040,1.1038,0.2753,0.0026,34.4985,36.7311,0.0743,nan,nan,nan,nan
95.1937,-0.0033,-0.0023,1.1981,0.0354,0.0264,-0.0334,0.2553,-0.0040,1.1038,0.2752,-0.0031,34.4992,36.7371,0.0739,nan,nan,nan,nan
95.2175,-0.0033,-0.0022,1.1981,0.0399,0.0277,-0.0321,0.2553,-0.0040,1.1038,0.2752,-0.0140,34.4996,36.7436,0.0768,nan,nan,nan,nan
95.2419,-0.0033,-0.0022,1.1981,0.0451,0.0285,-0.0292,0.2553,-0.0040,1.1038,0.2752,-0.0381,34.4985,36.7508,0.0761,nan,nan,nan,nan
95.2651,-0.0033,-0.0021,1.1981,0.0498,0.0285,-0.0263,0.2553,-0.0041,1.1038,0.2752,-0.0618,34.4959,36.7485,0.0752,nan,nan,nan,nan
95.2915,-0.0033,-0.0021,1.1981,0.0498,0.0285,-0.0263,0.2553,-0.0041,1.1038,0.2752,-0.0752,34.4950,36.7483,0.0777,nan,nan,nan,nan
95.3177,-0.0032,-0.0021,1.1981,0.0538,0.0286,-0.0247,0.2553,-0.0041,1.1038,0.2752,-0.0789,34.4955,36.7477,0.0781,nan,nan,nan,nan
95.3455,-0.0032,-0.0021,1.1981,0.0572,0.0289,-0.0235,0.2553,-0.0041,1.1038,0.2752,-0.0936,34.4989,36.7431,0.0779,nan,nan,nan,nan
95.3771,-0.0032,-0.0020,1.1981,0.0608,0.0289,-0.0221,0.2554,-0.0041,1.1038,0.2752,-0.1111,34.5028,36.7364,0.0759,nan,nan,nan,nan
95.4035,-0.0032,-0.0020,1.1981,0.0608,0.0289,-0.0221,0.2554,-0.0041,1.1038,0.2753,-0.1243,34.5036,36.7288,0.0709,nan,nan,nan,nan
95.4306,-0.0032,-0.0020,1.1981,0.0640,0.0284,-0.0203,0.2554,-0.0042,1.1038,0.2753,-0.1287,34.5040,36.7259,0.0686,nan,nan,nan,nan
95.4541,-0.0032,-0.0019,1.1981,0.0677,0.0277,-0.0177,0.2554,-0.0042,1.1037,0.2753,-0.1526,34.5062,36.7143,0.0549,nan,nan,nan,nan
95.4757,-0.0032,-0.0019,1.1981,0.0677,0.0277,-0.0177,0.2555,-0.0043,1.1037,0.2753,-0.1782,34.5072,36.7077,0.0450,nan,nan,nan,nan
95.4964,-0.0032,-0.0019,1.1981,0.0721,0.0271,-0.0131,0.2555,-0.0044,1.1037,0.2753,-0.1992,34.5074,36.7053,0.0425,nan,nan,nan,nan
95.5180,-0.0031,-0.0019,1.1981,0.0772,0.0264,-0.0071,0.2555,-0.0044,1.1037,0.2753,-0.2332,34.5075,36.7017,0.0419,nan,nan,nan,nan
95.5501,-0.0031,-0.0018,1.1981,0.0819,0.0259,-0.0017,0.2555,-0.0045,1.1037,0.2753,-0.2749,34.5093,36.6968,0.0379,nan,nan,nan,nan
95.5810,-0.0031,-0.0018,1.1981,0.0854,0.0254,0.0013,0.2555,-0.0046,1.1037,0.2753,-0.3028,34.5101,36.6957,0.0306,nan,nan,nan,nan
95.6149,-0.0031,-0.0018,1.1981,0.0876,0.0252,0.0026,0.2556,-0.0047,1.1037,0.2753,-0.3178,34.5123,36.6967,0.0285,nan,nan,nan,nan
95.6374,-0.0031,-0.0018,1.1981,0.0876,0.0252,0.0026,0.2556,-0.0047,1.1037,0.2753,-0.3238,34.5135,36.6982,0.0288,nan,nan,nan,nan
95.6618,-0.0030,-0.0018,1.1981,0.0895,0.0253,0.0027,0.2556,-0.0047,1.1038,0.2753,-0.3287,34.5165,36.6995,0.0292,nan,nan,nan,nan
95.6870,-0.0030,-0.0018,1.1981,0.0903,0.0256,0.0017,0.2556,-0.0047,1.1038,0.2753,-0.3267,34.5198,36.7000,0.0334,nan,nan,nan,nan
95.7092,-0.0030,-0.0018,1.1981,0.0903,0.0255,-0.0006,0.2557,-0.0047,1.1038,0.2753,-0.3205,34.5213,36.6986,0.0357,nan,nan,nan,nan
95.7361,-0.0030,-0.0018,1.1981,0.0903,0.0255,-0.0006,0.2557,-0.0046,1.1038,0.2753,-0.3086,34.5225,36.6980,0.0355,nan,nan,nan,nan
95.7570,-0.0029,-0.0018,1.1981,0.0895,0.0255,-0.0045,0.2557,-0.0046,1.1038,0.2753,-0.2958,34.5226,36.6986,0.0348,nan,nan,nan,nan
95.7772,-0.0029,-0.0018,1.1980,0.0869,0.0255,-0.0110,0.2557,-0.0045,1.1038,0.2753,-0.2668,34.5226,36.7000,0.0316,nan,nan,nan,nan
95.8078,-0.0029,-0.0019,1.1980,0.0829,0.0255,-0.0194,0.2557,-0.0044,1.1038,0.2753,-0.2160,34.5225,36.7027,0.0280,nan,nan,nan,nan
95.8309,-0.0029,-0.0019,1.1980,0.0829,0.0255,-0.0194,0.2558,-0.0043,1.1038,0.2753,-0.1763,34.5210,36.7049,0.0250,nan,nan,nan,nan
95.8541,-0.0029,-0.0019,1.1980,0.0787,0.0253,-0.0283,0.2558,-0.0041,1.1038,0.2753,-0.1473,34.5208,36.7058,0.0267,nan,nan,nan,nan
95.8765,-0.0028,-0.0019,1.1980,0.0739,0.0257,-0.0387,0.2558,-0.0040,1.1038,0.2753,-0.0999,34.5226,36.7067,0.0296,nan,nan,nan,nan
95.9049,-0.0028,-0.0020,1.1980,0.0684,0.0266,-0.0488,0.2558,-0.0038,1.1038,0.2753,-0.0355,34.5268,36.7092,0.0309,nan,nan,nan,nan
95.9397,-0.0028,-0.0020,1.1980,0.0623,0.0274,-0.0583,0.2559,-0.0037,1.1038,0.2753,0.0278,34.5294,36.7116,0.0277,nan,nan,nan,nan
95.9619,-0.0027,-0.0021,1.1980,0.0623,0.0274,-0.0583,0.2559,-0.0036,1.1038,0.2753,0.0544,34.5305,36.7123,0.0263,nan,nan,nan,nan
95.9842,-0.0027,-0.0021,1.1980,0.0570,0.0280,-0.0659,0.2559,-0.0035,1.1038,0.2753,0.0874,34.5326,36.7107,0.0232,nan,nan,nan,nan
96.0195,-0.0027,-0.0021,1.1980,0.0531,0.0283,-0.0701,0.2559,-0.0035,1.1038,0.2753,0.1079,34.5331,36.7100,0.0226,nan,nan,nan,nan
96.0464,-0.0027,-0.0021,1.1980,0.0531,0.0283,-0.0701,0.2560,-0.0035,1.1038,0.2753,0.1152,34.5337,36.7099,0.0270,nan,nan,nan,nan
96.0707,-0.0026,-0.0022,1.1980,0.0507,0.0285,-0.0714,0.2560,-0.0035,1.1038,0.2753,0.1176,34.5353,36.7095,0.0320,nan,nan,nan,nan
96.1071,-0.0026,-0.0022,1.1980,0.0493,0.0285,-0.0692,0.2560,-0.0035,1.1038,0.2753,0.1070,34.5370,36.7047,0.0398,nan,nan,nan,nan
96.1372,-0.0026,-0.0022,1.1980,0.0492,0.0278,-0.0646,0.2561,-0.0037,1.1038,0.2753,0.0790,34.5358,36.6994,0.0454,nan,nan,nan,nan
96.1598,-0.0025,-0.0022,1.1980,0.0492,0.0278,-0.0646,0.2561,-0.0038,1.1038,0.2753,0.0535,34.5341,36.6967,0.0491,nan,nan,nan,nan
96.1881,-0.0025,-0.0023,1.1981,0.0490,0.0271,-0.0591,0.2561,-0.0039,1.1038,0.2753,0.0326,34.5335,36.6949,0.0535,nan,nan,nan,nan
96.2103,-0.0025,-0.0023,1.1981,0.0471,0.0270,-0.0544,0.2562,-0.0040,1.1038,0.2753,0.0210,34.5337,36.6944,0.0555,nan,nan,nan,nan
96.2349,-0.0024,-0.0023,1.1981,0.0448,0.0267,-0.0498,0.2562,-0.0041,1.1038,0.2753,-0.0091,34.5321,36.6927,0.0555,nan,nan,nan,nan
96.2632,-0.0024,-0.0024,1.1981,0.0423,0.0262,-0.0454,0.2563,-0.0042,1.1038,0.2753,-0.0254,34.5302,36.6919,0.0584,nan,nan,nan,nan
96.2835,-0.0024,-0.0024,1.1981,0.0423,0.0262,-0.0454,0.2563,-0.0043,1.1038,0.2753,-0.0340,34.5280,36.6921,0.0621,nan,nan,nan,nan
96.3103,-0.0023,-0.0024,1.1981,0.0380,0.0257,-0.0426,0.2563,-0.0043,1.1038,0.2753,-0.0366,34.5266,36.6921,0.0595,nan,nan,nan,nan
96.3382,-0.0023,-0.0025,1.1981,0.0325,0.0257,-0.0408,0.2564,-0.0044,1.1038,0.2753,-0.0367,34.5267,36.6920,0.0567,nan,nan,nan,nan
96.3684,-0.0023,-0.0025,1.1981,0.0263,0.0264,-0.0389,0.2564,-0.0044,1.1038,0.2753,-0.0369,34.5303,36.6917,0.0550,nan,nan,nan,nan
96.3935,-0.0022,-0.0026,1.1981,0.0263,0.0264,-0.0389,0.2564,-0.0045,1.1038,0.2753,-0.0378,34.5324,36.6913,0.0542,nan,nan,nan,nan
96.4178,-0.0022,-0.0026,1.1981,0.0201,0.0272,-0.0368,0.2565,-0.0045,1.1038,0.2753,-0.0391,34.5343,36.6928,0.0559,nan,nan,nan,nan
96.4426,-0.0022,-0.0026,1.1981,0.0137,0.0278,-0.0352,0.2565,-0.0045,1.1038,0.2753,-0.0384,34.5352,36.6946,0.0569,nan,nan,nan,nan
96.4670,-0.0021,-0.0027,1.1981,0.0137,0.0278,-0.0352,0.2565,-0.0046,1.1038,0.2753,-0.0373,34.5370,36.6954,0.0592,nan,nan,nan,nan
96.4919,-0.0021,-0.0027,1.1981,0.0072,0.0286,-0.0337,0.2566,-0.0046,1.1039,0.2753,-0.0366,34.5374,36.6974,0.0624,nan,nan,nan,nan
96.5175,-0.0020,-0.0027,1.1981,0.0010,0.0288,-0.0319,0.2566,-0.0046,1.1039,0.2753,-0.0369,34.5374,36.6991,0.0687,nan,nan,nan,nan
96.5501,-0.0020,-0.0028,1.1981,-0.0052,0.0290,-0.0298,0.2566,-0.0047,1.1039,0.2753,-0.0379,34.5367,36.7040,0.0733,nan,nan,nan,nan
96.5740,-0.0019,-0.0028,1.1981,-0.0052,0.0290,-0.0298,0.2567,-0.0047,1.1039,0.2753,-0.0371,34.5372,36.7057,0.0729,nan,nan,nan,nan
96.6026,-0.0019,-0.0029,1.1981,-0.0115,0.0291,-0.0284,0.2567,-0.0048,1.1039,0.2753,-0.0358,34.5372,36.7078,0.0737,nan,nan,nan,nan
96.6233,-0.0019,-0.0029,1.1981,-0.0115,0.0291,-0.0284,0.2567,-0.0048,1.1039,0.2752,-0.0349,34.5374,36.7121,0.0739,nan,nan,nan,nan
96.6515,-0.0019,-0.0029,1.1981,-0.0175,0.0291,-0.0265,0.2568,-0.0048,1.1039,0.2752,-0.0364,34.5370,36.7171,0.0745,nan,nan,nan,nan
96.6803,-0.0018,-0.0030,1.1981,-0.0220,0.0292,-0.0235,0.2568,-0.0049,1.1039,0.2752,-0.0453,34.5379,36.7217,0.0769,nan,nan,nan,nan
96.7037,-0.0018,-0.0030,1.1981,-0.0220,0.0292,-0.0235,0.2568,-0.0050,1.1040,0.2752,-0.0620,34.5378,36.7269,0.0823,nan,nan,nan,nan
96.7301,-0.0017,-0.0030,1.1981,-0.0250,0.0289,-0.0185,0.2569,-0.0051,1.1040,0.2752,-0.0688,34.5374,36.7283,0.0841,nan,nan,nan,nan
96.7541,-0.0017,-0.0030,1.1981,-0.0272,0.0281,-0.0133,0.2569,-0.0052,1.1040,0.2752,-0.0953,34.5351,36.7287,0.0844,nan,nan,nan,nan
96.7786,-0.0016,-0.0031,1.1981,-0.0272,0.0281,-0.0133,0.2570,-0.0053,1.1040,0.2752,-0.1071,34.5334,36.7280,0.0843,nan,nan,nan,nan
96.8063,-0.0016,-0.0031,1.1981,-0.0294,0.0272,-0.0091,0.2570,-0.0053,1.1040,0.2752,-0.1164,34.5313,36.7297,0.0828,nan,nan,nan,nan
96.8449,-0.0016,-0.0031,1.1981,-0.0316,0.0267,-0.0061,0.2570,-0.0054,1.1040,0.2752,-0.1307,34.5274,36.7359,0.0822,nan,nan,nan,nan
96.8702,-0.0015,-0.0032,1.1981,-0.0316,0.0267,-0.0061,0.2571,-0.0055,1.1040,0.2752,-0.1359,34.5258,36.7378,0.0825,nan,nan,nan,nan
96.8934,-0.0015,-0.0032,1.1981,-0.0338,0.0263,-0.0041,0.2571,-0.0055,1.1040,0.2752,-0.1406,34.5235,36.7422,0.0785,nan,nan,nan,nan
96.9261,-0.0014,-0.0032,1.1981,-0.0362,0.0263,-0.0030,0.2571,-0.0055,1.1040,0.2752,-0.1434,34.5232,36.7444,0.0723,nan,nan,nan,nan
96.9506,-0.0014,-0.0033,1.1981,-0.0362,0.0263,-0.0030,0.2572,-0.0056,1.1040,0.2752,-0.1445,34.5232,36.7464,0.0679,nan,nan,nan,nan
96.9716,-0.0013,-0.0033,1.1981,-0.0383,0.0263,-0.0025,0.2572,-0.0056,1.1040,0.2752,-0.1439,34.5228,36.7478,0.0569,nan,nan,nan,nan
96.9952,-0.0013,-0.0033,1.1981,-0.0406,0.0260,-0.0024,0.2573,-0.0056,1.1040,0.2752,-0.1423,34.5218,36.7493,0.0457,nan,nan,nan,nan
97.0175,-0.0012,-0.0033,1.1981,-0.0406,0.0260,-0.0024,0.2573,-0.0057,1.1040,0.2752,-0.1428,34.5209,36.7493,0.0419,nan,nan,nan,nan
97.0389,-0.0012,-0.0034,1.1981,-0.0419,0.0255,-0.0018,0.2574,-0.0057,1.1040,0.2752,-0.1464,34.5201,36.7482,0.0404,nan,nan,nan,nan
97.0734,-0.0012,-0.0034,1.1981,-0.0424,0.0250,-0.0014,0.2574,-0.0057,1.1040,0.2752,-0.1500,34.5196,36.7475,0.0379,nan,nan,nan,nan
97.1006,-0.0011,-0.0034,1.1981,-0.0424,0.0250,-0.0014,0.2575,-0.0058,1.1040,0.2752,-0.1509,34.5203,36.7469,0.0319,nan,nan,nan,nan
97.1280,-0.0011,-0.0034,1.1981,-0.0433,0.0249,-0.0016,0.2575,-0.0058,1.1040,0.2752,-0.1492,34.5205,36.7471,0.0248,nan,nan,nan,nan
97.1546,-0.0010,-0.0034,1.1981,-0.0442,0.0245,-0.0024,0.2575,-0.0058,1.1040,0.2752,-0.1466,34.5199,36.7488,0.0179,nan,nan,nan,nan
97.1813,-0.0010,-0.0035,1.1981,-0.0442,0.0245,-0.0024,0.2576,-0.0058,1.1040,0.2752,-0.1455,34.5194,36.7508,0.0135,nan,nan,nan,nan
97.2035,-0.0009,-0.0035,1.1981,-0.0445,0.0239,-0.0031,0.2576,-0.0058,1.1040,0.2752,-0.1457,34.5188,36.7533,0.0073,nan,nan,nan,nan
97.2370,-0.0009,-0.0035,1.1981,-0.0443,0.0227,-0.0030,0.2577,-0.0059,1.1040,0.2752,-0.1489,34.5162,36.7545,0.0065,nan,nan,nan,nan
97.2642,-0.0008,-0.0035,1.1981,-0.0443,0.0227,-0.0030,0.2577,-0.0059,1.1040,0.2752,-0.1554,34.5150,36.7531,0.0084,nan,nan,nan,nan
97.2849,-0.0008,-0.0035,1.1981,-0.0431,0.0215,-0.0025,0.2578,-0.0059,1.1040,0.2752,-0.1575,34.5149,36.7528,0.0089,nan,nan,nan,nan
97.3098,-0.0007,-0.0036,1.1981,-0.0415,0.0208,-0.0026,0.2578,-0.0060,1.1040,0.2752,-0.1639,34.5168,36.7504,0.0077,nan,nan,nan,nan
97.3303,-0.0007,-0.0036,1.1982,-0.0415,0.0208,-0.0026,0.2579,-0.0060,1.1040,0.2752,-0.1644,34.5176,36.7484,0.0076,nan,nan,nan,nan
97.3589,-0.0006,-0.0036,1.1982,-0.0409,0.0195,-0.0032,0.2579,-0.0060,1.1040,0.2752,-0.1635,34.5177,36.7457,0.0070,nan,nan,nan,nan
97.3876,-0.0006,-0.0036,1.1982,-0.0396,0.0179,-0.0043,0.2580,-0.0060,1.1040,0.2752,-0.1631,34.5175,36.7420,0.0036,nan,nan,nan,nan
97.4243,-0.0005,-0.0036,1.1982,-0.0376,0.0168,-0.0045,0.2581,-0.0060,1.1040,0.2752,-0.1682,34.5202,36.7359,0.0019,nan,nan,nan,nan
97.4478,-0.0004,-0.0036,1.1982,-0.0376,0.0168,-0.0045,0.2582,-0.0061,1.1040,0.2752,-0.1786,34.5225,36.7305,0.0019,nan,nan,nan,nan
97.4752,-0.0004,-0.0036,1.1982,-0.0348,0.0154,-0.0032,0.2582,-0.0061,1.1040,0.2752,-0.1888,34.5231,36.7277,-0.0014,nan,nan,nan,nan
97.5118,-0.0003,-0.0036,1.1982,-0.0307,0.0136,-0.0006,0.2583,-0.0062,1.1040,0.2752,-0.2089,34.5241,36.7209,-0.0111,nan,nan,nan,nan
97.5385,-0.0003,-0.0036,1.1982,-0.0307,0.0136,-0.0006,0.2583,-0.0063,1.1040,0.2752,-0.2260,34.5235,36.7181,-0.0174,nan,nan,nan,nan
97.5595,-0.0003,-0.0036,1.1982,-0.0254,0.0111,0.0036,0.2584,-0.0064,1.1040,0.2752,-0.2559,34.5210,36.7175,-0.0273,nan,nan,nan,nan
97.5908,-0.0002,-0.0036,1.1982,-0.0199,0.0085,0.0076,0.2584,-0.0065,1.1040,0.2753,-0.2815,34.5202,36.7156,-0.0346,nan,nan,nan,nan
97.6114,-0.0001,-0.0036,1.1982,-0.0199,0.0085,0.0076,0.2585,-0.0066,1.1040,0.2753,-0.3006,34.5205,36.7120,-0.0421,nan,nan,nan,nan
97.6315,-0.0001,-0.0036,1.1982,-0.0155,0.0060,0.0098,0.2586,-0.0066,1.1040,0.2753,-0.3107,34.5194,36.7116,-0.0455,nan,nan,nan,nan
97.6538,-0.0000,-0.0036,1.1982,-0.0113,0.0035,0.0105,0.2586,-0.0067,1.1040,0.2753,-0.3222,34.5185,36.7133,-0.0513,nan,nan,nan,nan
97.6902,0.0000,-0.0036,1.1982,-0.0074,0.0016,0.0102,0.2587,-0.0067,1.1040,0.2753,-0.3326,34.5210,36.7127,-0.0548,nan,nan,nan,nan
97.7119,0.0001,-0.0036,1.1982,-0.0074,0.0016,0.0102,0.2588,-0.0067,1.1041,0.2753,-0.3368,34.5231,36.7101,-0.0560,nan,nan,nan,nan
97.7348,0.0001,-0.0037,1.1982,-0.0035,-0.0003,0.0088,0.2588,-0.0067,1.1041,0.2753,-0.3388,34.5256,36.7078,-0.0565,nan,nan,nan,nan
97.7675,0.0002,-0.0037,1.1982,0.0004,-0.0020,0.0071,0.2589,-0.0068,1.1041,0.2753,-0.3413,34.5278,36.7066,-0.0559,nan,nan,nan,nan
97.7971,0.0003,-0.0037,1.1982,0.0036,-0.0036,0.0049,0.2589,-0.0068,1.1041,0.2753,-0.3405,34.5297,36.7084,-0.0532,nan,nan,nan,nan
97.8228,0.0003,-0.0037,1.1982,0.0036,-0.0036,0.0049,0.2590,-0.0068,1.1041,0.2752,-0.3357,34.5334,36.7114,-0.0500,nan,nan,nan,nan
97.8450,0.0004,-0.0037,1.1982,0.0060,-0.0048,0.0020,0.2590,-0.0068,1.1042,0.2752,-0.3332,34.5347,36.7129,-0.0494,nan,nan,nan,nan
97.8746,0.0004,-0.0037,1.1982,0.0078,-0.0062,-0.0025,0.2591,-0.0067,1.1042,0.2752,-0.3178,34.5378,36.7159,-0.0505,nan,nan,nan,nan
97.8988,0.0005,-0.0037,1.1982,0.0078,-0.0062,-0.0025,0.2592,-0.0067,1.1042,0.2752,-0.3001,34.5385,36.7168,-0.0527,nan,nan,nan,nan
97.9262,0.0005,-0.0037,1.1982,0.0087,-0.0081,-0.0080,0.2592,-0.0066,1.1042,0.2752,-0.2928,34.5381,36.7182,-0.0542,nan,nan,nan,nan
97.9550,0.0006,-0.0037,1.1982,0.0092,-0.0101,-0.0140,0.2593,-0.0066,1.1042,0.2752,-0.2635,34.5379,36.7205,-0.0556,nan,nan,nan,nan
97.9789,0.0006,-0.0038,1.1982,0.0092,-0.0101,-0.0140,0.2593,-0.0065,1.1042,0.2752,-0.2474,34.5394,36.7202,-0.0539,nan,nan,nan,nan
98.0020,0.0007,-0.0038,1.1982,0.0108,-0.0121,-0.0188,0.2594,-0.0065,1.1042,0.2752,-0.2441,34.5401,36.7191,-0.0542,nan,nan,nan,nan
98.0335,0.0007,-0.0038,1.1982,0.0131,-0.0140,-0.0218,0.2594,-0.0065,1.1042,0.2752,-0.2354,34.5430,36.7162,-0.0629,nan,nan,nan,nan
98.0602,0.0008,-0.0038,1.1982,0.0131,-0.0140,-0.0218,0.2595,-0.0065,1.1043,0.2752,-0.2329,34.5451,36.7146,-0.0712,nan,nan,nan,nan
98.0905,0.0008,-0.0038,1.1982,0.0158,-0.0159,-0.0237,0.2595,-0.0065,1.1043,0.2752,-0.2323,34.5459,36.7140,-0.0732,nan,nan,nan,nan
98.1251,0.0009,-0.0038,1.1982,0.0186,-0.0183,-0.0254,0.2596,-0.0065,1.1043,0.2752,-0.2301,34.5457,36.7131,-0.0813,nan,nan,nan,nan
98.1539,0.0010,-0.0038,1.1982,0.0219,-0.0208,-0.0273,0.2597,-0.0065,1.1043,0.2752,-0.2307,34.5458,36.7132,-0.0783,nan,nan,nan,nan
98.1834,0.0010,-0.0038,1.1982,0.0248,-0.0235,-0.0287,0.2597,-0.0066,1.1043,0.2752,-0.2311,34.5438,36.7134,-0.0773,nan,nan,nan,nan
98.2140,0.0011,-0.0038,1.1982,0.0275,-0.0261,-0.0296,0.2598,-0.0066,1.1043,0.2752,-0.2325,34.5407,36.7142,-0.0797,nan,nan,nan,nan
98.2453,0.0012,-0.0039,1.1982,0.0298,-0.0280,-0.0314,0.2599,-0.0066,1.1043,0.2752,-0.2286,34.5402,36.7149,-0.0827,nan,nan,nan,nan
98.2781,0.0012,-0.0039,1.1982,0.0306,-0.0294,-0.0351,0.2599,-0.0065,1.1043,0.2752,-0.2112,34.5409,36.7162,-0.0827,nan,nan,nan,nan
98.3027,0.0013,-0.0039,1.1982,0.0303,-0.0303,-0.0403,0.2600,-0.0065,1.1043,0.2752,-0.1836,34.5425,36.7179,-0.0871,nan,nan,nan,nan
98.3269,0.0014,-0.0039,1.1982,0.0303,-0.0303,-0.0403,0.2601,-0.0064,1.1044,0.2752,-0.1574,34.5439,36.7209,-0.0891,nan,nan,nan,nan
98.3535,0.0014,-0.0040,1.1982,0.0287,-0.0307,-0.0459,0.2601,-0.0064,1.1044,0.2752,-0.1484,34.5443,36.7211,-0.0891,nan,nan,nan,nan
98.3774,0.0014,-0.0040,1.1982,0.0265,-0.0309,-0.0518,0.2601,-0.0063,1.1044,0.2752,-0.1116,34.5461,36.7215,-0.0857,nan,nan,nan,nan
98.4069,0.0015,-0.0040,1.1982,0.0234,-0.0307,-0.0578,0.2602,-0.0062,1.1044,0.2752,-0.0712,34.5489,36.7181,-0.0800,nan,nan,nan,nan
98.4372,0.0015,-0.0041,1.1982,0.0192,-0.0303,-0.0641,0.2603,-0.0060,1.1044,0.2752,-0.0258,34.5513,36.7114,-0.0725,nan,nan,nan,nan
98.4598,0.0016,-0.0041,1.1982,0.0192,-0.0303,-0.0641,0.2603,-0.0059,1.1044,0.2752,0.0099,34.5522,36.7049,-0.0668,nan,nan,nan,nan
98.4811,0.0016,-0.0041,1.1982,0.0143,-0.0301,-0.0706,0.2604,-0.0059,1.1043,0.2752,0.0213,34.5523,36.7028,-0.0654,nan,nan,nan,nan
98.5159,0.0017,-0.0042,1.1982,0.0087,-0.0298,-0.0755,0.2604,-0.0058,1.1043,0.2753,0.0638,34.5529,36.6965,-0.0614,nan,nan,nan,nan
98.5524,0.0017,-0.0042,1.1982,0.0030,-0.0293,-0.0790,0.2605,-0.0057,1.1043,0.2753,0.0995,34.5543,36.6895,-0.0584,nan,nan,nan,nan
98.5755,0.0018,-0.0042,1.1982,0.0030,-0.0293,-0.0790,0.2605,-0.0057,1.1043,0.2753,0.1175,34.5531,36.6850,-0.0578,nan,nan,nan,nan
98.5964,0.0018,-0.0043,1.1982,-0.0021,-0.0292,-0.0807,0.2605,-0.0057,1.1043,0.2753,0.1242,34.5526,36.6846,-0.0576,nan,nan,nan,nan
98.6226,0.0018,-0.0043,1.1982,-0.0062,-0.0287,-0.0786,0.2606,-0.0057,1.1043,0.2753,0.1222,34.5517,36.6867,-0.0613,nan,nan,nan,nan
98.6439,0.0019,-0.0043,1.1982,-0.0062,-0.0287,-0.0786,0.2606,-0.0057,1.1043,0.2753,0.1123,34.5504,36.6878,-0.0662,nan,nan,nan,nan
98.6646,0.0019,-0.0043,1.1982,-0.0097,-0.0283,-0.0740,0.2606,-0.0058,1.1043,0.2753,0.1020,34.5498,36.6878,-0.0682,nan,nan,nan,nan
98.7007,0.0019,-0.0043,1.1982,-0.0127,-0.0280,-0.0683,0.2607,-0.0059,1.1043,0.2753,0.0846,34.5489,36.6879,-0.0696,nan,nan,nan,nan
98.7276,0.0020,-0.0043,1.1982,-0.0127,-0.0280,-0.0683,0.2607,-0.0059,1.1043,0.2753,0.0716,34.5486,36.6894,-0.0699,nan,nan,nan,nan
98.7519,0.0020,-0.0044,1.1982,-0.0169,-0.0273,-0.0634,0.2607,-0.0060,1.1043,0.2753,0.0659,34.5477,36.6912,-0.0716,nan,nan,nan,nan
98.7747,0.0020,-0.0044,1.1982,-0.0218,-0.0272,-0.0591,0.2608,-0.0060,1.1043,0.2753,0.0563,34.5440,36.6931,-0.0730,nan,nan,nan,nan
98.8112,0.0021,-0.0044,1.1982,-0.0266,-0.0273,-0.0544,0.2608,-0.0061,1.1043,0.2753,0.0414,34.5373,36.6992,-0.0764,nan,nan,nan,nan
98.8371,0.0021,-0.0044,1.1982,-0.0266,-0.0273,-0.0544,0.2608,-0.0061,1.1043,0.2753,0.0346,34.5347,36.7001,-0.0744,nan,nan,nan,nan
98.8604,0.0021,-0.0044,1.1983,-0.0323,-0.0271,-0.0491,0.2609,-0.0062,1.1043,0.2753,0.0242,34.5341,36.6940,-0.0655,nan,nan,nan,nan
98.8869,0.0022,-0.0044,1.1983,-0.0388,-0.0265,-0.0454,0.2609,-0.0062,1.1042,0.2753,0.0237,34.5339,36.6897,-0.0594,nan,nan,nan,nan
98.9127,0.0022,-0.0045,1.1983,-0.0388,-0.0265,-0.0454,0.2609,-0.0062,1.1042,0.2753,0.0312,34.5344,36.6848,-0.0459,nan,nan,nan,nan
98.9363,0.0022,-0.0045,1.1983,-0.0470,-0.0256,-0.0435,0.2610,-0.0062,1.1042,0.2753,0.0388,34.5350,36.6821,-0.0372,nan,nan,nan,nan
98.9596,0.0022,-0.0045,1.1983,-0.0557,-0.0245,-0.0426,0.2610,-0.0062,1.1042,0.2753,0.0517,34.5361,36.6766,-0.0323,nan,nan,nan,nan
98.9856,0.0023,-0.0045,1.1983,-0.0557,-0.0245,-0.0426,0.2610,-0.0061,1.1042,0.2753,0.0617,34.5369,36.6731,-0.0328,nan,nan,nan,nan
99.0103,0.0023,-0.0045,1.1983,-0.0646,-0.0234,-0.0423,0.2611,-0.0061,1.1042,0.2753,0.0720,34.5374,36.6700,-0.0345,nan,nan,nan,nan
99.0449,0.0023,-0.0046,1.1983,-0.0736,-0.0223,-0.0420,0.2611,-0.0060,1.1042,0.2753,0.0936,34.5376,36.6678,-0.0390,nan,nan,nan,nan
99.0669,0.0023,-0.0046,1.1983,-0.0736,-0.0223,-0.0420,0.2611,-0.0060,1.1042,0.2754,0.1148,34.5373,36.6665,-0.0401,nan,nan,nan,nan
99.0931,0.0024,-0.0046,1.1983,-0.0837,-0.0214,-0.0420,0.2612,-0.0059,1.1042,0.2754,0.1292,34.5373,36.6653,-0.0413,nan,nan,nan,nan
99.1201,0.0024,-0.0046,1.1983,-0.0937,-0.0201,-0.0417,0.2612,-0.0059,1.1042,0.2754,0.1497,34.5388,36.6627,-0.0442,nan,nan,nan,nan
99.1420,0.0024,-0.0046,1.1983,-0.0937,-0.0201,-0.0417,0.2612,-0.0058,1.1042,0.2754,0.1637,34.5391,36.6602,-0.0419,nan,nan,nan,nan
99.1706,0.0024,-0.0046,1.1983,-0.1038,-0.0190,-0.0416,0.2612,-0.0057,1.1041,0.2754,0.1872,34.5394,36.6569,-0.0349,nan,nan,nan,nan
99.1980,0.0025,-0.0046,1.1983,-0.1142,-0.0181,-0.0425,0.2613,-0.0056,1.1041,0.2754,0.2148,34.5395,36.6518,-0.0260,nan,nan,nan,nan
99.2268,0.0025,-0.0046,1.1983,-0.1249,-0.0175,-0.0442,0.2613,-0.0055,1.1041,0.2754,0.2563,34.5376,36.6489,-0.0085,nan,nan,nan,nan
99.2637,0.0025,-0.0047,1.1983,-0.1364,-0.0166,-0.0466,0.2613,-0.0053,1.1041,0.2754,0.3035,34.5356,36.6513,0.0028,nan,nan,nan,nan
99.2913,0.0026,-0.0047,1.1983,-0.1486,-0.0159,-0.0494,0.2614,-0.0051,1.1041,0.2754,0.3566,34.5349,36.6498,0.0088,nan,nan,nan,nan
99.3139,0.0026,-0.0047,1.1983,-0.1486,-0.0159,-0.0494,0.2614,-0.0050,1.1041,0.2754,0.3823,34.5356,36.6485,0.0091,nan,nan,nan,nan
99.3403,0.0026,-0.0046,1.1983,-0.1604,-0.0148,-0.0514,0.2614,-0.0049,1.1041,0.2754,0.4043,34.5356,36.6489,0.0081,nan,nan,nan,nan
99.3650,0.0026,-0.0046,1.1983,-0.1706,-0.0136,-0.0503,0.2614,-0.0048,1.1041,0.2754,0.4313,34.5365,36.6485,0.0066,nan,nan,nan,nan
99.3950,0.0027,-0.0046,1.1983,-0.1784,-0.0124,-0.0451,0.2614,-0.0048,1.1041,0.2754,0.4301,34.5396,36.6507,0.0034,nan,nan,nan,nan
99.4159,0.0027,-0.0046,1.1983,-0.1784,-0.0124,-0.0451,0.2615,-0.0048,1.1041,0.2754,0.4227,34.5422,36.6521,0.0047,nan,nan,nan,nan
99.4379,0.0027,-0.0045,1.1983,-0.1852,-0.0112,-0.0389,0.2615,-0.0047,1.1041,0.2754,0.4212,34.5432,36.6533,0.0062,nan,nan,nan,nan
99.4618,0.0027,-0.0045,1.1983,-0.1935,-0.0102,-0.0338,0.2615,-0.0047,1.1041,0.2754,0.4225,34.5454,36.6551,0.0140,nan,nan,nan,nan
99.4835,0.0027,-0.0044,1.1983,-0.1935,-0.0102,-0.0338,0.2615,-0.0046,1.1041,0.2754,0.4256,34.5436,36.6551,0.0166,nan,nan,nan,nan
99.5105,0.0028,-0.0044,1.1983,-0.2018,-0.0100,-0.0291,0.2615,-0.0046,1.1041,0.2754,0.4261,34.5432,36.6551,0.0168,nan,nan,nan,nan
99.5444,0.0028,-0.0044,1.1983,-0.2098,-0.0095,-0.0234,0.2616,-0.0045,1.1041,0.2754,0.4246,34.5430,36.6546,0.0154,nan,nan,nan,nan
99.5668,0.0028,-0.0043,1.1983,-0.2098,-0.0095,-0.0234,0.2616,-0.0045,1.1041,0.2754,0.4210,34.5423,36.6516,0.0155,nan,nan,nan,nan
99.5884,0.0028,-0.0043,1.1983,-0.2171,-0.0094,-0.0178,0.2616,-0.0044,1.1041,0.2754,0.4197,34.5412,36.6508,0.0162,nan,nan,nan,nan
99.6131,0.0028,-0.0042,1.1983,-0.2238,-0.0094,-0.0116,0.2616,-0.0044,1.1041,0.2754,0.4096,34.5379,36.6467,0.0194,nan,nan,nan,nan
99.6395,0.0029,-0.0041,1.1983,-0.2238,-0.0094,-0.0116,0.2616,-0.0044,1.1041,0.2754,0.3912,34.5369,36.6477,0.0234,nan,nan,nan,nan
99.6672,0.0029,-0.0040,1.1983,-0.2290,-0.0090,-0.0029,0.2617,-0.0044,1.1041,0.2754,0.3692,34.5372,36.6510,0.0247,nan,nan,nan,nan
99.6933,0.0029,-0.0040,1.1983,-0.2334,-0.0080,0.0057,0.2617,-0.0044,1.1041,0.2754,0.3557,34.5374,36.6552,0.0237,nan,nan,nan,nan
99.7153,0.0029,-0.0039,1.1983,-0.2334,-0.0080,0.0057,0.2617,-0.0043,1.1041,0.2754,0.3350,34.5387,36.6609,0.0211,nan,nan,nan,nan
99.7431,0.0029,-0.0038,1.1983,-0.2378,-0.0067,0.0143,0.2617,-0.0043,1.1041,0.2754,0.3214,34.5392,36.6649,0.0176,nan,nan,nan,nan
99.7787,0.0030,-0.0037,1.1983,-0.2419,-0.0052,0.0223,0.2617,-0.0043,1.1042,0.2753,0.3032,34.5409,36.6725,0.0105,nan,nan,nan,nan
99.8028,0.0030,-0.0036,1.1983,-0.2419,-0.0052,0.0223,0.2617,-0.0042,1.1042,0.2753,0.2883,34.5425,36.6789,0.0088,nan,nan,nan,nan
99.8287,0.0030,-0.0035,1.1983,-0.2459,-0.0038,0.0294,0.2617,-0.0042,1.1042,0.2753,0.2789,34.5441,36.6796,0.0094,nan,nan,nan,nan
99.8645,0.0030,-0.0034,1.1983,-0.2484,-0.0029,0.0362,0.2617,-0.0041,1.1042,0.2753,0.2620,34.5451,36.6802,0.0093,nan,nan,nan,nan
99.8878,0.0030,-0.0033,1.1983,-0.2484,-0.0029,0.0362,0.2618,-0.0040,1.1042,0.2753,0.2450,34.5451,36.6797,0.0069,nan,nan,nan,nan
99.9117,0.0030,-0.0032,1.1983,-0.2502,-0.0027,0.0430,0.2618,-0.0040,1.1042,0.2753,0.2379,34.5441,36.6775,0.0009,nan,nan,nan,nan
99.9444,0.0031,-0.0030,1.1983,-0.2521,-0.0033,0.0474,0.2618,-0.0038,1.1042,0.2753,0.2322,34.5417,36.6717,-0.0053,nan,nan,nan,nan
99.9648,0.0031,-0.0029,1.1983,-0.2521,-0.0033,0.0474,0.2618,-0.0037,1.1042,0.2753,0.2254,34.5391,36.6681,-0.0052,nan,nan,nan,nan
99.9860,0.0031,-0.0028,1.1983,-0.2526,-0.0041,0.0515,0.2618,-0.0036,1.1042,0.2754,0.2225,34.5384,36.6675,-0.0046,nan,nan,nan,nan
100.0067,0.0031,-0.0026,1.1983,-0.2525,-0.0047,0.0549,0.2619,-0.0035,1.1042,0.2754,0.2159,34.5380,36.6637,-0.0005,nan,nan,nan,nan
100.0279,0.0031,-0.0025,1.1983,-0.2525,-0.0047,0.0549,0.2619,-0.0033,1.1041,0.2754,0.2148,34.5365,36.6616,0.0054,nan,nan,nan,nan
100.0550,0.0031,-0.0024,1.1983,-0.2517,-0.0056,0.0572,0.2619,-0.0032,1.1041,0.2754,0.2147,34.5353,36.6621,0.0083,nan,nan,nan,nan
100.0761,0.0032,-0.0022,1.1983,-0.2496,-0.0066,0.0589,0.2619,-0.0031,1.1042,0.2754,0.2145,34.5332,36.6650,0.0176,nan,nan,nan,nan
100.0994,0.0032,-0.0020,1.1983,-0.2464,-0.0076,0.0603,0.2619,-0.0028,1.1042,0.2754,0.2133,34.5317,36.6675,0.0298,nan,nan,nan,nan
100.1213,0.0032,-0.0018,1.1983,-0.2464,-0.0076,0.0603,0.2620,-0.0027,1.1042,0.2754,0.2094,34.5305,36.6666,0.0351,nan,nan,nan,nan
100.1437,0.0032,-0.0017,1.1983,-0.2412,-0.0094,0.0623,0.2620,-0.0025,1.1041,0.2754,0.2046,34.5275,36.6648,0.0390,nan,nan,nan,nan
100.1797,0.0032,-0.0015,1.1983,-0.2350,-0.0115,0.0631,0.2620,-0.0024,1.1041,0.2754,0.2023,34.5246,36.6611,0.0436,nan,nan,nan,nan
100.2016,0.0032,-0.0013,1.1983,-0.2350,-0.0115,0.0631,0.2620,-0.0021,1.1041,0.2754,0.2013,34.5224,36.6599,0.0455,nan,nan,nan,nan
100.2289,0.0033,-0.0012,1.1983,-0.2280,-0.0136,0.0636,0.2620,-0.0020,1.1041,0.2754,0.1993,34.5211,36.6574,0.0455,nan,nan,nan,nan
100.2592,0.0033,-0.0009,1.1983,-0.2194,-0.0159,0.0640,0.2621,-0.0018,1.1041,0.2754,0.1963,34.5190,36.6582,0.0446,nan,nan,nan,nan
100.2960,0.0033,-0.0007,1.1983,-0.2098,-0.0182,0.0642,0.2621,-0.0015,1.1041,0.2754,0.1916,34.5180,36.6572,0.0458,nan,nan,nan,nan
100.3231,0.0033,-0.0004,1.1983,-0.2098,-0.0182,0.0642,0.2621,-0.0013,1.1041,0.2754,0.1835,34.5169,36.6570,0.0466,nan,nan,nan,nan
100.3489,0.0033,-0.0003,1.1983,-0.1985,-0.0207,0.0652,0.2621,-0.0012,1.1041,0.2754,0.1757,34.5162,36.6578,0.0497,nan,nan,nan,nan
100.3799,0.0033,-0.0001,1.1983,-0.1856,-0.0231,0.0666,0.2621,-0.0010,1.1042,0.2754,0.1635,34.5153,36.6617,0.0498,nan,nan,nan,nan
100.4062,0.0034,0.0002,1.1983,-0.1856,-0.0231,0.0666,0.2621,-0.0008,1.1042,0.2754,0.1548,34.5148,36.6638,0.0484,nan,nan,nan,nan
100.4327,0.0034,0.0003,1.1983,-0.1714,-0.0257,0.0678,0.2622,-0.0007,1.1042,0.2754,0.1397,34.5137,36.6656,0.0458,nan,nan,nan,nan
100.4679,0.0034,0.0006,1.1983,-0.1563,-0.0284,0.0695,0.2622,-0.0005,1.1042,0.2754,0.1238,34.5116,36.6693,0.0430,nan,nan,nan,nan
100.4896,0.0034,0.0008,1.1983,-0.1563,-0.0284,0.0695,0.2622,-0.0003,1.1042,0.2754,0.1161,34.5108,36.6712,0.0404,nan,nan,nan,nan
100.5129,0.0034,0.0010,1.1983,-0.1413,-0.0305,0.0695,0.2622,-0.0001,1.1042,0.2754,0.1114,34.5107,36.6745,0.0411,nan,nan,nan,nan
100.5449,0.0034,0.0012,1.1983,-0.1262,-0.0318,0.0675,0.2622,0.0002,1.1042,0.2754,0.1128,34.5124,36.6784,0.0421,nan,nan,nan,nan
100.5702,0.0034,0.0016,1.1983,-0.1116,-0.0327,0.0640,0.2622,0.0005,1.1042,0.2754,0.1207,34.5142,36.6788,0.0385,nan,nan,nan,nan
100.5909,0.0034,0.0018,1.1983,-0.1116,-0.0327,0.0640,0.2622,0.0008,1.1042,0.2754,0.1270,34.5149,36.6795,0.0331,nan,nan,nan,nan
100.6114,0.0034,0.0021,1.1983,-0.0965,-0.0332,0.0606,0.2622,0.0011,1.1043,0.2754,0.1294,34.5150,36.6793,0.0286,nan,nan,nan,nan
100.6378,0.0034,0.0023,1.1983,-0.0797,-0.0332,0.0583,0.2622,0.0013,1.1043,0.2754,0.1270,34.5156,36.6795,0.0239,nan,nan,nan,nan
100.6635,0.0035,0.0025,1.1983,-0.0797,-0.0332,0.0583,0.2622,0.0015,1.1043,0.2754,0.1181,34.5164,36.6798,0.0125,nan,nan,nan,nan
100.6895,0.0035,0.0027,1.1983,-0.0618,-0.0327,0.0577,0.2622,0.0017,1.1043,0.2754,0.1136,34.5166,36.6799,0.0089,nan,nan,nan,nan
100.7220,0.0035,0.0030,1.1983,-0.0428,-0.0321,0.0579,0.2622,0.0019,1.1042,0.2754,0.0939,34.5155,36.6792,-0.0003,nan,nan,nan,nan
100.7479,0.0035,0.0032,1.1983,-0.0428,-0.0321,0.0579,0.2622,0.0021,1.1042,0.2754,0.0797,34.5137,36.6777,-0.0047,nan,nan,nan,nan
100.7748,0.0035,0.0034,1.1983,-0.0236,-0.0312,0.0578,0.2622,0.0023,1.1042,0.2754,0.0720,34.5133,36.6758,-0.0052,nan,nan,nan,nan
100.8028,0.0035,0.0037,1.1983,-0.0045,-0.0292,0.0570,0.2623,0.0025,1.1042,0.2754,0.0620,34.5143,36.6748,-0.0091,nan,nan,nan,nan
100.8291,0.0035,0.0040,1.1983,-0.0045,-0.0292,0.0570,0.2622,0.0028,1.1042,0.2754,0.0507,34.5165,36.6756,-0.0159,nan,nan,nan,nan
100.8516,0.0035,0.0041,1.1983,0.0148,-0.0263,0.0568,0.2622,0.0029,1.1042,0.2754,0.0395,34.5184,36.6755,-0.0176,nan,nan,nan,nan
100.8829,0.0035,0.0044,1.1983,0.0357,-0.0233,0.0581,0.2622,0.0031,1.1042,0.2754,0.0163,34.5205,36.6756,-0.0165,nan,nan,nan,nan
100.9076,0.0035,0.0047,1.1983,0.0357,-0.0233,0.0581,0.2622,0.0033,1.1042,0.2754,-0.0124,34.5214,36.6758,-0.0155,nan,nan,nan,nan
100.9346,0.0035,0.0049,1.1983,0.0578,-0.0205,0.0610,0.2622,0.0034,1.1042,0.2754,-0.0231,34.5213,36.6762,-0.0154,nan,nan,nan,nan
100.9640,0.0035,0.0051,1.1983,0.0809,-0.0180,0.0650,0.2622,0.0035,1.1042,0.2754,-0.0721,34.5195,36.6759,-0.0132,nan,nan,nan,nan
100.9999,0.0035,0.0055,1.1983,0.1045,-0.0152,0.0704,0.2622,0.0037,1.1042,0.2754,-0.1298,34.5181,36.6775,-0.0121,nan,nan,nan,nan
101.0224,0.0035,0.0058,1.1983,0.1045,-0.0152,0.0704,0.2622,0.0038,1.1042,0.2754,-0.1604,34.5173,36.6787,-0.0133,nan,nan,nan,nan
101.0448,0.0035,0.0059,1.1983,0.1284,-0.0125,0.0762,0.2622,0.0039,1.1042,0.2754,-0.1900,34.5175,36.6784,-0.0139,nan,nan,nan,nan
101.0755,0.0035,0.0062,1.1983,0.1519,-0.0096,0.0807,0.2622,0.0040,1.1041,0.2754,-0.2442,34.5177,36.6793,-0.0154,nan,nan,nan,nan
101.0982,0.0035,0.0065,1.1983,0.1519,-0.0096,0.0807,0.2622,0.0042,1.1041,0.2754,-0.2686,34.5177,36.6794,-0.0161,nan,nan,nan,nan
101.1229,0.0035,0.0066,1.1983,0.1746,-0.0068,0.0834,0.2622,0.0043,1.1041,0.2754,-0.2977,34.5172,36.6786,-0.0181,nan,nan,nan,nan
101.1589,0.0035,0.0069,1.1983,0.1959,-0.0037,0.0840,0.2622,0.0045,1.1041,0.2754,-0.3192,34.5177,36.6754,-0.0201,nan,nan,nan,nan
101.1846,0.0035,0.0071,1.1983,0.1959,-0.0037,0.0840,0.2622,0.0046,1.1041,0.2754,-0.3343,34.5183,36.6715,-0.0242,nan,nan,nan,nan
101.2061,0.0035,0.0073,1.1983,0.2164,-0.0009,0.0826,0.2622,0.0048,1.1041,0.2754,-0.3381,34.5186,36.6702,-0.0258,nan,nan,nan,nan
101.2380,0.0035,0.0075,1.1983,0.2355,0.0022,0.0795,0.2622,0.0050,1.1041,0.2754,-0.3449,34.5202,36.6636,-0.0305,nan,nan,nan,nan
101.2619,0.0034,0.0077,1.1983,0.2355,0.0022,0.0795,0.2622,0.0052,1.1040,0.2754,-0.3442,34.5206,36.6609,-0.0291,nan,nan,nan,nan
101.2869,0.0034,0.0078,1.1983,0.2533,0.0049,0.0747,0.2622,0.0054,1.1040,0.2754,-0.3364,34.5196,36.6579,-0.0259,nan,nan,nan,nan
101.3171,0.0034,0.0080,1.1983,0.2701,0.0072,0.0679,0.2622,0.0057,1.1040,0.2754,-0.3225,34.5174,36.6593,-0.0221,nan,nan,nan,nan
101.3431,0.0034,0.0082,1.1983,0.2701,0.0072,0.0679,0.2622,0.0059,1.1040,0.2754,-0.3067,34.5150,36.6612,-0.0221,nan,nan,nan,nan
101.3653,0.0034,0.0083,1.1983,0.2861,0.0095,0.0606,0.2622,0.0061,1.1040,0.2754,-0.3008,34.5143,36.6625,-0.0231,nan,nan,nan,nan
101.3889,0.0034,0.0085,1.1983,0.3011,0.0121,0.0530,0.2622,0.0063,1.1040,0.2754,-0.2762,34.5135,36.6679,-0.0247,nan,nan,nan,nan
101.4118,0.0034,0.0087,1.1983,0.3011,0.0121,0.0530,0.2621,0.0066,1.1040,0.2754,-0.2600,34.5134,36.6673,-0.0237,nan,nan,nan,nan
101.4338,0.0034,0.0088,1.1983,0.3161,0.0143,0.0461,0.2621,0.0067,1.1040,0.2754,-0.2562,34.5134,36.6669,-0.0237,nan,nan,nan,nan
101.4631,0.0034,0.0090,1.1983,0.3316,0.0159,0.0415,0.2621,0.0069,1.1039,0.2754,-0.2505,34.5126,36.6670,-0.0294,nan,nan,nan,nan
101.4854,0.0034,0.0091,1.1983,0.3316,0.0159,0.0415,0.2621,0.0071,1.1039,0.2754,-0.2514,34.5117,36.6693,-0.0314,nan,nan,nan,nan
101.5134,0.0034,0.0092,1.1983,0.3467,0.0172,0.0379,0.2621,0.0072,1.1039,0.2754,-0.2513,34.5115,36.6719,-0.0339,nan,nan,nan,nan
101.5414,0.0034,0.0093,1.1983,0.3605,0.0183,0.0336,0.2621,0.0073,1.1040,0.2754,-0.2479,34.5111,36.6771,-0.0386,nan,nan,nan,nan
101.5639,0.0034,0.0095,1.1983,0.3605,0.0183,0.0336,0.2621,0.0075,1.1040,0.2754,-0.2456,34.5118,36.6810,-0.0411,nan,nan,nan,nan
101.5918,0.0034,0.0096,1.1983,0.3733,0.0193,0.0295,0.2621,0.0076,1.1040,0.2754,-0.2432,34.5120,36.6827,-0.0417,nan,nan,nan,nan
101.6152,0.0034,0.0097,1.1983,0.3847,0.0202,0.0254,0.2621,0.0077,1.1040,0.2754,-0.2391,34.5131,36.6841,-0.0426,nan,nan,nan,nan
101.6519,0.0034,0.0098,1.1983,0.3942,0.0206,0.0204,0.2621,0.0079,1.1040,0.2754,-0.2278,34.5133,36.6836,-0.0418,nan,nan,nan,nan
101.6884,0.0034,0.0099,1.1983,0.4016,0.0206,0.0142,0.2621,0.0081,1.1039,0.2754,-0.2064,34.5121,36.6805,-0.0434,nan,nan,nan,nan
101.7167,0.0034,0.0100,1.1983,0.4065,0.0208,0.0069,0.2621,0.0083,1.1039,0.2754,-0.1743,34.5123,36.6810,-0.0385,nan,nan,nan,nan
101.7413,0.0035,0.0100,1.1983,0.4065,0.0208,0.0069,0.2621,0.0084,1.1039,0.2754,-0.1562,34.5129,36.6805,-0.0324,nan,nan,nan,nan
101.7675,0.0035,0.0101,1.1983,0.4093,0.0210,-0.0008,0.2621,0.0085,1.1039,0.2754,-0.1290,34.5128,36.6781,-0.0248,nan,nan,nan,nan
101.7946,0.0035,0.0101,1.1983,0.4109,0.0208,-0.0077,0.2622,0.0087,1.1039,0.2754,-0.1061,34.5123,36.6759,-0.0160,nan,nan,nan,nan
101.8270,0.0035,0.0101,1.1983,0.4109,0.0204,-0.0133,0.2622,0.0088,1.1039,0.2754,-0.0794,34.5113,36.6731,-0.0010,nan,nan,nan,nan
101.8512,0.0035,0.0102,1.1983,0.4109,0.0204,-0.0133,0.2622,0.0089,1.1039,0.2754,-0.0595,34.5112,36.6711,0.0062,nan,nan,nan,nan
101.8732,0.0035,0.0102,1.1983,0.4092,0.0200,-0.0185,0.2622,0.0089,1.1039,0.2754,-0.0524,34.5111,36.6709,0.0076,nan,nan,nan,nan
101.9086,0.0035,0.0101,1.1983,0.4053,0.0194,-0.0242,0.2622,0.0090,1.1039,0.2754,-0.0209,34.5103,36.6697,0.0136,nan,nan,nan,nan
101.9380,0.0035,0.0101,1.1983,0.3991,0.0186,-0.0298,0.2622,0.0091,1.1039,0.2754,0.0145,34.5096,36.6653,0.0180,nan,nan,nan,nan
101.9635,0.0035,0.0101,1.1983,0.3991,0.0186,-0.0298,0.2622,0.0092,1.1039,0.2754,0.0402,34.5103,36.6615,0.0208,nan,nan,nan,nan
101.9857,0.0035,0.0101,1.1983,0.3911,0.0180,-0.0349,0.2622,0.0092,1.1039,0.2754,0.0490,34.5111,36.6604,0.0215,nan,nan,nan,nan
102.0074,0.0035,0.0100,1.1983,0.3810,0.0178,-0.0400,0.2622,0.0093,1.1039,0.2754,0.0868,34.5152,36.6550,0.0227,nan,nan,nan,nan
102.0341,0.0035,0.0099,1.1983,0.3688,0.0177,-0.0449,0.2623,0.0093,1.1039,0.2754,0.1263,34.5186,36.6513,0.0241,nan,nan,nan,nan
102.0710,0.0035,0.0098,1.1983,0.3544,0.0177,-0.0496,0.2623,0.0094,1.1039,0.2754,0.1680,34.5208,36.6519,0.0281,nan,nan,nan,nan
102.0916,0.0036,0.0097,1.1983,0.3544,0.0177,-0.0496,0.2623,0.0094,1.1039,0.2754,0.2080,34.5230,36.6548,0.0290,nan,nan,nan,nan
102.1158,0.0036,0.0096,1.1983,0.3371,0.0183,-0.0555,0.2623,0.0095,1.1039,0.2754,0.2514,34.5258,36.6592,0.0309,nan,nan,nan,nan
102.1426,0.0036,0.0096,1.1983,0.3179,0.0191,-0.0613,0.2623,0.0095,1.1039,0.2754,0.2791,34.5274,36.6626,0.0331,nan,nan,nan,nan
102.1685,0.0036,0.0095,1.1983,0.3179,0.0191,-0.0613,0.2623,0.0095,1.1040,0.2754,0.3129,34.5285,36.6673,0.0370,nan,nan,nan,nan
102.1927,0.0036,0.0094,1.1983,0.2982,0.0196,-0.0647,0.2623,0.0095,1.1040,0.2754,0.3274,34.5296,36.6691,0.0388,nan,nan,nan,nan
102.2184,0.0036,0.0093,1.1983,0.2787,0.0204,-0.0645,0.2623,0.0094,1.1040,0.2753,0.3414,34.5331,36.6706,0.0399,nan,nan,nan,nan
102.2410,0.0036,0.0092,1.1983,0.2787,0.0204,-0.0645,0.2623,0.0093,1.1040,0.2753,0.3447,34.5359,36.6715,0.0389,nan,nan,nan,nan
102.2623,0.0036,0.0091,1.1983,0.2592,0.0210,-0.0616,0.2623,0.0092,1.1040,0.2753,0.3450,34.5380,36.6729,0.0356,nan,nan,nan,nan
102.2986,0.0036,0.0090,1.1983,0.2385,0.0218,-0.0567,0.2623,0.0091,1.1040,0.2753,0.3401,34.5417,36.6792,0.0272,nan,nan,nan,nan
102.3212,0.0037,0.0088,1.1983,0.2385,0.0218,-0.0567,0.2623,0.0089,1.1041,0.2753,0.3370,34.5428,36.6826,0.0237,nan,nan,nan,nan
102.3462,0.0037,0.0087,1.1983,0.2168,0.0219,-0.0516,0.2624,0.0088,1.1041,0.2753,0.3334,34.5429,36.6855,0.0199,nan,nan,nan,nan
102.3739,0.0037,0.0086,1.1983,0.1940,0.0212,-0.0451,0.2624,0.0086,1.1041,0.2753,0.3218,34.5422,36.6880,0.0164,nan,nan,nan,nan
102.3979,0.0037,0.0085,1.1983,0.1940,0.0212,-0.0451,0.2624,0.0084,1.1041,0.2753,0.3151,34.5426,36.6866,0.0167,nan,nan,nan,nan
102.4198,0.0037,0.0084,1.1983,0.1701,0.0203,-0.0385,0.2624,0.0083,1.1041,0.2753,0.3067,34.5424,36.6857,0.0193,nan,nan,nan,nan
102.4547,0.0037,0.0082,1.1983,0.1444,0.0197,-0.0327,0.2624,0.0081,1.1041,0.2753,0.3017,34.5428,36.6862,0.0214,nan,nan,nan,nan
102.4816,0.0038,0.0080,1.1983,0.1444,0.0197,-0.0327,0.2624,0.0079,1.1041,0.2753,0.2966,34.5437,36.6867,0.0253,nan,nan,nan,nan
102.5093,0.0038,0.0079,1.1983,0.1187,0.0192,-0.0259,0.2624,0.0077,1.1041,0.2753,0.2885,34.5452,36.6877,0.0308,nan,nan,nan,nan
102.5407,0.0038,0.0078,1.1983,0.0930,0.0184,-0.0179,0.2625,0.0075,1.1041,0.2753,0.2675,34.5470,36.6864,0.0406,nan,nan,nan,nan
102.5728,0.0038,0.0076,1.1983,0.0663,0.0175,-0.0097,0.2625,0.0072,1.1041,0.2753,0.2467,34.5470,36.6866,0.0387,nan,nan,nan,nan
102.5958,0.0038,0.0074,1.1983,0.0663,0.0175,-0.0097,0.2625,0.0070,1.1041,0.2753,0.2303,34.5459,36.6893,0.0362,nan,nan,nan,nan
102.6169,0.0038,0.0073,1.1983,0.0396,0.0165,-0.0013,0.2625,0.0068,1.1041,0.2753,0.2244,34.5457,36.6901,0.0353,nan,nan,nan,nan
102.6402,0.0039,0.0072,1.1983,0.0139,0.0151,0.0074,0.2625,0.0065,1.1041,0.2753,0.1971,34.5452,36.6906,0.0344,nan,nan,nan,nan
102.6623,0.0039,0.0070,1.1983,0.0139,0.0151,0.0074,0.2626,0.0063,1.1042,0.2753,0.1802,34.5452,36.6898,0.0319,nan,nan,nan,nan
102.6855,0.0039,0.0068,1.1983,-0.0115,0.0138,0.0170,0.2626,0.0060,1.1042,0.2753,0.1549,34.5447,36.6889,0.0230,nan,nan,nan,nan
102.7105,0.0039,0.0067,1.1983,-0.0371,0.0122,0.0253,0.2626,0.0058,1.1042,0.2753,0.1354,34.5420,36.6910,0.0157,nan,nan,nan,nan
102.7434,0.0040,0.0065,1.1983,-0.0626,0.0098,0.0318,0.2626,0.0055,1.1042,0.2753,0.1185,34.5376,36.6919,0.0151,nan,nan,nan,nan
102.7654,0.0040,0.0064,1.1983,-0.0626,0.0098,0.0318,0.2627,0.0053,1.1042,0.2753,0.1116,34.5361,36.6904,0.0139,nan,nan,nan,nan
102.7857,0.0040,0.0062,1.1983,-0.0878,0.0071,0.0374,0.2627,0.0051,1.1041,0.2753,0.1039,34.5331,36.6846,0.0114,nan,nan,nan,nan
102.8097,0.0040,0.0060,1.1983,-0.1132,0.0047,0.0409,0.2627,0.0050,1.1041,0.2753,0.1048,34.5321,36.6768,0.0073,nan,nan,nan,nan
102.8324,0.0040,0.0059,1.1983,-0.1386,0.0025,0.0419,0.2628,0.0048,1.1041,0.2753,0.1178,34.5307,36.6721,0.0008,nan,nan,nan,nan
102.8659,0.0041,0.0057,1.1983,-0.1624,-0.0001,0.0427,0.2628,0.0046,1.1041,0.2754,0.1292,34.5279,36.6729,-0.0081,nan,nan,nan,nan
102.8914,0.0041,0.0055,1.1983,-0.1624,-0.0001,0.0427,0.2628,0.0045,1.1042,0.2753,0.1354,34.5277,36.6749,-0.0120,nan,nan,nan,nan
102.9145,0.0041,0.0054,1.1983,-0.1846,-0.0021,0.0441,0.2628,0.0044,1.1042,0.2753,0.1358,34.5282,36.6743,-0.0137,nan,nan,nan,nan
102.9441,0.0041,0.0053,1.1984,-0.2042,-0.0041,0.0467,0.2629,0.0042,1.1042,0.2754,0.1309,34.5297,36.6709,-0.0203,nan,nan,nan,nan
102.9709,0.0042,0.0051,1.1984,-0.2222,-0.0063,0.0485,0.2629,0.0040,1.1042,0.2753,0.1279,34.5317,36.6711,-0.0215,nan,nan,nan,nan
102.9931,0.0042,0.0050,1.1984,-0.2222,-0.0063,0.0485,0.2629,0.0039,1.1042,0.2753,0.1270,34.5308,36.6735,-0.0192,nan,nan,nan,nan
103.0168,0.0042,0.0050,1.1984,-0.2385,-0.0092,0.0500,0.2629,0.0038,1.1042,0.2753,0.1251,34.5291,36.6766,-0.0139,nan,nan,nan,nan
103.0514,0.0042,0.0048,1.1984,-0.2535,-0.0122,0.0510,0.2630,0.0036,1.1042,0.2753,0.1222,34.5272,36.6784,-0.0073,nan,nan,nan,nan
103.0809,0.0042,0.0047,1.1984,-0.2671,-0.0157,0.0506,0.2630,0.0035,1.1042,0.2753,0.1258,34.5250,36.6785,-0.0064,nan,nan,nan,nan
103.1136,0.0043,0.0046,1.1984,-0.2786,-0.0197,0.0506,0.2630,0.0033,1.1042,0.2753,0.1250,34.5218,36.6787,-0.0097,nan,nan,nan,nan
103.1460,0.0043,0.0045,1.1984,-0.2877,-0.0241,0.0512,0.2631,0.0032,1.1043,0.2754,0.1160,34.5185,36.6778,-0.0108,nan,nan,nan,nan
103.1723,0.0043,0.0044,1.1984,-0.2877,-0.0241,0.0512,0.2631,0.0031,1.1043,0.2754,0.1077,34.5159,36.6757,-0.0091,nan,nan,nan,nan
103.1942,0.0043,0.0044,1.1984,-0.2948,-0.0289,0.0518,0.2631,0.0030,1.1043,0.2754,0.1054,34.5153,36.6751,-0.0077,nan,nan,nan,nan
103.2180,0.0043,0.0043,1.1984,-0.3015,-0.0339,0.0501,0.2631,0.0029,1.1042,0.2754,0.1059,34.5125,36.6689,-0.0039,nan,nan,nan,nan
103.2475,0.0044,0.0042,1.1984,-0.3075,-0.0390,0.0472,0.2632,0.0029,1.1042,0.2754,0.1156,34.5093,36.6646,-0.0038,nan,nan,nan,nan
103.2701,0.0044,0.0042,1.1984,-0.3075,-0.0390,0.0472,0.2632,0.0028,1.1042,0.2754,0.1202,34.5081,36.6621,-0.0015,nan,nan,nan,nan
103.2960,0.0044,0.0042,1.1984,-0.3118,-0.0440,0.0439,0.2632,0.0028,1.1042,0.2754,0.1275,34.5053,36.6575,0.0028,nan,nan,nan,nan
103.3211,0.0044,0.0041,1.1984,-0.3144,-0.0491,0.0405,0.2632,0.0028,1.1042,0.2754,0.1331,34.5023,36.6544,0.0034,nan,nan,nan,nan
103.3489,0.0044,0.0041,1.1984,-0.3148,-0.0539,0.0385,0.2633,0.0028,1.1042,0.2754,0.1315,34.4992,36.6544,0.0053,nan,nan,nan,nan
103.3712,0.0044,0.0041,1.1984,-0.3148,-0.0539,0.0385,0.2633,0.0027,1.1043,0.2754,0.1252,34.4981,36.6547,0.0059,nan,nan,nan,nan
103.3936,0.0044,0.0041,1.1984,-0.3129,-0.0581,0.0370,0.2633,0.0027,1.1043,0.2754,0.1229,34.4970,36.6568,0.0061,nan,nan,nan,nan
103.4222,0.0044,0.0041,1.1984,-0.3105,-0.0620,0.0346,0.2633,0.0027,1.1043,0.2754,0.1239,34.4955,36.6609,0.0082,nan,nan,nan,nan
103.4535,0.0044,0.0041,1.1984,-0.3073,-0.0648,0.0309,0.2633,0.0027,1.1043,0.2754,0.1313,34.4984,36.6653,0.0094,nan,nan,nan,nan
103.4897,0.0045,0.0042,1.1984,-0.3029,-0.0672,0.0272,0.2633,0.0028,1.1043,0.2754,0.1386,34.5030,36.6666,0.0083,nan,nan,nan,nan
103.5118,0.0045,0.0042,1.1984,-0.3029,-0.0672,0.0272,0.2633,0.0028,1.1044,0.2754,0.1448,34.5044,36.6657,0.0085,nan,nan,nan,nan
103.5363,0.0045,0.0042,1.1984,-0.2971,-0.0697,0.0231,0.2633,0.0029,1.1044,0.2754,0.1468,34.5046,36.6647,0.0084,nan,nan,nan,nan
103.5647,0.0044,0.0043,1.1984,-0.2902,-0.0723,0.0196,0.2633,0.0030,1.1044,0.2754,0.1530,34.5041,36.6626,0.0041,nan,nan,nan,nan
103.5853,0.0044,0.0043,1.1984,-0.2816,-0.0741,0.0167,0.2633,0.0030,1.1044,0.2754,0.1532,34.5052,36.6620,0.0042,nan,nan,nan,nan
103.6205,0.0044,0.0044,1.1984,-0.2713,-0.0756,0.0144,0.2633,0.0031,1.1044,0.2754,0.1492,34.5059,36.6666,0.0004,nan,nan,nan,nan
103.6473,0.0044,0.0045,1.1984,-0.2597,-0.0766,0.0127,0.2633,0.0032,1.1044,0.2754,0.1421,34.5085,36.6735,-0.0040,nan,nan,nan,nan
103.6756,0.0044,0.0046,1.1984,-0.2474,-0.0771,0.0101,0.2633,0.0033,1.1044,0.2754,0.1402,34.5108,36.6813,-0.0061,nan,nan,nan,nan
103.7058,0.0044,0.0047,1.1983,-0.2349,-0.0775,0.0062,0.2632,0.0034,1.1045,0.2753,0.1467,34.5122,36.6874,-0.0067,nan,nan,nan,nan
103.7383,0.0044,0.0049,1.1983,-0.2219,-0.0776,0.0027,0.2632,0.0036,1.1045,0.2753,0.1534,34.5133,36.6902,-0.0064,nan,nan,nan,nan
103.7617,0.0044,0.0050,1.1983,-0.2219,-0.0776,0.0027,0.2632,0.0037,1.1045,0.2753,0.1557,34.5138,36.6907,-0.0062,nan,nan,nan,nan
103.7870,0.0043,0.0050,1.1983,-0.2080,-0.0776,-0.0009,0.2632,0.0038,1.1045,0.2753,0.1615,34.5137,36.6914,-0.0040,nan,nan,nan,nan
103.8071,0.0043,0.0052,1.1983,-0.1934,-0.0774,-0.0051,0.2632,0.0039,1.1045,0.2753,0.1691,34.5147,36.6901,0.0021,nan,nan,nan,nan
103.8308,0.0043,0.0053,1.1983,-0.1934,-0.0774,-0.0051,0.2631,0.0041,1.1045,0.2753,0.1766,34.5160,36.6877,0.0079,nan,nan,nan,nan
103.8545,0.0043,0.0054,1.1983,-0.1784,-0.0770,-0.0090,0.2631,0.0043,1.1045,0.2753,0.1836,34.5172,36.6884,0.0121,nan,nan,nan,nan
103.8784,0.0042,0.0056,1.1983,-0.1627,-0.0760,-0.0123,0.2631,0.0044,1.1045,0.2753,0.1874,34.5194,36.6892,0.0142,nan,nan,nan,nan
103.9048,0.0042,0.0056,1.1983,-0.1457,-0.0750,-0.0144,0.2631,0.0045,1.1045,0.2753,0.1865,34.5210,36.6892,0.0181,nan,nan,nan,nan
103.9269,0.0042,0.0058,1.1983,-0.1457,-0.0750,-0.0144,0.2630,0.0047,1.1045,0.2753,0.1819,34.5221,36.6925,0.0198,nan,nan,nan,nan
103.9481,0.0042,0.0059,1.1983,-0.1273,-0.0738,-0.0156,0.2630,0.0047,1.1045,0.2753,0.1764,34.5231,36.6943,0.0218,nan,nan,nan,nan
103.9697,0.0041,0.0060,1.1983,-0.1081,-0.0726,-0.0153,0.2630,0.0049,1.1045,0.2753,0.1638,34.5239,36.6965,0.0213,nan,nan,nan,nan
104.0028,0.0041,0.0062,1.1983,-0.0886,-0.0706,-0.0142,0.2629,0.0050,1.1045,0.2753,0.1450,34.5288,36.6940,0.0209,nan,nan,nan,nan
104.0330,0.0040,0.0064,1.1983,-0.0691,-0.0689,-0.0135,0.2629,0.0052,1.1045,0.2753,0.1293,34.5322,36.6933,0.0150,nan,nan,nan,nan
104.0595,0.0040,0.0066,1.1983,-0.0691,-0.0689,-0.0135,0.2628,0.0053,1.1045,0.2753,0.1198,34.5325,36.6908,0.0127,nan,nan,nan,nan
104.0814,0.0039,0.0067,1.1983,-0.0496,-0.0677,-0.0131,0.2628,0.0054,1.1045,0.2753,0.1162,34.5325,36.6897,0.0121,nan,nan,nan,nan
104.1115,0.0039,0.0068,1.1983,-0.0301,-0.0666,-0.0121,0.2627,0.0055,1.1045,0.2753,0.0998,34.5309,36.6854,0.0072,nan,nan,nan,nan
104.1356,0.0038,0.0070,1.1983,-0.0093,-0.0657,-0.0105,0.2627,0.0056,1.1044,0.2754,0.0767,34.5283,36.6816,0.0038,nan,nan,nan,nan
104.1590,0.0038,0.0072,1.1983,0.0120,-0.0645,-0.0080,0.2626,0.0058,1.1044,0.2754,0.0496,34.5268,36.6791,0.0033,nan,nan,nan,nan
104.1847,0.0037,0.0074,1.1983,0.0333,-0.0630,-0.0047,0.2626,0.0059,1.1044,0.2754,0.0173,34.5244,36.6796,0.0080,nan,nan,nan,nan
104.2091,0.0037,0.0076,1.1983,0.0333,-0.0630,-0.0047,0.2625,0.0060,1.1044,0.2754,0.0025,34.5234,36.6796,0.0093,nan,nan,nan,nan
104.2309,0.0036,0.0077,1.1983,0.0545,-0.0613,-0.0020,0.2625,0.0060,1.1044,0.2754,-0.0162,34.5212,36.6797,0.0129,nan,nan,nan,nan
104.2543,0.0036,0.0078,1.1983,0.0750,-0.0597,-0.0009,0.2624,0.0062,1.1043,0.2754,-0.0293,34.5189,36.6783,0.0165,nan,nan,nan,nan
104.2897,0.0035,0.0080,1.1983,0.0943,-0.0582,-0.0010,0.2623,0.0063,1.1043,0.2754,-0.0380,34.5132,36.6739,0.0091,nan,nan,nan,nan
104.3114,0.0034,0.0082,1.1983,0.0943,-0.0582,-0.0010,0.2623,0.0065,1.1043,0.2754,-0.0400,34.5087,36.6693,0.0067,nan,nan,nan,nan
104.3341,0.0034,0.0082,1.1983,0.1127,-0.0564,-0.0022,0.2623,0.0066,1.1042,0.2754,-0.0395,34.5076,36.6672,0.0065,nan,nan,nan,nan
104.3622,0.0033,0.0084,1.1983,0.1301,-0.0538,-0.0038,0.2622,0.0068,1.1042,0.2754,-0.0356,34.5051,36.6611,0.0072,nan,nan,nan,nan
104.3882,0.0033,0.0085,1.1983,0.1301,-0.0538,-0.0038,0.2621,0.0069,1.1042,0.2754,-0.0359,34.5053,36.6578,0.0055,nan,nan,nan,nan
104.4104,0.0032,0.0086,1.1983,0.1476,-0.0506,-0.0045,0.2621,0.0070,1.1042,0.2755,-0.0380,34.5057,36.6567,0.0034,nan,nan,nan,nan
104.4319,0.0032,0.0087,1.1983,0.1650,-0.0468,-0.0042,0.2620,0.0071,1.1042,0.2754,-0.0438,34.5072,36.6560,0.0033,nan,nan,nan,nan
104.4533,0.0031,0.0088,1.1983,0.1650,-0.0468,-0.0042,0.2620,0.0072,1.1042,0.2754,-0.0482,34.5084,36.6564,0.0051,nan,nan,nan,nan
104.4743,0.0031,0.0089,1.1983,0.1823,-0.0428,-0.0037,0.2619,0.0073,1.1041,0.2754,-0.0528,34.5090,36.6566,0.0065,nan,nan,nan,nan
104.5115,0.0030,0.0090,1.1983,0.1993,-0.0391,-0.0034,0.2618,0.0074,1.1041,0.2754,-0.0612,34.5081,36.6579,0.0096,nan,nan,nan,nan
104.5441,0.0029,0.0092,1.1983,0.2158,-0.0353,-0.0030,0.2617,0.0075,1.1041,0.2754,-0.0703,34.5057,36.6616,0.0095,nan,nan,nan,nan
104.5661,0.0029,0.0093,1.1983,0.2158,-0.0353,-0.0030,0.2617,0.0076,1.1041,0.2754,-0.0749,34.5050,36.6626,0.0092,nan,nan,nan,nan
104.5933,0.0028,0.0093,1.1983,0.2311,-0.0309,-0.0023,0.2616,0.0077,1.1041,0.2754,-0.0784,34.5051,36.6638,0.0089,nan,nan,nan,nan
104.6206,0.0027,0.0094,1.1983,0.2451,-0.0263,-0.0032,0.2616,0.0078,1.1041,0.2754,-0.0763,34.5045,36.6637,0.0073,nan,nan,nan,nan
104.6503,0.0027,0.0095,1.1983,0.2580,-0.0218,-0.0048,0.2615,0.0080,1.1040,0.2754,-0.0691,34.5029,36.6643,0.0080,nan,nan,nan,nan
104.6774,0.0026,0.0096,1.1983,0.2580,-0.0218,-0.0048,0.2614,0.0080,1.1040,0.2754,-0.0697,34.5020,36.6662,0.0058,nan,nan,nan,nan
104.7021,0.0025,0.0096,1.1983,0.2709,-0.0171,-0.0044,0.2613,0.0081,1.1040,0.2754,-0.0776,34.5029,36.6661,0.0001,nan,nan,nan,nan
104.7232,0.0025,0.0097,1.1983,0.2842,-0.0119,-0.0020,0.2612,0.0081,1.1040,0.2754,-0.0910,34.5051,36.6657,-0.0029,nan,nan,nan,nan
104.7518,0.0024,0.0098,1.1983,0.2971,-0.0064,0.0005,0.2611,0.0081,1.1040,0.2754,-0.1106,34.5106,36.6635,-0.0094,nan,nan,nan,nan
104.7735,0.0023,0.0098,1.1982,0.2971,-0.0064,0.0005,0.2611,0.0082,1.1039,0.2754,-0.1183,34.5135,36.6621,-0.0096,nan,nan,nan,nan
104.7948,0.0023,0.0098,1.1982,0.3085,-0.0009,0.0022,0.2610,0.0082,1.1039,0.2754,-0.1263,34.5150,36.6605,-0.0112,nan,nan,nan,nan
104.8285,0.0022,0.0099,1.1982,0.3182,0.0042,0.0025,0.2610,0.0082,1.1039,0.2754,-0.1286,34.5156,36.6585,-0.0158,nan,nan,nan,nan
104.8636,0.0021,0.0099,1.1982,0.3267,0.0089,0.0022,0.2609,0.0082,1.1039,0.2754,-0.1289,34.5150,36.6561,-0.0205,nan,nan,nan,nan
104.8895,0.0020,0.0099,1.1982,0.3267,0.0089,0.0022,0.2608,0.0083,1.1038,0.2754,-0.1274,34.5155,36.6553,-0.0200,nan,nan,nan,nan
104.9141,0.0020,0.0099,1.1982,0.3340,0.0136,0.0014,0.2607,0.0083,1.1038,0.2754,-0.1252,34.5153,36.6538,-0.0177,nan,nan,nan,nan
104.9386,0.0019,0.0099,1.1982,0.3397,0.0180,-0.0004,0.2607,0.0083,1.1038,0.2755,-0.1148,34.5138,36.6490,-0.0199,nan,nan,nan,nan
104.9652,0.0018,0.0099,1.1982,0.3397,0.0180,-0.0004,0.2606,0.0084,1.1038,0.2755,-0.1038,34.5121,36.6467,-0.0230,nan,nan,nan,nan
104.9868,0.0018,0.0099,1.1982,0.3440,0.0223,-0.0027,0.2605,0.0084,1.1037,0.2755,-0.0964,34.5121,36.6442,-0.0236,nan,nan,nan,nan
105.0171,0.0017,0.0098,1.1982,0.3479,0.0267,-0.0044,0.2605,0.0084,1.1037,0.2755,-0.0899,34.5117,36.6452,-0.0219,nan,nan,nan,nan
105.0472,0.0016,0.0098,1.1982,0.3516,0.0310,-0.0045,0.2604,0.0083,1.1037,0.2755,-0.0899,34.5107,36.6486,-0.0209,nan,nan,nan,nan
105.0679,0.0016,0.0097,1.1982,0.3516,0.0310,-0.0045,0.2603,0.0083,1.1037,0.2755,-0.0942,34.5104,36.6507,-0.0218,nan,nan,nan,nan
105.0949,0.0015,0.0097,1.1982,0.3543,0.0355,-0.0031,0.2603,0.0082,1.1037,0.2755,-0.1005,34.5093,36.6517,-0.0227,nan,nan,nan,nan
105.1307,0.0015,0.0096,1.1982,0.3568,0.0393,0.0000,0.2602,0.0081,1.1037,0.2755,-0.1156,34.5074,36.6538,-0.0236,nan,nan,nan,nan
105.1520,0.0014,0.0096,1.1982,0.3568,0.0393,0.0000,0.2601,0.0080,1.1036,0.2754,-0.1324,34.5076,36.6540,-0.0202,nan,nan,nan,nan
105.1788,0.0014,0.0095,1.1982,0.3585,0.0433,0.0032,0.2601,0.0079,1.1036,0.2754,-0.1414,34.5080,36.6546,-0.0157,nan,nan,nan,nan
105.2061,0.0013,0.0094,1.1982,0.3585,0.0474,0.0056,0.2600,0.0078,1.1036,0.2754,-0.1533,34.5087,36.6532,-0.0090,nan,nan,nan,nan
105.2300,0.0012,0.0093,1.1982,0.3570,0.0519,0.0075,0.2599,0.0076,1.1036,0.2754,-0.1654,34.5123,36.6513,0.0052,nan,nan,nan,nan
105.2506,0.0012,0.0092,1.1982,0.3570,0.0519,0.0075,0.2599,0.0075,1.1036,0.2755,-0.1684,34.5131,36.6498,0.0139,nan,nan,nan,nan
105.2739,0.0011,0.0090,1.1982,0.3535,0.0555,0.0085,0.2598,0.0073,1.1036,0.2755,-0.1733,34.5124,36.6496,0.0247,nan,nan,nan,nan
105.3003,0.0010,0.0089,1.1982,0.3492,0.0592,0.0095,0.2597,0.0072,1.1035,0.2754,-0.1807,34.5129,36.6498,0.0320,nan,nan,nan,nan
105.3211,0.0010,0.0088,1.1982,0.3441,0.0626,0.0109,0.2597,0.0071,1.1035,0.2754,-0.1861,34.5127,36.6495,0.0375,nan,nan,nan,nan
105.3477,0.0009,0.0086,1.1982,0.3379,0.0651,0.0128,0.2596,0.0068,1.1035,0.2755,-0.1970,34.5092,36.6455,0.0437,nan,nan,nan,nan
105.3679,0.0009,0.0085,1.1982,0.3379,0.0651,0.0128,0.2596,0.0066,1.1035,0.2755,-0.2060,34.5062,36.6446,0.0421,nan,nan,nan,nan
105.3951,0.0009,0.0084,1.1982,0.3311,0.0673,0.0144,0.2595,0.0065,1.1034,0.2755,-0.2112,34.5045,36.6437,0.0406,nan,nan,nan,nan
105.4164,0.0008,0.0082,1.1982,0.3231,0.0696,0.0161,0.2595,0.0063,1.1034,0.2755,-0.2179,34.5030,36.6422,0.0405,nan,nan,nan,nan
105.4436,0.0008,0.0080,1.1982,0.3231,0.0696,0.0161,0.2594,0.0061,1.1034,0.2755,-0.2204,34.5007,36.6414,0.0422,nan,nan,nan,nan
105.4654,0.0007,0.0079,1.1982,0.3136,0.0716,0.0167,0.2594,0.0060,1.1034,0.2755,-0.2212,34.5000,36.6412,0.0422,nan,nan,nan,nan
105.5026,0.0007,0.0077,1.1982,0.3034,0.0736,0.0179,0.2594,0.0058,1.1034,0.2755,-0.2263,34.4972,36.6418,0.0442,nan,nan,nan,nan
105.5358,0.0007,0.0075,1.1982,0.2922,0.0751,0.0175,0.2593,0.0055,1.1033,0.2755,-0.2241,34.4940,36.6379,0.0444,nan,nan,nan,nan
105.5600,0.0006,0.0072,1.1982,0.2796,0.0766,0.0170,0.2593,0.0052,1.1033,0.2755,-0.2193,34.4917,36.6299,0.0432,nan,nan,nan,nan
105.5826,0.0006,0.0070,1.1982,0.2796,0.0766,0.0170,0.2593,0.0050,1.1033,0.2755,-0.2165,34.4917,36.6235,0.0445,nan,nan,nan,nan
105.6049,0.0006,0.0068,1.1982,0.2663,0.0781,0.0160,0.2592,0.0049,1.1033,0.2756,-0.2099,34.4916,36.6154,0.0511,nan,nan,nan,nan
105.6301,0.0005,0.0066,1.1981,0.2517,0.0795,0.0146,0.2592,0.0047,1.1032,0.2756,-0.2007,34.4911,36.6104,0.0592,nan,nan,nan,nan
105.6634,0.0005,0.0063,1.1981,0.2365,0.0807,0.0121,0.2592,0.0044,1.1032,0.2756,-0.1845,34.4905,36.6089,0.0572,nan,nan,nan,nan
105.6873,0.0005,0.0060,1.1981,0.2365,0.0807,0.0121,0.2591,0.0042,1.1032,0.2756,-0.1712,34.4915,36.6066,0.0541,nan,nan,nan,nan
105.7095,0.0004,0.0059,1.1981,0.2202,0.0819,0.0102,0.2591,0.0040,1.1032,0.2756,-0.1677,34.4913,36.6067,0.0530,nan,nan,nan,nan
105.7358,0.0004,0.0056,1.1981,0.2044,0.0826,0.0086,0.2591,0.0038,1.1032,0.2756,-0.1554,34.4916,36.6088,0.0500,nan,nan,nan,nan
105.7691,0.0004,0.0053,1.1981,0.1894,0.0826,0.0082,0.2591,0.0034,1.1032,0.2755,-0.1517,34.4912,36.6154,0.0564,nan,nan,nan,nan
105.7951,0.0004,0.0049,1.1981,0.1742,0.0823,0.0077,0.2590,0.0031,1.1032,0.2755,-0.1484,34.4913,36.6213,0.0595,nan,nan,nan,nan
105.8223,0.0004,0.0047,1.1981,0.1742,0.0823,0.0077,0.2590,0.0028,1.1033,0.2755,-0.1435,34.4928,36.6232,0.0614,nan,nan,nan,nan
105.8495,0.0004,0.0045,1.1981,0.1577,0.0818,0.0066,0.2590,0.0027,1.1033,0.2755,-0.1372,34.4939,36.6247,0.0629,nan,nan,nan,nan
105.8853,0.0003,0.0042,1.1981,0.1414,0.0809,0.0054,0.2590,0.0024,1.1033,0.2755,-0.1255,34.4973,36.6283,0.0619,nan,nan,nan,nan
105.9188,0.0003,0.0039,1.1981,0.1246,0.0793,0.0034,0.2590,0.0021,1.1033,0.2755,-0.1096,34.4986,36.6348,0.0594,nan,nan,nan,nan
105.9549,0.0003,0.0035,1.1981,0.1078,0.0770,0.0017,0.2590,0.0017,1.1033,0.2755,-0.0951,34.4978,36.6414,0.0580,nan,nan,nan,nan
105.9764,0.0003,0.0032,1.1981,0.1078,0.0770,0.0017,0.2590,0.0015,1.1033,0.2755,-0.0891,34.4969,36.6427,0.0579,nan,nan,nan,nan
106.0004,0.0003,0.0030,1.1981,0.0919,0.0738,0.0005,0.2590,0.0013,1.1034,0.2755,-0.0842,34.4967,36.6438,0.0549,nan,nan,nan,nan
106.0295,0.0003,0.0027,1.1981,0.0754,0.0701,-0.0011,0.2590,0.0010,1.1034,0.2755,-0.0728,34.4969,36.6416,0.0446,nan,nan,nan,nan
106.0561,0.0003,0.0024,1.1981,0.0754,0.0701,-0.0011,0.2590,0.0008,1.1034,0.2755,-0.0591,34.4963,36.6374,0.0305,nan,nan,nan,nan
106.0789,0.0003,0.0022,1.1981,0.0586,0.0657,-0.0033,0.2590,0.0006,1.1033,0.2755,-0.0515,34.4941,36.6338,0.0216,nan,nan,nan,nan
106.1111,0.0003,0.0020,1.1981,0.0425,0.0598,-0.0048,0.2590,0.0003,1.1033,0.2755,-0.0431,34.4891,36.6275,0.0121,nan,nan,nan,nan
106.1437,0.0003,0.0016,1.1981,0.0272,0.0535,-0.0062,0.2591,-0.0001,1.1033,0.2755,-0.0329,34.4844,36.6184,0.0079,nan,nan,nan,nan
106.1657,0.0004,0.0013,1.1981,0.0272,0.0535,-0.0062,0.2591,-0.0004,1.1033,0.2756,-0.0291,34.4832,36.6133,0.0060,nan,nan,nan,nan
106.1912,0.0004,0.0011,1.1981,0.0121,0.0473,-0.0068,0.2591,-0.0006,1.1033,0.2756,-0.0257,34.4828,36.6050,0.0032,nan,nan,nan,nan
106.2263,0.0004,0.0008,1.1981,-0.0028,0.0414,-0.0067,0.2591,-0.0009,1.1033,0.2756,-0.0238,34.4830,36.5986,-0.0001,nan,nan,nan,nan
106.2490,0.0004,0.0005,1.1981,-0.0028,0.0414,-0.0067,0.2592,-0.0012,1.1033,0.2756,-0.0241,34.4833,36.5956,-0.0016,nan,nan,nan,nan
106.2719,0.0004,0.0003,1.1981,-0.0172,0.0353,-0.0059,0.2592,-0.0014,1.1033,0.2756,-0.0235,34.4836,36.5950,-0.0012,nan,nan,nan,nan
106.2981,0.0004,0.0000,1.1981,-0.0317,0.0290,-0.0053,0.2592,-0.0017,1.1033,0.2756,-0.0222,34.4847,36.5915,0.0014,nan,nan,nan,nan
106.3195,0.0004,-0.0003,1.1981,-0.0317,0.0290,-0.0053,0.2592,-0.0019,1.1033,0.2756,-0.0196,34.4854,36.5889,0.0052,nan,nan,nan,nan
106.3402,0.0004,-0.0004,1.1981,-0.0463,0.0225,-0.0050,0.2592,-0.0021,1.1034,0.2756,-0.0184,34.4855,36.5883,0.0045,nan,nan,nan,nan
106.3613,0.0004,-0.0007,1.1981,-0.0599,0.0154,-0.0051,0.2593,-0.0024,1.1034,0.2756,-0.0139,34.4849,36.5865,0.0049,nan,nan,nan,nan
106.3823,0.0005,-0.0010,1.1981,-0.0599,0.0154,-0.0051,0.2593,-0.0026,1.1034,0.2756,-0.0109,34.4844,36.5840,0.0088,nan,nan,nan,nan
106.4051,0.0005,-0.0012,1.1981,-0.0729,0.0082,-0.0055,0.2593,-0.0029,1.1034,0.2756,-0.0055,34.4854,36.5834,0.0146,nan,nan,nan,nan
106.4379,0.0005,-0.0015,1.1981,-0.0855,0.0019,-0.0053,0.2593,-0.0032,1.1034,0.2756,-0.0027,34.4875,36.5850,0.0195,nan,nan,nan,nan
106.4599,0.0005,-0.0017,1.1981,-0.0855,0.0019,-0.0053,0.2593,-0.0035,1.1035,0.2756,-0.0061,34.4889,36.5900,0.0225,nan,nan,nan,nan
106.4865,0.0005,-0.0019,1.1981,-0.0966,-0.0043,-0.0041,0.2594,-0.0037,1.1035,0.2756,-0.0072,34.4887,36.5922,0.0243,nan,nan,nan,nan
106.5214,0.0005,-0.0022,1.1981,-0.1072,-0.0107,-0.0033,0.2594,-0.0039,1.1035,0.2756,-0.0082,34.4889,36.5987,0.0262,nan,nan,nan,nan
106.5476,0.0005,-0.0025,1.1981,-0.1179,-0.0166,-0.0037,0.2594,-0.0043,1.1036,0.2756,-0.0024,34.4915,36.6025,0.0240,nan,nan,nan,nan
106.5714,0.0006,-0.0028,1.1980,-0.1179,-0.0166,-0.0037,0.2594,-0.0045,1.1036,0.2756,0.0086,34.4941,36.6043,0.0234,nan,nan,nan,nan
106.5933,0.0006,-0.0030,1.1980,-0.1289,-0.0223,-0.0056,0.2594,-0.0047,1.1036,0.2755,0.0128,34.4949,36.6054,0.0232,nan,nan,nan,nan
106.6143,0.0006,-0.0033,1.1980,-0.1394,-0.0282,-0.0077,0.2594,-0.0049,1.1036,0.2755,0.0310,34.4957,36.6087,0.0237,nan,nan,nan,nan
106.6433,0.0006,-0.0036,1.1980,-0.1496,-0.0345,-0.0096,0.2595,-0.0052,1.1037,0.2755,0.0494,34.4956,36.6085,0.0254,nan,nan,nan,nan
106.6706,0.0006,-0.0038,1.1980,-0.1496,-0.0345,-0.0096,0.2595,-0.0054,1.1037,0.2755,0.0580,34.4943,36.6086,0.0251,nan,nan,nan,nan
106.6988,0.0006,-0.0040,1.1980,-0.1590,-0.0408,-0.0113,0.2595,-0.0055,1.1037,0.2755,0.0681,34.4932,36.6082,0.0239,nan,nan,nan,nan
106.7261,0.0006,-0.0042,1.1980,-0.1675,-0.0468,-0.0122,0.2595,-0.0058,1.1037,0.2755,0.0760,34.4914,36.6098,0.0198,nan,nan,nan,nan
106.7496,0.0006,-0.0045,1.1980,-0.1675,-0.0468,-0.0122,0.2595,-0.0060,1.1037,0.2755,0.0873,34.4906,36.6118,0.0166,nan,nan,nan,nan
106.7713,0.0006,-0.0046,1.1980,-0.1760,-0.0523,-0.0137,0.2595,-0.0061,1.1037,0.2755,0.0967,34.4908,36.6129,0.0150,nan,nan,nan,nan
106.7985,0.0006,-0.0049,1.1980,-0.1847,-0.0568,-0.0158,0.2595,-0.0063,1.1038,0.2755,0.1109,34.4926,36.6139,0.0135,nan,nan,nan,nan
106.8275,0.0006,-0.0052,1.1980,-0.1935,-0.0603,-0.0184,0.2596,-0.0065,1.1038,0.2755,0.1330,34.4965,36.6108,0.0120,nan,nan,nan,nan
106.8590,0.0006,-0.0055,1.1980,-0.2020,-0.0638,-0.0205,0.2596,-0.0067,1.1038,0.2756,0.1543,34.4985,36.6049,0.0046,nan,nan,nan,nan
106.8924,0.0006,-0.0058,1.1980,-0.2104,-0.0665,-0.0228,0.2596,-0.0069,1.1038,0.2756,0.1782,34.5001,36.6006,0.0007,nan,nan,nan,nan
106.9140,0.0006,-0.0060,1.1980,-0.2104,-0.0665,-0.0228,0.2596,-0.0071,1.1038,0.2756,0.1918,34.5008,36.5986,-0.0013,nan,nan,nan,nan
106.9360,0.0006,-0.0061,1.1980,-0.2192,-0.0684,-0.0260,0.2596,-0.0072,1.1038,0.2756,0.2156,34.5010,36.5969,-0.0078,nan,nan,nan,nan
106.9670,0.0006,-0.0063,1.1980,-0.2292,-0.0697,-0.0296,0.2596,-0.0073,1.1038,0.2756,0.2436,34.5008,36.5958,-0.0151,nan,nan,nan,nan
106.9896,0.0006,-0.0065,1.1980,-0.2292,-0.0697,-0.0296,0.2596,-0.0074,1.1038,0.2756,0.2636,34.5001,36.5968,-0.0180,nan,nan,nan,nan
107.0165,0.0006,-0.0067,1.1980,-0.2393,-0.0706,-0.0339,0.2596,-0.0074,1.1038,0.2756,0.3103,34.4991,36.5955,-0.0246,nan,nan,nan,nan
107.0429,0.0006,-0.0068,1.1980,-0.2501,-0.0708,-0.0395,0.2596,-0.0075,1.1038,0.2756,0.3360,34.4986,36.5930,-0.0269,nan,nan,nan,nan
107.0698,0.0006,-0.0070,1.1980,-0.2501,-0.0708,-0.0395,0.2596,-0.0075,1.1038,0.2756,0.3609,34.4975,36.5901,-0.0295,nan,nan,nan,nan
107.0928,0.0006,-0.0071,1.1980,-0.2611,-0.0708,-0.0446,0.2596,-0.0075,1.1038,0.2756,0.3958,34.4954,36.5900,-0.0317,nan,nan,nan,nan
107.1280,0.0006,-0.0073,1.1980,-0.2717,-0.0700,-0.0486,0.2595,-0.0076,1.1038,0.2756,0.4285,34.4932,36.5918,-0.0303,nan,nan,nan,nan
107.1617,0.0005,-0.0075,1.1981,-0.2820,-0.0684,-0.0506,0.2595,-0.0077,1.1038,0.2756,0.4630,34.4917,36.5962,-0.0315,nan,nan,nan,nan
107.1909,0.0005,-0.0077,1.1981,-0.2914,-0.0660,-0.0510,0.2595,-0.0078,1.1038,0.2756,0.4863,34.4930,36.5955,-0.0350,nan,nan,nan,nan
107.2109,0.0005,-0.0079,1.1981,-0.2914,-0.0660,-0.0510,0.2594,-0.0079,1.1038,0.2756,0.4973,34.4950,36.5961,-0.0352,nan,nan,nan,nan
107.2338,0.0005,-0.0079,1.1981,-0.3000,-0.0628,-0.0497,0.2594,-0.0080,1.1038,0.2756,0.4992,34.4961,36.5959,-0.0339,nan,nan,nan,nan
107.2631,0.0005,-0.0081,1.1981,-0.3074,-0.0594,-0.0460,0.2594,-0.0081,1.1038,0.2756,0.4976,34.4984,36.5947,-0.0261,nan,nan,nan,nan
107.2932,0.0004,-0.0082,1.1981,-0.3134,-0.0560,-0.0393,0.2594,-0.0083,1.1038,0.2756,0.4772,34.4988,36.5948,-0.0165,nan,nan,nan,nan
107.3236,0.0004,-0.0083,1.1981,-0.3174,-0.0525,-0.0294,0.2593,-0.0086,1.1037,0.2756,0.4358,34.4997,36.5911,-0.0055,nan,nan,nan,nan
107.3479,0.0004,-0.0084,1.1981,-0.3174,-0.0525,-0.0294,0.2593,-0.0088,1.1037,0.2756,0.3964,34.4999,36.5868,0.0008,nan,nan,nan,nan
107.3747,0.0003,-0.0084,1.1981,-0.3200,-0.0489,-0.0181,0.2593,-0.0090,1.1037,0.2756,0.3679,34.5005,36.5859,0.0025,nan,nan,nan,nan
107.4038,0.0003,-0.0085,1.1981,-0.3224,-0.0447,-0.0063,0.2592,-0.0092,1.1037,0.2756,0.3260,34.5006,36.5876,0.0078,nan,nan,nan,nan
107.4267,0.0003,-0.0086,1.1981,-0.3224,-0.0447,-0.0063,0.2592,-0.0094,1.1037,0.2756,0.3010,34.5009,36.5898,0.0086,nan,nan,nan,nan
107.4504,0.0002,-0.0086,1.1981,-0.3255,-0.0399,0.0043,0.2592,-0.0096,1.1037,0.2756,0.2674,34.5020,36.5922,0.0068,nan,nan,nan,nan
107.4721,0.0002,-0.0087,1.1981,-0.3294,-0.0350,0.0139,0.2591,-0.0097,1.1037,0.2756,0.2384,34.5019,36.5943,0.0077,nan,nan,nan,nan
107.4989,0.0002,-0.0087,1.1981,-0.3336,-0.0301,0.0215,0.2591,-0.0098,1.1037,0.2756,0.2110,34.5010,36.5960,0.0072,nan,nan,nan,nan
107.5228,0.0001,-0.0087,1.1981,-0.3336,-0.0301,0.0215,0.2590,-0.0099,1.1037,0.2756,0.2014,34.4989,36.6000,0.0030,nan,nan,nan,nan
107.5433,0.0001,-0.0088,1.1981,-0.3384,-0.0252,0.0264,0.2590,-0.0099,1.1037,0.2756,0.1927,34.4964,36.6049,-0.0048,nan,nan,nan,nan
107.5709,0.0001,-0.0088,1.1981,-0.3426,-0.0201,0.0315,0.2590,-0.0100,1.1037,0.2756,0.1866,34.4956,36.6066,-0.0141,nan,nan,nan,nan
107.5936,0.0000,-0.0088,1.1981,-0.3426,-0.0201,0.0315,0.2589,-0.0100,1.1037,0.2756,0.1794,34.4951,36.6077,-0.0247,nan,nan,nan,nan
107.6154,0.0000,-0.0088,1.1981,-0.3454,-0.0148,0.0366,0.2589,-0.0100,1.1036,0.2756,0.1676,34.4946,36.6075,-0.0393,nan,nan,nan,nan
107.6544,-0.0000,-0.0088,1.1981,-0.3473,-0.0099,0.0414,0.2588,-0.0101,1.1036,0.2756,0.1588,34.4934,36.6065,-0.0419,nan,nan,nan,nan
107.6789,-0.0001,-0.0088,1.1981,-0.3473,-0.0099,0.0414,0.2588,-0.0101,1.1036,0.2756,0.1544,34.4930,36.6063,-0.0438,nan,nan,nan,nan
107.6992,-0.0001,-0.0088,1.1981,-0.3487,-0.0048,0.0450,0.2588,-0.0101,1.1036,0.2756,0.1510,34.4938,36.6063,-0.0464,nan,nan,nan,nan
107.7361,-0.0001,-0.0087,1.1981,-0.3485,0.0005,0.0486,0.2587,-0.0101,1.1036,0.2756,0.1454,34.4952,36.6070,-0.0530,nan,nan,nan,nan
107.7708,-0.0002,-0.0087,1.1981,-0.3468,0.0059,0.0517,0.2587,-0.0100,1.1036,0.2756,0.1380,34.4983,36.6080,-0.0540,nan,nan,nan,nan
107.7938,-0.0002,-0.0086,1.1981,-0.3468,0.0059,0.0517,0.2586,-0.0100,1.1036,0.2756,0.1327,34.4997,36.6080,-0.0544,nan,nan,nan,nan
107.8170,-0.0002,-0.0086,1.1981,-0.3437,0.0107,0.0550,0.2586,-0.0100,1.1036,0.2756,0.1266,34.5001,36.6097,-0.0544,nan,nan,nan,nan
107.8521,-0.0003,-0.0085,1.1982,-0.3388,0.0153,0.0590,0.2585,-0.0100,1.1036,0.2756,0.1091,34.5032,36.6064,-0.0551,nan,nan,nan,nan
107.8763,-0.0003,-0.0085,1.1982,-0.3388,0.0153,0.0590,0.2585,-0.0100,1.1036,0.2756,0.0931,34.5028,36.6022,-0.0534,nan,nan,nan,nan
107.8980,-0.0003,-0.0084,1.1982,-0.3322,0.0189,0.0633,0.2585,-0.0099,1.1035,0.2756,0.0837,34.5017,36.6003,-0.0516,nan,nan,nan,nan
107.9252,-0.0004,-0.0083,1.1982,-0.3244,0.0218,0.0664,0.2584,-0.0099,1.1035,0.2756,0.0710,34.4990,36.6010,-0.0472,nan,nan,nan,nan
107.9473,-0.0004,-0.0082,1.1982,-0.3244,0.0218,0.0664,0.2584,-0.0098,1.1035,0.2756,0.0602,34.4979,36.6006,-0.0450,nan,nan,nan,nan
107.9749,-0.0004,-0.0082,1.1982,-0.3156,0.0248,0.0688,0.2584,-0.0098,1.1035,0.2756,0.0552,34.4978,36.6007,-0.0418,nan,nan,nan,nan
107.9999,-0.0005,-0.0081,1.1982,-0.3063,0.0282,0.0701,0.2583,-0.0097,1.1035,0.2756,0.0507,34.4983,36.6041,-0.0335,nan,nan,nan,nan
108.0273,-0.0005,-0.0079,1.1982,-0.2958,0.0314,0.0703,0.2583,-0.0095,1.1035,0.2756,0.0475,34.4997,36.6090,-0.0250,nan,nan,nan,nan
108.0520,-0.0005,-0.0078,1.1982,-0.2843,0.0344,0.0701,0.2582,-0.0093,1.1035,0.2755,0.0472,34.5012,36.6148,-0.0211,nan,nan,nan,nan
108.0762,-0.0006,-0.0076,1.1982,-0.2843,0.0344,0.0701,0.2582,-0.0092,1.1035,0.2755,0.0469,34.5014,36.6162,-0.0168,nan,nan,nan,nan
108.1035,-0.0006,-0.0075,1.1982,-0.2715,0.0367,0.0696,0.2582,-0.0091,1.1035,0.2755,0.0449,34.5008,36.6164,-0.0125,nan,nan,nan,nan
108.1352,-0.0006,-0.0074,1.1982,-0.2571,0.0383,0.0695,0.2581,-0.0090,1.1035,0.2755,0.0398,34.4995,36.6171,-0.0021,nan,nan,nan,nan
108.1629,-0.0006,-0.0072,1.1982,-0.2571,0.0383,0.0695,0.2581,-0.0088,1.1035,0.2755,0.0318,34.4983,36.6171,0.0115,nan,nan,nan,nan
108.1893,-0.0007,-0.0071,1.1982,-0.2412,0.0394,0.0697,0.2581,-0.0087,1.1035,0.2755,0.0296,34.4978,36.6169,0.0155,nan,nan,nan,nan
108.2148,-0.0007,-0.0070,1.1982,-0.2247,0.0401,0.0685,0.2581,-0.0086,1.1035,0.2755,0.0253,34.4946,36.6199,0.0210,nan,nan,nan,nan
108.2363,-0.0007,-0.0068,1.1982,-0.2247,0.0401,0.0685,0.2580,-0.0084,1.1035,0.2755,0.0242,34.4933,36.6212,0.0217,nan,nan,nan,nan
108.2570,-0.0007,-0.0067,1.1982,-0.2078,0.0409,0.0673,0.2580,-0.0083,1.1035,0.2755,0.0226,34.4930,36.6209,0.0212,nan,nan,nan,nan
108.2880,-0.0008,-0.0065,1.1982,-0.1897,0.0418,0.0666,0.2580,-0.0081,1.1035,0.2755,0.0153,34.4932,36.6212,0.0173,nan,nan,nan,nan
108.3092,-0.0008,-0.0063,1.1982,-0.1897,0.0418,0.0666,0.2580,-0.0080,1.1035,0.2755,0.0118,34.4943,36.6209,0.0167,nan,nan,nan,nan
108.3317,-0.0008,-0.0062,1.1982,-0.1707,0.0427,0.0656,0.2579,-0.0078,1.1035,0.2755,0.0066,34.4950,36.6222,0.0143,nan,nan,nan,nan
108.3609,-0.0008,-0.0060,1.1982,-0.1513,0.0431,0.0651,0.2579,-0.0077,1.1035,0.2755,-0.0002,34.4949,36.6228,0.0159,nan,nan,nan,nan
108.3895,-0.0008,-0.0058,1.1982,-0.1513,0.0431,0.0651,0.2579,-0.0075,1.1035,0.2755,-0.0094,34.4963,36.6225,0.0193,nan,nan,nan,nan
108.4172,-0.0008,-0.0057,1.1982,-0.1308,0.0439,0.0646,0.2579,-0.0074,1.1035,0.2755,-0.0128,34.4970,36.6221,0.0208,nan,nan,nan,nan
108.4420,-0.0009,-0.0055,1.1982,-0.1098,0.0449,0.0638,0.2579,-0.0072,1.1035,0.2755,-0.0241,34.5011,36.6198,0.0238,nan,nan,nan,nan
108.4654,-0.0009,-0.0053,1.1982,-0.1098,0.0449,0.0638,0.2579,-0.0070,1.1035,0.2755,-0.0257,34.5032,36.6194,0.0256,nan,nan,nan,nan
108.4911,-0.0009,-0.0052,1.1982,-0.0899,0.0460,0.0617,0.2578,-0.0068,1.1035,0.2755,-0.0235,34.5068,36.6203,0.0267,nan,nan,nan,nan
108.5188,-0.0009,-0.0049,1.1982,-0.0706,0.0473,0.0583,0.2578,-0.0065,1.1035,0.2755,-0.0148,34.5100,36.6230,0.0284,nan,nan,nan,nan
108.5394,-0.0009,-0.0047,1.1982,-0.0516,0.0480,0.0543,0.2578,-0.0063,1.1035,0.2755,-0.0064,34.5119,36.6249,0.0264,nan,nan,nan,nan
108.5729,-0.0009,-0.0045,1.1982,-0.0325,0.0485,0.0506,0.2578,-0.0060,1.1035,0.2755,0.0033,34.5135,36.6294,0.0219,nan,nan,nan,nan
108.5988,-0.0009,-0.0042,1.1982,-0.0137,0.0481,0.0464,0.2578,-0.0056,1.1035,0.2755,0.0153,34.5118,36.6333,0.0134,nan,nan,nan,nan
108.6281,-0.0010,-0.0039,1.1982,0.0036,0.0477,0.0415,0.2578,-0.0053,1.1035,0.2755,0.0367,34.5116,36.6312,0.0063,nan,nan,nan,nan
108.6494,-0.0010,-0.0038,1.1982,0.0036,0.0477,0.0415,0.2578,-0.0050,1.1035,0.2755,0.0486,34.5117,36.6315,0.0027,nan,nan,nan,nan
108.6743,-0.0010,-0.0036,1.1982,0.0203,0.0475,0.0362,0.2577,-0.0047,1.1036,0.2755,0.0637,34.5128,36.6326,-0.0028,nan,nan,nan,nan
108.6985,-0.0010,-0.0033,1.1982,0.0374,0.0473,0.0329,0.2577,-0.0044,1.1035,0.2755,0.0709,34.5139,36.6322,-0.0069,nan,nan,nan,nan
108.7223,-0.0010,-0.0030,1.1981,0.0548,0.0471,0.0322,0.2577,-0.0042,1.1035,0.2755,0.0648,34.5148,36.6293,-0.0092,nan,nan,nan,nan
108.7485,-0.0010,-0.0028,1.1981,0.0720,0.0465,0.0320,0.2577,-0.0040,1.1035,0.2755,0.0573,34.5148,36.6233,-0.0200,nan,nan,nan,nan
108.7686,-0.0010,-0.0026,1.1981,0.0881,0.0462,0.0314,0.2578,-0.0038,1.1035,0.2755,0.0542,34.5153,36.6204,-0.0324,nan,nan,nan,nan
108.7954,-0.0010,-0.0024,1.1981,0.1031,0.0458,0.0307,0.2578,-0.0035,1.1035,0.2755,0.0522,34.5154,36.6180,-0.0458,nan,nan,nan,nan
108.8183,-0.0010,-0.0021,1.1981,0.1164,0.0455,0.0299,0.2578,-0.0032,1.1035,0.2755,0.0539,34.5159,36.6143,-0.0468,nan,nan,nan,nan
108.8422,-0.0010,-0.0019,1.1981,0.1290,0.0451,0.0292,0.2578,-0.0030,1.1035,0.2755,0.0542,34.5157,36.6074,-0.0450,nan,nan,nan,nan
108.8708,-0.0010,-0.0017,1.1981,0.1405,0.0443,0.0293,0.2578,-0.0027,1.1035,0.2755,0.0524,34.5127,36.6064,-0.0426,nan,nan,nan,nan
108.8987,-0.0010,-0.0014,1.1981,0.1507,0.0435,0.0289,0.2578,-0.0025,1.1035,0.2755,0.0537,34.5090,36.6078,-0.0437,nan,nan,nan,nan
108.9268,-0.0009,-0.0012,1.1981,0.1586,0.0431,0.0272,0.2578,-0.0022,1.1035,0.2755,0.0660,34.5065,36.6111,-0.0509,nan,nan,nan,nan
108.9576,-0.0009,-0.0010,1.1981,0.1648,0.0434,0.0247,0.2578,-0.0019,1.1035,0.2755,0.0843,34.5077,36.6126,-0.0545,nan,nan,nan,nan
108.9832,-0.0009,-0.0009,1.1981,0.1648,0.0434,0.0247,0.2578,-0.0017,1.1035,0.2755,0.0980,34.5086,36.6162,-0.0563,nan,nan,nan,nan
109.0063,-0.0009,-0.0008,1.1981,0.1696,0.0437,0.0229,0.2578,-0.0016,1.1035,0.2755,0.1018,34.5083,36.6170,-0.0566,nan,nan,nan,nan
109.0377,-0.0009,-0.0006,1.1981,0.1745,0.0434,0.0228,0.2578,-0.0014,1.1035,0.2755,0.1100,34.5064,36.6250,-0.0533,nan,nan,nan,nan
109.0639,-0.0009,-0.0005,1.1981,0.1745,0.0434,0.0228,0.2578,-0.0012,1.1035,0.2755,0.1130,34.5078,36.6293,-0.0484,nan,nan,nan,nan
109.0869,-0.0009,-0.0004,1.1981,0.1788,0.0434,0.0233,0.2579,-0.0011,1.1035,0.2755,0.1155,34.5086,36.6327,-0.0478,nan,nan,nan,nan
109.1101,-0.0009,-0.0003,1.1981,0.1820,0.0431,0.0241,0.2579,-0.0010,1.1035,0.2755,0.1171,34.5096,36.6327,-0.0449,nan,nan,nan,nan
109.1304,-0.0008,-0.0001,1.1981,0.1820,0.0431,0.0241,0.2579,-0.0008,1.1035,0.2755,0.1187,34.5115,36.6312,-0.0403,nan,nan,nan,nan
109.1556,-0.0008,-0.0000,1.1981,0.1837,0.0431,0.0246,0.2579,-0.0007,1.1036,0.2755,0.1304,34.5154,36.6297,-0.0233,nan,nan,nan,nan
109.1808,-0.0008,0.0001,1.1981,0.1830,0.0426,0.0238,0.2579,-0.0004,1.1036,0.2755,0.1510,34.5165,36.6280,-0.0107,nan,nan,nan,nan
109.2029,-0.0008,0.0002,1.1981,0.1801,0.0417,0.0220,0.2579,-0.0003,1.1036,0.2755,0.1638,34.5168,36.6295,-0.0084,nan,nan,nan,nan
109.2258,-0.0008,0.0003,1.1981,0.1801,0.0417,0.0220,0.2580,-0.0001,1.1036,0.2755,0.1776,34.5172,36.6319,-0.0073,nan,nan,nan,nan
109.2534,-0.0007,0.0004,1.1981,0.1756,0.0408,0.0198,0.2580,-0.0000,1.1036,0.2755,0.1914,34.5174,36.6340,-0.0066,nan,nan,nan,nan
109.2816,-0.0007,0.0005,1.1981,0.1694,0.0395,0.0185,0.2580,0.0002,1.1036,0.2754,0.2171,34.5168,36.6367,-0.0089,nan,nan,nan,nan
109.3020,-0.0007,0.0005,1.1981,0.1694,0.0395,0.0185,0.2580,0.0003,1.1036,0.2754,0.2282,34.5162,36.6384,-0.0096,nan,nan,nan,nan
109.3284,-0.0007,0.0006,1.1981,0.1627,0.0375,0.0179,0.2580,0.0004,1.1036,0.2754,0.2395,34.5135,36.6434,-0.0128,nan,nan,nan,nan
109.3487,-0.0006,0.0007,1.1981,0.1556,0.0350,0.0187,0.2581,0.0005,1.1036,0.2754,0.2462,34.5108,36.6486,-0.0139,nan,nan,nan,nan
109.3812,-0.0006,0.0008,1.1981,0.1480,0.0329,0.0220,0.2581,0.0006,1.1036,0.2754,0.2424,34.5125,36.6500,-0.0149,nan,nan,nan,nan
109.4079,-0.0006,0.0009,1.1981,0.1397,0.0298,0.0266,0.2581,0.0007,1.1037,0.2754,0.2309,34.5111,36.6503,-0.0191,nan,nan,nan,nan
109.4446,-0.0005,0.0010,1.1981,0.1318,0.0266,0.0331,0.2582,0.0007,1.1037,0.2754,0.2076,34.5112,36.6491,-0.0223,nan,nan,nan,nan
109.4735,-0.0005,0.0011,1.1981,0.1234,0.0231,0.0402,0.2582,0.0007,1.1037,0.2754,0.1788,34.5113,36.6534,-0.0271,nan,nan,nan,nan
109.5000,-0.0005,0.0012,1.1981,0.1147,0.0200,0.0471,0.2583,0.0007,1.1037,0.2754,0.1496,34.5141,36.6574,-0.0351,nan,nan,nan,nan
109.5357,-0.0004,0.0013,1.1981,0.1060,0.0162,0.0548,0.2583,0.0006,1.1037,0.2754,0.1143,34.5165,36.6554,-0.0467,nan,nan,nan,nan
109.5653,-0.0004,0.0014,1.1981,0.0970,0.0115,0.0623,0.2584,0.0006,1.1038,0.2754,0.0794,34.5152,36.6545,-0.0552,nan,nan,nan,nan
109.5915,-0.0003,0.0015,1.1981,0.0867,0.0067,0.0688,0.2584,0.0005,1.1038,0.2754,0.0533,34.5126,36.6546,-0.0550,nan,nan,nan,nan
109.6248,-0.0003,0.0016,1.1981,0.0757,0.0021,0.0735,0.2585,0.0005,1.1038,0.2754,0.0355,34.5119,36.6526,-0.0495,nan,nan,nan,nan
109.6559,-0.0002,0.0016,1.1981,0.0639,-0.0020,0.0775,0.2585,0.0006,1.1038,0.2754,0.0245,34.5131,36.6510,-0.0398,nan,nan,nan,nan
109.6834,-0.0002,0.0017,1.1981,0.0520,-0.0056,0.0814,0.2586,0.0006,1.1038,0.2754,0.0130,34.5157,36.6490,-0.0368,nan,nan,nan,nan
109.7090,-0.0002,0.0017,1.1981,0.0520,-0.0056,0.0814,0.2586,0.0006,1.1038,0.2754,0.0089,34.5175,36.6480,-0.0390,nan,nan,nan,nan
109.7326,-0.0001,0.0018,1.1981,0.0396,-0.0090,0.0841,0.2587,0.0007,1.1039,0.2754,0.0105,34.5206,36.6451,-0.0437,nan,nan,nan,nan
109.7546,-0.0001,0.0018,1.1981,0.0266,-0.0122,0.0849,0.2587,0.0007,1.1039,0.2754,0.0125,34.5214,36.6447,-0.0450,nan,nan,nan,nan
109.7840,-0.0001,0.0019,1.1981,0.0135,-0.0154,0.0844,0.2587,0.0008,1.1039,0.2754,0.0228,34.5238,36.6419,-0.0528,nan,nan,nan,nan
109.8051,-0.0000,0.0019,1.1981,0.0135,-0.0154,0.0844,0.2588,0.0008,1.1039,0.2754,0.0271,34.5246,36.6412,-0.0573,nan,nan,nan,nan
109.8333,-0.0000,0.0019,1.1981,0.0007,-0.0183,0.0844,0.2588,0.0008,1.1039,0.2754,0.0310,34.5254,36.6409,-0.0611,nan,nan,nan,nan
109.8610,0.0000,0.0020,1.1981,-0.0113,-0.0211,0.0855,0.2588,0.0009,1.1039,0.2754,0.0297,34.5268,36.6407,-0.0634,nan,nan,nan,nan
109.8887,0.0000,0.0020,1.1981,-0.0113,-0.0211,0.0855,0.2588,0.0009,1.1039,0.2754,0.0208,34.5284,36.6406,-0.0636,nan,nan,nan,nan
109.9087,0.0001,0.0021,1.1981,-0.0214,-0.0239,0.0881,0.2589,0.0008,1.1039,0.2754,0.0161,34.5285,36.6411,-0.0634,nan,nan,nan,nan
109.9351,0.0001,0.0021,1.1981,-0.0300,-0.0271,0.0917,0.2589,0.0008,1.1040,0.2754,-0.0079,34.5257,36.6438,-0.0620,nan,nan,nan,nan
109.9575,0.0001,0.0022,1.1981,-0.0300,-0.0271,0.0917,0.2589,0.0008,1.1040,0.2754,-0.0202,34.5238,36.6442,-0.0603,nan,nan,nan,nan
109.9788,0.0001,0.0022,1.1981,-0.0382,-0.0300,0.0955,0.2589,0.0008,1.1040,0.2754,-0.0388,34.5222,36.6429,-0.0573,nan,nan,nan,nan
110.0003,0.0002,0.0023,1.1981,-0.0457,-0.0328,0.0985,0.2590,0.0007,1.1039,0.2754,-0.0563,34.5194,36.6399,-0.0603,nan,nan,nan,nan
110.0267,0.0002,0.0023,1.1981,-0.0457,-0.0328,0.0985,0.2590,0.0007,1.1040,0.2754,-0.0650,34.5180,36.6406,-0.0623,nan,nan,nan,nan
110.0532,0.0002,0.0023,1.1981,-0.0532,-0.0347,0.1001,0.2590,0.0008,1.1040,0.2754,-0.0715,34.5181,36.6428,-0.0637,nan,nan,nan,nan
110.0799,0.0002,0.0024,1.1981,-0.0602,-0.0353,0.1006,0.2590,0.0008,1.1040,0.2754,-0.0817,34.5208,36.6456,-0.0631,nan,nan,nan,nan
110.1149,0.0002,0.0025,1.1981,-0.0667,-0.0365,0.1004,0.2591,0.0008,1.1040,0.2754,-0.0887,34.5205,36.6451,-0.0631,nan,nan,nan,nan
110.1441,0.0003,0.0025,1.1981,-0.0727,-0.0375,0.0995,0.2591,0.0008,1.1040,0.2754,-0.0907,34.5189,36.6460,-0.0600,nan,nan,nan,nan
110.1670,0.0003,0.0026,1.1981,-0.0727,-0.0375,0.0995,0.2591,0.0009,1.1040,0.2754,-0.0944,34.5188,36.6449,-0.0570,nan,nan,nan,nan
110.1891,0.0003,0.0027,1.1982,-0.0774,-0.0382,0.0983,0.2591,0.0009,1.1040,0.2754,-0.0978,34.5188,36.6444,-0.0545,nan,nan,nan,nan
110.2144,0.0003,0.0027,1.1982,-0.0811,-0.0385,0.0979,0.2592,0.0009,1.1040,0.2754,-0.1047,34.5190,36.6451,-0.0579,nan,nan,nan,nan
110.2461,0.0003,0.0028,1.1982,-0.0835,-0.0385,0.0972,0.2592,0.0010,1.1040,0.2754,-0.1153,34.5198,36.6442,-0.0690,nan,nan,nan,nan
110.2682,0.0004,0.0029,1.1982,-0.0835,-0.0385,0.0972,0.2592,0.0010,1.1040,0.2754,-0.1217,34.5188,36.6436,-0.0719,nan,nan,nan,nan
110.2947,0.0004,0.0029,1.1982,-0.0853,-0.0389,0.0963,0.2592,0.0010,1.1040,0.2754,-0.1239,34.5181,36.6430,-0.0723,nan,nan,nan,nan
110.3262,0.0004,0.0030,1.1982,-0.0856,-0.0391,0.0954,0.2592,0.0011,1.1040,0.2754,-0.1362,34.5180,36.6396,-0.0740,nan,nan,nan,nan
110.3572,0.0004,0.0031,1.1982,-0.0851,-0.0391,0.0948,0.2592,0.0011,1.1040,0.2755,-0.1483,34.5177,36.6378,-0.0754,nan,nan,nan,nan
110.3784,0.0004,0.0032,1.1982,-0.0851,-0.0391,0.0948,0.2592,0.0011,1.1040,0.2754,-0.1539,34.5174,36.6387,-0.0767,nan,nan,nan,nan
110.3999,0.0004,0.0032,1.1982,-0.0832,-0.0390,0.0936,0.2593,0.0012,1.1040,0.2754,-0.1651,34.5170,36.6416,-0.0760,nan,nan,nan,nan
110.4366,0.0004,0.0033,1.1982,-0.0800,-0.0389,0.0931,0.2593,0.0012,1.1040,0.2754,-0.1788,34.5173,36.6425,-0.0777,nan,nan,nan,nan
110.4614,0.0004,0.0034,1.1982,-0.0800,-0.0389,0.0931,0.2593,0.0012,1.1040,0.2754,-0.1929,34.5176,36.6431,-0.0792,nan,nan,nan,nan
110.4845,0.0004,0.0035,1.1982,-0.0757,-0.0387,0.0926,0.2593,0.0012,1.1040,0.2754,-0.2028,34.5173,36.6434,-0.0821,nan,nan,nan,nan
110.5087,0.0004,0.0036,1.1982,-0.0704,-0.0388,0.0919,0.2593,0.0013,1.1040,0.2754,-0.2165,34.5154,36.6445,-0.0853,nan,nan,nan,nan
110.5291,0.0004,0.0037,1.1982,-0.0644,-0.0386,0.0898,0.2593,0.0013,1.1040,0.2754,-0.2279,34.5140,36.6472,-0.0860,nan,nan,nan,nan
110.5513,0.0005,0.0038,1.1982,-0.0644,-0.0386,0.0898,0.2593,0.0014,1.1040,0.2754,-0.2328,34.5127,36.6478,-0.0856,nan,nan,nan,nan
110.5771,0.0005,0.0038,1.1982,-0.0581,-0.0385,0.0869,0.2593,0.0014,1.1040,0.2754,-0.2339,34.5117,36.6482,-0.0845,nan,nan,nan,nan
110.6071,0.0005,0.0039,1.1982,-0.0507,-0.0387,0.0840,0.2593,0.0015,1.1040,0.2754,-0.2397,34.5075,36.6502,-0.0729,nan,nan,nan,nan
110.6393,0.0005,0.0041,1.1982,-0.0422,-0.0380,0.0814,0.2593,0.0016,1.1040,0.2754,-0.2479,34.5063,36.6553,-0.0650,nan,nan,nan,nan
110.6649,0.0005,0.0042,1.1982,-0.0422,-0.0380,0.0814,0.2593,0.0017,1.1040,0.2754,-0.2521,34.5070,36.6577,-0.0637,nan,nan,nan,nan
110.6867,0.0005,0.0042,1.1982,-0.0325,-0.0368,0.0788,0.2593,0.0017,1.1040,0.2754,-0.2573,34.5079,36.6588,-0.0630,nan,nan,nan,nan
110.7161,0.0005,0.0043,1.1982,-0.0219,-0.0358,0.0764,0.2593,0.0018,1.1040,0.2754,-0.2681,34.5083,36.6613,-0.0635,nan,nan,nan,nan
110.7449,0.0005,0.0045,1.1982,-0.0107,-0.0347,0.0743,0.2593,0.0019,1.1040,0.2754,-0.2799,34.5074,36.6668,-0.0641,nan,nan,nan,nan
110.7692,0.0005,0.0046,1.1982,0.0009,-0.0336,0.0709,0.2592,0.0020,1.1040,0.2754,-0.2839,34.5061,36.6726,-0.0599,nan,nan,nan,nan
110.7980,0.0005,0.0047,1.1982,0.0133,-0.0324,0.0668,0.2592,0.0021,1.1040,0.2754,-0.2856,34.5050,36.6786,-0.0481,nan,nan,nan,nan
110.8283,0.0004,0.0049,1.1982,0.0266,-0.0313,0.0637,0.2592,0.0022,1.1040,0.2754,-0.2921,34.5033,36.6849,-0.0352,nan,nan,nan,nan
110.8538,0.0004,0.0050,1.1982,0.0413,-0.0304,0.0615,0.2592,0.0023,1.1040,0.2754,-0.3059,34.5016,36.6904,-0.0250,nan,nan,nan,nan
110.8776,0.0004,0.0051,1.1982,0.0413,-0.0304,0.0615,0.2592,0.0024,1.1040,0.2754,-0.3131,34.5019,36.6904,-0.0199,nan,nan,nan,nan
110.9067,0.0004,0.0052,1.1982,0.0563,-0.0294,0.0593,0.2592,0.0025,1.1040,0.2754,-0.3194,34.5027,36.6912,-0.0182,nan,nan,nan,nan
110.9419,0.0004,0.0052,1.1982,0.0703,-0.0281,0.0550,0.2592,0.0026,1.1041,0.2753,-0.3169,34.5040,36.6934,-0.0178,nan,nan,nan,nan
110.9633,0.0004,0.0053,1.1982,0.0703,-0.0281,0.0550,0.2591,0.0027,1.1041,0.2753,-0.3073,34.5052,36.6945,-0.0165,nan,nan,nan,nan
110.9917,0.0004,0.0054,1.1982,0.0832,-0.0269,0.0490,0.2591,0.0028,1.1041,0.2753,-0.2950,34.5043,36.6956,-0.0160,nan,nan,nan,nan
111.0242,0.0004,0.0055,1.1982,0.0952,-0.0261,0.0406,0.2591,0.0030,1.1041,0.2753,-0.2715,34.5037,36.6958,-0.0163,nan,nan,nan,nan
111.0447,0.0004,0.0055,1.1982,0.0952,-0.0261,0.0406,0.2591,0.0031,1.1041,0.2753,-0.2536,34.5037,36.6964,-0.0154,nan,nan,nan,nan
111.0685,0.0004,0.0056,1.1982,0.1064,-0.0248,0.0323,0.2591,0.0032,1.1041,0.2753,-0.2367,34.5046,36.6976,-0.0140,nan,nan,nan,nan
111.0912,0.0004,0.0056,1.1982,0.1064,-0.0248,0.0323,0.2591,0.0034,1.1041,0.2753,-0.2143,34.5051,36.7022,-0.0122,nan,nan,nan,nan
111.1115,0.0004,0.0057,1.1982,0.1176,-0.0233,0.0251,0.2591,0.0035,1.1041,0.2753,-0.2012,34.5050,36.7056,-0.0123,nan,nan,nan,nan
111.1447,0.0003,0.0058,1.1982,0.1297,-0.0221,0.0185,0.2591,0.0036,1.1041,0.2753,-0.1858,34.5045,36.7099,-0.0128,nan,nan,nan,nan
111.1655,0.0003,0.0058,1.1982,0.1297,-0.0221,0.0185,0.2590,0.0037,1.1041,0.2753,-0.1761,34.5040,36.7109,-0.0127,nan,nan,nan,nan
111.1906,0.0003,0.0059,1.1982,0.1414,-0.0211,0.0129,0.2590,0.0038,1.1041,0.2753,-0.1663,34.5032,36.7114,-0.0109,nan,nan,nan,nan
111.2243,0.0003,0.0059,1.1982,0.1526,-0.0205,0.0086,0.2590,0.0039,1.1041,0.2753,-0.1525,34.5013,36.7123,-0.0105,nan,nan,nan,nan
111.2543,0.0003,0.0060,1.1982,0.1637,-0.0197,0.0055,0.2590,0.0040,1.1041,0.2753,-0.1446,34.5005,36.7147,-0.0080,nan,nan,nan,nan
111.2800,0.0003,0.0061,1.1982,0.1741,-0.0195,0.0025,0.2590,0.0041,1.1041,0.2753,-0.1385,34.4980,36.7174,-0.0077,nan,nan,nan,nan
111.3042,0.0002,0.0061,1.1982,0.1741,-0.0195,0.0025,0.2590,0.0042,1.1041,0.2753,-0.1333,34.4962,36.7160,-0.0073,nan,nan,nan,nan
111.3290,0.0002,0.0062,1.1982,0.1833,-0.0196,-0.0002,0.2589,0.0043,1.1040,0.2753,-0.1315,34.4954,36.7150,-0.0078,nan,nan,nan,nan
111.3559,0.0002,0.0062,1.1982,0.1917,-0.0195,-0.0024,0.2589,0.0043,1.1040,0.2753,-0.1270,34.4943,36.7086,-0.0121,nan,nan,nan,nan
111.3886,0.0002,0.0062,1.1982,0.1993,-0.0189,-0.0038,0.2589,0.0044,1.1040,0.2753,-0.1267,34.4960,36.7038,-0.0125,nan,nan,nan,nan
111.4179,0.0002,0.0063,1.1982,0.2058,-0.0180,-0.0044,0.2589,0.0044,1.1040,0.2753,-0.1272,34.4976,36.7061,-0.0059,nan,nan,nan,nan
111.4530,0.0002,0.0063,1.1982,0.2110,-0.0175,-0.0052,0.2589,0.0045,1.1040,0.2753,-0.1261,34.4980,36.7106,0.0004,nan,nan,nan,nan
111.4759,0.0001,0.0063,1.1982,0.2110,-0.0175,-0.0052,0.2588,0.0045,1.1041,0.2753,-0.1219,34.4980,36.7160,-0.0022,nan,nan,nan,nan
111.4963,0.0001,0.0063,1.1982,0.2147,-0.0169,-0.0062,0.2588,0.0045,1.1041,0.2753,-0.1194,34.4981,36.7205,-0.0045,nan,nan,nan,nan
111.5290,0.0001,0.0063,1.1982,0.2171,-0.0161,-0.0063,0.2588,0.0045,1.1041,0.2753,-0.1169,34.4995,36.7284,-0.0067,nan,nan,nan,nan
111.5569,0.0001,0.0063,1.1982,0.2171,-0.0161,-0.0063,0.2588,0.0045,1.1041,0.2753,-0.1207,34.5008,36.7361,-0.0119,nan,nan,nan,nan
111.5849,0.0001,0.0063,1.1982,0.2194,-0.0154,-0.0049,0.2587,0.0045,1.1041,0.2752,-0.1244,34.5014,36.7417,-0.0174,nan,nan,nan,nan
111.6101,0.0001,0.0063,1.1982,0.2206,-0.0151,-0.0037,0.2587,0.0045,1.1041,0.2752,-0.1272,34.5017,36.7470,-0.0334,nan,nan,nan,nan
111.6390,0.0000,0.0063,1.1982,0.2206,-0.0151,-0.0037,0.2587,0.0045,1.1042,0.2752,-0.1242,34.4995,36.7537,-0.0518,nan,nan,nan,nan
111.6594,0.0000,0.0063,1.1982,0.2201,-0.0153,-0.0035,0.2587,0.0045,1.1042,0.2752,-0.1196,34.4974,36.7579,-0.0607,nan,nan,nan,nan
111.6910,0.0000,0.0063,1.1982,0.2181,-0.0159,-0.0035,0.2586,0.0045,1.1042,0.2752,-0.1127,34.4952,36.7587,-0.0679,nan,nan,nan,nan
111.7182,-0.0000,0.0062,1.1982,0.2181,-0.0159,-0.0035,0.2586,0.0045,1.1042,0.2752,-0.1083,34.4941,36.7590,-0.0683,nan,nan,nan,nan
111.7450,-0.0000,0.0062,1.1982,0.2154,-0.0163,-0.0033,0.2586,0.0045,1.1042,0.2752,-0.1041,34.4935,36.7587,-0.0674,nan,nan,nan,nan
111.7815,-0.0001,0.0062,1.1982,0.2115,-0.0162,-0.0021,0.2586,0.0045,1.1042,0.2752,-0.0979,34.4941,36.7609,-0.0652,nan,nan,nan,nan
111.8028,-0.0001,0.0061,1.1982,0.2115,-0.0162,-0.0021,0.2586,0.0044,1.1042,0.2752,-0.0963,34.4960,36.7607,-0.0654,nan,nan,nan,nan
111.8265,-0.0001,0.0061,1.1982,0.2069,-0.0159,-0.0007,0.2586,0.0044,1.1042,0.2752,-0.0943,34.4979,36.7587,-0.0658,nan,nan,nan,nan
111.8560,-0.0001,0.0060,1.1982,0.2008,-0.0161,0.0003,0.2585,0.0044,1.1042,0.2752,-0.0840,34.5000,36.7518,-0.0698,nan,nan,nan,nan
111.8832,-0.0001,0.0060,1.1982,0.2008,-0.0161,0.0003,0.2585,0.0044,1.1042,0.2752,-0.0740,34.4998,36.7488,-0.0726,nan,nan,nan,nan
111.9040,-0.0001,0.0059,1.1982,0.1941,-0.0167,0.0009,0.2585,0.0044,1.1042,0.2752,-0.0718,34.4996,36.7480,-0.0740,nan,nan,nan,nan
111.9390,-0.0002,0.0058,1.1982,0.1871,-0.0179,0.0028,0.2585,0.0043,1.1041,0.2752,-0.0671,34.4965,36.7454,-0.0767,nan,nan,nan,nan
111.9607,-0.0002,0.0058,1.1982,0.1871,-0.0179,0.0028,0.2585,0.0042,1.1041,0.2752,-0.0634,34.4928,36.7458,-0.0758,nan,nan,nan,nan
111.9845,-0.0002,0.0057,1.1982,0.1788,-0.0192,0.0051,0.2585,0.0042,1.1041,0.2752,-0.0587,34.4915,36.7457,-0.0737,nan,nan,nan,nan
112.0189,-0.0002,0.0056,1.1982,0.1689,-0.0197,0.0062,0.2584,0.0042,1.1041,0.2752,-0.0467,34.4925,36.7469,-0.0714,nan,nan,nan,nan
112.0458,-0.0003,0.0055,1.1982,0.1689,-0.0197,0.0062,0.2584,0.0041,1.1042,0.2752,-0.0372,34.4937,36.7477,-0.0718,nan,nan,nan,nan
112.0683,-0.0003,0.0055,1.1982,0.1579,-0.0196,0.0065,0.2584,0.0041,1.1042,0.2752,-0.0273,34.4954,36.7487,-0.0744,nan,nan,nan,nan
112.1009,-0.0003,0.0054,1.1982,0.1466,-0.0194,0.0077,0.2584,0.0040,1.1042,0.2752,-0.0127,34.4981,36.7510,-0.0804,nan,nan,nan,nan
112.1374,-0.0003,0.0053,1.1982,0.1360,-0.0197,0.0109,0.2583,0.0039,1.1042,0.2752,-0.0107,34.4998,36.7514,-0.0897,nan,nan,nan,nan
112.1575,-0.0004,0.0052,1.1982,0.1360,-0.0197,0.0109,0.2583,0.0039,1.1042,0.2752,-0.0104,34.4993,36.7532,-0.0909,nan,nan,nan,nan
112.1852,-0.0004,0.0051,1.1982,0.1251,-0.0202,0.0142,0.2583,0.0038,1.1042,0.2752,-0.0100,34.4982,36.7552,-0.0913,nan,nan,nan,nan
112.2088,-0.0004,0.0050,1.1982,0.1251,-0.0202,0.0142,0.2583,0.0037,1.1042,0.2752,-0.0093,34.4954,36.7569,-0.0885,nan,nan,nan,nan
112.2354,-0.0004,0.0049,1.1982,0.1140,-0.0210,0.0174,0.2582,0.0036,1.1042,0.2752,-0.0085,34.4942,36.7555,-0.0836,nan,nan,nan,nan
112.2610,-0.0005,0.0049,1.1982,0.1026,-0.0216,0.0206,0.2582,0.0035,1.1042,0.2752,-0.0076,34.4927,36.7543,-0.0803,nan,nan,nan,nan
112.2821,-0.0005,0.0047,1.1982,0.1026,-0.0216,0.0206,0.2582,0.0034,1.1042,0.2752,-0.0072,34.4908,36.7527,-0.0781,nan,nan,nan,nan
112.3083,-0.0005,0.0047,1.1982,0.0909,-0.0224,0.0239,0.2582,0.0033,1.1042,0.2752,-0.0042,34.4891,36.7523,-0.0777,nan,nan,nan,nan
112.3298,-0.0005,0.0046,1.1982,0.0784,-0.0228,0.0268,0.2581,0.0032,1.1042,0.2752,0.0007,34.4872,36.7561,-0.0751,nan,nan,nan,nan
112.3664,-0.0006,0.0044,1.1982,0.0660,-0.0230,0.0298,0.2581,0.0031,1.1042,0.2752,0.0060,34.4853,36.7601,-0.0636,nan,nan,nan,nan
112.3904,-0.0006,0.0043,1.1982,0.0660,-0.0230,0.0298,0.2581,0.0030,1.1042,0.2752,0.0074,34.4847,36.7604,-0.0552,nan,nan,nan,nan
112.4126,-0.0006,0.0042,1.1982,0.0539,-0.0231,0.0332,0.2580,0.0029,1.1042,0.2752,0.0077,34.4852,36.7565,-0.0395,nan,nan,nan,nan
112.4368,-0.0007,0.0041,1.1982,0.0428,-0.0232,0.0369,0.2580,0.0028,1.1042,0.2752,0.0029,34.4838,36.7526,-0.0304,nan,nan,nan,nan
112.4631,-0.0007,0.0040,1.1982,0.0428,-0.0232,0.0369,0.2580,0.0026,1.1042,0.2753,-0.0062,34.4805,36.7496,-0.0247,nan,nan,nan,nan
112.4872,-0.0007,0.0038,1.1982,0.0322,-0.0237,0.0420,0.2579,0.0024,1.1041,0.2753,-0.0183,34.4773,36.7456,-0.0219,nan,nan,nan,nan
112.5093,-0.0007,0.0037,1.1982,0.0216,-0.0237,0.0466,0.2579,0.0023,1.1041,0.2753,-0.0207,34.4774,36.7450,-0.0215,nan,nan,nan,nan
112.5414,-0.0008,0.0036,1.1983,0.0106,-0.0229,0.0501,0.2579,0.0022,1.1041,0.2753,-0.0264,34.4792,36.7410,-0.0231,nan,nan,nan,nan
112.5625,-0.0008,0.0035,1.1983,0.0106,-0.0229,0.0501,0.2579,0.0021,1.1041,0.2753,-0.0239,34.4795,36.7404,-0.0240,nan,nan,nan,nan
112.5844,-0.0008,0.0034,1.1983,-0.0019,-0.0219,0.0518,0.2578,0.0020,1.1041,0.2753,-0.0147,34.4793,36.7389,-0.0202,nan,nan,nan,nan
112.6078,-0.0009,0.0033,1.1983,-0.0148,-0.0209,0.0522,0.2578,0.0019,1.1041,0.2753,-0.0041,34.4786,36.7377,-0.0136,nan,nan,nan,nan
112.6359,-0.0009,0.0032,1.1983,-0.0148,-0.0209,0.0522,0.2578,0.0018,1.1041,0.2753,0.0055,34.4775,36.7369,-0.0048,nan,nan,nan,nan
112.6581,-0.0009,0.0031,1.1983,-0.0272,-0.0198,0.0530,0.2577,0.0018,1.1041,0.2753,0.0088,34.4772,36.7367,-0.0025,nan,nan,nan,nan
112.6859,-0.0010,0.0030,1.1983,-0.0394,-0.0185,0.0542,0.2577,0.0017,1.1041,0.2753,0.0189,34.4769,36.7339,0.0029,nan,nan,nan,nan
112.7126,-0.0010,0.0028,1.1983,-0.0394,-0.0185,0.0542,0.2577,0.0015,1.1041,0.2753,0.0214,34.4763,36.7298,-0.0019,nan,nan,nan,nan
112.7392,-0.0010,0.0028,1.1983,-0.0504,-0.0174,0.0557,0.2577,0.0015,1.1041,0.2753,0.0225,34.4757,36.7277,-0.0051,nan,nan,nan,nan
112.7670,-0.0011,0.0026,1.1983,-0.0612,-0.0161,0.0570,0.2576,0.0014,1.1040,0.2753,0.0266,34.4754,36.7252,-0.0084,nan,nan,nan,nan
112.7898,-0.0011,0.0025,1.1983,-0.0612,-0.0161,0.0570,0.2576,0.0013,1.1040,0.2753,0.0332,34.4738,36.7264,-0.0073,nan,nan,nan,nan
112.8113,-0.0011,0.0025,1.1983,-0.0724,-0.0145,0.0565,0.2575,0.0012,1.1040,0.2753,0.0451,34.4726,36.7258,-0.0031,nan,nan,nan,nan
112.8381,-0.0012,0.0023,1.1983,-0.0835,-0.0127,0.0555,0.2575,0.0011,1.1040,0.2753,0.0585,34.4711,36.7237,0.0054,nan,nan,nan,nan
112.8655,-0.0012,0.0022,1.1983,-0.0835,-0.0127,0.0555,0.2575,0.0011,1.1040,0.2753,0.0658,34.4698,36.7215,0.0094,nan,nan,nan,nan
112.8931,-0.0012,0.0022,1.1983,-0.0936,-0.0107,0.0555,0.2574,0.0010,1.1040,0.2753,0.0695,34.4692,36.7195,0.0100,nan,nan,nan,nan
112.9253,-0.0013,0.0021,1.1983,-0.1021,-0.0080,0.0574,0.2574,0.0009,1.1040,0.2753,0.0662,34.4698,36.7178,0.0091,nan,nan,nan,nan
112.9486,-0.0013,0.0019,1.1983,-0.1093,-0.0052,0.0606,0.2574,0.0007,1.1039,0.2754,0.0519,34.4696,36.7134,0.0097,nan,nan,nan,nan
112.9732,-0.0014,0.0018,1.1983,-0.1150,-0.0027,0.0650,0.2573,0.0005,1.1039,0.2754,0.0281,34.4678,36.7040,0.0027,nan,nan,nan,nan
112.9989,-0.0014,0.0017,1.1983,-0.1150,-0.0027,0.0650,0.2573,0.0003,1.1039,0.2754,0.0062,34.4677,36.6999,-0.0031,nan,nan,nan,nan
113.0216,-0.0015,0.0017,1.1983,-0.1195,0.0004,0.0699,0.2572,0.0002,1.1039,0.2754,-0.0011,34.4678,36.6991,-0.0054,nan,nan,nan,nan
113.0497,-0.0015,0.0016,1.1983,-0.1235,0.0037,0.0749,0.2572,0.0000,1.1039,0.2754,-0.0306,34.4668,36.6999,-0.0166,nan,nan,nan,nan
113.0784,-0.0016,0.0015,1.1983,-0.1271,0.0075,0.0796,0.2571,-0.0002,1.1038,0.2754,-0.0591,34.4672,36.7003,-0.0271,nan,nan,nan,nan
113.1033,-0.0016,0.0014,1.1983,-0.1305,0.0117,0.0831,0.2571,-0.0004,1.1038,0.2754,-0.0799,34.4702,36.6970,-0.0399,nan,nan,nan,nan
113.1305,-0.0017,0.0013,1.1983,-0.1341,0.0162,0.0848,0.2570,-0.0005,1.1038,0.2754,-0.0907,34.4737,36.6992,-0.0519,nan,nan,nan,nan
113.1525,-0.0017,0.0012,1.1983,-0.1341,0.0162,0.0848,0.2570,-0.0006,1.1038,0.2754,-0.0911,34.4742,36.7025,-0.0564,nan,nan,nan,nan
113.1736,-0.0017,0.0012,1.1983,-0.1380,0.0202,0.0844,0.2569,-0.0006,1.1038,0.2754,-0.0863,34.4731,36.7062,-0.0581,nan,nan,nan,nan
113.1952,-0.0018,0.0011,1.1983,-0.1419,0.0233,0.0824,0.2569,-0.0007,1.1038,0.2754,-0.0765,34.4709,36.7075,-0.0594,nan,nan,nan,nan
113.2311,-0.0018,0.0010,1.1983,-0.1450,0.0258,0.0796,0.2568,-0.0007,1.1038,0.2754,-0.0625,34.4666,36.7063,-0.0672,nan,nan,nan,nan
113.2628,-0.0019,0.0010,1.1983,-0.1473,0.0285,0.0768,0.2568,-0.0007,1.1038,0.2754,-0.0492,34.4646,36.7068,-0.0830,nan,nan,nan,nan
113.2976,-0.0019,0.0009,1.1983,-0.1488,0.0310,0.0747,0.2567,-0.0008,1.1038,0.2754,-0.0396,34.4632,36.7097,-0.0968,nan,nan,nan,nan
113.3260,-0.0019,0.0008,1.1983,-0.1488,0.0310,0.0747,0.2567,-0.0008,1.1038,0.2754,-0.0318,34.4626,36.7114,-0.0993,nan,nan,nan,nan
113.3484,-0.0020,0.0008,1.1983,-0.1503,0.0333,0.0714,0.2567,-0.0008,1.1038,0.2754,-0.0220,34.4621,36.7137,-0.1012,nan,nan,nan,nan
113.3714,-0.0020,0.0008,1.1983,-0.1507,0.0357,0.0672,0.2566,-0.0008,1.1038,0.2754,-0.0021,34.4640,36.7148,-0.1029,nan,nan,nan,nan
113.3999,-0.0020,0.0007,1.1983,-0.1507,0.0357,0.0672,0.2566,-0.0008,1.1037,0.2754,0.0133,34.4655,36.7136,-0.1033,nan,nan,nan,nan
113.4269,-0.0021,0.0007,1.1983,-0.1507,0.0378,0.0630,0.2566,-0.0007,1.1038,0.2754,0.0254,34.4667,36.7136,-0.1012,nan,nan,nan,nan
113.4568,-0.0021,0.0007,1.1983,-0.1506,0.0399,0.0584,0.2565,-0.0007,1.1038,0.2754,0.0442,34.4696,36.7133,-0.0972,nan,nan,nan,nan
113.4850,-0.0021,0.0007,1.1983,-0.1506,0.0399,0.0584,0.2565,-0.0007,1.1038,0.2754,0.0564,34.4720,36.7118,-0.0961,nan,nan,nan,nan
113.5057,-0.0021,0.0006,1.1983,-0.1498,0.0418,0.0541,0.2565,-0.0006,1.1038,0.2754,0.0678,34.4743,36.7096,-0.0953,nan,nan,nan,nan
113.5263,-0.0021,0.0006,1.1983,-0.1478,0.0432,0.0506,0.2565,-0.0006,1.1038,0.2754,0.0855,34.4787,36.7074,-0.0934,nan,nan,nan,nan
113.5526,-0.0022,0.0006,1.1983,-0.1441,0.0441,0.0485,0.2564,-0.0006,1.1038,0.2754,0.0926,34.4816,36.7051,-0.0920,nan,nan,nan,nan
113.5773,-0.0022,0.0006,1.1983,-0.1441,0.0441,0.0485,0.2564,-0.0006,1.1038,0.2754,0.0948,34.4817,36.7027,-0.0898,nan,nan,nan,nan
113.5992,-0.0022,0.0006,1.1983,-0.1398,0.0439,0.0472,0.2564,-0.0006,1.1037,0.2754,0.0959,34.4810,36.6970,-0.0869,nan,nan,nan,nan
113.6271,-0.0022,0.0006,1.1983,-0.1340,0.0434,0.0472,0.2564,-0.0006,1.1037,0.2754,0.0903,34.4813,36.6933,-0.0871,nan,nan,nan,nan
113.6518,-0.0023,0.0006,1.1983,-0.1340,0.0434,0.0472,0.2564,-0.0007,1.1037,0.2754,0.0808,34.4814,36.6890,-0.0871,nan,nan,nan,nan
113.6748,-0.0023,0.0006,1.1983,-0.1274,0.0428,0.0485,0.2564,-0.0007,1.1037,0.2754,0.0777,34.4822,36.6866,-0.0874,nan,nan,nan,nan
113.6954,-0.0023,0.0006,1.1983,-0.1274,0.0428,0.0485,0.2564,-0.0007,1.1037,0.2754,0.0695,34.4853,36.6790,-0.0882,nan,nan,nan,nan
113.7191,-0.0023,0.0006,1.1983,-0.1206,0.0425,0.0496,0.2564,-0.0007,1.1037,0.2754,0.0643,34.4877,36.6755,-0.0904,nan,nan,nan,nan
113.7491,-0.0023,0.0006,1.1983,-0.1137,0.0424,0.0510,0.2563,-0.0007,1.1037,0.2754,0.0549,34.4920,36.6714,-0.0927,nan,nan,nan,nan
113.7725,-0.0023,0.0006,1.1983,-0.1137,0.0424,0.0510,0.2563,-0.0007,1.1037,0.2754,0.0460,34.4949,36.6681,-0.0945,nan,nan,nan,nan
113.7941,-0.0023,0.0007,1.1983,-0.1059,0.0420,0.0523,0.2563,-0.0007,1.1037,0.2754,0.0423,34.4958,36.6679,-0.0957,nan,nan,nan,nan
113.8307,-0.0024,0.0007,1.1983,-0.0976,0.0415,0.0537,0.2563,-0.0007,1.1038,0.2754,0.0286,34.4990,36.6692,-0.0954,nan,nan,nan,nan
113.8521,-0.0024,0.0007,1.1983,-0.0976,0.0415,0.0537,0.2563,-0.0007,1.1038,0.2754,0.0234,34.4992,36.6704,-0.0952,nan,nan,nan,nan
113.8726,-0.0024,0.0007,1.1983,-0.0897,0.0407,0.0541,0.2563,-0.0007,1.1038,0.2754,0.0203,34.4997,36.6722,-0.0943,nan,nan,nan,nan
113.8946,-0.0024,0.0007,1.1983,-0.0821,0.0402,0.0540,0.2563,-0.0007,1.1038,0.2754,0.0191,34.5022,36.6725,-0.0900,nan,nan,nan,nan
113.9241,-0.0024,0.0008,1.1983,-0.0742,0.0400,0.0533,0.2563,-0.0006,1.1038,0.2754,0.0180,34.5062,36.6727,-0.0904,nan,nan,nan,nan
113.9493,-0.0024,0.0008,1.1983,-0.0660,0.0392,0.0535,0.2562,-0.0006,1.1038,0.2754,0.0138,34.5059,36.6766,-0.0941,nan,nan,nan,nan
113.9742,-0.0024,0.0008,1.1983,-0.0660,0.0392,0.0535,0.2562,-0.0006,1.1038,0.2754,0.0101,34.5055,36.6804,-0.0956,nan,nan,nan,nan
114.0022,-0.0024,0.0009,1.1983,-0.0572,0.0385,0.0547,0.2562,-0.0006,1.1038,0.2754,0.0018,34.5058,36.6868,-0.0994,nan,nan,nan,nan
114.0247,-0.0024,0.0009,1.1983,-0.0483,0.0385,0.0564,0.2562,-0.0006,1.1039,0.2753,-0.0063,34.5084,36.6941,-0.1002,nan,nan,nan,nan
114.0533,-0.0024,0.0009,1.1983,-0.0483,0.0385,0.0564,0.2562,-0.0006,1.1039,0.2753,-0.0147,34.5105,36.7003,-0.0963,nan,nan,nan,nan
114.0740,-0.0024,0.0009,1.1983,-0.0394,0.0384,0.0582,0.2562,-0.0005,1.1039,0.2753,-0.0171,34.5110,36.7012,-0.0953,nan,nan,nan,nan
114.1068,-0.0024,0.0010,1.1983,-0.0310,0.0381,0.0581,0.2562,-0.0005,1.1039,0.2753,-0.0182,34.5141,36.7009,-0.0888,nan,nan,nan,nan
114.1357,-0.0025,0.0010,1.1983,-0.0310,0.0381,0.0581,0.2562,-0.0004,1.1039,0.2753,-0.0146,34.5153,36.7035,-0.0864,nan,nan,nan,nan
114.1564,-0.0025,0.0010,1.1983,-0.0231,0.0378,0.0570,0.2562,-0.0004,1.1039,0.2753,-0.0129,34.5159,36.7040,-0.0856,nan,nan,nan,nan
114.1869,-0.0025,0.0011,1.1982,-0.0152,0.0372,0.0560,0.2562,-0.0003,1.1039,0.2753,-0.0077,34.5146,36.7092,-0.0848,nan,nan,nan,nan
114.2131,-0.0025,0.0011,1.1982,-0.0085,0.0366,0.0548,0.2562,-0.0002,1.1039,0.2753,0.0023,34.5140,36.7117,-0.0820,nan,nan,nan,nan
114.2380,-0.0025,0.0012,1.1982,-0.0085,0.0366,0.0548,0.2562,-0.0002,1.1039,0.2753,0.0066,34.5146,36.7123,-0.0817,nan,nan,nan,nan
114.2582,-0.0025,0.0012,1.1982,-0.0016,0.0364,0.0541,0.2562,-0.0001,1.1039,0.2753,0.0093,34.5151,36.7124,-0.0818,nan,nan,nan,nan
114.2828,-0.0024,0.0012,1.1982,0.0055,0.0360,0.0542,0.2562,-0.0001,1.1039,0.2753,0.0124,34.5150,36.7118,-0.0795,nan,nan,nan,nan
114.3133,-0.0024,0.0013,1.1982,0.0125,0.0355,0.0543,0.2562,-0.0000,1.1039,0.2753,0.0143,34.5135,36.7089,-0.0692,nan,nan,nan,nan
114.3455,-0.0024,0.0013,1.1982,0.0187,0.0357,0.0532,0.2562,0.0001,1.1039,0.2753,0.0234,34.5137,36.7090,-0.0556,nan,nan,nan,nan
114.3666,-0.0024,0.0013,1.1982,0.0187,0.0357,0.0532,0.2562,0.0002,1.1039,0.2753,0.0292,34.5145,36.7113,-0.0517,nan,nan,nan,nan
114.3879,-0.0024,0.0014,1.1982,0.0241,0.0367,0.0516,0.2562,0.0002,1.1039,0.2753,0.0414,34.5162,36.7146,-0.0495,nan,nan,nan,nan
114.4189,-0.0024,0.0014,1.1982,0.0285,0.0376,0.0493,0.2562,0.0003,1.1039,0.2753,0.0564,34.5167,36.7180,-0.0443,nan,nan,nan,nan
114.4401,-0.0024,0.0014,1.1982,0.0285,0.0376,0.0493,0.2562,0.0004,1.1039,0.2753,0.0752,34.5171,36.7212,-0.0355,nan,nan,nan,nan
114.4619,-0.0024,0.0014,1.1982,0.0320,0.0386,0.0459,0.2562,0.0005,1.1039,0.2753,0.0834,34.5172,36.7221,-0.0320,nan,nan,nan,nan
114.4886,-0.0024,0.0015,1.1982,0.0346,0.0398,0.0421,0.2562,0.0006,1.1039,0.2753,0.1163,34.5184,36.7232,-0.0098,nan,nan,nan,nan
114.5214,-0.0024,0.0015,1.1982,0.0365,0.0410,0.0377,0.2562,0.0008,1.1039,0.2752,0.1522,34.5192,36.7238,0.0048,nan,nan,nan,nan
114.5474,-0.0024,0.0015,1.1982,0.0365,0.0410,0.0377,0.2562,0.0009,1.1039,0.2752,0.1753,34.5204,36.7238,0.0127,nan,nan,nan,nan
114.5699,-0.0024,0.0015,1.1982,0.0386,0.0422,0.0345,0.2562,0.0010,1.1039,0.2752,0.1817,34.5210,36.7249,0.0166,nan,nan,nan,nan
114.5921,-0.0024,0.0015,1.1982,0.0410,0.0434,0.0331,0.2562,0.0010,1.1039,0.2752,0.2006,34.5223,36.7317,0.0349,nan,nan,nan,nan
114.6227,-0.0023,0.0016,1.1982,0.0441,0.0442,0.0335,0.2562,0.0011,1.1040,0.2752,0.2070,34.5219,36.7410,0.0382,nan,nan,nan,nan
114.6471,-0.0023,0.0016,1.1982,0.0480,0.0444,0.0354,0.2562,0.0011,1.1039,0.2752,0.2017,34.5198,36.7451,0.0370,nan,nan,nan,nan
114.6713,-0.0023,0.0016,1.1982,0.0480,0.0444,0.0354,0.2563,0.0011,1.1039,0.2752,0.1922,34.5190,36.7461,0.0398,nan,nan,nan,nan
114.6972,-0.0023,0.0017,1.1982,0.0519,0.0444,0.0385,0.2563,0.0011,1.1039,0.2752,0.1889,34.5185,36.7470,0.0407,nan,nan,nan,nan
114.7320,-0.0023,0.0017,1.1982,0.0550,0.0444,0.0418,0.2563,0.0011,1.1039,0.2752,0.1778,34.5169,36.7524,0.0485,nan,nan,nan,nan
114.7581,-0.0022,0.0017,1.1982,0.0550,0.0444,0.0418,0.2563,0.0011,1.1040,0.2752,0.1734,34.5176,36.7537,0.0540,nan,nan,nan,nan
114.7821,-0.0022,0.0017,1.1982,0.0573,0.0447,0.0452,0.2563,0.0011,1.1040,0.2752,0.1656,34.5192,36.7543,0.0610,nan,nan,nan,nan
114.8045,-0.0022,0.0017,1.1982,0.0595,0.0443,0.0489,0.2563,0.0011,1.1039,0.2752,0.1561,34.5187,36.7523,0.0675,nan,nan,nan,nan
114.8327,-0.0022,0.0018,1.1982,0.0613,0.0435,0.0525,0.2564,0.0011,1.1039,0.2752,0.1443,34.5173,36.7527,0.0715,nan,nan,nan,nan
114.8681,-0.0021,0.0018,1.1982,0.0625,0.0431,0.0561,0.2564,0.0011,1.1039,0.2752,0.1341,34.5184,36.7539,0.0705,nan,nan,nan,nan
114.8956,-0.0021,0.0018,1.1982,0.0625,0.0431,0.0561,0.2564,0.0011,1.1040,0.2752,0.1270,34.5204,36.7528,0.0702,nan,nan,nan,nan
114.9178,-0.0021,0.0018,1.1982,0.0628,0.0426,0.0599,0.2565,0.0011,1.1039,0.2752,0.1231,34.5213,36.7509,0.0714,nan,nan,nan,nan
114.9441,-0.0021,0.0018,1.1982,0.0629,0.0413,0.0635,0.2565,0.0011,1.1039,0.2752,0.1146,34.5198,36.7491,0.0741,nan,nan,nan,nan
114.9751,-0.0020,0.0018,1.1981,0.0629,0.0396,0.0679,0.2565,0.0011,1.1039,0.2752,0.1029,34.5195,36.7466,0.0724,nan,nan,nan,nan
115.0066,-0.0020,0.0018,1.1981,0.0642,0.0378,0.0748,0.2566,0.0010,1.1039,0.2752,0.0716,34.5212,36.7422,0.0732,nan,nan,nan,nan
115.0272,-0.0020,0.0018,1.1981,0.0642,0.0378,0.0748,0.2566,0.0009,1.1039,0.2752,0.0416,34.5244,36.7385,0.0721,nan,nan,nan,nan
115.0482,-0.0019,0.0018,1.1981,0.0660,0.0360,0.0828,0.2567,0.0008,1.1039,0.2752,0.0228,34.5248,36.7384,0.0728,nan,nan,nan,nan
115.0715,-0.0019,0.0019,1.1981,0.0670,0.0336,0.0897,0.2567,0.0007,1.1040,0.2752,-0.0101,34.5226,36.7400,0.0733,nan,nan,nan,nan
115.0930,-0.0019,0.0019,1.1981,0.0665,0.0310,0.0942,0.2567,0.0007,1.1040,0.2752,-0.0159,34.5218,36.7401,0.0718,nan,nan,nan,nan
115.1180,-0.0018,0.0018,1.1981,0.0665,0.0310,0.0942,0.2568,0.0007,1.1040,0.2752,-0.0181,34.5205,36.7404,0.0717,nan,nan,nan,nan
115.1448,-0.0018,0.0018,1.1981,0.0645,0.0282,0.0967,0.2568,0.0007,1.1040,0.2752,-0.0179,34.5188,36.7416,0.0742,nan,nan,nan,nan
115.1778,-0.0018,0.0018,1.1981,0.0620,0.0257,0.0976,0.2568,0.0007,1.1040,0.2752,-0.0120,34.5159,36.7432,0.0780,nan,nan,nan,nan
115.2037,-0.0017,0.0018,1.1981,0.0583,0.0237,0.0979,0.2569,0.0008,1.1040,0.2752,0.0007,34.5157,36.7447,0.0802,nan,nan,nan,nan
115.2270,-0.0017,0.0018,1.1981,0.0542,0.0222,0.0972,0.2569,0.0008,1.1040,0.2752,0.0188,34.5172,36.7490,0.0891,nan,nan,nan,nan
115.2551,-0.0016,0.0018,1.1981,0.0491,0.0204,0.0947,0.2570,0.0009,1.1040,0.2752,0.0491,34.5173,36.7505,0.1026,nan,nan,nan,nan
115.2810,-0.0016,0.0017,1.1981,0.0491,0.0204,0.0947,0.2570,0.0010,1.1040,0.2752,0.0654,34.5179,36.7495,0.1105,nan,nan,nan,nan
115.3083,-0.0015,0.0017,1.1981,0.0430,0.0184,0.0919,0.2570,0.0010,1.1040,0.2752,0.0881,34.5175,36.7480,0.1176,nan,nan,nan,nan
115.3437,-0.0015,0.0017,1.1981,0.0383,0.0156,0.0911,0.2571,0.0010,1.1040,0.2752,0.0991,34.5156,36.7463,0.1217,nan,nan,nan,nan
115.3699,-0.0015,0.0017,1.1981,0.0383,0.0156,0.0911,0.2571,0.0010,1.1040,0.2752,0.0994,34.5145,36.7454,0.1216,nan,nan,nan,nan
115.3924,-0.0014,0.0017,1.1981,0.0353,0.0127,0.0932,0.2572,0.0010,1.1040,0.2752,0.0953,34.5141,36.7431,0.1218,nan,nan,nan,nan
115.4221,-0.0014,0.0017,1.1981,0.0332,0.0101,0.0968,0.2572,0.0009,1.1040,0.2752,0.0802,34.5154,36.7375,0.1227,nan,nan,nan,nan
115.4486,-0.0014,0.0016,1.1981,0.0332,0.0101,0.0968,0.2573,0.0008,1.1040,0.2752,0.0643,34.5173,36.7335,0.1235,nan,nan,nan,nan
115.4743,-0.0013,0.0016,1.1981,0.0314,0.0078,0.1016,0.2573,0.0008,1.1040,0.2752,0.0582,34.5180,36.7323,0.1245,nan,nan,nan,nan
115.5037,-0.0013,0.0016,1.1981,0.0295,0.0057,0.1062,0.2573,0.0007,1.1040,0.2752,0.0360,34.5193,36.7325,0.1290,nan,nan,nan,nan
115.5260,-0.0013,0.0016,1.1981,0.0295,0.0057,0.1062,0.2574,0.0007,1.1040,0.2752,0.0283,34.5202,36.7338,0.1299,nan,nan,nan,nan
115.5531,-0.0012,0.0016,1.1981,0.0268,0.0039,0.1091,0.2574,0.0006,1.1040,0.2752,0.0232,34.5216,36.7333,0.1296,nan,nan,nan,nan
115.5820,-0.0012,0.0016,1.1981,0.0226,0.0028,0.1101,0.2574,0.0006,1.1040,0.2752,0.0229,34.5261,36.7332,0.1310,nan,nan,nan,nan
115.6068,-0.0012,0.0015,1.1981,0.0226,0.0028,0.1101,0.2575,0.0006,1.1041,0.2752,0.0291,34.5298,36.7345,0.1320,nan,nan,nan,nan
115.6353,-0.0011,0.0015,1.1981,0.0179,0.0022,0.1093,0.2575,0.0006,1.1041,0.2752,0.0348,34.5329,36.7347,0.1322,nan,nan,nan,nan
115.6620,-0.0011,0.0015,1.1981,0.0130,0.0015,0.1079,0.2575,0.0006,1.1041,0.2752,0.0430,34.5357,36.7378,0.1318,nan,nan,nan,nan
115.6879,-0.0010,0.0015,1.1981,0.0130,0.0015,0.1079,0.2576,0.0006,1.1041,0.2752,0.0488,34.5364,36.7407,0.1335,nan,nan,nan,nan
115.7153,-0.0010,0.0015,1.1981,0.0085,0.0004,0.1073,0.2576,0.0006,1.1041,0.2752,0.0517,34.5357,36.7429,0.1363,nan,nan,nan,nan
115.7507,-0.0010,0.0014,1.1981,0.0042,-0.0010,0.1072,0.2576,0.0006,1.1041,0.2752,0.0545,34.5343,36.7453,0.1413,nan,nan,nan,nan
115.7772,-0.0009,0.0014,1.1981,0.0042,-0.0010,0.1072,0.2577,0.0005,1.1041,0.2752,0.0524,34.5326,36.7468,0.1463,nan,nan,nan,nan
115.8012,-0.0009,0.0014,1.1981,0.0007,-0.0025,0.1082,0.2577,0.0005,1.1041,0.2752,0.0466,34.5308,36.7477,0.1478,nan,nan,nan,nan
115.8240,-0.0009,0.0014,1.1981,-0.0013,-0.0044,0.1110,0.2578,0.0004,1.1041,0.2752,0.0322,34.5277,36.7477,0.1476,nan,nan,nan,nan
115.8539,-0.0008,0.0013,1.1981,-0.0031,-0.0058,0.1139,0.2578,0.0003,1.1041,0.2752,0.0132,34.5262,36.7431,0.1482,nan,nan,nan,nan
115.8931,-0.0008,0.0013,1.1981,-0.0053,-0.0062,0.1153,0.2579,0.0002,1.1041,0.2752,0.0011,34.5294,36.7377,0.1450,nan,nan,nan,nan
115.9152,-0.0007,0.0013,1.1981,-0.0053,-0.0062,0.1153,0.2579,0.0002,1.1041,0.2752,-0.0025,34.5338,36.7304,0.1454,nan,nan,nan,nan
115.9373,-0.0007,0.0013,1.1981,-0.0077,-0.0063,0.1151,0.2580,0.0002,1.1041,0.2752,-0.0030,34.5350,36.7282,0.1453,nan,nan,nan,nan
115.9699,-0.0007,0.0013,1.1981,-0.0106,-0.0064,0.1136,0.2580,0.0002,1.1041,0.2752,0.0000,34.5380,36.7210,0.1458,nan,nan,nan,nan
115.9919,-0.0006,0.0012,1.1981,-0.0106,-0.0064,0.1136,0.2580,0.0001,1.1041,0.2752,0.0042,34.5397,36.7192,0.1454,nan,nan,nan,nan
116.0132,-0.0006,0.0012,1.1981,-0.0132,-0.0063,0.1117,0.2581,0.0001,1.1041,0.2752,0.0055,34.5410,36.7167,0.1467,nan,nan,nan,nan
116.0339,-0.0006,0.0012,1.1981,-0.0154,-0.0064,0.1100,0.2581,0.0001,1.1041,0.2752,0.0083,34.5419,36.7132,0.1486,nan,nan,nan,nan
116.0608,-0.0005,0.0012,1.1981,-0.0154,-0.0064,0.1100,0.2581,0.0001,1.1041,0.2752,0.0133,34.5419,36.7134,0.1515,nan,nan,nan,nan
116.0818,-0.0005,0.0012,1.1981,-0.0176,-0.0066,0.1078,0.2582,0.0001,1.1041,0.2752,0.0150,34.5417,36.7133,0.1519,nan,nan,nan,nan
116.1096,-0.0005,0.0011,1.1981,-0.0197,-0.0072,0.1056,0.2582,0.0001,1.1041,0.2752,0.0210,34.5401,36.7099,0.1520,nan,nan,nan,nan
116.1386,-0.0004,0.0011,1.1981,-0.0214,-0.0079,0.1036,0.2583,0.0001,1.1041,0.2753,0.0273,34.5377,36.7084,0.1468,nan,nan,nan,nan
116.1643,-0.0004,0.0011,1.1981,-0.0214,-0.0079,0.1036,0.2583,0.0000,1.1041,0.2753,0.0273,34.5363,36.7081,0.1432,nan,nan,nan,nan
116.1880,-0.0004,0.0011,1.1981,-0.0220,-0.0086,0.1021,0.2583,0.0000,1.1041,0.2753,0.0249,34.5357,36.7076,0.1403,nan,nan,nan,nan
116.2090,-0.0003,0.0011,1.1981,-0.0217,-0.0092,0.1020,0.2584,-0.0000,1.1041,0.2753,0.0170,34.5351,36.7054,0.1407,nan,nan,nan,nan
116.2344,-0.0003,0.0011,1.1981,-0.0217,-0.0092,0.1020,0.2584,-0.0001,1.1041,0.2753,0.0111,34.5347,36.7044,0.1399,nan,nan,nan,nan
116.2580,-0.0003,0.0010,1.1981,-0.0211,-0.0096,0.1023,0.2584,-0.0001,1.1041,0.2753,0.0042,34.5355,36.7041,0.1378,nan,nan,nan,nan
116.2877,-0.0002,0.0010,1.1981,-0.0192,-0.0094,0.1033,0.2585,-0.0002,1.1041,0.2753,-0.0158,34.5385,36.7062,0.1267,nan,nan,nan,nan
116.3214,-0.0002,0.0010,1.1981,-0.0165,-0.0099,0.1059,0.2585,-0.0003,1.1041,0.2753,-0.0447,34.5388,36.7063,0.1170,nan,nan,nan,nan
116.3560,-0.0001,0.0010,1.1981,-0.0141,-0.0107,0.1073,0.2586,-0.0004,1.1041,0.2753,-0.0675,34.5388,36.7040,0.1187,nan,nan,nan,nan
116.3923,-0.0001,0.0010,1.1981,-0.0123,-0.0109,0.1070,0.2586,-0.0005,1.1041,0.2753,-0.0810,34.5425,36.7020,0.1195,nan,nan,nan,nan
116.4189,-0.0001,0.0010,1.1981,-0.0123,-0.0109,0.1070,0.2586,-0.0005,1.1041,0.2753,-0.0881,34.5467,36.6979,0.1168,nan,nan,nan,nan
116.4462,-0.0000,0.0010,1.1981,-0.0106,-0.0110,0.1057,0.2587,-0.0006,1.1041,0.2753,-0.0891,34.5478,36.6966,0.1154,nan,nan,nan,nan
116.4730,-0.0000,0.0010,1.1981,-0.0098,-0.0114,0.1034,0.2587,-0.0006,1.1041,0.2753,-0.0877,34.5498,36.6942,0.1106,nan,nan,nan,nan
116.5026,0.0000,0.0009,1.1981,-0.0093,-0.0128,0.1004,0.2587,-0.0006,1.1041,0.2753,-0.0813,34.5464,36.6940,0.1035,nan,nan,nan,nan
116.5321,0.0001,0.0009,1.1981,-0.0083,-0.0144,0.0970,0.2588,-0.0006,1.1041,0.2753,-0.0740,34.5412,36.6921,0.0927,nan,nan,nan,nan
116.5586,0.0001,0.0009,1.1981,-0.0066,-0.0160,0.0937,0.2588,-0.0006,1.1041,0.2753,-0.0695,34.5346,36.6923,0.0859,nan,nan,nan,nan
116.5848,0.0001,0.0009,1.1981,-0.0066,-0.0160,0.0937,0.2589,-0.0006,1.1041,0.2753,-0.0658,34.5282,36.6909,0.0799,nan,nan,nan,nan
116.6111,0.0002,0.0009,1.1981,-0.0046,-0.0177,0.0905,0.2589,-0.0006,1.1040,0.2753,-0.0663,34.5243,36.6899,0.0768,nan,nan,nan,nan
116.6341,0.0002,0.0009,1.1981,-0.0023,-0.0185,0.0883,0.2589,-0.0006,1.1040,0.2753,-0.0678,34.5216,36.6868,0.0759,nan,nan,nan,nan
116.6583,0.0002,0.0009,1.1981,-0.0023,-0.0185,0.0883,0.2590,-0.0007,1.1040,0.2753,-0.0686,34.5197,36.6853,0.0752,nan,nan,nan,nan
116.6855,0.0002,0.0009,1.1981,0.0001,-0.0188,0.0862,0.2590,-0.0007,1.1040,0.2753,-0.0702,34.5178,36.6852,0.0752,nan,nan,nan,nan
116.7184,0.0003,0.0009,1.1981,0.0029,-0.0184,0.0846,0.2590,-0.0007,1.1040,0.2753,-0.0747,34.5165,36.6824,0.0779,nan,nan,nan,nan
116.7446,0.0003,0.0008,1.1981,0.0029,-0.0184,0.0846,0.2590,-0.0007,1.1040,0.2754,-0.0754,34.5155,36.6787,0.0826,nan,nan,nan,nan
116.7719,0.0003,0.0008,1.1981,0.0054,-0.0180,0.0821,0.2591,-0.0007,1.1040,0.2754,-0.0738,34.5142,36.6754,0.0851,nan,nan,nan,nan
116.8017,0.0003,0.0008,1.1981,0.0074,-0.0177,0.0782,0.2591,-0.0007,1.1039,0.2754,-0.0677,34.5110,36.6718,0.0869,nan,nan,nan,nan
116.8242,0.0004,0.0008,1.1981,0.0074,-0.0177,0.0782,0.2591,-0.0007,1.1039,0.2754,-0.0602,34.5094,36.6694,0.0859,nan,nan,nan,nan
116.8470,0.0004,0.0008,1.1981,0.0092,-0.0168,0.0739,0.2592,-0.0007,1.1039,0.2754,-0.0549,34.5098,36.6675,0.0817,nan,nan,nan,nan
116.8685,0.0004,0.0008,1.1981,0.0114,-0.0155,0.0703,0.2592,-0.0007,1.1039,0.2754,-0.0516,34.5101,36.6667,0.0757,nan,nan,nan,nan
116.8959,0.0004,0.0008,1.1981,0.0114,-0.0155,0.0703,0.2592,-0.0007,1.1039,0.2754,-0.0457,34.5105,36.6648,0.0684,nan,nan,nan,nan
116.9233,0.0005,0.0008,1.1982,0.0134,-0.0143,0.0662,0.2592,-0.0007,1.1039,0.2754,-0.0383,34.5103,36.6651,0.0663,nan,nan,nan,nan
116.9556,0.0005,0.0007,1.1982,0.0143,-0.0130,0.0608,0.2592,-0.0007,1.1039,0.2754,-0.0226,34.5109,36.6635,0.0636,nan,nan,nan,nan
116.9822,0.0005,0.0007,1.1982,0.0143,-0.0130,0.0608,0.2593,-0.0006,1.1039,0.2754,-0.0119,34.5106,36.6612,0.0612,nan,nan,nan,nan
117.0085,0.0005,0.0007,1.1982,0.0149,-0.0120,0.0557,0.2593,-0.0006,1.1039,0.2754,-0.0024,34.5101,36.6595,0.0574,nan,nan,nan,nan
117.0304,0.0005,0.0007,1.1982,0.0165,-0.0115,0.0509,0.2593,-0.0006,1.1039,0.2754,0.0126,34.5074,36.6591,0.0515,nan,nan,nan,nan
117.0507,0.0006,0.0007,1.1982,0.0165,-0.0115,0.0509,0.2593,-0.0006,1.1039,0.2754,0.0186,34.5053,36.6603,0.0512,nan,nan,nan,nan
117.0733,0.0006,0.0007,1.1982,0.0183,-0.0113,0.0471,0.2593,-0.0006,1.1038,0.2754,0.0224,34.5030,36.6616,0.0510,nan,nan,nan,nan
117.1055,0.0006,0.0006,1.1982,0.0200,-0.0111,0.0437,0.2594,-0.0006,1.1038,0.2754,0.0296,34.4987,36.6640,0.0494,nan,nan,nan,nan
117.1261,0.0006,0.0006,1.1982,0.0200,-0.0111,0.0437,0.2594,-0.0006,1.1038,0.2754,0.0332,34.4971,36.6634,0.0494,nan,nan,nan,nan
117.1490,0.0006,0.0006,1.1982,0.0213,-0.0110,0.0406,0.2594,-0.0006,1.1038,0.2754,0.0381,34.4962,36.6625,0.0494,nan,nan,nan,nan
117.1730,0.0007,0.0006,1.1982,0.0218,-0.0104,0.0377,0.2594,-0.0006,1.1038,0.2754,0.0491,34.4951,36.6616,0.0535,nan,nan,nan,nan
117.1948,0.0007,0.0006,1.1982,0.0218,-0.0104,0.0377,0.2594,-0.0006,1.1038,0.2754,0.0589,34.4957,36.6619,0.0545,nan,nan,nan,nan
117.2219,0.0007,0.0006,1.1982,0.0219,-0.0094,0.0346,0.2595,-0.0006,1.1038,0.2754,0.0621,34.4963,36.6625,0.0553,nan,nan,nan,nan
117.2526,0.0007,0.0005,1.1982,0.0217,-0.0080,0.0315,0.2595,-0.0006,1.1038,0.2754,0.0751,34.4974,36.6685,0.0579,nan,nan,nan,nan
117.2855,0.0008,0.0005,1.1982,0.0212,-0.0065,0.0283,0.2595,-0.0005,1.1039,0.2754,0.0898,34.4991,36.6757,0.0658,nan,nan,nan,nan
117.3119,0.0008,0.0005,1.1982,0.0212,-0.0065,0.0283,0.2595,-0.0005,1.1039,0.2754,0.1011,34.4995,36.6798,0.0701,nan,nan,nan,nan
117.3340,0.0008,0.0005,1.1981,0.0197,-0.0053,0.0258,0.2595,-0.0005,1.1039,0.2754,0.1049,34.4996,36.6810,0.0706,nan,nan,nan,nan
117.3600,0.0008,0.0004,1.1981,0.0177,-0.0039,0.0227,0.2595,-0.0005,1.1039,0.2754,0.1243,34.5007,36.6833,0.0685,nan,nan,nan,nan
117.3984,0.0008,0.0004,1.1982,0.0149,-0.0029,0.0191,0.2596,-0.0004,1.1039,0.2754,0.1479,34.5014,36.6803,0.0669,nan,nan,nan,nan
117.4266,0.0009,0.0004,1.1982,0.0149,-0.0029,0.0191,0.2596,-0.0004,1.1038,0.2754,0.1616,34.5019,36.6778,0.0689,nan,nan,nan,nan
117.4508,0.0009,0.0003,1.1982,0.0109,-0.0018,0.0153,0.2596,-0.0003,1.1038,0.2754,0.1853,34.5011,36.6736,0.0720,nan,nan,nan,nan
117.4738,0.0009,0.0003,1.1982,0.0055,-0.0011,0.0102,0.2596,-0.0003,1.1038,0.2754,0.2154,34.5002,36.6675,0.0731,nan,nan,nan,nan
117.5065,0.0009,0.0002,1.1982,-0.0012,-0.0005,0.0039,0.2597,-0.0001,1.1038,0.2754,0.2634,34.4989,36.6615,0.0720,nan,nan,nan,nan
117.5434,0.0009,0.0002,1.1982,-0.0084,0.0001,-0.0017,0.2597,-0.0000,1.1038,0.2754,0.3084,34.4993,36.6550,0.0733,nan,nan,nan,nan
117.5815,0.0010,0.0002,1.1982,-0.0151,0.0008,-0.0048,0.2597,0.0000,1.1038,0.2754,0.3396,34.5016,36.6537,0.0700,nan,nan,nan,nan
117.6020,0.0010,0.0001,1.1982,-0.0151,0.0008,-0.0048,0.2597,0.0001,1.1038,0.2754,0.3494,34.5028,36.6548,0.0676,nan,nan,nan,nan
117.6258,0.0010,0.0001,1.1982,-0.0213,0.0011,-0.0047,0.2597,0.0001,1.1038,0.2754,0.3543,34.5027,36.6570,0.0660,nan,nan,nan,nan
117.6594,0.0010,0.0001,1.1982,-0.0259,0.0005,-0.0016,0.2598,0.0000,1.1038,0.2754,0.3477,34.5007,36.6619,0.0681,nan,nan,nan,nan
117.6844,0.0010,0.0001,1.1982,-0.0259,0.0005,-0.0016,0.2598,-0.0001,1.1038,0.2754,0.3405,34.4996,36.6649,0.0696,nan,nan,nan,nan
117.7053,0.0011,0.0001,1.1982,-0.0304,-0.0003,0.0032,0.2598,-0.0001,1.1038,0.2754,0.3316,34.4988,36.6677,0.0716,nan,nan,nan,nan
117.7367,0.0011,0.0001,1.1982,-0.0351,-0.0013,0.0094,0.2598,-0.0002,1.1038,0.2754,0.3075,34.4984,36.6697,0.0773,nan,nan,nan,nan
117.7688,0.0011,0.0000,1.1982,-0.0405,-0.0026,0.0160,0.2598,-0.0003,1.1038,0.2754,0.2830,34.4957,36.6761,0.0855,nan,nan,nan,nan
117.7914,0.0011,0.0000,1.1981,-0.0405,-0.0026,0.0160,0.2599,-0.0004,1.1038,0.2754,0.2671,34.4947,36.6830,0.0908,nan,nan,nan,nan
117.8144,0.0012,0.0000,1.1981,-0.0469,-0.0035,0.0221,0.2599,-0.0004,1.1039,0.2754,0.2631,34.4949,36.6855,0.0931,nan,nan,nan,nan
117.8451,0.0012,-0.0000,1.1981,-0.0541,-0.0040,0.0274,0.2599,-0.0005,1.1039,0.2753,0.2485,34.4962,36.6941,0.0968,nan,nan,nan,nan
117.8673,0.0012,-0.0000,1.1981,-0.0541,-0.0040,0.0274,0.2599,-0.0005,1.1039,0.2753,0.2371,34.4966,36.6975,0.0943,nan,nan,nan,nan
117.8947,0.0012,-0.0000,1.1981,-0.0620,-0.0049,0.0332,0.2599,-0.0005,1.1039,0.2753,0.2334,34.4963,36.6980,0.0938,nan,nan,nan,nan
117.9185,0.0012,-0.0000,1.1981,-0.0697,-0.0060,0.0389,0.2599,-0.0006,1.1039,0.2753,0.2179,34.4954,36.7005,0.0985,nan,nan,nan,nan
117.9473,0.0013,-0.0000,1.1981,-0.0764,-0.0068,0.0452,0.2600,-0.0007,1.1039,0.2753,0.1957,34.4964,36.7008,0.1073,nan,nan,nan,nan
117.9685,0.0013,-0.0000,1.1981,-0.0764,-0.0068,0.0452,0.2600,-0.0008,1.1039,0.2753,0.1837,34.4964,36.7013,0.1133,nan,nan,nan,nan
117.9893,0.0013,-0.0000,1.1981,-0.0831,-0.0077,0.0514,0.2600,-0.0008,1.1039,0.2753,0.1731,34.4963,36.7021,0.1167,nan,nan,nan,nan
118.0191,0.0013,-0.0001,1.1981,-0.0907,-0.0083,0.0567,0.2600,-0.0008,1.1039,0.2753,0.1581,34.4967,36.7060,0.1270,nan,nan,nan,nan
118.0567,0.0013,-0.0001,1.1981,-0.0988,-0.0084,0.0611,0.2600,-0.0009,1.1040,0.2753,0.1510,34.4992,36.7097,0.1319,nan,nan,nan,nan
118.0770,0.0014,-0.0001,1.1981,-0.0988,-0.0084,0.0611,0.2600,-0.0009,1.1040,0.2753,0.1485,34.5006,36.7108,0.1327,nan,nan,nan,nan
118.0979,0.0014,-0.0001,1.1981,-0.1071,-0.0084,0.0648,0.2601,-0.0009,1.1040,0.2753,0.1471,34.5010,36.7108,0.1327,nan,nan,nan,nan
118.1284,0.0014,-0.0000,1.1981,-0.1144,-0.0086,0.0689,0.2601,-0.0009,1.1040,0.2753,0.1385,34.5013,36.7079,0.1355,nan,nan,nan,nan
118.1586,0.0014,-0.0000,1.1982,-0.1208,-0.0087,0.0729,0.2601,-0.0009,1.1040,0.2753,0.1280,34.5007,36.7061,0.1441,nan,nan,nan,nan
118.1825,0.0014,-0.0000,1.1982,-0.1208,-0.0087,0.0729,0.2601,-0.0010,1.1040,0.2753,0.1219,34.5013,36.7060,0.1477,nan,nan,nan,nan
118.2083,0.0014,-0.0000,1.1982,-0.1268,-0.0080,0.0774,0.2601,-0.0010,1.1040,0.2753,0.1115,34.5026,36.7044,0.1463,nan,nan,nan,nan
118.2349,0.0015,0.0000,1.1982,-0.1320,-0.0073,0.0814,0.2602,-0.0010,1.1040,0.2753,0.1022,34.5028,36.7022,0.1413,nan,nan,nan,nan
118.2572,0.0015,0.0000,1.1982,-0.1320,-0.0073,0.0814,0.2602,-0.0010,1.1040,0.2753,0.0992,34.5031,36.7026,0.1409,nan,nan,nan,nan
118.2808,0.0015,0.0001,1.1982,-0.1376,-0.0064,0.0841,0.2602,-0.0010,1.1040,0.2753,0.0998,34.5035,36.7062,0.1394,nan,nan,nan,nan
118.3150,0.0015,0.0001,1.1982,-0.1430,-0.0049,0.0853,0.2602,-0.0009,1.1040,0.2753,0.1028,34.5057,36.7088,0.1342,nan,nan,nan,nan
118.3369,0.0015,0.0001,1.1982,-0.1430,-0.0049,0.0853,0.2602,-0.0009,1.1040,0.2753,0.1055,34.5075,36.7086,0.1276,nan,nan,nan,nan
118.3576,0.0015,0.0001,1.1982,-0.1476,-0.0033,0.0856,0.2602,-0.0008,1.1040,0.2753,0.1089,34.5094,36.7094,0.1218,nan,nan,nan,nan
118.3882,0.0015,0.0002,1.1982,-0.1519,-0.0015,0.0854,0.2602,-0.0008,1.1040,0.2753,0.1184,34.5130,36.7141,0.1168,nan,nan,nan,nan
118.4246,0.0016,0.0002,1.1982,-0.1552,0.0005,0.0852,0.2602,-0.0007,1.1040,0.2753,0.1264,34.5190,36.7148,0.1148,nan,nan,nan,nan
118.4529,0.0016,0.0003,1.1982,-0.1573,0.0023,0.0852,0.2603,-0.0006,1.1041,0.2753,0.1309,34.5236,36.7176,0.1174,nan,nan,nan,nan
118.4741,0.0016,0.0003,1.1982,-0.1573,0.0023,0.0852,0.2603,-0.0006,1.1041,0.2752,0.1303,34.5259,36.7196,0.1206,nan,nan,nan,nan
118.4953,0.0016,0.0004,1.1982,-0.1579,0.0041,0.0861,0.2603,-0.0006,1.1041,0.2752,0.1266,34.5287,36.7219,0.1248,nan,nan,nan,nan
118.5287,0.0016,0.0004,1.1982,-0.1579,0.0060,0.0870,0.2603,-0.0005,1.1041,0.2752,0.1243,34.5322,36.7231,0.1287,nan,nan,nan,nan
118.5490,0.0017,0.0005,1.1982,-0.1579,0.0060,0.0870,0.2603,-0.0005,1.1041,0.2752,0.1237,34.5349,36.7246,0.1308,nan,nan,nan,nan
118.5755,0.0017,0.0005,1.1982,-0.1573,0.0080,0.0876,0.2603,-0.0004,1.1041,0.2752,0.1229,34.5389,36.7257,0.1264,nan,nan,nan,nan
118.6064,0.0017,0.0006,1.1982,-0.1561,0.0100,0.0875,0.2603,-0.0003,1.1041,0.2752,0.1223,34.5428,36.7279,0.1212,nan,nan,nan,nan
118.6437,0.0017,0.0007,1.1982,-0.1538,0.0118,0.0883,0.2603,-0.0003,1.1042,0.2752,0.1155,34.5472,36.7320,0.1202,nan,nan,nan,nan
118.6715,0.0017,0.0008,1.1982,-0.1495,0.0130,0.0903,0.2604,-0.0002,1.1042,0.2752,0.0972,34.5481,36.7366,0.1186,nan,nan,nan,nan
118.6937,0.0017,0.0009,1.1982,-0.1495,0.0130,0.0903,0.2604,-0.0002,1.1042,0.2752,0.0848,34.5484,36.7395,0.1167,nan,nan,nan,nan
118.7170,0.0018,0.0010,1.1982,-0.1437,0.0142,0.0935,0.2604,-0.0002,1.1042,0.2752,0.0613,34.5496,36.7450,0.1110,nan,nan,nan,nan
118.7382,0.0018,0.0011,1.1982,-0.1362,0.0152,0.0980,0.2604,-0.0002,1.1042,0.2751,0.0318,34.5509,36.7500,0.1067,nan,nan,nan,nan
118.7594,0.0018,0.0012,1.1982,-0.1362,0.0152,0.0980,0.2604,-0.0002,1.1042,0.2751,-0.0065,34.5511,36.7544,0.0993,nan,nan,nan,nan
118.7817,0.0018,0.0013,1.1982,-0.1267,0.0158,0.1042,0.2604,-0.0003,1.1042,0.2751,-0.0205,34.5516,36.7547,0.0959,nan,nan,nan,nan
118.8090,0.0018,0.0014,1.1982,-0.1159,0.0162,0.1107,0.2604,-0.0003,1.1042,0.2751,-0.0768,34.5534,36.7533,0.0862,nan,nan,nan,nan
118.8399,0.0019,0.0015,1.1982,-0.1050,0.0166,0.1157,0.2604,-0.0003,1.1042,0.2751,-0.1240,34.5545,36.7562,0.0862,nan,nan,nan,nan
118.8636,0.0019,0.0017,1.1982,-0.0938,0.0176,0.1199,0.2605,-0.0003,1.1043,0.2751,-0.1665,34.5583,36.7594,0.0900,nan,nan,nan,nan
118.8894,0.0019,0.0018,1.1982,-0.0816,0.0184,0.1226,0.2605,-0.0003,1.1043,0.2751,-0.2061,34.5612,36.7634,0.0874,nan,nan,nan,nan
118.9242,0.0019,0.0020,1.1982,-0.0704,0.0193,0.1235,0.2605,-0.0003,1.1043,0.2751,-0.2320,34.5647,36.7612,0.0816,nan,nan,nan,nan
118.9566,0.0020,0.0021,1.1982,-0.0583,0.0195,0.1231,0.2606,-0.0002,1.1043,0.2751,-0.2529,34.5657,36.7576,0.0822,nan,nan,nan,nan
118.9831,0.0020,0.0023,1.1982,-0.0583,0.0195,0.1231,0.2606,-0.0001,1.1043,0.2751,-0.2626,34.5643,36.7580,0.0853,nan,nan,nan,nan
119.0055,0.0020,0.0024,1.1982,-0.0465,0.0193,0.1209,0.2606,0.0000,1.1043,0.2751,-0.2619,34.5628,36.7586,0.0857,nan,nan,nan,nan
119.0288,0.0020,0.0025,1.1982,-0.0357,0.0189,0.1159,0.2606,0.0001,1.1043,0.2751,-0.2552,34.5607,36.7575,0.0843,nan,nan,nan,nan
119.0557,0.0021,0.0026,1.1982,-0.0357,0.0189,0.1159,0.2606,0.0003,1.1043,0.2751,-0.2412,34.5576,36.7529,0.0802,nan,nan,nan,nan
119.0813,0.0021,0.0026,1.1982,-0.0253,0.0182,0.1087,0.2607,0.0004,1.1042,0.2751,-0.2348,34.5567,36.7514,0.0782,nan,nan,nan,nan
119.1119,0.0021,0.0028,1.1982,-0.0149,0.0174,0.1003,0.2607,0.0006,1.1042,0.2751,-0.2076,34.5531,36.7504,0.0661,nan,nan,nan,nan
119.1403,0.0021,0.0029,1.1982,-0.0041,0.0167,0.0924,0.2607,0.0009,1.1042,0.2751,-0.1835,34.5513,36.7478,0.0410,nan,nan,nan,nan
119.1603,0.0021,0.0030,1.1982,-0.0041,0.0167,0.0924,0.2608,0.0010,1.1042,0.2752,-0.1744,34.5511,36.7451,0.0253,nan,nan,nan,nan
119.1820,0.0022,0.0031,1.1982,0.0082,0.0159,0.0854,0.2608,0.0012,1.1042,0.2752,-0.1664,34.5507,36.7400,0.0006,nan,nan,nan,nan
119.2039,0.0022,0.0033,1.1982,0.0215,0.0148,0.0803,0.2608,0.0013,1.1042,0.2752,-0.1633,34.5500,36.7347,-0.0191,nan,nan,nan,nan
119.2367,0.0022,0.0034,1.1982,0.0361,0.0132,0.0759,0.2609,0.0014,1.1042,0.2752,-0.1673,34.5487,36.7314,-0.0219,nan,nan,nan,nan
119.2578,0.0023,0.0035,1.1982,0.0361,0.0132,0.0759,0.2609,0.0015,1.1042,0.2752,-0.1740,34.5475,36.7306,-0.0221,nan,nan,nan,nan
119.2825,0.0023,0.0036,1.1982,0.0518,0.0111,0.0734,0.2609,0.0015,1.1042,0.2752,-0.1813,34.5450,36.7316,-0.0217,nan,nan,nan,nan
119.3188,0.0023,0.0037,1.1982,0.0669,0.0083,0.0699,0.2609,0.0016,1.1042,0.2752,-0.1896,34.5380,36.7326,-0.0223,nan,nan,nan,nan
119.3390,0.0023,0.0038,1.1982,0.0669,0.0083,0.0699,0.2610,0.0018,1.1042,0.2752,-0.1881,34.5346,36.7304,-0.0261,nan,nan,nan,nan
119.3617,0.0023,0.0039,1.1982,0.0812,0.0058,0.0643,0.2610,0.0018,1.1042,0.2752,-0.1872,34.5335,36.7294,-0.0267,nan,nan,nan,nan
119.3936,0.0024,0.0040,1.1982,0.0955,0.0032,0.0592,0.2610,0.0019,1.1041,0.2752,-0.1871,34.5306,36.7228,-0.0348,nan,nan,nan,nan
119.4187,0.0024,0.0041,1.1982,0.0955,0.0032,0.0592,0.2611,0.0020,1.1041,0.2752,-0.1886,34.5302,36.7203,-0.0393,nan,nan,nan,nan
119.4388,0.0024,0.0041,1.1982,0.1101,0.0012,0.0548,0.2611,0.0021,1.1041,0.2752,-0.1911,34.5309,36.7191,-0.0433,nan,nan,nan,nan
119.4618,0.0024,0.0042,1.1982,0.1101,0.0012,0.0548,0.2611,0.0022,1.1041,0.2752,-0.1956,34.5312,36.7187,-0.0453,nan,nan,nan,nan
119.4870,0.0024,0.0043,1.1982,0.1246,-0.0008,0.0515,0.2611,0.0022,1.1041,0.2752,-0.2055,34.5322,36.7182,-0.0440,nan,nan,nan,nan
119.5255,0.0025,0.0044,1.1982,0.1392,-0.0032,0.0490,0.2611,0.0023,1.1042,0.2752,-0.2182,34.5320,36.7177,-0.0439,nan,nan,nan,nan
119.5508,0.0025,0.0045,1.1982,0.1392,-0.0032,0.0490,0.2612,0.0023,1.1042,0.2752,-0.2276,34.5324,36.7171,-0.0435,nan,nan,nan,nan
119.5815,0.0025,0.0046,1.1982,0.1537,-0.0056,0.0471,0.2612,0.0023,1.1042,0.2752,-0.2385,34.5327,36.7162,-0.0410,nan,nan,nan,nan
119.6051,0.0025,0.0046,1.1982,0.1537,-0.0056,0.0471,0.2612,0.0024,1.1042,0.2752,-0.2491,34.5331,36.7154,-0.0367,nan,nan,nan,nan
119.6264,0.0026,0.0047,1.1982,0.1671,-0.0078,0.0449,0.2612,0.0024,1.1042,0.2752,-0.2550,34.5338,36.7153,-0.0319,nan,nan,nan,nan
119.6516,0.0026,0.0048,1.1982,0.1780,-0.0101,0.0399,0.2613,0.0025,1.1042,0.2753,-0.2524,34.5340,36.7125,-0.0254,nan,nan,nan,nan
119.6773,0.0026,0.0049,1.1982,0.1860,-0.0120,0.0320,0.2613,0.0027,1.1042,0.2753,-0.2281,34.5346,36.7118,-0.0226,nan,nan,nan,nan
119.7045,0.0026,0.0049,1.1982,0.1860,-0.0120,0.0320,0.2613,0.0028,1.1042,0.2753,-0.1975,34.5351,36.7131,-0.0198,nan,nan,nan,nan
119.7308,0.0027,0.0050,1.1982,0.1916,-0.0134,0.0218,0.2614,0.0030,1.1042,0.2752,-0.1719,34.5357,36.7141,-0.0203,nan,nan,nan,nan
119.7543,0.0027,0.0050,1.1982,0.1957,-0.0146,0.0104,0.2614,0.0032,1.1042,0.2752,-0.1334,34.5371,36.7151,-0.0247,nan,nan,nan,nan
119.7830,0.0027,0.0051,1.1982,0.1989,-0.0156,-0.0003,0.2614,0.0034,1.1042,0.2752,-0.0825,34.5394,36.7112,-0.0228,nan,nan,nan,nan
119.8054,0.0027,0.0051,1.1982,0.1989,-0.0156,-0.0003,0.2614,0.0036,1.1042,0.2753,-0.0593,34.5408,36.7086,-0.0209,nan,nan,nan,nan
119.8258,0.0028,0.0051,1.1982,0.2016,-0.0164,-0.0093,0.2615,0.0036,1.1042,0.2753,-0.0393,34.5420,36.7063,-0.0198,nan,nan,nan,nan
119.8511,0.0028,0.0052,1.1982,0.2048,-0.0173,-0.0161,0.2615,0.0037,1.1042,0.2753,-0.0132,34.5437,36.7053,-0.0240,nan,nan,nan,nan
119.8754,0.0028,0.0052,1.1982,0.2073,-0.0187,-0.0210,0.2615,0.0039,1.1043,0.2753,0.0064,34.5419,36.7083,-0.0259,nan,nan,nan,nan
119.9067,0.0028,0.0052,1.1982,0.2089,-0.0198,-0.0259,0.2615,0.0040,1.1043,0.2752,0.0258,34.5416,36.7095,-0.0318,nan,nan,nan,nan
119.9387,0.0029,0.0052,1.1982,0.2089,-0.0212,-0.0305,0.2616,0.0040,1.1043,0.2753,0.0469,34.5396,36.7053,-0.0371,nan,nan,nan,nan
119.9744,0.0029,0.0052,1.1982,0.2076,-0.0226,-0.0346,0.2616,0.0041,1.1042,0.2753,0.0684,34.5382,36.6955,-0.0400,nan,nan,nan,nan
120.0088,0.0029,0.0053,1.1982,0.2059,-0.0238,-0.0361,0.2617,0.0042,1.1042,0.2753,0.0760,34.5365,36.6893,-0.0409,nan,nan,nan,nan
120.0354,0.0029,0.0053,1.1982,0.2043,-0.0244,-0.0349,0.2617,0.0041,1.1042,0.2753,0.0677,34.5362,36.6863,-0.0359,nan,nan,nan,nan
120.0652,0.0030,0.0052,1.1982,0.2024,-0.0246,-0.0322,0.2617,0.0041,1.1042,0.2753,0.0512,34.5384,36.6808,-0.0267,nan,nan,nan,nan
120.0922,0.0030,0.0052,1.1982,0.1992,-0.0249,-0.0295,0.2618,0.0040,1.1042,0.2753,0.0356,34.5391,36.6737,-0.0213,nan,nan,nan,nan
120.1151,0.0030,0.0052,1.1982,0.1992,-0.0249,-0.0295,0.2618,0.0039,1.1042,0.2753,0.0259,34.5388,36.6705,-0.0199,nan,nan,nan,nan
120.1367,0.0030,0.0052,1.1982,0.1944,-0.0252,-0.0270,0.2618,0.0039,1.1042,0.2753,0.0240,34.5388,36.6695,-0.0189,nan,nan,nan,nan
120.1611,0.0030,0.0051,1.1983,0.1878,-0.0253,-0.0253,0.2618,0.0038,1.1042,0.2753,0.0199,34.5381,36.6695,-0.0113,nan,nan,nan,nan
120.1910,0.0030,0.0051,1.1983,0.1803,-0.0254,-0.0230,0.2618,0.0038,1.1042,0.2753,0.0134,34.5355,36.6717,-0.0045,nan,nan,nan,nan
120.2120,0.0031,0.0051,1.1983,0.1803,-0.0254,-0.0230,0.2618,0.0037,1.1042,0.2754,0.0103,34.5344,36.6702,-0.0037,nan,nan,nan,nan
120.2334,0.0031,0.0050,1.1983,0.1715,-0.0254,-0.0207,0.2619,0.0037,1.1042,0.2754,0.0093,34.5340,36.6692,-0.0038,nan,nan,nan,nan
120.2693,0.0031,0.0050,1.1983,0.1620,-0.0255,-0.0176,0.2619,0.0036,1.1042,0.2754,0.0021,34.5334,36.6649,-0.0029,nan,nan,nan,nan
120.2903,0.0031,0.0049,1.1983,0.1620,-0.0255,-0.0176,0.2619,0.0035,1.1042,0.2754,-0.0015,34.5330,36.6637,0.0033,nan,nan,nan,nan
120.3119,0.0031,0.0049,1.1983,0.1516,-0.0256,-0.0143,0.2619,0.0035,1.1042,0.2754,-0.0034,34.5319,36.6615,0.0126,nan,nan,nan,nan
120.3417,0.0031,0.0048,1.1983,0.1397,-0.0254,-0.0120,0.2619,0.0034,1.1042,0.2754,-0.0015,34.5322,36.6628,0.0178,nan,nan,nan,nan
120.3746,0.0031,0.0048,1.1983,0.1273,-0.0245,-0.0087,0.2619,0.0033,1.1042,0.2754,-0.0032,34.5362,36.6630,0.0252,nan,nan,nan,nan
120.3966,0.0031,0.0047,1.1983,0.1273,-0.0245,-0.0087,0.2619,0.0032,1.1042,0.2754,-0.0078,34.5382,36.6650,0.0269,nan,nan,nan,nan
120.4228,0.0031,0.0046,1.1983,0.1151,-0.0238,-0.0041,0.2619,0.0032,1.1042,0.2754,-0.0135,34.5398,36.6667,0.0265,nan,nan,nan,nan
120.4428,0.0032,0.0046,1.1983,0.1151,-0.0238,-0.0041,0.2619,0.0031,1.1042,0.2753,-0.0188,34.5399,36.6689,0.0252,nan,nan,nan,nan
120.4690,0.0032,0.0045,1.1983,0.1025,-0.0238,0.0005,0.2619,0.0030,1.1042,0.2753,-0.0233,34.5393,36.6714,0.0261,nan,nan,nan,nan
120.4929,0.0032,0.0044,1.1983,0.0897,-0.0241,0.0048,0.2619,0.0029,1.1042,0.2753,-0.0329,34.5369,36.6779,0.0282,nan,nan,nan,nan
120.5178,0.0032,0.0044,1.1983,0.0768,-0.0238,0.0092,0.2619,0.0028,1.1043,0.2753,-0.0445,34.5390,36.6850,0.0343,nan,nan,nan,nan
120.5387,0.0032,0.0043,1.1983,0.0768,-0.0238,0.0092,0.2619,0.0027,1.1043,0.2753,-0.0484,34.5409,36.6851,0.0381,nan,nan,nan,nan
120.5589,0.0032,0.0042,1.1983,0.0636,-0.0235,0.0126,0.2620,0.0026,1.1043,0.2753,-0.0515,34.5426,36.6836,0.0491,nan,nan,nan,nan
120.5852,0.0032,0.0041,1.1983,0.0504,-0.0239,0.0158,0.2620,0.0024,1.1043,0.2753,-0.0550,34.5421,36.6844,0.0554,nan,nan,nan,nan
120.6125,0.0032,0.0041,1.1983,0.0379,-0.0242,0.0210,0.2620,0.0023,1.1043,0.2753,-0.0709,34.5424,36.6841,0.0608,nan,nan,nan,nan
120.6492,0.0032,0.0039,1.1983,0.0264,-0.0244,0.0259,0.2620,0.0021,1.1043,0.2753,-0.0870,34.5429,36.6888,0.0627,nan,nan,nan,nan
120.6781,0.0032,0.0039,1.1983,0.0264,-0.0244,0.0259,0.2620,0.0020,1.1043,0.2753,-0.0912,34.5441,36.6904,0.0626,nan,nan,nan,nan
120.6987,0.0032,0.0038,1.1983,0.0140,-0.0244,0.0298,0.2620,0.0019,1.1043,0.2753,-0.0980,34.5463,36.6891,0.0636,nan,nan,nan,nan
120.7227,0.0032,0.0037,1.1983,0.0030,-0.0247,0.0342,0.2620,0.0018,1.1043,0.2753,-0.1106,34.5473,36.6862,0.0628,nan,nan,nan,nan
120.7463,0.0032,0.0036,1.1983,0.0030,-0.0247,0.0342,0.2620,0.0017,1.1043,0.2753,-0.1229,34.5467,36.6850,0.0617,nan,nan,nan,nan
120.7752,0.0032,0.0036,1.1983,-0.0066,-0.0258,0.0399,0.2620,0.0016,1.1043,0.2753,-0.1417,34.5453,36.6830,0.0592,nan,nan,nan,nan
120.8119,0.0032,0.0035,1.1983,-0.0155,-0.0270,0.0445,0.2620,0.0014,1.1043,0.2753,-0.1580,34.5448,36.6819,0.0561,nan,nan,nan,nan
120.8486,0.0032,0.0034,1.1983,-0.0244,-0.0281,0.0481,0.2620,0.0012,1.1043,0.2753,-0.1750,34.5446,36.6808,0.0460,nan,nan,nan,nan
120.8725,0.0032,0.0033,1.1983,-0.0244,-0.0281,0.0481,0.2620,0.0011,1.1043,0.2753,-0.1794,34.5440,36.6800,0.0360,nan,nan,nan,nan
120.8954,0.0032,0.0032,1.1983,-0.0344,-0.0291,0.0499,0.2620,0.0010,1.1043,0.2753,-0.1746,34.5442,36.6793,0.0260,nan,nan,nan,nan
120.9204,0.0032,0.0032,1.1983,-0.0446,-0.0300,0.0496,0.2620,0.0010,1.1043,0.2753,-0.1690,34.5441,36.6790,0.0217,nan,nan,nan,nan
120.9444,0.0032,0.0031,1.1983,-0.0446,-0.0300,0.0496,0.2620,0.0009,1.1043,0.2753,-0.1604,34.5452,36.6788,0.0187,nan,nan,nan,nan
120.9662,0.0032,0.0030,1.1983,-0.0540,-0.0307,0.0483,0.2620,0.0009,1.1043,0.2753,-0.1571,34.5462,36.6792,0.0192,nan,nan,nan,nan
120.9927,0.0032,0.0030,1.1983,-0.0629,-0.0309,0.0461,0.2620,0.0009,1.1043,0.2753,-0.1425,34.5513,36.6802,0.0175,nan,nan,nan,nan
121.0240,0.0032,0.0029,1.1983,-0.0707,-0.0318,0.0448,0.2620,0.0008,1.1044,0.2753,-0.1332,34.5528,36.6829,0.0120,nan,nan,nan,nan
121.0459,0.0032,0.0028,1.1983,-0.0707,-0.0318,0.0448,0.2620,0.0007,1.1044,0.2753,-0.1343,34.5534,36.6833,0.0101,nan,nan,nan,nan
121.0683,0.0032,0.0027,1.1983,-0.0764,-0.0328,0.0451,0.2620,0.0006,1.1044,0.2753,-0.1415,34.5557,36.6831,0.0088,nan,nan,nan,nan
121.0939,0.0032,0.0027,1.1983,-0.0810,-0.0338,0.0456,0.2620,0.0005,1.1044,0.2753,-0.1460,34.5562,36.6831,0.0064,nan,nan,nan,nan
121.1162,0.0032,0.0026,1.1983,-0.0810,-0.0338,0.0456,0.2620,0.0004,1.1044,0.2753,-0.1554,34.5547,36.6850,0.0071,nan,nan,nan,nan
121.1431,0.0032,0.0026,1.1983,-0.0844,-0.0351,0.0466,0.2620,0.0003,1.1044,0.2753,-0.1661,34.5545,36.6873,0.0070,nan,nan,nan,nan
121.1707,0.0032,0.0025,1.1983,-0.0867,-0.0358,0.0474,0.2619,0.0002,1.1044,0.2753,-0.1732,34.5556,36.6879,0.0060,nan,nan,nan,nan
121.1982,0.0032,0.0025,1.1983,-0.0867,-0.0358,0.0474,0.2619,0.0001,1.1044,0.2753,-0.1787,34.5570,36.6880,0.0069,nan,nan,nan,nan
121.2203,0.0032,0.0024,1.1983,-0.0886,-0.0364,0.0474,0.2619,0.0001,1.1044,0.2753,-0.1838,34.5564,36.6890,0.0088,nan,nan,nan,nan
121.2506,0.0031,0.0024,1.1983,-0.0903,-0.0375,0.0463,0.2619,0.0000,1.1044,0.2753,-0.1853,34.5533,36.6885,0.0090,nan,nan,nan,nan
121.2739,0.0031,0.0023,1.1983,-0.0906,-0.0392,0.0449,0.2619,-0.0001,1.1044,0.2753,-0.1901,34.5460,36.6913,0.0125,nan,nan,nan,nan
121.3106,0.0031,0.0022,1.1983,-0.0890,-0.0405,0.0450,0.2619,-0.0002,1.1044,0.2753,-0.2052,34.5412,36.6942,0.0149,nan,nan,nan,nan
121.3312,0.0031,0.0022,1.1983,-0.0890,-0.0405,0.0450,0.2619,-0.0003,1.1044,0.2753,-0.2232,34.5393,36.6931,0.0155,nan,nan,nan,nan
121.3533,0.0031,0.0022,1.1983,-0.0858,-0.0415,0.0462,0.2619,-0.0004,1.1044,0.2753,-0.2293,34.5383,36.6926,0.0152,nan,nan,nan,nan
121.3883,0.0031,0.0021,1.1983,-0.0819,-0.0424,0.0462,0.2618,-0.0005,1.1044,0.2753,-0.2483,34.5362,36.6896,0.0178,nan,nan,nan,nan
121.4248,0.0030,0.0021,1.1983,-0.0789,-0.0425,0.0441,0.2618,-0.0006,1.1044,0.2753,-0.2523,34.5356,36.6891,0.0193,nan,nan,nan,nan
121.4517,0.0030,0.0021,1.1983,-0.0789,-0.0425,0.0441,0.2618,-0.0006,1.1044,0.2753,-0.2478,34.5348,36.6874,0.0190,nan,nan,nan,nan
121.4732,0.0030,0.0020,1.1983,-0.0761,-0.0427,0.0405,0.2618,-0.0006,1.1043,0.2753,-0.2418,34.5337,36.6858,0.0198,nan,nan,nan,nan
121.4999,0.0030,0.0020,1.1983,-0.0732,-0.0425,0.0354,0.2618,-0.0006,1.1043,0.2753,-0.2297,34.5334,36.6845,0.0206,nan,nan,nan,nan
121.5227,0.0030,0.0020,1.1983,-0.0732,-0.0425,0.0354,0.2618,-0.0006,1.1043,0.2753,-0.2194,34.5341,36.6841,0.0250,nan,nan,nan,nan
121.5457,0.0029,0.0019,1.1983,-0.0701,-0.0415,0.0292,0.2617,-0.0006,1.1043,0.2753,-0.2072,34.5356,36.6829,0.0291,nan,nan,nan,nan
121.5712,0.0029,0.0019,1.1983,-0.0670,-0.0408,0.0216,0.2617,-0.0005,1.1043,0.2753,-0.1768,34.5359,36.6782,0.0397,nan,nan,nan,nan
121.6071,0.0029,0.0018,1.1983,-0.0631,-0.0401,0.0137,0.2617,-0.0004,1.1043,0.2754,-0.1457,34.5352,36.6749,0.0450,nan,nan,nan,nan
121.6324,0.0029,0.0018,1.1983,-0.0631,-0.0401,0.0137,0.2617,-0.0004,1.1043,0.2754,-0.1323,34.5339,36.6759,0.0467,nan,nan,nan,nan
121.6535,0.0028,0.0018,1.1983,-0.0586,-0.0394,0.0071,0.2616,-0.0004,1.1043,0.2754,-0.1151,34.5319,36.6762,0.0482,nan,nan,nan,nan
121.6777,0.0028,0.0018,1.1983,-0.0528,-0.0391,0.0015,0.2616,-0.0004,1.1043,0.2754,-0.1026,34.5275,36.6740,0.0509,nan,nan,nan,nan
121.7058,0.0028,0.0017,1.1983,-0.0528,-0.0391,0.0015,0.2616,-0.0003,1.1042,0.2754,-0.0929,34.5247,36.6722,0.0565,nan,nan,nan,nan
121.7306,0.0028,0.0017,1.1983,-0.0468,-0.0386,-0.0047,0.2616,-0.0003,1.1042,0.2754,-0.0814,34.5221,36.6716,0.0631,nan,nan,nan,nan
121.7596,0.0027,0.0017,1.1983,-0.0410,-0.0370,-0.0113,0.2615,-0.0003,1.1042,0.2754,-0.0574,34.5205,36.6724,0.0681,nan,nan,nan,nan
121.7924,0.0027,0.0017,1.1983,-0.0352,-0.0343,-0.0178,0.2615,-0.0002,1.1042,0.2754,-0.0331,34.5232,36.6735,0.0681,nan,nan,nan,nan
121.8247,0.0026,0.0016,1.1983,-0.0295,-0.0317,-0.0245,0.2614,-0.0002,1.1042,0.2754,-0.0060,34.5248,36.6726,0.0645,nan,nan,nan,nan
121.8476,0.0026,0.0016,1.1983,-0.0295,-0.0317,-0.0245,0.2614,-0.0001,1.1042,0.2754,0.0160,34.5239,36.6705,0.0652,nan,nan,nan,nan
121.8699,0.0026,0.0016,1.1983,-0.0241,-0.0295,-0.0308,0.2614,-0.0001,1.1042,0.2754,0.0225,34.5233,36.6696,0.0660,nan,nan,nan,nan
121.8983,0.0025,0.0016,1.1983,-0.0180,-0.0273,-0.0359,0.2613,-0.0000,1.1041,0.2754,0.0435,34.5214,36.6673,0.0710,nan,nan,nan,nan
121.9302,0.0025,0.0016,1.1983,-0.0115,-0.0246,-0.0386,0.2613,-0.0000,1.1041,0.2754,0.0523,34.5225,36.6625,0.0791,nan,nan,nan,nan
121.9508,0.0025,0.0015,1.1983,-0.0115,-0.0246,-0.0386,0.2613,-0.0000,1.1041,0.2754,0.0520,34.5218,36.6594,0.0840,nan,nan,nan,nan
121.9770,0.0024,0.0015,1.1983,-0.0044,-0.0223,-0.0394,0.2612,-0.0001,1.1041,0.2754,0.0447,34.5196,36.6567,0.0859,nan,nan,nan,nan
122.0032,0.0024,0.0015,1.1983,0.0037,-0.0202,-0.0391,0.2612,-0.0001,1.1041,0.2754,0.0379,34.5175,36.6569,0.0853,nan,nan,nan,nan
122.0254,0.0024,0.0015,1.1983,0.0037,-0.0202,-0.0391,0.2612,-0.0001,1.1040,0.2754,0.0315,34.5160,36.6569,0.0832,nan,nan,nan,nan
122.0526,0.0023,0.0015,1.1983,0.0108,-0.0177,-0.0382,0.2611,-0.0001,1.1040,0.2754,0.0265,34.5156,36.6576,0.0787,nan,nan,nan,nan
122.0732,0.0023,0.0015,1.1983,0.0163,-0.0149,-0.0392,0.2611,-0.0001,1.1040,0.2754,0.0298,34.5149,36.6585,0.0731,nan,nan,nan,nan
122.1080,0.0022,0.0015,1.1983,0.0205,-0.0120,-0.0413,0.2610,-0.0001,1.1040,0.2754,0.0427,34.5133,36.6593,0.0612,nan,nan,nan,nan
122.1418,0.0022,0.0014,1.1983,0.0237,-0.0096,-0.0437,0.2610,-0.0001,1.1040,0.2754,0.0591,34.5092,36.6596,0.0577,nan,nan,nan,nan
122.1659,0.0022,0.0014,1.1983,0.0237,-0.0096,-0.0437,0.2609,-0.0001,1.1040,0.2754,0.0641,34.5078,36.6612,0.0578,nan,nan,nan,nan
122.1866,0.0021,0.0014,1.1982,0.0274,-0.0068,-0.0446,0.2609,-0.0001,1.1040,0.2754,0.0656,34.5077,36.6629,0.0595,nan,nan,nan,nan
122.2135,0.0021,0.0014,1.1982,0.0314,-0.0037,-0.0431,0.2609,-0.0001,1.1039,0.2754,0.0585,34.5096,36.6637,0.0638,nan,nan,nan,nan
122.2443,0.0020,0.0014,1.1982,0.0353,-0.0012,-0.0415,0.2608,-0.0002,1.1039,0.2754,0.0505,34.5094,36.6609,0.0665,nan,nan,nan,nan
122.2692,0.0020,0.0013,1.1982,0.0389,0.0009,-0.0392,0.2607,-0.0002,1.1039,0.2754,0.0383,34.5064,36.6647,0.0668,nan,nan,nan,nan
122.3048,0.0019,0.0013,1.1982,0.0418,0.0031,-0.0358,0.2607,-0.0003,1.1039,0.2754,0.0226,34.5041,36.6709,0.0701,nan,nan,nan,nan
122.3257,0.0019,0.0013,1.1982,0.0418,0.0031,-0.0358,0.2606,-0.0003,1.1039,0.2754,0.0160,34.5029,36.6731,0.0732,nan,nan,nan,nan
122.3458,0.0019,0.0013,1.1982,0.0441,0.0049,-0.0327,0.2606,-0.0004,1.1039,0.2754,0.0098,34.5014,36.6760,0.0751,nan,nan,nan,nan
122.3768,0.0018,0.0012,1.1982,0.0459,0.0067,-0.0302,0.2606,-0.0004,1.1039,0.2754,-0.0017,34.4995,36.6817,0.0776,nan,nan,nan,nan
122.4082,0.0018,0.0012,1.1982,0.0462,0.0081,-0.0282,0.2605,-0.0005,1.1039,0.2754,-0.0058,34.4974,36.6856,0.0815,nan,nan,nan,nan
122.4363,0.0018,0.0012,1.1982,0.0462,0.0081,-0.0282,0.2605,-0.0005,1.1039,0.2754,-0.0064,34.4966,36.6876,0.0833,nan,nan,nan,nan
122.4655,0.0017,0.0011,1.1982,0.0459,0.0095,-0.0272,0.2604,-0.0005,1.1039,0.2754,-0.0057,34.4961,36.6881,0.0832,nan,nan,nan,nan
122.4927,0.0017,0.0011,1.1982,0.0440,0.0110,-0.0269,0.2604,-0.0005,1.1039,0.2754,0.0019,34.4962,36.6928,0.0772,nan,nan,nan,nan
122.5152,0.0017,0.0011,1.1982,0.0440,0.0110,-0.0269,0.2603,-0.0005,1.1039,0.2754,0.0076,34.4979,36.6977,0.0690,nan,nan,nan,nan
122.5424,0.0016,0.0011,1.1982,0.0418,0.0127,-0.0268,0.2603,-0.0005,1.1039,0.2753,0.0093,34.4989,36.6987,0.0659,nan,nan,nan,nan
122.5645,0.0016,0.0010,1.1982,0.0396,0.0146,-0.0258,0.2603,-0.0006,1.1039,0.2753,0.0114,34.5051,36.7025,0.0498,nan,nan,nan,nan
122.5859,0.0016,0.0010,1.1982,0.0396,0.0146,-0.0258,0.2602,-0.0006,1.1039,0.2753,0.0103,34.5075,36.7035,0.0424,nan,nan,nan,nan
122.6073,0.0015,0.0010,1.1982,0.0373,0.0159,-0.0240,0.2602,-0.0007,1.1039,0.2753,0.0025,34.5115,36.7040,0.0374,nan,nan,nan,nan
122.6342,0.0015,0.0009,1.1982,0.0348,0.0163,-0.0217,0.2602,-0.0007,1.1039,0.2753,-0.0007,34.5123,36.7044,0.0360,nan,nan,nan,nan
122.6615,0.0015,0.0009,1.1982,0.0310,0.0164,-0.0194,0.2601,-0.0008,1.1039,0.2753,-0.0058,34.5145,36.7072,0.0280,nan,nan,nan,nan
122.6988,0.0014,0.0008,1.1982,0.0270,0.0157,-0.0170,0.2601,-0.0009,1.1039,0.2753,-0.0115,34.5140,36.7101,0.0220,nan,nan,nan,nan
122.7230,0.0014,0.0008,1.1982,0.0223,0.0149,-0.0160,0.2600,-0.0009,1.1039,0.2753,-0.0112,34.5136,36.7145,0.0208,nan,nan,nan,nan
122.7542,0.0013,0.0007,1.1981,0.0162,0.0142,-0.0156,0.2600,-0.0009,1.1039,0.2753,-0.0037,34.5141,36.7198,0.0241,nan,nan,nan,nan
122.7849,0.0013,0.0007,1.1981,0.0095,0.0133,-0.0161,0.2599,-0.0010,1.1040,0.2753,0.0076,34.5139,36.7263,0.0290,nan,nan,nan,nan
122.8242,0.0013,0.0006,1.1981,0.0030,0.0113,-0.0158,0.2599,-0.0010,1.1039,0.2753,0.0139,34.5104,36.7265,0.0289,nan,nan,nan,nan
122.8511,0.0012,0.0005,1.1981,0.0030,0.0113,-0.0158,0.2599,-0.0010,1.1039,0.2753,0.0158,34.5075,36.7267,0.0267,nan,nan,nan,nan
122.8771,0.0012,0.0005,1.1981,-0.0033,0.0091,-0.0147,0.2599,-0.0011,1.1039,0.2753,0.0158,34.5065,36.7270,0.0255,nan,nan,nan,nan
122.9071,0.0012,0.0005,1.1981,-0.0095,0.0072,-0.0132,0.2598,-0.0011,1.1039,0.2753,0.0146,34.5031,36.7305,0.0199,nan,nan,nan,nan
122.9301,0.0011,0.0004,1.1981,-0.0095,0.0072,-0.0132,0.2598,-0.0012,1.1039,0.2753,0.0121,34.5019,36.7317,0.0150,nan,nan,nan,nan
122.9569,0.0011,0.0004,1.1981,-0.0157,0.0051,-0.0108,0.2598,-0.0012,1.1039,0.2753,0.0053,34.4993,36.7334,0.0109,nan,nan,nan,nan
122.9770,0.0011,0.0004,1.1981,-0.0157,0.0051,-0.0108,0.2598,-0.0013,1.1039,0.2753,0.0032,34.4987,36.7340,0.0107,nan,nan,nan,nan
123.0007,0.0011,0.0004,1.1981,-0.0218,0.0029,-0.0082,0.2597,-0.0013,1.1039,0.2753,-0.0026,34.4979,36.7330,0.0130,nan,nan,nan,nan
123.0337,0.0011,0.0003,1.1981,-0.0280,0.0001,-0.0060,0.2597,-0.0014,1.1039,0.2753,-0.0074,34.4947,36.7285,0.0167,nan,nan,nan,nan
123.0603,0.0010,0.0003,1.1981,-0.0280,0.0001,-0.0060,0.2597,-0.0014,1.1039,0.2753,-0.0114,34.4925,36.7234,0.0206,nan,nan,nan,nan
123.0850,0.0010,0.0002,1.1981,-0.0343,-0.0024,-0.0045,0.2597,-0.0015,1.1039,0.2753,-0.0103,34.4918,36.7195,0.0223,nan,nan,nan,nan
123.1057,0.0010,0.0002,1.1981,-0.0411,-0.0047,-0.0049,0.2597,-0.0015,1.1039,0.2753,-0.0040,34.4913,36.7131,0.0228,nan,nan,nan,nan
123.1418,0.0009,0.0002,1.1981,-0.0481,-0.0071,-0.0061,0.2596,-0.0015,1.1038,0.2753,0.0086,34.4896,36.7040,0.0239,nan,nan,nan,nan
123.1690,0.0009,0.0001,1.1981,-0.0481,-0.0071,-0.0061,0.2596,-0.0015,1.1038,0.2754,0.0137,34.4863,36.6959,0.0224,nan,nan,nan,nan
123.1947,0.0009,0.0001,1.1981,-0.0545,-0.0098,-0.0061,0.2596,-0.0015,1.1038,0.2754,0.0132,34.4839,36.6905,0.0215,nan,nan,nan,nan
123.2192,0.0009,0.0001,1.1981,-0.0602,-0.0120,-0.0046,0.2596,-0.0016,1.1038,0.2754,0.0119,34.4833,36.6847,0.0222,nan,nan,nan,nan
123.2444,0.0008,0.0000,1.1981,-0.0602,-0.0120,-0.0046,0.2596,-0.0016,1.1038,0.2754,0.0164,34.4820,36.6809,0.0225,nan,nan,nan,nan
123.2721,0.0008,0.0000,1.1981,-0.0662,-0.0139,-0.0046,0.2596,-0.0016,1.1037,0.2754,0.0222,34.4797,36.6743,0.0263,nan,nan,nan,nan
123.2972,0.0008,-0.0000,1.1981,-0.0722,-0.0158,-0.0043,0.2595,-0.0016,1.1037,0.2754,0.0234,34.4789,36.6691,0.0298,nan,nan,nan,nan
123.3260,0.0007,-0.0000,1.1981,-0.0768,-0.0173,-0.0031,0.2595,-0.0017,1.1037,0.2755,0.0196,34.4796,36.6589,0.0301,nan,nan,nan,nan
123.3544,0.0007,-0.0001,1.1981,-0.0808,-0.0180,-0.0008,0.2595,-0.0018,1.1037,0.2755,0.0095,34.4820,36.6556,0.0225,nan,nan,nan,nan
123.3791,0.0006,-0.0001,1.1981,-0.0844,-0.0185,0.0017,0.2594,-0.0018,1.1037,0.2755,-0.0017,34.4835,36.6598,0.0098,nan,nan,nan,nan
123.4035,0.0006,-0.0001,1.1981,-0.0844,-0.0185,0.0017,0.2594,-0.0019,1.1037,0.2755,-0.0094,34.4851,36.6619,0.0003,nan,nan,nan,nan
123.4245,0.0006,-0.0001,1.1981,-0.0873,-0.0190,0.0037,0.2594,-0.0019,1.1037,0.2754,-0.0124,34.4854,36.6621,-0.0031,nan,nan,nan,nan
123.4508,0.0006,-0.0001,1.1981,-0.0895,-0.0199,0.0058,0.2593,-0.0020,1.1037,0.2755,-0.0247,34.4860,36.6597,-0.0171,nan,nan,nan,nan
123.4750,0.0005,-0.0001,1.1981,-0.0917,-0.0209,0.0072,0.2593,-0.0020,1.1037,0.2755,-0.0330,34.4850,36.6571,-0.0227,nan,nan,nan,nan
123.4961,0.0005,-0.0001,1.1981,-0.0917,-0.0209,0.0072,0.2593,-0.0020,1.1037,0.2755,-0.0391,34.4868,36.6579,-0.0231,nan,nan,nan,nan
123.5233,0.0004,-0.0002,1.1981,-0.0939,-0.0212,0.0085,0.2592,-0.0021,1.1037,0.2755,-0.0414,34.4872,36.6597,-0.0248,nan,nan,nan,nan
123.5496,0.0004,-0.0002,1.1980,-0.0960,-0.0213,0.0090,0.2592,-0.0021,1.1037,0.2754,-0.0428,34.4890,36.6612,-0.0268,nan,nan,nan,nan
123.5733,0.0004,-0.0002,1.1980,-0.0977,-0.0213,0.0094,0.2592,-0.0021,1.1037,0.2754,-0.0434,34.4914,36.6650,-0.0318,nan,nan,nan,nan
123.5990,0.0003,-0.0002,1.1980,-0.0977,-0.0213,0.0094,0.2591,-0.0021,1.1038,0.2754,-0.0413,34.4945,36.6668,-0.0341,nan,nan,nan,nan
123.6207,0.0003,-0.0002,1.1980,-0.0994,-0.0208,0.0092,0.2591,-0.0021,1.1038,0.2754,-0.0399,34.4958,36.6671,-0.0351,nan,nan,nan,nan
123.6437,0.0003,-0.0002,1.1980,-0.1010,-0.0201,0.0083,0.2590,-0.0020,1.1038,0.2754,-0.0327,34.4993,36.6721,-0.0357,nan,nan,nan,nan
123.6709,0.0002,-0.0001,1.1980,-0.1010,-0.0201,0.0083,0.2590,-0.0020,1.1038,0.2754,-0.0310,34.5018,36.6739,-0.0378,nan,nan,nan,nan
123.6939,0.0002,-0.0001,1.1980,-0.1012,-0.0197,0.0078,0.2590,-0.0020,1.1038,0.2754,-0.0314,34.5023,36.6745,-0.0391,nan,nan,nan,nan
123.7189,0.0002,-0.0001,1.1980,-0.1008,-0.0198,0.0084,0.2589,-0.0020,1.1038,0.2754,-0.0368,34.5028,36.6794,-0.0443,nan,nan,nan,nan
123.7469,0.0001,-0.0001,1.1980,-0.1002,-0.0202,0.0085,0.2589,-0.0020,1.1038,0.2754,-0.0364,34.5008,36.6841,-0.0495,nan,nan,nan,nan
123.7811,0.0001,-0.0001,1.1980,-0.0997,-0.0206,0.0081,0.2588,-0.0020,1.1038,0.2754,-0.0336,34.4984,36.6885,-0.0533,nan,nan,nan,nan
123.8083,0.0000,-0.0000,1.1980,-0.0982,-0.0208,0.0074,0.2588,-0.0019,1.1038,0.2754,-0.0324,34.4965,36.6909,-0.0539,nan,nan,nan,nan
123.8329,-0.0000,-0.0000,1.1980,-0.0963,-0.0205,0.0072,0.2587,-0.0019,1.1038,0.2754,-0.0342,34.4966,36.6947,-0.0570,nan,nan,nan,nan
123.8622,-0.0001,0.0000,1.1980,-0.0935,-0.0196,0.0081,0.2586,-0.0019,1.1038,0.2753,-0.0420,34.4990,36.6997,-0.0652,nan,nan,nan,nan
123.8929,-0.0002,0.0001,1.1980,-0.0899,-0.0187,0.0083,0.2586,-0.0019,1.1039,0.2753,-0.0505,34.5000,36.7080,-0.0743,nan,nan,nan,nan
123.9219,-0.0002,0.0001,1.1980,-0.0859,-0.0177,0.0086,0.2585,-0.0019,1.1039,0.2753,-0.0582,34.5003,36.7188,-0.0773,nan,nan,nan,nan
123.9532,-0.0003,0.0002,1.1980,-0.0814,-0.0168,0.0093,0.2584,-0.0018,1.1039,0.2753,-0.0669,34.5017,36.7253,-0.0815,nan,nan,nan,nan
123.9887,-0.0003,0.0002,1.1980,-0.0770,-0.0162,0.0089,0.2584,-0.0018,1.1039,0.2753,-0.0688,34.5014,36.7299,-0.0935,nan,nan,nan,nan
124.0155,-0.0004,0.0003,1.1980,-0.0725,-0.0158,0.0085,0.2583,-0.0017,1.1039,0.2753,-0.0705,34.5003,36.7307,-0.1138,nan,nan,nan,nan
124.0467,-0.0004,0.0004,1.1980,-0.0681,-0.0156,0.0073,0.2582,-0.0016,1.1039,0.2753,-0.0674,34.4996,36.7302,-0.1395,nan,nan,nan,nan
124.0718,-0.0005,0.0004,1.1980,-0.0633,-0.0156,0.0060,0.2582,-0.0016,1.1039,0.2753,-0.0632,34.4990,36.7284,-0.1568,nan,nan,nan,nan
124.0943,-0.0006,0.0005,1.1980,-0.0633,-0.0156,0.0060,0.2581,-0.0015,1.1039,0.2753,-0.0592,34.4983,36.7252,-0.1613,nan,nan,nan,nan
124.1188,-0.0006,0.0005,1.1980,-0.0585,-0.0158,0.0041,0.2581,-0.0014,1.1038,0.2753,-0.0565,34.4974,36.7206,-0.1656,nan,nan,nan,nan
124.1429,-0.0006,0.0006,1.1980,-0.0520,-0.0162,0.0042,0.2581,-0.0014,1.1038,0.2753,-0.0628,34.4968,36.7152,-0.1693,nan,nan,nan,nan
124.1630,-0.0007,0.0006,1.1980,-0.0520,-0.0162,0.0042,0.2580,-0.0014,1.1038,0.2753,-0.0700,34.4968,36.7085,-0.1726,nan,nan,nan,nan
124.1861,-0.0007,0.0006,1.1980,-0.0453,-0.0165,0.0047,0.2580,-0.0014,1.1038,0.2753,-0.0715,34.4964,36.7060,-0.1742,nan,nan,nan,nan
124.2159,-0.0008,0.0007,1.1980,-0.0390,-0.0168,0.0035,0.2580,-0.0013,1.1038,0.2754,-0.0699,34.4935,36.7001,-0.1749,nan,nan,nan,nan
124.2447,-0.0008,0.0008,1.1980,-0.0333,-0.0165,0.0013,0.2579,-0.0012,1.1037,0.2754,-0.0618,34.4908,36.6965,-0.1740,nan,nan,nan,nan
124.2710,-0.0009,0.0008,1.1980,-0.0281,-0.0153,-0.0009,0.2579,-0.0011,1.1037,0.2754,-0.0510,34.4909,36.6916,-0.1714,nan,nan,nan,nan
124.2944,-0.0009,0.0009,1.1980,-0.0281,-0.0153,-0.0009,0.2578,-0.0010,1.1037,0.2754,-0.0456,34.4914,36.6888,-0.1675,nan,nan,nan,nan
124.3153,-0.0010,0.0010,1.1980,-0.0231,-0.0137,-0.0027,0.2578,-0.0009,1.1037,0.2754,-0.0349,34.4922,36.6850,-0.1530,nan,nan,nan,nan
124.3406,-0.0010,0.0010,1.1980,-0.0183,-0.0119,-0.0048,0.2577,-0.0008,1.1037,0.2754,-0.0283,34.4921,36.6854,-0.1466,nan,nan,nan,nan
124.3666,-0.0011,0.0010,1.1980,-0.0183,-0.0119,-0.0048,0.2577,-0.0007,1.1037,0.2754,-0.0212,34.4909,36.6862,-0.1397,nan,nan,nan,nan
124.3889,-0.0011,0.0011,1.1980,-0.0138,-0.0101,-0.0072,0.2576,-0.0006,1.1037,0.2754,-0.0140,34.4896,36.6882,-0.1337,nan,nan,nan,nan
124.4164,-0.0012,0.0011,1.1980,-0.0088,-0.0079,-0.0088,0.2576,-0.0006,1.1037,0.2754,-0.0052,34.4890,36.6877,-0.1301,nan,nan,nan,nan
124.4392,-0.0012,0.0012,1.1980,-0.0088,-0.0079,-0.0088,0.2575,-0.0005,1.1037,0.2754,-0.0039,34.4888,36.6885,-0.1299,nan,nan,nan,nan
124.4651,-0.0012,0.0012,1.1980,-0.0031,-0.0054,-0.0098,0.2575,-0.0005,1.1036,0.2754,-0.0036,34.4888,36.6881,-0.1309,nan,nan,nan,nan
124.4949,-0.0013,0.0013,1.1980,0.0028,-0.0030,-0.0104,0.2574,-0.0004,1.1036,0.2754,-0.0044,34.4870,36.6873,-0.1338,nan,nan,nan,nan
124.5205,-0.0014,0.0014,1.1980,0.0080,-0.0003,-0.0107,0.2574,-0.0003,1.1036,0.2754,-0.0037,34.4858,36.6895,-0.1358,nan,nan,nan,nan
124.5447,-0.0014,0.0014,1.1980,0.0080,-0.0003,-0.0107,0.2573,-0.0002,1.1036,0.2754,-0.0031,34.4849,36.6909,-0.1400,nan,nan,nan,nan
124.5658,-0.0015,0.0015,1.1980,0.0126,0.0027,-0.0108,0.2573,-0.0002,1.1036,0.2754,-0.0035,34.4847,36.6906,-0.1448,nan,nan,nan,nan
124.5895,-0.0015,0.0015,1.1980,0.0171,0.0058,-0.0103,0.2572,-0.0001,1.1036,0.2754,-0.0059,34.4837,36.6879,-0.1503,nan,nan,nan,nan
124.6198,-0.0016,0.0016,1.1980,0.0210,0.0086,-0.0102,0.2572,-0.0001,1.1035,0.2754,-0.0081,34.4808,36.6826,-0.1565,nan,nan,nan,nan
124.6554,-0.0016,0.0017,1.1980,0.0255,0.0115,-0.0086,0.2571,-0.0000,1.1035,0.2754,-0.0184,34.4773,36.6762,-0.1686,nan,nan,nan,nan
124.6833,-0.0017,0.0017,1.1980,0.0255,0.0115,-0.0086,0.2571,0.0000,1.1035,0.2754,-0.0318,34.4750,36.6734,-0.1800,nan,nan,nan,nan
124.7115,-0.0017,0.0018,1.1980,0.0299,0.0149,-0.0057,0.2570,0.0000,1.1035,0.2754,-0.0404,34.4745,36.6736,-0.1885,nan,nan,nan,nan
124.7352,-0.0017,0.0018,1.1980,0.0339,0.0190,-0.0037,0.2570,0.0000,1.1034,0.2754,-0.0507,34.4750,36.6742,-0.1989,nan,nan,nan,nan
124.7724,-0.0018,0.0019,1.1980,0.0368,0.0236,-0.0027,0.2569,0.0001,1.1034,0.2754,-0.0570,34.4775,36.6737,-0.2021,nan,nan,nan,nan
124.7948,-0.0019,0.0020,1.1980,0.0368,0.0236,-0.0027,0.2568,0.0002,1.1034,0.2754,-0.0543,34.4787,36.6749,-0.2066,nan,nan,nan,nan
124.8163,-0.0019,0.0020,1.1980,0.0384,0.0280,-0.0035,0.2568,0.0002,1.1034,0.2754,-0.0498,34.4782,36.6757,-0.2087,nan,nan,nan,nan
124.8487,-0.0019,0.0020,1.1980,0.0388,0.0321,-0.0047,0.2568,0.0003,1.1034,0.2754,-0.0410,34.4783,36.6761,-0.2091,nan,nan,nan,nan
124.8707,-0.0020,0.0021,1.1980,0.0388,0.0321,-0.0047,0.2567,0.0004,1.1034,0.2754,-0.0350,34.4782,36.6766,-0.2085,nan,nan,nan,nan
124.8951,-0.0020,0.0021,1.1980,0.0388,0.0359,-0.0062,0.2566,0.0005,1.1034,0.2754,-0.0224,34.4779,36.6724,-0.2073,nan,nan,nan,nan
124.9195,-0.0021,0.0022,1.1980,0.0388,0.0394,-0.0073,0.2566,0.0005,1.1034,0.2754,-0.0175,34.4783,36.6704,-0.2065,nan,nan,nan,nan
124.9472,-0.0021,0.0022,1.1980,0.0385,0.0432,-0.0088,0.2566,0.0006,1.1033,0.2755,-0.0082,34.4812,36.6652,-0.2040,nan,nan,nan,nan
124.9701,-0.0022,0.0023,1.1980,0.0380,0.0467,-0.0108,0.2565,0.0007,1.1033,0.2755,0.0054,34.4835,36.6607,-0.1999,nan,nan,nan,nan
124.9938,-0.0022,0.0023,1.1980,0.0375,0.0498,-0.0125,0.2565,0.0008,1.1033,0.2755,0.0176,34.4847,36.6591,-0.1968,nan,nan,nan,nan
125.0154,-0.0022,0.0024,1.1980,0.0375,0.0498,-0.0125,0.2564,0.0009,1.1033,0.2755,0.0287,34.4836,36.6597,-0.1917,nan,nan,nan,nan
125.0380,-0.0023,0.0024,1.1980,0.0368,0.0521,-0.0142,0.2564,0.0009,1.1033,0.2755,0.0320,34.4830,36.6597,-0.1914,nan,nan,nan,nan
125.0728,-0.0023,0.0024,1.1980,0.0366,0.0544,-0.0145,0.2564,0.0010,1.1033,0.2755,0.0375,34.4838,36.6578,-0.1920,nan,nan,nan,nan
125.1007,-0.0024,0.0025,1.1980,0.0367,0.0559,-0.0134,0.2563,0.0010,1.1033,0.2755,0.0348,34.4824,36.6556,-0.1908,nan,nan,nan,nan
125.1383,-0.0024,0.0025,1.1980,0.0369,0.0574,-0.0117,0.2563,0.0011,1.1033,0.2755,0.0296,34.4819,36.6559,-0.1817,nan,nan,nan,nan
125.1664,-0.0024,0.0026,1.1980,0.0369,0.0574,-0.0117,0.2562,0.0011,1.1033,0.2755,0.0276,34.4815,36.6581,-0.1786,nan,nan,nan,nan
125.1924,-0.0024,0.0026,1.1980,0.0370,0.0587,-0.0102,0.2562,0.0011,1.1033,0.2755,0.0243,34.4813,36.6607,-0.1753,nan,nan,nan,nan
125.2248,-0.0025,0.0026,1.1980,0.0370,0.0598,-0.0086,0.2562,0.0011,1.1033,0.2754,0.0204,34.4805,36.6642,-0.1724,nan,nan,nan,nan
125.2600,-0.0025,0.0027,1.1980,0.0387,0.0609,-0.0048,0.2561,0.0011,1.1033,0.2754,-0.0004,34.4819,36.6682,-0.1707,nan,nan,nan,nan
125.2839,-0.0025,0.0027,1.1980,0.0387,0.0609,-0.0048,0.2561,0.0011,1.1033,0.2754,-0.0280,34.4848,36.6684,-0.1676,nan,nan,nan,nan
125.3043,-0.0025,0.0028,1.1980,0.0418,0.0618,0.0014,0.2561,0.0010,1.1033,0.2754,-0.0385,34.4861,36.6682,-0.1657,nan,nan,nan,nan
125.3285,-0.0026,0.0028,1.1980,0.0457,0.0623,0.0080,0.2561,0.0009,1.1033,0.2754,-0.0818,34.4908,36.6613,-0.1583,nan,nan,nan,nan
125.3488,-0.0026,0.0029,1.1980,0.0491,0.0621,0.0137,0.2561,0.0008,1.1033,0.2755,-0.1190,34.4929,36.6544,-0.1527,nan,nan,nan,nan
125.3766,-0.0026,0.0029,1.1980,0.0511,0.0616,0.0171,0.2561,0.0008,1.1033,0.2755,-0.1413,34.4936,36.6537,-0.1496,nan,nan,nan,nan
125.4070,-0.0026,0.0029,1.1980,0.0514,0.0609,0.0180,0.2560,0.0008,1.1033,0.2754,-0.1461,34.4937,36.6560,-0.1465,nan,nan,nan,nan
125.4382,-0.0026,0.0030,1.1980,0.0512,0.0604,0.0169,0.2560,0.0009,1.1033,0.2754,-0.1404,34.4954,36.6601,-0.1400,nan,nan,nan,nan
125.4596,-0.0026,0.0030,1.1980,0.0512,0.0604,0.0169,0.2560,0.0009,1.1033,0.2754,-0.1351,34.4965,36.6611,-0.1378,nan,nan,nan,nan
125.4884,-0.0026,0.0030,1.1980,0.0512,0.0595,0.0156,0.2560,0.0010,1.1033,0.2754,-0.1326,34.4966,36.6626,-0.1339,nan,nan,nan,nan
125.5202,-0.0027,0.0030,1.1980,0.0516,0.0583,0.0153,0.2560,0.0010,1.1033,0.2754,-0.1323,34.4962,36.6685,-0.1264,nan,nan,nan,nan
125.5559,-0.0027,0.0031,1.1980,0.0537,0.0565,0.0163,0.2560,0.0010,1.1034,0.2754,-0.1435,34.4952,36.6730,-0.1187,nan,nan,nan,nan
125.5876,-0.0027,0.0031,1.1980,0.0570,0.0547,0.0185,0.2560,0.0009,1.1034,0.2754,-0.1659,34.4944,36.6780,-0.1209,nan,nan,nan,nan
125.6089,-0.0027,0.0031,1.1980,0.0570,0.0547,0.0185,0.2560,0.0009,1.1034,0.2754,-0.1777,34.4933,36.6807,-0.1248,nan,nan,nan,nan
125.6348,-0.0027,0.0031,1.1980,0.0602,0.0524,0.0206,0.2560,0.0008,1.1034,0.2754,-0.1954,34.4899,36.6855,-0.1321,nan,nan,nan,nan
125.6628,-0.0027,0.0031,1.1980,0.0626,0.0499,0.0212,0.2560,0.0008,1.1034,0.2754,-0.2000,34.4885,36.6867,-0.1354,nan,nan,nan,nan
125.6893,-0.0027,0.0032,1.1980,0.0626,0.0499,0.0212,0.2560,0.0008,1.1034,0.2754,-0.2036,34.4870,36.6875,-0.1386,nan,nan,nan,nan
125.7159,-0.0027,0.0032,1.1980,0.0645,0.0475,0.0208,0.2560,0.0008,1.1034,0.2754,-0.2106,34.4859,36.6892,-0.1431,nan,nan,nan,nan
125.7446,-0.0027,0.0032,1.1980,0.0666,0.0453,0.0204,0.2560,0.0008,1.1034,0.2754,-0.2159,34.4869,36.6897,-0.1476,nan,nan,nan,nan
125.7697,-0.0026,0.0032,1.1980,0.0666,0.0453,0.0204,0.2560,0.0008,1.1034,0.2754,-0.2213,34.4887,36.6894,-0.1515,nan,nan,nan,nan
125.7955,-0.0026,0.0032,1.1980,0.0689,0.0435,0.0202,0.2560,0.0008,1.1035,0.2754,-0.2299,34.4933,36.6911,-0.1522,nan,nan,nan,nan
125.8223,-0.0026,0.0032,1.1980,0.0711,0.0417,0.0192,0.2560,0.0008,1.1035,0.2754,-0.2329,34.4956,36.6908,-0.1517,nan,nan,nan,nan
125.8473,-0.0026,0.0032,1.1980,0.0728,0.0394,0.0167,0.2560,0.0008,1.1035,0.2754,-0.2322,34.4995,36.6864,-0.1516,nan,nan,nan,nan
125.8734,-0.0026,0.0032,1.1980,0.0728,0.0394,0.0167,0.2560,0.0008,1.1035,0.2754,-0.2316,34.4997,36.6844,-0.1493,nan,nan,nan,nan
125.9012,-0.0026,0.0032,1.1980,0.0749,0.0366,0.0146,0.2560,0.0007,1.1035,0.2754,-0.2340,34.5005,36.6829,-0.1447,nan,nan,nan,nan
125.9294,-0.0026,0.0032,1.1980,0.0778,0.0339,0.0135,0.2560,0.0007,1.1035,0.2754,-0.2429,34.5021,36.6789,-0.1333,nan,nan,nan,nan
125.9547,-0.0026,0.0032,1.1980,0.0805,0.0313,0.0118,0.2561,0.0007,1.1035,0.2754,-0.2475,34.5047,36.6739,-0.1176,nan,nan,nan,nan
125.9761,-0.0026,0.0032,1.1980,0.0805,0.0313,0.0118,0.2561,0.0007,1.1035,0.2754,-0.2483,34.5070,36.6678,-0.1115,nan,nan,nan,nan
125.9999,-0.0026,0.0032,1.1980,0.0832,0.0284,0.0094,0.2561,0.0007,1.1035,0.2754,-0.2491,34.5062,36.6650,-0.1125,nan,nan,nan,nan
126.0270,-0.0026,0.0032,1.1980,0.0856,0.0251,0.0063,0.2561,0.0007,1.1035,0.2754,-0.2444,34.5032,36.6665,-0.1198,nan,nan,nan,nan
126.0490,-0.0025,0.0032,1.1980,0.0879,0.0214,0.0024,0.2562,0.0006,1.1036,0.2754,-0.2416,34.5018,36.6675,-0.1232,nan,nan,nan,nan
126.0734,-0.0025,0.0032,1.1980,0.0900,0.0175,-0.0023,0.2562,0.0007,1.1036,0.2754,-0.2317,34.4993,36.6680,-0.1273,nan,nan,nan,nan
126.0959,-0.0025,0.0031,1.1980,0.0900,0.0175,-0.0023,0.2562,0.0007,1.1036,0.2754,-0.2255,34.4973,36.6687,-0.1237,nan,nan,nan,nan
126.1227,-0.0025,0.0031,1.1980,0.0922,0.0134,-0.0067,0.2562,0.0006,1.1036,0.2754,-0.2240,34.4964,36.6686,-0.1224,nan,nan,nan,nan
126.1477,-0.0025,0.0031,1.1980,0.0945,0.0090,-0.0106,0.2562,0.0006,1.1036,0.2754,-0.2198,34.4922,36.6659,-0.1147,nan,nan,nan,nan
126.1695,-0.0025,0.0031,1.1980,0.0945,0.0090,-0.0106,0.2563,0.0006,1.1036,0.2754,-0.2164,34.4903,36.6635,-0.1078,nan,nan,nan,nan
126.1908,-0.0025,0.0031,1.1980,0.0965,0.0047,-0.0151,0.2563,0.0006,1.1036,0.2754,-0.2105,34.4862,36.6613,-0.0990,nan,nan,nan,nan
126.2113,-0.0024,0.0030,1.1980,0.0985,0.0004,-0.0195,0.2563,0.0006,1.1035,0.2755,-0.2065,34.4824,36.6575,-0.0944,nan,nan,nan,nan
126.2326,-0.0024,0.0030,1.1980,0.0985,0.0004,-0.0195,0.2563,0.0006,1.1035,0.2755,-0.2002,34.4799,36.6523,-0.0947,nan,nan,nan,nan
126.2557,-0.0024,0.0030,1.1980,0.0999,-0.0034,-0.0244,0.2563,0.0006,1.1035,0.2755,-0.1942,34.4787,36.6515,-0.0926,nan,nan,nan,nan
126.2791,-0.0024,0.0029,1.1980,0.1004,-0.0064,-0.0294,0.2564,0.0006,1.1035,0.2755,-0.1837,34.4776,36.6504,-0.0886,nan,nan,nan,nan
126.3078,-0.0024,0.0029,1.1980,0.1002,-0.0092,-0.0350,0.2564,0.0005,1.1035,0.2755,-0.1673,34.4756,36.6470,-0.0882,nan,nan,nan,nan
126.3347,-0.0024,0.0028,1.1980,0.0995,-0.0119,-0.0410,0.2564,0.0005,1.1035,0.2755,-0.1484,34.4725,36.6423,-0.0869,nan,nan,nan,nan
126.3574,-0.0024,0.0028,1.1980,0.0995,-0.0119,-0.0410,0.2564,0.0006,1.1035,0.2755,-0.1360,34.4705,36.6412,-0.0842,nan,nan,nan,nan
126.3847,-0.0023,0.0027,1.1980,0.0973,-0.0141,-0.0477,0.2564,0.0006,1.1035,0.2755,-0.1135,34.4686,36.6402,-0.0850,nan,nan,nan,nan
126.4156,-0.0023,0.0027,1.1980,0.0935,-0.0155,-0.0558,0.2565,0.0006,1.1035,0.2755,-0.0835,34.4677,36.6411,-0.0890,nan,nan,nan,nan
126.4418,-0.0023,0.0026,1.1980,0.0935,-0.0155,-0.0558,0.2565,0.0007,1.1035,0.2755,-0.0594,34.4669,36.6422,-0.0910,nan,nan,nan,nan
126.4685,-0.0023,0.0026,1.1980,0.0878,-0.0164,-0.0654,0.2565,0.0007,1.1035,0.2755,-0.0187,34.4660,36.6430,-0.0902,nan,nan,nan,nan
126.4931,-0.0023,0.0025,1.1980,0.0806,-0.0165,-0.0760,0.2565,0.0008,1.1036,0.2755,0.0271,34.4662,36.6444,-0.0922,nan,nan,nan,nan
126.5208,-0.0023,0.0024,1.1981,0.0722,-0.0158,-0.0863,0.2565,0.0009,1.1036,0.2755,0.0877,34.4691,36.6413,-0.0971,nan,nan,nan,nan
126.5554,-0.0023,0.0023,1.1981,0.0641,-0.0153,-0.0944,0.2565,0.0010,1.1035,0.2755,0.1372,34.4715,36.6325,-0.1000,nan,nan,nan,nan
126.5909,-0.0023,0.0022,1.1981,0.0563,-0.0151,-0.1002,0.2565,0.0010,1.1035,0.2755,0.1740,34.4706,36.6244,-0.0978,nan,nan,nan,nan
126.6201,-0.0023,0.0021,1.1981,0.0491,-0.0149,-0.1039,0.2566,0.0010,1.1035,0.2756,0.1938,34.4684,36.6204,-0.1004,nan,nan,nan,nan
126.6561,-0.0022,0.0020,1.1981,0.0413,-0.0138,-0.1054,0.2566,0.0010,1.1035,0.2756,0.2063,34.4690,36.6159,-0.1066,nan,nan,nan,nan
126.6853,-0.0022,0.0019,1.1981,0.0323,-0.0124,-0.1077,0.2566,0.0009,1.1035,0.2756,0.2239,34.4700,36.6126,-0.1124,nan,nan,nan,nan
126.7209,-0.0022,0.0018,1.1981,0.0217,-0.0108,-0.1099,0.2566,0.0009,1.1035,0.2756,0.2450,34.4698,36.6100,-0.1213,nan,nan,nan,nan
126.7425,-0.0022,0.0018,1.1981,0.0217,-0.0108,-0.1099,0.2566,0.0009,1.1035,0.2756,0.2539,34.4696,36.6093,-0.1242,nan,nan,nan,nan
126.7656,-0.0022,0.0017,1.1981,0.0107,-0.0087,-0.1111,0.2566,0.0008,1.1035,0.2756,0.2632,34.4696,36.6098,-0.1235,nan,nan,nan,nan
126.7868,-0.0022,0.0016,1.1981,-0.0004,-0.0064,-0.1104,0.2566,0.0007,1.1035,0.2756,0.2642,34.4699,36.6093,-0.1210,nan,nan,nan,nan
126.8216,-0.0022,0.0016,1.1981,-0.0117,-0.0042,-0.1082,0.2566,0.0006,1.1035,0.2756,0.2613,34.4691,36.6097,-0.1181,nan,nan,nan,nan
126.8568,-0.0022,0.0015,1.1981,-0.0238,-0.0016,-0.1043,0.2566,0.0005,1.1035,0.2756,0.2515,34.4693,36.6074,-0.1222,nan,nan,nan,nan
126.8830,-0.0022,0.0014,1.1981,-0.0238,-0.0016,-0.1043,0.2566,0.0004,1.1035,0.2756,0.2382,34.4687,36.6048,-0.1247,nan,nan,nan,nan
126.9112,-0.0022,0.0014,1.1982,-0.0352,0.0009,-0.0992,0.2566,0.0003,1.1035,0.2756,0.2263,34.4689,36.6011,-0.1276,nan,nan,nan,nan
126.9341,-0.0022,0.0013,1.1982,-0.0465,0.0033,-0.0929,0.2567,0.0001,1.1035,0.2756,0.2065,34.4681,36.5977,-0.1363,nan,nan,nan,nan
126.9592,-0.0022,0.0012,1.1982,-0.0589,0.0064,-0.0864,0.2567,-0.0000,1.1034,0.2756,0.1819,34.4686,36.5945,-0.1420,nan,nan,nan,nan
126.9964,-0.0021,0.0011,1.1982,-0.0714,0.0100,-0.0799,0.2567,-0.0002,1.1034,0.2756,0.1579,34.4711,36.5932,-0.1462,nan,nan,nan,nan
127.0229,-0.0021,0.0011,1.1982,-0.0714,0.0100,-0.0799,0.2567,-0.0003,1.1034,0.2756,0.1453,34.4729,36.5928,-0.1466,nan,nan,nan,nan
127.0470,-0.0021,0.0010,1.1982,-0.0846,0.0136,-0.0749,0.2567,-0.0004,1.1034,0.2756,0.1409,34.4738,36.5907,-0.1491,nan,nan,nan,nan
127.0715,-0.0021,0.0010,1.1982,-0.0993,0.0171,-0.0712,0.2567,-0.0005,1.1034,0.2756,0.1384,34.4747,36.5862,-0.1523,nan,nan,nan,nan
127.1009,-0.0021,0.0009,1.1982,-0.0993,0.0171,-0.0712,0.2567,-0.0005,1.1034,0.2756,0.1355,34.4755,36.5848,-0.1565,nan,nan,nan,nan
127.1225,-0.0021,0.0009,1.1982,-0.1139,0.0209,-0.0674,0.2567,-0.0006,1.1034,0.2756,0.1338,34.4757,36.5848,-0.1579,nan,nan,nan,nan
127.1542,-0.0021,0.0009,1.1982,-0.1139,0.0209,-0.0674,0.2567,-0.0006,1.1034,0.2756,0.1299,34.4768,36.5853,-0.1585,nan,nan,nan,nan
127.1746,-0.0021,0.0008,1.1982,-0.1284,0.0249,-0.0633,0.2567,-0.0007,1.1034,0.2756,0.1275,34.4774,36.5872,-0.1570,nan,nan,nan,nan
127.1993,-0.0021,0.0008,1.1982,-0.1284,0.0249,-0.0633,0.2567,-0.0007,1.1034,0.2756,0.1251,34.4783,36.5933,-0.1550,nan,nan,nan,nan
127.2225,-0.0021,0.0008,1.1982,-0.1429,0.0291,-0.0597,0.2567,-0.0008,1.1035,0.2756,0.1244,34.4788,36.5950,-0.1552,nan,nan,nan,nan
127.2562,-0.0021,0.0007,1.1982,-0.1565,0.0331,-0.0565,0.2567,-0.0008,1.1035,0.2756,0.1203,34.4807,36.5969,-0.1591,nan,nan,nan,nan
127.2930,-0.0021,0.0007,1.1982,-0.1694,0.0365,-0.0534,0.2567,-0.0009,1.1035,0.2756,0.1164,34.4802,36.5991,-0.1667,nan,nan,nan,nan
127.3257,-0.0020,0.0006,1.1983,-0.1812,0.0395,-0.0497,0.2567,-0.0010,1.1035,0.2756,0.1077,34.4796,36.6037,-0.1755,nan,nan,nan,nan
127.3605,-0.0020,0.0006,1.1983,-0.1920,0.0425,-0.0462,0.2567,-0.0011,1.1035,0.2756,0.0990,34.4802,36.6070,-0.1828,nan,nan,nan,nan
127.3863,-0.0020,0.0006,1.1983,-0.1920,0.0425,-0.0462,0.2567,-0.0011,1.1035,0.2756,0.0946,34.4805,36.6071,-0.1877,nan,nan,nan,nan
127.4115,-0.0020,0.0006,1.1983,-0.2020,0.0449,-0.0426,0.2567,-0.0011,1.1035,0.2756,0.0850,34.4789,36.6049,-0.1924,nan,nan,nan,nan
127.4473,-0.0020,0.0006,1.1983,-0.2100,0.0465,-0.0380,0.2568,-0.0012,1.1034,0.2756,0.0699,34.4781,36.6010,-0.1965,nan,nan,nan,nan
127.4804,-0.0019,0.0006,1.1983,-0.2164,0.0477,-0.0332,0.2568,-0.0013,1.1034,0.2756,0.0478,34.4766,36.5975,-0.2048,nan,nan,nan,nan
127.5053,-0.0019,0.0006,1.1983,-0.2228,0.0490,-0.0306,0.2568,-0.0013,1.1034,0.2756,0.0392,34.4757,36.5977,-0.2126,nan,nan,nan,nan
127.5363,-0.0019,0.0006,1.1983,-0.2287,0.0499,-0.0296,0.2569,-0.0013,1.1034,0.2756,0.0395,34.4744,36.5964,-0.2178,nan,nan,nan,nan
127.5634,-0.0019,0.0006,1.1983,-0.2331,0.0504,-0.0292,0.2569,-0.0013,1.1034,0.2756,0.0411,34.4723,36.5933,-0.2220,nan,nan,nan,nan
127.5998,-0.0018,0.0007,1.1983,-0.2358,0.0507,-0.0282,0.2569,-0.0013,1.1034,0.2756,0.0366,34.4711,36.5911,-0.2208,nan,nan,nan,nan
127.6211,-0.0018,0.0007,1.1983,-0.2358,0.0507,-0.0282,0.2570,-0.0013,1.1034,0.2756,0.0337,34.4725,36.5882,-0.2212,nan,nan,nan,nan
127.6412,-0.0018,0.0008,1.1983,-0.2372,0.0513,-0.0270,0.2570,-0.0012,1.1034,0.2756,0.0305,34.4742,36.5844,-0.2232,nan,nan,nan,nan
127.6629,-0.0018,0.0008,1.1983,-0.2367,0.0512,-0.0258,0.2570,-0.0012,1.1034,0.2756,0.0207,34.4753,36.5780,-0.2238,nan,nan,nan,nan
127.6841,-0.0017,0.0009,1.1983,-0.2367,0.0512,-0.0258,0.2571,-0.0012,1.1034,0.2757,0.0089,34.4741,36.5714,-0.2217,nan,nan,nan,nan
127.7082,-0.0017,0.0009,1.1983,-0.2343,0.0504,-0.0239,0.2571,-0.0012,1.1034,0.2757,-0.0054,34.4754,36.5646,-0.2208,nan,nan,nan,nan
127.7329,-0.0016,0.0010,1.1983,-0.2306,0.0497,-0.0229,0.2571,-0.0011,1.1034,0.2757,-0.0125,34.4759,36.5595,-0.2236,nan,nan,nan,nan
127.7531,-0.0016,0.0011,1.1983,-0.2261,0.0485,-0.0231,0.2572,-0.0011,1.1034,0.2757,-0.0139,34.4756,36.5551,-0.2261,nan,nan,nan,nan
127.7876,-0.0016,0.0012,1.1984,-0.2209,0.0467,-0.0243,0.2572,-0.0010,1.1033,0.2757,-0.0148,34.4736,36.5477,-0.2361,nan,nan,nan,nan
127.8188,-0.0015,0.0013,1.1984,-0.2137,0.0444,-0.0249,0.2573,-0.0009,1.1033,0.2757,-0.0222,34.4703,36.5435,-0.2427,nan,nan,nan,nan
127.8417,-0.0015,0.0014,1.1984,-0.2137,0.0444,-0.0249,0.2573,-0.0009,1.1033,0.2757,-0.0272,34.4682,36.5426,-0.2404,nan,nan,nan,nan
127.8670,-0.0015,0.0014,1.1984,-0.2046,0.0416,-0.0250,0.2574,-0.0008,1.1033,0.2757,-0.0384,34.4658,36.5394,-0.2346,nan,nan,nan,nan
127.8913,-0.0014,0.0016,1.1984,-0.1939,0.0384,-0.0244,0.2574,-0.0008,1.1033,0.2757,-0.0528,34.4624,36.5363,-0.2297,nan,nan,nan,nan
127.9297,-0.0014,0.0017,1.1984,-0.1819,0.0352,-0.0245,0.2575,-0.0007,1.1033,0.2757,-0.0687,34.4576,36.5387,-0.2202,nan,nan,nan,nan
127.9511,-0.0013,0.0018,1.1984,-0.1819,0.0352,-0.0245,0.2575,-0.0006,1.1033,0.2757,-0.0787,34.4564,36.5411,-0.2130,nan,nan,nan,nan
127.9731,-0.0013,0.0019,1.1984,-0.1692,0.0323,-0.0250,0.2575,-0.0005,1.1033,0.2757,-0.0860,34.4563,36.5425,-0.2095,nan,nan,nan,nan
127.9999,-0.0013,0.0020,1.1984,-0.1552,0.0295,-0.0252,0.2576,-0.0004,1.1033,0.2757,-0.0986,34.4565,36.5450,-0.2062,nan,nan,nan,nan
128.0234,-0.0012,0.0021,1.1984,-0.1552,0.0295,-0.0252,0.2576,-0.0004,1.1034,0.2757,-0.1112,34.4572,36.5466,-0.1981,nan,nan,nan,nan
128.0444,-0.0012,0.0023,1.1984,-0.1402,0.0264,-0.0256,0.2577,-0.0002,1.1034,0.2757,-0.1161,34.4580,36.5487,-0.1945,nan,nan,nan,nan
128.0696,-0.0011,0.0024,1.1984,-0.1253,0.0237,-0.0286,0.2577,-0.0001,1.1034,0.2757,-0.1143,34.4604,36.5534,-0.1931,nan,nan,nan,nan
128.0975,-0.0011,0.0025,1.1984,-0.1109,0.0213,-0.0341,0.2578,0.0001,1.1035,0.2757,-0.0990,34.4657,36.5574,-0.1943,nan,nan,nan,nan
128.1313,-0.0010,0.0027,1.1984,-0.0970,0.0181,-0.0408,0.2578,0.0004,1.1035,0.2757,-0.0743,34.4686,36.5579,-0.1970,nan,nan,nan,nan
128.1573,-0.0009,0.0029,1.1984,-0.0822,0.0141,-0.0476,0.2579,0.0006,1.1035,0.2757,-0.0484,34.4680,36.5579,-0.1905,nan,nan,nan,nan
128.1847,-0.0009,0.0030,1.1984,-0.0822,0.0141,-0.0476,0.2579,0.0008,1.1035,0.2757,-0.0359,34.4695,36.5573,-0.1821,nan,nan,nan,nan
128.2072,-0.0009,0.0031,1.1984,-0.0660,0.0103,-0.0528,0.2580,0.0010,1.1035,0.2757,-0.0316,34.4717,36.5556,-0.1773,nan,nan,nan,nan
128.2421,-0.0008,0.0032,1.1984,-0.0489,0.0067,-0.0563,0.2580,0.0011,1.1035,0.2757,-0.0278,34.4761,36.5542,-0.1748,nan,nan,nan,nan
128.2654,-0.0008,0.0034,1.1984,-0.0309,0.0026,-0.0591,0.2581,0.0013,1.1036,0.2757,-0.0269,34.4794,36.5546,-0.1721,nan,nan,nan,nan
128.2877,-0.0007,0.0036,1.1983,-0.0309,0.0026,-0.0591,0.2582,0.0015,1.1036,0.2757,-0.0249,34.4812,36.5554,-0.1718,nan,nan,nan,nan
128.3128,-0.0007,0.0037,1.1983,-0.0126,-0.0018,-0.0621,0.2582,0.0016,1.1036,0.2757,-0.0239,34.4819,36.5556,-0.1721,nan,nan,nan,nan
128.3405,-0.0006,0.0038,1.1983,0.0046,-0.0060,-0.0659,0.2582,0.0018,1.1036,0.2757,-0.0135,34.4843,36.5585,-0.1721,nan,nan,nan,nan
128.3616,-0.0006,0.0040,1.1983,0.0046,-0.0060,-0.0659,0.2583,0.0020,1.1037,0.2757,-0.0087,34.4853,36.5591,-0.1725,nan,nan,nan,nan
128.3874,-0.0006,0.0040,1.1983,0.0218,-0.0103,-0.0692,0.2583,0.0021,1.1037,0.2757,-0.0066,34.4858,36.5594,-0.1739,nan,nan,nan,nan
128.4093,-0.0005,0.0042,1.1983,0.0389,-0.0147,-0.0726,0.2584,0.0023,1.1037,0.2757,-0.0066,34.4858,36.5594,-0.1739,nan,nan,nan,nan
128.4470,-0.0004,0.0044,1.1983,0.0557,-0.0191,-0.0757,0.2585,0.0025,1.1037,0.2757,-0.0066,34.4858,36.5594,-0.1739,nan,nan,nan,nan
128.4722,-0.0004,0.0046,1.1983,0.0722,-0.0238,-0.0784,0.2585,0.0028,1.1037,0.2757,-0.0066,34.4858,36.5594,-0.1739,nan,nan,nan,nan
128.5029,-0.0003,0.0047,1.1983,0.0877,-0.0283,-0.0804,0.2586,0.0030,1.1037,0.2757,-0.0066,34.4858,36.5594,-0.1739,nan,nan,nan,nan
128.5232,-0.0003,0.0049,1.1983,0.0877,-0.0283,-0.0804,0.2586,0.0032,1.1037,0.2757,-0.0066,34.4858,36.5594,-0.1739,nan,nan,nan,nan
128.5503,-0.0003,0.0049,1.1983,0.1022,-0.0320,-0.0831,0.2587,0.0033,1.1037,0.2757,-0.0066,34.4858,36.5594,-0.1739,nan,nan,nan,nan
128.5814,-0.0002,0.0051,1.1983,0.1150,-0.0355,-0.0864,0.2587,0.0035,1.1038,0.2757,-0.0066,34.4858,36.5594,-0.1739,nan,nan,nan,nan
128.6061,-0.0002,0.0052,1.1983,0.1150,-0.0355,-0.0864,0.2587,0.0035,1.1038,0.2756,-0.0066,34.4858,36.5594,-0.1739,nan,nan,nan,nan
128.6329,-0.0001,0.0053,1.1983,0.1264,-0.0386,-0.0906,0.2587,0.0035,1.1038,0.2756,-0.0066,34.4858,36.5594,-0.1739,nan,nan,nan,nan
128.6632,-0.0001,0.0054,1.1983,0.1361,-0.0415,-0.0963,0.2587,0.0035,1.1038,0.2756,-0.0066,34.4858,36.5594,-0.1739,nan,nan,nan,nan
128.6862,-0.0001,0.0055,1.1983,0.1361,-0.0415,-0.0963,0.2587,0.0035,1.1038,0.2755,-0.0066,34.4858,36.5594,-0.1739,nan,nan,nan,nan
128.7085,-0.0000,0.0055,1.1983,0.1436,-0.0445,-0.1033,0.2589,0.0045,1.1038,0.2757,0.1914,34.4791,36.5583,-0.1833,nan,nan,nan,nan
128.7365,-0.0000,0.0056,1.1983,0.1500,-0.0475,-0.1102,0.2590,0.0048,1.1038,0.2757,0.2302,34.4759,36.5560,-0.1803,nan,nan,nan,nan
128.7683,0.0000,0.0057,1.1983,0.1566,-0.0499,-0.1141,0.2590,0.0051,1.1038,0.2757,0.2664,34.4733,36.5558,-0.1822,nan,nan,nan,nan
128.7901,0.0001,0.0058,1.1983,0.1566,-0.0499,-0.1141,0.2590,0.0052,1.1038,0.2757,0.2756,34.4726,36.5565,-0.1823,nan,nan,nan,nan
128.8118,0.0001,0.0059,1.1983,0.1641,-0.0514,-0.1145,0.2591,0.0053,1.1038,0.2757,0.2835,34.4749,36.5581,-0.1828,nan,nan,nan,nan
128.8454,0.0001,0.0060,1.1983,0.1707,-0.0524,-0.1129,0.2591,0.0054,1.1038,0.2757,0.2866,34.4751,36.5627,-0.1828,nan,nan,nan,nan
128.8657,0.0002,0.0061,1.1983,0.1707,-0.0524,-0.1129,0.2591,0.0055,1.1038,0.2757,0.2844,34.4744,36.5656,-0.1816,nan,nan,nan,nan
128.8868,0.0002,0.0061,1.1983,0.1773,-0.0536,-0.1093,0.2591,0.0056,1.1038,0.2757,0.2769,34.4716,36.5686,-0.1811,nan,nan,nan,nan
128.9107,0.0002,0.0062,1.1983,0.1834,-0.0547,-0.1048,0.2592,0.0056,1.1038,0.2757,0.2662,34.4694,36.5706,-0.1794,nan,nan,nan,nan
128.9439,0.0002,0.0063,1.1983,0.1882,-0.0550,-0.0993,0.2592,0.0057,1.1038,0.2757,0.2497,34.4687,36.5707,-0.1801,nan,nan,nan,nan
128.9707,0.0003,0.0064,1.1983,0.1882,-0.0550,-0.0993,0.2592,0.0057,1.1038,0.2757,0.2386,34.4693,36.5672,-0.1830,nan,nan,nan,nan
128.9907,0.0003,0.0065,1.1983,0.1922,-0.0548,-0.0926,0.2592,0.0057,1.1038,0.2757,0.2178,34.4694,36.5638,-0.1866,nan,nan,nan,nan
129.0155,0.0003,0.0065,1.1983,0.1961,-0.0545,-0.0848,0.2593,0.0057,1.1038,0.2757,0.1840,34.4690,36.5608,-0.1879,nan,nan,nan,nan
129.0386,0.0003,0.0066,1.1983,0.1990,-0.0543,-0.0760,0.2593,0.0057,1.1038,0.2757,0.1568,34.4675,36.5610,-0.1912,nan,nan,nan,nan
129.0633,0.0003,0.0067,1.1983,0.1997,-0.0534,-0.0684,0.2593,0.0056,1.1038,0.2757,0.1298,34.4684,36.5582,-0.1996,nan,nan,nan,nan
129.0867,0.0004,0.0067,1.1983,0.1991,-0.0525,-0.0619,0.2593,0.0056,1.1037,0.2757,0.1091,34.4683,36.5538,-0.2027,nan,nan,nan,nan
129.1159,0.0004,0.0068,1.1983,0.1971,-0.0515,-0.0555,0.2594,0.0056,1.1037,0.2757,0.0907,34.4679,36.5481,-0.2032,nan,nan,nan,nan
129.1497,0.0004,0.0068,1.1983,0.1947,-0.0508,-0.0490,0.2594,0.0056,1.1037,0.2757,0.0704,34.4659,36.5419,-0.2053,nan,nan,nan,nan
129.1871,0.0004,0.0068,1.1983,0.1910,-0.0496,-0.0430,0.2594,0.0056,1.1037,0.2757,0.0540,34.4650,36.5378,-0.2040,nan,nan,nan,nan
129.2124,0.0004,0.0069,1.1983,0.1862,-0.0481,-0.0379,0.2594,0.0056,1.1037,0.2758,0.0429,34.4646,36.5358,-0.2035,nan,nan,nan,nan
129.2388,0.0004,0.0069,1.1983,0.1802,-0.0461,-0.0331,0.2594,0.0056,1.1037,0.2757,0.0355,34.4658,36.5378,-0.2063,nan,nan,nan,nan
129.2656,0.0004,0.0069,1.1983,0.1802,-0.0461,-0.0331,0.2594,0.0056,1.1037,0.2757,0.0349,34.4660,36.5396,-0.2043,nan,nan,nan,nan
129.2856,0.0005,0.0069,1.1983,0.1732,-0.0441,-0.0298,0.2594,0.0056,1.1037,0.2757,0.0360,34.4654,36.5433,-0.1997,nan,nan,nan,nan
129.3194,0.0005,0.0069,1.1983,0.1648,-0.0419,-0.0272,0.2594,0.0056,1.1037,0.2757,0.0421,34.4668,36.5448,-0.1833,nan,nan,nan,nan
129.3470,0.0005,0.0068,1.1983,0.1546,-0.0396,-0.0266,0.2594,0.0056,1.1037,0.2757,0.0617,34.4703,36.5458,-0.1631,nan,nan,nan,nan
129.3780,0.0005,0.0068,1.1983,0.1440,-0.0380,-0.0266,0.2594,0.0057,1.1037,0.2757,0.0852,34.4717,36.5476,-0.1470,nan,nan,nan,nan
129.4075,0.0005,0.0068,1.1983,0.1333,-0.0365,-0.0261,0.2594,0.0057,1.1037,0.2757,0.1048,34.4723,36.5532,-0.1306,nan,nan,nan,nan
129.4321,0.0005,0.0067,1.1983,0.1222,-0.0349,-0.0259,0.2594,0.0058,1.1037,0.2757,0.1238,34.4746,36.5590,-0.1232,nan,nan,nan,nan
129.4569,0.0005,0.0067,1.1983,0.1116,-0.0343,-0.0243,0.2594,0.0058,1.1037,0.2757,0.1352,34.4732,36.5623,-0.1215,nan,nan,nan,nan
129.4809,0.0005,0.0066,1.1983,0.1010,-0.0344,-0.0220,0.2594,0.0057,1.1037,0.2757,0.1404,34.4710,36.5625,-0.1187,nan,nan,nan,nan
129.5112,0.0005,0.0066,1.1983,0.0902,-0.0348,-0.0199,0.2594,0.0057,1.1037,0.2757,0.1459,34.4685,36.5581,-0.1117,nan,nan,nan,nan
129.5405,0.0004,0.0065,1.1984,0.0793,-0.0351,-0.0180,0.2594,0.0057,1.1037,0.2757,0.1512,34.4676,36.5519,-0.1083,nan,nan,nan,nan
129.5749,0.0004,0.0065,1.1984,0.0687,-0.0354,-0.0151,0.2594,0.0056,1.1037,0.2757,0.1508,34.4677,36.5506,-0.1033,nan,nan,nan,nan
129.5975,0.0004,0.0064,1.1984,0.0687,-0.0354,-0.0151,0.2594,0.0056,1.1037,0.2757,0.1510,34.4683,36.5502,-0.1014,nan,nan,nan,nan
129.6181,0.0004,0.0064,1.1984,0.0580,-0.0356,-0.0127,0.2594,0.0055,1.1037,0.2757,0.1525,34.4688,36.5495,-0.0996,nan,nan,nan,nan
129.6495,0.0004,0.0063,1.1984,0.0471,-0.0357,-0.0109,0.2594,0.0055,1.1037,0.2757,0.1572,34.4701,36.5498,-0.0940,nan,nan,nan,nan
129.6710,0.0004,0.0063,1.1984,0.0471,-0.0357,-0.0109,0.2594,0.0054,1.1037,0.2757,0.1605,34.4700,36.5525,-0.0889,nan,nan,nan,nan
129.6943,0.0004,0.0063,1.1984,0.0365,-0.0362,-0.0092,0.2594,0.0054,1.1037,0.2757,0.1621,34.4703,36.5529,-0.0873,nan,nan,nan,nan
129.7242,0.0004,0.0062,1.1984,0.0257,-0.0361,-0.0085,0.2593,0.0054,1.1037,0.2757,0.1721,34.4734,36.5543,-0.0854,nan,nan,nan,nan
129.7594,0.0004,0.0061,1.1984,0.0150,-0.0361,-0.0078,0.2593,0.0054,1.1037,0.2757,0.1818,34.4774,36.5479,-0.0786,nan,nan,nan,nan
129.7813,0.0004,0.0061,1.1984,0.0150,-0.0361,-0.0078,0.2593,0.0053,1.1037,0.2757,0.1876,34.4790,36.5447,-0.0740,nan,nan,nan,nan
129.8077,0.0003,0.0060,1.1984,0.0044,-0.0362,-0.0076,0.2593,0.0053,1.1037,0.2757,0.2019,34.4819,36.5398,-0.0724,nan,nan,nan,nan
129.8335,0.0003,0.0060,1.1984,-0.0062,-0.0361,-0.0082,0.2593,0.0053,1.1037,0.2757,0.2115,34.4837,36.5381,-0.0736,nan,nan,nan,nan
129.8570,0.0003,0.0059,1.1984,-0.0168,-0.0355,-0.0085,0.2593,0.0053,1.1037,0.2757,0.2271,34.4872,36.5377,-0.0717,nan,nan,nan,nan
129.8900,0.0003,0.0059,1.1984,-0.0265,-0.0354,-0.0083,0.2593,0.0053,1.1038,0.2757,0.2382,34.4876,36.5395,-0.0678,nan,nan,nan,nan
129.9271,0.0003,0.0058,1.1984,-0.0350,-0.0354,-0.0074,0.2592,0.0052,1.1038,0.2757,0.2428,34.4865,36.5424,-0.0670,nan,nan,nan,nan
129.9623,0.0002,0.0057,1.1984,-0.0431,-0.0352,-0.0060,0.2592,0.0051,1.1038,0.2757,0.2455,34.4862,36.5474,-0.0617,nan,nan,nan,nan
129.9892,0.0002,0.0057,1.1984,-0.0510,-0.0344,-0.0046,0.2592,0.0051,1.1038,0.2757,0.2485,34.4880,36.5524,-0.0700,nan,nan,nan,nan
130.0218,0.0002,0.0056,1.1984,-0.0579,-0.0343,-0.0040,0.2592,0.0050,1.1038,0.2757,0.2518,34.4866,36.5532,-0.0765,nan,nan,nan,nan
130.0472,0.0002,0.0056,1.1984,-0.0643,-0.0347,-0.0029,0.2591,0.0050,1.1038,0.2757,0.2531,34.4816,36.5527,-0.0740,nan,nan,nan,nan
130.0708,0.0001,0.0055,1.1984,-0.0643,-0.0347,-0.0029,0.2591,0.0049,1.1038,0.2757,0.2501,34.4786,36.5529,-0.0753,nan,nan,nan,nan
130.0982,0.0001,0.0055,1.1984,-0.0700,-0.0348,-0.0009,0.2591,0.0049,1.1038,0.2757,0.2481,34.4779,36.5526,-0.0768,nan,nan,nan,nan
130.1217,0.0001,0.0055,1.1984,-0.0746,-0.0343,0.0010,0.2591,0.0048,1.1038,0.2757,0.2405,34.4766,36.5545,-0.0842,nan,nan,nan,nan
130.1482,0.0001,0.0054,1.1984,-0.0746,-0.0343,0.0010,0.2590,0.0048,1.1038,0.2757,0.2353,34.4768,36.5547,-0.0898,nan,nan,nan,nan
130.1752,0.0001,0.0054,1.1984,-0.0789,-0.0334,0.0031,0.2590,0.0047,1.1038,0.2757,0.2301,34.4767,36.5532,-0.0930,nan,nan,nan,nan
130.2078,0.0000,0.0054,1.1984,-0.0828,-0.0324,0.0061,0.2590,0.0047,1.1037,0.2757,0.2210,34.4771,36.5486,-0.0984,nan,nan,nan,nan
130.2298,0.0000,0.0054,1.1984,-0.0828,-0.0324,0.0061,0.2590,0.0046,1.1037,0.2757,0.2150,34.4767,36.5453,-0.1007,nan,nan,nan,nan
130.2507,-0.0000,0.0054,1.1984,-0.0858,-0.0317,0.0088,0.2590,0.0046,1.1037,0.2757,0.2059,34.4753,36.5454,-0.1064,nan,nan,nan,nan
130.2773,-0.0000,0.0053,1.1984,-0.0882,-0.0304,0.0112,0.2589,0.0045,1.1037,0.2757,0.1966,34.4755,36.5472,-0.1104,nan,nan,nan,nan
130.2992,-0.0001,0.0053,1.1984,-0.0882,-0.0304,0.0112,0.2589,0.0045,1.1037,0.2757,0.1869,34.4753,36.5488,-0.1096,nan,nan,nan,nan
130.3204,-0.0001,0.0053,1.1984,-0.0904,-0.0289,0.0136,0.2589,0.0044,1.1037,0.2757,0.1803,34.4757,36.5498,-0.1076,nan,nan,nan,nan
130.3438,-0.0001,0.0053,1.1984,-0.0924,-0.0269,0.0163,0.2588,0.0044,1.1037,0.2757,0.1699,34.4770,36.5526,-0.1057,nan,nan,nan,nan
130.3724,-0.0002,0.0053,1.1984,-0.0941,-0.0243,0.0186,0.2588,0.0043,1.1037,0.2757,0.1583,34.4798,36.5541,-0.1076,nan,nan,nan,nan
130.4084,-0.0002,0.0053,1.1984,-0.0959,-0.0216,0.0203,0.2587,0.0043,1.1038,0.2757,0.1507,34.4831,36.5551,-0.1107,nan,nan,nan,nan
130.4449,-0.0003,0.0053,1.1984,-0.0963,-0.0188,0.0220,0.2587,0.0042,1.1038,0.2757,0.1380,34.4876,36.5544,-0.1060,nan,nan,nan,nan
130.4687,-0.0003,0.0053,1.1984,-0.0963,-0.0188,0.0220,0.2587,0.0042,1.1038,0.2757,0.1255,34.4916,36.5508,-0.0992,nan,nan,nan,nan
130.4964,-0.0003,0.0053,1.1984,-0.0961,-0.0163,0.0246,0.2586,0.0042,1.1038,0.2757,0.1209,34.4923,36.5488,-0.0970,nan,nan,nan,nan
130.5202,-0.0003,0.0053,1.1984,-0.0956,-0.0148,0.0268,0.2586,0.0041,1.1037,0.2757,0.1055,34.4915,36.5436,-0.0901,nan,nan,nan,nan
130.5504,-0.0004,0.0053,1.1984,-0.0950,-0.0131,0.0283,0.2586,0.0041,1.1037,0.2757,0.0939,34.4919,36.5405,-0.0886,nan,nan,nan,nan
130.5870,-0.0004,0.0053,1.1984,-0.0944,-0.0113,0.0288,0.2585,0.0041,1.1037,0.2757,0.0883,34.4921,36.5398,-0.0877,nan,nan,nan,nan
130.6087,-0.0005,0.0053,1.1984,-0.0944,-0.0113,0.0288,0.2585,0.0041,1.1037,0.2757,0.0826,34.4912,36.5402,-0.0843,nan,nan,nan,nan
130.6362,-0.0005,0.0053,1.1984,-0.0926,-0.0096,0.0289,0.2584,0.0040,1.1037,0.2757,0.0776,34.4904,36.5404,-0.0824,nan,nan,nan,nan
130.6711,-0.0005,0.0053,1.1984,-0.0903,-0.0079,0.0294,0.2584,0.0040,1.1037,0.2757,0.0705,34.4903,36.5391,-0.0818,nan,nan,nan,nan
130.6917,-0.0006,0.0054,1.1984,-0.0903,-0.0079,0.0294,0.2584,0.0040,1.1037,0.2757,0.0617,34.4880,36.5394,-0.0824,nan,nan,nan,nan
130.7181,-0.0006,0.0054,1.1984,-0.0869,-0.0065,0.0297,0.2583,0.0040,1.1037,0.2757,0.0550,34.4869,36.5394,-0.0823,nan,nan,nan,nan
130.7387,-0.0006,0.0054,1.1984,-0.0827,-0.0049,0.0300,0.2583,0.0040,1.1037,0.2757,0.0452,34.4860,36.5374,-0.0787,nan,nan,nan,nan
130.7677,-0.0007,0.0054,1.1984,-0.0774,-0.0032,0.0304,0.2583,0.0040,1.1037,0.2757,0.0293,34.4854,36.5388,-0.0680,nan,nan,nan,nan
130.7988,-0.0007,0.0055,1.1984,-0.0712,-0.0012,0.0305,0.2582,0.0039,1.1037,0.2757,0.0135,34.4857,36.5414,-0.0621,nan,nan,nan,nan
130.8223,-0.0008,0.0055,1.1984,-0.0645,0.0002,0.0307,0.2582,0.0039,1.1036,0.2757,-0.0025,34.4841,36.5391,-0.0514,nan,nan,nan,nan
130.8541,-0.0008,0.0056,1.1984,-0.0564,0.0019,0.0308,0.2581,0.0039,1.1036,0.2757,-0.0221,34.4825,36.5373,-0.0389,nan,nan,nan,nan
130.8899,-0.0009,0.0056,1.1984,-0.0479,0.0036,0.0306,0.2581,0.0039,1.1036,0.2757,-0.0405,34.4797,36.5358,-0.0293,nan,nan,nan,nan
130.9125,-0.0009,0.0056,1.1984,-0.0479,0.0036,0.0306,0.2580,0.0039,1.1036,0.2758,-0.0479,34.4783,36.5358,-0.0263,nan,nan,nan,nan
130.9339,-0.0009,0.0057,1.1984,-0.0394,0.0059,0.0288,0.2580,0.0039,1.1036,0.2757,-0.0500,34.4775,36.5373,-0.0273,nan,nan,nan,nan
130.9547,-0.0010,0.0057,1.1984,-0.0310,0.0086,0.0256,0.2580,0.0039,1.1036,0.2757,-0.0496,34.4769,36.5402,-0.0299,nan,nan,nan,nan
130.9788,-0.0010,0.0058,1.1984,-0.0225,0.0111,0.0212,0.2579,0.0040,1.1036,0.2757,-0.0436,34.4750,36.5411,-0.0338,nan,nan,nan,nan
131.0108,-0.0010,0.0058,1.1984,-0.0137,0.0138,0.0162,0.2579,0.0041,1.1035,0.2757,-0.0323,34.4743,36.5405,-0.0315,nan,nan,nan,nan
131.0479,-0.0011,0.0058,1.1984,-0.0039,0.0163,0.0111,0.2578,0.0042,1.1035,0.2757,-0.0230,34.4723,36.5403,-0.0296,nan,nan,nan,nan
131.0806,-0.0011,0.0059,1.1984,0.0070,0.0185,0.0074,0.2578,0.0042,1.1035,0.2758,-0.0219,34.4703,36.5378,-0.0332,nan,nan,nan,nan
131.1110,-0.0012,0.0059,1.1984,0.0183,0.0208,0.0040,0.2577,0.0043,1.1035,0.2758,-0.0232,34.4698,36.5348,-0.0411,nan,nan,nan,nan
131.1430,-0.0012,0.0060,1.1984,0.0302,0.0231,0.0001,0.2577,0.0043,1.1035,0.2758,-0.0226,34.4685,36.5389,-0.0492,nan,nan,nan,nan
131.1708,-0.0013,0.0060,1.1984,0.0413,0.0252,-0.0042,0.2576,0.0044,1.1034,0.2757,-0.0166,34.4664,36.5426,-0.0542,nan,nan,nan,nan
131.2033,-0.0013,0.0061,1.1984,0.0517,0.0277,-0.0105,0.2576,0.0045,1.1034,0.2757,0.0000,34.4666,36.5451,-0.0578,nan,nan,nan,nan
131.2366,-0.0013,0.0061,1.1984,0.0618,0.0299,-0.0180,0.2575,0.0046,1.1034,0.2757,0.0238,34.4677,36.5456,-0.0662,nan,nan,nan,nan
131.2577,-0.0014,0.0061,1.1984,0.0618,0.0299,-0.0180,0.2575,0.0047,1.1034,0.2757,0.0356,34.4667,36.5456,-0.0689,nan,nan,nan,nan
131.2803,-0.0014,0.0062,1.1984,0.0719,0.0312,-0.0251,0.2575,0.0048,1.1034,0.2757,0.0508,34.4649,36.5446,-0.0675,nan,nan,nan,nan
131.3080,-0.0014,0.0062,1.1984,0.0823,0.0324,-0.0307,0.2574,0.0048,1.1034,0.2757,0.0596,34.4650,36.5427,-0.0649,nan,nan,nan,nan
131.3339,-0.0014,0.0062,1.1984,0.0823,0.0324,-0.0307,0.2574,0.0049,1.1034,0.2757,0.0631,34.4652,36.5421,-0.0603,nan,nan,nan,nan
131.3612,-0.0015,0.0062,1.1984,0.0931,0.0336,-0.0346,0.2574,0.0049,1.1034,0.2757,0.0647,34.4643,36.5427,-0.0549,nan,nan,nan,nan
131.3943,-0.0015,0.0062,1.1984,0.1042,0.0341,-0.0370,0.2574,0.0049,1.1034,0.2757,0.0609,34.4615,36.5462,-0.0426,nan,nan,nan,nan
131.4197,-0.0015,0.0063,1.1984,0.1042,0.0341,-0.0370,0.2573,0.0049,1.1034,0.2757,0.0534,34.4593,36.5520,-0.0429,nan,nan,nan,nan
131.4428,-0.0015,0.0063,1.1984,0.1152,0.0347,-0.0383,0.2573,0.0049,1.1034,0.2757,0.0493,34.4584,36.5538,-0.0442,nan,nan,nan,nan
131.4688,-0.0015,0.0063,1.1984,0.1256,0.0350,-0.0404,0.2573,0.0049,1.1034,0.2757,0.0444,34.4561,36.5557,-0.0444,nan,nan,nan,nan
131.4970,-0.0016,0.0063,1.1984,0.1358,0.0350,-0.0422,0.2573,0.0049,1.1034,0.2757,0.0354,34.4512,36.5611,-0.0432,nan,nan,nan,nan
131.5223,-0.0016,0.0063,1.1984,0.1455,0.0350,-0.0426,0.2572,0.0049,1.1034,0.2757,0.0208,34.4468,36.5665,-0.0465,nan,nan,nan,nan
131.5478,-0.0016,0.0063,1.1984,0.1455,0.0350,-0.0426,0.2572,0.0048,1.1034,0.2757,0.0150,34.4460,36.5696,-0.0467,nan,nan,nan,nan
131.5747,-0.0016,0.0063,1.1984,0.1538,0.0356,-0.0442,0.2572,0.0048,1.1034,0.2757,0.0132,34.4457,36.5712,-0.0452,nan,nan,nan,nan
131.5988,-0.0016,0.0063,1.1984,0.1610,0.0365,-0.0455,0.2572,0.0048,1.1034,0.2757,0.0053,34.4469,36.5769,-0.0394,nan,nan,nan,nan
131.6226,-0.0017,0.0063,1.1984,0.1677,0.0370,-0.0457,0.2571,0.0048,1.1034,0.2757,-0.0041,34.4470,36.5767,-0.0351,nan,nan,nan,nan
131.6447,-0.0017,0.0063,1.1984,0.1677,0.0370,-0.0457,0.2571,0.0047,1.1034,0.2757,-0.0158,34.4470,36.5723,-0.0286,nan,nan,nan,nan
131.6656,-0.0017,0.0063,1.1984,0.1744,0.0370,-0.0451,0.2571,0.0047,1.1033,0.2757,-0.0201,34.4466,36.5711,-0.0263,nan,nan,nan,nan
131.7014,-0.0017,0.0063,1.1984,0.1806,0.0366,-0.0445,0.2571,0.0046,1.1033,0.2757,-0.0368,34.4446,36.5657,-0.0232,nan,nan,nan,nan
131.7228,-0.0017,0.0062,1.1984,0.1806,0.0366,-0.0445,0.2571,0.0045,1.1033,0.2757,-0.0508,34.4434,36.5622,-0.0250,nan,nan,nan,nan
131.7490,-0.0017,0.0062,1.1984,0.1863,0.0362,-0.0438,0.2571,0.0045,1.1033,0.2757,-0.0543,34.4428,36.5616,-0.0261,nan,nan,nan,nan
131.7772,-0.0017,0.0062,1.1984,0.1903,0.0359,-0.0445,0.2571,0.0044,1.1033,0.2757,-0.0611,34.4400,36.5606,-0.0308,nan,nan,nan,nan
131.8025,-0.0017,0.0061,1.1984,0.1903,0.0359,-0.0445,0.2571,0.0044,1.1033,0.2757,-0.0619,34.4387,36.5618,-0.0323,nan,nan,nan,nan
131.8267,-0.0017,0.0061,1.1984,0.1930,0.0357,-0.0450,0.2571,0.0043,1.1033,0.2757,-0.0665,34.4369,36.5661,-0.0352,nan,nan,nan,nan
131.8504,-0.0017,0.0061,1.1984,0.1954,0.0352,-0.0451,0.2571,0.0043,1.1033,0.2757,-0.0694,34.4360,36.5685,-0.0331,nan,nan,nan,nan
131.8812,-0.0018,0.0060,1.1984,0.1969,0.0344,-0.0461,0.2570,0.0042,1.1033,0.2757,-0.0714,34.4342,36.5690,-0.0289,nan,nan,nan,nan
131.9086,-0.0018,0.0059,1.1984,0.1968,0.0333,-0.0483,0.2570,0.0041,1.1033,0.2757,-0.0633,34.4311,36.5707,-0.0279,nan,nan,nan,nan
131.9423,-0.0018,0.0058,1.1984,0.1960,0.0321,-0.0506,0.2570,0.0041,1.1033,0.2757,-0.0536,34.4271,36.5749,-0.0247,nan,nan,nan,nan
131.9652,-0.0018,0.0057,1.1984,0.1938,0.0314,-0.0534,0.2570,0.0040,1.1033,0.2757,-0.0391,34.4255,36.5784,-0.0275,nan,nan,nan,nan
131.9883,-0.0018,0.0056,1.1984,0.1904,0.0308,-0.0568,0.2570,0.0040,1.1033,0.2757,-0.0188,34.4255,36.5776,-0.0322,nan,nan,nan,nan
132.0148,-0.0018,0.0055,1.1984,0.1863,0.0302,-0.0601,0.2570,0.0039,1.1033,0.2757,0.0020,34.4262,36.5761,-0.0361,nan,nan,nan,nan
132.0478,-0.0018,0.0053,1.1984,0.1818,0.0295,-0.0624,0.2570,0.0038,1.1033,0.2757,0.0158,34.4258,36.5782,-0.0431,nan,nan,nan,nan
132.0797,-0.0018,0.0052,1.1984,0.1770,0.0288,-0.0645,0.2570,0.0037,1.1033,0.2757,0.0282,34.4255,36.5805,-0.0607,nan,nan,nan,nan
132.1008,-0.0018,0.0051,1.1984,0.1770,0.0288,-0.0645,0.2570,0.0037,1.1033,0.2757,0.0337,34.4266,36.5818,-0.0751,nan,nan,nan,nan
132.1217,-0.0018,0.0050,1.1984,0.1711,0.0284,-0.0656,0.2570,0.0036,1.1033,0.2757,0.0391,34.4274,36.5832,-0.0882,nan,nan,nan,nan
132.1474,-0.0018,0.0049,1.1984,0.1648,0.0277,-0.0661,0.2570,0.0035,1.1033,0.2757,0.0456,34.4293,36.5866,-0.1024,nan,nan,nan,nan
132.1832,-0.0018,0.0047,1.1983,0.1586,0.0266,-0.0650,0.2570,0.0033,1.1033,0.2757,0.0429,34.4307,36.5903,-0.1029,nan,nan,nan,nan
132.2126,-0.0018,0.0046,1.1983,0.1524,0.0249,-0.0625,0.2570,0.0031,1.1034,0.2757,0.0319,34.4316,36.5934,-0.1053,nan,nan,nan,nan
132.2417,-0.0018,0.0044,1.1983,0.1463,0.0228,-0.0587,0.2570,0.0029,1.1034,0.2757,0.0121,34.4320,36.5941,-0.1135,nan,nan,nan,nan
132.2707,-0.0017,0.0042,1.1983,0.1401,0.0205,-0.0540,0.2570,0.0026,1.1034,0.2757,-0.0133,34.4307,36.5977,-0.1214,nan,nan,nan,nan
132.3038,-0.0017,0.0041,1.1983,0.1335,0.0180,-0.0496,0.2570,0.0023,1.1034,0.2757,-0.0381,34.4305,36.5966,-0.1285,nan,nan,nan,nan
132.3349,-0.0017,0.0039,1.1983,0.1252,0.0155,-0.0465,0.2571,0.0021,1.1034,0.2757,-0.0527,34.4313,36.5954,-0.1289,nan,nan,nan,nan
132.3672,-0.0017,0.0037,1.1983,0.1157,0.0132,-0.0443,0.2571,0.0019,1.1034,0.2757,-0.0606,34.4344,36.5907,-0.1267,nan,nan,nan,nan
132.3957,-0.0017,0.0035,1.1983,0.1055,0.0110,-0.0418,0.2571,0.0016,1.1034,0.2757,-0.0684,34.4374,36.5896,-0.1204,nan,nan,nan,nan
132.4250,-0.0017,0.0033,1.1983,0.0951,0.0084,-0.0400,0.2571,0.0014,1.1034,0.2757,-0.0727,34.4379,36.5918,-0.1147,nan,nan,nan,nan
132.4552,-0.0017,0.0031,1.1983,0.0840,0.0064,-0.0393,0.2571,0.0012,1.1034,0.2757,-0.0725,34.4413,36.5916,-0.1134,nan,nan,nan,nan
132.4787,-0.0017,0.0029,1.1983,0.0729,0.0044,-0.0383,0.2571,0.0009,1.1034,0.2757,-0.0745,34.4439,36.5922,-0.1150,nan,nan,nan,nan
132.5104,-0.0017,0.0027,1.1983,0.0619,0.0024,-0.0367,0.2572,0.0007,1.1035,0.2757,-0.0796,34.4478,36.5908,-0.1147,nan,nan,nan,nan
132.5462,-0.0017,0.0024,1.1983,0.0509,0.0006,-0.0347,0.2572,0.0004,1.1035,0.2756,-0.0872,34.4520,36.5897,-0.1108,nan,nan,nan,nan
132.5713,-0.0016,0.0023,1.1983,0.0509,0.0006,-0.0347,0.2572,0.0002,1.1035,0.2756,-0.0889,34.4541,36.5927,-0.1006,nan,nan,nan,nan
132.5938,-0.0016,0.0021,1.1983,0.0394,-0.0011,-0.0335,0.2572,0.0001,1.1035,0.2756,-0.0881,34.4548,36.5949,-0.0950,nan,nan,nan,nan
132.6174,-0.0016,0.0020,1.1982,0.0280,-0.0030,-0.0326,0.2572,-0.0001,1.1035,0.2756,-0.0889,34.4546,36.5975,-0.0931,nan,nan,nan,nan
132.6387,-0.0016,0.0018,1.1982,0.0176,-0.0055,-0.0305,0.2572,-0.0003,1.1035,0.2756,-0.0967,34.4521,36.6007,-0.0954,nan,nan,nan,nan
132.6594,-0.0016,0.0016,1.1982,0.0176,-0.0055,-0.0305,0.2572,-0.0005,1.1035,0.2756,-0.1017,34.4519,36.6012,-0.0966,nan,nan,nan,nan
132.6834,-0.0016,0.0015,1.1982,0.0070,-0.0072,-0.0289,0.2572,-0.0007,1.1035,0.2756,-0.1061,34.4539,36.6023,-0.1024,nan,nan,nan,nan
132.7038,-0.0016,0.0014,1.1982,-0.0029,-0.0082,-0.0268,0.2572,-0.0008,1.1035,0.2756,-0.1127,34.4560,36.6011,-0.1058,nan,nan,nan,nan
132.7291,-0.0016,0.0011,1.1982,-0.0111,-0.0095,-0.0229,0.2573,-0.0011,1.1035,0.2756,-0.1354,34.4588,36.5977,-0.1101,nan,nan,nan,nan
132.7556,-0.0016,0.0010,1.1982,-0.0111,-0.0095,-0.0229,0.2573,-0.0014,1.1035,0.2756,-0.1582,34.4611,36.5958,-0.1117,nan,nan,nan,nan
132.7758,-0.0016,0.0009,1.1982,-0.0179,-0.0110,-0.0183,0.2573,-0.0016,1.1035,0.2756,-0.1739,34.4609,36.5962,-0.1110,nan,nan,nan,nan
132.8015,-0.0016,0.0007,1.1982,-0.0246,-0.0131,-0.0143,0.2573,-0.0018,1.1035,0.2756,-0.1949,34.4596,36.5945,-0.1122,nan,nan,nan,nan
132.8229,-0.0016,0.0006,1.1982,-0.0246,-0.0131,-0.0143,0.2573,-0.0020,1.1035,0.2756,-0.2088,34.4578,36.5938,-0.1156,nan,nan,nan,nan
132.8439,-0.0016,0.0005,1.1982,-0.0314,-0.0150,-0.0121,0.2573,-0.0022,1.1035,0.2756,-0.2168,34.4567,36.5949,-0.1209,nan,nan,nan,nan
132.8730,-0.0015,0.0003,1.1982,-0.0381,-0.0164,-0.0106,0.2573,-0.0024,1.1035,0.2756,-0.2267,34.4553,36.5970,-0.1282,nan,nan,nan,nan
132.8987,-0.0015,0.0001,1.1982,-0.0453,-0.0176,-0.0106,0.2573,-0.0026,1.1035,0.2756,-0.2303,34.4527,36.5986,-0.1295,nan,nan,nan,nan
132.9365,-0.0015,-0.0001,1.1982,-0.0532,-0.0184,-0.0118,0.2573,-0.0028,1.1035,0.2756,-0.2240,34.4511,36.6021,-0.1270,nan,nan,nan,nan
132.9694,-0.0015,-0.0003,1.1982,-0.0601,-0.0184,-0.0142,0.2573,-0.0030,1.1035,0.2756,-0.2155,34.4517,36.6054,-0.1244,nan,nan,nan,nan
132.9959,-0.0015,-0.0005,1.1982,-0.0657,-0.0183,-0.0153,0.2573,-0.0032,1.1035,0.2756,-0.2144,34.4528,36.6088,-0.1225,nan,nan,nan,nan
133.0171,-0.0015,-0.0007,1.1981,-0.0657,-0.0183,-0.0153,0.2573,-0.0034,1.1035,0.2756,-0.2187,34.4539,36.6110,-0.1209,nan,nan,nan,nan
133.0399,-0.0015,-0.0008,1.1981,-0.0693,-0.0175,-0.0146,0.2573,-0.0036,1.1035,0.2756,-0.2348,34.4567,36.6157,-0.1175,nan,nan,nan,nan
133.0602,-0.0015,-0.0009,1.1981,-0.0715,-0.0169,-0.0134,0.2573,-0.0037,1.1035,0.2756,-0.2439,34.4578,36.6183,-0.1158,nan,nan,nan,nan
133.0870,-0.0015,-0.0011,1.1981,-0.0732,-0.0155,-0.0130,0.2573,-0.0040,1.1036,0.2756,-0.2559,34.4631,36.6243,-0.1105,nan,nan,nan,nan
133.1091,-0.0015,-0.0012,1.1981,-0.0732,-0.0155,-0.0130,0.2573,-0.0041,1.1036,0.2755,-0.2555,34.4695,36.6275,-0.1131,nan,nan,nan,nan
133.1330,-0.0015,-0.0013,1.1981,-0.0753,-0.0135,-0.0151,0.2573,-0.0042,1.1036,0.2755,-0.2534,34.4715,36.6281,-0.1128,nan,nan,nan,nan
133.1680,-0.0015,-0.0015,1.1981,-0.0776,-0.0122,-0.0191,0.2573,-0.0043,1.1036,0.2755,-0.2392,34.4775,36.6282,-0.1084,nan,nan,nan,nan
133.1948,-0.0015,-0.0016,1.1981,-0.0776,-0.0122,-0.0191,0.2573,-0.0044,1.1036,0.2755,-0.2294,34.4823,36.6247,-0.1035,nan,nan,nan,nan
133.2164,-0.0015,-0.0017,1.1981,-0.0791,-0.0110,-0.0227,0.2573,-0.0045,1.1036,0.2755,-0.2275,34.4834,36.6237,-0.1026,nan,nan,nan,nan
133.2471,-0.0015,-0.0018,1.1981,-0.0788,-0.0101,-0.0246,0.2573,-0.0047,1.1036,0.2755,-0.2263,34.4873,36.6213,-0.1013,nan,nan,nan,nan
133.2711,-0.0015,-0.0020,1.1981,-0.0788,-0.0101,-0.0246,0.2573,-0.0048,1.1036,0.2755,-0.2259,34.4915,36.6208,-0.1037,nan,nan,nan,nan
133.2926,-0.0015,-0.0020,1.1981,-0.0780,-0.0089,-0.0268,0.2573,-0.0049,1.1036,0.2755,-0.2256,34.4925,36.6210,-0.1034,nan,nan,nan,nan
133.3195,-0.0015,-0.0022,1.1981,-0.0762,-0.0079,-0.0289,0.2573,-0.0050,1.1036,0.2755,-0.2263,34.4951,36.6238,-0.0981,nan,nan,nan,nan
133.3487,-0.0015,-0.0023,1.1981,-0.0739,-0.0067,-0.0306,0.2573,-0.0052,1.1036,0.2755,-0.2280,34.4988,36.6265,-0.0999,nan,nan,nan,nan
133.3856,-0.0015,-0.0025,1.1981,-0.0716,-0.0049,-0.0324,0.2573,-0.0054,1.1037,0.2755,-0.2285,34.5036,36.6301,-0.1072,nan,nan,nan,nan
133.4204,-0.0015,-0.0027,1.1981,-0.0693,-0.0032,-0.0344,0.2573,-0.0055,1.1037,0.2755,-0.2278,34.5078,36.6329,-0.1093,nan,nan,nan,nan
133.4451,-0.0015,-0.0028,1.1981,-0.0658,-0.0016,-0.0355,0.2573,-0.0057,1.1037,0.2755,-0.2345,34.5114,36.6310,-0.1160,nan,nan,nan,nan
133.4741,-0.0015,-0.0030,1.1981,-0.0612,-0.0004,-0.0349,0.2573,-0.0059,1.1037,0.2755,-0.2506,34.5139,36.6260,-0.1267,nan,nan,nan,nan
133.5132,-0.0015,-0.0031,1.1981,-0.0563,0.0012,-0.0344,0.2573,-0.0061,1.1036,0.2755,-0.2665,34.5187,36.6155,-0.1289,nan,nan,nan,nan
133.5396,-0.0015,-0.0032,1.1980,-0.0563,0.0012,-0.0344,0.2573,-0.0062,1.1036,0.2755,-0.2654,34.5218,36.6084,-0.1226,nan,nan,nan,nan
133.5655,-0.0015,-0.0033,1.1980,-0.0527,0.0028,-0.0370,0.2573,-0.0063,1.1036,0.2755,-0.2627,34.5225,36.6060,-0.1194,nan,nan,nan,nan
133.5881,-0.0015,-0.0034,1.1980,-0.0504,0.0039,-0.0413,0.2573,-0.0063,1.1036,0.2755,-0.2453,34.5224,36.5986,-0.1080,nan,nan,nan,nan
133.6104,-0.0015,-0.0035,1.1980,-0.0504,0.0039,-0.0413,0.2573,-0.0064,1.1036,0.2756,-0.2342,34.5205,36.5950,-0.1064,nan,nan,nan,nan
133.6365,-0.0016,-0.0036,1.1980,-0.0482,0.0043,-0.0463,0.2573,-0.0064,1.1035,0.2756,-0.2225,34.5181,36.5917,-0.1025,nan,nan,nan,nan
133.6616,-0.0016,-0.0037,1.1980,-0.0456,0.0047,-0.0503,0.2573,-0.0065,1.1035,0.2756,-0.2046,34.5153,36.5819,-0.0908,nan,nan,nan,nan
133.6886,-0.0016,-0.0038,1.1980,-0.0456,0.0047,-0.0503,0.2573,-0.0065,1.1035,0.2756,-0.1926,34.5125,36.5770,-0.0815,nan,nan,nan,nan
133.7105,-0.0016,-0.0039,1.1980,-0.0427,0.0051,-0.0538,0.2573,-0.0066,1.1035,0.2756,-0.1892,34.5117,36.5764,-0.0782,nan,nan,nan,nan
133.7372,-0.0016,-0.0040,1.1980,-0.0389,0.0063,-0.0570,0.2573,-0.0067,1.1035,0.2756,-0.1787,34.5118,36.5768,-0.0651,nan,nan,nan,nan
133.7669,-0.0016,-0.0041,1.1980,-0.0350,0.0075,-0.0594,0.2573,-0.0068,1.1035,0.2756,-0.1722,34.5124,36.5775,-0.0541,nan,nan,nan,nan
133.7888,-0.0016,-0.0042,1.1980,-0.0350,0.0075,-0.0594,0.2573,-0.0069,1.1034,0.2756,-0.1694,34.5132,36.5770,-0.0465,nan,nan,nan,nan
133.8156,-0.0016,-0.0043,1.1980,-0.0311,0.0086,-0.0612,0.2573,-0.0069,1.1034,0.2756,-0.1680,34.5138,36.5776,-0.0431,nan,nan,nan,nan
133.8411,-0.0016,-0.0044,1.1980,-0.0271,0.0097,-0.0629,0.2573,-0.0070,1.1034,0.2756,-0.1657,34.5156,36.5756,-0.0391,nan,nan,nan,nan
133.8754,-0.0016,-0.0045,1.1980,-0.0232,0.0100,-0.0642,0.2573,-0.0071,1.1034,0.2756,-0.1643,34.5140,36.5774,-0.0386,nan,nan,nan,nan
133.9083,-0.0016,-0.0046,1.1980,-0.0191,0.0105,-0.0649,0.2573,-0.0073,1.1034,0.2756,-0.1661,34.5145,36.5796,-0.0415,nan,nan,nan,nan
133.9348,-0.0016,-0.0048,1.1980,-0.0154,0.0113,-0.0660,0.2573,-0.0074,1.1034,0.2756,-0.1656,34.5172,36.5817,-0.0446,nan,nan,nan,nan
133.9602,-0.0016,-0.0049,1.1980,-0.0126,0.0117,-0.0666,0.2573,-0.0075,1.1034,0.2756,-0.1625,34.5192,36.5785,-0.0406,nan,nan,nan,nan
133.9832,-0.0016,-0.0050,1.1980,-0.0126,0.0117,-0.0666,0.2573,-0.0076,1.1034,0.2756,-0.1625,34.5190,36.5752,-0.0322,nan,nan,nan,nan
134.0037,-0.0016,-0.0050,1.1980,-0.0098,0.0117,-0.0666,0.2573,-0.0077,1.1034,0.2756,-0.1636,34.5195,36.5728,-0.0257,nan,nan,nan,nan
134.0325,-0.0016,-0.0051,1.1980,-0.0072,0.0120,-0.0660,0.2573,-0.0078,1.1034,0.2756,-0.1664,34.5199,36.5708,-0.0209,nan,nan,nan,nan
134.0661,-0.0015,-0.0053,1.1980,-0.0047,0.0122,-0.0650,0.2573,-0.0079,1.1034,0.2756,-0.1723,34.5198,36.5704,-0.0214,nan,nan,nan,nan
134.0928,-0.0015,-0.0054,1.1980,-0.0035,0.0126,-0.0658,0.2573,-0.0080,1.1034,0.2756,-0.1670,34.5191,36.5718,-0.0221,nan,nan,nan,nan
134.1149,-0.0015,-0.0055,1.1980,-0.0035,0.0126,-0.0658,0.2573,-0.0081,1.1034,0.2756,-0.1531,34.5186,36.5724,-0.0228,nan,nan,nan,nan
134.1428,-0.0015,-0.0056,1.1980,-0.0038,0.0129,-0.0687,0.2573,-0.0081,1.1034,0.2756,-0.1418,34.5181,36.5719,-0.0234,nan,nan,nan,nan
134.1707,-0.0015,-0.0057,1.1980,-0.0044,0.0131,-0.0715,0.2573,-0.0081,1.1034,0.2756,-0.1270,34.5179,36.5674,-0.0232,nan,nan,nan,nan
134.1948,-0.0015,-0.0057,1.1980,-0.0044,0.0131,-0.0715,0.2573,-0.0082,1.1034,0.2756,-0.1192,34.5174,36.5639,-0.0221,nan,nan,nan,nan
134.2150,-0.0015,-0.0058,1.1980,-0.0051,0.0130,-0.0735,0.2573,-0.0082,1.1034,0.2756,-0.1120,34.5168,36.5615,-0.0201,nan,nan,nan,nan
134.2436,-0.0015,-0.0059,1.1980,-0.0051,0.0130,-0.0735,0.2573,-0.0082,1.1034,0.2756,-0.0995,34.5151,36.5600,-0.0220,nan,nan,nan,nan
134.2721,-0.0015,-0.0059,1.1980,-0.0068,0.0127,-0.0751,0.2573,-0.0083,1.1033,0.2756,-0.0901,34.5130,36.5617,-0.0230,nan,nan,nan,nan
134.3035,-0.0015,-0.0061,1.1980,-0.0095,0.0124,-0.0778,0.2573,-0.0083,1.1034,0.2756,-0.0704,34.5110,36.5648,-0.0200,nan,nan,nan,nan
134.3331,-0.0015,-0.0062,1.1980,-0.0147,0.0127,-0.0827,0.2573,-0.0083,1.1034,0.2756,-0.0285,34.5109,36.5658,-0.0094,nan,nan,nan,nan
134.3681,-0.0015,-0.0063,1.1980,-0.0223,0.0132,-0.0900,0.2573,-0.0082,1.1034,0.2756,0.0322,34.5107,36.5711,-0.0013,nan,nan,nan,nan
134.3930,-0.0015,-0.0065,1.1980,-0.0320,0.0141,-0.0992,0.2573,-0.0081,1.1034,0.2756,0.1079,34.5112,36.5832,0.0005,nan,nan,nan,nan
134.4190,-0.0015,-0.0066,1.1980,-0.0320,0.0141,-0.0992,0.2573,-0.0080,1.1034,0.2756,0.1696,34.5133,36.5908,0.0009,nan,nan,nan,nan
134.4478,-0.0015,-0.0067,1.1980,-0.0433,0.0154,-0.1089,0.2573,-0.0079,1.1034,0.2756,0.2122,34.5157,36.5939,0.0041,nan,nan,nan,nan
134.4807,-0.0015,-0.0068,1.1980,-0.0557,0.0168,-0.1176,0.2573,-0.0078,1.1035,0.2755,0.2727,34.5188,36.5983,0.0109,nan,nan,nan,nan
134.5063,-0.0015,-0.0069,1.1980,-0.0557,0.0168,-0.1176,0.2573,-0.0077,1.1035,0.2755,0.3089,34.5200,36.6007,0.0141,nan,nan,nan,nan
134.5311,-0.0015,-0.0070,1.1980,-0.0680,0.0174,-0.1242,0.2573,-0.0076,1.1035,0.2755,0.3603,34.5213,36.6037,0.0159,nan,nan,nan,nan
134.5603,-0.0015,-0.0071,1.1980,-0.0804,0.0174,-0.1287,0.2573,-0.0076,1.1035,0.2755,0.4034,34.5219,36.6061,0.0098,nan,nan,nan,nan
134.5948,-0.0014,-0.0072,1.1980,-0.0918,0.0169,-0.1298,0.2573,-0.0075,1.1035,0.2755,0.4400,34.5222,36.6082,0.0037,nan,nan,nan,nan
134.6193,-0.0014,-0.0073,1.1980,-0.0918,0.0169,-0.1298,0.2574,-0.0076,1.1035,0.2755,0.4511,34.5224,36.6094,0.0054,nan,nan,nan,nan
134.6420,-0.0014,-0.0073,1.1980,-0.1021,0.0159,-0.1265,0.2574,-0.0076,1.1035,0.2755,0.4515,34.5222,36.6102,0.0051,nan,nan,nan,nan
134.6693,-0.0014,-0.0074,1.1980,-0.1118,0.0145,-0.1207,0.2574,-0.0077,1.1035,0.2755,0.4470,34.5211,36.6169,0.0038,nan,nan,nan,nan
134.7061,-0.0014,-0.0075,1.1980,-0.1225,0.0128,-0.1144,0.2574,-0.0078,1.1036,0.2755,0.4404,34.5195,36.6228,0.0010,nan,nan,nan,nan
134.7322,-0.0014,-0.0076,1.1980,-0.1225,0.0128,-0.1144,0.2574,-0.0079,1.1036,0.2755,0.4338,34.5184,36.6224,0.0007,nan,nan,nan,nan
134.7533,-0.0014,-0.0076,1.1980,-0.1340,0.0106,-0.1076,0.2574,-0.0080,1.1036,0.2755,0.4325,34.5175,36.6219,0.0021,nan,nan,nan,nan
134.7811,-0.0014,-0.0077,1.1980,-0.1467,0.0079,-0.1016,0.2574,-0.0081,1.1036,0.2755,0.4315,34.5140,36.6214,0.0007,nan,nan,nan,nan
134.8071,-0.0014,-0.0078,1.1980,-0.1467,0.0079,-0.1016,0.2574,-0.0081,1.1036,0.2755,0.4294,34.5136,36.6175,0.0016,nan,nan,nan,nan
134.8288,-0.0013,-0.0078,1.1980,-0.1601,0.0055,-0.0953,0.2575,-0.0082,1.1036,0.2755,0.4306,34.5137,36.6145,-0.0008,nan,nan,nan,nan
134.8533,-0.0013,-0.0079,1.1980,-0.1749,0.0036,-0.0894,0.2575,-0.0082,1.1036,0.2755,0.4333,34.5141,36.6131,-0.0035,nan,nan,nan,nan
134.8801,-0.0013,-0.0079,1.1980,-0.1895,0.0013,-0.0823,0.2575,-0.0083,1.1036,0.2755,0.4305,34.5123,36.6183,-0.0155,nan,nan,nan,nan
134.9147,-0.0013,-0.0080,1.1980,-0.2041,-0.0006,-0.0750,0.2575,-0.0083,1.1036,0.2755,0.4263,34.5139,36.6214,-0.0297,nan,nan,nan,nan
134.9410,-0.0013,-0.0080,1.1980,-0.2187,-0.0020,-0.0667,0.2575,-0.0084,1.1036,0.2755,0.4162,34.5190,36.6208,-0.0439,nan,nan,nan,nan
134.9677,-0.0013,-0.0081,1.1980,-0.2187,-0.0020,-0.0667,0.2575,-0.0085,1.1037,0.2755,0.4079,34.5232,36.6200,-0.0534,nan,nan,nan,nan
134.9908,-0.0013,-0.0081,1.1980,-0.2330,-0.0034,-0.0583,0.2575,-0.0085,1.1037,0.2755,0.4022,34.5240,36.6214,-0.0566,nan,nan,nan,nan
135.0273,-0.0012,-0.0081,1.1980,-0.2465,-0.0058,-0.0504,0.2576,-0.0086,1.1037,0.2755,0.3936,34.5244,36.6241,-0.0571,nan,nan,nan,nan
135.0568,-0.0012,-0.0081,1.1980,-0.2465,-0.0058,-0.0504,0.2576,-0.0086,1.1037,0.2755,0.3860,34.5229,36.6249,-0.0581,nan,nan,nan,nan
135.0868,-0.0012,-0.0081,1.1980,-0.2592,-0.0089,-0.0412,0.2576,-0.0087,1.1037,0.2755,0.3691,34.5205,36.6274,-0.0640,nan,nan,nan,nan
135.1070,-0.0012,-0.0081,1.1980,-0.2592,-0.0089,-0.0412,0.2576,-0.0087,1.1037,0.2755,0.3572,34.5190,36.6300,-0.0728,nan,nan,nan,nan
135.1273,-0.0012,-0.0081,1.1980,-0.2712,-0.0120,-0.0313,0.2576,-0.0087,1.1037,0.2755,0.3513,34.5181,36.6318,-0.0786,nan,nan,nan,nan
135.1547,-0.0012,-0.0081,1.1980,-0.2712,-0.0120,-0.0313,0.2576,-0.0088,1.1037,0.2755,0.3398,34.5168,36.6348,-0.0909,nan,nan,nan,nan
135.1828,-0.0012,-0.0081,1.1980,-0.2823,-0.0149,-0.0225,0.2576,-0.0088,1.1037,0.2755,0.3296,34.5170,36.6358,-0.1014,nan,nan,nan,nan
135.2066,-0.0012,-0.0081,1.1980,-0.2934,-0.0176,-0.0152,0.2576,-0.0088,1.1038,0.2754,0.3172,34.5183,36.6367,-0.1088,nan,nan,nan,nan
135.2333,-0.0012,-0.0080,1.1980,-0.3042,-0.0199,-0.0082,0.2576,-0.0088,1.1038,0.2754,0.3065,34.5202,36.6387,-0.1089,nan,nan,nan,nan
135.2701,-0.0012,-0.0080,1.1980,-0.3145,-0.0224,-0.0018,0.2577,-0.0088,1.1038,0.2754,0.3002,34.5212,36.6403,-0.1128,nan,nan,nan,nan
135.3040,-0.0011,-0.0079,1.1980,-0.3236,-0.0249,0.0034,0.2577,-0.0087,1.1038,0.2754,0.2976,34.5233,36.6398,-0.1175,nan,nan,nan,nan
135.3411,-0.0011,-0.0079,1.1981,-0.3321,-0.0273,0.0082,0.2577,-0.0087,1.1039,0.2754,0.2968,34.5261,36.6400,-0.1222,nan,nan,nan,nan
135.3633,-0.0011,-0.0078,1.1981,-0.3321,-0.0273,0.0082,0.2577,-0.0086,1.1039,0.2754,0.2932,34.5294,36.6387,-0.1238,nan,nan,nan,nan
135.3883,-0.0011,-0.0077,1.1981,-0.3388,-0.0294,0.0132,0.2577,-0.0086,1.1039,0.2754,0.2867,34.5336,36.6336,-0.1222,nan,nan,nan,nan
135.4147,-0.0011,-0.0077,1.1981,-0.3436,-0.0318,0.0183,0.2577,-0.0085,1.1039,0.2754,0.2815,34.5358,36.6311,-0.1170,nan,nan,nan,nan
135.4389,-0.0011,-0.0076,1.1981,-0.3436,-0.0318,0.0183,0.2577,-0.0085,1.1039,0.2754,0.2671,34.5387,36.6272,-0.1070,nan,nan,nan,nan
135.4605,-0.0011,-0.0075,1.1981,-0.3464,-0.0344,0.0248,0.2578,-0.0085,1.1039,0.2755,0.2548,34.5410,36.6237,-0.1039,nan,nan,nan,nan
135.4904,-0.0011,-0.0074,1.1981,-0.3475,-0.0371,0.0315,0.2578,-0.0084,1.1040,0.2755,0.2365,34.5427,36.6230,-0.1023,nan,nan,nan,nan
135.5123,-0.0011,-0.0073,1.1981,-0.3475,-0.0371,0.0315,0.2578,-0.0083,1.1040,0.2754,0.2249,34.5443,36.6253,-0.1007,nan,nan,nan,nan
135.5349,-0.0011,-0.0071,1.1981,-0.3474,-0.0392,0.0378,0.2578,-0.0083,1.1040,0.2754,0.2016,34.5479,36.6291,-0.0960,nan,nan,nan,nan
135.5585,-0.0011,-0.0071,1.1981,-0.3456,-0.0414,0.0435,0.2578,-0.0082,1.1040,0.2754,0.1894,34.5487,36.6292,-0.0947,nan,nan,nan,nan
135.5878,-0.0011,-0.0069,1.1981,-0.3421,-0.0443,0.0493,0.2578,-0.0081,1.1040,0.2754,0.1631,34.5465,36.6288,-0.0896,nan,nan,nan,nan
135.6085,-0.0011,-0.0067,1.1981,-0.3421,-0.0443,0.0493,0.2578,-0.0081,1.1040,0.2754,0.1471,34.5445,36.6287,-0.0867,nan,nan,nan,nan
135.6291,-0.0011,-0.0065,1.1981,-0.3363,-0.0474,0.0556,0.2578,-0.0080,1.1040,0.2754,0.1200,34.5431,36.6267,-0.0845,nan,nan,nan,nan
135.6514,-0.0011,-0.0064,1.1981,-0.3283,-0.0503,0.0629,0.2578,-0.0079,1.1040,0.2755,0.0743,34.5403,36.6240,-0.0896,nan,nan,nan,nan
135.6750,-0.0011,-0.0062,1.1981,-0.3172,-0.0535,0.0712,0.2578,-0.0079,1.1040,0.2755,0.0326,34.5376,36.6222,-0.0926,nan,nan,nan,nan
135.7058,-0.0011,-0.0059,1.1981,-0.3033,-0.0568,0.0801,0.2578,-0.0078,1.1040,0.2755,-0.0281,34.5326,36.6210,-0.0913,nan,nan,nan,nan
135.7330,-0.0011,-0.0056,1.1981,-0.2868,-0.0599,0.0898,0.2578,-0.0078,1.1040,0.2755,-0.0984,34.5288,36.6198,-0.0895,nan,nan,nan,nan
135.7581,-0.0011,-0.0053,1.1981,-0.2678,-0.0624,0.0992,0.2578,-0.0078,1.1040,0.2755,-0.1717,34.5265,36.6136,-0.0894,nan,nan,nan,nan
135.7894,-0.0012,-0.0050,1.1981,-0.2472,-0.0647,0.1066,0.2578,-0.0077,1.1040,0.2755,-0.2371,34.5233,36.6084,-0.0896,nan,nan,nan,nan
135.8231,-0.0012,-0.0047,1.1981,-0.2273,-0.0663,0.1099,0.2578,-0.0075,1.1040,0.2755,-0.2756,34.5196,36.6105,-0.0846,nan,nan,nan,nan
135.8586,-0.0012,-0.0044,1.1981,-0.2082,-0.0667,0.1082,0.2577,-0.0072,1.1040,0.2755,-0.2839,34.5173,36.6170,-0.0788,nan,nan,nan,nan
135.8904,-0.0012,-0.0041,1.1981,-0.1896,-0.0662,0.1017,0.2577,-0.0068,1.1040,0.2755,-0.2641,34.5171,36.6188,-0.0724,nan,nan,nan,nan
135.9118,-0.0013,-0.0039,1.1981,-0.1896,-0.0662,0.1017,0.2577,-0.0065,1.1040,0.2755,-0.2370,34.5168,36.6164,-0.0720,nan,nan,nan,nan
135.9349,-0.0013,-0.0037,1.1981,-0.1710,-0.0652,0.0922,0.2576,-0.0061,1.1040,0.2755,-0.2004,34.5167,36.6135,-0.0668,nan,nan,nan,nan
135.9556,-0.0013,-0.0035,1.1981,-0.1526,-0.0633,0.0803,0.2576,-0.0058,1.1040,0.2755,-0.1706,34.5166,36.6122,-0.0602,nan,nan,nan,nan
135.9816,-0.0013,-0.0032,1.1981,-0.1343,-0.0609,0.0662,0.2576,-0.0052,1.1040,0.2755,-0.1009,34.5152,36.6114,-0.0465,nan,nan,nan,nan
136.0125,-0.0014,-0.0029,1.1981,-0.1151,-0.0581,0.0518,0.2575,-0.0046,1.1039,0.2755,-0.0290,34.5133,36.6133,-0.0347,nan,nan,nan,nan
136.0334,-0.0014,-0.0026,1.1981,-0.1151,-0.0581,0.0518,0.2575,-0.0042,1.1039,0.2755,0.0037,34.5134,36.6150,-0.0290,nan,nan,nan,nan
136.0554,-0.0014,-0.0025,1.1981,-0.0944,-0.0540,0.0388,0.2575,-0.0039,1.1039,0.2755,0.0476,34.5152,36.6176,-0.0221,nan,nan,nan,nan
136.0907,-0.0015,-0.0022,1.1981,-0.0726,-0.0490,0.0273,0.2574,-0.0035,1.1039,0.2755,0.0869,34.5167,36.6200,-0.0162,nan,nan,nan,nan
136.1165,-0.0015,-0.0020,1.1981,-0.0726,-0.0490,0.0273,0.2574,-0.0031,1.1039,0.2755,0.1262,34.5179,36.6213,-0.0109,nan,nan,nan,nan
136.1437,-0.0015,-0.0018,1.1981,-0.0497,-0.0440,0.0157,0.2574,-0.0028,1.1039,0.2755,0.1505,34.5192,36.6221,-0.0085,nan,nan,nan,nan
136.1731,-0.0016,-0.0015,1.1981,-0.0264,-0.0384,0.0058,0.2573,-0.0024,1.1039,0.2755,0.1817,34.5199,36.6252,-0.0049,nan,nan,nan,nan
136.1958,-0.0016,-0.0013,1.1981,-0.0264,-0.0384,0.0058,0.2573,-0.0021,1.1039,0.2755,0.2046,34.5200,36.6326,0.0003,nan,nan,nan,nan
136.2174,-0.0016,-0.0011,1.1981,-0.0025,-0.0321,-0.0013,0.2572,-0.0018,1.1039,0.2755,0.2111,34.5199,36.6357,0.0026,nan,nan,nan,nan
136.2402,-0.0017,-0.0009,1.1981,0.0225,-0.0256,-0.0067,0.2572,-0.0015,1.1039,0.2754,0.2272,34.5204,36.6475,0.0060,nan,nan,nan,nan
136.2662,-0.0017,-0.0006,1.1981,0.0225,-0.0256,-0.0067,0.2571,-0.0012,1.1039,0.2754,0.2302,34.5193,36.6524,0.0052,nan,nan,nan,nan
136.2927,-0.0017,-0.0004,1.1981,0.0482,-0.0194,-0.0095,0.2571,-0.0010,1.1039,0.2754,0.2277,34.5168,36.6589,0.0058,nan,nan,nan,nan
136.3277,-0.0018,-0.0001,1.1981,0.0738,-0.0129,-0.0099,0.2570,-0.0008,1.1039,0.2754,0.2181,34.5140,36.6645,0.0057,nan,nan,nan,nan
136.3624,-0.0018,0.0002,1.1981,0.0997,-0.0063,-0.0080,0.2569,-0.0005,1.1039,0.2754,0.1938,34.5106,36.6694,0.0088,nan,nan,nan,nan
136.3870,-0.0019,0.0006,1.1981,0.1255,-0.0000,-0.0049,0.2569,-0.0002,1.1038,0.2754,0.1617,34.5073,36.6707,0.0051,nan,nan,nan,nan
136.4238,-0.0019,0.0009,1.1981,0.1506,0.0069,-0.0013,0.2568,0.0000,1.1038,0.2754,0.1273,34.5047,36.6743,0.0024,nan,nan,nan,nan
136.4541,-0.0020,0.0012,1.1981,0.1740,0.0145,0.0026,0.2567,0.0003,1.1038,0.2754,0.0930,34.5029,36.6818,0.0011,nan,nan,nan,nan
136.4842,-0.0020,0.0016,1.1981,0.1961,0.0220,0.0065,0.2567,0.0005,1.1037,0.2754,0.0600,34.5012,36.6884,-0.0021,nan,nan,nan,nan
136.5055,-0.0021,0.0018,1.1981,0.1961,0.0220,0.0065,0.2566,0.0007,1.1037,0.2754,0.0449,34.5004,36.6901,-0.0017,nan,nan,nan,nan
136.5274,-0.0021,0.0020,1.1981,0.2166,0.0293,0.0100,0.2566,0.0008,1.1037,0.2754,0.0251,34.4982,36.6926,-0.0023,nan,nan,nan,nan
136.5514,-0.0021,0.0022,1.1981,0.2349,0.0368,0.0126,0.2565,0.0010,1.1037,0.2754,0.0097,34.4972,36.6927,-0.0015,nan,nan,nan,nan
136.5770,-0.0022,0.0024,1.1981,0.2349,0.0368,0.0126,0.2565,0.0012,1.1037,0.2754,0.0005,34.4977,36.6905,-0.0003,nan,nan,nan,nan
136.5991,-0.0022,0.0025,1.1982,0.2516,0.0443,0.0146,0.2565,0.0013,1.1036,0.2754,-0.0089,34.4984,36.6862,0.0011,nan,nan,nan,nan
136.6278,-0.0022,0.0027,1.1982,0.2664,0.0510,0.0154,0.2564,0.0015,1.1036,0.2754,-0.0144,34.4968,36.6820,0.0051,nan,nan,nan,nan
136.6613,-0.0023,0.0030,1.1982,0.2793,0.0577,0.0156,0.2564,0.0018,1.1036,0.2754,-0.0164,34.4958,36.6798,0.0065,nan,nan,nan,nan
136.6819,-0.0023,0.0032,1.1982,0.2793,0.0577,0.0156,0.2563,0.0020,1.1035,0.2754,-0.0170,34.4971,36.6798,0.0084,nan,nan,nan,nan
136.7040,-0.0023,0.0033,1.1982,0.2907,0.0647,0.0157,0.2563,0.0021,1.1035,0.2754,-0.0165,34.4987,36.6791,0.0170,nan,nan,nan,nan
136.7331,-0.0023,0.0035,1.1982,0.3006,0.0707,0.0150,0.2563,0.0023,1.1035,0.2754,-0.0123,34.4997,36.6747,0.0327,nan,nan,nan,nan
136.7583,-0.0024,0.0036,1.1982,0.3006,0.0707,0.0150,0.2562,0.0025,1.1035,0.2754,-0.0096,34.4997,36.6728,0.0394,nan,nan,nan,nan
136.7836,-0.0024,0.0037,1.1982,0.3092,0.0761,0.0148,0.2562,0.0026,1.1035,0.2754,-0.0087,34.5014,36.6703,0.0423,nan,nan,nan,nan
136.8170,-0.0024,0.0039,1.1982,0.3170,0.0811,0.0151,0.2562,0.0028,1.1035,0.2754,-0.0097,34.5019,36.6678,0.0401,nan,nan,nan,nan
136.8490,-0.0024,0.0041,1.1982,0.3233,0.0851,0.0152,0.2562,0.0030,1.1034,0.2754,-0.0089,34.5002,36.6641,0.0343,nan,nan,nan,nan
136.8818,-0.0025,0.0043,1.1982,0.3281,0.0888,0.0155,0.2562,0.0032,1.1034,0.2754,-0.0078,34.5001,36.6594,0.0225,nan,nan,nan,nan
136.9060,-0.0025,0.0044,1.1982,0.3281,0.0888,0.0155,0.2561,0.0033,1.1034,0.2754,-0.0083,34.5005,36.6564,0.0184,nan,nan,nan,nan
136.9275,-0.0025,0.0045,1.1982,0.3323,0.0922,0.0160,0.2561,0.0034,1.1034,0.2755,-0.0135,34.5022,36.6495,0.0118,nan,nan,nan,nan
136.9480,-0.0025,0.0046,1.1982,0.3360,0.0951,0.0173,0.2561,0.0035,1.1034,0.2755,-0.0189,34.5037,36.6465,0.0116,nan,nan,nan,nan
136.9779,-0.0025,0.0047,1.1982,0.3389,0.0977,0.0201,0.2561,0.0036,1.1034,0.2755,-0.0350,34.5086,36.6428,0.0158,nan,nan,nan,nan
137.0003,-0.0025,0.0048,1.1982,0.3389,0.0977,0.0201,0.2561,0.0036,1.1034,0.2755,-0.0432,34.5113,36.6431,0.0175,nan,nan,nan,nan
137.0228,-0.0025,0.0048,1.1982,0.3403,0.0998,0.0218,0.2561,0.0037,1.1034,0.2754,-0.0461,34.5126,36.6433,0.0193,nan,nan,nan,nan
137.0557,-0.0025,0.0049,1.1982,0.3403,0.1010,0.0232,0.2561,0.0037,1.1034,0.2754,-0.0521,34.5141,36.6424,0.0243,nan,nan,nan,nan
137.0774,-0.0025,0.0050,1.1982,0.3403,0.1010,0.0232,0.2561,0.0037,1.1034,0.2755,-0.0597,34.5155,36.6401,0.0291,nan,nan,nan,nan
137.1044,-0.0025,0.0050,1.1982,0.3403,0.1015,0.0261,0.2561,0.0038,1.1034,0.2755,-0.0744,34.5170,36.6358,0.0348,nan,nan,nan,nan
137.1361,-0.0025,0.0051,1.1982,0.3400,0.1013,0.0296,0.2561,0.0037,1.1033,0.2755,-0.0935,34.5181,36.6310,0.0410,nan,nan,nan,nan
137.1692,-0.0025,0.0051,1.1982,0.3393,0.1005,0.0339,0.2561,0.0037,1.1033,0.2755,-0.1230,34.5185,36.6280,0.0436,nan,nan,nan,nan
137.2054,-0.0025,0.0052,1.1982,0.3371,0.0997,0.0373,0.2562,0.0036,1.1034,0.2755,-0.1464,34.5228,36.6254,0.0456,nan,nan,nan,nan
137.2322,-0.0024,0.0052,1.1982,0.3332,0.0981,0.0396,0.2562,0.0036,1.1034,0.2755,-0.1610,34.5252,36.6250,0.0460,nan,nan,nan,nan
137.2543,-0.0024,0.0052,1.1982,0.3332,0.0981,0.0396,0.2562,0.0036,1.1034,0.2755,-0.1625,34.5254,36.6282,0.0477,nan,nan,nan,nan
137.2796,-0.0024,0.0052,1.1982,0.3273,0.0958,0.0398,0.2562,0.0036,1.1034,0.2754,-0.1606,34.5264,36.6354,0.0490,nan,nan,nan,nan
137.3041,-0.0024,0.0052,1.1982,0.3207,0.0930,0.0391,0.2562,0.0036,1.1034,0.2754,-0.1595,34.5275,36.6395,0.0488,nan,nan,nan,nan
137.3257,-0.0024,0.0052,1.1982,0.3207,0.0930,0.0391,0.2563,0.0036,1.1035,0.2754,-0.1565,34.5284,36.6436,0.0481,nan,nan,nan,nan
137.3460,-0.0023,0.0052,1.1982,0.3126,0.0899,0.0381,0.2563,0.0036,1.1035,0.2754,-0.1519,34.5292,36.6487,0.0486,nan,nan,nan,nan
137.3769,-0.0023,0.0051,1.1982,0.3039,0.0857,0.0361,0.2563,0.0036,1.1035,0.2754,-0.1404,34.5308,36.6531,0.0458,nan,nan,nan,nan
137.4000,-0.0023,0.0051,1.1982,0.3039,0.0857,0.0361,0.2563,0.0036,1.1035,0.2754,-0.1306,34.5310,36.6562,0.0414,nan,nan,nan,nan
137.4225,-0.0022,0.0051,1.1982,0.2943,0.0808,0.0340,0.2564,0.0035,1.1036,0.2754,-0.1251,34.5309,36.6579,0.0399,nan,nan,nan,nan
137.4508,-0.0022,0.0050,1.1982,0.2845,0.0754,0.0330,0.2564,0.0035,1.1036,0.2754,-0.1218,34.5313,36.6588,0.0410,nan,nan,nan,nan
137.4780,-0.0022,0.0050,1.1982,0.2845,0.0754,0.0330,0.2564,0.0034,1.1036,0.2754,-0.1215,34.5315,36.6594,0.0447,nan,nan,nan,nan
137.5055,-0.0022,0.0049,1.1982,0.2746,0.0693,0.0329,0.2565,0.0034,1.1036,0.2754,-0.1220,34.5319,36.6595,0.0474,nan,nan,nan,nan
137.5344,-0.0021,0.0049,1.1982,0.2644,0.0625,0.0329,0.2565,0.0033,1.1037,0.2754,-0.1228,34.5318,36.6630,0.0531,nan,nan,nan,nan
137.5700,-0.0021,0.0048,1.1982,0.2536,0.0558,0.0325,0.2566,0.0032,1.1037,0.2754,-0.1229,34.5342,36.6667,0.0592,nan,nan,nan,nan
137.5958,-0.0020,0.0047,1.1982,0.2536,0.0558,0.0325,0.2566,0.0031,1.1037,0.2753,-0.1183,34.5353,36.6704,0.0675,nan,nan,nan,nan
137.6172,-0.0020,0.0046,1.1982,0.2413,0.0488,0.0316,0.2567,0.0031,1.1038,0.2753,-0.1169,34.5355,36.6711,0.0711,nan,nan,nan,nan
137.6453,-0.0019,0.0045,1.1981,0.2286,0.0406,0.0305,0.2567,0.0029,1.1038,0.2753,-0.1117,34.5344,36.6721,0.0762,nan,nan,nan,nan
137.6761,-0.0019,0.0044,1.1981,0.2157,0.0315,0.0296,0.2568,0.0028,1.1038,0.2753,-0.1091,34.5318,36.6695,0.0762,nan,nan,nan,nan
137.7007,-0.0018,0.0043,1.1981,0.2018,0.0226,0.0283,0.2569,0.0027,1.1038,0.2753,-0.1037,34.5305,36.6693,0.0772,nan,nan,nan,nan
137.7314,-0.0017,0.0041,1.1981,0.1875,0.0140,0.0276,0.2570,0.0025,1.1039,0.2754,-0.1010,34.5319,36.6654,0.0760,nan,nan,nan,nan
137.7682,-0.0017,0.0040,1.1981,0.1741,0.0046,0.0274,0.2570,0.0023,1.1039,0.2754,-0.1058,34.5306,36.6635,0.0756,nan,nan,nan,nan
137.7901,-0.0016,0.0038,1.1981,0.1741,0.0046,0.0274,0.2571,0.0022,1.1039,0.2754,-0.1072,34.5299,36.6617,0.0746,nan,nan,nan,nan
137.8121,-0.0016,0.0038,1.1981,0.1597,-0.0046,0.0274,0.2571,0.0021,1.1039,0.2754,-0.1100,34.5289,36.6616,0.0724,nan,nan,nan,nan
137.8416,-0.0015,0.0036,1.1981,0.1452,-0.0133,0.0276,0.2572,0.0019,1.1039,0.2754,-0.1136,34.5290,36.6606,0.0706,nan,nan,nan,nan
137.8676,-0.0015,0.0035,1.1981,0.1452,-0.0133,0.0276,0.2573,0.0018,1.1040,0.2754,-0.1130,34.5297,36.6603,0.0679,nan,nan,nan,nan
137.8908,-0.0015,0.0034,1.1981,0.1304,-0.0217,0.0266,0.2573,0.0016,1.1040,0.2754,-0.1054,34.5306,36.6597,0.0663,nan,nan,nan,nan
137.9183,-0.0014,0.0032,1.1981,0.1141,-0.0297,0.0238,0.2574,0.0015,1.1040,0.2754,-0.0969,34.5310,36.6577,0.0657,nan,nan,nan,nan
137.9557,-0.0014,0.0031,1.1981,0.0975,-0.0373,0.0213,0.2574,0.0014,1.1040,0.2754,-0.0827,34.5303,36.6566,0.0637,nan,nan,nan,nan
137.9775,-0.0013,0.0029,1.1981,0.0975,-0.0373,0.0213,0.2575,0.0012,1.1041,0.2754,-0.0828,34.5299,36.6580,0.0647,nan,nan,nan,nan
138.0054,-0.0013,0.0028,1.1981,0.0831,-0.0442,0.0213,0.2575,0.0010,1.1041,0.2754,-0.0927,34.5305,36.6622,0.0674,nan,nan,nan,nan
138.0326,-0.0012,0.0027,1.1981,0.0704,-0.0503,0.0239,0.2576,0.0008,1.1041,0.2754,-0.1186,34.5342,36.6669,0.0752,nan,nan,nan,nan
138.0661,-0.0012,0.0025,1.1981,0.0587,-0.0558,0.0276,0.2576,0.0005,1.1042,0.2754,-0.1444,34.5368,36.6657,0.0765,nan,nan,nan,nan
138.0940,-0.0011,0.0023,1.1981,0.0478,-0.0610,0.0318,0.2577,0.0002,1.1042,0.2754,-0.1827,34.5392,36.6610,0.0760,nan,nan,nan,nan
138.1198,-0.0011,0.0022,1.1981,0.0478,-0.0610,0.0318,0.2577,-0.0001,1.1042,0.2754,-0.2085,34.5390,36.6581,0.0768,nan,nan,nan,nan
138.1468,-0.0011,0.0021,1.1981,0.0371,-0.0662,0.0352,0.2578,-0.0002,1.1042,0.2754,-0.2234,34.5377,36.6562,0.0780,nan,nan,nan,nan
138.1747,-0.0011,0.0020,1.1981,0.0257,-0.0707,0.0366,0.2578,-0.0005,1.1042,0.2754,-0.2372,34.5372,36.6516,0.0821,nan,nan,nan,nan
138.2006,-0.0010,0.0018,1.1981,0.0136,-0.0742,0.0367,0.2579,-0.0007,1.1042,0.2754,-0.2482,34.5372,36.6462,0.0903,nan,nan,nan,nan
138.2220,-0.0010,0.0016,1.1981,0.0136,-0.0742,0.0367,0.2579,-0.0009,1.1042,0.2754,-0.2509,34.5375,36.6437,0.0928,nan,nan,nan,nan
138.2435,-0.0010,0.0015,1.1981,0.0022,-0.0769,0.0353,0.2579,-0.0010,1.1042,0.2754,-0.2512,34.5373,36.6427,0.0964,nan,nan,nan,nan
138.2745,-0.0009,0.0014,1.1981,-0.0089,-0.0789,0.0323,0.2580,-0.0012,1.1042,0.2754,-0.2478,34.5372,36.6418,0.0978,nan,nan,nan,nan
138.2972,-0.0009,0.0012,1.1981,-0.0089,-0.0789,0.0323,0.2580,-0.0013,1.1042,0.2754,-0.2434,34.5378,36.6407,0.0983,nan,nan,nan,nan
138.3247,-0.0009,0.0011,1.1981,-0.0198,-0.0798,0.0288,0.2580,-0.0014,1.1042,0.2754,-0.2390,34.5375,36.6403,0.0972,nan,nan,nan,nan
138.3514,-0.0009,0.0010,1.1981,-0.0293,-0.0801,0.0261,0.2580,-0.0016,1.1042,0.2754,-0.2378,34.5374,36.6418,0.0988,nan,nan,nan,nan
138.3776,-0.0009,0.0008,1.1981,-0.0293,-0.0801,0.0261,0.2580,-0.0018,1.1042,0.2754,-0.2384,34.5375,36.6424,0.0983,nan,nan,nan,nan
138.4050,-0.0009,0.0007,1.1981,-0.0376,-0.0799,0.0235,0.2580,-0.0019,1.1042,0.2754,-0.2374,34.5361,36.6429,0.0960,nan,nan,nan,nan
138.4362,-0.0008,0.0006,1.1981,-0.0459,-0.0793,0.0196,0.2581,-0.0020,1.1042,0.2754,-0.2284,34.5331,36.6420,0.0961,nan,nan,nan,nan
138.4617,-0.0008,0.0004,1.1981,-0.0543,-0.0779,0.0145,0.2581,-0.0022,1.1042,0.2754,-0.2114,34.5309,36.6365,0.0955,nan,nan,nan,nan
138.4884,-0.0008,0.0002,1.1981,-0.0627,-0.0759,0.0075,0.2581,-0.0023,1.1042,0.2754,-0.1818,34.5283,36.6347,0.0892,nan,nan,nan,nan
138.5107,-0.0008,0.0000,1.1981,-0.0627,-0.0759,0.0075,0.2581,-0.0023,1.1041,0.2754,-0.1535,34.5285,36.6339,0.0863,nan,nan,nan,nan
138.5309,-0.0008,-0.0001,1.1981,-0.0711,-0.0725,-0.0006,0.2581,-0.0024,1.1041,0.2754,-0.1360,34.5292,36.6329,0.0884,nan,nan,nan,nan
138.5515,-0.0008,-0.0002,1.1981,-0.0780,-0.0683,-0.0072,0.2581,-0.0025,1.1041,0.2755,-0.1169,34.5321,36.6305,0.0920,nan,nan,nan,nan
138.5774,-0.0008,-0.0004,1.1981,-0.0780,-0.0683,-0.0072,0.2581,-0.0026,1.1041,0.2755,-0.1078,34.5354,36.6281,0.0964,nan,nan,nan,nan
138.6022,-0.0008,-0.0005,1.1981,-0.0828,-0.0634,-0.0118,0.2581,-0.0027,1.1041,0.2754,-0.1040,34.5381,36.6270,0.1035,nan,nan,nan,nan
138.6242,-0.0008,-0.0006,1.1981,-0.0850,-0.0590,-0.0138,0.2581,-0.0028,1.1041,0.2754,-0.1080,34.5379,36.6294,0.1107,nan,nan,nan,nan
138.6463,-0.0008,-0.0007,1.1981,-0.0850,-0.0590,-0.0138,0.2581,-0.0030,1.1041,0.2754,-0.1130,34.5382,36.6306,0.1120,nan,nan,nan,nan
138.6694,-0.0008,-0.0008,1.1981,-0.0859,-0.0540,-0.0145,0.2581,-0.0031,1.1041,0.2754,-0.1213,34.5391,36.6317,0.1118,nan,nan,nan,nan
138.6994,-0.0008,-0.0009,1.1981,-0.0849,-0.0491,-0.0134,0.2580,-0.0033,1.1041,0.2754,-0.1476,34.5391,36.6353,0.1141,nan,nan,nan,nan
138.7256,-0.0008,-0.0010,1.1981,-0.0849,-0.0491,-0.0134,0.2580,-0.0035,1.1041,0.2754,-0.1634,34.5386,36.6361,0.1141,nan,nan,nan,nan
138.7485,-0.0008,-0.0011,1.1981,-0.0828,-0.0442,-0.0116,0.2580,-0.0038,1.1041,0.2754,-0.1935,34.5369,36.6384,0.1124,nan,nan,nan,nan
138.7735,-0.0008,-0.0012,1.1981,-0.0806,-0.0395,-0.0103,0.2580,-0.0040,1.1040,0.2754,-0.2117,34.5353,36.6390,0.1115,nan,nan,nan,nan
138.7979,-0.0009,-0.0014,1.1981,-0.0786,-0.0349,-0.0112,0.2580,-0.0041,1.1040,0.2754,-0.2202,34.5333,36.6379,0.1080,nan,nan,nan,nan
138.8265,-0.0009,-0.0015,1.1981,-0.0766,-0.0300,-0.0131,0.2580,-0.0042,1.1040,0.2754,-0.2273,34.5317,36.6356,0.1041,nan,nan,nan,nan
138.8479,-0.0009,-0.0016,1.1981,-0.0766,-0.0300,-0.0131,0.2580,-0.0044,1.1040,0.2755,-0.2342,34.5295,36.6329,0.1026,nan,nan,nan,nan
138.8700,-0.0009,-0.0016,1.1982,-0.0737,-0.0254,-0.0145,0.2579,-0.0045,1.1039,0.2755,-0.2370,34.5287,36.6316,0.1020,nan,nan,nan,nan
138.8952,-0.0009,-0.0017,1.1982,-0.0697,-0.0210,-0.0159,0.2579,-0.0046,1.1039,0.2755,-0.2477,34.5258,36.6280,0.0979,nan,nan,nan,nan
138.9258,-0.0009,-0.0019,1.1982,-0.0652,-0.0167,-0.0171,0.2579,-0.0048,1.1039,0.2755,-0.2572,34.5240,36.6225,0.0927,nan,nan,nan,nan
138.9486,-0.0009,-0.0020,1.1982,-0.0652,-0.0167,-0.0171,0.2579,-0.0049,1.1038,0.2755,-0.2632,34.5228,36.6178,0.0876,nan,nan,nan,nan
138.9767,-0.0009,-0.0020,1.1982,-0.0603,-0.0124,-0.0184,0.2579,-0.0050,1.1038,0.2755,-0.2665,34.5222,36.6147,0.0850,nan,nan,nan,nan
138.9994,-0.0010,-0.0021,1.1982,-0.0546,-0.0078,-0.0207,0.2579,-0.0051,1.1038,0.2755,-0.2703,34.5219,36.6110,0.0831,nan,nan,nan,nan
139.0254,-0.0010,-0.0022,1.1982,-0.0546,-0.0078,-0.0207,0.2579,-0.0052,1.1038,0.2755,-0.2718,34.5208,36.6111,0.0782,nan,nan,nan,nan
139.0545,-0.0010,-0.0023,1.1982,-0.0493,-0.0034,-0.0236,0.2578,-0.0052,1.1038,0.2755,-0.2680,34.5194,36.6115,0.0732,nan,nan,nan,nan
139.0903,-0.0010,-0.0024,1.1982,-0.0452,0.0013,-0.0292,0.2578,-0.0053,1.1037,0.2755,-0.2473,34.5161,36.6107,0.0659,nan,nan,nan,nan
139.1283,-0.0010,-0.0025,1.1982,-0.0413,0.0061,-0.0358,0.2578,-0.0053,1.1037,0.2755,-0.2194,34.5147,36.6056,0.0751,nan,nan,nan,nan
139.1504,-0.0010,-0.0026,1.1982,-0.0413,0.0061,-0.0358,0.2578,-0.0053,1.1037,0.2755,-0.2040,34.5150,36.6027,0.0784,nan,nan,nan,nan
139.1790,-0.0010,-0.0027,1.1982,-0.0371,0.0112,-0.0423,0.2578,-0.0054,1.1036,0.2755,-0.1786,34.5154,36.5998,0.0804,nan,nan,nan,nan
139.2045,-0.0010,-0.0028,1.1982,-0.0324,0.0166,-0.0473,0.2578,-0.0054,1.1036,0.2755,-0.1677,34.5158,36.5995,0.0783,nan,nan,nan,nan
139.2258,-0.0011,-0.0029,1.1982,-0.0324,0.0166,-0.0473,0.2577,-0.0054,1.1036,0.2756,-0.1578,34.5172,36.5972,0.0781,nan,nan,nan,nan
139.2516,-0.0011,-0.0030,1.1982,-0.0267,0.0223,-0.0519,0.2577,-0.0055,1.1036,0.2756,-0.1452,34.5209,36.5899,0.0847,nan,nan,nan,nan
139.2722,-0.0011,-0.0030,1.1982,-0.0202,0.0282,-0.0546,0.2577,-0.0055,1.1036,0.2756,-0.1423,34.5233,36.5859,0.0860,nan,nan,nan,nan
139.2974,-0.0011,-0.0031,1.1982,-0.0202,0.0282,-0.0546,0.2577,-0.0056,1.1035,0.2756,-0.1410,34.5245,36.5827,0.0859,nan,nan,nan,nan
139.3201,-0.0011,-0.0032,1.1982,-0.0130,0.0334,-0.0562,0.2577,-0.0057,1.1035,0.2756,-0.1414,34.5245,36.5811,0.0853,nan,nan,nan,nan
139.3486,-0.0011,-0.0033,1.1982,-0.0049,0.0384,-0.0569,0.2577,-0.0058,1.1035,0.2756,-0.1510,34.5230,36.5800,0.0871,nan,nan,nan,nan
139.3772,-0.0011,-0.0034,1.1982,0.0038,0.0429,-0.0559,0.2577,-0.0059,1.1035,0.2756,-0.1636,34.5217,36.5795,0.0932,nan,nan,nan,nan
139.4110,-0.0011,-0.0035,1.1982,0.0128,0.0473,-0.0537,0.2577,-0.0061,1.1035,0.2756,-0.1849,34.5209,36.5792,0.0999,nan,nan,nan,nan
139.4311,-0.0011,-0.0036,1.1982,0.0128,0.0473,-0.0537,0.2576,-0.0062,1.1034,0.2756,-0.1967,34.5198,36.5761,0.0991,nan,nan,nan,nan
139.4515,-0.0011,-0.0036,1.1982,0.0212,0.0513,-0.0527,0.2576,-0.0063,1.1034,0.2756,-0.2023,34.5196,36.5742,0.0991,nan,nan,nan,nan
139.4856,-0.0011,-0.0037,1.1982,0.0284,0.0556,-0.0527,0.2576,-0.0064,1.1034,0.2756,-0.2055,34.5202,36.5739,0.0967,nan,nan,nan,nan
139.5081,-0.0011,-0.0038,1.1982,0.0284,0.0556,-0.0527,0.2576,-0.0065,1.1034,0.2756,-0.2034,34.5207,36.5749,0.0892,nan,nan,nan,nan
139.5307,-0.0011,-0.0039,1.1982,0.0346,0.0598,-0.0540,0.2576,-0.0065,1.1034,0.2756,-0.2028,34.5211,36.5756,0.0873,nan,nan,nan,nan
139.5609,-0.0011,-0.0040,1.1982,0.0404,0.0636,-0.0554,0.2576,-0.0066,1.1034,0.2756,-0.1993,34.5231,36.5761,0.0824,nan,nan,nan,nan
139.5828,-0.0011,-0.0041,1.1982,0.0404,0.0636,-0.0554,0.2576,-0.0067,1.1034,0.2756,-0.1937,34.5236,36.5755,0.0794,nan,nan,nan,nan
139.6071,-0.0011,-0.0042,1.1982,0.0451,0.0670,-0.0567,0.2576,-0.0068,1.1034,0.2756,-0.1870,34.5230,36.5765,0.0702,nan,nan,nan,nan
139.6337,-0.0011,-0.0042,1.1982,0.0495,0.0699,-0.0577,0.2576,-0.0068,1.1034,0.2756,-0.1857,34.5227,36.5773,0.0677,nan,nan,nan,nan
139.6670,-0.0011,-0.0043,1.1982,0.0529,0.0725,-0.0593,0.2576,-0.0069,1.1033,0.2756,-0.1749,34.5212,36.5811,0.0520,nan,nan,nan,nan
139.6921,-0.0011,-0.0045,1.1982,0.0529,0.0725,-0.0593,0.2576,-0.0069,1.1033,0.2756,-0.1610,34.5202,36.5854,0.0433,nan,nan,nan,nan
139.7201,-0.0011,-0.0045,1.1982,0.0548,0.0753,-0.0622,0.2576,-0.0070,1.1033,0.2756,-0.1490,34.5201,36.5871,0.0400,nan,nan,nan,nan
139.7409,-0.0011,-0.0046,1.1982,0.0554,0.0776,-0.0650,0.2576,-0.0070,1.1033,0.2756,-0.1310,34.5179,36.5912,0.0338,nan,nan,nan,nan
139.7723,-0.0011,-0.0048,1.1982,0.0558,0.0793,-0.0670,0.2576,-0.0071,1.1033,0.2755,-0.1120,34.5133,36.5970,0.0247,nan,nan,nan,nan
139.7970,-0.0010,-0.0049,1.1982,0.0558,0.0793,-0.0670,0.2576,-0.0071,1.1033,0.2755,-0.0981,34.5130,36.5988,0.0212,nan,nan,nan,nan
139.8212,-0.0010,-0.0050,1.1982,0.0558,0.0810,-0.0691,0.2577,-0.0071,1.1033,0.2755,-0.0933,34.5133,36.5990,0.0196,nan,nan,nan,nan
139.8537,-0.0010,-0.0051,1.1982,0.0557,0.0823,-0.0706,0.2577,-0.0072,1.1033,0.2755,-0.0774,34.5136,36.5982,0.0137,nan,nan,nan,nan
139.8738,-0.0010,-0.0052,1.1982,0.0557,0.0823,-0.0706,0.2577,-0.0073,1.1033,0.2756,-0.0709,34.5150,36.5944,0.0106,nan,nan,nan,nan
139.9005,-0.0010,-0.0052,1.1982,0.0552,0.0829,-0.0716,0.2577,-0.0073,1.1033,0.2756,-0.0641,34.5178,36.5868,0.0095,nan,nan,nan,nan
139.9257,-0.0010,-0.0054,1.1982,0.0552,0.0831,-0.0711,0.2578,-0.0074,1.1033,0.2756,-0.0623,34.5204,36.5823,0.0113,nan,nan,nan,nan
139.9475,-0.0009,-0.0055,1.1982,0.0552,0.0831,-0.0711,0.2578,-0.0075,1.1033,0.2756,-0.0651,34.5213,36.5817,0.0114,nan,nan,nan,nan
139.9696,-0.0009,-0.0055,1.1982,0.0551,0.0825,-0.0691,0.2578,-0.0076,1.1033,0.2756,-0.0665,34.5213,36.5812,0.0109,nan,nan,nan,nan
139.9934,-0.0009,-0.0057,1.1982,0.0545,0.0813,-0.0670,0.2578,-0.0078,1.1033,0.2756,-0.0720,34.5211,36.5803,0.0086,nan,nan,nan,nan
140.0175,-0.0008,-0.0058,1.1982,0.0545,0.0813,-0.0670,0.2579,-0.0079,1.1033,0.2756,-0.0740,34.5212,36.5824,0.0070,nan,nan,nan,nan
140.0413,-0.0008,-0.0058,1.1982,0.0529,0.0799,-0.0644,0.2579,-0.0080,1.1034,0.2756,-0.0762,34.5209,36.5863,0.0067,nan,nan,nan,nan
140.0783,-0.0008,-0.0060,1.1982,0.0508,0.0775,-0.0619,0.2579,-0.0081,1.1034,0.2755,-0.0804,34.5184,36.5902,0.0062,nan,nan,nan,nan
140.1001,-0.0007,-0.0061,1.1982,0.0508,0.0775,-0.0619,0.2580,-0.0082,1.1034,0.2755,-0.0834,34.5176,36.5907,0.0043,nan,nan,nan,nan
140.1215,-0.0007,-0.0062,1.1982,0.0484,0.0747,-0.0596,0.2580,-0.0083,1.1034,0.2755,-0.0843,34.5175,36.5912,0.0044,nan,nan,nan,nan
140.1522,-0.0007,-0.0063,1.1982,0.0446,0.0717,-0.0577,0.2581,-0.0084,1.1034,0.2755,-0.0826,34.5185,36.5919,0.0011,nan,nan,nan,nan
140.1771,-0.0006,-0.0064,1.1982,0.0446,0.0717,-0.0577,0.2581,-0.0085,1.1034,0.2755,-0.0769,34.5195,36.5903,0.0006,nan,nan,nan,nan
140.1974,-0.0006,-0.0065,1.1982,0.0392,0.0685,-0.0576,0.2581,-0.0085,1.1034,0.2755,-0.0690,34.5206,36.5883,0.0014,nan,nan,nan,nan
140.2247,-0.0005,-0.0066,1.1982,0.0317,0.0655,-0.0594,0.2582,-0.0086,1.1034,0.2755,-0.0400,34.5233,36.5884,0.0010,nan,nan,nan,nan
140.2448,-0.0005,-0.0068,1.1982,0.0317,0.0655,-0.0594,0.2582,-0.0086,1.1035,0.2755,-0.0108,34.5239,36.5884,-0.0000,nan,nan,nan,nan
140.2722,-0.0005,-0.0068,1.1982,0.0229,0.0619,-0.0627,0.2583,-0.0086,1.1035,0.2755,0.0093,34.5237,36.5880,0.0015,nan,nan,nan,nan
140.3056,-0.0004,-0.0070,1.1982,0.0130,0.0576,-0.0659,0.2583,-0.0086,1.1035,0.2756,0.0407,34.5229,36.5829,0.0031,nan,nan,nan,nan
140.3429,-0.0003,-0.0072,1.1982,0.0025,0.0526,-0.0687,0.2584,-0.0087,1.1035,0.2756,0.0819,34.5203,36.5801,0.0053,nan,nan,nan,nan
140.3784,-0.0003,-0.0073,1.1982,-0.0081,0.0477,-0.0713,0.2585,-0.0087,1.1035,0.2756,0.1214,34.5200,36.5832,0.0047,nan,nan,nan,nan
140.3998,-0.0002,-0.0075,1.1982,-0.0081,0.0477,-0.0713,0.2586,-0.0087,1.1035,0.2755,0.1509,34.5225,36.5851,0.0039,nan,nan,nan,nan
140.4262,-0.0002,-0.0076,1.1982,-0.0193,0.0432,-0.0739,0.2586,-0.0087,1.1036,0.2755,0.1602,34.5235,36.5852,0.0048,nan,nan,nan,nan
140.4492,-0.0001,-0.0077,1.1982,-0.0305,0.0380,-0.0758,0.2587,-0.0088,1.1036,0.2755,0.1955,34.5256,36.5869,0.0071,nan,nan,nan,nan
140.4718,-0.0001,-0.0078,1.1982,-0.0305,0.0380,-0.0758,0.2587,-0.0088,1.1036,0.2755,0.2167,34.5265,36.5894,0.0088,nan,nan,nan,nan
140.4948,-0.0000,-0.0079,1.1982,-0.0414,0.0322,-0.0761,0.2588,-0.0089,1.1036,0.2755,0.2264,34.5274,36.5904,0.0091,nan,nan,nan,nan
140.5215,0.0001,-0.0080,1.1982,-0.0517,0.0259,-0.0739,0.2588,-0.0090,1.1037,0.2755,0.2348,34.5285,36.5916,0.0101,nan,nan,nan,nan
140.5598,0.0001,-0.0082,1.1982,-0.0619,0.0194,-0.0704,0.2589,-0.0091,1.1037,0.2755,0.2398,34.5312,36.5882,0.0101,nan,nan,nan,nan
140.5901,0.0002,-0.0084,1.1982,-0.0719,0.0125,-0.0660,0.2590,-0.0093,1.1037,0.2755,0.2398,34.5332,36.5829,0.0106,nan,nan,nan,nan
140.6177,0.0003,-0.0085,1.1982,-0.0821,0.0052,-0.0612,0.2591,-0.0094,1.1038,0.2755,0.2373,34.5344,36.5777,0.0153,nan,nan,nan,nan
140.6404,0.0004,-0.0087,1.1982,-0.0926,-0.0019,-0.0562,0.2592,-0.0096,1.1038,0.2756,0.2326,34.5371,36.5722,0.0130,nan,nan,nan,nan
140.6752,0.0005,-0.0088,1.1982,-0.1023,-0.0096,-0.0501,0.2593,-0.0098,1.1038,0.2756,0.2192,34.5380,36.5665,0.0041,nan,nan,nan,nan
140.6967,0.0005,-0.0089,1.1982,-0.1023,-0.0096,-0.0501,0.2594,-0.0099,1.1038,0.2756,0.2070,34.5368,36.5598,-0.0085,nan,nan,nan,nan
140.7200,0.0006,-0.0090,1.1982,-0.1115,-0.0179,-0.0438,0.2595,-0.0100,1.1038,0.2756,0.1969,34.5350,36.5553,-0.0136,nan,nan,nan,nan
140.7509,0.0006,-0.0091,1.1982,-0.1203,-0.0264,-0.0366,0.2596,-0.0102,1.1038,0.2756,0.1787,34.5319,36.5491,-0.0191,nan,nan,nan,nan
140.7859,0.0007,-0.0092,1.1982,-0.1282,-0.0344,-0.0278,0.2596,-0.0104,1.1038,0.2756,0.1449,34.5279,36.5464,-0.0218,nan,nan,nan,nan
140.8128,0.0008,-0.0093,1.1982,-0.1282,-0.0344,-0.0278,0.2597,-0.0107,1.1039,0.2756,0.1198,34.5256,36.5467,-0.0237,nan,nan,nan,nan
140.8391,0.0008,-0.0093,1.1983,-0.1340,-0.0425,-0.0158,0.2598,-0.0109,1.1039,0.2756,0.0522,34.5207,36.5493,-0.0205,nan,nan,nan,nan
140.8593,0.0009,-0.0094,1.1983,-0.1374,-0.0502,-0.0011,0.2598,-0.0111,1.1039,0.2756,0.0109,34.5177,36.5516,-0.0173,nan,nan,nan,nan
140.8900,0.0009,-0.0095,1.1983,-0.1396,-0.0574,0.0147,0.2599,-0.0115,1.1039,0.2756,-0.0770,34.5126,36.5580,-0.0186,nan,nan,nan,nan
140.9122,0.0010,-0.0095,1.1983,-0.1396,-0.0574,0.0147,0.2600,-0.0118,1.1039,0.2756,-0.1433,34.5092,36.5651,-0.0256,nan,nan,nan,nan
140.9382,0.0010,-0.0095,1.1983,-0.1413,-0.0637,0.0303,0.2600,-0.0120,1.1040,0.2756,-0.1651,34.5084,36.5671,-0.0285,nan,nan,nan,nan
140.9691,0.0011,-0.0096,1.1983,-0.1419,-0.0692,0.0443,0.2600,-0.0123,1.1040,0.2756,-0.2489,34.5054,36.5733,-0.0356,nan,nan,nan,nan
141.0055,0.0011,-0.0097,1.1983,-0.1425,-0.0739,0.0564,0.2601,-0.0127,1.1040,0.2756,-0.3245,34.5033,36.5782,-0.0352,nan,nan,nan,nan
141.0348,0.0012,-0.0097,1.1983,-0.1425,-0.0779,0.0672,0.2602,-0.0130,1.1040,0.2756,-0.3924,34.5029,36.5807,-0.0387,nan,nan,nan,nan
141.0570,0.0012,-0.0098,1.1983,-0.1425,-0.0779,0.0672,0.2602,-0.0132,1.1040,0.2756,-0.4221,34.5028,36.5789,-0.0402,nan,nan,nan,nan
141.0815,0.0013,-0.0098,1.1983,-0.1426,-0.0817,0.0753,0.2603,-0.0134,1.1040,0.2756,-0.4562,34.5021,36.5770,-0.0411,nan,nan,nan,nan
141.1088,0.0013,-0.0098,1.1983,-0.1430,-0.0848,0.0790,0.2603,-0.0134,1.1040,0.2756,-0.4763,34.5013,36.5753,-0.0412,nan,nan,nan,nan
141.1403,0.0014,-0.0099,1.1983,-0.1447,-0.0875,0.0788,0.2603,-0.0135,1.1041,0.2756,-0.4803,34.4990,36.5780,-0.0320,nan,nan,nan,nan
141.1696,0.0014,-0.0100,1.1983,-0.1457,-0.0897,0.0758,0.2604,-0.0136,1.1041,0.2756,-0.4706,34.4975,36.5793,-0.0247,nan,nan,nan,nan
141.1951,0.0014,-0.0100,1.1983,-0.1457,-0.0897,0.0758,0.2604,-0.0136,1.1041,0.2756,-0.4619,34.4983,36.5812,-0.0220,nan,nan,nan,nan
141.2231,0.0014,-0.0100,1.1983,-0.1451,-0.0910,0.0721,0.2604,-0.0136,1.1041,0.2756,-0.4577,34.4985,36.5836,-0.0199,nan,nan,nan,nan
141.2547,0.0015,-0.0101,1.1983,-0.1430,-0.0920,0.0677,0.2605,-0.0136,1.1041,0.2756,-0.4484,34.4991,36.5850,-0.0178,nan,nan,nan,nan
141.2809,0.0015,-0.0101,1.1983,-0.1430,-0.0920,0.0677,0.2605,-0.0136,1.1041,0.2756,-0.4371,34.5003,36.5858,-0.0147,nan,nan,nan,nan
141.3055,0.0015,-0.0101,1.1983,-0.1399,-0.0925,0.0622,0.2605,-0.0136,1.1041,0.2756,-0.4305,34.5002,36.5882,-0.0136,nan,nan,nan,nan
141.3312,0.0015,-0.0101,1.1983,-0.1347,-0.0925,0.0573,0.2605,-0.0136,1.1041,0.2756,-0.4238,34.5010,36.5943,-0.0122,nan,nan,nan,nan
141.3685,0.0016,-0.0101,1.1983,-0.1282,-0.0921,0.0521,0.2605,-0.0136,1.1042,0.2755,-0.4154,34.5009,36.6076,-0.0130,nan,nan,nan,nan
141.4045,0.0016,-0.0102,1.1983,-0.1206,-0.0913,0.0460,0.2605,-0.0136,1.1042,0.2755,-0.4043,34.5014,36.6165,-0.0116,nan,nan,nan,nan
141.4257,0.0016,-0.0102,1.1983,-0.1206,-0.0913,0.0460,0.2605,-0.0135,1.1042,0.2755,-0.3964,34.5017,36.6166,-0.0102,nan,nan,nan,nan
141.4481,0.0016,-0.0102,1.1983,-0.1126,-0.0905,0.0382,0.2605,-0.0135,1.1042,0.2755,-0.3797,34.5010,36.6154,-0.0112,nan,nan,nan,nan
141.4837,0.0016,-0.0102,1.1983,-0.1045,-0.0896,0.0285,0.2605,-0.0134,1.1042,0.2755,-0.3565,34.4994,36.6164,-0.0139,nan,nan,nan,nan
141.5106,0.0016,-0.0102,1.1983,-0.1045,-0.0896,0.0285,0.2605,-0.0134,1.1042,0.2755,-0.3388,34.4989,36.6174,-0.0162,nan,nan,nan,nan
141.5373,0.0016,-0.0102,1.1983,-0.0961,-0.0881,0.0180,0.2605,-0.0133,1.1042,0.2755,-0.3204,34.4993,36.6180,-0.0168,nan,nan,nan,nan
141.5645,0.0016,-0.0102,1.1983,-0.0872,-0.0865,0.0074,0.2605,-0.0132,1.1041,0.2755,-0.2826,34.4991,36.6162,-0.0195,nan,nan,nan,nan
141.5992,0.0016,-0.0102,1.1983,-0.0783,-0.0854,-0.0039,0.2605,-0.0130,1.1041,0.2755,-0.2399,34.4972,36.6097,-0.0196,nan,nan,nan,nan
141.6224,0.0016,-0.0102,1.1983,-0.0783,-0.0854,-0.0039,0.2605,-0.0129,1.1041,0.2756,-0.2169,34.4965,36.6060,-0.0202,nan,nan,nan,nan
141.6491,0.0016,-0.0102,1.1982,-0.0693,-0.0840,-0.0156,0.2605,-0.0128,1.1041,0.2756,-0.1934,34.4951,36.6040,-0.0207,nan,nan,nan,nan
141.6789,0.0016,-0.0102,1.1982,-0.0605,-0.0825,-0.0280,0.2605,-0.0127,1.1040,0.2756,-0.1416,34.4913,36.6000,-0.0220,nan,nan,nan,nan
141.7092,0.0016,-0.0102,1.1982,-0.0518,-0.0803,-0.0404,0.2605,-0.0125,1.1040,0.2756,-0.0890,34.4882,36.5996,-0.0185,nan,nan,nan,nan
141.7295,0.0015,-0.0102,1.1982,-0.0518,-0.0803,-0.0404,0.2605,-0.0124,1.1040,0.2756,-0.0654,34.4870,36.6015,-0.0149,nan,nan,nan,nan
141.7555,0.0015,-0.0102,1.1982,-0.0426,-0.0775,-0.0511,0.2605,-0.0123,1.1040,0.2756,-0.0253,34.4845,36.6059,-0.0066,nan,nan,nan,nan
141.7803,0.0015,-0.0102,1.1982,-0.0323,-0.0743,-0.0602,0.2605,-0.0122,1.1040,0.2756,-0.0103,34.4843,36.6064,-0.0035,nan,nan,nan,nan
141.8035,0.0015,-0.0102,1.1982,-0.0323,-0.0743,-0.0602,0.2604,-0.0121,1.1040,0.2756,0.0091,34.4831,36.6054,0.0007,nan,nan,nan,nan
141.8257,0.0015,-0.0102,1.1982,-0.0219,-0.0708,-0.0675,0.2604,-0.0121,1.1040,0.2756,0.0136,34.4827,36.6051,0.0020,nan,nan,nan,nan
141.8556,0.0015,-0.0102,1.1982,-0.0113,-0.0667,-0.0731,0.2604,-0.0120,1.1039,0.2756,0.0298,34.4819,36.6082,0.0047,nan,nan,nan,nan
141.8814,0.0014,-0.0102,1.1982,-0.0010,-0.0617,-0.0777,0.2604,-0.0119,1.1039,0.2756,0.0415,34.4846,36.6124,0.0124,nan,nan,nan,nan
141.9040,0.0014,-0.0101,1.1982,-0.0010,-0.0617,-0.0777,0.2603,-0.0119,1.1039,0.2756,0.0462,34.4853,36.6144,0.0184,nan,nan,nan,nan
141.9308,0.0014,-0.0101,1.1982,0.0091,-0.0568,-0.0812,0.2603,-0.0119,1.1039,0.2756,0.0474,34.4842,36.6162,0.0195,nan,nan,nan,nan
141.9645,0.0014,-0.0101,1.1982,0.0188,-0.0519,-0.0831,0.2603,-0.0119,1.1039,0.2756,0.0470,34.4832,36.6164,0.0174,nan,nan,nan,nan
141.9987,0.0013,-0.0101,1.1982,0.0273,-0.0472,-0.0851,0.2602,-0.0118,1.1039,0.2756,0.0514,34.4819,36.6124,0.0106,nan,nan,nan,nan
142.0251,0.0013,-0.0101,1.1982,0.0273,-0.0472,-0.0851,0.2602,-0.0118,1.1038,0.2756,0.0554,34.4812,36.6100,0.0072,nan,nan,nan,nan
142.0526,0.0013,-0.0101,1.1982,0.0342,-0.0421,-0.0877,0.2602,-0.0117,1.1038,0.2756,0.0669,34.4809,36.6087,0.0007,nan,nan,nan,nan
142.0883,0.0012,-0.0101,1.1982,0.0396,-0.0365,-0.0906,0.2601,-0.0117,1.1038,0.2756,0.0804,34.4800,36.6105,-0.0035,nan,nan,nan,nan
142.1246,0.0012,-0.0101,1.1982,0.0433,-0.0310,-0.0938,0.2601,-0.0116,1.1038,0.2756,0.1035,34.4795,36.6082,-0.0009,nan,nan,nan,nan
142.1472,0.0012,-0.0101,1.1982,0.0433,-0.0310,-0.0938,0.2600,-0.0115,1.1037,0.2756,0.1290,34.4790,36.6076,-0.0016,nan,nan,nan,nan
142.1744,0.0012,-0.0101,1.1982,0.0449,-0.0253,-0.0983,0.2600,-0.0114,1.1037,0.2756,0.1392,34.4788,36.6075,-0.0029,nan,nan,nan,nan
142.1988,0.0011,-0.0101,1.1982,0.0447,-0.0194,-0.1036,0.2600,-0.0113,1.1037,0.2756,0.1833,34.4785,36.6100,-0.0046,nan,nan,nan,nan
142.2307,0.0011,-0.0101,1.1982,0.0432,-0.0133,-0.1081,0.2599,-0.0111,1.1037,0.2756,0.2276,34.4782,36.6135,-0.0051,nan,nan,nan,nan
142.2548,0.0010,-0.0101,1.1982,0.0432,-0.0133,-0.1081,0.2599,-0.0110,1.1037,0.2756,0.2612,34.4780,36.6131,-0.0062,nan,nan,nan,nan
142.2756,0.0010,-0.0101,1.1982,0.0408,-0.0075,-0.1124,0.2598,-0.0109,1.1036,0.2756,0.2815,34.4769,36.6130,-0.0059,nan,nan,nan,nan
142.3032,0.0010,-0.0101,1.1982,0.0380,-0.0025,-0.1150,0.2598,-0.0108,1.1036,0.2756,0.3069,34.4737,36.6151,-0.0066,nan,nan,nan,nan
142.3372,0.0009,-0.0101,1.1982,0.0352,0.0028,-0.1152,0.2597,-0.0107,1.1036,0.2756,0.3291,34.4724,36.6161,-0.0094,nan,nan,nan,nan
142.3626,0.0009,-0.0101,1.1982,0.0352,0.0028,-0.1152,0.2597,-0.0107,1.1036,0.2756,0.3350,34.4734,36.6154,-0.0101,nan,nan,nan,nan
142.3830,0.0009,-0.0101,1.1982,0.0318,0.0082,-0.1124,0.2597,-0.0107,1.1035,0.2756,0.3411,34.4723,36.6158,-0.0113,nan,nan,nan,nan
142.4056,0.0008,-0.0101,1.1982,0.0278,0.0129,-0.1085,0.2596,-0.0106,1.1035,0.2756,0.3414,34.4726,36.6152,-0.0114,nan,nan,nan,nan
142.4269,0.0008,-0.0101,1.1982,0.0278,0.0129,-0.1085,0.2596,-0.0106,1.1035,0.2756,0.3402,34.4731,36.6159,-0.0137,nan,nan,nan,nan
142.4512,0.0008,-0.0101,1.1982,0.0233,0.0177,-0.1033,0.2596,-0.0107,1.1035,0.2756,0.3298,34.4744,36.6185,-0.0198,nan,nan,nan,nan
142.4776,0.0007,-0.0101,1.1982,0.0188,0.0223,-0.0956,0.2595,-0.0107,1.1035,0.2756,0.3191,34.4754,36.6201,-0.0272,nan,nan,nan,nan
142.5126,0.0007,-0.0101,1.1982,0.0139,0.0268,-0.0872,0.2595,-0.0108,1.1035,0.2755,0.2975,34.4778,36.6249,-0.0307,nan,nan,nan,nan
142.5343,0.0007,-0.0101,1.1982,0.0139,0.0268,-0.0872,0.2594,-0.0108,1.1035,0.2755,0.2874,34.4794,36.6258,-0.0309,nan,nan,nan,nan
142.5627,0.0007,-0.0101,1.1982,0.0077,0.0310,-0.0784,0.2594,-0.0109,1.1035,0.2755,0.2769,34.4813,36.6258,-0.0310,nan,nan,nan,nan
142.5986,0.0006,-0.0101,1.1982,0.0011,0.0342,-0.0698,0.2594,-0.0109,1.1035,0.2755,0.2561,34.4828,36.6227,-0.0290,nan,nan,nan,nan
142.6192,0.0006,-0.0102,1.1982,0.0011,0.0342,-0.0698,0.2594,-0.0110,1.1035,0.2755,0.2398,34.4825,36.6196,-0.0311,nan,nan,nan,nan
142.6413,0.0006,-0.0102,1.1982,-0.0066,0.0365,-0.0608,0.2593,-0.0110,1.1035,0.2756,0.2351,34.4824,36.6179,-0.0332,nan,nan,nan,nan
142.6741,0.0006,-0.0102,1.1982,-0.0153,0.0383,-0.0526,0.2593,-0.0110,1.1034,0.2756,0.2191,34.4816,36.6125,-0.0425,nan,nan,nan,nan
142.7036,0.0005,-0.0102,1.1982,-0.0241,0.0396,-0.0443,0.2593,-0.0111,1.1034,0.2756,0.2018,34.4815,36.6089,-0.0506,nan,nan,nan,nan
142.7359,0.0005,-0.0102,1.1982,-0.0337,0.0404,-0.0361,0.2593,-0.0111,1.1034,0.2756,0.1879,34.4790,36.6087,-0.0485,nan,nan,nan,nan
142.7657,0.0005,-0.0102,1.1982,-0.0442,0.0408,-0.0290,0.2592,-0.0112,1.1034,0.2756,0.1816,34.4758,36.6060,-0.0448,nan,nan,nan,nan
142.7906,0.0004,-0.0102,1.1982,-0.0548,0.0405,-0.0225,0.2592,-0.0112,1.1033,0.2756,0.1780,34.4724,36.5997,-0.0488,nan,nan,nan,nan
142.8282,0.0004,-0.0102,1.1982,-0.0652,0.0402,-0.0154,0.2592,-0.0112,1.1033,0.2756,0.1709,34.4720,36.5936,-0.0509,nan,nan,nan,nan
142.8588,0.0004,-0.0102,1.1982,-0.0749,0.0392,-0.0076,0.2592,-0.0112,1.1033,0.2756,0.1576,34.4699,36.5874,-0.0496,nan,nan,nan,nan
142.8888,0.0004,-0.0102,1.1982,-0.0835,0.0378,0.0010,0.2592,-0.0113,1.1033,0.2756,0.1351,34.4659,36.5886,-0.0509,nan,nan,nan,nan
142.9097,0.0004,-0.0102,1.1982,-0.0835,0.0378,0.0010,0.2592,-0.0114,1.1033,0.2756,0.1207,34.4662,36.5864,-0.0496,nan,nan,nan,nan
142.9308,0.0004,-0.0101,1.1982,-0.0915,0.0362,0.0106,0.2592,-0.0114,1.1033,0.2757,0.0922,34.4687,36.5795,-0.0462,nan,nan,nan,nan
142.9600,0.0003,-0.0101,1.1982,-0.0992,0.0344,0.0195,0.2592,-0.0115,1.1033,0.2757,0.0741,34.4710,36.5729,-0.0407,nan,nan,nan,nan
142.9943,0.0003,-0.0101,1.1982,-0.1070,0.0322,0.0271,0.2591,-0.0115,1.1033,0.2757,0.0594,34.4727,36.5683,-0.0336,nan,nan,nan,nan
143.0260,0.0003,-0.0101,1.1982,-0.1149,0.0291,0.0329,0.2591,-0.0115,1.1033,0.2757,0.0488,34.4726,36.5654,-0.0326,nan,nan,nan,nan
143.0469,0.0003,-0.0101,1.1982,-0.1149,0.0291,0.0329,0.2591,-0.0115,1.1033,0.2757,0.0483,34.4729,36.5639,-0.0365,nan,nan,nan,nan
143.0696,0.0003,-0.0101,1.1982,-0.1231,0.0258,0.0365,0.2591,-0.0115,1.1033,0.2757,0.0498,34.4731,36.5636,-0.0384,nan,nan,nan,nan
143.1015,0.0003,-0.0100,1.1982,-0.1319,0.0221,0.0372,0.2591,-0.0114,1.1033,0.2757,0.0659,34.4713,36.5635,-0.0414,nan,nan,nan,nan
143.1234,0.0003,-0.0100,1.1982,-0.1319,0.0221,0.0372,0.2591,-0.0113,1.1033,0.2757,0.0862,34.4700,36.5646,-0.0395,nan,nan,nan,nan
143.1474,0.0003,-0.0100,1.1982,-0.1408,0.0184,0.0358,0.2591,-0.0112,1.1033,0.2757,0.1097,34.4686,36.5619,-0.0347,nan,nan,nan,nan
143.1709,0.0003,-0.0099,1.1982,-0.1495,0.0144,0.0336,0.2591,-0.0110,1.1033,0.2757,0.1391,34.4676,36.5594,-0.0293,nan,nan,nan,nan
143.1990,0.0003,-0.0099,1.1982,-0.1566,0.0107,0.0331,0.2591,-0.0110,1.1033,0.2757,0.1453,34.4673,36.5569,-0.0263,nan,nan,nan,nan
143.2242,0.0002,-0.0099,1.1982,-0.1604,0.0066,0.0359,0.2591,-0.0110,1.1033,0.2757,0.1393,34.4658,36.5553,-0.0245,nan,nan,nan,nan
143.2541,0.0002,-0.0098,1.1982,-0.1621,0.0025,0.0411,0.2591,-0.0110,1.1034,0.2757,0.1175,34.4638,36.5581,-0.0245,nan,nan,nan,nan
143.2746,0.0002,-0.0097,1.1982,-0.1621,0.0025,0.0411,0.2591,-0.0110,1.1034,0.2757,0.1059,34.4630,36.5610,-0.0247,nan,nan,nan,nan
143.3032,0.0002,-0.0097,1.1982,-0.1627,-0.0015,0.0453,0.2591,-0.0110,1.1034,0.2757,0.0925,34.4623,36.5621,-0.0239,nan,nan,nan,nan
143.3393,0.0002,-0.0096,1.1982,-0.1636,-0.0050,0.0484,0.2591,-0.0109,1.1034,0.2757,0.0820,34.4633,36.5643,-0.0195,nan,nan,nan,nan
143.3623,0.0002,-0.0095,1.1982,-0.1636,-0.0050,0.0484,0.2591,-0.0109,1.1034,0.2757,0.0749,34.4632,36.5683,-0.0194,nan,nan,nan,nan
143.3886,0.0002,-0.0095,1.1982,-0.1637,-0.0083,0.0514,0.2591,-0.0109,1.1034,0.2757,0.0638,34.4634,36.5721,-0.0202,nan,nan,nan,nan
143.4160,0.0002,-0.0094,1.1982,-0.1633,-0.0115,0.0544,0.2591,-0.0108,1.1035,0.2757,0.0531,34.4637,36.5737,-0.0215,nan,nan,nan,nan
143.4479,0.0002,-0.0093,1.1982,-0.1619,-0.0143,0.0567,0.2591,-0.0108,1.1035,0.2757,0.0384,34.4635,36.5780,-0.0239,nan,nan,nan,nan
143.4754,0.0002,-0.0092,1.1982,-0.1619,-0.0143,0.0567,0.2591,-0.0107,1.1035,0.2757,0.0268,34.4638,36.5795,-0.0225,nan,nan,nan,nan
143.4976,0.0002,-0.0092,1.1982,-0.1597,-0.0169,0.0591,0.2591,-0.0107,1.1035,0.2757,0.0237,34.4640,36.5794,-0.0216,nan,nan,nan,nan
143.5216,0.0002,-0.0091,1.1982,-0.1572,-0.0190,0.0610,0.2591,-0.0106,1.1035,0.2757,0.0125,34.4667,36.5775,-0.0190,nan,nan,nan,nan
143.5434,0.0002,-0.0090,1.1982,-0.1572,-0.0190,0.0610,0.2591,-0.0106,1.1035,0.2757,0.0071,34.4696,36.5726,-0.0208,nan,nan,nan,nan
143.5713,0.0002,-0.0089,1.1982,-0.1540,-0.0207,0.0616,0.2591,-0.0105,1.1035,0.2757,0.0032,34.4717,36.5707,-0.0241,nan,nan,nan,nan
143.6016,0.0001,-0.0088,1.1982,-0.1498,-0.0215,0.0620,0.2591,-0.0104,1.1035,0.2757,-0.0011,34.4765,36.5695,-0.0262,nan,nan,nan,nan
143.6234,0.0001,-0.0087,1.1982,-0.1498,-0.0215,0.0620,0.2590,-0.0103,1.1036,0.2757,-0.0058,34.4793,36.5688,-0.0287,nan,nan,nan,nan
143.6496,0.0001,-0.0086,1.1982,-0.1449,-0.0224,0.0624,0.2590,-0.0103,1.1036,0.2757,-0.0079,34.4794,36.5690,-0.0303,nan,nan,nan,nan
143.6726,0.0001,-0.0085,1.1982,-0.1385,-0.0234,0.0635,0.2590,-0.0102,1.1036,0.2757,-0.0213,34.4792,36.5699,-0.0322,nan,nan,nan,nan
143.7043,0.0001,-0.0083,1.1982,-0.1304,-0.0242,0.0651,0.2590,-0.0101,1.1036,0.2757,-0.0410,34.4789,36.5723,-0.0291,nan,nan,nan,nan
143.7308,0.0001,-0.0082,1.1982,-0.1304,-0.0242,0.0651,0.2590,-0.0100,1.1036,0.2756,-0.0529,34.4804,36.5763,-0.0310,nan,nan,nan,nan
143.7521,0.0001,-0.0081,1.1982,-0.1220,-0.0242,0.0659,0.2590,-0.0100,1.1036,0.2756,-0.0588,34.4813,36.5770,-0.0330,nan,nan,nan,nan
143.7821,0.0001,-0.0080,1.1982,-0.1135,-0.0239,0.0659,0.2590,-0.0098,1.1036,0.2756,-0.0650,34.4824,36.5771,-0.0296,nan,nan,nan,nan
143.8080,0.0000,-0.0079,1.1982,-0.1135,-0.0239,0.0659,0.2589,-0.0097,1.1036,0.2756,-0.0718,34.4837,36.5775,-0.0227,nan,nan,nan,nan
143.8342,0.0000,-0.0078,1.1982,-0.1038,-0.0232,0.0660,0.2589,-0.0097,1.1036,0.2756,-0.0758,34.4840,36.5771,-0.0206,nan,nan,nan,nan
143.8544,0.0000,-0.0077,1.1982,-0.0927,-0.0225,0.0672,0.2589,-0.0096,1.1036,0.2756,-0.0939,34.4851,36.5740,-0.0157,nan,nan,nan,nan
143.8769,-0.0000,-0.0075,1.1982,-0.0927,-0.0225,0.0672,0.2589,-0.0095,1.1036,0.2757,-0.0990,34.4853,36.5714,-0.0166,nan,nan,nan,nan
143.9012,-0.0000,-0.0074,1.1982,-0.0815,-0.0215,0.0668,0.2589,-0.0093,1.1036,0.2757,-0.1034,34.4849,36.5707,-0.0189,nan,nan,nan,nan
143.9233,-0.0000,-0.0073,1.1982,-0.0700,-0.0201,0.0653,0.2589,-0.0092,1.1036,0.2756,-0.1062,34.4840,36.5760,-0.0218,nan,nan,nan,nan
143.9491,-0.0001,-0.0071,1.1982,-0.0572,-0.0186,0.0641,0.2588,-0.0091,1.1036,0.2756,-0.1115,34.4822,36.5817,-0.0209,nan,nan,nan,nan
143.9691,-0.0001,-0.0070,1.1982,-0.0572,-0.0186,0.0641,0.2588,-0.0089,1.1036,0.2756,-0.1154,34.4828,36.5847,-0.0243,nan,nan,nan,nan
143.9919,-0.0001,-0.0069,1.1982,-0.0442,-0.0166,0.0624,0.2588,-0.0088,1.1036,0.2756,-0.1134,34.4842,36.5849,-0.0254,nan,nan,nan,nan
144.0229,-0.0001,-0.0067,1.1982,-0.0316,-0.0138,0.0587,0.2588,-0.0087,1.1036,0.2756,-0.1064,34.4866,36.5850,-0.0238,nan,nan,nan,nan
144.0489,-0.0001,-0.0066,1.1982,-0.0184,-0.0114,0.0556,0.2587,-0.0084,1.1036,0.2756,-0.1007,34.4882,36.5854,-0.0232,nan,nan,nan,nan
144.0774,-0.0002,-0.0064,1.1982,-0.0053,-0.0085,0.0523,0.2587,-0.0082,1.1036,0.2756,-0.0934,34.4921,36.5829,-0.0211,nan,nan,nan,nan
144.1104,-0.0002,-0.0062,1.1982,0.0079,-0.0056,0.0493,0.2587,-0.0080,1.1036,0.2756,-0.0878,34.4948,36.5802,-0.0223,nan,nan,nan,nan
144.1409,-0.0002,-0.0060,1.1982,0.0216,-0.0029,0.0465,0.2586,-0.0078,1.1036,0.2756,-0.0849,34.4956,36.5816,-0.0223,nan,nan,nan,nan
144.1612,-0.0002,-0.0058,1.1982,0.0216,-0.0029,0.0465,0.2586,-0.0076,1.1036,0.2756,-0.0857,34.4957,36.5811,-0.0196,nan,nan,nan,nan
144.1812,-0.0003,-0.0057,1.1982,0.0363,-0.0007,0.0444,0.2586,-0.0075,1.1036,0.2756,-0.0914,34.4942,36.5840,-0.0131,nan,nan,nan,nan
144.2025,-0.0003,-0.0056,1.1982,0.0515,0.0013,0.0439,0.2586,-0.0074,1.1036,0.2756,-0.1013,34.4914,36.5908,-0.0110,nan,nan,nan,nan
144.2315,-0.0003,-0.0054,1.1982,0.0668,0.0030,0.0444,0.2585,-0.0073,1.1036,0.2756,-0.1198,34.4866,36.6016,-0.0093,nan,nan,nan,nan
144.2627,-0.0003,-0.0052,1.1982,0.0821,0.0044,0.0450,0.2585,-0.0072,1.1035,0.2756,-0.1395,34.4821,36.6030,-0.0094,nan,nan,nan,nan
144.2877,-0.0004,-0.0050,1.1982,0.0976,0.0059,0.0465,0.2585,-0.0071,1.1035,0.2756,-0.1654,34.4789,36.6005,-0.0159,nan,nan,nan,nan
144.3111,-0.0004,-0.0049,1.1982,0.0976,0.0059,0.0465,0.2584,-0.0070,1.1035,0.2756,-0.1906,34.4793,36.5990,-0.0184,nan,nan,nan,nan
144.3340,-0.0004,-0.0048,1.1982,0.1135,0.0079,0.0489,0.2584,-0.0070,1.1035,0.2756,-0.1989,34.4798,36.5985,-0.0187,nan,nan,nan,nan
144.3662,-0.0004,-0.0047,1.1982,0.1284,0.0099,0.0502,0.2584,-0.0069,1.1035,0.2756,-0.2253,34.4796,36.6016,-0.0182,nan,nan,nan,nan
144.3965,-0.0004,-0.0045,1.1982,0.1421,0.0118,0.0499,0.2584,-0.0068,1.1035,0.2756,-0.2411,34.4807,36.6039,-0.0154,nan,nan,nan,nan
144.4254,-0.0005,-0.0044,1.1982,0.1539,0.0141,0.0478,0.2583,-0.0066,1.1035,0.2756,-0.2440,34.4833,36.6045,-0.0172,nan,nan,nan,nan
144.4500,-0.0005,-0.0043,1.1982,0.1539,0.0141,0.0478,0.2583,-0.0065,1.1035,0.2756,-0.2430,34.4847,36.6047,-0.0184,nan,nan,nan,nan
144.4722,-0.0005,-0.0042,1.1982,0.1647,0.0164,0.0449,0.2583,-0.0064,1.1035,0.2756,-0.2405,34.4879,36.6055,-0.0200,nan,nan,nan,nan
144.5061,-0.0005,-0.0041,1.1982,0.1752,0.0186,0.0419,0.2583,-0.0063,1.1035,0.2756,-0.2382,34.4899,36.6065,-0.0224,nan,nan,nan,nan
144.5406,-0.0005,-0.0039,1.1982,0.1853,0.0206,0.0392,0.2583,-0.0062,1.1035,0.2756,-0.2387,34.4935,36.6097,-0.0241,nan,nan,nan,nan
144.5620,-0.0005,-0.0039,1.1982,0.1853,0.0206,0.0392,0.2582,-0.0061,1.1035,0.2756,-0.2427,34.4955,36.6104,-0.0246,nan,nan,nan,nan
144.5823,-0.0006,-0.0038,1.1982,0.1954,0.0221,0.0380,0.2582,-0.0061,1.1035,0.2756,-0.2491,34.4965,36.6098,-0.0232,nan,nan,nan,nan
144.6149,-0.0006,-0.0037,1.1982,0.2056,0.0227,0.0376,0.2582,-0.0060,1.1035,0.2756,-0.2656,34.4976,36.6048,-0.0261,nan,nan,nan,nan
144.6371,-0.0006,-0.0036,1.1982,0.2056,0.0227,0.0376,0.2582,-0.0060,1.1035,0.2756,-0.2737,34.4971,36.6028,-0.0292,nan,nan,nan,nan
144.6579,-0.0006,-0.0036,1.1982,0.2148,0.0228,0.0373,0.2582,-0.0059,1.1035,0.2756,-0.2802,34.4958,36.6025,-0.0303,nan,nan,nan,nan
144.6871,-0.0006,-0.0035,1.1982,0.2227,0.0225,0.0359,0.2582,-0.0059,1.1035,0.2756,-0.2872,34.4921,36.6017,-0.0299,nan,nan,nan,nan
144.7106,-0.0006,-0.0034,1.1982,0.2227,0.0225,0.0359,0.2582,-0.0058,1.1035,0.2756,-0.2875,34.4915,36.5995,-0.0299,nan,nan,nan,nan
144.7318,-0.0006,-0.0034,1.1982,0.2289,0.0226,0.0332,0.2582,-0.0058,1.1035,0.2756,-0.2830,34.4915,36.5965,-0.0325,nan,nan,nan,nan
144.7634,-0.0006,-0.0034,1.1982,0.2333,0.0229,0.0295,0.2581,-0.0057,1.1035,0.2756,-0.2741,34.4908,36.5964,-0.0332,nan,nan,nan,nan
144.7980,-0.0007,-0.0033,1.1982,0.2360,0.0230,0.0240,0.2581,-0.0055,1.1035,0.2756,-0.2512,34.4900,36.5956,-0.0307,nan,nan,nan,nan
144.8181,-0.0007,-0.0033,1.1982,0.2360,0.0230,0.0240,0.2581,-0.0055,1.1035,0.2756,-0.2438,34.4899,36.5958,-0.0316,nan,nan,nan,nan
144.8468,-0.0007,-0.0033,1.1982,0.2367,0.0234,0.0173,0.2581,-0.0054,1.1035,0.2756,-0.2177,34.4899,36.5961,-0.0338,nan,nan,nan,nan
144.8695,-0.0007,-0.0032,1.1982,0.2367,0.0234,0.0173,0.2581,-0.0052,1.1035,0.2756,-0.1969,34.4897,36.5950,-0.0326,nan,nan,nan,nan
144.8941,-0.0007,-0.0032,1.1982,0.2355,0.0233,0.0089,0.2581,-0.0051,1.1035,0.2756,-0.1724,34.4890,36.5919,-0.0299,nan,nan,nan,nan
144.9185,-0.0007,-0.0032,1.1982,0.2328,0.0232,-0.0002,0.2581,-0.0049,1.1035,0.2756,-0.1208,34.4868,36.5910,-0.0256,nan,nan,nan,nan
144.9457,-0.0007,-0.0032,1.1982,0.2286,0.0237,-0.0087,0.2581,-0.0048,1.1035,0.2756,-0.0698,34.4879,36.5939,-0.0210,nan,nan,nan,nan
144.9777,-0.0007,-0.0032,1.1982,0.2238,0.0246,-0.0164,0.2581,-0.0046,1.1035,0.2756,-0.0228,34.4892,36.5971,-0.0209,nan,nan,nan,nan
145.0030,-0.0007,-0.0033,1.1982,0.2238,0.0246,-0.0164,0.2581,-0.0045,1.1035,0.2756,0.0095,34.4900,36.5994,-0.0221,nan,nan,nan,nan
145.0255,-0.0007,-0.0033,1.1982,0.2177,0.0253,-0.0229,0.2580,-0.0045,1.1035,0.2756,0.0192,34.4894,36.6003,-0.0221,nan,nan,nan,nan
145.0588,-0.0007,-0.0033,1.1982,0.2112,0.0254,-0.0283,0.2580,-0.0044,1.1035,0.2756,0.0547,34.4870,36.6052,-0.0237,nan,nan,nan,nan
145.0843,-0.0008,-0.0033,1.1982,0.2044,0.0254,-0.0319,0.2580,-0.0044,1.1035,0.2756,0.0791,34.4847,36.6103,-0.0311,nan,nan,nan,nan
145.1067,-0.0008,-0.0033,1.1982,0.2044,0.0254,-0.0319,0.2580,-0.0043,1.1035,0.2756,0.0878,34.4849,36.6118,-0.0330,nan,nan,nan,nan
145.1335,-0.0008,-0.0034,1.1982,0.1965,0.0256,-0.0331,0.2580,-0.0044,1.1035,0.2755,0.0936,34.4850,36.6143,-0.0349,nan,nan,nan,nan
145.1619,-0.0008,-0.0034,1.1982,0.1879,0.0256,-0.0333,0.2580,-0.0044,1.1035,0.2756,0.1015,34.4849,36.6143,-0.0318,nan,nan,nan,nan
145.1882,-0.0008,-0.0034,1.1982,0.1788,0.0252,-0.0323,0.2580,-0.0044,1.1035,0.2756,0.1012,34.4847,36.6107,-0.0211,nan,nan,nan,nan
145.2234,-0.0008,-0.0035,1.1982,0.1682,0.0252,-0.0299,0.2580,-0.0045,1.1035,0.2755,0.0961,34.4862,36.6141,-0.0116,nan,nan,nan,nan
145.2542,-0.0008,-0.0036,1.1982,0.1562,0.0254,-0.0271,0.2580,-0.0046,1.1036,0.2755,0.0909,34.4902,36.6162,-0.0060,nan,nan,nan,nan
145.2847,-0.0008,-0.0036,1.1982,0.1436,0.0250,-0.0233,0.2580,-0.0047,1.1036,0.2755,0.0817,34.4922,36.6201,-0.0006,nan,nan,nan,nan
145.3214,-0.0008,-0.0037,1.1982,0.1299,0.0236,-0.0195,0.2580,-0.0048,1.1036,0.2755,0.0727,34.4884,36.6230,-0.0008,nan,nan,nan,nan
145.3529,-0.0008,-0.0038,1.1982,0.1150,0.0222,-0.0156,0.2580,-0.0050,1.1036,0.2755,0.0643,34.4857,36.6221,-0.0021,nan,nan,nan,nan
145.3777,-0.0008,-0.0039,1.1982,0.0998,0.0209,-0.0120,0.2580,-0.0051,1.1036,0.2755,0.0567,34.4844,36.6196,-0.0041,nan,nan,nan,nan
145.3983,-0.0008,-0.0040,1.1982,0.0998,0.0209,-0.0120,0.2580,-0.0052,1.1036,0.2755,0.0539,34.4846,36.6186,-0.0086,nan,nan,nan,nan
145.4190,-0.0007,-0.0040,1.1982,0.0832,0.0196,-0.0078,0.2580,-0.0053,1.1036,0.2755,0.0498,34.4844,36.6178,-0.0178,nan,nan,nan,nan
145.4534,-0.0007,-0.0041,1.1982,0.0664,0.0183,-0.0035,0.2580,-0.0054,1.1036,0.2755,0.0448,34.4837,36.6212,-0.0250,nan,nan,nan,nan
145.4794,-0.0007,-0.0041,1.1983,0.0664,0.0183,-0.0035,0.2580,-0.0055,1.1036,0.2755,0.0387,34.4813,36.6236,-0.0231,nan,nan,nan,nan
145.4995,-0.0007,-0.0042,1.1983,0.0496,0.0163,0.0012,0.2580,-0.0056,1.1036,0.2755,0.0338,34.4796,36.6228,-0.0190,nan,nan,nan,nan
145.5241,-0.0007,-0.0043,1.1983,0.0324,0.0139,0.0051,0.2580,-0.0057,1.1036,0.2755,0.0306,34.4774,36.6246,-0.0123,nan,nan,nan,nan
145.5472,-0.0007,-0.0044,1.1983,0.0150,0.0118,0.0089,0.2581,-0.0058,1.1036,0.2755,0.0264,34.4779,36.6250,-0.0057,nan,nan,nan,nan
145.5771,-0.0007,-0.0045,1.1983,-0.0023,0.0096,0.0132,0.2581,-0.0059,1.1037,0.2755,0.0212,34.4791,36.6256,-0.0006,nan,nan,nan,nan
145.6111,-0.0007,-0.0046,1.1983,-0.0193,0.0073,0.0175,0.2581,-0.0061,1.1037,0.2755,0.0141,34.4808,36.6314,0.0034,nan,nan,nan,nan
145.6441,-0.0007,-0.0047,1.1983,-0.0362,0.0047,0.0219,0.2581,-0.0062,1.1037,0.2755,0.0067,34.4831,36.6372,0.0035,nan,nan,nan,nan
145.6765,-0.0007,-0.0048,1.1983,-0.0527,0.0025,0.0272,0.2581,-0.0064,1.1038,0.2755,-0.0060,34.4894,36.6374,0.0024,nan,nan,nan,nan
145.7115,-0.0007,-0.0049,1.1983,-0.0686,-0.0002,0.0318,0.2581,-0.0065,1.1038,0.2755,-0.0170,34.4946,36.6343,0.0031,nan,nan,nan,nan
145.7365,-0.0007,-0.0049,1.1983,-0.0686,-0.0002,0.0318,0.2581,-0.0066,1.1038,0.2755,-0.0208,34.4976,36.6317,0.0028,nan,nan,nan,nan
145.7608,-0.0007,-0.0050,1.1983,-0.0841,-0.0034,0.0351,0.2581,-0.0067,1.1038,0.2755,-0.0285,34.4991,36.6274,0.0050,nan,nan,nan,nan
145.7873,-0.0007,-0.0051,1.1983,-0.0990,-0.0075,0.0395,0.2582,-0.0068,1.1038,0.2755,-0.0360,34.4979,36.6264,0.0059,nan,nan,nan,nan
145.8095,-0.0006,-0.0051,1.1983,-0.0990,-0.0075,0.0395,0.2582,-0.0069,1.1039,0.2755,-0.0454,34.4970,36.6246,0.0069,nan,nan,nan,nan
145.8297,-0.0006,-0.0052,1.1983,-0.1121,-0.0117,0.0444,0.2582,-0.0070,1.1039,0.2755,-0.0551,34.4969,36.6242,0.0061,nan,nan,nan,nan
145.8618,-0.0006,-0.0052,1.1983,-0.1249,-0.0155,0.0486,0.2582,-0.0071,1.1039,0.2755,-0.0689,34.4979,36.6235,0.0048,nan,nan,nan,nan
145.8932,-0.0006,-0.0053,1.1983,-0.1377,-0.0192,0.0513,0.2582,-0.0072,1.1039,0.2755,-0.0749,34.4989,36.6226,0.0086,nan,nan,nan,nan
145.9248,-0.0006,-0.0054,1.1983,-0.1503,-0.0232,0.0532,0.2582,-0.0073,1.1039,0.2755,-0.0744,34.4991,36.6178,0.0100,nan,nan,nan,nan
145.9540,-0.0006,-0.0054,1.1983,-0.1619,-0.0270,0.0541,0.2582,-0.0073,1.1039,0.2755,-0.0710,34.5010,36.6140,0.0104,nan,nan,nan,nan
145.9804,-0.0006,-0.0055,1.1983,-0.1619,-0.0270,0.0541,0.2583,-0.0074,1.1040,0.2755,-0.0704,34.5044,36.6106,0.0118,nan,nan,nan,nan
146.0014,-0.0006,-0.0055,1.1983,-0.1722,-0.0304,0.0554,0.2583,-0.0074,1.1040,0.2755,-0.0703,34.5059,36.6096,0.0114,nan,nan,nan,nan
146.0303,-0.0006,-0.0055,1.1983,-0.1807,-0.0340,0.0569,0.2583,-0.0075,1.1040,0.2755,-0.0737,34.5081,36.6070,0.0066,nan,nan,nan,nan
146.0570,-0.0006,-0.0055,1.1983,-0.1872,-0.0378,0.0596,0.2583,-0.0076,1.1040,0.2755,-0.0874,34.5092,36.6059,0.0026,nan,nan,nan,nan
146.0865,-0.0006,-0.0056,1.1983,-0.1922,-0.0413,0.0623,0.2583,-0.0077,1.1040,0.2755,-0.1035,34.5091,36.6116,0.0038,nan,nan,nan,nan
146.1109,-0.0006,-0.0056,1.1983,-0.1922,-0.0413,0.0623,0.2583,-0.0077,1.1041,0.2755,-0.1128,34.5097,36.6168,0.0015,nan,nan,nan,nan
146.1357,-0.0006,-0.0056,1.1983,-0.1964,-0.0445,0.0642,0.2583,-0.0077,1.1041,0.2755,-0.1166,34.5095,36.6199,0.0002,nan,nan,nan,nan
146.1570,-0.0006,-0.0056,1.1983,-0.2004,-0.0477,0.0645,0.2583,-0.0077,1.1041,0.2755,-0.1162,34.5082,36.6238,-0.0004,nan,nan,nan,nan
146.1834,-0.0006,-0.0056,1.1983,-0.2042,-0.0509,0.0632,0.2583,-0.0077,1.1041,0.2755,-0.1072,34.5069,36.6264,-0.0022,nan,nan,nan,nan
146.2067,-0.0006,-0.0056,1.1983,-0.2042,-0.0509,0.0632,0.2583,-0.0077,1.1041,0.2755,-0.1002,34.5073,36.6266,-0.0009,nan,nan,nan,nan
146.2312,-0.0006,-0.0056,1.1983,-0.2068,-0.0533,0.0605,0.2583,-0.0077,1.1042,0.2755,-0.0896,34.5089,36.6278,-0.0009,nan,nan,nan,nan
146.2628,-0.0006,-0.0056,1.1983,-0.2082,-0.0556,0.0581,0.2583,-0.0076,1.1042,0.2755,-0.0802,34.5093,36.6295,-0.0013,nan,nan,nan,nan
146.2843,-0.0006,-0.0055,1.1983,-0.2082,-0.0556,0.0581,0.2582,-0.0076,1.1042,0.2755,-0.0731,34.5101,36.6289,0.0006,nan,nan,nan,nan
146.3079,-0.0007,-0.0055,1.1983,-0.2077,-0.0580,0.0562,0.2582,-0.0076,1.1042,0.2755,-0.0722,34.5097,36.6287,0.0010,nan,nan,nan,nan
146.3390,-0.0007,-0.0055,1.1983,-0.2051,-0.0602,0.0560,0.2582,-0.0075,1.1042,0.2755,-0.0766,34.5095,36.6264,0.0029,nan,nan,nan,nan
146.3716,-0.0007,-0.0054,1.1983,-0.2006,-0.0621,0.0568,0.2582,-0.0075,1.1042,0.2755,-0.0881,34.5095,36.6246,0.0068,nan,nan,nan,nan
146.3978,-0.0007,-0.0054,1.1983,-0.2006,-0.0621,0.0568,0.2582,-0.0075,1.1042,0.2755,-0.0952,34.5100,36.6240,0.0093,nan,nan,nan,nan
146.4201,-0.0007,-0.0053,1.1983,-0.1946,-0.0637,0.0575,0.2582,-0.0075,1.1042,0.2755,-0.1063,34.5093,36.6256,0.0149,nan,nan,nan,nan
146.4434,-0.0007,-0.0053,1.1983,-0.1881,-0.0652,0.0577,0.2582,-0.0075,1.1042,0.2755,-0.1128,34.5075,36.6274,0.0204,nan,nan,nan,nan
146.4695,-0.0008,-0.0053,1.1983,-0.1881,-0.0652,0.0577,0.2582,-0.0074,1.1042,0.2755,-0.1121,34.5077,36.6280,0.0219,nan,nan,nan,nan
146.4916,-0.0008,-0.0052,1.1983,-0.1820,-0.0659,0.0556,0.2581,-0.0074,1.1042,0.2755,-0.1070,34.5081,36.6307,0.0213,nan,nan,nan,nan
146.5199,-0.0008,-0.0052,1.1983,-0.1752,-0.0662,0.0529,0.2581,-0.0073,1.1042,0.2755,-0.0997,34.5090,36.6326,0.0203,nan,nan,nan,nan
146.5443,-0.0008,-0.0051,1.1983,-0.1752,-0.0662,0.0529,0.2581,-0.0072,1.1043,0.2755,-0.0951,34.5097,36.6351,0.0191,nan,nan,nan,nan
146.5647,-0.0008,-0.0051,1.1983,-0.1674,-0.0657,0.0497,0.2581,-0.0071,1.1043,0.2755,-0.0870,34.5114,36.6388,0.0153,nan,nan,nan,nan
146.5971,-0.0009,-0.0050,1.1983,-0.1590,-0.0646,0.0464,0.2580,-0.0070,1.1043,0.2755,-0.0795,34.5140,36.6433,0.0115,nan,nan,nan,nan
146.6184,-0.0009,-0.0049,1.1983,-0.1590,-0.0646,0.0464,0.2580,-0.0070,1.1043,0.2755,-0.0784,34.5169,36.6471,0.0111,nan,nan,nan,nan
146.6388,-0.0009,-0.0048,1.1983,-0.1486,-0.0628,0.0446,0.2580,-0.0069,1.1043,0.2754,-0.0812,34.5214,36.6517,0.0096,nan,nan,nan,nan
146.6710,-0.0009,-0.0048,1.1983,-0.1367,-0.0607,0.0442,0.2579,-0.0068,1.1043,0.2754,-0.0895,34.5266,36.6516,0.0043,nan,nan,nan,nan
146.6928,-0.0010,-0.0047,1.1983,-0.1367,-0.0607,0.0442,0.2579,-0.0068,1.1044,0.2754,-0.1044,34.5316,36.6509,-0.0012,nan,nan,nan,nan
146.7220,-0.0010,-0.0046,1.1983,-0.1230,-0.0585,0.0453,0.2579,-0.0067,1.1044,0.2754,-0.1103,34.5326,36.6512,-0.0032,nan,nan,nan,nan
146.7507,-0.0010,-0.0045,1.1983,-0.1082,-0.0570,0.0466,0.2578,-0.0067,1.1044,0.2754,-0.1339,34.5336,36.6530,-0.0067,nan,nan,nan,nan
146.7722,-0.0011,-0.0044,1.1983,-0.1082,-0.0570,0.0466,0.2578,-0.0066,1.1044,0.2754,-0.1482,34.5330,36.6553,-0.0082,nan,nan,nan,nan
146.7993,-0.0011,-0.0043,1.1983,-0.0933,-0.0554,0.0472,0.2578,-0.0066,1.1044,0.2754,-0.1553,34.5316,36.6565,-0.0097,nan,nan,nan,nan
146.8339,-0.0011,-0.0042,1.1983,-0.0784,-0.0537,0.0471,0.2577,-0.0065,1.1043,0.2754,-0.1669,34.5296,36.6598,-0.0107,nan,nan,nan,nan
146.8631,-0.0012,-0.0041,1.1983,-0.0629,-0.0509,0.0475,0.2577,-0.0064,1.1044,0.2754,-0.1839,34.5304,36.6659,-0.0111,nan,nan,nan,nan
146.8851,-0.0012,-0.0040,1.1983,-0.0629,-0.0509,0.0475,0.2576,-0.0064,1.1044,0.2754,-0.1943,34.5327,36.6679,-0.0127,nan,nan,nan,nan
146.9079,-0.0013,-0.0039,1.1983,-0.0462,-0.0476,0.0482,0.2576,-0.0063,1.1044,0.2754,-0.2107,34.5354,36.6710,-0.0176,nan,nan,nan,nan
146.9399,-0.0013,-0.0038,1.1983,-0.0294,-0.0444,0.0485,0.2575,-0.0063,1.1044,0.2754,-0.2242,34.5381,36.6721,-0.0208,nan,nan,nan,nan
146.9668,-0.0013,-0.0037,1.1983,-0.0294,-0.0444,0.0485,0.2575,-0.0062,1.1044,0.2754,-0.2316,34.5389,36.6714,-0.0224,nan,nan,nan,nan
146.9894,-0.0014,-0.0036,1.1983,-0.0126,-0.0414,0.0481,0.2574,-0.0061,1.1044,0.2754,-0.2390,34.5399,36.6709,-0.0228,nan,nan,nan,nan
147.0214,-0.0014,-0.0035,1.1983,0.0044,-0.0381,0.0483,0.2574,-0.0061,1.1043,0.2754,-0.2558,34.5438,36.6675,-0.0202,nan,nan,nan,nan
147.0453,-0.0015,-0.0034,1.1983,0.0044,-0.0381,0.0483,0.2573,-0.0060,1.1043,0.2754,-0.2643,34.5463,36.6660,-0.0177,nan,nan,nan,nan
147.0716,-0.0015,-0.0033,1.1983,0.0218,-0.0346,0.0487,0.2573,-0.0059,1.1043,0.2754,-0.2800,34.5500,36.6639,-0.0152,nan,nan,nan,nan
147.1061,-0.0016,-0.0032,1.1983,0.0404,-0.0313,0.0506,0.2573,-0.0059,1.1043,0.2754,-0.3035,34.5519,36.6617,-0.0151,nan,nan,nan,nan
147.1299,-0.0016,-0.0031,1.1983,0.0404,-0.0313,0.0506,0.2572,-0.0059,1.1043,0.2754,-0.3213,34.5518,36.6605,-0.0162,nan,nan,nan,nan
147.1537,-0.0016,-0.0030,1.1983,0.0594,-0.0285,0.0531,0.2572,-0.0059,1.1043,0.2754,-0.3377,34.5527,36.6597,-0.0180,nan,nan,nan,nan
147.1746,-0.0017,-0.0029,1.1983,0.0779,-0.0255,0.0544,0.2571,-0.0058,1.1043,0.2754,-0.3641,34.5528,36.6605,-0.0201,nan,nan,nan,nan
147.1995,-0.0017,-0.0028,1.1983,0.0779,-0.0255,0.0544,0.2571,-0.0057,1.1043,0.2754,-0.3756,34.5525,36.6646,-0.0203,nan,nan,nan,nan
147.2214,-0.0018,-0.0027,1.1983,0.0949,-0.0223,0.0536,0.2570,-0.0057,1.1043,0.2754,-0.3767,34.5522,36.6654,-0.0200,nan,nan,nan,nan
147.2418,-0.0018,-0.0026,1.1983,0.1100,-0.0186,0.0504,0.2570,-0.0055,1.1043,0.2754,-0.3708,34.5515,36.6683,-0.0198,nan,nan,nan,nan
147.2650,-0.0019,-0.0026,1.1983,0.1100,-0.0186,0.0504,0.2569,-0.0054,1.1043,0.2754,-0.3589,34.5518,36.6704,-0.0189,nan,nan,nan,nan
147.2879,-0.0019,-0.0025,1.1983,0.1242,-0.0147,0.0453,0.2569,-0.0053,1.1042,0.2754,-0.3473,34.5530,36.6697,-0.0162,nan,nan,nan,nan
147.3186,-0.0020,-0.0024,1.1983,0.1369,-0.0101,0.0387,0.2568,-0.0051,1.1042,0.2753,-0.3248,34.5551,36.6694,-0.0112,nan,nan,nan,nan
147.3412,-0.0020,-0.0024,1.1983,0.1369,-0.0101,0.0387,0.2567,-0.0049,1.1042,0.2753,-0.2958,34.5591,36.6715,-0.0103,nan,nan,nan,nan
147.3642,-0.0021,-0.0023,1.1983,0.1481,-0.0046,0.0309,0.2567,-0.0048,1.1042,0.2753,-0.2754,34.5611,36.6754,-0.0083,nan,nan,nan,nan
147.3892,-0.0021,-0.0022,1.1983,0.1589,0.0008,0.0229,0.2566,-0.0046,1.1042,0.2753,-0.2450,34.5637,36.6801,-0.0095,nan,nan,nan,nan
147.4109,-0.0022,-0.0022,1.1983,0.1589,0.0008,0.0229,0.2566,-0.0044,1.1042,0.2753,-0.2141,34.5647,36.6834,-0.0118,nan,nan,nan,nan
147.4372,-0.0022,-0.0021,1.1983,0.1690,0.0057,0.0147,0.2565,-0.0042,1.1042,0.2753,-0.1947,34.5638,36.6857,-0.0137,nan,nan,nan,nan
147.4596,-0.0023,-0.0021,1.1983,0.1791,0.0101,0.0075,0.2565,-0.0041,1.1042,0.2753,-0.1686,34.5625,36.6869,-0.0166,nan,nan,nan,nan
147.4869,-0.0023,-0.0020,1.1983,0.1791,0.0101,0.0075,0.2564,-0.0040,1.1042,0.2753,-0.1484,34.5604,36.6912,-0.0231,nan,nan,nan,nan
147.5125,-0.0023,-0.0020,1.1983,0.1892,0.0144,0.0019,0.2564,-0.0039,1.1042,0.2753,-0.1372,34.5589,36.6954,-0.0309,nan,nan,nan,nan
147.5440,-0.0024,-0.0020,1.1983,0.1984,0.0184,-0.0024,0.2563,-0.0038,1.1042,0.2753,-0.1211,34.5560,36.6991,-0.0369,nan,nan,nan,nan
147.5659,-0.0024,-0.0019,1.1983,0.1984,0.0184,-0.0024,0.2562,-0.0037,1.1041,0.2753,-0.1117,34.5535,36.6999,-0.0384,nan,nan,nan,nan
147.5878,-0.0025,-0.0019,1.1983,0.2069,0.0219,-0.0059,0.2562,-0.0037,1.1041,0.2753,-0.1006,34.5488,36.7007,-0.0422,nan,nan,nan,nan
147.6250,-0.0025,-0.0019,1.1983,0.2150,0.0246,-0.0085,0.2561,-0.0036,1.1041,0.2753,-0.0925,34.5430,36.7002,-0.0452,nan,nan,nan,nan
147.6619,-0.0026,-0.0018,1.1983,0.2215,0.0271,-0.0109,0.2561,-0.0035,1.1040,0.2753,-0.0794,34.5350,36.7039,-0.0472,nan,nan,nan,nan
147.6871,-0.0026,-0.0018,1.1983,0.2215,0.0271,-0.0109,0.2560,-0.0034,1.1040,0.2753,-0.0659,34.5302,36.7062,-0.0476,nan,nan,nan,nan
147.7142,-0.0027,-0.0018,1.1982,0.2260,0.0299,-0.0135,0.2560,-0.0033,1.1040,0.2753,-0.0573,34.5286,36.7056,-0.0471,nan,nan,nan,nan
147.7368,-0.0027,-0.0018,1.1982,0.2294,0.0332,-0.0157,0.2559,-0.0033,1.1040,0.2753,-0.0454,34.5283,36.7035,-0.0439,nan,nan,nan,nan
147.7650,-0.0028,-0.0018,1.1982,0.2308,0.0362,-0.0183,0.2559,-0.0032,1.1039,0.2753,-0.0244,34.5269,36.6976,-0.0344,nan,nan,nan,nan
147.7892,-0.0028,-0.0018,1.1982,0.2308,0.0362,-0.0183,0.2558,-0.0032,1.1039,0.2753,-0.0150,34.5259,36.6940,-0.0315,nan,nan,nan,nan
147.8126,-0.0029,-0.0018,1.1982,0.2308,0.0388,-0.0201,0.2558,-0.0031,1.1039,0.2753,-0.0036,34.5256,36.6871,-0.0326,nan,nan,nan,nan
147.8380,-0.0029,-0.0018,1.1982,0.2295,0.0414,-0.0212,0.2558,-0.0031,1.1038,0.2754,0.0075,34.5258,36.6789,-0.0344,nan,nan,nan,nan
147.8655,-0.0029,-0.0018,1.1982,0.2295,0.0414,-0.0212,0.2557,-0.0031,1.1038,0.2754,0.0170,34.5250,36.6754,-0.0341,nan,nan,nan,nan
147.8888,-0.0030,-0.0019,1.1982,0.2261,0.0438,-0.0229,0.2557,-0.0030,1.1038,0.2754,0.0281,34.5247,36.6724,-0.0334,nan,nan,nan,nan
147.9131,-0.0030,-0.0019,1.1982,0.2211,0.0460,-0.0239,0.2557,-0.0030,1.1038,0.2754,0.0462,34.5220,36.6727,-0.0308,nan,nan,nan,nan
147.9404,-0.0031,-0.0019,1.1982,0.2151,0.0485,-0.0227,0.2556,-0.0030,1.1038,0.2754,0.0539,34.5210,36.6796,-0.0252,nan,nan,nan,nan
147.9774,-0.0031,-0.0020,1.1982,0.2085,0.0513,-0.0201,0.2555,-0.0031,1.1038,0.2753,0.0511,34.5211,36.6852,-0.0202,nan,nan,nan,nan
148.0010,-0.0031,-0.0020,1.1982,0.2085,0.0513,-0.0201,0.2555,-0.0032,1.1038,0.2753,0.0466,34.5208,36.6863,-0.0194,nan,nan,nan,nan
148.0223,-0.0032,-0.0021,1.1982,0.2006,0.0538,-0.0160,0.2555,-0.0032,1.1038,0.2753,0.0410,34.5206,36.6864,-0.0190,nan,nan,nan,nan
148.0456,-0.0032,-0.0021,1.1982,0.1915,0.0562,-0.0112,0.2554,-0.0033,1.1037,0.2754,0.0268,34.5198,36.6847,-0.0137,nan,nan,nan,nan
148.0719,-0.0032,-0.0022,1.1982,0.1915,0.0562,-0.0112,0.2554,-0.0034,1.1037,0.2754,0.0167,34.5192,36.6816,-0.0095,nan,nan,nan,nan
148.0999,-0.0033,-0.0022,1.1982,0.1808,0.0585,-0.0065,0.2554,-0.0035,1.1037,0.2754,0.0119,34.5182,36.6811,-0.0066,nan,nan,nan,nan
148.1353,-0.0033,-0.0023,1.1982,0.1676,0.0609,-0.0028,0.2554,-0.0036,1.1037,0.2754,0.0099,34.5183,36.6811,-0.0024,nan,nan,nan,nan
148.1576,-0.0033,-0.0024,1.1982,0.1676,0.0609,-0.0028,0.2553,-0.0036,1.1037,0.2754,0.0104,34.5186,36.6807,-0.0018,nan,nan,nan,nan
148.1845,-0.0033,-0.0024,1.1982,0.1525,0.0636,0.0001,0.2553,-0.0037,1.1037,0.2754,0.0139,34.5183,36.6790,-0.0012,nan,nan,nan,nan
148.2208,-0.0033,-0.0025,1.1982,0.1357,0.0654,0.0023,0.2553,-0.0038,1.1037,0.2754,0.0209,34.5164,36.6781,0.0033,nan,nan,nan,nan
148.2480,-0.0034,-0.0026,1.1982,0.1357,0.0654,0.0023,0.2553,-0.0038,1.1036,0.2754,0.0284,34.5152,36.6793,0.0041,nan,nan,nan,nan
148.2767,-0.0034,-0.0027,1.1982,0.1184,0.0671,0.0042,0.2552,-0.0039,1.1036,0.2754,0.0315,34.5151,36.6809,0.0016,nan,nan,nan,nan
148.3062,-0.0034,-0.0027,1.1982,0.1005,0.0685,0.0073,0.2552,-0.0040,1.1036,0.2754,0.0316,34.5145,36.6815,-0.0037,nan,nan,nan,nan
148.3326,-0.0034,-0.0028,1.1982,0.1005,0.0685,0.0073,0.2552,-0.0041,1.1036,0.2754,0.0287,34.5136,36.6815,-0.0063,nan,nan,nan,nan
148.3609,-0.0034,-0.0029,1.1982,0.0822,0.0693,0.0117,0.2552,-0.0042,1.1036,0.2754,0.0259,34.5132,36.6818,-0.0055,nan,nan,nan,nan
148.3922,-0.0034,-0.0030,1.1982,0.0636,0.0696,0.0161,0.2552,-0.0043,1.1036,0.2754,0.0236,34.5134,36.6817,-0.0078,nan,nan,nan,nan
148.4193,-0.0035,-0.0031,1.1982,0.0441,0.0702,0.0192,0.2551,-0.0044,1.1036,0.2754,0.0260,34.5168,36.6826,-0.0196,nan,nan,nan,nan
148.4412,-0.0035,-0.0032,1.1982,0.0441,0.0702,0.0192,0.2551,-0.0045,1.1037,0.2753,0.0269,34.5192,36.6833,-0.0290,nan,nan,nan,nan
148.4629,-0.0035,-0.0033,1.1982,0.0243,0.0708,0.0226,0.2551,-0.0046,1.1037,0.2753,0.0228,34.5245,36.6837,-0.0365,nan,nan,nan,nan
148.4909,-0.0035,-0.0034,1.1982,0.0047,0.0704,0.0267,0.2551,-0.0047,1.1037,0.2753,0.0201,34.5266,36.6846,-0.0370,nan,nan,nan,nan
148.5206,-0.0035,-0.0035,1.1982,-0.0148,0.0693,0.0305,0.2551,-0.0049,1.1037,0.2753,0.0160,34.5307,36.6859,-0.0349,nan,nan,nan,nan
148.5571,-0.0035,-0.0036,1.1982,-0.0348,0.0678,0.0341,0.2551,-0.0051,1.1037,0.2753,0.0131,34.5341,36.6863,-0.0295,nan,nan,nan,nan
148.5790,-0.0035,-0.0037,1.1982,-0.0348,0.0678,0.0341,0.2551,-0.0052,1.1037,0.2753,0.0075,34.5342,36.6850,-0.0215,nan,nan,nan,nan
148.6080,-0.0035,-0.0038,1.1982,-0.0540,0.0652,0.0384,0.2551,-0.0053,1.1037,0.2753,0.0039,34.5339,36.6817,-0.0171,nan,nan,nan,nan
148.6353,-0.0035,-0.0039,1.1982,-0.0731,0.0620,0.0421,0.2551,-0.0054,1.1037,0.2753,0.0010,34.5345,36.6764,-0.0129,nan,nan,nan,nan
148.6719,-0.0035,-0.0040,1.1982,-0.0917,0.0591,0.0465,0.2552,-0.0055,1.1037,0.2753,-0.0076,34.5385,36.6698,-0.0094,nan,nan,nan,nan
148.7007,-0.0035,-0.0041,1.1982,-0.1092,0.0558,0.0503,0.2552,-0.0057,1.1037,0.2754,-0.0177,34.5412,36.6646,-0.0084,nan,nan,nan,nan
148.7246,-0.0035,-0.0042,1.1982,-0.1092,0.0558,0.0503,0.2552,-0.0058,1.1038,0.2754,-0.0239,34.5430,36.6638,-0.0071,nan,nan,nan,nan
148.7466,-0.0035,-0.0042,1.1982,-0.1260,0.0523,0.0541,0.2552,-0.0059,1.1038,0.2754,-0.0259,34.5435,36.6641,-0.0062,nan,nan,nan,nan
148.7709,-0.0035,-0.0043,1.1982,-0.1419,0.0484,0.0575,0.2552,-0.0061,1.1038,0.2753,-0.0355,34.5450,36.6662,-0.0040,nan,nan,nan,nan
148.7983,-0.0034,-0.0044,1.1982,-0.1574,0.0442,0.0592,0.2552,-0.0061,1.1038,0.2754,-0.0356,34.5450,36.6640,-0.0026,nan,nan,nan,nan
148.8242,-0.0034,-0.0045,1.1982,-0.1574,0.0442,0.0592,0.2553,-0.0062,1.1038,0.2754,-0.0320,34.5430,36.6616,-0.0012,nan,nan,nan,nan
148.8464,-0.0034,-0.0046,1.1982,-0.1724,0.0393,0.0601,0.2553,-0.0063,1.1038,0.2754,-0.0288,34.5407,36.6601,0.0022,nan,nan,nan,nan
148.8667,-0.0034,-0.0046,1.1982,-0.1861,0.0343,0.0607,0.2553,-0.0063,1.1038,0.2754,-0.0249,34.5382,36.6583,0.0103,nan,nan,nan,nan
148.8888,-0.0034,-0.0046,1.1982,-0.1861,0.0343,0.0607,0.2553,-0.0064,1.1038,0.2754,-0.0243,34.5364,36.6583,0.0146,nan,nan,nan,nan
148.9106,-0.0034,-0.0047,1.1982,-0.1984,0.0294,0.0621,0.2553,-0.0065,1.1038,0.2754,-0.0276,34.5337,36.6590,0.0191,nan,nan,nan,nan
148.9344,-0.0034,-0.0047,1.1982,-0.2088,0.0248,0.0645,0.2554,-0.0066,1.1038,0.2754,-0.0371,34.5316,36.6554,0.0324,nan,nan,nan,nan
148.9561,-0.0034,-0.0048,1.1982,-0.2176,0.0198,0.0662,0.2554,-0.0066,1.1038,0.2754,-0.0435,34.5290,36.6519,0.0497,nan,nan,nan,nan
148.9797,-0.0033,-0.0048,1.1982,-0.2176,0.0198,0.0662,0.2554,-0.0067,1.1038,0.2754,-0.0531,34.5264,36.6514,0.0642,nan,nan,nan,nan
149.0042,-0.0033,-0.0048,1.1982,-0.2249,0.0152,0.0686,0.2554,-0.0068,1.1038,0.2754,-0.0683,34.5244,36.6494,0.0711,nan,nan,nan,nan
149.0278,-0.0033,-0.0048,1.1982,-0.2301,0.0107,0.0721,0.2554,-0.0069,1.1038,0.2754,-0.0864,34.5216,36.6501,0.0685,nan,nan,nan,nan
149.0532,-0.0033,-0.0048,1.1982,-0.2336,0.0064,0.0758,0.2555,-0.0070,1.1038,0.2754,-0.1061,34.5193,36.6506,0.0689,nan,nan,nan,nan
149.0754,-0.0033,-0.0048,1.1982,-0.2336,0.0064,0.0758,0.2555,-0.0070,1.1038,0.2754,-0.1264,34.5164,36.6522,0.0665,nan,nan,nan,nan
149.1015,-0.0033,-0.0048,1.1982,-0.2356,0.0023,0.0793,0.2555,-0.0071,1.1039,0.2754,-0.1328,34.5156,36.6526,0.0667,nan,nan,nan,nan
149.1284,-0.0032,-0.0048,1.1982,-0.2376,-0.0011,0.0803,0.2555,-0.0071,1.1039,0.2754,-0.1448,34.5148,36.6543,0.0721,nan,nan,nan,nan
149.1545,-0.0032,-0.0048,1.1982,-0.2376,-0.0011,0.0803,0.2555,-0.0071,1.1039,0.2754,-0.1436,34.5166,36.6538,0.0763,nan,nan,nan,nan
149.1759,-0.0032,-0.0048,1.1982,-0.2397,-0.0032,0.0782,0.2556,-0.0071,1.1039,0.2754,-0.1298,34.5228,36.6500,0.0807,nan,nan,nan,nan
149.2012,-0.0032,-0.0048,1.1982,-0.2416,-0.0054,0.0744,0.2556,-0.0070,1.1039,0.2754,-0.1188,34.5247,36.6462,0.0826,nan,nan,nan,nan
149.2308,-0.0032,-0.0048,1.1982,-0.2421,-0.0083,0.0698,0.2556,-0.0069,1.1039,0.2754,-0.0973,34.5240,36.6382,0.0827,nan,nan,nan,nan
149.2538,-0.0032,-0.0048,1.1982,-0.2421,-0.0083,0.0698,0.2556,-0.0069,1.1039,0.2755,-0.0892,34.5235,36.6351,0.0841,nan,nan,nan,nan
149.2822,-0.0031,-0.0047,1.1982,-0.2404,-0.0110,0.0664,0.2557,-0.0068,1.1039,0.2755,-0.0849,34.5247,36.6308,0.0854,nan,nan,nan,nan
149.3028,-0.0031,-0.0047,1.1982,-0.2360,-0.0131,0.0652,0.2557,-0.0068,1.1039,0.2755,-0.0887,34.5264,36.6299,0.0887,nan,nan,nan,nan
149.3240,-0.0031,-0.0046,1.1982,-0.2360,-0.0131,0.0652,0.2557,-0.0068,1.1039,0.2755,-0.0962,34.5270,36.6296,0.0905,nan,nan,nan,nan
149.3464,-0.0031,-0.0046,1.1982,-0.2298,-0.0152,0.0644,0.2557,-0.0068,1.1039,0.2755,-0.0987,34.5272,36.6295,0.0907,nan,nan,nan,nan
149.3755,-0.0031,-0.0045,1.1982,-0.2222,-0.0168,0.0636,0.2557,-0.0067,1.1039,0.2755,-0.1086,34.5300,36.6275,0.0945,nan,nan,nan,nan
149.3969,-0.0031,-0.0045,1.1982,-0.2222,-0.0168,0.0636,0.2557,-0.0067,1.1040,0.2755,-0.1138,34.5313,36.6266,0.0983,nan,nan,nan,nan
149.4232,-0.0031,-0.0044,1.1982,-0.2134,-0.0182,0.0628,0.2558,-0.0066,1.1040,0.2755,-0.1263,34.5343,36.6268,0.1053,nan,nan,nan,nan
149.4472,-0.0031,-0.0043,1.1982,-0.2030,-0.0190,0.0622,0.2558,-0.0066,1.1040,0.2754,-0.1386,34.5377,36.6293,0.1040,nan,nan,nan,nan
149.4681,-0.0030,-0.0042,1.1982,-0.1909,-0.0196,0.0621,0.2558,-0.0066,1.1040,0.2754,-0.1531,34.5404,36.6325,0.0978,nan,nan,nan,nan
149.4918,-0.0030,-0.0041,1.1982,-0.1777,-0.0205,0.0623,0.2558,-0.0065,1.1040,0.2754,-0.1729,34.5408,36.6352,0.0894,nan,nan,nan,nan
149.5280,-0.0030,-0.0040,1.1982,-0.1647,-0.0207,0.0605,0.2558,-0.0064,1.1040,0.2754,-0.1811,34.5420,36.6385,0.0859,nan,nan,nan,nan
149.5593,-0.0030,-0.0039,1.1982,-0.1516,-0.0201,0.0571,0.2558,-0.0063,1.1041,0.2754,-0.1776,34.5446,36.6482,0.0887,nan,nan,nan,nan
149.5923,-0.0030,-0.0037,1.1982,-0.1376,-0.0198,0.0524,0.2558,-0.0061,1.1041,0.2754,-0.1684,34.5449,36.6567,0.0932,nan,nan,nan,nan
149.6226,-0.0030,-0.0036,1.1982,-0.1225,-0.0197,0.0483,0.2558,-0.0059,1.1041,0.2754,-0.1626,34.5424,36.6649,0.0952,nan,nan,nan,nan
149.6483,-0.0030,-0.0034,1.1982,-0.1058,-0.0192,0.0452,0.2558,-0.0058,1.1041,0.2753,-0.1653,34.5418,36.6715,0.1032,nan,nan,nan,nan
149.6767,-0.0029,-0.0033,1.1982,-0.0884,-0.0184,0.0427,0.2558,-0.0056,1.1041,0.2753,-0.1695,34.5415,36.6811,0.1133,nan,nan,nan,nan
149.7113,-0.0029,-0.0031,1.1982,-0.0699,-0.0176,0.0401,0.2558,-0.0055,1.1042,0.2753,-0.1772,34.5406,36.6864,0.1086,nan,nan,nan,nan
149.7348,-0.0029,-0.0030,1.1982,-0.0699,-0.0176,0.0401,0.2558,-0.0054,1.1042,0.2753,-0.1820,34.5411,36.6895,0.1013,nan,nan,nan,nan
149.7603,-0.0029,-0.0029,1.1982,-0.0513,-0.0164,0.0374,0.2558,-0.0053,1.1042,0.2753,-0.1852,34.5415,36.6883,0.0985,nan,nan,nan,nan
149.7821,-0.0029,-0.0028,1.1982,-0.0323,-0.0155,0.0352,0.2558,-0.0052,1.1041,0.2753,-0.1912,34.5412,36.6845,0.0977,nan,nan,nan,nan
149.8122,-0.0029,-0.0026,1.1982,-0.0133,-0.0144,0.0329,0.2558,-0.0050,1.1041,0.2753,-0.1975,34.5402,36.6822,0.0984,nan,nan,nan,nan
149.8438,-0.0029,-0.0025,1.1982,0.0054,-0.0131,0.0304,0.2558,-0.0049,1.1041,0.2753,-0.2025,34.5387,36.6790,0.0999,nan,nan,nan,nan
149.8730,-0.0029,-0.0023,1.1982,0.0239,-0.0121,0.0275,0.2558,-0.0047,1.1041,0.2753,-0.2048,34.5329,36.6791,0.1017,nan,nan,nan,nan
149.9088,-0.0029,-0.0021,1.1982,0.0413,-0.0109,0.0248,0.2558,-0.0045,1.1040,0.2753,-0.2031,34.5263,36.6792,0.1021,nan,nan,nan,nan
149.9377,-0.0029,-0.0020,1.1982,0.0583,-0.0090,0.0218,0.2558,-0.0043,1.1040,0.2754,-0.2000,34.5202,36.6805,0.0987,nan,nan,nan,nan
149.9612,-0.0029,-0.0018,1.1982,0.0738,-0.0062,0.0177,0.2558,-0.0041,1.1040,0.2754,-0.1880,34.5166,36.6788,0.0986,nan,nan,nan,nan
149.9880,-0.0029,-0.0017,1.1982,0.0738,-0.0062,0.0177,0.2558,-0.0039,1.1040,0.2754,-0.1750,34.5156,36.6797,0.0992,nan,nan,nan,nan
150.0096,-0.0029,-0.0016,1.1982,0.0884,-0.0026,0.0129,0.2558,-0.0038,1.1040,0.2754,-0.1708,34.5151,36.6800,0.0988,nan,nan,nan,nan
150.0375,-0.0029,-0.0015,1.1982,0.1024,0.0007,0.0085,0.2558,-0.0037,1.1039,0.2754,-0.1556,34.5100,36.6826,0.0935,nan,nan,nan,nan
150.0634,-0.0029,-0.0014,1.1982,0.1024,0.0007,0.0085,0.2558,-0.0035,1.1039,0.2754,-0.1504,34.5056,36.6828,0.0883,nan,nan,nan,nan
150.0880,-0.0029,-0.0014,1.1982,0.1159,0.0039,0.0063,0.2558,-0.0035,1.1039,0.2754,-0.1493,34.5013,36.6827,0.0832,nan,nan,nan,nan
150.1164,-0.0029,-0.0013,1.1982,0.1290,0.0069,0.0050,0.2558,-0.0033,1.1039,0.2754,-0.1492,34.4953,36.6822,0.0720,nan,nan,nan,nan
150.1480,-0.0029,-0.0011,1.1982,0.1415,0.0110,0.0040,0.2558,-0.0032,1.1038,0.2754,-0.1512,34.4932,36.6833,0.0526,nan,nan,nan,nan
150.1730,-0.0029,-0.0010,1.1982,0.1415,0.0110,0.0040,0.2558,-0.0031,1.1038,0.2754,-0.1513,34.4941,36.6845,0.0444,nan,nan,nan,nan
150.1972,-0.0029,-0.0010,1.1982,0.1524,0.0160,0.0033,0.2558,-0.0030,1.1038,0.2754,-0.1523,34.4953,36.6859,0.0345,nan,nan,nan,nan
150.2192,-0.0029,-0.0009,1.1982,0.1624,0.0212,0.0026,0.2558,-0.0029,1.1038,0.2754,-0.1521,34.4968,36.6861,0.0285,nan,nan,nan,nan
150.2458,-0.0029,-0.0008,1.1982,0.1710,0.0267,0.0020,0.2558,-0.0028,1.1038,0.2754,-0.1507,34.5014,36.6855,0.0247,nan,nan,nan,nan
150.2727,-0.0029,-0.0007,1.1982,0.1783,0.0320,0.0012,0.2558,-0.0027,1.1038,0.2754,-0.1469,34.5057,36.6877,0.0298,nan,nan,nan,nan
150.2945,-0.0029,-0.0006,1.1982,0.1783,0.0320,0.0012,0.2558,-0.0026,1.1038,0.2753,-0.1434,34.5084,36.6885,0.0325,nan,nan,nan,nan
150.3165,-0.0028,-0.0006,1.1982,0.1841,0.0374,-0.0000,0.2558,-0.0025,1.1038,0.2753,-0.1364,34.5121,36.6888,0.0356,nan,nan,nan,nan
150.3459,-0.0028,-0.0005,1.1982,0.1885,0.0424,-0.0011,0.2558,-0.0024,1.1038,0.2753,-0.1295,34.5156,36.6904,0.0396,nan,nan,nan,nan
150.3773,-0.0028,-0.0005,1.1982,0.1918,0.0464,-0.0021,0.2558,-0.0023,1.1038,0.2753,-0.1198,34.5182,36.6898,0.0414,nan,nan,nan,nan
150.4026,-0.0028,-0.0004,1.1982,0.1940,0.0499,-0.0028,0.2558,-0.0022,1.1038,0.2753,-0.1101,34.5200,36.6880,0.0468,nan,nan,nan,nan
150.4279,-0.0028,-0.0004,1.1982,0.1940,0.0499,-0.0028,0.2558,-0.0022,1.1038,0.2753,-0.1073,34.5205,36.6888,0.0553,nan,nan,nan,nan
150.4512,-0.0028,-0.0003,1.1982,0.1962,0.0529,-0.0023,0.2558,-0.0021,1.1038,0.2753,-0.1113,34.5221,36.6863,0.0646,nan,nan,nan,nan
150.4737,-0.0028,-0.0003,1.1982,0.1982,0.0553,-0.0005,0.2558,-0.0021,1.1038,0.2753,-0.1152,34.5231,36.6833,0.0713,nan,nan,nan,nan
150.5009,-0.0028,-0.0003,1.1982,0.1990,0.0573,0.0014,0.2559,-0.0021,1.1038,0.2753,-0.1225,34.5256,36.6783,0.0749,nan,nan,nan,nan
150.5232,-0.0027,-0.0002,1.1982,0.1990,0.0573,0.0014,0.2559,-0.0021,1.1038,0.2753,-0.1284,34.5253,36.6779,0.0743,nan,nan,nan,nan
150.5455,-0.0027,-0.0002,1.1982,0.1989,0.0586,0.0032,0.2559,-0.0021,1.1037,0.2754,-0.1313,34.5243,36.6761,0.0753,nan,nan,nan,nan
150.5711,-0.0027,-0.0002,1.1982,0.1975,0.0591,0.0049,0.2559,-0.0021,1.1037,0.2754,-0.1359,34.5228,36.6745,0.0745,nan,nan,nan,nan
150.5916,-0.0027,-0.0002,1.1982,0.1949,0.0598,0.0060,0.2559,-0.0021,1.1037,0.2754,-0.1370,34.5242,36.6721,0.0721,nan,nan,nan,nan
150.6182,-0.0027,-0.0002,1.1982,0.1949,0.0598,0.0060,0.2560,-0.0021,1.1037,0.2754,-0.1374,34.5255,36.6704,0.0722,nan,nan,nan,nan
150.6427,-0.0026,-0.0002,1.1982,0.1910,0.0602,0.0074,0.2560,-0.0021,1.1037,0.2754,-0.1387,34.5255,36.6714,0.0715,nan,nan,nan,nan
150.6707,-0.0026,-0.0002,1.1982,0.1858,0.0606,0.0075,0.2560,-0.0021,1.1037,0.2754,-0.1336,34.5260,36.6730,0.0686,nan,nan,nan,nan
150.6988,-0.0026,-0.0002,1.1982,0.1858,0.0606,0.0075,0.2560,-0.0021,1.1037,0.2754,-0.1225,34.5268,36.6729,0.0642,nan,nan,nan,nan
150.7243,-0.0026,-0.0003,1.1982,0.1787,0.0610,0.0060,0.2561,-0.0020,1.1037,0.2754,-0.1123,34.5279,36.6726,0.0582,nan,nan,nan,nan
150.7528,-0.0025,-0.0003,1.1982,0.1699,0.0613,0.0032,0.2561,-0.0020,1.1037,0.2754,-0.0929,34.5286,36.6720,0.0509,nan,nan,nan,nan
150.7816,-0.0025,-0.0003,1.1982,0.1599,0.0613,0.0005,0.2561,-0.0019,1.1037,0.2753,-0.0662,34.5289,36.6730,0.0428,nan,nan,nan,nan
150.8183,-0.0024,-0.0004,1.1982,0.1490,0.0612,-0.0023,0.2562,-0.0019,1.1037,0.2753,-0.0389,34.5289,36.6730,0.0314,nan,nan,nan,nan
150.8439,-0.0024,-0.0004,1.1982,0.1490,0.0612,-0.0023,0.2562,-0.0019,1.1037,0.2753,-0.0236,34.5279,36.6719,0.0264,nan,nan,nan,nan
150.8700,-0.0024,-0.0004,1.1982,0.1382,0.0604,-0.0040,0.2562,-0.0019,1.1037,0.2754,-0.0188,34.5275,36.6710,0.0252,nan,nan,nan,nan
150.9051,-0.0024,-0.0005,1.1982,0.1271,0.0594,-0.0051,0.2563,-0.0019,1.1037,0.2754,-0.0038,34.5270,36.6662,0.0192,nan,nan,nan,nan
150.9309,-0.0023,-0.0005,1.1982,0.1271,0.0594,-0.0051,0.2563,-0.0019,1.1037,0.2754,0.0020,34.5270,36.6615,0.0201,nan,nan,nan,nan
150.9532,-0.0023,-0.0006,1.1982,0.1160,0.0583,-0.0049,0.2564,-0.0020,1.1037,0.2754,0.0035,34.5272,36.6591,0.0215,nan,nan,nan,nan
150.9769,-0.0022,-0.0006,1.1982,0.1043,0.0566,-0.0040,0.2564,-0.0020,1.1037,0.2754,0.0087,34.5263,36.6507,0.0282,nan,nan,nan,nan
151.0027,-0.0022,-0.0007,1.1982,0.1043,0.0566,-0.0040,0.2565,-0.0021,1.1037,0.2754,0.0101,34.5242,36.6483,0.0310,nan,nan,nan,nan
151.0285,-0.0021,-0.0007,1.1982,0.0921,0.0541,-0.0024,0.2565,-0.0022,1.1036,0.2754,0.0087,34.5211,36.6370,0.0335,nan,nan,nan,nan
151.0547,-0.0021,-0.0008,1.1982,0.0798,0.0515,0.0001,0.2566,-0.0022,1.1036,0.2754,0.0069,34.5209,36.6343,0.0342,nan,nan,nan,nan
151.0753,-0.0021,-0.0008,1.1982,0.0675,0.0493,0.0035,0.2566,-0.0023,1.1036,0.2755,-0.0022,34.5205,36.6291,0.0349,nan,nan,nan,nan
151.1103,-0.0020,-0.0009,1.1982,0.0548,0.0469,0.0064,0.2567,-0.0024,1.1036,0.2755,-0.0087,34.5200,36.6248,0.0393,nan,nan,nan,nan
151.1404,-0.0019,-0.0010,1.1982,0.0419,0.0443,0.0088,0.2568,-0.0025,1.1036,0.2755,-0.0131,34.5187,36.6217,0.0402,nan,nan,nan,nan
151.1701,-0.0019,-0.0011,1.1982,0.0280,0.0412,0.0105,0.2569,-0.0026,1.1036,0.2755,-0.0126,34.5152,36.6118,0.0434,nan,nan,nan,nan
151.2049,-0.0018,-0.0012,1.1982,0.0135,0.0378,0.0121,0.2570,-0.0027,1.1035,0.2755,-0.0094,34.5100,36.5991,0.0478,nan,nan,nan,nan
151.2291,-0.0017,-0.0012,1.1982,0.0135,0.0378,0.0121,0.2570,-0.0028,1.1035,0.2756,-0.0078,34.5065,36.5862,0.0501,nan,nan,nan,nan
151.2518,-0.0017,-0.0013,1.1982,-0.0006,0.0344,0.0139,0.2571,-0.0028,1.1035,0.2756,-0.0075,34.5051,36.5792,0.0522,nan,nan,nan,nan
151.2789,-0.0017,-0.0013,1.1982,-0.0146,0.0314,0.0160,0.2571,-0.0029,1.1035,0.2756,-0.0079,34.5029,36.5703,0.0511,nan,nan,nan,nan
151.3076,-0.0016,-0.0014,1.1982,-0.0290,0.0291,0.0174,0.2572,-0.0030,1.1034,0.2756,-0.0037,34.4998,36.5657,0.0502,nan,nan,nan,nan
151.3373,-0.0015,-0.0015,1.1982,-0.0448,0.0274,0.0161,0.2573,-0.0030,1.1034,0.2756,0.0183,34.4986,36.5677,0.0496,nan,nan,nan,nan
151.3642,-0.0014,-0.0016,1.1982,-0.0616,0.0263,0.0129,0.2574,-0.0030,1.1035,0.2756,0.0529,34.5017,36.5660,0.0508,nan,nan,nan,nan
151.3988,-0.0014,-0.0017,1.1982,-0.0789,0.0258,0.0086,0.2575,-0.0029,1.1035,0.2756,0.0934,34.5061,36.5651,0.0489,nan,nan,nan,nan
151.4195,-0.0013,-0.0018,1.1982,-0.0789,0.0258,0.0086,0.2575,-0.0029,1.1035,0.2756,0.1245,34.5076,36.5666,0.0518,nan,nan,nan,nan
151.4428,-0.0012,-0.0018,1.1982,-0.0961,0.0250,0.0045,0.2576,-0.0029,1.1035,0.2756,0.1544,34.5083,36.5704,0.0571,nan,nan,nan,nan
151.4683,-0.0012,-0.0019,1.1982,-0.1128,0.0238,0.0009,0.2576,-0.0028,1.1035,0.2756,0.1829,34.5077,36.5738,0.0609,nan,nan,nan,nan
151.4993,-0.0011,-0.0019,1.1982,-0.1287,0.0227,-0.0018,0.2577,-0.0028,1.1035,0.2756,0.2057,34.5071,36.5754,0.0668,nan,nan,nan,nan
151.5202,-0.0011,-0.0020,1.1982,-0.1287,0.0227,-0.0018,0.2578,-0.0028,1.1035,0.2756,0.2200,34.5065,36.5742,0.0705,nan,nan,nan,nan
151.5435,-0.0010,-0.0020,1.1982,-0.1431,0.0214,-0.0023,0.2578,-0.0028,1.1035,0.2756,0.2225,34.5063,36.5730,0.0693,nan,nan,nan,nan
151.5700,-0.0010,-0.0020,1.1982,-0.1553,0.0203,0.0003,0.2579,-0.0029,1.1035,0.2756,0.2182,34.5063,36.5742,0.0678,nan,nan,nan,nan
151.5925,-0.0009,-0.0021,1.1982,-0.1553,0.0203,0.0003,0.2579,-0.0030,1.1035,0.2756,0.2085,34.5065,36.5763,0.0643,nan,nan,nan,nan
151.6131,-0.0009,-0.0021,1.1982,-0.1662,0.0196,0.0041,0.2580,-0.0030,1.1035,0.2756,0.2043,34.5073,36.5764,0.0638,nan,nan,nan,nan
151.6401,-0.0008,-0.0021,1.1982,-0.1769,0.0192,0.0081,0.2580,-0.0031,1.1035,0.2756,0.1893,34.5096,36.5768,0.0644,nan,nan,nan,nan
151.6618,-0.0007,-0.0021,1.1982,-0.1769,0.0192,0.0081,0.2581,-0.0032,1.1035,0.2756,0.1846,34.5098,36.5773,0.0667,nan,nan,nan,nan
151.6878,-0.0007,-0.0021,1.1982,-0.1877,0.0185,0.0111,0.2581,-0.0032,1.1036,0.2756,0.1783,34.5111,36.5762,0.0700,nan,nan,nan,nan
151.7149,-0.0006,-0.0021,1.1982,-0.1981,0.0178,0.0143,0.2582,-0.0032,1.1036,0.2756,0.1708,34.5119,36.5745,0.0686,nan,nan,nan,nan
151.7419,-0.0006,-0.0022,1.1982,-0.1981,0.0178,0.0143,0.2583,-0.0033,1.1036,0.2756,0.1631,34.5123,36.5739,0.0669,nan,nan,nan,nan
151.7693,-0.0005,-0.0022,1.1982,-0.2072,0.0172,0.0177,0.2583,-0.0033,1.1036,0.2756,0.1566,34.5126,36.5734,0.0658,nan,nan,nan,nan
151.8008,-0.0005,-0.0021,1.1982,-0.2165,0.0165,0.0204,0.2584,-0.0034,1.1036,0.2756,0.1483,34.5121,36.5743,0.0622,nan,nan,nan,nan
151.8300,-0.0004,-0.0021,1.1982,-0.2254,0.0159,0.0223,0.2585,-0.0034,1.1036,0.2756,0.1433,34.5136,36.5720,0.0580,nan,nan,nan,nan
151.8668,-0.0003,-0.0021,1.1982,-0.2342,0.0160,0.0233,0.2585,-0.0034,1.1036,0.2756,0.1450,34.5176,36.5726,0.0583,nan,nan,nan,nan
151.8907,-0.0002,-0.0021,1.1982,-0.2342,0.0160,0.0233,0.2586,-0.0033,1.1036,0.2756,0.1465,34.5196,36.5730,0.0596,nan,nan,nan,nan
151.9175,-0.0002,-0.0021,1.1982,-0.2423,0.0159,0.0245,0.2587,-0.0033,1.1036,0.2756,0.1463,34.5207,36.5722,0.0594,nan,nan,nan,nan
151.9524,-0.0001,-0.0020,1.1982,-0.2487,0.0152,0.0266,0.2587,-0.0033,1.1036,0.2756,0.1397,34.5215,36.5691,0.0593,nan,nan,nan,nan
151.9766,-0.0000,-0.0020,1.1982,-0.2487,0.0152,0.0266,0.2588,-0.0033,1.1036,0.2756,0.1322,34.5210,36.5651,0.0595,nan,nan,nan,nan
152.0033,0.0000,-0.0020,1.1982,-0.2535,0.0141,0.0290,0.2589,-0.0033,1.1036,0.2756,0.1238,34.5184,36.5619,0.0589,nan,nan,nan,nan
152.0248,0.0001,-0.0019,1.1982,-0.2576,0.0130,0.0316,0.2589,-0.0033,1.1036,0.2756,0.1178,34.5173,36.5606,0.0564,nan,nan,nan,nan
152.0510,0.0001,-0.0019,1.1982,-0.2576,0.0130,0.0316,0.2590,-0.0033,1.1036,0.2756,0.1122,34.5171,36.5607,0.0514,nan,nan,nan,nan
152.0749,0.0002,-0.0018,1.1982,-0.2612,0.0124,0.0334,0.2590,-0.0032,1.1036,0.2756,0.1101,34.5173,36.5609,0.0482,nan,nan,nan,nan
152.1028,0.0002,-0.0018,1.1982,-0.2635,0.0120,0.0346,0.2591,-0.0032,1.1036,0.2756,0.1057,34.5177,36.5595,0.0420,nan,nan,nan,nan
152.1313,0.0003,-0.0017,1.1982,-0.2635,0.0120,0.0346,0.2592,-0.0031,1.1036,0.2756,0.1014,34.5167,36.5613,0.0350,nan,nan,nan,nan
152.1573,0.0004,-0.0016,1.1982,-0.2648,0.0115,0.0358,0.2592,-0.0031,1.1036,0.2756,0.0998,34.5162,36.5622,0.0339,nan,nan,nan,nan
152.1902,0.0004,-0.0015,1.1982,-0.2645,0.0108,0.0372,0.2593,-0.0030,1.1036,0.2756,0.0914,34.5150,36.5601,0.0385,nan,nan,nan,nan
152.2107,0.0005,-0.0014,1.1982,-0.2645,0.0108,0.0372,0.2593,-0.0030,1.1036,0.2756,0.0855,34.5145,36.5582,0.0414,nan,nan,nan,nan
152.2334,0.0005,-0.0014,1.1982,-0.2625,0.0099,0.0388,0.2594,-0.0029,1.1036,0.2756,0.0791,34.5140,36.5574,0.0425,nan,nan,nan,nan
152.2583,0.0006,-0.0013,1.1982,-0.2597,0.0093,0.0400,0.2595,-0.0028,1.1036,0.2756,0.0702,34.5136,36.5610,0.0447,nan,nan,nan,nan
152.2870,0.0007,-0.0011,1.1982,-0.2569,0.0090,0.0393,0.2595,-0.0027,1.1036,0.2756,0.0742,34.5137,36.5650,0.0473,nan,nan,nan,nan
152.3206,0.0008,-0.0010,1.1982,-0.2536,0.0087,0.0370,0.2596,-0.0025,1.1036,0.2756,0.0855,34.5139,36.5673,0.0380,nan,nan,nan,nan
152.3429,0.0009,-0.0008,1.1982,-0.2536,0.0087,0.0370,0.2597,-0.0023,1.1036,0.2756,0.0875,34.5142,36.5656,0.0293,nan,nan,nan,nan
152.3668,0.0009,-0.0007,1.1982,-0.2482,0.0080,0.0360,0.2598,-0.0022,1.1036,0.2756,0.0867,34.5135,36.5684,0.0194,nan,nan,nan,nan
152.3884,0.0010,-0.0006,1.1982,-0.2415,0.0073,0.0354,0.2598,-0.0021,1.1036,0.2756,0.0837,34.5144,36.5710,0.0173,nan,nan,nan,nan
152.4087,0.0011,-0.0004,1.1982,-0.2330,0.0070,0.0355,0.2599,-0.0020,1.1036,0.2756,0.0778,34.5171,36.5728,0.0137,nan,nan,nan,nan
152.4312,0.0011,-0.0003,1.1982,-0.2330,0.0070,0.0355,0.2600,-0.0018,1.1036,0.2756,0.0719,34.5177,36.5748,0.0120,nan,nan,nan,nan
152.4572,0.0012,-0.0002,1.1982,-0.2235,0.0063,0.0358,0.2600,-0.0017,1.1036,0.2756,0.0693,34.5174,36.5761,0.0123,nan,nan,nan,nan
152.4776,0.0012,-0.0000,1.1982,-0.2125,0.0047,0.0370,0.2601,-0.0016,1.1036,0.2756,0.0543,34.5146,36.5789,0.0149,nan,nan,nan,nan
152.4993,0.0013,0.0002,1.1982,-0.2125,0.0047,0.0370,0.2601,-0.0015,1.1036,0.2756,0.0378,34.5122,36.5830,0.0175,nan,nan,nan,nan
152.5228,0.0014,0.0003,1.1982,-0.1998,0.0029,0.0391,0.2602,-0.0014,1.1037,0.2756,0.0176,34.5097,36.5886,0.0197,nan,nan,nan,nan
152.5468,0.0014,0.0005,1.1982,-0.1856,0.0008,0.0423,0.2603,-0.0013,1.1037,0.2755,0.0004,34.5079,36.5917,0.0173,nan,nan,nan,nan
152.5772,0.0015,0.0007,1.1982,-0.1708,-0.0013,0.0460,0.2603,-0.0012,1.1037,0.2756,-0.0344,34.5072,36.5918,0.0138,nan,nan,nan,nan
152.6063,0.0016,0.0010,1.1982,-0.1555,-0.0034,0.0496,0.2604,-0.0010,1.1037,0.2756,-0.0682,34.5090,36.5878,0.0113,nan,nan,nan,nan
152.6341,0.0017,0.0012,1.1982,-0.1403,-0.0054,0.0524,0.2605,-0.0009,1.1037,0.2756,-0.0968,34.5095,36.5895,0.0103,nan,nan,nan,nan
152.6649,0.0018,0.0015,1.1982,-0.1252,-0.0073,0.0545,0.2606,-0.0007,1.1037,0.2755,-0.1214,34.5093,36.5968,0.0129,nan,nan,nan,nan
152.6882,0.0019,0.0017,1.1982,-0.1252,-0.0073,0.0545,0.2607,-0.0005,1.1037,0.2755,-0.1379,34.5096,36.6037,0.0181,nan,nan,nan,nan
152.7114,0.0019,0.0018,1.1982,-0.1093,-0.0092,0.0560,0.2607,-0.0004,1.1037,0.2755,-0.1504,34.5100,36.6074,0.0213,nan,nan,nan,nan
152.7368,0.0020,0.0021,1.1982,-0.0918,-0.0111,0.0588,0.2608,-0.0003,1.1038,0.2755,-0.1767,34.5104,36.6141,0.0213,nan,nan,nan,nan
152.7662,0.0021,0.0023,1.1982,-0.0726,-0.0136,0.0635,0.2609,-0.0002,1.1038,0.2755,-0.2228,34.5094,36.6198,0.0188,nan,nan,nan,nan
152.7999,0.0022,0.0026,1.1981,-0.0530,-0.0160,0.0679,0.2610,-0.0000,1.1038,0.2755,-0.2676,34.5093,36.6189,0.0197,nan,nan,nan,nan
152.8328,0.0022,0.0029,1.1981,-0.0341,-0.0183,0.0689,0.2611,0.0002,1.1038,0.2755,-0.2939,34.5104,36.6157,0.0271,nan,nan,nan,nan
152.8582,0.0023,0.0031,1.1981,-0.0341,-0.0183,0.0689,0.2611,0.0004,1.1038,0.2755,-0.3002,34.5104,36.6147,0.0312,nan,nan,nan,nan
152.8807,0.0024,0.0033,1.1981,-0.0166,-0.0204,0.0676,0.2612,0.0005,1.1038,0.2755,-0.3036,34.5102,36.6143,0.0324,nan,nan,nan,nan
152.9059,0.0024,0.0035,1.1981,0.0003,-0.0227,0.0638,0.2612,0.0008,1.1038,0.2755,-0.2987,34.5085,36.6150,0.0346,nan,nan,nan,nan
152.9411,0.0025,0.0037,1.1981,0.0166,-0.0250,0.0575,0.2613,0.0011,1.1038,0.2755,-0.2799,34.5068,36.6149,0.0392,nan,nan,nan,nan
152.9633,0.0026,0.0039,1.1981,0.0166,-0.0250,0.0575,0.2614,0.0014,1.1038,0.2755,-0.2548,34.5043,36.6135,0.0432,nan,nan,nan,nan
152.9863,0.0026,0.0041,1.1981,0.0316,-0.0277,0.0493,0.2614,0.0016,1.1038,0.2755,-0.2446,34.5032,36.6139,0.0435,nan,nan,nan,nan
153.0118,0.0027,0.0043,1.1981,0.0451,-0.0299,0.0388,0.2615,0.0020,1.1038,0.2755,-0.1928,34.5022,36.6131,0.0440,nan,nan,nan,nan
153.0332,0.0027,0.0045,1.1981,0.0451,-0.0299,0.0388,0.2616,0.0023,1.1038,0.2755,-0.1646,34.5020,36.6128,0.0450,nan,nan,nan,nan
153.0552,0.0028,0.0046,1.1981,0.0582,-0.0318,0.0280,0.2616,0.0026,1.1038,0.2755,-0.1255,34.5032,36.6128,0.0461,nan,nan,nan,nan
153.0864,0.0028,0.0048,1.1981,0.0725,-0.0337,0.0184,0.2617,0.0029,1.1038,0.2755,-0.0918,34.5046,36.6112,0.0481,nan,nan,nan,nan
153.1097,0.0029,0.0050,1.1981,0.0872,-0.0356,0.0105,0.2618,0.0033,1.1038,0.2755,-0.0564,34.5082,36.6080,0.0522,nan,nan,nan,nan
153.1327,0.0029,0.0052,1.1981,0.0872,-0.0356,0.0105,0.2618,0.0036,1.1038,0.2755,-0.0335,34.5122,36.6067,0.0503,nan,nan,nan,nan
153.1557,0.0030,0.0053,1.1981,0.1019,-0.0373,0.0037,0.2619,0.0038,1.1038,0.2755,-0.0192,34.5150,36.6067,0.0462,nan,nan,nan,nan
153.1877,0.0030,0.0055,1.1981,0.1165,-0.0391,-0.0025,0.2619,0.0040,1.1038,0.2755,0.0008,34.5183,36.6059,0.0376,nan,nan,nan,nan
153.2130,0.0031,0.0057,1.1981,0.1165,-0.0391,-0.0025,0.2620,0.0043,1.1038,0.2755,0.0140,34.5186,36.6070,0.0363,nan,nan,nan,nan
153.2336,0.0031,0.0059,1.1981,0.1302,-0.0416,-0.0081,0.2620,0.0046,1.1039,0.2755,0.0346,34.5190,36.6098,0.0358,nan,nan,nan,nan
153.2590,0.0032,0.0061,1.1981,0.1431,-0.0433,-0.0128,0.2621,0.0048,1.1039,0.2755,0.0561,34.5224,36.6110,0.0357,nan,nan,nan,nan
153.2852,0.0032,0.0062,1.1981,0.1561,-0.0453,-0.0159,0.2621,0.0051,1.1039,0.2755,0.0666,34.5245,36.6098,0.0342,nan,nan,nan,nan
153.3074,0.0033,0.0064,1.1981,0.1561,-0.0453,-0.0159,0.2622,0.0053,1.1039,0.2755,0.0731,34.5262,36.6079,0.0247,nan,nan,nan,nan
153.3342,0.0033,0.0065,1.1981,0.1689,-0.0473,-0.0177,0.2622,0.0054,1.1039,0.2755,0.0750,34.5265,36.6076,0.0207,nan,nan,nan,nan
153.3619,0.0034,0.0067,1.1981,0.1809,-0.0492,-0.0193,0.2623,0.0056,1.1039,0.2755,0.0827,34.5253,36.6075,0.0096,nan,nan,nan,nan
153.3929,0.0034,0.0069,1.1981,0.1921,-0.0509,-0.0193,0.2623,0.0058,1.1039,0.2755,0.0853,34.5243,36.6078,0.0056,nan,nan,nan,nan
153.4144,0.0035,0.0070,1.1981,0.1921,-0.0509,-0.0193,0.2624,0.0060,1.1039,0.2755,0.0824,34.5244,36.6064,0.0055,nan,nan,nan,nan
153.4403,0.0035,0.0072,1.1981,0.2031,-0.0523,-0.0176,0.2624,0.0061,1.1039,0.2755,0.0726,34.5239,36.6059,0.0039,nan,nan,nan,nan
153.4634,0.0036,0.0073,1.1981,0.2131,-0.0530,-0.0155,0.2625,0.0063,1.1039,0.2755,0.0642,34.5251,36.6033,0.0033,nan,nan,nan,nan
153.4958,0.0036,0.0075,1.1981,0.2217,-0.0533,-0.0128,0.2625,0.0064,1.1039,0.2755,0.0561,34.5260,36.6000,0.0048,nan,nan,nan,nan
153.5228,0.0036,0.0076,1.1981,0.2298,-0.0533,-0.0098,0.2626,0.0065,1.1039,0.2755,0.0416,34.5248,36.6014,0.0092,nan,nan,nan,nan
153.5440,0.0037,0.0078,1.1981,0.2298,-0.0533,-0.0098,0.2626,0.0066,1.1039,0.2755,0.0298,34.5238,36.6031,0.0129,nan,nan,nan,nan
153.5686,0.0037,0.0079,1.1981,0.2363,-0.0528,-0.0060,0.2626,0.0067,1.1039,0.2755,0.0203,34.5223,36.6041,0.0159,nan,nan,nan,nan
153.5912,0.0037,0.0080,1.1981,0.2410,-0.0517,-0.0027,0.2626,0.0068,1.1039,0.2755,0.0156,34.5211,36.6063,0.0184,nan,nan,nan,nan
153.6113,0.0038,0.0081,1.1981,0.2410,-0.0517,-0.0027,0.2627,0.0069,1.1039,0.2755,0.0099,34.5217,36.6091,0.0247,nan,nan,nan,nan
153.6378,0.0038,0.0082,1.1981,0.2441,-0.0495,0.0003,0.2627,0.0070,1.1039,0.2755,0.0070,34.5224,36.6118,0.0264,nan,nan,nan,nan
153.6626,0.0038,0.0082,1.1981,0.2460,-0.0472,0.0031,0.2627,0.0070,1.1039,0.2755,0.0032,34.5219,36.6130,0.0272,nan,nan,nan,nan
153.6886,0.0039,0.0083,1.1981,0.2460,-0.0472,0.0031,0.2627,0.0071,1.1039,0.2755,-0.0009,34.5211,36.6136,0.0219,nan,nan,nan,nan
153.7147,0.0039,0.0084,1.1981,0.2462,-0.0447,0.0065,0.2628,0.0072,1.1039,0.2755,-0.0032,34.5208,36.6138,0.0193,nan,nan,nan,nan
153.7351,0.0039,0.0085,1.1981,0.2451,-0.0417,0.0095,0.2628,0.0072,1.1039,0.2755,-0.0049,34.5199,36.6141,0.0163,nan,nan,nan,nan
153.7558,0.0039,0.0085,1.1981,0.2451,-0.0417,0.0095,0.2628,0.0073,1.1038,0.2755,-0.0031,34.5196,36.6148,0.0138,nan,nan,nan,nan
153.7807,0.0040,0.0086,1.1981,0.2423,-0.0385,0.0118,0.2628,0.0075,1.1038,0.2755,0.0043,34.5167,36.6124,0.0094,nan,nan,nan,nan
153.8022,0.0040,0.0086,1.1981,0.2380,-0.0358,0.0135,0.2628,0.0075,1.1038,0.2755,0.0062,34.5157,36.6117,0.0092,nan,nan,nan,nan
153.8286,0.0040,0.0087,1.1981,0.2328,-0.0333,0.0156,0.2629,0.0076,1.1038,0.2755,0.0134,34.5118,36.6095,0.0102,nan,nan,nan,nan
153.8651,0.0040,0.0087,1.1981,0.2267,-0.0308,0.0183,0.2629,0.0077,1.1037,0.2755,0.0179,34.5065,36.6071,0.0118,nan,nan,nan,nan
153.8888,0.0040,0.0088,1.1981,0.2267,-0.0308,0.0183,0.2629,0.0077,1.1037,0.2755,0.0162,34.5032,36.6063,0.0109,nan,nan,nan,nan
153.9102,0.0041,0.0088,1.1981,0.2205,-0.0282,0.0222,0.2629,0.0077,1.1037,0.2755,0.0144,34.5022,36.6064,0.0114,nan,nan,nan,nan
153.9370,0.0041,0.0088,1.1981,0.2140,-0.0257,0.0268,0.2629,0.0077,1.1037,0.2755,0.0064,34.4983,36.6055,0.0156,nan,nan,nan,nan
153.9717,0.0041,0.0089,1.1981,0.2071,-0.0231,0.0311,0.2630,0.0077,1.1036,0.2756,-0.0020,34.4949,36.6052,0.0187,nan,nan,nan,nan
153.9949,0.0041,0.0089,1.1981,0.2071,-0.0231,0.0311,0.2630,0.0077,1.1036,0.2756,-0.0068,34.4925,36.6066,0.0197,nan,nan,nan,nan
154.0218,0.0041,0.0089,1.1981,0.1988,-0.0203,0.0353,0.2630,0.0077,1.1036,0.2755,-0.0067,34.4926,36.6075,0.0187,nan,nan,nan,nan
154.0485,0.0042,0.0089,1.1981,0.1884,-0.0169,0.0379,0.2630,0.0078,1.1036,0.2755,0.0006,34.4941,36.6127,0.0153,nan,nan,nan,nan
154.0834,0.0042,0.0089,1.1981,0.1769,-0.0143,0.0389,0.2630,0.0078,1.1036,0.2755,0.0180,34.4932,36.6136,0.0090,nan,nan,nan,nan
154.1120,0.0042,0.0089,1.1981,0.1644,-0.0127,0.0395,0.2630,0.0079,1.1036,0.2755,0.0392,34.4880,36.6147,0.0116,nan,nan,nan,nan
154.1340,0.0042,0.0089,1.1981,0.1644,-0.0127,0.0395,0.2630,0.0080,1.1036,0.2755,0.0502,34.4859,36.6152,0.0142,nan,nan,nan,nan
154.1559,0.0042,0.0089,1.1981,0.1516,-0.0114,0.0400,0.2630,0.0080,1.1036,0.2755,0.0653,34.4824,36.6171,0.0187,nan,nan,nan,nan
154.1910,0.0042,0.0088,1.1981,0.1386,-0.0102,0.0405,0.2631,0.0080,1.1036,0.2755,0.0807,34.4810,36.6197,0.0227,nan,nan,nan,nan
154.2157,0.0043,0.0088,1.1981,0.1386,-0.0102,0.0405,0.2631,0.0080,1.1036,0.2755,0.0955,34.4797,36.6195,0.0334,nan,nan,nan,nan
154.2408,0.0043,0.0088,1.1981,0.1253,-0.0093,0.0410,0.2631,0.0081,1.1036,0.2755,0.1038,34.4786,36.6193,0.0404,nan,nan,nan,nan
154.2718,0.0043,0.0088,1.1981,0.1121,-0.0088,0.0424,0.2631,0.0081,1.1036,0.2755,0.1134,34.4765,36.6187,0.0471,nan,nan,nan,nan
154.3084,0.0043,0.0087,1.1981,0.0994,-0.0091,0.0455,0.2631,0.0080,1.1035,0.2755,0.1173,34.4731,36.6212,0.0532,nan,nan,nan,nan
154.3299,0.0043,0.0087,1.1981,0.0994,-0.0091,0.0455,0.2631,0.0080,1.1036,0.2755,0.1145,34.4729,36.6216,0.0555,nan,nan,nan,nan
154.3537,0.0043,0.0087,1.1981,0.0879,-0.0094,0.0502,0.2631,0.0079,1.1036,0.2755,0.1056,34.4720,36.6242,0.0574,nan,nan,nan,nan
154.3815,0.0044,0.0087,1.1981,0.0765,-0.0099,0.0553,0.2632,0.0079,1.1036,0.2755,0.0963,34.4725,36.6259,0.0593,nan,nan,nan,nan
154.4056,0.0044,0.0086,1.1981,0.0765,-0.0099,0.0553,0.2632,0.0078,1.1036,0.2755,0.0925,34.4731,36.6247,0.0603,nan,nan,nan,nan
154.4283,0.0044,0.0086,1.1981,0.0642,-0.0107,0.0599,0.2632,0.0078,1.1036,0.2755,0.0878,34.4740,36.6193,0.0589,nan,nan,nan,nan
154.4519,0.0044,0.0086,1.1981,0.0516,-0.0122,0.0634,0.2632,0.0077,1.1036,0.2756,0.0886,34.4736,36.6169,0.0597,nan,nan,nan,nan
154.4870,0.0044,0.0085,1.1981,0.0385,-0.0137,0.0650,0.2632,0.0077,1.1036,0.2756,0.0979,34.4734,36.6140,0.0608,nan,nan,nan,nan
154.5100,0.0044,0.0085,1.1981,0.0385,-0.0137,0.0650,0.2633,0.0077,1.1036,0.2756,0.1045,34.4736,36.6128,0.0599,nan,nan,nan,nan
154.5302,0.0044,0.0084,1.1981,0.0252,-0.0152,0.0658,0.2633,0.0077,1.1036,0.2756,0.1107,34.4748,36.6109,0.0605,nan,nan,nan,nan
154.5615,0.0044,0.0084,1.1981,0.0126,-0.0171,0.0675,0.2633,0.0077,1.1036,0.2756,0.1194,34.4773,36.6056,0.0586,nan,nan,nan,nan
154.5855,0.0045,0.0084,1.1981,0.0126,-0.0171,0.0675,0.2633,0.0076,1.1036,0.2756,0.1202,34.4780,36.6011,0.0559,nan,nan,nan,nan
154.6123,0.0045,0.0083,1.1981,0.0014,-0.0197,0.0705,0.2633,0.0076,1.1036,0.2756,0.1149,34.4786,36.5946,0.0484,nan,nan,nan,nan
154.6442,0.0045,0.0083,1.1981,-0.0087,-0.0226,0.0750,0.2633,0.0075,1.1036,0.2756,0.1055,34.4770,36.5915,0.0480,nan,nan,nan,nan
154.6800,0.0045,0.0083,1.1981,-0.0186,-0.0253,0.0786,0.2634,0.0074,1.1036,0.2756,0.0976,34.4763,36.5905,0.0520,nan,nan,nan,nan
154.7169,0.0045,0.0082,1.1981,-0.0278,-0.0281,0.0809,0.2634,0.0074,1.1036,0.2756,0.0946,34.4757,36.5902,0.0518,nan,nan,nan,nan
154.7413,0.0045,0.0082,1.1981,-0.0278,-0.0281,0.0809,0.2634,0.0073,1.1036,0.2756,0.0923,34.4758,36.5896,0.0512,nan,nan,nan,nan
154.7660,0.0045,0.0081,1.1981,-0.0362,-0.0303,0.0839,0.2634,0.0072,1.1036,0.2756,0.0846,34.4766,36.5888,0.0530,nan,nan,nan,nan
154.7929,0.0045,0.0081,1.1981,-0.0431,-0.0330,0.0879,0.2634,0.0072,1.1036,0.2756,0.0723,34.4755,36.5880,0.0509,nan,nan,nan,nan
154.8277,0.0045,0.0081,1.1981,-0.0492,-0.0356,0.0920,0.2634,0.0071,1.1036,0.2756,0.0556,34.4750,36.5880,0.0451,nan,nan,nan,nan
154.8482,0.0045,0.0080,1.1981,-0.0492,-0.0356,0.0920,0.2634,0.0070,1.1036,0.2756,0.0488,34.4737,36.5903,0.0403,nan,nan,nan,nan
154.8735,0.0045,0.0080,1.1981,-0.0554,-0.0382,0.0946,0.2635,0.0070,1.1036,0.2756,0.0486,34.4722,36.5914,0.0380,nan,nan,nan,nan
154.8998,0.0045,0.0080,1.1981,-0.0617,-0.0406,0.0950,0.2635,0.0070,1.1036,0.2756,0.0530,34.4713,36.5913,0.0351,nan,nan,nan,nan
154.9206,0.0046,0.0080,1.1981,-0.0617,-0.0406,0.0950,0.2635,0.0069,1.1036,0.2756,0.0548,34.4719,36.5892,0.0347,nan,nan,nan,nan
154.9459,0.0046,0.0079,1.1982,-0.0669,-0.0425,0.0957,0.2635,0.0069,1.1037,0.2756,0.0537,34.4724,36.5888,0.0367,nan,nan,nan,nan
154.9744,0.0046,0.0079,1.1982,-0.0709,-0.0441,0.0974,0.2635,0.0069,1.1037,0.2756,0.0491,34.4728,36.5894,0.0378,nan,nan,nan,nan
155.0069,0.0046,0.0079,1.1982,-0.0734,-0.0458,0.0989,0.2635,0.0068,1.1037,0.2756,0.0411,34.4713,36.5905,0.0464,nan,nan,nan,nan
155.0274,0.0046,0.0079,1.1982,-0.0734,-0.0458,0.0989,0.2635,0.0068,1.1037,0.2756,0.0312,34.4682,36.5922,0.0503,nan,nan,nan,nan
155.0481,0.0046,0.0079,1.1982,-0.0747,-0.0477,0.1012,0.2635,0.0067,1.1037,0.2756,0.0224,34.4675,36.5922,0.0510,nan,nan,nan,nan
155.0751,0.0046,0.0079,1.1982,-0.0745,-0.0490,0.1044,0.2635,0.0067,1.1037,0.2756,0.0062,34.4665,36.5925,0.0509,nan,nan,nan,nan
155.1122,0.0045,0.0079,1.1982,-0.0732,-0.0497,0.1073,0.2635,0.0066,1.1037,0.2756,-0.0175,34.4668,36.5935,0.0524,nan,nan,nan,nan
155.1393,0.0045,0.0079,1.1982,-0.0732,-0.0497,0.1073,0.2635,0.0065,1.1037,0.2756,-0.0321,34.4682,36.5945,0.0558,nan,nan,nan,nan
155.1652,0.0045,0.0079,1.1982,-0.0714,-0.0499,0.1091,0.2635,0.0065,1.1037,0.2756,-0.0359,34.4687,36.5950,0.0575,nan,nan,nan,nan
155.1886,0.0045,0.0079,1.1982,-0.0692,-0.0499,0.1105,0.2634,0.0064,1.1037,0.2756,-0.0555,34.4703,36.5982,0.0573,nan,nan,nan,nan
155.2200,0.0045,0.0079,1.1982,-0.0661,-0.0500,0.1115,0.2634,0.0063,1.1037,0.2756,-0.0667,34.4703,36.5966,0.0552,nan,nan,nan,nan
155.2429,0.0045,0.0079,1.1982,-0.0661,-0.0500,0.1115,0.2634,0.0063,1.1037,0.2756,-0.0755,34.4695,36.5945,0.0550,nan,nan,nan,nan
155.2687,0.0045,0.0079,1.1982,-0.0621,-0.0501,0.1114,0.2634,0.0063,1.1037,0.2756,-0.0790,34.4701,36.5918,0.0570,nan,nan,nan,nan
155.3027,0.0045,0.0079,1.1982,-0.0580,-0.0497,0.1105,0.2634,0.0063,1.1037,0.2756,-0.0845,34.4724,36.5859,0.0565,nan,nan,nan,nan
155.3241,0.0045,0.0079,1.1982,-0.0580,-0.0497,0.1105,0.2634,0.0063,1.1037,0.2757,-0.0926,34.4741,36.5782,0.0508,nan,nan,nan,nan
155.3461,0.0044,0.0079,1.1982,-0.0529,-0.0492,0.1102,0.2634,0.0062,1.1037,0.2757,-0.0983,34.4752,36.5731,0.0465,nan,nan,nan,nan
155.3700,0.0044,0.0079,1.1982,-0.0468,-0.0485,0.1095,0.2634,0.0062,1.1037,0.2757,-0.1077,34.4775,36.5686,0.0415,nan,nan,nan,nan
155.3935,0.0044,0.0079,1.1982,-0.0468,-0.0485,0.1095,0.2634,0.0062,1.1037,0.2757,-0.1152,34.4791,36.5673,0.0382,nan,nan,nan,nan
155.4197,0.0044,0.0079,1.1982,-0.0400,-0.0476,0.1094,0.2634,0.0061,1.1037,0.2757,-0.1272,34.4803,36.5663,0.0323,nan,nan,nan,nan
155.4547,0.0044,0.0079,1.1982,-0.0318,-0.0467,0.1092,0.2633,0.0061,1.1037,0.2757,-0.1413,34.4817,36.5641,0.0247,nan,nan,nan,nan
155.4874,0.0044,0.0079,1.1982,-0.0230,-0.0458,0.1094,0.2633,0.0060,1.1037,0.2757,-0.1620,34.4832,36.5606,0.0184,nan,nan,nan,nan
155.5166,0.0043,0.0079,1.1982,-0.0142,-0.0445,0.1083,0.2633,0.0060,1.1037,0.2757,-0.1750,34.4858,36.5570,0.0133,nan,nan,nan,nan
155.5519,0.0043,0.0080,1.1982,-0.0058,-0.0429,0.1047,0.2633,0.0060,1.1037,0.2757,-0.1740,34.4877,36.5528,0.0165,nan,nan,nan,nan
155.5881,0.0043,0.0080,1.1982,0.0027,-0.0412,0.1002,0.2632,0.0061,1.1037,0.2757,-0.1676,34.4873,36.5515,0.0189,nan,nan,nan,nan
155.6098,0.0042,0.0080,1.1982,0.0027,-0.0412,0.1002,0.2632,0.0061,1.1036,0.2757,-0.1649,34.4868,36.5511,0.0213,nan,nan,nan,nan
155.6374,0.0042,0.0080,1.1982,0.0115,-0.0396,0.0962,0.2632,0.0061,1.1036,0.2757,-0.1636,34.4869,36.5491,0.0235,nan,nan,nan,nan
155.6713,0.0042,0.0080,1.1982,0.0215,-0.0376,0.0920,0.2631,0.0061,1.1036,0.2757,-0.1612,34.4875,36.5482,0.0258,nan,nan,nan,nan
155.6930,0.0041,0.0080,1.1982,0.0215,-0.0376,0.0920,0.2631,0.0061,1.1036,0.2757,-0.1569,34.4873,36.5513,0.0299,nan,nan,nan,nan
155.7204,0.0041,0.0080,1.1982,0.0304,-0.0356,0.0867,0.2631,0.0062,1.1036,0.2757,-0.1445,34.4865,36.5553,0.0340,nan,nan,nan,nan
155.7570,0.0041,0.0080,1.1982,0.0389,-0.0339,0.0800,0.2631,0.0062,1.1036,0.2757,-0.1290,34.4860,36.5565,0.0358,nan,nan,nan,nan
155.7823,0.0041,0.0080,1.1982,0.0389,-0.0339,0.0800,0.2630,0.0063,1.1036,0.2757,-0.1174,34.4845,36.5575,0.0383,nan,nan,nan,nan
155.8085,0.0040,0.0080,1.1982,0.0474,-0.0327,0.0727,0.2630,0.0064,1.1036,0.2757,-0.0996,34.4805,36.5591,0.0375,nan,nan,nan,nan
155.8331,0.0040,0.0080,1.1982,0.0563,-0.0319,0.0666,0.2630,0.0064,1.1036,0.2757,-0.0872,34.4758,36.5623,0.0367,nan,nan,nan,nan
155.8584,0.0040,0.0080,1.1982,0.0563,-0.0319,0.0666,0.2629,0.0064,1.1036,0.2757,-0.0831,34.4746,36.5647,0.0339,nan,nan,nan,nan
155.8802,0.0040,0.0080,1.1982,0.0666,-0.0304,0.0623,0.2629,0.0064,1.1036,0.2757,-0.0849,34.4740,36.5662,0.0290,nan,nan,nan,nan
155.9086,0.0039,0.0080,1.1982,0.0784,-0.0293,0.0606,0.2629,0.0064,1.1036,0.2757,-0.0956,34.4729,36.5669,0.0247,nan,nan,nan,nan
155.9444,0.0039,0.0080,1.1982,0.0909,-0.0284,0.0597,0.2628,0.0063,1.1036,0.2757,-0.1150,34.4718,36.5696,0.0188,nan,nan,nan,nan
155.9710,0.0038,0.0080,1.1982,0.0909,-0.0284,0.0597,0.2628,0.0063,1.1036,0.2757,-0.1325,34.4714,36.5703,0.0152,nan,nan,nan,nan
155.9985,0.0038,0.0080,1.1982,0.1033,-0.0276,0.0594,0.2627,0.0062,1.1036,0.2757,-0.1384,34.4713,36.5704,0.0124,nan,nan,nan,nan
156.0247,0.0038,0.0080,1.1982,0.1153,-0.0270,0.0586,0.2627,0.0062,1.1036,0.2757,-0.1583,34.4701,36.5703,0.0002,nan,nan,nan,nan
156.0455,0.0037,0.0080,1.1982,0.1153,-0.0270,0.0586,0.2627,0.0061,1.1036,0.2757,-0.1619,34.4689,36.5716,-0.0024,nan,nan,nan,nan
156.0686,0.0037,0.0080,1.1982,0.1251,-0.0266,0.0556,0.2626,0.0061,1.1036,0.2757,-0.1568,34.4672,36.5749,-0.0008,nan,nan,nan,nan
156.0928,0.0036,0.0080,1.1982,0.1337,-0.0259,0.0516,0.2625,0.0061,1.1036,0.2757,-0.1490,34.4659,36.5817,0.0108,nan,nan,nan,nan
156.1138,0.0036,0.0079,1.1982,0.1422,-0.0251,0.0477,0.2625,0.0061,1.1036,0.2757,-0.1483,34.4657,36.5833,0.0142,nan,nan,nan,nan
156.1369,0.0036,0.0079,1.1982,0.1503,-0.0240,0.0440,0.2625,0.0061,1.1036,0.2757,-0.1448,34.4656,36.5879,0.0204,nan,nan,nan,nan
156.1640,0.0035,0.0079,1.1982,0.1583,-0.0228,0.0411,0.2624,0.0061,1.1036,0.2757,-0.1461,34.4662,36.5849,0.0237,nan,nan,nan,nan
156.1870,0.0035,0.0078,1.1982,0.1583,-0.0228,0.0411,0.2624,0.0060,1.1036,0.2757,-0.1466,34.4660,36.5824,0.0279,nan,nan,nan,nan
156.2140,0.0034,0.0078,1.1982,0.1651,-0.0217,0.0385,0.2623,0.0060,1.1036,0.2757,-0.1459,34.4662,36.5813,0.0300,nan,nan,nan,nan
156.2483,0.0034,0.0078,1.1982,0.1713,-0.0206,0.0356,0.2623,0.0060,1.1036,0.2757,-0.1438,34.4665,36.5772,0.0408,nan,nan,nan,nan
156.2686,0.0034,0.0077,1.1982,0.1713,-0.0206,0.0356,0.2623,0.0059,1.1035,0.2757,-0.1438,34.4675,36.5721,0.0445,nan,nan,nan,nan
156.2942,0.0033,0.0077,1.1982,0.1769,-0.0196,0.0329,0.2622,0.0059,1.1035,0.2757,-0.1434,34.4673,36.5713,0.0461,nan,nan,nan,nan
156.3258,0.0033,0.0076,1.1982,0.1810,-0.0186,0.0294,0.2622,0.0059,1.1035,0.2757,-0.1360,34.4651,36.5707,0.0455,nan,nan,nan,nan
156.3556,0.0032,0.0075,1.1982,0.1835,-0.0180,0.0254,0.2621,0.0058,1.1035,0.2757,-0.1219,34.4618,36.5679,0.0431,nan,nan,nan,nan
156.3779,0.0032,0.0075,1.1982,0.1835,-0.0180,0.0254,0.2621,0.0058,1.1035,0.2757,-0.1152,34.4607,36.5658,0.0440,nan,nan,nan,nan
156.4012,0.0032,0.0074,1.1982,0.1854,-0.0171,0.0214,0.2621,0.0058,1.1035,0.2757,-0.1087,34.4599,36.5621,0.0456,nan,nan,nan,nan
156.4296,0.0031,0.0073,1.1982,0.1863,-0.0164,0.0174,0.2620,0.0057,1.1034,0.2757,-0.0943,34.4572,36.5567,0.0508,nan,nan,nan,nan
156.4637,0.0030,0.0072,1.1982,0.1863,-0.0156,0.0138,0.2620,0.0057,1.1034,0.2757,-0.0809,34.4552,36.5536,0.0567,nan,nan,nan,nan
156.4916,0.0030,0.0071,1.1982,0.1863,-0.0156,0.0138,0.2619,0.0056,1.1034,0.2757,-0.0744,34.4557,36.5520,0.0561,nan,nan,nan,nan
156.5134,0.0030,0.0071,1.1982,0.1857,-0.0143,0.0109,0.2619,0.0056,1.1034,0.2757,-0.0722,34.4556,36.5522,0.0562,nan,nan,nan,nan
156.5433,0.0029,0.0070,1.1982,0.1836,-0.0131,0.0078,0.2619,0.0055,1.1034,0.2758,-0.0596,34.4540,36.5508,0.0569,nan,nan,nan,nan
156.5724,0.0029,0.0069,1.1982,0.1804,-0.0122,0.0052,0.2618,0.0054,1.1034,0.2758,-0.0485,34.4512,36.5480,0.0576,nan,nan,nan,nan
156.5944,0.0028,0.0067,1.1982,0.1804,-0.0122,0.0052,0.2617,0.0053,1.1034,0.2758,-0.0434,34.4503,36.5472,0.0586,nan,nan,nan,nan
156.6186,0.0028,0.0067,1.1982,0.1761,-0.0109,0.0029,0.2617,0.0052,1.1034,0.2758,-0.0383,34.4492,36.5478,0.0608,nan,nan,nan,nan
156.6523,0.0027,0.0066,1.1982,0.1704,-0.0093,0.0011,0.2617,0.0051,1.1034,0.2758,-0.0287,34.4471,36.5517,0.0578,nan,nan,nan,nan
156.6758,0.0027,0.0064,1.1982,0.1704,-0.0093,0.0011,0.2616,0.0050,1.1034,0.2758,-0.0217,34.4466,36.5541,0.0536,nan,nan,nan,nan
156.7020,0.0027,0.0064,1.1982,0.1640,-0.0072,-0.0005,0.2616,0.0050,1.1034,0.2758,-0.0193,34.4465,36.5549,0.0530,nan,nan,nan,nan
156.7368,0.0026,0.0062,1.1982,0.1563,-0.0050,-0.0016,0.2615,0.0049,1.1034,0.2757,-0.0105,34.4464,36.5581,0.0511,nan,nan,nan,nan
156.7735,0.0025,0.0061,1.1983,0.1473,-0.0025,-0.0029,0.2614,0.0047,1.1034,0.2757,0.0012,34.4469,36.5587,0.0481,nan,nan,nan,nan
156.7953,0.0025,0.0059,1.1983,0.1473,-0.0025,-0.0029,0.2614,0.0046,1.1034,0.2757,0.0122,34.4478,36.5588,0.0450,nan,nan,nan,nan
156.8198,0.0025,0.0058,1.1983,0.1370,-0.0000,-0.0042,0.2613,0.0045,1.1034,0.2757,0.0219,34.4481,36.5624,0.0438,nan,nan,nan,nan
156.8468,0.0024,0.0056,1.1983,0.1267,0.0025,-0.0043,0.2613,0.0044,1.1034,0.2757,0.0259,34.4492,36.5645,0.0436,nan,nan,nan,nan
156.8703,0.0024,0.0055,1.1983,0.1161,0.0051,-0.0029,0.2612,0.0042,1.1034,0.2757,0.0246,34.4501,36.5634,0.0469,nan,nan,nan,nan
156.8945,0.0023,0.0054,1.1983,0.1161,0.0051,-0.0029,0.2612,0.0041,1.1034,0.2757,0.0202,34.4493,36.5641,0.0514,nan,nan,nan,nan
156.9224,0.0023,0.0053,1.1983,0.1063,0.0070,0.0006,0.2612,0.0039,1.1034,0.2757,0.0114,34.4486,36.5642,0.0568,nan,nan,nan,nan
156.9558,0.0022,0.0051,1.1983,0.0972,0.0088,0.0054,0.2611,0.0037,1.1033,0.2757,-0.0124,34.4481,36.5660,0.0649,nan,nan,nan,nan
156.9768,0.0022,0.0050,1.1983,0.0972,0.0088,0.0054,0.2611,0.0035,1.1034,0.2757,-0.0229,34.4475,36.5699,0.0669,nan,nan,nan,nan
156.9983,0.0022,0.0049,1.1983,0.0867,0.0107,0.0098,0.2610,0.0034,1.1034,0.2757,-0.0304,34.4479,36.5751,0.0670,nan,nan,nan,nan
157.0294,0.0021,0.0047,1.1983,0.0746,0.0127,0.0128,0.2610,0.0032,1.1034,0.2757,-0.0371,34.4479,36.5850,0.0695,nan,nan,nan,nan
157.0599,0.0021,0.0045,1.1983,0.0619,0.0139,0.0148,0.2609,0.0030,1.1034,0.2757,-0.0375,34.4467,36.5896,0.0720,nan,nan,nan,nan
157.0853,0.0020,0.0044,1.1983,0.0619,0.0139,0.0148,0.2608,0.0028,1.1034,0.2757,-0.0386,34.4453,36.5892,0.0726,nan,nan,nan,nan
157.1123,0.0020,0.0042,1.1983,0.0491,0.0140,0.0171,0.2608,0.0027,1.1034,0.2757,-0.0413,34.4422,36.5867,0.0715,nan,nan,nan,nan
157.1407,0.0019,0.0041,1.1983,0.0362,0.0135,0.0196,0.2608,0.0025,1.1034,0.2757,-0.0438,34.4379,36.5875,0.0718,nan,nan,nan,nan
157.1643,0.0019,0.0039,1.1983,0.0362,0.0135,0.0196,0.2607,0.0023,1.1033,0.2757,-0.0446,34.4323,36.5895,0.0731,nan,nan,nan,nan
157.1915,0.0019,0.0038,1.1983,0.0230,0.0120,0.0216,0.2607,0.0022,1.1033,0.2757,-0.0446,34.4299,36.5881,0.0732,nan,nan,nan,nan
157.2143,0.0018,0.0037,1.1983,0.0097,0.0105,0.0232,0.2607,0.0020,1.1033,0.2757,-0.0445,34.4281,36.5859,0.0741,nan,nan,nan,nan
157.2449,0.0018,0.0034,1.1983,-0.0036,0.0089,0.0252,0.2606,0.0018,1.1033,0.2757,-0.0464,34.4255,36.5845,0.0778,nan,nan,nan,nan
157.2685,0.0017,0.0033,1.1983,-0.0036,0.0089,0.0252,0.2606,0.0016,1.1033,0.2757,-0.0465,34.4249,36.5852,0.0798,nan,nan,nan,nan
157.2924,0.0017,0.0031,1.1983,-0.0174,0.0074,0.0269,0.2605,0.0014,1.1033,0.2757,-0.0388,34.4211,36.5923,0.0844,nan,nan,nan,nan
157.3192,0.0017,0.0030,1.1983,-0.0317,0.0052,0.0279,0.2605,0.0013,1.1033,0.2757,-0.0313,34.4208,36.5935,0.0868,nan,nan,nan,nan
157.3524,0.0016,0.0028,1.1983,-0.0466,0.0034,0.0272,0.2605,0.0012,1.1034,0.2757,-0.0170,34.4217,36.5945,0.0919,nan,nan,nan,nan
157.3781,0.0016,0.0026,1.1983,-0.0466,0.0034,0.0272,0.2604,0.0011,1.1034,0.2757,-0.0088,34.4230,36.5945,0.0958,nan,nan,nan,nan
157.4035,0.0015,0.0025,1.1983,-0.0609,0.0015,0.0272,0.2604,0.0010,1.1034,0.2757,-0.0007,34.4250,36.5936,0.1011,nan,nan,nan,nan
157.4312,0.0015,0.0024,1.1983,-0.0740,-0.0011,0.0276,0.2604,0.0008,1.1034,0.2757,0.0051,34.4255,36.5936,0.1069,nan,nan,nan,nan
157.4567,0.0015,0.0022,1.1983,-0.0740,-0.0011,0.0276,0.2603,0.0007,1.1034,0.2757,0.0078,34.4243,36.5953,0.1117,nan,nan,nan,nan
157.4834,0.0014,0.0021,1.1983,-0.0863,-0.0044,0.0291,0.2603,0.0006,1.1034,0.2757,0.0086,34.4232,36.5967,0.1111,nan,nan,nan,nan
157.5156,0.0014,0.0020,1.1983,-0.0977,-0.0076,0.0307,0.2602,0.0004,1.1034,0.2757,0.0080,34.4218,36.5994,0.1082,nan,nan,nan,nan
157.5436,0.0014,0.0018,1.1983,-0.1084,-0.0104,0.0330,0.2602,0.0002,1.1035,0.2757,0.0027,34.4216,36.6073,0.1067,nan,nan,nan,nan
157.5667,0.0013,0.0016,1.1983,-0.1186,-0.0129,0.0357,0.2601,-0.0000,1.1035,0.2756,-0.0034,34.4233,36.6150,0.1076,nan,nan,nan,nan
157.6045,0.0012,0.0014,1.1983,-0.1292,-0.0153,0.0363,0.2601,-0.0002,1.1035,0.2756,0.0019,34.4258,36.6185,0.1063,nan,nan,nan,nan
157.6266,0.0012,0.0013,1.1983,-0.1292,-0.0153,0.0363,0.2600,-0.0003,1.1036,0.2756,0.0090,34.4272,36.6193,0.1062,nan,nan,nan,nan
157.6556,0.0012,0.0011,1.1983,-0.1401,-0.0175,0.0351,0.2600,-0.0004,1.1036,0.2756,0.0259,34.4314,36.6238,0.1020,nan,nan,nan,nan
157.6795,0.0011,0.0010,1.1983,-0.1505,-0.0197,0.0341,0.2600,-0.0005,1.1036,0.2756,0.0343,34.4338,36.6275,0.0999,nan,nan,nan,nan
157.7128,0.0011,0.0009,1.1983,-0.1601,-0.0217,0.0330,0.2599,-0.0006,1.1037,0.2756,0.0500,34.4397,36.6321,0.0940,nan,nan,nan,nan
157.7490,0.0010,0.0007,1.1983,-0.1687,-0.0240,0.0327,0.2598,-0.0007,1.1037,0.2756,0.0606,34.4446,36.6359,0.0942,nan,nan,nan,nan
157.7727,0.0010,0.0006,1.1983,-0.1757,-0.0266,0.0331,0.2598,-0.0008,1.1037,0.2756,0.0650,34.4485,36.6410,0.1025,nan,nan,nan,nan
157.8044,0.0009,0.0004,1.1983,-0.1810,-0.0292,0.0349,0.2597,-0.0010,1.1038,0.2755,0.0589,34.4532,36.6415,0.1051,nan,nan,nan,nan
157.8300,0.0009,0.0003,1.1983,-0.1810,-0.0292,0.0349,0.2597,-0.0011,1.1038,0.2755,0.0536,34.4551,36.6422,0.1073,nan,nan,nan,nan
157.8574,0.0008,0.0003,1.1983,-0.1854,-0.0319,0.0372,0.2596,-0.0013,1.1038,0.2755,0.0475,34.4585,36.6429,0.1088,nan,nan,nan,nan
157.8843,0.0008,0.0002,1.1983,-0.1898,-0.0345,0.0384,0.2596,-0.0013,1.1039,0.2755,0.0465,34.4606,36.6482,0.1064,nan,nan,nan,nan
157.9108,0.0007,0.0001,1.1983,-0.1940,-0.0373,0.0387,0.2595,-0.0014,1.1039,0.2755,0.0494,34.4616,36.6532,0.1076,nan,nan,nan,nan
157.9333,0.0007,0.0000,1.1983,-0.1940,-0.0373,0.0387,0.2595,-0.0015,1.1039,0.2755,0.0500,34.4624,36.6533,0.1075,nan,nan,nan,nan
157.9582,0.0006,-0.0000,1.1983,-0.1972,-0.0405,0.0391,0.2595,-0.0015,1.1039,0.2755,0.0511,34.4624,36.6531,0.1072,nan,nan,nan,nan
157.9885,0.0006,-0.0001,1.1983,-0.1998,-0.0437,0.0386,0.2594,-0.0016,1.1039,0.2755,0.0571,34.4607,36.6550,0.1104,nan,nan,nan,nan
158.0146,0.0005,-0.0002,1.1983,-0.1998,-0.0437,0.0386,0.2594,-0.0017,1.1039,0.2755,0.0598,34.4578,36.6560,0.1090,nan,nan,nan,nan
158.0384,0.0005,-0.0003,1.1983,-0.2019,-0.0477,0.0385,0.2593,-0.0017,1.1039,0.2755,0.0617,34.4505,36.6544,0.1039,nan,nan,nan,nan
158.0589,0.0004,-0.0003,1.1983,-0.2022,-0.0517,0.0401,0.2593,-0.0018,1.1039,0.2755,0.0510,34.4474,36.6524,0.1008,nan,nan,nan,nan
158.0829,0.0004,-0.0003,1.1983,-0.1995,-0.0550,0.0444,0.2592,-0.0019,1.1039,0.2755,0.0295,34.4444,36.6531,0.0976,nan,nan,nan,nan
158.1121,0.0003,-0.0004,1.1983,-0.1949,-0.0588,0.0505,0.2592,-0.0021,1.1039,0.2755,-0.0082,34.4359,36.6556,0.0896,nan,nan,nan,nan
158.1455,0.0002,-0.0004,1.1983,-0.1899,-0.0624,0.0555,0.2591,-0.0022,1.1039,0.2755,-0.0382,34.4272,36.6569,0.0830,nan,nan,nan,nan
158.1729,0.0001,-0.0004,1.1983,-0.1852,-0.0649,0.0582,0.2590,-0.0023,1.1039,0.2756,-0.0553,34.4233,36.6572,0.0763,nan,nan,nan,nan
158.2090,0.0001,-0.0005,1.1983,-0.1806,-0.0666,0.0591,0.2589,-0.0024,1.1039,0.2756,-0.0606,34.4214,36.6539,0.0666,nan,nan,nan,nan
158.2319,-0.0000,-0.0005,1.1983,-0.1806,-0.0666,0.0591,0.2589,-0.0024,1.1039,0.2756,-0.0537,34.4197,36.6490,0.0583,nan,nan,nan,nan
158.2554,-0.0000,-0.0005,1.1983,-0.1760,-0.0682,0.0574,0.2588,-0.0024,1.1039,0.2756,-0.0469,34.4176,36.6469,0.0537,nan,nan,nan,nan
158.2851,-0.0001,-0.0005,1.1983,-0.1708,-0.0699,0.0551,0.2588,-0.0023,1.1038,0.2756,-0.0368,34.4125,36.6445,0.0477,nan,nan,nan,nan
158.3109,-0.0002,-0.0005,1.1983,-0.1708,-0.0699,0.0551,0.2587,-0.0023,1.1038,0.2756,-0.0285,34.4074,36.6472,0.0456,nan,nan,nan,nan
158.3375,-0.0002,-0.0005,1.1983,-0.1642,-0.0711,0.0532,0.2587,-0.0023,1.1038,0.2756,-0.0261,34.4059,36.6490,0.0449,nan,nan,nan,nan
158.3667,-0.0003,-0.0005,1.1983,-0.1561,-0.0714,0.0522,0.2586,-0.0023,1.1038,0.2756,-0.0220,34.4027,36.6551,0.0424,nan,nan,nan,nan
158.3870,-0.0004,-0.0005,1.1983,-0.1561,-0.0714,0.0522,0.2585,-0.0023,1.1038,0.2756,-0.0273,34.4015,36.6602,0.0398,nan,nan,nan,nan
158.4091,-0.0004,-0.0005,1.1983,-0.1460,-0.0712,0.0528,0.2584,-0.0023,1.1038,0.2756,-0.0345,34.4016,36.6625,0.0382,nan,nan,nan,nan
158.4395,-0.0005,-0.0005,1.1983,-0.1349,-0.0704,0.0543,0.2584,-0.0023,1.1038,0.2756,-0.0445,34.4036,36.6619,0.0335,nan,nan,nan,nan
158.4604,-0.0006,-0.0005,1.1983,-0.1349,-0.0704,0.0543,0.2583,-0.0023,1.1038,0.2756,-0.0495,34.4043,36.6618,0.0317,nan,nan,nan,nan
158.4809,-0.0007,-0.0005,1.1983,-0.1237,-0.0695,0.0543,0.2582,-0.0022,1.1038,0.2756,-0.0481,34.4044,36.6610,0.0336,nan,nan,nan,nan
158.5034,-0.0007,-0.0005,1.1983,-0.1131,-0.0685,0.0518,0.2582,-0.0022,1.1038,0.2756,-0.0393,34.4028,36.6629,0.0345,nan,nan,nan,nan
158.5305,-0.0008,-0.0004,1.1983,-0.1131,-0.0685,0.0518,0.2581,-0.0021,1.1038,0.2756,-0.0329,34.4007,36.6641,0.0338,nan,nan,nan,nan
158.5582,-0.0009,-0.0004,1.1983,-0.1024,-0.0673,0.0490,0.2580,-0.0021,1.1038,0.2756,-0.0263,34.3989,36.6629,0.0330,nan,nan,nan,nan
158.5948,-0.0009,-0.0004,1.1983,-0.0913,-0.0656,0.0466,0.2579,-0.0020,1.1038,0.2756,-0.0157,34.3971,36.6557,0.0329,nan,nan,nan,nan
158.6208,-0.0010,-0.0004,1.1983,-0.0913,-0.0656,0.0466,0.2578,-0.0020,1.1038,0.2756,-0.0109,34.3951,36.6534,0.0325,nan,nan,nan,nan
158.6474,-0.0011,-0.0004,1.1983,-0.0792,-0.0633,0.0448,0.2578,-0.0019,1.1037,0.2756,-0.0105,34.3940,36.6523,0.0304,nan,nan,nan,nan
158.6826,-0.0012,-0.0003,1.1983,-0.0664,-0.0601,0.0442,0.2577,-0.0019,1.1037,0.2756,-0.0131,34.3937,36.6509,0.0258,nan,nan,nan,nan
158.7064,-0.0013,-0.0003,1.1983,-0.0664,-0.0601,0.0442,0.2576,-0.0019,1.1037,0.2756,-0.0146,34.3953,36.6505,0.0216,nan,nan,nan,nan
158.7278,-0.0013,-0.0003,1.1983,-0.0536,-0.0555,0.0435,0.2575,-0.0018,1.1037,0.2756,-0.0157,34.3993,36.6504,0.0165,nan,nan,nan,nan
158.7588,-0.0014,-0.0002,1.1983,-0.0412,-0.0503,0.0424,0.2574,-0.0018,1.1037,0.2756,-0.0154,34.4017,36.6513,0.0088,nan,nan,nan,nan
158.7804,-0.0015,-0.0002,1.1983,-0.0412,-0.0503,0.0424,0.2573,-0.0017,1.1037,0.2756,-0.0147,34.4029,36.6551,0.0028,nan,nan,nan,nan
158.8020,-0.0016,-0.0002,1.1983,-0.0288,-0.0447,0.0411,0.2573,-0.0017,1.1037,0.2756,-0.0142,34.4033,36.6564,0.0015,nan,nan,nan,nan
158.8268,-0.0017,-0.0001,1.1983,-0.0177,-0.0388,0.0393,0.2571,-0.0016,1.1037,0.2756,-0.0033,34.4041,36.6610,-0.0073,nan,nan,nan,nan
158.8573,-0.0018,-0.0001,1.1983,-0.0077,-0.0328,0.0354,0.2570,-0.0015,1.1037,0.2756,0.0126,34.4055,36.6607,-0.0096,nan,nan,nan,nan
158.8827,-0.0019,-0.0001,1.1983,-0.0077,-0.0328,0.0354,0.2569,-0.0014,1.1036,0.2756,0.0330,34.4058,36.6606,-0.0083,nan,nan,nan,nan
158.9037,-0.0020,-0.0000,1.1983,0.0010,-0.0266,0.0307,0.2568,-0.0013,1.1036,0.2756,0.0558,34.4048,36.6574,-0.0040,nan,nan,nan,nan
158.9274,-0.0021,-0.0000,1.1983,0.0094,-0.0208,0.0255,0.2567,-0.0011,1.1036,0.2756,0.0775,34.4020,36.6560,-0.0004,nan,nan,nan,nan
158.9621,-0.0022,0.0000,1.1983,0.0177,-0.0152,0.0210,0.2566,-0.0010,1.1035,0.2756,0.0966,34.3990,36.6550,0.0043,nan,nan,nan,nan
158.9916,-0.0023,0.0001,1.1983,0.0253,-0.0091,0.0170,0.2565,-0.0009,1.1035,0.2756,0.1215,34.3966,36.6547,0.0146,nan,nan,nan,nan
159.0181,-0.0024,0.0001,1.1983,0.0253,-0.0091,0.0170,0.2563,-0.0008,1.1034,0.2756,0.1301,34.3946,36.6553,0.0219,nan,nan,nan,nan
159.0445,-0.0025,0.0001,1.1983,0.0335,-0.0031,0.0148,0.2563,-0.0008,1.1034,0.2756,0.1356,34.3905,36.6588,0.0353,nan,nan,nan,nan
159.0665,-0.0026,0.0002,1.1983,0.0420,0.0029,0.0148,0.2562,-0.0007,1.1034,0.2756,0.1340,34.3881,36.6631,0.0443,nan,nan,nan,nan
159.0893,-0.0027,0.0002,1.1983,0.0420,0.0029,0.0148,0.2560,-0.0007,1.1034,0.2756,0.1299,34.3875,36.6658,0.0474,nan,nan,nan,nan
159.1153,-0.0028,0.0002,1.1983,0.0506,0.0093,0.0164,0.2560,-0.0007,1.1034,0.2756,0.1217,34.3857,36.6688,0.0482,nan,nan,nan,nan
159.1463,-0.0029,0.0002,1.1982,0.0588,0.0158,0.0181,0.2559,-0.0007,1.1033,0.2756,0.1132,34.3843,36.6702,0.0487,nan,nan,nan,nan
159.1702,-0.0030,0.0003,1.1982,0.0588,0.0158,0.0181,0.2558,-0.0007,1.1033,0.2756,0.1097,34.3831,36.6687,0.0481,nan,nan,nan,nan
159.1922,-0.0030,0.0003,1.1982,0.0653,0.0220,0.0193,0.2557,-0.0006,1.1032,0.2756,0.1081,34.3817,36.6667,0.0486,nan,nan,nan,nan
159.2142,-0.0031,0.0003,1.1982,0.0701,0.0283,0.0192,0.2556,-0.0006,1.1032,0.2756,0.1129,34.3794,36.6635,0.0531,nan,nan,nan,nan
159.2506,-0.0032,0.0003,1.1982,0.0728,0.0353,0.0174,0.2554,-0.0005,1.1032,0.2756,0.1301,34.3799,36.6636,0.0575,nan,nan,nan,nan
159.2715,-0.0033,0.0003,1.1982,0.0728,0.0353,0.0174,0.2553,-0.0004,1.1031,0.2756,0.1506,34.3803,36.6617,0.0581,nan,nan,nan,nan
159.2952,-0.0034,0.0004,1.1982,0.0735,0.0422,0.0144,0.2552,-0.0003,1.1031,0.2756,0.1744,34.3808,36.6613,0.0556,nan,nan,nan,nan
159.3179,-0.0035,0.0004,1.1982,0.0731,0.0490,0.0107,0.2552,-0.0002,1.1031,0.2756,0.1908,34.3816,36.6602,0.0519,nan,nan,nan,nan
159.3403,-0.0036,0.0004,1.1982,0.0731,0.0490,0.0107,0.2551,-0.0001,1.1031,0.2756,0.2073,34.3833,36.6588,0.0477,nan,nan,nan,nan
159.3677,-0.0036,0.0004,1.1982,0.0727,0.0560,0.0092,0.2550,-0.0001,1.1030,0.2756,0.2122,34.3849,36.6599,0.0460,nan,nan,nan,nan
159.3951,-0.0037,0.0004,1.1982,0.0726,0.0630,0.0102,0.2549,-0.0001,1.1030,0.2756,0.2147,34.3874,36.6605,0.0469,nan,nan,nan,nan
159.4319,-0.0039,0.0004,1.1982,0.0726,0.0695,0.0127,0.2548,-0.0001,1.1030,0.2756,0.2098,34.3902,36.6614,0.0410,nan,nan,nan,nan
159.4681,-0.0040,0.0004,1.1982,0.0720,0.0754,0.0157,0.2547,-0.0001,1.1030,0.2756,0.2008,34.3915,36.6648,0.0354,nan,nan,nan,nan
159.4906,-0.0040,0.0004,1.1981,0.0720,0.0754,0.0157,0.2546,-0.0001,1.1030,0.2756,0.1952,34.3911,36.6669,0.0334,nan,nan,nan,nan
159.5131,-0.0041,0.0004,1.1981,0.0702,0.0808,0.0193,0.2545,-0.0001,1.1029,0.2756,0.1910,34.3909,36.6692,0.0336,nan,nan,nan,nan
159.5387,-0.0042,0.0004,1.1981,0.0671,0.0859,0.0220,0.2544,-0.0001,1.1029,0.2756,0.1887,34.3907,36.6765,0.0327,nan,nan,nan,nan
159.5610,-0.0043,0.0004,1.1981,0.0627,0.0909,0.0238,0.2543,-0.0001,1.1029,0.2755,0.1920,34.3919,36.6840,0.0280,nan,nan,nan,nan
159.5901,-0.0044,0.0004,1.1981,0.0571,0.0957,0.0253,0.2542,-0.0001,1.1029,0.2755,0.1991,34.3928,36.6952,0.0265,nan,nan,nan,nan
159.6243,-0.0045,0.0004,1.1981,0.0506,0.1000,0.0260,0.2541,-0.0001,1.1029,0.2755,0.2127,34.3936,36.7076,0.0235,nan,nan,nan,nan
159.6564,-0.0045,0.0004,1.1981,0.0437,0.1033,0.0265,0.2540,-0.0000,1.1029,0.2755,0.2260,34.3946,36.7125,0.0221,nan,nan,nan,nan
159.6795,-0.0046,0.0004,1.1981,0.0437,0.1033,0.0265,0.2539,-0.0000,1.1029,0.2755,0.2253,34.3940,36.7143,0.0238,nan,nan,nan,nan
159.7013,-0.0046,0.0004,1.1981,0.0375,0.1057,0.0297,0.2539,-0.0000,1.1029,0.2755,0.2241,34.3935,36.7149,0.0246,nan,nan,nan,nan
159.7259,-0.0047,0.0004,1.1980,0.0312,0.1076,0.0334,0.2538,-0.0001,1.1029,0.2755,0.2185,34.3942,36.7138,0.0293,nan,nan,nan,nan
159.7501,-0.0048,0.0003,1.1980,0.0240,0.1094,0.0359,0.2537,-0.0001,1.1029,0.2755,0.2208,34.3958,36.7104,0.0311,nan,nan,nan,nan
159.7812,-0.0048,0.0003,1.1980,0.0154,0.1109,0.0370,0.2537,-0.0000,1.1028,0.2755,0.2326,34.3967,36.7075,0.0327,nan,nan,nan,nan
159.8093,-0.0049,0.0003,1.1980,0.0057,0.1122,0.0372,0.2536,-0.0000,1.1028,0.2755,0.2513,34.3984,36.7029,0.0351,nan,nan,nan,nan
159.8406,-0.0050,0.0003,1.1980,-0.0044,0.1132,0.0378,0.2536,0.0000,1.1028,0.2755,0.2698,34.4011,36.6987,0.0392,nan,nan,nan,nan
159.8650,-0.0050,0.0002,1.1980,-0.0133,0.1138,0.0395,0.2535,0.0000,1.1028,0.2755,0.2766,34.4047,36.6915,0.0457,nan,nan,nan,nan
159.8993,-0.0050,0.0002,1.1980,-0.0222,0.1136,0.0417,0.2535,0.0000,1.1028,0.2755,0.2800,34.4042,36.6896,0.0552,nan,nan,nan,nan
159.9193,-0.0051,0.0002,1.1980,-0.0222,0.1136,0.0417,0.2534,0.0000,1.1027,0.2755,0.2811,34.4007,36.6900,0.0617,nan,nan,nan,nan
159.9433,-0.0051,0.0002,1.1980,-0.0311,0.1124,0.0441,0.2534,0.0000,1.1027,0.2755,0.2831,34.3979,36.6895,0.0637,nan,nan,nan,nan
159.9690,-0.0051,0.0002,1.1980,-0.0406,0.1114,0.0464,0.2534,0.0000,1.1027,0.2755,0.2852,34.3971,36.6889,0.0648,nan,nan,nan,nan
159.9981,-0.0052,0.0002,1.1980,-0.0507,0.1106,0.0488,0.2534,0.0000,1.1027,0.2755,0.2903,34.3965,36.6896,0.0677,nan,nan,nan,nan
160.0255,-0.0052,0.0002,1.1980,-0.0613,0.1098,0.0500,0.2533,0.0000,1.1027,0.2755,0.3012,34.3959,36.6931,0.0659,nan,nan,nan,nan
160.0513,-0.0052,0.0002,1.1979,-0.0613,0.1098,0.0500,0.2533,0.0001,1.1027,0.2755,0.3118,34.3954,36.6946,0.0639,nan,nan,nan,nan
160.0734,-0.0052,0.0002,1.1979,-0.0720,0.1087,0.0507,0.2533,0.0001,1.1027,0.2755,0.3168,34.3947,36.6946,0.0629,nan,nan,nan,nan
160.0955,-0.0052,0.0002,1.1979,-0.0826,0.1074,0.0524,0.2533,0.0001,1.1027,0.2755,0.3196,34.3943,36.6929,0.0650,nan,nan,nan,nan
160.1171,-0.0052,0.0002,1.1979,-0.0920,0.1059,0.0559,0.2533,0.0000,1.1027,0.2755,0.3130,34.3952,36.6906,0.0678,nan,nan,nan,nan
160.1387,-0.0052,0.0002,1.1979,-0.0920,0.1059,0.0559,0.2533,0.0000,1.1027,0.2755,0.3052,34.3961,36.6904,0.0680,nan,nan,nan,nan
160.1592,-0.0052,0.0002,1.1979,-0.1004,0.1047,0.0606,0.2533,-0.0000,1.1027,0.2755,0.2850,34.4023,36.6902,0.0667,nan,nan,nan,nan
160.1816,-0.0052,0.0002,1.1979,-0.1083,0.1036,0.0664,0.2533,-0.0001,1.1027,0.2755,0.2717,34.4044,36.6903,0.0660,nan,nan,nan,nan
160.2024,-0.0052,0.0002,1.1979,-0.1083,0.1036,0.0664,0.2533,-0.0002,1.1027,0.2755,0.2550,34.4059,36.6890,0.0657,nan,nan,nan,nan
160.2225,-0.0052,0.0002,1.1979,-0.1147,0.1013,0.0735,0.2533,-0.0003,1.1027,0.2755,0.2258,34.4075,36.6882,0.0665,nan,nan,nan,nan
160.2472,-0.0052,0.0003,1.1979,-0.1208,0.0987,0.0805,0.2533,-0.0003,1.1028,0.2755,0.1903,34.4106,36.6872,0.0642,nan,nan,nan,nan
160.2704,-0.0052,0.0003,1.1979,-0.1268,0.0959,0.0867,0.2533,-0.0004,1.1028,0.2755,0.1668,34.4131,36.6878,0.0633,nan,nan,nan,nan
160.3031,-0.0052,0.0003,1.1979,-0.1329,0.0927,0.0917,0.2533,-0.0005,1.1028,0.2755,0.1414,34.4147,36.6897,0.0632,nan,nan,nan,nan
160.3288,-0.0052,0.0003,1.1979,-0.1329,0.0927,0.0917,0.2534,-0.0005,1.1028,0.2755,0.1267,34.4152,36.6864,0.0631,nan,nan,nan,nan
160.3536,-0.0052,0.0004,1.1979,-0.1390,0.0889,0.0955,0.2534,-0.0005,1.1028,0.2755,0.1221,34.4156,36.6848,0.0623,nan,nan,nan,nan
160.3871,-0.0051,0.0004,1.1979,-0.1447,0.0850,0.0984,0.2534,-0.0005,1.1028,0.2755,0.1089,34.4171,36.6823,0.0551,nan,nan,nan,nan
160.4081,-0.0051,0.0004,1.1979,-0.1447,0.0850,0.0984,0.2534,-0.0005,1.1028,0.2755,0.1060,34.4195,36.6831,0.0497,nan,nan,nan,nan
160.4351,-0.0051,0.0005,1.1979,-0.1505,0.0814,0.0996,0.2534,-0.0005,1.1028,0.2755,0.1054,34.4198,36.6862,0.0481,nan,nan,nan,nan
160.4613,-0.0051,0.0005,1.1979,-0.1551,0.0770,0.0998,0.2535,-0.0004,1.1029,0.2755,0.1036,34.4182,36.6904,0.0423,nan,nan,nan,nan
160.4813,-0.0051,0.0006,1.1978,-0.1551,0.0770,0.0998,0.2535,-0.0004,1.1029,0.2755,0.1033,34.4177,36.6922,0.0402,nan,nan,nan,nan
160.5088,-0.0050,0.0006,1.1978,-0.1592,0.0724,0.0998,0.2535,-0.0004,1.1029,0.2755,0.1046,34.4178,36.6919,0.0411,nan,nan,nan,nan
160.5411,-0.0050,0.0006,1.1978,-0.1626,0.0678,0.0988,0.2536,-0.0003,1.1029,0.2754,0.1100,34.4181,36.6929,0.0385,nan,nan,nan,nan
160.5759,-0.0050,0.0007,1.1978,-0.1651,0.0637,0.0968,0.2536,-0.0002,1.1029,0.2754,0.1186,34.4210,36.6943,0.0384,nan,nan,nan,nan
160.5974,-0.0049,0.0008,1.1978,-0.1651,0.0637,0.0968,0.2536,-0.0001,1.1030,0.2754,0.1255,34.4222,36.6958,0.0360,nan,nan,nan,nan
160.6199,-0.0049,0.0008,1.1978,-0.1674,0.0594,0.0938,0.2537,-0.0000,1.1030,0.2754,0.1371,34.4241,36.6970,0.0319,nan,nan,nan,nan
160.6488,-0.0049,0.0009,1.1978,-0.1684,0.0549,0.0909,0.2537,0.0001,1.1030,0.2754,0.1462,34.4256,36.6989,0.0275,nan,nan,nan,nan
160.6747,-0.0048,0.0010,1.1978,-0.1684,0.0549,0.0909,0.2537,0.0001,1.1030,0.2754,0.1499,34.4259,36.6997,0.0262,nan,nan,nan,nan
160.6990,-0.0048,0.0010,1.1978,-0.1677,0.0502,0.0890,0.2538,0.0002,1.1030,0.2754,0.1500,34.4272,36.6985,0.0291,nan,nan,nan,nan
160.7220,-0.0048,0.0011,1.1978,-0.1654,0.0454,0.0881,0.2538,0.0003,1.1030,0.2754,0.1484,34.4280,36.6975,0.0318,nan,nan,nan,nan
160.7493,-0.0047,0.0012,1.1978,-0.1654,0.0454,0.0881,0.2539,0.0004,1.1030,0.2754,0.1506,34.4288,36.6974,0.0362,nan,nan,nan,nan
160.7740,-0.0047,0.0013,1.1978,-0.1630,0.0406,0.0862,0.2539,0.0004,1.1031,0.2754,0.1522,34.4297,36.6971,0.0374,nan,nan,nan,nan
160.8106,-0.0047,0.0013,1.1978,-0.1594,0.0365,0.0838,0.2539,0.0005,1.1031,0.2754,0.1560,34.4354,36.6984,0.0383,nan,nan,nan,nan
160.8336,-0.0046,0.0015,1.1978,-0.1548,0.0323,0.0817,0.2540,0.0007,1.1031,0.2754,0.1586,34.4396,36.7032,0.0352,nan,nan,nan,nan
160.8587,-0.0046,0.0016,1.1978,-0.1493,0.0281,0.0789,0.2541,0.0008,1.1032,0.2754,0.1612,34.4452,36.7016,0.0301,nan,nan,nan,nan
160.8821,-0.0045,0.0017,1.1978,-0.1493,0.0281,0.0789,0.2541,0.0009,1.1032,0.2754,0.1659,34.4467,36.7012,0.0246,nan,nan,nan,nan
160.9073,-0.0045,0.0018,1.1978,-0.1434,0.0234,0.0748,0.2541,0.0010,1.1032,0.2754,0.1744,34.4470,36.7016,0.0156,nan,nan,nan,nan
160.9279,-0.0045,0.0019,1.1978,-0.1369,0.0183,0.0714,0.2542,0.0012,1.1032,0.2754,0.1804,34.4463,36.7018,0.0106,nan,nan,nan,nan
160.9540,-0.0044,0.0020,1.1978,-0.1369,0.0183,0.0714,0.2542,0.0013,1.1032,0.2754,0.1828,34.4457,36.7015,0.0079,nan,nan,nan,nan
160.9763,-0.0044,0.0021,1.1978,-0.1289,0.0131,0.0688,0.2543,0.0014,1.1032,0.2754,0.1821,34.4457,36.7012,0.0060,nan,nan,nan,nan
161.0045,-0.0043,0.0022,1.1978,-0.1201,0.0084,0.0673,0.2543,0.0015,1.1033,0.2754,0.1775,34.4484,36.7001,0.0125,nan,nan,nan,nan
161.0352,-0.0043,0.0024,1.1978,-0.1102,0.0038,0.0656,0.2544,0.0016,1.1033,0.2754,0.1720,34.4522,36.6973,0.0178,nan,nan,nan,nan
161.0605,-0.0042,0.0026,1.1978,-0.0994,-0.0006,0.0650,0.2545,0.0018,1.1033,0.2754,0.1603,34.4560,36.6971,0.0219,nan,nan,nan,nan
161.0845,-0.0042,0.0027,1.1978,-0.0994,-0.0006,0.0650,0.2545,0.0019,1.1034,0.2754,0.1460,34.4587,36.6995,0.0292,nan,nan,nan,nan
161.1050,-0.0041,0.0028,1.1978,-0.0873,-0.0050,0.0653,0.2545,0.0019,1.1034,0.2754,0.1400,34.4593,36.7003,0.0327,nan,nan,nan,nan
161.1315,-0.0041,0.0030,1.1978,-0.0739,-0.0095,0.0673,0.2546,0.0020,1.1034,0.2754,0.1094,34.4616,36.7005,0.0466,nan,nan,nan,nan
161.1574,-0.0040,0.0032,1.1978,-0.0591,-0.0148,0.0698,0.2547,0.0020,1.1034,0.2754,0.0729,34.4592,36.7003,0.0490,nan,nan,nan,nan
161.1923,-0.0040,0.0034,1.1978,-0.0441,-0.0200,0.0727,0.2547,0.0021,1.1034,0.2754,0.0347,34.4569,36.7003,0.0513,nan,nan,nan,nan
161.2182,-0.0039,0.0035,1.1978,-0.0441,-0.0200,0.0727,0.2548,0.0022,1.1034,0.2754,0.0162,34.4570,36.6990,0.0530,nan,nan,nan,nan
161.2469,-0.0039,0.0036,1.1978,-0.0289,-0.0245,0.0749,0.2548,0.0022,1.1035,0.2754,-0.0069,34.4585,36.6987,0.0570,nan,nan,nan,nan
161.2701,-0.0039,0.0038,1.1978,-0.0142,-0.0282,0.0745,0.2549,0.0023,1.1035,0.2754,-0.0200,34.4621,36.6958,0.0618,nan,nan,nan,nan
161.2925,-0.0038,0.0039,1.1978,-0.0142,-0.0282,0.0745,0.2549,0.0025,1.1035,0.2754,-0.0269,34.4646,36.6953,0.0653,nan,nan,nan,nan
161.3147,-0.0038,0.0040,1.1978,0.0002,-0.0316,0.0722,0.2549,0.0025,1.1035,0.2754,-0.0287,34.4652,36.6955,0.0660,nan,nan,nan,nan
161.3387,-0.0038,0.0041,1.1978,0.0138,-0.0350,0.0693,0.2550,0.0027,1.1035,0.2754,-0.0308,34.4672,36.6916,0.0646,nan,nan,nan,nan
161.3644,-0.0037,0.0043,1.1978,0.0138,-0.0350,0.0693,0.2550,0.0028,1.1035,0.2754,-0.0310,34.4698,36.6893,0.0623,nan,nan,nan,nan
161.3858,-0.0037,0.0044,1.1978,0.0279,-0.0378,0.0658,0.2551,0.0030,1.1036,0.2754,-0.0316,34.4719,36.6889,0.0617,nan,nan,nan,nan
161.4139,-0.0036,0.0046,1.1978,0.0425,-0.0405,0.0621,0.2551,0.0032,1.1036,0.2754,-0.0322,34.4741,36.6841,0.0663,nan,nan,nan,nan
161.4409,-0.0036,0.0048,1.1978,0.0569,-0.0432,0.0583,0.2552,0.0033,1.1036,0.2754,-0.0327,34.4750,36.6735,0.0679,nan,nan,nan,nan
161.4704,-0.0036,0.0049,1.1978,0.0712,-0.0462,0.0543,0.2552,0.0035,1.1035,0.2754,-0.0321,34.4732,36.6668,0.0657,nan,nan,nan,nan
161.4928,-0.0036,0.0050,1.1978,0.0712,-0.0462,0.0543,0.2553,0.0036,1.1035,0.2754,-0.0309,34.4715,36.6640,0.0606,nan,nan,nan,nan
161.5159,-0.0035,0.0051,1.1978,0.0854,-0.0484,0.0500,0.2553,0.0037,1.1035,0.2754,-0.0315,34.4709,36.6638,0.0588,nan,nan,nan,nan
161.5373,-0.0035,0.0052,1.1978,0.0997,-0.0496,0.0465,0.2553,0.0038,1.1036,0.2754,-0.0342,34.4715,36.6668,0.0562,nan,nan,nan,nan
161.5613,-0.0035,0.0054,1.1978,0.1138,-0.0490,0.0437,0.2553,0.0040,1.1036,0.2754,-0.0419,34.4774,36.6719,0.0549,nan,nan,nan,nan
161.5844,-0.0034,0.0055,1.1978,0.1138,-0.0490,0.0437,0.2554,0.0041,1.1036,0.2754,-0.0496,34.4823,36.6732,0.0532,nan,nan,nan,nan
161.6062,-0.0034,0.0056,1.1978,0.1277,-0.0482,0.0414,0.2554,0.0041,1.1036,0.2754,-0.0518,34.4835,36.6733,0.0518,nan,nan,nan,nan
161.6303,-0.0034,0.0058,1.1978,0.1410,-0.0475,0.0397,0.2554,0.0043,1.1036,0.2754,-0.0622,34.4863,36.6754,0.0420,nan,nan,nan,nan
161.6572,-0.0034,0.0059,1.1978,0.1534,-0.0464,0.0371,0.2554,0.0044,1.1036,0.2754,-0.0685,34.4880,36.6736,0.0396,nan,nan,nan,nan
161.6788,-0.0033,0.0060,1.1978,0.1534,-0.0464,0.0371,0.2555,0.0045,1.1036,0.2754,-0.0668,34.4876,36.6719,0.0425,nan,nan,nan,nan
161.7023,-0.0033,0.0061,1.1978,0.1642,-0.0453,0.0331,0.2555,0.0046,1.1036,0.2754,-0.0609,34.4868,36.6680,0.0463,nan,nan,nan,nan
161.7253,-0.0033,0.0062,1.1978,0.1734,-0.0438,0.0282,0.2555,0.0047,1.1036,0.2754,-0.0501,34.4869,36.6670,0.0494,nan,nan,nan,nan
161.7592,-0.0033,0.0063,1.1978,0.1811,-0.0413,0.0223,0.2555,0.0049,1.1036,0.2754,-0.0292,34.4883,36.6668,0.0513,nan,nan,nan,nan
161.7821,-0.0033,0.0064,1.1978,0.1811,-0.0413,0.0223,0.2555,0.0051,1.1036,0.2754,-0.0154,34.4897,36.6669,0.0521,nan,nan,nan,nan
161.8027,-0.0033,0.0064,1.1978,0.1870,-0.0385,0.0155,0.2555,0.0052,1.1036,0.2754,0.0089,34.4914,36.6641,0.0541,nan,nan,nan,nan
161.8251,-0.0033,0.0065,1.1978,0.1916,-0.0355,0.0088,0.2555,0.0054,1.1036,0.2754,0.0322,34.4931,36.6596,0.0570,nan,nan,nan,nan
161.8480,-0.0032,0.0066,1.1979,0.1961,-0.0324,0.0032,0.2556,0.0056,1.1036,0.2754,0.0576,34.4934,36.6556,0.0596,nan,nan,nan,nan
161.8766,-0.0032,0.0067,1.1979,0.2001,-0.0289,-0.0014,0.2556,0.0057,1.1036,0.2754,0.0770,34.4938,36.6545,0.0640,nan,nan,nan,nan
161.8990,-0.0032,0.0067,1.1979,0.2001,-0.0289,-0.0014,0.2556,0.0058,1.1036,0.2754,0.0866,34.4952,36.6545,0.0651,nan,nan,nan,nan
161.9217,-0.0032,0.0068,1.1979,0.2040,-0.0248,-0.0045,0.2556,0.0059,1.1036,0.2754,0.0888,34.4966,36.6552,0.0664,nan,nan,nan,nan
161.9431,-0.0032,0.0068,1.1979,0.2080,-0.0202,-0.0056,0.2556,0.0059,1.1036,0.2754,0.0872,34.4994,36.6566,0.0678,nan,nan,nan,nan
161.9730,-0.0032,0.0069,1.1979,0.2119,-0.0155,-0.0052,0.2556,0.0060,1.1036,0.2754,0.0779,34.5029,36.6577,0.0692,nan,nan,nan,nan
162.0013,-0.0032,0.0070,1.1979,0.2146,-0.0109,-0.0041,0.2556,0.0060,1.1036,0.2754,0.0674,34.5055,36.6577,0.0604,nan,nan,nan,nan
162.0304,-0.0032,0.0070,1.1979,0.2173,-0.0062,-0.0009,0.2556,0.0060,1.1036,0.2754,0.0471,34.5080,36.6573,0.0422,nan,nan,nan,nan
162.0561,-0.0031,0.0071,1.1979,0.2196,-0.0013,0.0031,0.2556,0.0059,1.1036,0.2754,0.0212,34.5106,36.6579,0.0381,nan,nan,nan,nan
162.0876,-0.0031,0.0071,1.1979,0.2219,0.0035,0.0080,0.2556,0.0058,1.1036,0.2754,-0.0102,34.5132,36.6593,0.0410,nan,nan,nan,nan
162.1085,-0.0031,0.0071,1.1979,0.2219,0.0035,0.0080,0.2556,0.0058,1.1036,0.2754,-0.0268,34.5146,36.6576,0.0433,nan,nan,nan,nan
162.1308,-0.0031,0.0071,1.1979,0.2239,0.0078,0.0129,0.2556,0.0057,1.1036,0.2754,-0.0560,34.5152,36.6578,0.0479,nan,nan,nan,nan
162.1548,-0.0031,0.0071,1.1979,0.2246,0.0117,0.0167,0.2556,0.0057,1.1036,0.2754,-0.0719,34.5165,36.6584,0.0481,nan,nan,nan,nan
162.1795,-0.0031,0.0071,1.1979,0.2237,0.0155,0.0190,0.2556,0.0056,1.1036,0.2754,-0.0801,34.5170,36.6592,0.0538,nan,nan,nan,nan
162.2066,-0.0031,0.0071,1.1979,0.2217,0.0187,0.0209,0.2556,0.0056,1.1036,0.2754,-0.0853,34.5161,36.6613,0.0591,nan,nan,nan,nan
162.2286,-0.0031,0.0071,1.1980,0.2217,0.0187,0.0209,0.2556,0.0056,1.1036,0.2754,-0.0860,34.5157,36.6637,0.0619,nan,nan,nan,nan
162.2548,-0.0031,0.0071,1.1980,0.2185,0.0219,0.0217,0.2556,0.0056,1.1036,0.2754,-0.0864,34.5170,36.6647,0.0700,nan,nan,nan,nan
162.2755,-0.0030,0.0071,1.1980,0.2145,0.0250,0.0226,0.2556,0.0055,1.1036,0.2754,-0.0857,34.5180,36.6665,0.0705,nan,nan,nan,nan
162.3055,-0.0030,0.0070,1.1980,0.2102,0.0278,0.0238,0.2557,0.0055,1.1036,0.2754,-0.0880,34.5206,36.6705,0.0643,nan,nan,nan,nan
162.3419,-0.0030,0.0070,1.1980,0.2058,0.0291,0.0253,0.2557,0.0054,1.1036,0.2754,-0.0936,34.5158,36.6756,0.0662,nan,nan,nan,nan
162.3648,-0.0030,0.0069,1.1980,0.2058,0.0291,0.0253,0.2557,0.0053,1.1036,0.2754,-0.0995,34.5115,36.6800,0.0713,nan,nan,nan,nan
162.3859,-0.0030,0.0069,1.1980,0.2013,0.0299,0.0272,0.2557,0.0053,1.1036,0.2754,-0.1014,34.5102,36.6812,0.0737,nan,nan,nan,nan
162.4095,-0.0030,0.0068,1.1980,0.1960,0.0304,0.0290,0.2557,0.0052,1.1036,0.2754,-0.1077,34.5065,36.6825,0.0715,nan,nan,nan,nan
162.4451,-0.0029,0.0068,1.1980,0.1905,0.0308,0.0315,0.2557,0.0051,1.1036,0.2754,-0.1174,34.5052,36.6824,0.0645,nan,nan,nan,nan
162.4660,-0.0029,0.0067,1.1980,0.1905,0.0308,0.0315,0.2557,0.0050,1.1036,0.2754,-0.1234,34.5060,36.6832,0.0609,nan,nan,nan,nan
162.4900,-0.0029,0.0066,1.1980,0.1847,0.0314,0.0340,0.2558,0.0049,1.1036,0.2754,-0.1282,34.5076,36.6855,0.0560,nan,nan,nan,nan
162.5119,-0.0029,0.0066,1.1980,0.1780,0.0314,0.0343,0.2558,0.0049,1.1036,0.2753,-0.1264,34.5094,36.6856,0.0517,nan,nan,nan,nan
162.5458,-0.0029,0.0065,1.1980,0.1702,0.0309,0.0342,0.2558,0.0048,1.1036,0.2753,-0.1191,34.5119,36.6857,0.0478,nan,nan,nan,nan
162.5750,-0.0028,0.0064,1.1980,0.1619,0.0291,0.0338,0.2558,0.0047,1.1036,0.2754,-0.1111,34.5109,36.6821,0.0421,nan,nan,nan,nan
162.5957,-0.0028,0.0063,1.1981,0.1619,0.0291,0.0338,0.2559,0.0046,1.1037,0.2754,-0.1052,34.5090,36.6804,0.0369,nan,nan,nan,nan
162.6242,-0.0028,0.0062,1.1981,0.1536,0.0263,0.0333,0.2559,0.0046,1.1037,0.2754,-0.0966,34.5069,36.6807,0.0345,nan,nan,nan,nan
162.6514,-0.0028,0.0061,1.1981,0.1448,0.0229,0.0318,0.2559,0.0045,1.1037,0.2754,-0.0888,34.5055,36.6812,0.0331,nan,nan,nan,nan
162.6855,-0.0027,0.0060,1.1981,0.1356,0.0194,0.0298,0.2559,0.0044,1.1037,0.2754,-0.0718,34.5045,36.6797,0.0306,nan,nan,nan,nan
162.7121,-0.0027,0.0059,1.1981,0.1356,0.0194,0.0298,0.2560,0.0043,1.1037,0.2754,-0.0667,34.5041,36.6789,0.0342,nan,nan,nan,nan
162.7403,-0.0027,0.0058,1.1981,0.1271,0.0156,0.0297,0.2560,0.0043,1.1037,0.2754,-0.0657,34.5029,36.6792,0.0372,nan,nan,nan,nan
162.7707,-0.0027,0.0057,1.1981,0.1186,0.0110,0.0299,0.2560,0.0042,1.1037,0.2754,-0.0631,34.5005,36.6781,0.0430,nan,nan,nan,nan
162.7924,-0.0026,0.0056,1.1981,0.1186,0.0110,0.0299,0.2561,0.0041,1.1037,0.2754,-0.0572,34.4994,36.6763,0.0479,nan,nan,nan,nan
162.8190,-0.0026,0.0055,1.1981,0.1096,0.0064,0.0291,0.2561,0.0040,1.1037,0.2754,-0.0541,34.4979,36.6761,0.0497,nan,nan,nan,nan
162.8507,-0.0026,0.0054,1.1981,0.1000,0.0018,0.0285,0.2561,0.0039,1.1037,0.2754,-0.0473,34.4951,36.6770,0.0465,nan,nan,nan,nan
162.8743,-0.0026,0.0052,1.1981,0.1000,0.0018,0.0285,0.2561,0.0038,1.1038,0.2754,-0.0409,34.4941,36.6777,0.0458,nan,nan,nan,nan
162.8970,-0.0026,0.0052,1.1981,0.0897,-0.0027,0.0273,0.2562,0.0037,1.1038,0.2754,-0.0340,34.4932,36.6784,0.0457,nan,nan,nan,nan
162.9229,-0.0025,0.0050,1.1981,0.0797,-0.0072,0.0270,0.2562,0.0036,1.1038,0.2754,-0.0265,34.4920,36.6778,0.0460,nan,nan,nan,nan
162.9501,-0.0025,0.0049,1.1981,0.0797,-0.0072,0.0270,0.2562,0.0035,1.1038,0.2754,-0.0267,34.4902,36.6789,0.0444,nan,nan,nan,nan
162.9728,-0.0025,0.0048,1.1981,0.0708,-0.0120,0.0277,0.2562,0.0034,1.1038,0.2754,-0.0312,34.4883,36.6812,0.0385,nan,nan,nan,nan
163.0033,-0.0025,0.0047,1.1981,0.0619,-0.0168,0.0289,0.2563,0.0032,1.1038,0.2754,-0.0355,34.4855,36.6847,0.0293,nan,nan,nan,nan
163.0252,-0.0024,0.0046,1.1981,0.0619,-0.0168,0.0289,0.2563,0.0031,1.1039,0.2754,-0.0357,34.4829,36.6888,0.0255,nan,nan,nan,nan
163.0469,-0.0024,0.0045,1.1981,0.0516,-0.0217,0.0294,0.2563,0.0030,1.1039,0.2754,-0.0324,34.4796,36.6925,0.0244,nan,nan,nan,nan
163.0720,-0.0024,0.0044,1.1981,0.0411,-0.0261,0.0292,0.2563,0.0029,1.1039,0.2754,-0.0296,34.4783,36.6944,0.0270,nan,nan,nan,nan
163.1043,-0.0024,0.0042,1.1981,0.0308,-0.0294,0.0303,0.2564,0.0027,1.1039,0.2754,-0.0319,34.4802,36.6971,0.0384,nan,nan,nan,nan
163.1353,-0.0023,0.0040,1.1981,0.0206,-0.0327,0.0315,0.2564,0.0025,1.1040,0.2754,-0.0352,34.4815,36.7005,0.0466,nan,nan,nan,nan
163.1572,-0.0023,0.0039,1.1981,0.0206,-0.0327,0.0315,0.2564,0.0023,1.1040,0.2753,-0.0398,34.4832,36.7016,0.0472,nan,nan,nan,nan
163.1798,-0.0023,0.0038,1.1981,0.0113,-0.0357,0.0331,0.2564,0.0022,1.1040,0.2753,-0.0471,34.4848,36.7030,0.0462,nan,nan,nan,nan
163.2151,-0.0023,0.0037,1.1982,0.0014,-0.0386,0.0345,0.2565,0.0021,1.1040,0.2753,-0.0510,34.4852,36.7047,0.0483,nan,nan,nan,nan
163.2416,-0.0023,0.0036,1.1982,0.0014,-0.0386,0.0345,0.2565,0.0019,1.1040,0.2753,-0.0534,34.4848,36.7069,0.0513,nan,nan,nan,nan
163.2638,-0.0023,0.0035,1.1982,-0.0079,-0.0414,0.0355,0.2565,0.0018,1.1041,0.2753,-0.0594,34.4840,36.7106,0.0533,nan,nan,nan,nan
163.2962,-0.0022,0.0033,1.1982,-0.0166,-0.0445,0.0368,0.2565,0.0016,1.1041,0.2753,-0.0657,34.4812,36.7147,0.0519,nan,nan,nan,nan
163.3190,-0.0022,0.0032,1.1982,-0.0166,-0.0445,0.0368,0.2565,0.0015,1.1041,0.2753,-0.0674,34.4809,36.7184,0.0489,nan,nan,nan,nan
163.3409,-0.0022,0.0031,1.1982,-0.0255,-0.0468,0.0368,0.2565,0.0014,1.1041,0.2753,-0.0661,34.4806,36.7200,0.0475,nan,nan,nan,nan
163.3758,-0.0022,0.0030,1.1982,-0.0347,-0.0492,0.0358,0.2565,0.0013,1.1041,0.2753,-0.0622,34.4787,36.7191,0.0460,nan,nan,nan,nan
163.4017,-0.0022,0.0029,1.1982,-0.0347,-0.0492,0.0358,0.2566,0.0011,1.1041,0.2753,-0.0581,34.4772,36.7168,0.0455,nan,nan,nan,nan
163.4293,-0.0022,0.0028,1.1982,-0.0436,-0.0518,0.0343,0.2566,0.0011,1.1041,0.2753,-0.0540,34.4747,36.7155,0.0444,nan,nan,nan,nan
163.4599,-0.0022,0.0027,1.1982,-0.0525,-0.0541,0.0319,0.2566,0.0010,1.1041,0.2753,-0.0402,34.4691,36.7124,0.0417,nan,nan,nan,nan
163.4871,-0.0022,0.0025,1.1982,-0.0525,-0.0541,0.0319,0.2566,0.0009,1.1041,0.2754,-0.0259,34.4650,36.7106,0.0392,nan,nan,nan,nan
163.5161,-0.0022,0.0024,1.1982,-0.0615,-0.0559,0.0286,0.2566,0.0008,1.1041,0.2754,-0.0153,34.4632,36.7080,0.0371,nan,nan,nan,nan
163.5445,-0.0022,0.0023,1.1982,-0.0701,-0.0570,0.0257,0.2566,0.0007,1.1041,0.2754,-0.0020,34.4629,36.7056,0.0334,nan,nan,nan,nan
163.5718,-0.0022,0.0022,1.1982,-0.0701,-0.0570,0.0257,0.2566,0.0007,1.1041,0.2754,0.0069,34.4629,36.7071,0.0314,nan,nan,nan,nan
163.5927,-0.0021,0.0021,1.1982,-0.0775,-0.0574,0.0239,0.2566,0.0005,1.1041,0.2754,0.0125,34.4629,36.7113,0.0270,nan,nan,nan,nan
163.6172,-0.0021,0.0020,1.1982,-0.0839,-0.0575,0.0229,0.2566,0.0005,1.1041,0.2754,0.0146,34.4632,36.7125,0.0236,nan,nan,nan,nan
163.6383,-0.0021,0.0019,1.1982,-0.0839,-0.0575,0.0229,0.2566,0.0004,1.1041,0.2754,0.0165,34.4637,36.7130,0.0188,nan,nan,nan,nan
163.6640,-0.0021,0.0018,1.1982,-0.0898,-0.0571,0.0223,0.2566,0.0003,1.1041,0.2753,0.0199,34.4643,36.7157,0.0079,nan,nan,nan,nan
163.6949,-0.0022,0.0017,1.1982,-0.0954,-0.0566,0.0210,0.2566,0.0002,1.1041,0.2754,0.0270,34.4643,36.7141,-0.0038,nan,nan,nan,nan
163.7197,-0.0022,0.0016,1.1982,-0.1012,-0.0561,0.0188,0.2566,0.0001,1.1041,0.2754,0.0419,34.4627,36.7106,-0.0128,nan,nan,nan,nan
163.7432,-0.0022,0.0015,1.1982,-0.1012,-0.0561,0.0188,0.2566,0.0000,1.1041,0.2754,0.0520,34.4610,36.7073,-0.0149,nan,nan,nan,nan
163.7639,-0.0022,0.0014,1.1982,-0.1060,-0.0555,0.0164,0.2566,-0.0001,1.1041,0.2754,0.0607,34.4589,36.7019,-0.0180,nan,nan,nan,nan
163.7847,-0.0022,0.0013,1.1982,-0.1101,-0.0548,0.0145,0.2566,-0.0001,1.1041,0.2754,0.0649,34.4577,36.6992,-0.0211,nan,nan,nan,nan
163.8098,-0.0022,0.0012,1.1983,-0.1130,-0.0539,0.0131,0.2566,-0.0002,1.1040,0.2754,0.0709,34.4553,36.6951,-0.0249,nan,nan,nan,nan
163.8391,-0.0022,0.0010,1.1983,-0.1152,-0.0525,0.0120,0.2566,-0.0003,1.1040,0.2754,0.0747,34.4529,36.6940,-0.0297,nan,nan,nan,nan
163.8719,-0.0022,0.0009,1.1983,-0.1170,-0.0507,0.0115,0.2566,-0.0004,1.1040,0.2754,0.0766,34.4514,36.6923,-0.0382,nan,nan,nan,nan
163.8983,-0.0022,0.0008,1.1983,-0.1170,-0.0507,0.0115,0.2565,-0.0005,1.1040,0.2754,0.0786,34.4507,36.6938,-0.0404,nan,nan,nan,nan
163.9190,-0.0022,0.0008,1.1983,-0.1187,-0.0485,0.0106,0.2565,-0.0006,1.1040,0.2754,0.0835,34.4502,36.6964,-0.0412,nan,nan,nan,nan
163.9471,-0.0023,0.0007,1.1983,-0.1202,-0.0462,0.0094,0.2565,-0.0006,1.1040,0.2754,0.0885,34.4495,36.6969,-0.0438,nan,nan,nan,nan
163.9688,-0.0023,0.0006,1.1983,-0.1202,-0.0462,0.0094,0.2565,-0.0007,1.1040,0.2754,0.0909,34.4493,36.6973,-0.0535,nan,nan,nan,nan
163.9905,-0.0023,0.0006,1.1983,-0.1206,-0.0436,0.0084,0.2565,-0.0007,1.1040,0.2754,0.0910,34.4498,36.6981,-0.0581,nan,nan,nan,nan
164.0120,-0.0023,0.0005,1.1983,-0.1206,-0.0400,0.0078,0.2564,-0.0008,1.1040,0.2754,0.0925,34.4545,36.7009,-0.0750,nan,nan,nan,nan
164.0491,-0.0023,0.0004,1.1983,-0.1204,-0.0365,0.0078,0.2564,-0.0009,1.1040,0.2754,0.0918,34.4591,36.7024,-0.0822,nan,nan,nan,nan
164.0740,-0.0024,0.0004,1.1983,-0.1204,-0.0365,0.0078,0.2564,-0.0010,1.1040,0.2754,0.0910,34.4608,36.7037,-0.0838,nan,nan,nan,nan
164.0989,-0.0024,0.0003,1.1983,-0.1198,-0.0331,0.0080,0.2564,-0.0010,1.1040,0.2754,0.0928,34.4651,36.7034,-0.0806,nan,nan,nan,nan
164.1269,-0.0024,0.0003,1.1983,-0.1192,-0.0295,0.0076,0.2563,-0.0011,1.1040,0.2754,0.0975,34.4684,36.7002,-0.0791,nan,nan,nan,nan
164.1625,-0.0024,0.0002,1.1983,-0.1189,-0.0262,0.0059,0.2563,-0.0011,1.1040,0.2754,0.1080,34.4715,36.6944,-0.0801,nan,nan,nan,nan
164.1881,-0.0025,0.0001,1.1983,-0.1189,-0.0262,0.0059,0.2563,-0.0011,1.1040,0.2754,0.1207,34.4725,36.6870,-0.0832,nan,nan,nan,nan
164.2086,-0.0025,0.0001,1.1983,-0.1187,-0.0235,0.0034,0.2563,-0.0011,1.1040,0.2754,0.1258,34.4725,36.6843,-0.0835,nan,nan,nan,nan
164.2312,-0.0025,0.0001,1.1983,-0.1187,-0.0235,0.0034,0.2563,-0.0011,1.1040,0.2754,0.1416,34.4721,36.6782,-0.0805,nan,nan,nan,nan
164.2543,-0.0025,0.0000,1.1983,-0.1184,-0.0210,0.0010,0.2562,-0.0011,1.1040,0.2754,0.1455,34.4723,36.6771,-0.0801,nan,nan,nan,nan
164.2858,-0.0025,0.0000,1.1983,-0.1163,-0.0177,0.0007,0.2562,-0.0011,1.1040,0.2754,0.1497,34.4747,36.6752,-0.0709,nan,nan,nan,nan
164.3075,-0.0026,-0.0000,1.1983,-0.1163,-0.0177,0.0007,0.2562,-0.0012,1.1040,0.2754,0.1414,34.4751,36.6734,-0.0639,nan,nan,nan,nan
164.3351,-0.0026,-0.0000,1.1983,-0.1124,-0.0151,0.0029,0.2562,-0.0012,1.1040,0.2754,0.1325,34.4735,36.6744,-0.0592,nan,nan,nan,nan
164.3688,-0.0026,-0.0001,1.1983,-0.1079,-0.0129,0.0065,0.2561,-0.0013,1.1039,0.2754,0.1175,34.4714,36.6750,-0.0541,nan,nan,nan,nan
164.4011,-0.0027,-0.0001,1.1983,-0.1036,-0.0106,0.0096,0.2561,-0.0014,1.1039,0.2754,0.1008,34.4679,36.6734,-0.0554,nan,nan,nan,nan
164.4213,-0.0027,-0.0001,1.1983,-0.1036,-0.0106,0.0096,0.2561,-0.0014,1.1039,0.2755,0.0948,34.4653,36.6719,-0.0563,nan,nan,nan,nan
164.4500,-0.0027,-0.0001,1.1984,-0.0996,-0.0086,0.0117,0.2561,-0.0015,1.1039,0.2755,0.0896,34.4627,36.6720,-0.0572,nan,nan,nan,nan
164.4794,-0.0027,-0.0002,1.1984,-0.0957,-0.0063,0.0133,0.2560,-0.0015,1.1039,0.2755,0.0817,34.4599,36.6677,-0.0533,nan,nan,nan,nan
164.5077,-0.0028,-0.0002,1.1984,-0.0919,-0.0042,0.0140,0.2560,-0.0015,1.1038,0.2755,0.0789,34.4563,36.6640,-0.0436,nan,nan,nan,nan
164.5363,-0.0028,-0.0002,1.1984,-0.0879,-0.0019,0.0152,0.2560,-0.0016,1.1038,0.2755,0.0740,34.4527,36.6595,-0.0398,nan,nan,nan,nan
164.5583,-0.0028,-0.0002,1.1984,-0.0879,-0.0019,0.0152,0.2559,-0.0016,1.1038,0.2755,0.0694,34.4512,36.6575,-0.0389,nan,nan,nan,nan
164.5866,-0.0028,-0.0002,1.1984,-0.0835,0.0006,0.0178,0.2559,-0.0016,1.1038,0.2755,0.0620,34.4508,36.6564,-0.0389,nan,nan,nan,nan
164.6160,-0.0029,-0.0002,1.1984,-0.0780,0.0040,0.0215,0.2559,-0.0017,1.1037,0.2755,0.0407,34.4538,36.6486,-0.0428,nan,nan,nan,nan
164.6387,-0.0029,-0.0002,1.1984,-0.0780,0.0040,0.0215,0.2559,-0.0017,1.1037,0.2755,0.0288,34.4549,36.6454,-0.0442,nan,nan,nan,nan
164.6618,-0.0029,-0.0002,1.1984,-0.0717,0.0074,0.0255,0.2558,-0.0018,1.1037,0.2755,0.0100,34.4551,36.6440,-0.0449,nan,nan,nan,nan
164.6851,-0.0030,-0.0002,1.1984,-0.0652,0.0108,0.0305,0.2558,-0.0019,1.1037,0.2755,-0.0119,34.4551,36.6434,-0.0453,nan,nan,nan,nan
164.7142,-0.0030,-0.0002,1.1984,-0.0578,0.0143,0.0360,0.2558,-0.0020,1.1037,0.2755,-0.0458,34.4544,36.6447,-0.0443,nan,nan,nan,nan
164.7347,-0.0030,-0.0002,1.1984,-0.0578,0.0143,0.0360,0.2557,-0.0021,1.1037,0.2755,-0.0652,34.4540,36.6459,-0.0453,nan,nan,nan,nan
164.7611,-0.0030,-0.0002,1.1984,-0.0494,0.0180,0.0422,0.2557,-0.0021,1.1037,0.2755,-0.0856,34.4545,36.6452,-0.0501,nan,nan,nan,nan
164.7862,-0.0031,-0.0002,1.1984,-0.0407,0.0218,0.0487,0.2557,-0.0022,1.1036,0.2755,-0.1276,34.4559,36.6395,-0.0613,nan,nan,nan,nan
164.8068,-0.0031,-0.0002,1.1984,-0.0407,0.0218,0.0487,0.2557,-0.0023,1.1036,0.2755,-0.1573,34.4533,36.6379,-0.0655,nan,nan,nan,nan
164.8279,-0.0031,-0.0002,1.1984,-0.0319,0.0250,0.0545,0.2556,-0.0024,1.1036,0.2756,-0.1722,34.4512,36.6380,-0.0706,nan,nan,nan,nan
164.8581,-0.0031,-0.0002,1.1984,-0.0239,0.0282,0.0571,0.2556,-0.0024,1.1036,0.2756,-0.1861,34.4480,36.6394,-0.0799,nan,nan,nan,nan
164.8920,-0.0031,-0.0002,1.1984,-0.0167,0.0320,0.0584,0.2556,-0.0024,1.1036,0.2756,-0.1950,34.4442,36.6418,-0.0874,nan,nan,nan,nan
164.9132,-0.0032,-0.0002,1.1984,-0.0167,0.0320,0.0584,0.2555,-0.0024,1.1035,0.2755,-0.1962,34.4426,36.6432,-0.0903,nan,nan,nan,nan
164.9339,-0.0032,-0.0002,1.1984,-0.0099,0.0362,0.0585,0.2555,-0.0024,1.1035,0.2755,-0.1966,34.4418,36.6446,-0.0905,nan,nan,nan,nan
164.9590,-0.0032,-0.0002,1.1984,-0.0022,0.0407,0.0578,0.2555,-0.0024,1.1035,0.2755,-0.1969,34.4421,36.6450,-0.0881,nan,nan,nan,nan
164.9833,-0.0032,-0.0002,1.1984,-0.0022,0.0407,0.0578,0.2555,-0.0024,1.1035,0.2755,-0.1928,34.4411,36.6461,-0.0885,nan,nan,nan,nan
165.0110,-0.0032,-0.0002,1.1984,0.0050,0.0452,0.0563,0.2554,-0.0023,1.1035,0.2755,-0.1862,34.4403,36.6466,-0.0895,nan,nan,nan,nan
165.0380,-0.0033,-0.0002,1.1984,0.0116,0.0497,0.0536,0.2554,-0.0023,1.1035,0.2755,-0.1756,34.4392,36.6479,-0.0902,nan,nan,nan,nan
165.0646,-0.0033,-0.0002,1.1984,0.0181,0.0542,0.0501,0.2554,-0.0022,1.1034,0.2755,-0.1570,34.4392,36.6502,-0.0866,nan,nan,nan,nan
165.0918,-0.0033,-0.0002,1.1984,0.0181,0.0542,0.0501,0.2554,-0.0022,1.1034,0.2755,-0.1441,34.4405,36.6534,-0.0837,nan,nan,nan,nan
165.1161,-0.0033,-0.0002,1.1984,0.0247,0.0590,0.0469,0.2553,-0.0021,1.1034,0.2755,-0.1387,34.4418,36.6551,-0.0818,nan,nan,nan,nan
165.1499,-0.0033,-0.0002,1.1984,0.0325,0.0637,0.0445,0.2553,-0.0021,1.1034,0.2755,-0.1333,34.4428,36.6587,-0.0794,nan,nan,nan,nan
165.1836,-0.0033,-0.0002,1.1984,0.0396,0.0675,0.0417,0.2553,-0.0021,1.1034,0.2755,-0.1213,34.4409,36.6630,-0.0769,nan,nan,nan,nan
165.2076,-0.0033,-0.0002,1.1983,0.0396,0.0675,0.0417,0.2553,-0.0020,1.1034,0.2755,-0.1060,34.4384,36.6653,-0.0768,nan,nan,nan,nan
165.2316,-0.0033,-0.0002,1.1983,0.0459,0.0705,0.0374,0.2553,-0.0019,1.1034,0.2755,-0.0886,34.4373,36.6670,-0.0724,nan,nan,nan,nan
165.2561,-0.0033,-0.0002,1.1983,0.0521,0.0733,0.0328,0.2553,-0.0019,1.1034,0.2755,-0.0776,34.4367,36.6678,-0.0672,nan,nan,nan,nan
165.2765,-0.0034,-0.0002,1.1983,0.0521,0.0733,0.0328,0.2553,-0.0018,1.1034,0.2755,-0.0654,34.4364,36.6663,-0.0599,nan,nan,nan,nan
165.3032,-0.0034,-0.0002,1.1983,0.0583,0.0756,0.0294,0.2553,-0.0018,1.1033,0.2755,-0.0612,34.4353,36.6637,-0.0552,nan,nan,nan,nan
165.3295,-0.0034,-0.0002,1.1983,0.0649,0.0768,0.0278,0.2553,-0.0018,1.1033,0.2755,-0.0592,34.4321,36.6603,-0.0506,nan,nan,nan,nan
165.3556,-0.0033,-0.0002,1.1983,0.0649,0.0768,0.0278,0.2553,-0.0018,1.1033,0.2755,-0.0563,34.4286,36.6610,-0.0530,nan,nan,nan,nan
165.3810,-0.0033,-0.0002,1.1983,0.0707,0.0778,0.0258,0.2553,-0.0018,1.1033,0.2755,-0.0541,34.4271,36.6621,-0.0541,nan,nan,nan,nan
165.4077,-0.0033,-0.0002,1.1983,0.0750,0.0789,0.0228,0.2553,-0.0018,1.1033,0.2755,-0.0401,34.4240,36.6644,-0.0604,nan,nan,nan,nan
165.4292,-0.0033,-0.0002,1.1983,0.0750,0.0789,0.0228,0.2553,-0.0018,1.1033,0.2755,-0.0327,34.4231,36.6664,-0.0622,nan,nan,nan,nan
165.4495,-0.0033,-0.0003,1.1983,0.0784,0.0803,0.0193,0.2553,-0.0017,1.1033,0.2755,-0.0242,34.4222,36.6682,-0.0638,nan,nan,nan,nan
165.4757,-0.0033,-0.0003,1.1983,0.0806,0.0821,0.0159,0.2553,-0.0017,1.1033,0.2755,-0.0051,34.4236,36.6733,-0.0713,nan,nan,nan,nan
165.5024,-0.0033,-0.0003,1.1983,0.0829,0.0843,0.0135,0.2553,-0.0017,1.1033,0.2755,0.0065,34.4283,36.6780,-0.0830,nan,nan,nan,nan
165.5264,-0.0033,-0.0003,1.1983,0.0850,0.0859,0.0124,0.2553,-0.0017,1.1033,0.2755,0.0115,34.4321,36.6803,-0.0952,nan,nan,nan,nan
165.5558,-0.0033,-0.0004,1.1983,0.0868,0.0868,0.0116,0.2553,-0.0017,1.1033,0.2755,0.0135,34.4346,36.6825,-0.1041,nan,nan,nan,nan
165.5911,-0.0032,-0.0004,1.1983,0.0871,0.0873,0.0107,0.2553,-0.0017,1.1033,0.2754,0.0201,34.4349,36.6859,-0.1066,nan,nan,nan,nan
165.6269,-0.0032,-0.0005,1.1983,0.0864,0.0872,0.0094,0.2554,-0.0017,1.1033,0.2754,0.0292,34.4344,36.6861,-0.1178,nan,nan,nan,nan
165.6628,-0.0032,-0.0005,1.1983,0.0846,0.0869,0.0090,0.2554,-0.0018,1.1033,0.2754,0.0367,34.4343,36.6872,-0.1243,nan,nan,nan,nan
165.6878,-0.0031,-0.0006,1.1983,0.0823,0.0863,0.0082,0.2554,-0.0018,1.1033,0.2754,0.0466,34.4344,36.6884,-0.1269,nan,nan,nan,nan
165.7149,-0.0031,-0.0006,1.1983,0.0801,0.0852,0.0092,0.2555,-0.0018,1.1033,0.2754,0.0460,34.4337,36.6895,-0.1358,nan,nan,nan,nan
165.7502,-0.0030,-0.0007,1.1983,0.0779,0.0835,0.0115,0.2555,-0.0019,1.1033,0.2754,0.0382,34.4320,36.6904,-0.1444,nan,nan,nan,nan
165.7755,-0.0030,-0.0007,1.1983,0.0755,0.0820,0.0147,0.2556,-0.0020,1.1033,0.2754,0.0254,34.4344,36.6852,-0.1555,nan,nan,nan,nan
165.8127,-0.0029,-0.0008,1.1982,0.0726,0.0805,0.0183,0.2556,-0.0021,1.1033,0.2754,0.0111,34.4365,36.6823,-0.1596,nan,nan,nan,nan
165.8347,-0.0029,-0.0008,1.1982,0.0726,0.0805,0.0183,0.2557,-0.0022,1.1033,0.2754,0.0054,34.4375,36.6831,-0.1615,nan,nan,nan,nan
165.8553,-0.0028,-0.0009,1.1982,0.0684,0.0790,0.0216,0.2557,-0.0022,1.1033,0.2754,0.0003,34.4393,36.6836,-0.1627,nan,nan,nan,nan
165.8915,-0.0028,-0.0009,1.1982,0.0630,0.0773,0.0239,0.2558,-0.0023,1.1033,0.2754,-0.0001,34.4411,36.6817,-0.1620,nan,nan,nan,nan
165.9135,-0.0027,-0.0010,1.1982,0.0630,0.0773,0.0239,0.2558,-0.0023,1.1033,0.2754,0.0038,34.4428,36.6802,-0.1613,nan,nan,nan,nan
165.9420,-0.0027,-0.0010,1.1982,0.0559,0.0756,0.0244,0.2559,-0.0023,1.1033,0.2754,0.0109,34.4441,36.6805,-0.1596,nan,nan,nan,nan
165.9790,-0.0027,-0.0011,1.1982,0.0477,0.0741,0.0244,0.2559,-0.0023,1.1034,0.2754,0.0278,34.4476,36.6856,-0.1561,nan,nan,nan,nan
166.0029,-0.0026,-0.0011,1.1982,0.0477,0.0741,0.0244,0.2560,-0.0024,1.1034,0.2754,0.0343,34.4502,36.6858,-0.1544,nan,nan,nan,nan
166.0284,-0.0026,-0.0012,1.1982,0.0397,0.0724,0.0263,0.2560,-0.0024,1.1034,0.2754,0.0346,34.4526,36.6842,-0.1547,nan,nan,nan,nan
166.0529,-0.0025,-0.0012,1.1982,0.0321,0.0706,0.0292,0.2561,-0.0025,1.1034,0.2754,0.0332,34.4543,36.6837,-0.1523,nan,nan,nan,nan
166.0752,-0.0025,-0.0013,1.1982,0.0321,0.0706,0.0292,0.2561,-0.0026,1.1034,0.2754,0.0281,34.4565,36.6850,-0.1447,nan,nan,nan,nan
166.0987,-0.0024,-0.0013,1.1982,0.0249,0.0686,0.0325,0.2562,-0.0026,1.1034,0.2754,0.0255,34.4569,36.6862,-0.1426,nan,nan,nan,nan
166.1238,-0.0024,-0.0014,1.1982,0.0173,0.0661,0.0368,0.2562,-0.0027,1.1034,0.2754,0.0145,34.4577,36.6899,-0.1369,nan,nan,nan,nan
166.1607,-0.0023,-0.0015,1.1982,0.0087,0.0634,0.0402,0.2563,-0.0028,1.1035,0.2754,0.0095,34.4583,36.6925,-0.1318,nan,nan,nan,nan
166.1843,-0.0022,-0.0016,1.1982,-0.0002,0.0605,0.0430,0.2564,-0.0029,1.1035,0.2754,0.0067,34.4598,36.6927,-0.1287,nan,nan,nan,nan
166.2072,-0.0021,-0.0016,1.1982,-0.0002,0.0605,0.0430,0.2565,-0.0030,1.1035,0.2754,-0.0002,34.4611,36.6932,-0.1271,nan,nan,nan,nan
166.2309,-0.0021,-0.0017,1.1982,-0.0090,0.0575,0.0467,0.2565,-0.0031,1.1035,0.2754,-0.0053,34.4634,36.6931,-0.1270,nan,nan,nan,nan
166.2558,-0.0020,-0.0017,1.1982,-0.0186,0.0543,0.0497,0.2566,-0.0032,1.1035,0.2754,-0.0043,34.4640,36.6947,-0.1279,nan,nan,nan,nan
166.2867,-0.0019,-0.0018,1.1982,-0.0294,0.0508,0.0503,0.2567,-0.0032,1.1036,0.2754,0.0056,34.4637,36.6951,-0.1291,nan,nan,nan,nan
166.3133,-0.0018,-0.0019,1.1982,-0.0417,0.0473,0.0495,0.2568,-0.0032,1.1036,0.2754,0.0297,34.4639,36.6954,-0.1263,nan,nan,nan,nan
166.3342,-0.0017,-0.0020,1.1982,-0.0417,0.0473,0.0495,0.2568,-0.0032,1.1036,0.2754,0.0465,34.4639,36.6939,-0.1272,nan,nan,nan,nan
166.3543,-0.0017,-0.0020,1.1982,-0.0547,0.0438,0.0468,0.2569,-0.0032,1.1036,0.2754,0.0643,34.4641,36.6919,-0.1279,nan,nan,nan,nan
166.3793,-0.0016,-0.0021,1.1982,-0.0675,0.0399,0.0443,0.2570,-0.0031,1.1036,0.2754,0.0979,34.4614,36.6866,-0.1282,nan,nan,nan,nan
166.4038,-0.0015,-0.0022,1.1982,-0.0798,0.0360,0.0427,0.2571,-0.0031,1.1036,0.2754,0.1266,34.4590,36.6843,-0.1280,nan,nan,nan,nan
166.4301,-0.0014,-0.0022,1.1982,-0.0798,0.0360,0.0427,0.2572,-0.0031,1.1036,0.2754,0.1397,34.4565,36.6849,-0.1298,nan,nan,nan,nan
166.4536,-0.0014,-0.0023,1.1982,-0.0912,0.0320,0.0412,0.2572,-0.0031,1.1036,0.2754,0.1521,34.4545,36.6877,-0.1327,nan,nan,nan,nan
166.4845,-0.0013,-0.0023,1.1982,-0.1019,0.0284,0.0412,0.2573,-0.0031,1.1036,0.2754,0.1681,34.4520,36.6923,-0.1373,nan,nan,nan,nan
166.5129,-0.0012,-0.0024,1.1982,-0.1110,0.0244,0.0429,0.2574,-0.0032,1.1036,0.2754,0.1716,34.4484,36.6950,-0.1443,nan,nan,nan,nan
166.5388,-0.0011,-0.0024,1.1982,-0.1198,0.0206,0.0445,0.2575,-0.0032,1.1036,0.2754,0.1740,34.4457,36.7024,-0.1556,nan,nan,nan,nan
166.5750,-0.0010,-0.0025,1.1982,-0.1282,0.0175,0.0466,0.2576,-0.0033,1.1037,0.2754,0.1738,34.4454,36.7114,-0.1739,nan,nan,nan,nan
166.5998,-0.0009,-0.0025,1.1982,-0.1282,0.0175,0.0466,0.2577,-0.0033,1.1037,0.2753,0.1730,34.4460,36.7181,-0.1775,nan,nan,nan,nan
166.6204,-0.0009,-0.0025,1.1982,-0.1365,0.0147,0.0490,0.2577,-0.0034,1.1037,0.2753,0.1721,34.4460,36.7202,-0.1773,nan,nan,nan,nan
166.6513,-0.0008,-0.0026,1.1982,-0.1436,0.0116,0.0518,0.2578,-0.0034,1.1038,0.2753,0.1644,34.4465,36.7231,-0.1740,nan,nan,nan,nan
166.6773,-0.0007,-0.0026,1.1982,-0.1436,0.0116,0.0518,0.2579,-0.0035,1.1038,0.2753,0.1607,34.4462,36.7241,-0.1714,nan,nan,nan,nan
166.6996,-0.0007,-0.0026,1.1982,-0.1504,0.0084,0.0540,0.2580,-0.0035,1.1038,0.2753,0.1591,34.4465,36.7234,-0.1673,nan,nan,nan,nan
166.7315,-0.0006,-0.0026,1.1982,-0.1582,0.0053,0.0554,0.2580,-0.0035,1.1038,0.2753,0.1625,34.4472,36.7212,-0.1625,nan,nan,nan,nan
166.7589,-0.0005,-0.0026,1.1982,-0.1582,0.0053,0.0554,0.2581,-0.0035,1.1038,0.2753,0.1655,34.4480,36.7189,-0.1642,nan,nan,nan,nan
166.7860,-0.0004,-0.0026,1.1982,-0.1652,0.0021,0.0559,0.2582,-0.0035,1.1038,0.2753,0.1676,34.4491,36.7147,-0.1648,nan,nan,nan,nan
166.8071,-0.0004,-0.0026,1.1982,-0.1718,-0.0015,0.0564,0.2583,-0.0035,1.1038,0.2754,0.1716,34.4478,36.7107,-0.1645,nan,nan,nan,nan
166.8295,-0.0003,-0.0026,1.1983,-0.1718,-0.0015,0.0564,0.2584,-0.0035,1.1038,0.2754,0.1758,34.4471,36.7084,-0.1618,nan,nan,nan,nan
166.8516,-0.0002,-0.0026,1.1983,-0.1783,-0.0048,0.0564,0.2585,-0.0035,1.1038,0.2754,0.1798,34.4469,36.7052,-0.1584,nan,nan,nan,nan
166.8757,-0.0001,-0.0026,1.1983,-0.1834,-0.0080,0.0578,0.2585,-0.0035,1.1038,0.2754,0.1766,34.4452,36.7051,-0.1577,nan,nan,nan,nan
166.8973,-0.0000,-0.0026,1.1983,-0.1878,-0.0115,0.0590,0.2586,-0.0035,1.1038,0.2754,0.1755,34.4425,36.7037,-0.1568,nan,nan,nan,nan
166.9225,0.0000,-0.0026,1.1983,-0.1878,-0.0115,0.0590,0.2587,-0.0035,1.1038,0.2754,0.1758,34.4407,36.7013,-0.1564,nan,nan,nan,nan
166.9507,0.0001,-0.0026,1.1983,-0.1919,-0.0151,0.0599,0.2588,-0.0035,1.1038,0.2754,0.1759,34.4393,36.6974,-0.1561,nan,nan,nan,nan
166.9772,0.0002,-0.0026,1.1983,-0.1952,-0.0186,0.0610,0.2589,-0.0034,1.1038,0.2754,0.1744,34.4349,36.6921,-0.1539,nan,nan,nan,nan
166.9977,0.0002,-0.0025,1.1983,-0.1952,-0.0186,0.0610,0.2589,-0.0034,1.1038,0.2754,0.1724,34.4336,36.6903,-0.1540,nan,nan,nan,nan
167.0263,0.0003,-0.0025,1.1983,-0.1975,-0.0213,0.0622,0.2590,-0.0034,1.1038,0.2754,0.1693,34.4336,36.6896,-0.1537,nan,nan,nan,nan
167.0549,0.0004,-0.0025,1.1983,-0.1982,-0.0233,0.0648,0.2591,-0.0034,1.1038,0.2754,0.1544,34.4356,36.6866,-0.1562,nan,nan,nan,nan
167.0786,0.0004,-0.0024,1.1983,-0.1982,-0.0233,0.0648,0.2592,-0.0034,1.1038,0.2754,0.1463,34.4375,36.6837,-0.1583,nan,nan,nan,nan
167.0996,0.0005,-0.0024,1.1983,-0.1982,-0.0247,0.0675,0.2592,-0.0034,1.1038,0.2754,0.1346,34.4416,36.6778,-0.1580,nan,nan,nan,nan
167.1362,0.0006,-0.0023,1.1983,-0.1982,-0.0257,0.0689,0.2593,-0.0034,1.1038,0.2754,0.1298,34.4456,36.6722,-0.1534,nan,nan,nan,nan
167.1623,0.0006,-0.0023,1.1983,-0.1982,-0.0257,0.0689,0.2594,-0.0033,1.1039,0.2755,0.1305,34.4480,36.6689,-0.1498,nan,nan,nan,nan
167.1871,0.0007,-0.0022,1.1983,-0.1983,-0.0268,0.0685,0.2595,-0.0033,1.1039,0.2755,0.1355,34.4516,36.6603,-0.1421,nan,nan,nan,nan
167.2171,0.0007,-0.0022,1.1983,-0.1981,-0.0281,0.0678,0.2595,-0.0032,1.1039,0.2755,0.1384,34.4529,36.6557,-0.1389,nan,nan,nan,nan
167.2427,0.0008,-0.0021,1.1983,-0.1981,-0.0281,0.0678,0.2596,-0.0031,1.1039,0.2755,0.1408,34.4542,36.6536,-0.1352,nan,nan,nan,nan
167.2707,0.0009,-0.0020,1.1983,-0.1966,-0.0291,0.0669,0.2597,-0.0030,1.1039,0.2755,0.1444,34.4562,36.6527,-0.1299,nan,nan,nan,nan
167.2950,0.0009,-0.0020,1.1983,-0.1946,-0.0295,0.0657,0.2597,-0.0030,1.1039,0.2755,0.1496,34.4597,36.6549,-0.1236,nan,nan,nan,nan
167.3251,0.0010,-0.0019,1.1983,-0.1913,-0.0296,0.0651,0.2598,-0.0028,1.1039,0.2755,0.1517,34.4656,36.6575,-0.1162,nan,nan,nan,nan
167.3460,0.0011,-0.0018,1.1983,-0.1913,-0.0296,0.0651,0.2599,-0.0027,1.1040,0.2754,0.1516,34.4683,36.6596,-0.1136,nan,nan,nan,nan
167.3737,0.0011,-0.0017,1.1983,-0.1870,-0.0299,0.0650,0.2599,-0.0027,1.1040,0.2754,0.1508,34.4702,36.6618,-0.1100,nan,nan,nan,nan
167.3987,0.0012,-0.0016,1.1983,-0.1820,-0.0305,0.0649,0.2600,-0.0026,1.1040,0.2754,0.1508,34.4720,36.6660,-0.1000,nan,nan,nan,nan
167.4229,0.0013,-0.0015,1.1984,-0.1765,-0.0315,0.0634,0.2601,-0.0024,1.1040,0.2754,0.1574,34.4711,36.6669,-0.0950,nan,nan,nan,nan
167.4565,0.0014,-0.0013,1.1984,-0.1700,-0.0323,0.0625,0.2601,-0.0023,1.1040,0.2754,0.1611,34.4702,36.6693,-0.0910,nan,nan,nan,nan
167.4821,0.0014,-0.0012,1.1984,-0.1700,-0.0323,0.0625,0.2602,-0.0022,1.1040,0.2754,0.1570,34.4695,36.6697,-0.0869,nan,nan,nan,nan
167.5050,0.0015,-0.0011,1.1984,-0.1614,-0.0333,0.0637,0.2602,-0.0021,1.1040,0.2754,0.1448,34.4681,36.6728,-0.0763,nan,nan,nan,nan
167.5407,0.0015,-0.0010,1.1984,-0.1510,-0.0341,0.0660,0.2603,-0.0020,1.1040,0.2754,0.1280,34.4670,36.6751,-0.0671,nan,nan,nan,nan
167.5614,0.0016,-0.0009,1.1984,-0.1510,-0.0341,0.0660,0.2604,-0.0020,1.1041,0.2754,0.1152,34.4661,36.6750,-0.0619,nan,nan,nan,nan
167.5843,0.0017,-0.0007,1.1984,-0.1392,-0.0352,0.0692,0.2604,-0.0019,1.1040,0.2754,0.0872,34.4612,36.6777,-0.0546,nan,nan,nan,nan
167.6128,0.0017,-0.0006,1.1984,-0.1265,-0.0362,0.0724,0.2605,-0.0018,1.1041,0.2754,0.0664,34.4597,36.6809,-0.0513,nan,nan,nan,nan
167.6440,0.0018,-0.0005,1.1984,-0.1134,-0.0362,0.0756,0.2605,-0.0018,1.1041,0.2754,0.0450,34.4602,36.6844,-0.0479,nan,nan,nan,nan
167.6704,0.0018,-0.0003,1.1984,-0.1134,-0.0362,0.0756,0.2606,-0.0017,1.1041,0.2754,0.0294,34.4606,36.6863,-0.0509,nan,nan,nan,nan
167.6933,0.0019,-0.0002,1.1984,-0.0989,-0.0362,0.0787,0.2606,-0.0016,1.1041,0.2754,0.0139,34.4603,36.6869,-0.0528,nan,nan,nan,nan
167.7191,0.0019,-0.0001,1.1984,-0.0840,-0.0360,0.0816,0.2607,-0.0016,1.1041,0.2754,-0.0154,34.4618,36.6835,-0.0533,nan,nan,nan,nan
167.7461,0.0020,0.0001,1.1984,-0.0840,-0.0360,0.0816,0.2607,-0.0015,1.1041,0.2754,-0.0296,34.4629,36.6815,-0.0517,nan,nan,nan,nan
167.7747,0.0020,0.0002,1.1984,-0.0687,-0.0355,0.0840,0.2608,-0.0014,1.1041,0.2754,-0.0416,34.4637,36.6805,-0.0509,nan,nan,nan,nan
167.8071,0.0021,0.0003,1.1984,-0.0536,-0.0349,0.0848,0.2608,-0.0013,1.1041,0.2754,-0.0586,34.4650,36.6807,-0.0520,nan,nan,nan,nan
167.8439,0.0021,0.0005,1.1984,-0.0382,-0.0343,0.0844,0.2609,-0.0011,1.1041,0.2754,-0.0675,34.4657,36.6816,-0.0509,nan,nan,nan,nan
167.8754,0.0022,0.0007,1.1984,-0.0219,-0.0333,0.0830,0.2609,-0.0009,1.1041,0.2754,-0.0743,34.4686,36.6830,-0.0521,nan,nan,nan,nan
167.8977,0.0022,0.0009,1.1984,-0.0219,-0.0333,0.0830,0.2610,-0.0008,1.1041,0.2754,-0.0801,34.4686,36.6868,-0.0511,nan,nan,nan,nan
167.9242,0.0023,0.0010,1.1984,-0.0044,-0.0327,0.0829,0.2610,-0.0007,1.1041,0.2754,-0.0968,34.4685,36.6908,-0.0472,nan,nan,nan,nan
167.9469,0.0023,0.0012,1.1984,0.0153,-0.0325,0.0853,0.2611,-0.0006,1.1041,0.2754,-0.1241,34.4686,36.6909,-0.0442,nan,nan,nan,nan
167.9799,0.0024,0.0014,1.1984,0.0372,-0.0330,0.0901,0.2611,-0.0006,1.1041,0.2754,-0.1765,34.4690,36.6838,-0.0487,nan,nan,nan,nan
168.0031,0.0024,0.0015,1.1984,0.0372,-0.0330,0.0901,0.2612,-0.0006,1.1041,0.2754,-0.2225,34.4681,36.6809,-0.0555,nan,nan,nan,nan
168.0251,0.0025,0.0017,1.1984,0.0602,-0.0336,0.0957,0.2612,-0.0006,1.1041,0.2754,-0.2377,34.4676,36.6802,-0.0571,nan,nan,nan,nan
168.0497,0.0025,0.0018,1.1984,0.0826,-0.0339,0.1002,0.2613,-0.0006,1.1041,0.2754,-0.2918,34.4680,36.6804,-0.0653,nan,nan,nan,nan
168.0808,0.0026,0.0020,1.1984,0.1033,-0.0341,0.1011,0.2613,-0.0005,1.1041,0.2754,-0.3231,34.4707,36.6768,-0.0722,nan,nan,nan,nan
168.1056,0.0026,0.0021,1.1984,0.1033,-0.0341,0.1011,0.2614,-0.0003,1.1041,0.2754,-0.3296,34.4715,36.6754,-0.0736,nan,nan,nan,nan
168.1310,0.0026,0.0022,1.1984,0.1219,-0.0342,0.0985,0.2614,-0.0002,1.1041,0.2754,-0.3285,34.4729,36.6765,-0.0749,nan,nan,nan,nan
168.1668,0.0027,0.0024,1.1984,0.1382,-0.0336,0.0924,0.2614,-0.0000,1.1041,0.2754,-0.3143,34.4756,36.6786,-0.0748,nan,nan,nan,nan
168.1950,0.0027,0.0025,1.1984,0.1382,-0.0336,0.0924,0.2615,0.0002,1.1041,0.2754,-0.2921,34.4770,36.6826,-0.0755,nan,nan,nan,nan
168.2234,0.0027,0.0026,1.1984,0.1532,-0.0333,0.0844,0.2615,0.0003,1.1041,0.2754,-0.2757,34.4770,36.6837,-0.0790,nan,nan,nan,nan
168.2604,0.0028,0.0027,1.1984,0.1680,-0.0335,0.0757,0.2615,0.0005,1.1041,0.2754,-0.2509,34.4766,36.6838,-0.0799,nan,nan,nan,nan
168.2868,0.0028,0.0028,1.1984,0.1680,-0.0335,0.0757,0.2615,0.0007,1.1041,0.2754,-0.2258,34.4768,36.6862,-0.0764,nan,nan,nan,nan
168.3147,0.0028,0.0029,1.1984,0.1825,-0.0335,0.0669,0.2616,0.0009,1.1041,0.2754,-0.2171,34.4767,36.6872,-0.0750,nan,nan,nan,nan
168.3453,0.0029,0.0030,1.1984,0.1960,-0.0339,0.0580,0.2616,0.0011,1.1041,0.2754,-0.1796,34.4744,36.6907,-0.0654,nan,nan,nan,nan
168.3799,0.0029,0.0031,1.1984,0.2080,-0.0339,0.0476,0.2616,0.0014,1.1041,0.2754,-0.1311,34.4745,36.6911,-0.0491,nan,nan,nan,nan
168.4045,0.0029,0.0032,1.1984,0.2189,-0.0341,0.0375,0.2617,0.0017,1.1041,0.2754,-0.0813,34.4756,36.6881,-0.0315,nan,nan,nan,nan
168.4264,0.0030,0.0033,1.1984,0.2189,-0.0341,0.0375,0.2617,0.0019,1.1041,0.2754,-0.0601,34.4759,36.6875,-0.0259,nan,nan,nan,nan
168.4526,0.0030,0.0033,1.1984,0.2296,-0.0342,0.0289,0.2617,0.0021,1.1041,0.2754,-0.0335,34.4769,36.6867,-0.0221,nan,nan,nan,nan
168.4882,0.0030,0.0034,1.1984,0.2405,-0.0344,0.0227,0.2618,0.0022,1.1041,0.2754,-0.0155,34.4773,36.6867,-0.0187,nan,nan,nan,nan
168.5156,0.0031,0.0035,1.1984,0.2405,-0.0344,0.0227,0.2618,0.0023,1.1041,0.2754,-0.0098,34.4768,36.6862,-0.0160,nan,nan,nan,nan
168.5360,0.0031,0.0035,1.1984,0.2519,-0.0352,0.0197,0.2618,0.0024,1.1041,0.2754,-0.0091,34.4758,36.6871,-0.0151,nan,nan,nan,nan
168.5694,0.0031,0.0036,1.1984,0.2624,-0.0362,0.0176,0.2619,0.0024,1.1041,0.2754,-0.0081,34.4728,36.6882,-0.0154,nan,nan,nan,nan
168.5978,0.0031,0.0037,1.1984,0.2712,-0.0376,0.0160,0.2619,0.0025,1.1041,0.2754,-0.0073,34.4666,36.6903,-0.0165,nan,nan,nan,nan
168.6241,0.0032,0.0037,1.1984,0.2712,-0.0376,0.0160,0.2619,0.0026,1.1041,0.2754,-0.0098,34.4628,36.6913,-0.0172,nan,nan,nan,nan
168.6464,0.0032,0.0037,1.1984,0.2792,-0.0385,0.0152,0.2619,0.0026,1.1041,0.2754,-0.0104,34.4619,36.6915,-0.0180,nan,nan,nan,nan
168.6783,0.0032,0.0038,1.1984,0.2853,-0.0390,0.0144,0.2620,0.0026,1.1041,0.2754,-0.0123,34.4579,36.6946,-0.0275,nan,nan,nan,nan
168.7101,0.0032,0.0038,1.1984,0.2896,-0.0385,0.0138,0.2620,0.0027,1.1041,0.2754,-0.0118,34.4575,36.6997,-0.0328,nan,nan,nan,nan
168.7378,0.0033,0.0038,1.1983,0.2896,-0.0385,0.0138,0.2620,0.0027,1.1041,0.2754,-0.0099,34.4581,36.7030,-0.0320,nan,nan,nan,nan
168.7627,0.0033,0.0038,1.1983,0.2919,-0.0374,0.0125,0.2620,0.0027,1.1041,0.2754,-0.0053,34.4585,36.7083,-0.0306,nan,nan,nan,nan
168.7895,0.0033,0.0038,1.1983,0.2919,-0.0358,0.0104,0.2620,0.0028,1.1041,0.2753,0.0099,34.4605,36.7182,-0.0277,nan,nan,nan,nan
168.8156,0.0033,0.0038,1.1983,0.2919,-0.0358,0.0104,0.2620,0.0028,1.1041,0.2753,0.0224,34.4612,36.7253,-0.0191,nan,nan,nan,nan
168.8430,0.0033,0.0038,1.1983,0.2905,-0.0343,0.0087,0.2620,0.0028,1.1041,0.2753,0.0279,34.4613,36.7300,-0.0146,nan,nan,nan,nan
168.8767,0.0033,0.0038,1.1983,0.2887,-0.0332,0.0091,0.2620,0.0028,1.1042,0.2753,0.0296,34.4603,36.7385,-0.0128,nan,nan,nan,nan
168.8989,0.0034,0.0038,1.1983,0.2887,-0.0332,0.0091,0.2620,0.0028,1.1042,0.2753,0.0273,34.4588,36.7453,-0.0091,nan,nan,nan,nan
168.9262,0.0034,0.0037,1.1983,0.2866,-0.0323,0.0106,0.2620,0.0028,1.1042,0.2753,0.0245,34.4577,36.7503,-0.0072,nan,nan,nan,nan
168.9550,0.0034,0.0037,1.1983,0.2838,-0.0315,0.0128,0.2620,0.0027,1.1042,0.2753,0.0185,34.4563,36.7582,-0.0064,nan,nan,nan,nan
168.9823,0.0034,0.0037,1.1983,0.2838,-0.0315,0.0128,0.2621,0.0027,1.1042,0.2752,0.0130,34.4566,36.7602,-0.0060,nan,nan,nan,nan
169.0111,0.0034,0.0036,1.1983,0.2796,-0.0303,0.0157,0.2621,0.0026,1.1042,0.2752,0.0061,34.4583,36.7611,-0.0075,nan,nan,nan,nan
169.0473,0.0034,0.0036,1.1983,0.2737,-0.0285,0.0182,0.2621,0.0025,1.1042,0.2752,0.0020,34.4616,36.7625,-0.0083,nan,nan,nan,nan
169.0740,0.0034,0.0035,1.1983,0.2737,-0.0285,0.0182,0.2621,0.0025,1.1042,0.2752,0.0018,34.4627,36.7643,-0.0090,nan,nan,nan,nan
169.0965,0.0035,0.0035,1.1983,0.2659,-0.0269,0.0201,0.2621,0.0024,1.1042,0.2752,0.0024,34.4642,36.7660,-0.0093,nan,nan,nan,nan
169.1327,0.0035,0.0034,1.1983,0.2567,-0.0253,0.0216,0.2621,0.0024,1.1042,0.2752,0.0052,34.4662,36.7666,-0.0100,nan,nan,nan,nan
169.1545,0.0035,0.0033,1.1983,0.2567,-0.0253,0.0216,0.2621,0.0023,1.1042,0.2752,0.0092,34.4679,36.7658,-0.0116,nan,nan,nan,nan
169.1821,0.0035,0.0033,1.1983,0.2455,-0.0236,0.0224,0.2621,0.0023,1.1042,0.2752,0.0140,34.4692,36.7664,-0.0144,nan,nan,nan,nan
169.2181,0.0035,0.0032,1.1983,0.2329,-0.0221,0.0235,0.2621,0.0022,1.1042,0.2752,0.0233,34.4706,36.7647,-0.0168,nan,nan,nan,nan
169.2463,0.0035,0.0031,1.1983,0.2329,-0.0221,0.0235,0.2621,0.0021,1.1042,0.2752,0.0293,34.4714,36.7611,-0.0131,nan,nan,nan,nan
169.2751,0.0035,0.0030,1.1983,0.2191,-0.0208,0.0242,0.2621,0.0021,1.1042,0.2752,0.0392,34.4726,36.7581,-0.0105,nan,nan,nan,nan
169.3087,0.0035,0.0029,1.1983,0.2041,-0.0193,0.0246,0.2622,0.0020,1.1042,0.2752,0.0499,34.4738,36.7583,-0.0089,nan,nan,nan,nan
169.3352,0.0035,0.0028,1.1983,0.2041,-0.0193,0.0246,0.2622,0.0019,1.1042,0.2752,0.0609,34.4761,36.7602,-0.0091,nan,nan,nan,nan
169.3637,0.0035,0.0027,1.1983,0.1876,-0.0172,0.0255,0.2622,0.0019,1.1042,0.2752,0.0677,34.4794,36.7629,-0.0084,nan,nan,nan,nan
169.3988,0.0035,0.0026,1.1983,0.1707,-0.0147,0.0268,0.2622,0.0019,1.1042,0.2752,0.0765,34.4858,36.7659,-0.0068,nan,nan,nan,nan
169.4350,0.0035,0.0024,1.1983,0.1539,-0.0128,0.0292,0.2622,0.0019,1.1042,0.2752,0.0808,34.4933,36.7657,-0.0087,nan,nan,nan,nan
169.4611,0.0036,0.0023,1.1983,0.1539,-0.0128,0.0292,0.2622,0.0019,1.1042,0.2752,0.0794,34.4952,36.7655,-0.0132,nan,nan,nan,nan
169.4833,0.0036,0.0022,1.1983,0.1370,-0.0118,0.0333,0.2622,0.0019,1.1042,0.2752,0.0711,34.4966,36.7664,-0.0141,nan,nan,nan,nan
169.5151,0.0036,0.0021,1.1983,0.1202,-0.0115,0.0387,0.2622,0.0019,1.1042,0.2752,0.0607,34.4972,36.7682,-0.0085,nan,nan,nan,nan
169.5409,0.0036,0.0019,1.1983,0.1202,-0.0115,0.0387,0.2622,0.0019,1.1042,0.2752,0.0527,34.4967,36.7714,-0.0020,nan,nan,nan,nan
169.5657,0.0036,0.0019,1.1983,0.1032,-0.0120,0.0432,0.2622,0.0019,1.1042,0.2752,0.0502,34.4963,36.7721,0.0000,nan,nan,nan,nan
169.6014,0.0036,0.0017,1.1983,0.0859,-0.0127,0.0479,0.2622,0.0019,1.1042,0.2752,0.0380,34.4956,36.7732,0.0038,nan,nan,nan,nan
169.6222,0.0036,0.0016,1.1983,0.0859,-0.0127,0.0479,0.2622,0.0019,1.1042,0.2751,0.0295,34.4954,36.7735,0.0052,nan,nan,nan,nan
169.6506,0.0036,0.0015,1.1983,0.0686,-0.0136,0.0533,0.2622,0.0019,1.1042,0.2751,0.0154,34.4951,36.7734,0.0075,nan,nan,nan,nan
169.6778,0.0036,0.0013,1.1982,0.0518,-0.0149,0.0593,0.2622,0.0019,1.1042,0.2751,-0.0008,34.4945,36.7728,0.0078,nan,nan,nan,nan
169.7045,0.0036,0.0012,1.1982,0.0350,-0.0159,0.0656,0.2622,0.0019,1.1042,0.2751,-0.0241,34.4953,36.7719,0.0067,nan,nan,nan,nan
169.7275,0.0036,0.0010,1.1983,0.0194,-0.0459,0.0709,0.2622,0.0019,1.1042,0.2751,-0.0433,34.3322,36.7477,0.0070,nan,nan,nan,nan
169.7599,0.0037,0.0008,1.1985,0.0069,-0.1196,0.0761,0.2622,0.0019,1.1042,0.2751,-0.0673,33.9242,36.6949,0.0083,nan,nan,nan,nan
169.7864,0.0037,0.0006,1.1987,-0.0029,-0.2342,0.0822,0.2622,0.0019,1.1042,0.2752,-0.1004,33.2862,36.6140,0.0079,nan,nan,nan,nan
169.8101,0.0038,0.0005,1.1990,-0.0104,-0.3779,0.0881,0.2622,0.0019,1.1042,0.2752,-0.1358,32.4717,36.5020,0.0081,nan,nan,nan,nan
169.8353,0.0039,0.0003,1.1993,-0.0104,-0.3779,0.0881,0.2622,0.0019,1.1042,0.2752,-0.1535,31.7665,36.3852,0.0068,nan,nan,nan,nan
169.8597,0.0039,0.0002,1.1995,-0.0176,-0.5438,0.0918,0.2622,0.0019,1.1042,0.2753,-0.1628,31.0087,36.2311,0.0036,nan,nan,nan,nan
169.8850,0.0039,0.0001,1.1997,-0.0261,-0.7221,0.0934,0.2622,0.0019,1.1042,0.2754,-0.1662,30.4860,36.1062,-0.0007,nan,nan,nan,nan
169.9087,0.0039,-0.0001,1.2000,-0.0261,-0.7221,0.0934,0.2622,0.0019,1.1042,0.2755,-0.1700,29.6941,35.8763,-0.0114,nan,nan,nan,nan
169.9360,0.0039,-0.0001,1.2002,-0.0346,-0.8997,0.0944,0.2622,0.0019,1.1042,0.2755,-0.1736,29.1720,35.6947,-0.0220,nan,nan,nan,nan
169.9695,0.0038,-0.0003,1.2005,-0.0430,-1.0645,0.0951,0.2622,0.0019,1.1042,0.2757,-0.1781,28.4122,35.3849,-0.0337,nan,nan,nan,nan
169.9960,0.0038,-0.0004,1.2009,-0.0430,-1.0645,0.0951,0.2622,0.0019,1.1042,0.2759,-0.1801,27.6898,35.0325,-0.0388,nan,nan,nan,nan
170.0228,0.0037,-0.0005,1.2010,-0.0529,-1.2109,0.0952,0.2622,0.0019,1.1042,0.2760,-0.1804,27.2348,34.7775,-0.0407,nan,nan,nan,nan
